activity_id,workspace,subfunction_id,subfunction,activity,aggregate_id,object_model_id,object_name,action,access_mode,approval_required,decision_required,evidence_required,secondary_aggregates
F01.01.A01,F01,F01.01,Vision & Purpose,Define purpose,AGG-02-STRATEGY,SGP-STRATEGY-FRAMEWORK,Strategy / Business Planning,create,command,false,false,true,AGG-02-OBJECTIVE
F01.01.A02,F01,F01.01,Vision & Purpose,define vision,AGG-02-STRATEGY,SGP-STRATEGY-FRAMEWORK,Strategy / Business Planning,create,command,false,false,true,AGG-02-OBJECTIVE
F01.01.A03,F01,F01.01,Vision & Purpose,establish mission,AGG-02-STRATEGY,SGP-STRATEGY-FRAMEWORK,Strategy / Business Planning,create,command,false,false,true,AGG-02-OBJECTIVE
F01.01.A04,F01,F01.01,Vision & Purpose,communicate direction,AGG-02-STRATEGY,SGP-STRATEGY-FRAMEWORK,Strategy / Business Planning,publish,command,false,false,true,AGG-02-OBJECTIVE
F01.01.A05,F01,F01.01,Vision & Purpose,review relevance,AGG-02-STRATEGY,SGP-STRATEGY-FRAMEWORK,Strategy / Business Planning,review,command,false,false,true,AGG-02-OBJECTIVE
F01.02.A01,F01,F01.02,Environmental Analysis,Monitor economic conditions,AGG-02-ASSUMPTION,SGP-ASSUMPTION,Strategic Assumption / External Evidence,monitor,query,false,false,false,AGG-03-OPPORTUNITY|AGG-02-STRATEGY
F01.02.A02,F01,F01.02,Environmental Analysis,analyse competitors,AGG-02-ASSUMPTION,SGP-ASSUMPTION,Strategic Assumption / External Evidence,analyse,query,false,false,false,AGG-03-OPPORTUNITY|AGG-02-STRATEGY
F01.02.A03,F01,F01.02,Environmental Analysis,assess markets,AGG-02-ASSUMPTION,SGP-ASSUMPTION,Strategic Assumption / External Evidence,review,command,false,false,true,AGG-03-OPPORTUNITY|AGG-02-STRATEGY
F01.02.A04,F01,F01.02,Environmental Analysis,analyse technology trends,AGG-02-ASSUMPTION,SGP-ASSUMPTION,Strategic Assumption / External Evidence,analyse,query,false,false,false,AGG-03-OPPORTUNITY|AGG-02-STRATEGY
F01.02.A05,F01,F01.02,Environmental Analysis,analyse regulatory environment,AGG-02-ASSUMPTION,SGP-ASSUMPTION,Strategic Assumption / External Evidence,analyse,query,false,false,false,AGG-03-OPPORTUNITY|AGG-02-STRATEGY
F01.02.A06,F01,F01.02,Environmental Analysis,identify opportunities/threats,AGG-02-ASSUMPTION,SGP-ASSUMPTION,Strategic Assumption / External Evidence,analyse,query,false,false,false,AGG-03-OPPORTUNITY|AGG-02-STRATEGY
F01.03.A01,F01,F01.03,Strategic Planning,Define objectives,AGG-02-STRATEGY,SGP-STRATEGY-FRAMEWORK,Strategy / Business Planning,create,command,false,false,true,AGG-02-OBJECTIVE
F01.03.A02,F01,F01.03,Strategic Planning,develop strategic options,AGG-02-STRATEGY,SGP-STRATEGY-FRAMEWORK,Strategy / Business Planning,create,command,false,false,true,AGG-02-OBJECTIVE
F01.03.A03,F01,F01.03,Strategic Planning,evaluate scenarios,AGG-02-STRATEGY,SGP-STRATEGY-FRAMEWORK,Strategy / Business Planning,review,command,false,false,true,AGG-02-OBJECTIVE
F01.03.A04,F01,F01.03,Strategic Planning,select strategy,AGG-02-STRATEGY,SGP-STRATEGY-FRAMEWORK,Strategy / Business Planning,approve,command,true,true,true,AGG-02-OBJECTIVE
F01.03.A05,F01,F01.03,Strategic Planning,establish strategic priorities,AGG-02-STRATEGY,SGP-STRATEGY-FRAMEWORK,Strategy / Business Planning,create,command,false,false,true,AGG-02-OBJECTIVE
F01.04.A01,F01,F01.04,Business Planning,Create annual plans,AGG-02-STRATEGY,SGP-STRATEGY-FRAMEWORK,Strategy / Business Planning,create,command,false,false,true,AGG-02-OBJECTIVE
F01.04.A02,F01,F01.04,Business Planning,establish business-unit plans,AGG-02-STRATEGY,SGP-STRATEGY-FRAMEWORK,Strategy / Business Planning,create,command,false,false,true,AGG-02-OBJECTIVE
F01.04.A03,F01,F01.04,Business Planning,define initiatives,AGG-02-STRATEGY,SGP-STRATEGY-FRAMEWORK,Strategy / Business Planning,create,command,false,false,true,AGG-02-OBJECTIVE
F01.04.A04,F01,F01.04,Business Planning,assign ownership,AGG-02-STRATEGY,SGP-STRATEGY-FRAMEWORK,Strategy / Business Planning,allocate,command,false,false,true,AGG-02-OBJECTIVE
F01.04.A05,F01,F01.04,Business Planning,approve plans,AGG-02-STRATEGY,SGP-STRATEGY-FRAMEWORK,Strategy / Business Planning,approve,command,true,true,true,AGG-02-OBJECTIVE
F01.05.A01,F01,F01.05,Operating Model,Define organisational capabilities,AGG-02-STRATEGY,SGP-STRATEGY-FRAMEWORK,Strategy / Business Planning,create,command,false,false,true,AGG-02-OBJECTIVE
F01.05.A02,F01,F01.05,Operating Model,design structures,AGG-02-STRATEGY,SGP-STRATEGY-FRAMEWORK,Strategy / Business Planning,execute,command,false,false,true,AGG-02-OBJECTIVE
F01.05.A03,F01,F01.05,Operating Model,determine centralisation/decentralisation,AGG-02-STRATEGY,SGP-STRATEGY-FRAMEWORK,Strategy / Business Planning,analyse,query,false,false,false,AGG-02-OBJECTIVE
F01.05.A04,F01,F01.05,Operating Model,establish shared services,AGG-02-STRATEGY,SGP-STRATEGY-FRAMEWORK,Strategy / Business Planning,create,command,false,false,true,AGG-02-OBJECTIVE
F01.05.A05,F01,F01.05,Operating Model,define accountabilities,AGG-02-STRATEGY,SGP-STRATEGY-FRAMEWORK,Strategy / Business Planning,create,command,false,false,true,AGG-02-OBJECTIVE
F01.06.A01,F01,F01.06,Goal & KPI Management,Define KPIs,AGG-02-PERFORMANCE,SGP-KPI-DEFINITION,KPI / Performance,create,command,false,false,true,AGG-02-STRATEGY
F01.06.A02,F01,F01.06,Goal & KPI Management,set targets,AGG-02-PERFORMANCE,SGP-KPI-DEFINITION,KPI / Performance,create,command,false,false,true,AGG-02-STRATEGY
F01.06.A03,F01,F01.06,Goal & KPI Management,establish baselines,AGG-02-PERFORMANCE,SGP-KPI-DEFINITION,KPI / Performance,create,command,false,false,true,AGG-02-STRATEGY
F01.06.A04,F01,F01.06,Goal & KPI Management,monitor performance,AGG-02-PERFORMANCE,SGP-KPI-DEFINITION,KPI / Performance,monitor,query,false,false,false,AGG-02-STRATEGY
F01.06.A05,F01,F01.06,Goal & KPI Management,analyse variance,AGG-02-PERFORMANCE,SGP-KPI-DEFINITION,KPI / Performance,analyse,query,false,false,false,AGG-02-STRATEGY
F01.06.A06,F01,F01.06,Goal & KPI Management,initiate corrective action,AGG-02-PERFORMANCE,SGP-KPI-DEFINITION,KPI / Performance,create,command,false,false,true,AGG-02-STRATEGY
F01.07.A01,F01,F01.07,Strategic Review,Conduct strategy reviews,AGG-02-GOVERNANCE-MEETING,SGP-GOVERNANCE-MEETING,Strategic Review / Decision,execute,command,false,false,true,AGG-02-STRATEGY|AGG-27-DECISION|AGG-02-GOVERNANCE
F01.07.A02,F01,F01.07,Strategic Review,reassess assumptions,AGG-02-GOVERNANCE-MEETING,SGP-GOVERNANCE-MEETING,Strategic Review / Decision,review,command,false,false,true,AGG-02-STRATEGY|AGG-27-DECISION|AGG-02-GOVERNANCE
F01.07.A03,F01,F01.07,Strategic Review,evaluate progress,AGG-02-GOVERNANCE-MEETING,SGP-GOVERNANCE-MEETING,Strategic Review / Decision,review,command,false,false,true,AGG-02-STRATEGY|AGG-27-DECISION|AGG-02-GOVERNANCE
F01.07.A04,F01,F01.07,Strategic Review,reprioritise initiatives,AGG-02-GOVERNANCE-MEETING,SGP-GOVERNANCE-MEETING,Strategic Review / Decision,change,command,false,true,true,AGG-02-STRATEGY|AGG-27-DECISION|AGG-02-GOVERNANCE
F01.07.A05,F01,F01.07,Strategic Review,adjust strategy,AGG-02-GOVERNANCE-MEETING,SGP-GOVERNANCE-MEETING,Strategic Review / Decision,change,command,false,false,true,AGG-02-STRATEGY|AGG-27-DECISION|AGG-02-GOVERNANCE
F01.08.A01,F01,F01.08,Scenario & Foresight Planning,Develop scenarios,AGG-02-SCENARIO,SGP-SCENARIO,Scenario / Assumption,create,command,false,false,true,AGG-02-PERFORMANCE|AGG-02-STRATEGY
F01.08.A02,F01,F01.08,Scenario & Foresight Planning,model future conditions,AGG-02-SCENARIO,SGP-SCENARIO,Scenario / Assumption,analyse,query,false,false,false,AGG-02-PERFORMANCE|AGG-02-STRATEGY
F01.08.A03,F01,F01.08,Scenario & Foresight Planning,conduct sensitivity analysis,AGG-02-SCENARIO,SGP-SCENARIO,Scenario / Assumption,execute,command,false,false,true,AGG-02-PERFORMANCE|AGG-02-STRATEGY
F01.08.A04,F01,F01.08,Scenario & Foresight Planning,develop contingency strategies,AGG-02-SCENARIO,SGP-SCENARIO,Scenario / Assumption,create,command,false,false,true,AGG-02-PERFORMANCE|AGG-02-STRATEGY
F02.01.A01,F02,F02.01,Board Governance,Schedule meetings,AGG-02-GOVERNANCE,SGP-GOVERNANCE-BODY,Governance Body / Meeting,allocate,command,false,false,true,AGG-27-DECISION
F02.01.A02,F02,F02.01,Board Governance,prepare board packs,AGG-02-GOVERNANCE,SGP-GOVERNANCE-BODY,Governance Body / Meeting,execute,command,false,false,true,AGG-27-DECISION
F02.01.A03,F02,F02.01,Board Governance,record minutes,AGG-02-GOVERNANCE,SGP-GOVERNANCE-BODY,Governance Body / Meeting,record,command,false,false,true,AGG-27-DECISION
F02.01.A04,F02,F02.01,Board Governance,manage resolutions,AGG-02-GOVERNANCE,SGP-GOVERNANCE-BODY,Governance Body / Meeting,configure,command,false,false,true,AGG-27-DECISION
F02.01.A05,F02,F02.01,Board Governance,monitor actions,AGG-02-GOVERNANCE,SGP-GOVERNANCE-BODY,Governance Body / Meeting,monitor,query,false,false,false,AGG-27-DECISION
F02.02.A01,F02,F02.02,Governance Framework,Establish governance policies,AGG-02-AUTHORITY-FRAMEWORK,SGP-AUTHORITY-FRAMEWORK,Governance / Authority Framework,create,command,false,false,true,AGG-01-AUTHORITY|AGG-02-GOVERNANCE
F02.02.A02,F02,F02.02,Governance Framework,define authorities,AGG-02-AUTHORITY-FRAMEWORK,SGP-AUTHORITY-FRAMEWORK,Governance / Authority Framework,create,command,false,false,true,AGG-01-AUTHORITY|AGG-02-GOVERNANCE
F02.02.A03,F02,F02.02,Governance Framework,assign decision rights,AGG-02-AUTHORITY-FRAMEWORK,SGP-AUTHORITY-FRAMEWORK,Governance / Authority Framework,allocate,command,false,false,true,AGG-01-AUTHORITY|AGG-02-GOVERNANCE
F02.02.A04,F02,F02.02,Governance Framework,maintain governance structure,AGG-02-AUTHORITY-FRAMEWORK,SGP-AUTHORITY-FRAMEWORK,Governance / Authority Framework,change,command,false,false,true,AGG-01-AUTHORITY|AGG-02-GOVERNANCE
F02.03.A01,F02,F02.03,Delegation of Authority,Define approval thresholds,AGG-01-AUTHORITY,AUTH-DELEGATED-AUTHORITY,Delegated Authority,create,command,true,true,true,AGG-29-AUTHORITY-CONFIG
F02.03.A02,F02,F02.03,Delegation of Authority,assign authorities,AGG-01-AUTHORITY,AUTH-DELEGATED-AUTHORITY,Delegated Authority,allocate,command,false,false,true,AGG-29-AUTHORITY-CONFIG
F02.03.A03,F02,F02.03,Delegation of Authority,maintain delegation matrix,AGG-01-AUTHORITY,AUTH-DELEGATED-AUTHORITY,Delegated Authority,change,command,false,false,true,AGG-29-AUTHORITY-CONFIG
F02.03.A04,F02,F02.03,Delegation of Authority,monitor compliance,AGG-01-AUTHORITY,AUTH-DELEGATED-AUTHORITY,Delegated Authority,monitor,query,false,false,false,AGG-29-AUTHORITY-CONFIG
F02.04.A01,F02,F02.04,Executive Management,Conduct executive reviews,AGG-02-GOVERNANCE-MEETING,SGP-GOVERNANCE-MEETING,Executive Governance / Decision,execute,command,false,false,true,AGG-27-DECISION|AGG-19-LEDGER|AGG-02-GOVERNANCE
F02.04.A02,F02,F02.04,Executive Management,make enterprise decisions,AGG-02-GOVERNANCE-MEETING,SGP-GOVERNANCE-MEETING,Executive Governance / Decision,execute,command,false,false,true,AGG-27-DECISION|AGG-19-LEDGER|AGG-02-GOVERNANCE
F02.04.A03,F02,F02.04,Executive Management,resolve escalations,AGG-02-GOVERNANCE-MEETING,SGP-GOVERNANCE-MEETING,Executive Governance / Decision,close,command,false,false,true,AGG-27-DECISION|AGG-19-LEDGER|AGG-02-GOVERNANCE
F02.04.A04,F02,F02.04,Executive Management,approve investments,AGG-02-GOVERNANCE-MEETING,SGP-GOVERNANCE-MEETING,Executive Governance / Decision,approve,command,true,true,true,AGG-27-DECISION|AGG-19-LEDGER|AGG-02-GOVERNANCE
F02.05.A01,F02,F02.05,Committee Governance,Establish committees,AGG-02-GOVERNANCE,SGP-GOVERNANCE-BODY,Governance Body / Meeting,create,command,false,false,true,AGG-27-DECISION
F02.05.A02,F02,F02.05,Committee Governance,define terms of reference,AGG-02-GOVERNANCE,SGP-GOVERNANCE-BODY,Governance Body / Meeting,create,command,false,false,true,AGG-27-DECISION
F02.05.A03,F02,F02.05,Committee Governance,schedule meetings,AGG-02-GOVERNANCE,SGP-GOVERNANCE-BODY,Governance Body / Meeting,allocate,command,false,false,true,AGG-27-DECISION
F02.05.A04,F02,F02.05,Committee Governance,record decisions,AGG-02-GOVERNANCE,SGP-GOVERNANCE-BODY,Governance Body / Meeting,record,command,false,false,true,AGG-27-DECISION
F02.05.A05,F02,F02.05,Committee Governance,track actions,AGG-02-GOVERNANCE,SGP-GOVERNANCE-BODY,Governance Body / Meeting,monitor,query,false,false,false,AGG-27-DECISION
F02.06.A01,F02,F02.06,Policy Governance,Draft policies,AGG-02-POLICY,SGP-POLICY,Policy,create,command,false,false,true,AGG-07-INFORMATION|AGG-02-GOVERNANCE
F02.06.A02,F02,F02.06,Policy Governance,review policies,AGG-02-POLICY,SGP-POLICY,Policy,review,command,false,false,true,AGG-07-INFORMATION|AGG-02-GOVERNANCE
F02.06.A03,F02,F02.06,Policy Governance,obtain approvals,AGG-02-POLICY,SGP-POLICY,Policy,execute,command,true,true,true,AGG-07-INFORMATION|AGG-02-GOVERNANCE
F02.06.A04,F02,F02.06,Policy Governance,publish policies,AGG-02-POLICY,SGP-POLICY,Policy,publish,command,true,true,true,AGG-07-INFORMATION|AGG-02-GOVERNANCE
F02.06.A05,F02,F02.06,Policy Governance,monitor adherence,AGG-02-POLICY,SGP-POLICY,Policy,monitor,query,false,false,false,AGG-07-INFORMATION|AGG-02-GOVERNANCE
F02.07.A01,F02,F02.07,Ethics Governance,Establish code of conduct,AGG-21-CASE,INTEGRITY-CASE,Integrity / Ethics Case,create,command,false,false,true,AGG-21-CONTROL|AGG-21-RISK
F02.07.A02,F02,F02.07,Ethics Governance,manage declarations,AGG-21-CASE,INTEGRITY-CASE,Integrity / Ethics Case,configure,command,false,false,true,AGG-21-CONTROL|AGG-21-RISK
F02.07.A03,F02,F02.07,Ethics Governance,monitor ethical issues,AGG-21-CASE,INTEGRITY-CASE,Integrity / Ethics Case,monitor,query,false,false,false,AGG-21-CONTROL|AGG-21-RISK
F02.07.A04,F02,F02.07,Ethics Governance,investigate breaches,AGG-21-CASE,INTEGRITY-CASE,Integrity / Ethics Case,analyse,query,false,false,false,AGG-21-CONTROL|AGG-21-RISK
F03.01.A01,F03,F03.01,Performance Framework,Establish scorecards,AGG-02-PERFORMANCE,SGP-KPI-DEFINITION,Performance Framework / KPI,create,command,false,false,true,
F03.01.A02,F03,F03.01,Performance Framework,define performance hierarchy,AGG-02-PERFORMANCE,SGP-KPI-DEFINITION,Performance Framework / KPI,create,command,false,false,true,
F03.01.A03,F03,F03.01,Performance Framework,map KPIs to objectives,AGG-02-PERFORMANCE,SGP-KPI-DEFINITION,Performance Framework / KPI,analyse,query,false,false,false,
F03.02.A01,F03,F03.02,Performance Reporting,Collect performance data,AGG-02-PERFORMANCE,SGP-PERFORMANCE-OBSERVATION,Performance Observation,receive,command,false,false,true,AGG-24-DATA
F03.02.A02,F03,F03.02,Performance Reporting,calculate metrics,AGG-02-PERFORMANCE,SGP-PERFORMANCE-SNAPSHOT,Performance Snapshot,analyse,query,false,false,false,AGG-24-DATA
F03.02.A03,F03,F03.02,Performance Reporting,publish dashboards,AGG-02-PERFORMANCE,SGP-PERFORMANCE-SNAPSHOT,Performance Snapshot,publish,command,true,true,true,AGG-24-DATA
F03.02.A04,F03,F03.02,Performance Reporting,distribute reports,AGG-02-PERFORMANCE,SGP-PERFORMANCE-SNAPSHOT,Performance Snapshot,publish,command,false,false,true,AGG-24-DATA
F03.03.A01,F03,F03.03,Variance Management,Identify variance,AGG-02-PERFORMANCE,SGP-PERFORMANCE-OBSERVATION,Performance Observation / Variance,analyse,query,false,false,false,AGG-27-DECISION
F03.03.A02,F03,F03.03,Variance Management,analyse root cause,AGG-02-PERFORMANCE,SGP-PERFORMANCE-OBSERVATION,Performance Observation / Variance,analyse,query,false,false,false,AGG-27-DECISION
F03.03.A03,F03,F03.03,Variance Management,assign corrective action,AGG-02-PERFORMANCE,SGP-PERFORMANCE-OBSERVATION,Performance Observation / Variance,allocate,command,false,false,true,AGG-27-DECISION
F03.03.A04,F03,F03.03,Variance Management,monitor recovery,AGG-02-PERFORMANCE,SGP-PERFORMANCE-OBSERVATION,Performance Observation / Variance,monitor,query,false,false,false,AGG-27-DECISION
F03.04.A01,F03,F03.04,Management Review,Conduct operational reviews,AGG-02-GOVERNANCE-MEETING,SGP-GOVERNANCE-MEETING,Management Review,execute,command,false,false,true,AGG-02-PERFORMANCE|AGG-27-DECISION|AGG-02-GOVERNANCE
F03.04.A02,F03,F03.04,Management Review,review forecasts,AGG-02-GOVERNANCE-MEETING,SGP-GOVERNANCE-MEETING,Management Review,review,command,false,false,true,AGG-02-PERFORMANCE|AGG-27-DECISION|AGG-02-GOVERNANCE
F03.04.A03,F03,F03.04,Management Review,challenge performance,AGG-02-GOVERNANCE-MEETING,SGP-GOVERNANCE-MEETING,Management Review,review,command,false,false,true,AGG-02-PERFORMANCE|AGG-27-DECISION|AGG-02-GOVERNANCE
F03.04.A04,F03,F03.04,Management Review,record decisions,AGG-02-GOVERNANCE-MEETING,SGP-GOVERNANCE-MEETING,Management Review,record,command,false,false,true,AGG-02-PERFORMANCE|AGG-27-DECISION|AGG-02-GOVERNANCE
F03.05.A01,F03,F03.05,Benchmarking,Select benchmarks,AGG-02-PERFORMANCE,SGP-PERFORMANCE-TARGET,Performance Target / Benchmark Basis,approve,command,true,true,true,AGG-24-DATA
F03.05.A02,F03,F03.05,Benchmarking,collect comparable data,AGG-02-PERFORMANCE,SGP-PERFORMANCE-OBSERVATION,Performance Observation,receive,command,false,false,true,AGG-24-DATA
F03.05.A03,F03,F03.05,Benchmarking,compare performance,AGG-02-PERFORMANCE,SGP-PERFORMANCE-SNAPSHOT,Performance Snapshot,analyse,query,false,false,false,AGG-24-DATA
F03.05.A04,F03,F03.05,Benchmarking,identify performance gaps,AGG-02-PERFORMANCE,SGP-PERFORMANCE-SNAPSHOT,Performance Snapshot,analyse,query,false,false,false,AGG-24-DATA
F03.06.A01,F03,F03.06,Benefits Realisation,Define benefits,AGG-02-PERFORMANCE,SGP-PERFORMANCE-TARGET,Benefit / Performance Target,create,command,false,false,true,AGG-26-TRANSFORMATION
F03.06.A02,F03,F03.06,Benefits Realisation,establish baselines,AGG-02-PERFORMANCE,SGP-PERFORMANCE-TARGET,Benefit / Performance Target,create,command,false,false,true,AGG-26-TRANSFORMATION
F03.06.A03,F03,F03.06,Benefits Realisation,measure benefits,AGG-02-PERFORMANCE,SGP-PERFORMANCE-TARGET,Benefit / Performance Target,monitor,query,false,false,false,AGG-26-TRANSFORMATION
F03.06.A04,F03,F03.06,Benefits Realisation,validate outcomes,AGG-02-PERFORMANCE,SGP-PERFORMANCE-TARGET,Benefit / Performance Target,review,command,false,false,true,AGG-26-TRANSFORMATION
F03.06.A05,F03,F03.06,Benefits Realisation,report realised value,AGG-02-PERFORMANCE,SGP-PERFORMANCE-TARGET,Benefit / Performance Target,execute,command,false,false,true,AGG-26-TRANSFORMATION
F04.01.A01,F04,F04.01,Opportunity Identification,Identify acquisition/merger/divestment opportunities,AGG-04-DEVELOPMENT,LDI-DEVELOPMENT-OPPORTUNITY,Corporate Development Opportunity,analyse,query,false,false,false,AGG-03-OPPORTUNITY
F04.01.A02,F04,F04.01,Opportunity Identification,screen targets,AGG-04-DEVELOPMENT,LDI-DEVELOPMENT-OPPORTUNITY,Corporate Development Opportunity,execute,command,false,false,true,AGG-03-OPPORTUNITY
F04.01.A03,F04,F04.01,Opportunity Identification,evaluate strategic fit,AGG-04-DEVELOPMENT,LDI-DEVELOPMENT-OPPORTUNITY,Corporate Development Opportunity,review,command,false,false,true,AGG-03-OPPORTUNITY
F04.02.A01,F04,F04.02,Valuation,Develop financial models,AGG-04-DEVELOPMENT,LDI-DEVELOPMENT-APPRAISAL,Investment / Development Appraisal,create,command,false,false,true,AGG-19-LEDGER
F04.02.A02,F04,F04.02,Valuation,estimate synergies,AGG-04-DEVELOPMENT,LDI-DEVELOPMENT-APPRAISAL,Investment / Development Appraisal,execute,command,false,false,true,AGG-19-LEDGER
F04.02.A03,F04,F04.02,Valuation,value businesses/assets,AGG-04-DEVELOPMENT,LDI-DEVELOPMENT-APPRAISAL,Investment / Development Appraisal,execute,command,false,false,true,AGG-19-LEDGER
F04.02.A04,F04,F04.02,Valuation,assess scenarios,AGG-04-DEVELOPMENT,LDI-DEVELOPMENT-APPRAISAL,Investment / Development Appraisal,review,command,false,false,true,AGG-19-LEDGER
F04.03.A01,F04,F04.03,Due Diligence,Review finance,AGG-22-LEGAL,LEGAL-MATTER,Due Diligence Matter,review,command,false,false,true,AGG-21-RISK|AGG-04-DEVELOPMENT
F04.03.A02,F04,F04.03,Due Diligence,operations,AGG-22-LEGAL,LEGAL-MATTER,Due Diligence Matter,execute,command,false,false,true,AGG-21-RISK|AGG-04-DEVELOPMENT
F04.03.A03,F04,F04.03,Due Diligence,technology,AGG-22-LEGAL,LEGAL-MATTER,Due Diligence Matter,execute,command,false,false,true,AGG-21-RISK|AGG-04-DEVELOPMENT
F04.03.A04,F04,F04.03,Due Diligence,people,AGG-22-LEGAL,LEGAL-MATTER,Due Diligence Matter,execute,command,false,false,true,AGG-21-RISK|AGG-04-DEVELOPMENT
F04.03.A05,F04,F04.03,Due Diligence,legal,AGG-22-LEGAL,LEGAL-MATTER,Due Diligence Matter,execute,command,false,false,true,AGG-21-RISK|AGG-04-DEVELOPMENT
F04.03.A06,F04,F04.03,Due Diligence,tax,AGG-22-LEGAL,LEGAL-MATTER,Due Diligence Matter,execute,command,false,false,true,AGG-21-RISK|AGG-04-DEVELOPMENT
F04.03.A07,F04,F04.03,Due Diligence,commercial and risk information,AGG-22-LEGAL,LEGAL-MATTER,Due Diligence Matter,execute,command,false,false,true,AGG-21-RISK|AGG-04-DEVELOPMENT
F04.04.A01,F04,F04.04,Transaction Management,Structure transaction,AGG-04-BUSINESS-CASE,LDI-BUSINESS-CASE,Investment / Transaction Business Case,execute,command,false,false,true,AGG-22-LEGAL|AGG-19-LEDGER|AGG-27-DECISION|AGG-04-DEVELOPMENT
F04.04.A02,F04,F04.04,Transaction Management,negotiate terms,AGG-04-BUSINESS-CASE,LDI-BUSINESS-CASE,Investment / Transaction Business Case,execute,command,false,false,true,AGG-22-LEGAL|AGG-19-LEDGER|AGG-27-DECISION|AGG-04-DEVELOPMENT
F04.04.A03,F04,F04.04,Transaction Management,obtain approvals,AGG-04-BUSINESS-CASE,LDI-BUSINESS-CASE,Investment / Transaction Business Case,execute,command,true,true,true,AGG-22-LEGAL|AGG-19-LEDGER|AGG-27-DECISION|AGG-04-DEVELOPMENT
F04.04.A04,F04,F04.04,Transaction Management,execute agreements,AGG-04-BUSINESS-CASE,LDI-BUSINESS-CASE,Investment / Transaction Business Case,execute,command,false,false,true,AGG-22-LEGAL|AGG-19-LEDGER|AGG-27-DECISION|AGG-04-DEVELOPMENT
F04.04.A05,F04,F04.04,Transaction Management,complete transaction,AGG-04-BUSINESS-CASE,LDI-BUSINESS-CASE,Investment / Transaction Business Case,close,command,false,false,true,AGG-22-LEGAL|AGG-19-LEDGER|AGG-27-DECISION|AGG-04-DEVELOPMENT
F04.05.A01,F04,F04.05,Integration,Develop integration plan,AGG-26-TRANSFORMATION,TRANS-INITIATIVE,Integration / Transformation Initiative,create,command,false,false,true,AGG-01-ORG-STRUCTURE
F04.05.A02,F04,F04.05,Integration,integrate organisations,AGG-26-TRANSFORMATION,TRANS-INITIATIVE,Integration / Transformation Initiative,execute,command,false,false,true,AGG-01-ORG-STRUCTURE
F04.05.A03,F04,F04.05,Integration,consolidate systems,AGG-26-TRANSFORMATION,TRANS-INITIATIVE,Integration / Transformation Initiative,execute,command,false,false,true,AGG-01-ORG-STRUCTURE
F04.05.A04,F04,F04.05,Integration,harmonise policies,AGG-26-TRANSFORMATION,TRANS-INITIATIVE,Integration / Transformation Initiative,execute,command,false,false,true,AGG-01-ORG-STRUCTURE
F04.06.A01,F04,F04.06,Divestiture,Define separation perimeter,AGG-04-BUSINESS-CASE,LDI-BUSINESS-CASE,Investment / Transaction Business Case,create,command,false,false,true,AGG-22-LEGAL|AGG-19-LEDGER|AGG-27-DECISION|AGG-04-DEVELOPMENT
F04.06.A02,F04,F04.06,Divestiture,prepare carve-out,AGG-04-BUSINESS-CASE,LDI-BUSINESS-CASE,Investment / Transaction Business Case,execute,command,false,false,true,AGG-22-LEGAL|AGG-19-LEDGER|AGG-27-DECISION|AGG-04-DEVELOPMENT
F04.06.A03,F04,F04.06,Divestiture,transfer assets,AGG-04-BUSINESS-CASE,LDI-BUSINESS-CASE,Investment / Transaction Business Case,execute,command,false,false,true,AGG-22-LEGAL|AGG-19-LEDGER|AGG-27-DECISION|AGG-04-DEVELOPMENT
F04.06.A04,F04,F04.06,Divestiture,separate systems,AGG-04-BUSINESS-CASE,LDI-BUSINESS-CASE,Investment / Transaction Business Case,execute,command,false,false,true,AGG-22-LEGAL|AGG-19-LEDGER|AGG-27-DECISION|AGG-04-DEVELOPMENT
F04.06.A05,F04,F04.06,Divestiture,complete disposal,AGG-04-BUSINESS-CASE,LDI-BUSINESS-CASE,Investment / Transaction Business Case,close,command,false,false,true,AGG-22-LEGAL|AGG-19-LEDGER|AGG-27-DECISION|AGG-04-DEVELOPMENT
F04.07.A01,F04,F04.07,Strategic Partnerships,Identify partners,AGG-04-BUSINESS-CASE,LDI-BUSINESS-CASE,Investment / Transaction Business Case,analyse,query,false,false,false,AGG-22-LEGAL|AGG-19-LEDGER|AGG-27-DECISION|AGG-04-DEVELOPMENT
F04.07.A02,F04,F04.07,Strategic Partnerships,assess fit,AGG-04-BUSINESS-CASE,LDI-BUSINESS-CASE,Investment / Transaction Business Case,review,command,false,false,true,AGG-22-LEGAL|AGG-19-LEDGER|AGG-27-DECISION|AGG-04-DEVELOPMENT
F04.07.A03,F04,F04.07,Strategic Partnerships,negotiate alliance,AGG-04-BUSINESS-CASE,LDI-BUSINESS-CASE,Investment / Transaction Business Case,execute,command,false,false,true,AGG-22-LEGAL|AGG-19-LEDGER|AGG-27-DECISION|AGG-04-DEVELOPMENT
F04.07.A04,F04,F04.07,Strategic Partnerships,establish governance,AGG-04-BUSINESS-CASE,LDI-BUSINESS-CASE,Investment / Transaction Business Case,create,command,false,false,true,AGG-22-LEGAL|AGG-19-LEDGER|AGG-27-DECISION|AGG-04-DEVELOPMENT
F04.07.A05,F04,F04.07,Strategic Partnerships,monitor partnership,AGG-04-BUSINESS-CASE,LDI-BUSINESS-CASE,Investment / Transaction Business Case,monitor,query,false,false,false,AGG-22-LEGAL|AGG-19-LEDGER|AGG-27-DECISION|AGG-04-DEVELOPMENT
F05.01.A01,F05,F05.01,Portfolio Strategy,Define portfolio,AGG-04-BUSINESS-CASE,LDI-BUSINESS-CASE,Product / Service Business Case,create,command,false,false,true,AGG-02-STRATEGY|AGG-04-DEVELOPMENT
F05.01.A02,F05,F05.01,Portfolio Strategy,classify offerings,AGG-04-BUSINESS-CASE,LDI-BUSINESS-CASE,Product / Service Business Case,execute,command,false,false,true,AGG-02-STRATEGY|AGG-04-DEVELOPMENT
F05.01.A03,F05,F05.01,Portfolio Strategy,analyse portfolio performance,AGG-04-BUSINESS-CASE,LDI-BUSINESS-CASE,Product / Service Business Case,analyse,query,false,false,false,AGG-02-STRATEGY|AGG-04-DEVELOPMENT
F05.01.A04,F05,F05.01,Portfolio Strategy,identify gaps,AGG-04-BUSINESS-CASE,LDI-BUSINESS-CASE,Product / Service Business Case,analyse,query,false,false,false,AGG-02-STRATEGY|AGG-04-DEVELOPMENT
F05.01.A05,F05,F05.01,Portfolio Strategy,prioritise investment,AGG-04-BUSINESS-CASE,LDI-BUSINESS-CASE,Product / Service Business Case,execute,command,false,true,true,AGG-02-STRATEGY|AGG-04-DEVELOPMENT
F05.02.A01,F05,F05.02,Market / Customer Needs,Conduct research,AGG-03-MARKET-INSIGHT,CRM-MARKET-INSIGHT,Market / Customer Need,execute,command,false,false,true,AGG-07-ENGINEERING-REQUIREMENTS|AGG-03-OPPORTUNITY
F05.02.A02,F05,F05.02,Market / Customer Needs,gather requirements,AGG-03-MARKET-INSIGHT,CRM-MARKET-INSIGHT,Market / Customer Need,execute,command,false,false,true,AGG-07-ENGINEERING-REQUIREMENTS|AGG-03-OPPORTUNITY
F05.02.A03,F05,F05.02,Market / Customer Needs,analyse customer problems,AGG-03-MARKET-INSIGHT,CRM-MARKET-INSIGHT,Market / Customer Need,analyse,query,false,false,false,AGG-07-ENGINEERING-REQUIREMENTS|AGG-03-OPPORTUNITY
F05.02.A04,F05,F05.02,Market / Customer Needs,identify unmet needs,AGG-03-MARKET-INSIGHT,CRM-MARKET-INSIGHT,Market / Customer Need,analyse,query,false,false,false,AGG-07-ENGINEERING-REQUIREMENTS|AGG-03-OPPORTUNITY
F05.03.A01,F05,F05.03,Product / Service Ideation,Capture ideas,AGG-10-ITEM,CBO-ITEM,Product / Service Concept,create,command,false,false,true,AGG-04-DEVELOPMENT
F05.03.A02,F05,F05.03,Product / Service Ideation,assess opportunities,AGG-10-ITEM,CBO-ITEM,Product / Service Concept,review,command,false,false,true,AGG-04-DEVELOPMENT
F05.03.A03,F05,F05.03,Product / Service Ideation,evaluate feasibility,AGG-10-ITEM,CBO-ITEM,Product / Service Concept,review,command,false,false,true,AGG-04-DEVELOPMENT
F05.03.A04,F05,F05.03,Product / Service Ideation,score ideas,AGG-10-ITEM,CBO-ITEM,Product / Service Concept,execute,command,false,false,true,AGG-04-DEVELOPMENT
F05.03.A05,F05,F05.03,Product / Service Ideation,select concepts,AGG-10-ITEM,CBO-ITEM,Product / Service Concept,approve,command,true,true,true,AGG-04-DEVELOPMENT
F05.04.A01,F05,F05.04,Business Case Development,Forecast demand,AGG-04-BUSINESS-CASE,LDI-BUSINESS-CASE,Product / Service Business Case,analyse,query,false,false,false,AGG-02-STRATEGY|AGG-04-DEVELOPMENT
F05.04.A02,F05,F05.04,Business Case Development,estimate costs,AGG-04-BUSINESS-CASE,LDI-BUSINESS-CASE,Product / Service Business Case,execute,command,false,false,true,AGG-02-STRATEGY|AGG-04-DEVELOPMENT
F05.04.A03,F05,F05.04,Business Case Development,calculate ROI,AGG-04-BUSINESS-CASE,LDI-BUSINESS-CASE,Product / Service Business Case,analyse,query,false,false,false,AGG-02-STRATEGY|AGG-04-DEVELOPMENT
F05.04.A04,F05,F05.04,Business Case Development,assess risk,AGG-04-BUSINESS-CASE,LDI-BUSINESS-CASE,Product / Service Business Case,review,command,false,false,true,AGG-02-STRATEGY|AGG-04-DEVELOPMENT
F05.04.A05,F05,F05.04,Business Case Development,approve investment,AGG-04-BUSINESS-CASE,LDI-BUSINESS-CASE,Product / Service Business Case,approve,command,true,true,true,AGG-02-STRATEGY|AGG-04-DEVELOPMENT
F05.05.A01,F05,F05.05,Product / Service Design,Define requirements,AGG-10-CONFIGURATION,CFG-PRODUCT-CONFIG-MODEL,Product / Service Definition,create,command,false,false,true,AGG-07-ENGINEERING-REQUIREMENTS|AGG-07-ENGINEERING-MODEL
F05.05.A02,F05,F05.05,Product / Service Design,design offering,AGG-10-CONFIGURATION,CFG-PRODUCT-CONFIG-MODEL,Product / Service Definition,execute,command,false,false,true,AGG-07-ENGINEERING-REQUIREMENTS|AGG-07-ENGINEERING-MODEL
F05.05.A03,F05,F05.05,Product / Service Design,create specifications,AGG-10-CONFIGURATION,CFG-PRODUCT-CONFIG-MODEL,Product / Service Definition,create,command,false,false,true,AGG-07-ENGINEERING-REQUIREMENTS|AGG-07-ENGINEERING-MODEL
F05.05.A04,F05,F05.05,Product / Service Design,prototype,AGG-10-CONFIGURATION,CFG-PRODUCT-CONFIG-MODEL,Product / Service Definition,execute,command,false,false,true,AGG-07-ENGINEERING-REQUIREMENTS|AGG-07-ENGINEERING-MODEL
F05.05.A05,F05,F05.05,Product / Service Design,test,AGG-10-CONFIGURATION,CFG-PRODUCT-CONFIG-MODEL,Product / Service Definition,review,command,false,false,true,AGG-07-ENGINEERING-REQUIREMENTS|AGG-07-ENGINEERING-MODEL
F05.06.A01,F05,F05.06,Development,Build product/service,AGG-10-CONFIGURATION,CFG-PRODUCT-CONFIG-MODEL,Product / Service Definition,create,command,false,false,true,AGG-07-ENGINEERING-REQUIREMENTS|AGG-07-ENGINEERING-MODEL
F05.06.A02,F05,F05.06,Development,configure solution,AGG-10-CONFIGURATION,CFG-PRODUCT-CONFIG-MODEL,Product / Service Definition,configure,command,false,false,true,AGG-07-ENGINEERING-REQUIREMENTS|AGG-07-ENGINEERING-MODEL
F05.06.A03,F05,F05.06,Development,conduct trials,AGG-10-CONFIGURATION,CFG-PRODUCT-CONFIG-MODEL,Product / Service Definition,execute,command,false,false,true,AGG-07-ENGINEERING-REQUIREMENTS|AGG-07-ENGINEERING-MODEL
F05.06.A04,F05,F05.06,Development,validate requirements,AGG-10-CONFIGURATION,CFG-PRODUCT-CONFIG-MODEL,Product / Service Definition,review,command,false,false,true,AGG-07-ENGINEERING-REQUIREMENTS|AGG-07-ENGINEERING-MODEL
F05.07.A01,F05,F05.07,Launch Management,Develop launch plan,AGG-10-ITEM,CBO-ITEM,Item / Offering,create,command,false,false,true,AGG-03-OPPORTUNITY|AGG-10-PLANNING
F05.07.A02,F05,F05.07,Launch Management,prepare channels,AGG-10-ITEM,CBO-ITEM,Item / Offering,execute,command,false,false,true,AGG-03-OPPORTUNITY|AGG-10-PLANNING
F05.07.A03,F05,F05.07,Launch Management,train teams,AGG-10-ITEM,CBO-ITEM,Item / Offering,execute,command,false,false,true,AGG-03-OPPORTUNITY|AGG-10-PLANNING
F05.07.A04,F05,F05.07,Launch Management,establish pricing,AGG-10-ITEM,CBO-ITEM,Item / Offering,create,command,false,false,true,AGG-03-OPPORTUNITY|AGG-10-PLANNING
F05.07.A05,F05,F05.07,Launch Management,launch offering,AGG-10-ITEM,CBO-ITEM,Item / Offering,execute,command,false,false,true,AGG-03-OPPORTUNITY|AGG-10-PLANNING
F05.08.A01,F05,F05.08,Lifecycle Management,Monitor adoption,AGG-10-ITEM,CBO-ITEM,Item Lifecycle,monitor,query,false,false,false,AGG-10-CONFIGURATION
F05.08.A02,F05,F05.08,Lifecycle Management,manage enhancements,AGG-10-ITEM,CBO-ITEM,Item Lifecycle,configure,command,false,false,true,AGG-10-CONFIGURATION
F05.08.A03,F05,F05.08,Lifecycle Management,change specifications,AGG-10-ITEM,CBO-ITEM,Item Lifecycle,change,command,false,false,true,AGG-10-CONFIGURATION
F05.08.A04,F05,F05.08,Lifecycle Management,optimise portfolio,AGG-10-ITEM,CBO-ITEM,Item Lifecycle,execute,command,false,false,true,AGG-10-CONFIGURATION
F05.09.A01,F05,F05.09,Product Retirement,Determine end-of-life,AGG-10-ITEM,CBO-ITEM,Item Lifecycle,analyse,query,false,false,false,AGG-10-CONFIGURATION
F05.09.A02,F05,F05.09,Product Retirement,notify stakeholders,AGG-10-ITEM,CBO-ITEM,Item Lifecycle,issue,command,false,false,true,AGG-10-CONFIGURATION
F05.09.A03,F05,F05.09,Product Retirement,migrate customers,AGG-10-ITEM,CBO-ITEM,Item Lifecycle,execute,command,false,false,true,AGG-10-CONFIGURATION
F05.09.A04,F05,F05.09,Product Retirement,discontinue support,AGG-10-ITEM,CBO-ITEM,Item Lifecycle,execute,command,false,false,true,AGG-10-CONFIGURATION
F05.09.A05,F05,F05.09,Product Retirement,archive records,AGG-10-ITEM,CBO-ITEM,Item Lifecycle,retire,command,false,false,true,AGG-10-CONFIGURATION
F05.10.A01,F05,F05.10,Innovation Management,Maintain innovation pipeline,AGG-04-BUSINESS-CASE,LDI-BUSINESS-CASE,Product / Service Business Case,change,command,false,false,true,AGG-02-STRATEGY|AGG-04-DEVELOPMENT
F05.10.A02,F05,F05.10,Innovation Management,run experiments,AGG-04-BUSINESS-CASE,LDI-BUSINESS-CASE,Product / Service Business Case,execute,command,false,false,true,AGG-02-STRATEGY|AGG-04-DEVELOPMENT
F05.10.A03,F05,F05.10,Innovation Management,incubate concepts,AGG-04-BUSINESS-CASE,LDI-BUSINESS-CASE,Product / Service Business Case,execute,command,false,false,true,AGG-02-STRATEGY|AGG-04-DEVELOPMENT
F05.10.A04,F05,F05.10,Innovation Management,manage innovation funding,AGG-04-BUSINESS-CASE,LDI-BUSINESS-CASE,Product / Service Business Case,configure,command,false,false,true,AGG-02-STRATEGY|AGG-04-DEVELOPMENT
F06.01.A01,F06,F06.01,Market Intelligence,Research markets,AGG-03-MARKET-INSIGHT,CRM-MARKET-INSIGHT,Market Insight / Segment,execute,command,false,false,true,AGG-24-DATA|AGG-03-OPPORTUNITY
F06.01.A02,F06,F06.01,Market Intelligence,analyse segments,AGG-03-MARKET-INSIGHT,CRM-MARKET-INSIGHT,Market Insight / Segment,analyse,query,false,false,false,AGG-24-DATA|AGG-03-OPPORTUNITY
F06.01.A03,F06,F06.01,Market Intelligence,monitor competitors,AGG-03-MARKET-INSIGHT,CRM-MARKET-INSIGHT,Market Insight / Segment,monitor,query,false,false,false,AGG-24-DATA|AGG-03-OPPORTUNITY
F06.01.A04,F06,F06.01,Market Intelligence,forecast trends,AGG-03-MARKET-INSIGHT,CRM-MARKET-INSIGHT,Market Insight / Segment,analyse,query,false,false,false,AGG-24-DATA|AGG-03-OPPORTUNITY
F06.02.A01,F06,F06.02,Customer Segmentation,Define segments,AGG-03-MARKET-INSIGHT,CRM-MARKET-INSIGHT,Market Insight / Segment,create,command,false,false,true,AGG-24-DATA|AGG-03-OPPORTUNITY
F06.02.A02,F06,F06.02,Customer Segmentation,profile audiences,AGG-03-MARKET-INSIGHT,CRM-MARKET-INSIGHT,Market Insight / Segment,execute,command,false,false,true,AGG-24-DATA|AGG-03-OPPORTUNITY
F06.02.A03,F06,F06.02,Customer Segmentation,evaluate segment value,AGG-03-MARKET-INSIGHT,CRM-MARKET-INSIGHT,Market Insight / Segment,review,command,false,false,true,AGG-24-DATA|AGG-03-OPPORTUNITY
F06.02.A04,F06,F06.02,Customer Segmentation,maintain segmentation,AGG-03-MARKET-INSIGHT,CRM-MARKET-INSIGHT,Market Insight / Segment,change,command,false,false,true,AGG-24-DATA|AGG-03-OPPORTUNITY
F06.03.A01,F06,F06.03,Brand Management,Define brand,AGG-25-COMMUNICATIONS,KRC-COMMS-PLAN,Brand / Marketing Plan,create,command,false,false,true,AGG-02-STRATEGY
F06.03.A02,F06,F06.03,Brand Management,establish guidelines,AGG-25-COMMUNICATIONS,KRC-COMMS-PLAN,Brand / Marketing Plan,create,command,false,false,true,AGG-02-STRATEGY
F06.03.A03,F06,F06.03,Brand Management,manage brand assets,AGG-25-COMMUNICATIONS,KRC-COMMS-PLAN,Brand / Marketing Plan,configure,command,false,false,true,AGG-02-STRATEGY
F06.03.A04,F06,F06.03,Brand Management,monitor brand perception,AGG-25-COMMUNICATIONS,KRC-COMMS-PLAN,Brand / Marketing Plan,monitor,query,false,false,false,AGG-02-STRATEGY
F06.04.A01,F06,F06.04,Marketing Strategy,Define objectives,AGG-25-COMMUNICATIONS,KRC-COMMS-PLAN,Brand / Marketing Plan,create,command,false,false,true,AGG-02-STRATEGY
F06.04.A02,F06,F06.04,Marketing Strategy,select markets,AGG-25-COMMUNICATIONS,KRC-COMMS-PLAN,Brand / Marketing Plan,approve,command,true,true,true,AGG-02-STRATEGY
F06.04.A03,F06,F06.04,Marketing Strategy,determine positioning,AGG-25-COMMUNICATIONS,KRC-COMMS-PLAN,Brand / Marketing Plan,analyse,query,false,false,false,AGG-02-STRATEGY
F06.04.A04,F06,F06.04,Marketing Strategy,establish channel strategy,AGG-25-COMMUNICATIONS,KRC-COMMS-PLAN,Brand / Marketing Plan,create,command,false,false,true,AGG-02-STRATEGY
F06.05.A01,F06,F06.05,Campaign Management,Plan campaigns,AGG-25-COMMS-CAMPAIGN,KRC-COMMS-CAMPAIGN,Marketing / Communications Campaign,allocate,command,false,false,true,AGG-07-INFORMATION|AGG-25-COMMUNICATIONS
F06.05.A02,F06,F06.05,Campaign Management,create content,AGG-25-COMMS-CAMPAIGN,KRC-COMMS-CAMPAIGN,Marketing / Communications Campaign,create,command,false,false,true,AGG-07-INFORMATION|AGG-25-COMMUNICATIONS
F06.05.A03,F06,F06.05,Campaign Management,approve campaigns,AGG-25-COMMS-CAMPAIGN,KRC-COMMS-CAMPAIGN,Marketing / Communications Campaign,approve,command,true,true,true,AGG-07-INFORMATION|AGG-25-COMMUNICATIONS
F06.05.A04,F06,F06.05,Campaign Management,execute,AGG-25-COMMS-CAMPAIGN,KRC-COMMS-CAMPAIGN,Marketing / Communications Campaign,execute,command,false,false,true,AGG-07-INFORMATION|AGG-25-COMMUNICATIONS
F06.05.A05,F06,F06.05,Campaign Management,monitor,AGG-25-COMMS-CAMPAIGN,KRC-COMMS-CAMPAIGN,Marketing / Communications Campaign,monitor,query,false,false,false,AGG-07-INFORMATION|AGG-25-COMMUNICATIONS
F06.05.A06,F06,F06.05,Campaign Management,optimise,AGG-25-COMMS-CAMPAIGN,KRC-COMMS-CAMPAIGN,Marketing / Communications Campaign,execute,command,false,false,true,AGG-07-INFORMATION|AGG-25-COMMUNICATIONS
F06.06.A01,F06,F06.06,Digital Marketing,Manage websites,AGG-25-COMMS-CAMPAIGN,KRC-COMMS-CAMPAIGN,Marketing / Communications Campaign,configure,command,false,false,true,AGG-07-INFORMATION|AGG-25-COMMUNICATIONS
F06.06.A02,F06,F06.06,Digital Marketing,SEO,AGG-25-COMMS-CAMPAIGN,KRC-COMMS-CAMPAIGN,Marketing / Communications Campaign,execute,command,false,false,true,AGG-07-INFORMATION|AGG-25-COMMUNICATIONS
F06.06.A03,F06,F06.06,Digital Marketing,paid media,AGG-25-COMMS-CAMPAIGN,KRC-COMMS-CAMPAIGN,Marketing / Communications Campaign,execute,command,false,false,true,AGG-07-INFORMATION|AGG-25-COMMUNICATIONS
F06.06.A04,F06,F06.06,Digital Marketing,social media,AGG-25-COMMS-CAMPAIGN,KRC-COMMS-CAMPAIGN,Marketing / Communications Campaign,execute,command,false,false,true,AGG-07-INFORMATION|AGG-25-COMMUNICATIONS
F06.06.A05,F06,F06.06,Digital Marketing,email,AGG-25-COMMS-CAMPAIGN,KRC-COMMS-CAMPAIGN,Marketing / Communications Campaign,execute,command,false,false,true,AGG-07-INFORMATION|AGG-25-COMMUNICATIONS
F06.06.A06,F06,F06.06,Digital Marketing,marketing automation,AGG-25-COMMS-CAMPAIGN,KRC-COMMS-CAMPAIGN,Marketing / Communications Campaign,execute,command,false,false,true,AGG-07-INFORMATION|AGG-25-COMMUNICATIONS
F06.07.A01,F06,F06.07,Content Marketing,Define content strategy,AGG-25-COMMS-CAMPAIGN,KRC-COMMS-CAMPAIGN,Marketing / Communications Campaign,create,command,false,false,true,AGG-07-INFORMATION|AGG-25-COMMUNICATIONS
F06.07.A02,F06,F06.07,Content Marketing,create assets,AGG-25-COMMS-CAMPAIGN,KRC-COMMS-CAMPAIGN,Marketing / Communications Campaign,create,command,false,false,true,AGG-07-INFORMATION|AGG-25-COMMUNICATIONS
F06.07.A03,F06,F06.07,Content Marketing,approve content,AGG-25-COMMS-CAMPAIGN,KRC-COMMS-CAMPAIGN,Marketing / Communications Campaign,approve,command,true,true,true,AGG-07-INFORMATION|AGG-25-COMMUNICATIONS
F06.07.A04,F06,F06.07,Content Marketing,publish,AGG-25-COMMS-CAMPAIGN,KRC-COMMS-CAMPAIGN,Marketing / Communications Campaign,publish,command,true,true,true,AGG-07-INFORMATION|AGG-25-COMMUNICATIONS
F06.07.A05,F06,F06.07,Content Marketing,maintain content library,AGG-25-COMMS-CAMPAIGN,KRC-COMMS-CAMPAIGN,Marketing / Communications Campaign,change,command,false,false,true,AGG-07-INFORMATION|AGG-25-COMMUNICATIONS
F06.08.A01,F06,F06.08,Events,Plan events,AGG-25-COMMS-CAMPAIGN,KRC-COMMS-CAMPAIGN,Marketing / Communications Campaign,allocate,command,false,false,true,AGG-07-INFORMATION|AGG-25-COMMUNICATIONS
F06.08.A02,F06,F06.08,Events,manage registrations,AGG-25-COMMS-CAMPAIGN,KRC-COMMS-CAMPAIGN,Marketing / Communications Campaign,configure,command,false,false,true,AGG-07-INFORMATION|AGG-25-COMMUNICATIONS
F06.08.A03,F06,F06.08,Events,coordinate suppliers,AGG-25-COMMS-CAMPAIGN,KRC-COMMS-CAMPAIGN,Marketing / Communications Campaign,execute,command,false,false,true,AGG-07-INFORMATION|AGG-25-COMMUNICATIONS
F06.08.A04,F06,F06.08,Events,deliver events,AGG-25-COMMS-CAMPAIGN,KRC-COMMS-CAMPAIGN,Marketing / Communications Campaign,execute,command,false,false,true,AGG-07-INFORMATION|AGG-25-COMMUNICATIONS
F06.08.A05,F06,F06.08,Events,evaluate outcomes,AGG-25-COMMS-CAMPAIGN,KRC-COMMS-CAMPAIGN,Marketing / Communications Campaign,review,command,false,false,true,AGG-07-INFORMATION|AGG-25-COMMUNICATIONS
F06.09.A01,F06,F06.09,Lead Generation,Capture leads,AGG-03-LEAD,CRM-LEAD,Lead,create,command,false,false,true,AGG-25-COMMUNICATIONS|AGG-03-OPPORTUNITY
F06.09.A02,F06,F06.09,Lead Generation,enrich data,AGG-03-LEAD,CRM-LEAD,Lead,execute,command,false,false,true,AGG-25-COMMUNICATIONS|AGG-03-OPPORTUNITY
F06.09.A03,F06,F06.09,Lead Generation,score leads,AGG-03-LEAD,CRM-LEAD,Lead,execute,command,false,false,true,AGG-25-COMMUNICATIONS|AGG-03-OPPORTUNITY
F06.09.A04,F06,F06.09,Lead Generation,nurture prospects,AGG-03-LEAD,CRM-LEAD,Lead,execute,command,false,false,true,AGG-25-COMMUNICATIONS|AGG-03-OPPORTUNITY
F06.09.A05,F06,F06.09,Lead Generation,transfer qualified leads,AGG-03-LEAD,CRM-LEAD,Lead,execute,command,false,false,true,AGG-25-COMMUNICATIONS|AGG-03-OPPORTUNITY
F06.10.A01,F06,F06.10,Marketing Analytics,Measure reach,AGG-03-MARKET-INSIGHT,CRM-MARKET-INSIGHT,Market Insight / Segment,monitor,query,false,false,false,AGG-24-DATA|AGG-03-OPPORTUNITY
F06.10.A02,F06,F06.10,Marketing Analytics,attribution,AGG-03-MARKET-INSIGHT,CRM-MARKET-INSIGHT,Market Insight / Segment,analyse,query,false,false,false,AGG-24-DATA|AGG-03-OPPORTUNITY
F06.10.A03,F06,F06.10,Marketing Analytics,conversion,AGG-03-MARKET-INSIGHT,CRM-MARKET-INSIGHT,Market Insight / Segment,analyse,query,false,false,false,AGG-24-DATA|AGG-03-OPPORTUNITY
F06.10.A04,F06,F06.10,Marketing Analytics,CAC,AGG-03-MARKET-INSIGHT,CRM-MARKET-INSIGHT,Market Insight / Segment,analyse,query,false,false,false,AGG-24-DATA|AGG-03-OPPORTUNITY
F06.10.A05,F06,F06.10,Marketing Analytics,ROI,AGG-03-MARKET-INSIGHT,CRM-MARKET-INSIGHT,Market Insight / Segment,analyse,query,false,false,false,AGG-24-DATA|AGG-03-OPPORTUNITY
F06.10.A06,F06,F06.10,Marketing Analytics,campaign performance,AGG-03-MARKET-INSIGHT,CRM-MARKET-INSIGHT,Market Insight / Segment,analyse,query,false,false,false,AGG-24-DATA|AGG-03-OPPORTUNITY
F06.11.A01,F06,F06.11,Market Communications,Prepare collateral,AGG-25-COMMS-CAMPAIGN,KRC-COMMS-CAMPAIGN,Marketing / Communications Campaign,execute,command,false,false,true,AGG-07-INFORMATION|AGG-25-COMMUNICATIONS
F06.11.A02,F06,F06.11,Market Communications,manage advertising,AGG-25-COMMS-CAMPAIGN,KRC-COMMS-CAMPAIGN,Marketing / Communications Campaign,configure,command,false,false,true,AGG-07-INFORMATION|AGG-25-COMMUNICATIONS
F06.11.A03,F06,F06.11,Market Communications,coordinate communications,AGG-25-COMMS-CAMPAIGN,KRC-COMMS-CAMPAIGN,Marketing / Communications Campaign,execute,command,false,false,true,AGG-07-INFORMATION|AGG-25-COMMUNICATIONS
F06.11.A04,F06,F06.11,Market Communications,maintain messaging,AGG-25-COMMS-CAMPAIGN,KRC-COMMS-CAMPAIGN,Marketing / Communications Campaign,change,command,false,false,true,AGG-07-INFORMATION|AGG-25-COMMUNICATIONS
F07.01.A01,F07,F07.01,Sales Strategy,Define sales model,AGG-03-ACCOUNT-PLAN,CRM-ACCOUNT-PLAN,Sales / Account Plan,create,command,false,false,true,AGG-02-PERFORMANCE|AGG-03-OPPORTUNITY
F07.01.A02,F07,F07.01,Sales Strategy,territories,AGG-03-ACCOUNT-PLAN,CRM-ACCOUNT-PLAN,Sales / Account Plan,execute,command,false,false,true,AGG-02-PERFORMANCE|AGG-03-OPPORTUNITY
F07.01.A03,F07,F07.01,Sales Strategy,channels,AGG-03-ACCOUNT-PLAN,CRM-ACCOUNT-PLAN,Sales / Account Plan,execute,command,false,false,true,AGG-02-PERFORMANCE|AGG-03-OPPORTUNITY
F07.01.A04,F07,F07.01,Sales Strategy,targets,AGG-03-ACCOUNT-PLAN,CRM-ACCOUNT-PLAN,Sales / Account Plan,execute,command,false,false,true,AGG-02-PERFORMANCE|AGG-03-OPPORTUNITY
F07.01.A05,F07,F07.01,Sales Strategy,quotas,AGG-03-ACCOUNT-PLAN,CRM-ACCOUNT-PLAN,Sales / Account Plan,execute,command,false,false,true,AGG-02-PERFORMANCE|AGG-03-OPPORTUNITY
F07.01.A06,F07,F07.01,Sales Strategy,coverage,AGG-03-ACCOUNT-PLAN,CRM-ACCOUNT-PLAN,Sales / Account Plan,execute,command,false,false,true,AGG-02-PERFORMANCE|AGG-03-OPPORTUNITY
F07.02.A01,F07,F07.02,Account Management,Create accounts,AGG-03-ACCOUNT-PLAN,CRM-ACCOUNT-PLAN,Account / Partner Plan,create,command,false,false,true,AGG-01-PARTY|AGG-03-OPPORTUNITY
F07.02.A02,F07,F07.02,Account Management,classify accounts,AGG-03-ACCOUNT-PLAN,CRM-ACCOUNT-PLAN,Account / Partner Plan,execute,command,false,false,true,AGG-01-PARTY|AGG-03-OPPORTUNITY
F07.02.A03,F07,F07.02,Account Management,maintain account plans,AGG-03-ACCOUNT-PLAN,CRM-ACCOUNT-PLAN,Account / Partner Plan,change,command,false,false,true,AGG-01-PARTY|AGG-03-OPPORTUNITY
F07.02.A04,F07,F07.02,Account Management,manage relationships,AGG-03-ACCOUNT-PLAN,CRM-ACCOUNT-PLAN,Account / Partner Plan,configure,command,false,false,true,AGG-01-PARTY|AGG-03-OPPORTUNITY
F07.03.A01,F07,F07.03,Opportunity Management,Identify opportunity,AGG-03-OPPORTUNITY,CRM-OPPORTUNITY,Opportunity / Pipeline,analyse,query,false,false,false,AGG-02-PERFORMANCE
F07.03.A02,F07,F07.03,Opportunity Management,qualify,AGG-03-OPPORTUNITY,CRM-OPPORTUNITY,Opportunity / Pipeline,execute,command,false,false,true,AGG-02-PERFORMANCE
F07.03.A03,F07,F07.03,Opportunity Management,assign,AGG-03-OPPORTUNITY,CRM-OPPORTUNITY,Opportunity / Pipeline,allocate,command,false,false,true,AGG-02-PERFORMANCE
F07.03.A04,F07,F07.03,Opportunity Management,progress stages,AGG-03-OPPORTUNITY,CRM-OPPORTUNITY,Opportunity / Pipeline,execute,command,false,false,true,AGG-02-PERFORMANCE
F07.03.A05,F07,F07.03,Opportunity Management,forecast,AGG-03-OPPORTUNITY,CRM-OPPORTUNITY,Opportunity / Pipeline,analyse,query,false,false,false,AGG-02-PERFORMANCE
F07.03.A06,F07,F07.03,Opportunity Management,close,AGG-03-OPPORTUNITY,CRM-OPPORTUNITY,Opportunity / Pipeline,close,command,false,false,true,AGG-02-PERFORMANCE
F07.04.A01,F07,F07.04,Pipeline Management,Monitor pipeline,AGG-03-OPPORTUNITY,CRM-OPPORTUNITY,Opportunity / Pipeline,monitor,query,false,false,false,AGG-02-PERFORMANCE
F07.04.A02,F07,F07.04,Pipeline Management,assess coverage,AGG-03-OPPORTUNITY,CRM-OPPORTUNITY,Opportunity / Pipeline,review,command,false,false,true,AGG-02-PERFORMANCE
F07.04.A03,F07,F07.04,Pipeline Management,identify risks,AGG-03-OPPORTUNITY,CRM-OPPORTUNITY,Opportunity / Pipeline,analyse,query,false,false,false,AGG-02-PERFORMANCE
F07.04.A04,F07,F07.04,Pipeline Management,reprioritise opportunities,AGG-03-OPPORTUNITY,CRM-OPPORTUNITY,Opportunity / Pipeline,change,command,false,true,true,AGG-02-PERFORMANCE
F07.05.A01,F07,F07.05,Pricing,Establish price lists,AGG-10-PRICE-LIST,ITEM-PRICE-LIST,Price / Commercial Definition,create,command,false,false,true,AGG-05-ESTIMATE|AGG-10-ITEM
F07.05.A02,F07,F07.05,Pricing,calculate price,AGG-10-PRICE-LIST,ITEM-PRICE-LIST,Price / Commercial Definition,analyse,query,false,false,false,AGG-05-ESTIMATE|AGG-10-ITEM
F07.05.A03,F07,F07.05,Pricing,manage discounts,AGG-10-PRICE-LIST,ITEM-PRICE-LIST,Price / Commercial Definition,configure,command,false,false,true,AGG-05-ESTIMATE|AGG-10-ITEM
F07.05.A04,F07,F07.05,Pricing,approve exceptions,AGG-10-PRICE-LIST,ITEM-PRICE-LIST,Price / Commercial Definition,approve,command,true,true,true,AGG-05-ESTIMATE|AGG-10-ITEM
F07.05.A05,F07,F07.05,Pricing,review pricing,AGG-10-PRICE-LIST,ITEM-PRICE-LIST,Price / Commercial Definition,review,command,false,false,true,AGG-05-ESTIMATE|AGG-10-ITEM
F07.06.A01,F07,F07.06,Quotation,Capture requirements,AGG-05-OFFER,EST-QUOTATION,Quotation,create,command,false,false,true,AGG-05-ESTIMATE
F07.06.A02,F07,F07.06,Quotation,configure offering,AGG-05-OFFER,EST-QUOTATION,Quotation,configure,command,false,false,true,AGG-05-ESTIMATE
F07.06.A03,F07,F07.06,Quotation,calculate quote,AGG-05-OFFER,EST-QUOTATION,Quotation,analyse,query,false,false,false,AGG-05-ESTIMATE
F07.06.A04,F07,F07.06,Quotation,approve,AGG-05-OFFER,EST-QUOTATION,Quotation,approve,command,true,true,true,AGG-05-ESTIMATE
F07.06.A05,F07,F07.06,Quotation,issue quote,AGG-05-OFFER,EST-QUOTATION,Quotation,issue,command,false,false,true,AGG-05-ESTIMATE
F07.07.A01,F07,F07.07,Proposal / Bid Management,Review tender,AGG-03-PURSUIT,CRM-PURSUIT,Pursuit / Bid,review,command,false,false,true,AGG-05-ESTIMATE|AGG-05-OFFER
F07.07.A02,F07,F07.07,Proposal / Bid Management,bid/no-bid decision,AGG-03-PURSUIT,CRM-PURSUIT,Pursuit / Bid,execute,command,false,false,true,AGG-05-ESTIMATE|AGG-05-OFFER
F07.07.A03,F07,F07.07,Proposal / Bid Management,develop response,AGG-03-PURSUIT,CRM-PURSUIT,Pursuit / Bid,create,command,false,false,true,AGG-05-ESTIMATE|AGG-05-OFFER
F07.07.A04,F07,F07.07,Proposal / Bid Management,approve proposal,AGG-03-PURSUIT,CRM-PURSUIT,Pursuit / Bid,approve,command,true,true,true,AGG-05-ESTIMATE|AGG-05-OFFER
F07.07.A05,F07,F07.07,Proposal / Bid Management,submit,AGG-03-PURSUIT,CRM-PURSUIT,Pursuit / Bid,submit,command,false,false,true,AGG-05-ESTIMATE|AGG-05-OFFER
F07.08.A01,F07,F07.08,Contract Negotiation,Negotiate scope,AGG-08-CONTRACT,CBO-CONTRACT,Contract,execute,command,false,false,true,AGG-22-LEGAL
F07.08.A02,F07,F07.08,Contract Negotiation,price,AGG-08-CONTRACT,CBO-CONTRACT,Contract,execute,command,false,false,true,AGG-22-LEGAL
F07.08.A03,F07,F07.08,Contract Negotiation,terms,AGG-08-CONTRACT,CBO-CONTRACT,Contract,execute,command,false,false,true,AGG-22-LEGAL
F07.08.A04,F07,F07.08,Contract Negotiation,SLA,AGG-08-CONTRACT,CBO-CONTRACT,Contract,execute,command,false,false,true,AGG-22-LEGAL
F07.08.A05,F07,F07.08,Contract Negotiation,liabilities,AGG-08-CONTRACT,CBO-CONTRACT,Contract,execute,command,false,false,true,AGG-22-LEGAL
F07.08.A06,F07,F07.08,Contract Negotiation,obtain approval,AGG-08-CONTRACT,CBO-CONTRACT,Contract,execute,command,true,true,true,AGG-22-LEGAL
F07.09.A01,F07,F07.09,Sales Order Management,Capture order,AGG-05-SALES-ORDER,EST-SALES-ORDER,Sales Order,create,command,false,false,true,AGG-08-CONTRACT|AGG-05-OFFER
F07.09.A02,F07,F07.09,Sales Order Management,validate,AGG-05-SALES-ORDER,EST-SALES-ORDER,Sales Order,review,command,false,false,true,AGG-08-CONTRACT|AGG-05-OFFER
F07.09.A03,F07,F07.09,Sales Order Management,approve,AGG-05-SALES-ORDER,EST-SALES-ORDER,Sales Order,approve,command,true,true,true,AGG-08-CONTRACT|AGG-05-OFFER
F07.09.A04,F07,F07.09,Sales Order Management,amend,AGG-05-SALES-ORDER,EST-SALES-ORDER,Sales Order,execute,command,false,false,true,AGG-08-CONTRACT|AGG-05-OFFER
F07.09.A05,F07,F07.09,Sales Order Management,cancel,AGG-05-SALES-ORDER,EST-SALES-ORDER,Sales Order,cancel,command,false,false,true,AGG-08-CONTRACT|AGG-05-OFFER
F07.09.A06,F07,F07.09,Sales Order Management,transfer for fulfilment,AGG-05-SALES-ORDER,EST-SALES-ORDER,Sales Order,execute,command,false,false,true,AGG-08-CONTRACT|AGG-05-OFFER
F07.10.A01,F07,F07.10,Channel / Partner Sales,Recruit partners,AGG-03-ACCOUNT-PLAN,CRM-ACCOUNT-PLAN,Account / Partner Plan,execute,command,false,false,true,AGG-01-PARTY|AGG-03-OPPORTUNITY
F07.10.A02,F07,F07.10,Channel / Partner Sales,onboard,AGG-03-ACCOUNT-PLAN,CRM-ACCOUNT-PLAN,Account / Partner Plan,execute,command,false,false,true,AGG-01-PARTY|AGG-03-OPPORTUNITY
F07.10.A03,F07,F07.10,Channel / Partner Sales,establish terms,AGG-03-ACCOUNT-PLAN,CRM-ACCOUNT-PLAN,Account / Partner Plan,create,command,false,false,true,AGG-01-PARTY|AGG-03-OPPORTUNITY
F07.10.A04,F07,F07.10,Channel / Partner Sales,manage pipeline,AGG-03-ACCOUNT-PLAN,CRM-ACCOUNT-PLAN,Account / Partner Plan,configure,command,false,false,true,AGG-01-PARTY|AGG-03-OPPORTUNITY
F07.10.A05,F07,F07.10,Channel / Partner Sales,calculate incentives,AGG-03-ACCOUNT-PLAN,CRM-ACCOUNT-PLAN,Account / Partner Plan,analyse,query,false,false,false,AGG-01-PARTY|AGG-03-OPPORTUNITY
F07.11.A01,F07,F07.11,Sales Compensation,Define incentives,AGG-18-COMPENSATION,HCM-COMPENSATION,Sales Compensation,create,command,false,false,true,AGG-19-LEDGER|AGG-18-PAYROLL
F07.11.A02,F07,F07.11,Sales Compensation,calculate commission,AGG-18-COMPENSATION,HCM-COMPENSATION,Sales Compensation,analyse,query,false,false,false,AGG-19-LEDGER|AGG-18-PAYROLL
F07.11.A03,F07,F07.11,Sales Compensation,review exceptions,AGG-18-COMPENSATION,HCM-COMPENSATION,Sales Compensation,review,command,false,false,true,AGG-19-LEDGER|AGG-18-PAYROLL
F07.11.A04,F07,F07.11,Sales Compensation,approve payment,AGG-18-COMPENSATION,HCM-COMPENSATION,Sales Compensation,approve,command,true,true,true,AGG-19-LEDGER|AGG-18-PAYROLL
F07.12.A01,F07,F07.12,Sales Forecasting,Collect forecasts,AGG-03-OPPORTUNITY,CRM-OPPORTUNITY,Opportunity / Pipeline,receive,command,false,false,true,AGG-02-PERFORMANCE
F07.12.A02,F07,F07.12,Sales Forecasting,assess probability,AGG-03-OPPORTUNITY,CRM-OPPORTUNITY,Opportunity / Pipeline,review,command,false,false,true,AGG-02-PERFORMANCE
F07.12.A03,F07,F07.12,Sales Forecasting,consolidate forecast,AGG-03-OPPORTUNITY,CRM-OPPORTUNITY,Opportunity / Pipeline,execute,command,false,false,true,AGG-02-PERFORMANCE
F07.12.A04,F07,F07.12,Sales Forecasting,challenge assumptions,AGG-03-OPPORTUNITY,CRM-OPPORTUNITY,Opportunity / Pipeline,review,command,false,false,true,AGG-02-PERFORMANCE
F07.13.A01,F07,F07.13,Sales Performance,Monitor revenue,AGG-03-ACCOUNT-PLAN,CRM-ACCOUNT-PLAN,Sales / Account Plan,monitor,query,false,false,false,AGG-02-PERFORMANCE|AGG-03-OPPORTUNITY
F07.13.A02,F07,F07.13,Sales Performance,conversion,AGG-03-ACCOUNT-PLAN,CRM-ACCOUNT-PLAN,Sales / Account Plan,analyse,query,false,false,false,AGG-02-PERFORMANCE|AGG-03-OPPORTUNITY
F07.13.A03,F07,F07.13,Sales Performance,margin,AGG-03-ACCOUNT-PLAN,CRM-ACCOUNT-PLAN,Sales / Account Plan,analyse,query,false,false,false,AGG-02-PERFORMANCE|AGG-03-OPPORTUNITY
F07.13.A04,F07,F07.13,Sales Performance,win rate,AGG-03-ACCOUNT-PLAN,CRM-ACCOUNT-PLAN,Sales / Account Plan,analyse,query,false,false,false,AGG-02-PERFORMANCE|AGG-03-OPPORTUNITY
F07.13.A05,F07,F07.13,Sales Performance,productivity,AGG-03-ACCOUNT-PLAN,CRM-ACCOUNT-PLAN,Sales / Account Plan,analyse,query,false,false,false,AGG-02-PERFORMANCE|AGG-03-OPPORTUNITY
F07.13.A06,F07,F07.13,Sales Performance,corrective action,AGG-03-ACCOUNT-PLAN,CRM-ACCOUNT-PLAN,Sales / Account Plan,change,command,false,false,true,AGG-02-PERFORMANCE|AGG-03-OPPORTUNITY
F08.01.A01,F08,F08.01,Customer Onboarding,Verify customer,AGG-03-CUSTOMER-ONBOARDING,CRM-CUSTOMER-ONBOARDING,Customer Onboarding,review,command,false,false,true,AGG-01-PARTY|AGG-03-CUSTOMER-CASE
F08.01.A02,F08,F08.01,Customer Onboarding,configure account,AGG-03-CUSTOMER-ONBOARDING,CRM-CUSTOMER-ONBOARDING,Customer Onboarding,configure,command,false,false,true,AGG-01-PARTY|AGG-03-CUSTOMER-CASE
F08.01.A03,F08,F08.01,Customer Onboarding,capture preferences,AGG-03-CUSTOMER-ONBOARDING,CRM-CUSTOMER-ONBOARDING,Customer Onboarding,create,command,false,false,true,AGG-01-PARTY|AGG-03-CUSTOMER-CASE
F08.01.A04,F08,F08.01,Customer Onboarding,train customer,AGG-03-CUSTOMER-ONBOARDING,CRM-CUSTOMER-ONBOARDING,Customer Onboarding,execute,command,false,false,true,AGG-01-PARTY|AGG-03-CUSTOMER-CASE
F08.01.A05,F08,F08.01,Customer Onboarding,activate service,AGG-03-CUSTOMER-ONBOARDING,CRM-CUSTOMER-ONBOARDING,Customer Onboarding,execute,command,false,false,true,AGG-01-PARTY|AGG-03-CUSTOMER-CASE
F08.02.A01,F08,F08.02,Customer Enquiry Management,Receive enquiry,AGG-03-CUSTOMER-CASE,CRM-CUSTOMER-CASE,Customer Case,receive,command,false,false,true,AGG-01-PARTY
F08.02.A02,F08,F08.02,Customer Enquiry Management,classify,AGG-03-CUSTOMER-CASE,CRM-CUSTOMER-CASE,Customer Case,execute,command,false,false,true,AGG-01-PARTY
F08.02.A03,F08,F08.02,Customer Enquiry Management,route,AGG-03-CUSTOMER-CASE,CRM-CUSTOMER-CASE,Customer Case,execute,command,false,false,true,AGG-01-PARTY
F08.02.A04,F08,F08.02,Customer Enquiry Management,respond,AGG-03-CUSTOMER-CASE,CRM-CUSTOMER-CASE,Customer Case,execute,command,false,false,true,AGG-01-PARTY
F08.02.A05,F08,F08.02,Customer Enquiry Management,resolve,AGG-03-CUSTOMER-CASE,CRM-CUSTOMER-CASE,Customer Case,close,command,false,false,true,AGG-01-PARTY
F08.02.A06,F08,F08.02,Customer Enquiry Management,close,AGG-03-CUSTOMER-CASE,CRM-CUSTOMER-CASE,Customer Case,close,command,false,false,true,AGG-01-PARTY
F08.03.A01,F08,F08.03,Case Management,Create case,AGG-03-CUSTOMER-CASE,CRM-CUSTOMER-CASE,Customer Case,create,command,false,false,true,AGG-01-PARTY
F08.03.A02,F08,F08.03,Case Management,assign,AGG-03-CUSTOMER-CASE,CRM-CUSTOMER-CASE,Customer Case,allocate,command,false,false,true,AGG-01-PARTY
F08.03.A03,F08,F08.03,Case Management,investigate,AGG-03-CUSTOMER-CASE,CRM-CUSTOMER-CASE,Customer Case,analyse,query,false,false,false,AGG-01-PARTY
F08.03.A04,F08,F08.03,Case Management,resolve,AGG-03-CUSTOMER-CASE,CRM-CUSTOMER-CASE,Customer Case,close,command,false,false,true,AGG-01-PARTY
F08.03.A05,F08,F08.03,Case Management,document,AGG-03-CUSTOMER-CASE,CRM-CUSTOMER-CASE,Customer Case,record,command,false,false,true,AGG-01-PARTY
F08.03.A06,F08,F08.03,Case Management,close,AGG-03-CUSTOMER-CASE,CRM-CUSTOMER-CASE,Customer Case,close,command,false,false,true,AGG-01-PARTY
F08.04.A01,F08,F08.04,Complaint Management,Record complaint,AGG-03-CUSTOMER-CASE,CRM-CUSTOMER-CASE,Customer Case,record,command,false,false,true,AGG-01-PARTY
F08.04.A02,F08,F08.04,Complaint Management,investigate,AGG-03-CUSTOMER-CASE,CRM-CUSTOMER-CASE,Customer Case,analyse,query,false,false,false,AGG-01-PARTY
F08.04.A03,F08,F08.04,Complaint Management,communicate resolution,AGG-03-CUSTOMER-CASE,CRM-CUSTOMER-CASE,Customer Case,publish,command,false,false,true,AGG-01-PARTY
F08.04.A04,F08,F08.04,Complaint Management,compensate/remediate,AGG-03-CUSTOMER-CASE,CRM-CUSTOMER-CASE,Customer Case,execute,command,false,false,true,AGG-01-PARTY
F08.04.A05,F08,F08.04,Complaint Management,analyse cause,AGG-03-CUSTOMER-CASE,CRM-CUSTOMER-CASE,Customer Case,analyse,query,false,false,false,AGG-01-PARTY
F08.05.A01,F08,F08.05,Technical Support,Diagnose issue,AGG-17-SERVICE,OPS-SERVICE-CASE,Service Case,execute,command,false,false,true,AGG-17-WORK-ORDER
F08.05.A02,F08,F08.05,Technical Support,troubleshoot,AGG-17-SERVICE,OPS-SERVICE-CASE,Service Case,execute,command,false,false,true,AGG-17-WORK-ORDER
F08.05.A03,F08,F08.05,Technical Support,escalate,AGG-17-SERVICE,OPS-SERVICE-CASE,Service Case,execute,command,false,false,true,AGG-17-WORK-ORDER
F08.05.A04,F08,F08.05,Technical Support,resolve,AGG-17-SERVICE,OPS-SERVICE-CASE,Service Case,close,command,false,false,true,AGG-17-WORK-ORDER
F08.05.A05,F08,F08.05,Technical Support,document solution,AGG-17-SERVICE,OPS-SERVICE-CASE,Service Case,record,command,false,false,true,AGG-17-WORK-ORDER
F08.06.A01,F08,F08.06,Returns / Refunds,Authorise return,AGG-03-CUSTOMER-CASE,CRM-CUSTOMER-CASE,Return / Refund Case,approve,command,true,true,true,AGG-10-INVENTORY-MOVEMENT|AGG-19-AR
F08.06.A02,F08,F08.06,Returns / Refunds,receive goods,AGG-03-CUSTOMER-CASE,CRM-CUSTOMER-CASE,Return / Refund Case,receive,command,false,false,true,AGG-10-INVENTORY-MOVEMENT|AGG-19-AR
F08.06.A03,F08,F08.06,Returns / Refunds,inspect,AGG-03-CUSTOMER-CASE,CRM-CUSTOMER-CASE,Return / Refund Case,review,command,false,false,true,AGG-10-INVENTORY-MOVEMENT|AGG-19-AR
F08.06.A04,F08,F08.06,Returns / Refunds,approve refund/replacement,AGG-03-CUSTOMER-CASE,CRM-CUSTOMER-CASE,Return / Refund Case,approve,command,true,true,true,AGG-10-INVENTORY-MOVEMENT|AGG-19-AR
F08.06.A05,F08,F08.06,Returns / Refunds,process credit,AGG-03-CUSTOMER-CASE,CRM-CUSTOMER-CASE,Return / Refund Case,execute,command,false,false,true,AGG-10-INVENTORY-MOVEMENT|AGG-19-AR
F08.07.A01,F08,F08.07,Warranty,Validate warranty,AGG-17-WARRANTY-CLAIM,OPS-WARRANTY-CLAIM,Warranty Claim,review,command,false,false,true,AGG-16-SPATIAL-ASSET|AGG-17-SERVICE
F08.07.A02,F08,F08.07,Warranty,approve claim,AGG-17-WARRANTY-CLAIM,OPS-WARRANTY-CLAIM,Warranty Claim,approve,command,true,true,true,AGG-16-SPATIAL-ASSET|AGG-17-SERVICE
F08.07.A03,F08,F08.07,Warranty,repair/replace,AGG-17-WARRANTY-CLAIM,OPS-WARRANTY-CLAIM,Warranty Claim,execute,command,false,false,true,AGG-16-SPATIAL-ASSET|AGG-17-SERVICE
F08.07.A04,F08,F08.07,Warranty,recover supplier cost,AGG-17-WARRANTY-CLAIM,OPS-WARRANTY-CLAIM,Warranty Claim,execute,command,false,false,true,AGG-16-SPATIAL-ASSET|AGG-17-SERVICE
F08.08.A01,F08,F08.08,Customer Success,Monitor adoption,AGG-03-CUSTOMER-CASE,CRM-CUSTOMER-CASE,Customer Case,monitor,query,false,false,false,AGG-01-PARTY
F08.08.A02,F08,F08.08,Customer Success,conduct reviews,AGG-03-CUSTOMER-CASE,CRM-CUSTOMER-CASE,Customer Case,execute,command,false,false,true,AGG-01-PARTY
F08.08.A03,F08,F08.08,Customer Success,identify risks,AGG-03-CUSTOMER-CASE,CRM-CUSTOMER-CASE,Customer Case,analyse,query,false,false,false,AGG-01-PARTY
F08.08.A04,F08,F08.08,Customer Success,drive value realisation,AGG-03-CUSTOMER-CASE,CRM-CUSTOMER-CASE,Customer Case,execute,command,false,false,true,AGG-01-PARTY
F08.09.A01,F08,F08.09,Retention,Identify churn risk,AGG-03-CUSTOMER-CASE,CRM-CUSTOMER-CASE,Customer Case,analyse,query,false,false,false,AGG-01-PARTY
F08.09.A02,F08,F08.09,Retention,develop retention offer,AGG-03-CUSTOMER-CASE,CRM-CUSTOMER-CASE,Customer Case,create,command,false,false,true,AGG-01-PARTY
F08.09.A03,F08,F08.09,Retention,engage customer,AGG-03-CUSTOMER-CASE,CRM-CUSTOMER-CASE,Customer Case,execute,command,false,false,true,AGG-01-PARTY
F08.09.A04,F08,F08.09,Retention,monitor outcome,AGG-03-CUSTOMER-CASE,CRM-CUSTOMER-CASE,Customer Case,monitor,query,false,false,false,AGG-01-PARTY
F08.10.A01,F08,F08.10,Customer Feedback,Conduct surveys,AGG-03-CUSTOMER-CASE,CRM-CUSTOMER-CASE,Customer Case,execute,command,false,false,true,AGG-01-PARTY
F08.10.A02,F08,F08.10,Customer Feedback,measure NPS/CSAT,AGG-03-CUSTOMER-CASE,CRM-CUSTOMER-CASE,Customer Case,monitor,query,false,false,false,AGG-01-PARTY
F08.10.A03,F08,F08.10,Customer Feedback,analyse feedback,AGG-03-CUSTOMER-CASE,CRM-CUSTOMER-CASE,Customer Case,analyse,query,false,false,false,AGG-01-PARTY
F08.10.A04,F08,F08.10,Customer Feedback,assign improvements,AGG-03-CUSTOMER-CASE,CRM-CUSTOMER-CASE,Customer Case,allocate,command,false,false,true,AGG-01-PARTY
F08.11.A01,F08,F08.11,Customer Knowledge,Maintain FAQs,AGG-25-KNOWLEDGE,KRC-KNOWLEDGE-ARTICLE,Knowledge Article,change,command,false,false,true,AGG-03-CUSTOMER-CASE
F08.11.A02,F08,F08.11,Customer Knowledge,knowledge articles,AGG-25-KNOWLEDGE,KRC-KNOWLEDGE-ARTICLE,Knowledge Article,execute,command,false,false,true,AGG-03-CUSTOMER-CASE
F08.11.A03,F08,F08.11,Customer Knowledge,scripts,AGG-25-KNOWLEDGE,KRC-KNOWLEDGE-ARTICLE,Knowledge Article,execute,command,false,false,true,AGG-03-CUSTOMER-CASE
F08.11.A04,F08,F08.11,Customer Knowledge,troubleshooting guides,AGG-25-KNOWLEDGE,KRC-KNOWLEDGE-ARTICLE,Knowledge Article,execute,command,false,false,true,AGG-03-CUSTOMER-CASE
F08.12.A01,F08,F08.12,Service-level Management,Define SLA,AGG-17-SERVICE-LEVEL,OPS-SERVICE-LEVEL,Service Entitlement / SLA,create,command,false,false,true,AGG-08-CONTRACT|AGG-17-SERVICE
F08.12.A02,F08,F08.12,Service-level Management,measure performance,AGG-17-SERVICE-LEVEL,OPS-SERVICE-LEVEL,Service Entitlement / SLA,monitor,query,false,false,false,AGG-08-CONTRACT|AGG-17-SERVICE
F08.12.A03,F08,F08.12,Service-level Management,investigate breaches,AGG-17-SERVICE-LEVEL,OPS-SERVICE-LEVEL,Service Entitlement / SLA,analyse,query,false,false,false,AGG-08-CONTRACT|AGG-17-SERVICE
F08.12.A04,F08,F08.12,Service-level Management,report results,AGG-17-SERVICE-LEVEL,OPS-SERVICE-LEVEL,Service Entitlement / SLA,execute,command,false,false,true,AGG-08-CONTRACT|AGG-17-SERVICE
F09.01.A01,F09,F09.01,Procurement Strategy,Analyse spend,AGG-09-PROCUREMENT-PACKAGE,COM-PROCUREMENT-PACKAGE,Procurement Strategy / Package,analyse,query,false,false,false,AGG-02-PERFORMANCE|AGG-09-SOURCING
F09.01.A02,F09,F09.01,Procurement Strategy,define categories,AGG-09-PROCUREMENT-PACKAGE,COM-PROCUREMENT-PACKAGE,Procurement Strategy / Package,create,command,false,false,true,AGG-02-PERFORMANCE|AGG-09-SOURCING
F09.01.A03,F09,F09.01,Procurement Strategy,determine sourcing strategy,AGG-09-PROCUREMENT-PACKAGE,COM-PROCUREMENT-PACKAGE,Procurement Strategy / Package,analyse,query,false,false,false,AGG-02-PERFORMANCE|AGG-09-SOURCING
F09.01.A04,F09,F09.01,Procurement Strategy,establish procurement policy,AGG-09-PROCUREMENT-PACKAGE,COM-PROCUREMENT-PACKAGE,Procurement Strategy / Package,create,command,false,false,true,AGG-02-PERFORMANCE|AGG-09-SOURCING
F09.02.A01,F09,F09.02,Category Management,Segment spend,AGG-09-PROCUREMENT-PACKAGE,COM-PROCUREMENT-PACKAGE,Procurement Strategy / Package,execute,command,false,false,true,AGG-02-PERFORMANCE|AGG-09-SOURCING
F09.02.A02,F09,F09.02,Category Management,analyse markets,AGG-09-PROCUREMENT-PACKAGE,COM-PROCUREMENT-PACKAGE,Procurement Strategy / Package,analyse,query,false,false,false,AGG-02-PERFORMANCE|AGG-09-SOURCING
F09.02.A03,F09,F09.02,Category Management,develop category plans,AGG-09-PROCUREMENT-PACKAGE,COM-PROCUREMENT-PACKAGE,Procurement Strategy / Package,create,command,false,false,true,AGG-02-PERFORMANCE|AGG-09-SOURCING
F09.02.A04,F09,F09.02,Category Management,identify savings,AGG-09-PROCUREMENT-PACKAGE,COM-PROCUREMENT-PACKAGE,Procurement Strategy / Package,analyse,query,false,false,false,AGG-02-PERFORMANCE|AGG-09-SOURCING
F09.03.A01,F09,F09.03,Supplier Discovery,Identify suppliers,AGG-01-PARTY-RELATIONSHIP,AUTH-PARTY-RELATIONSHIP,Supplier Relationship,analyse,query,false,false,false,AGG-09-SOURCING|AGG-01-PARTY
F09.03.A02,F09,F09.03,Supplier Discovery,collect information,AGG-01-PARTY-RELATIONSHIP,AUTH-PARTY-RELATIONSHIP,Supplier Relationship,receive,command,false,false,true,AGG-09-SOURCING|AGG-01-PARTY
F09.03.A03,F09,F09.03,Supplier Discovery,pre-qualify,AGG-01-PARTY-RELATIONSHIP,AUTH-PARTY-RELATIONSHIP,Supplier Relationship,execute,command,false,false,true,AGG-09-SOURCING|AGG-01-PARTY
F09.03.A04,F09,F09.03,Supplier Discovery,maintain supplier database,AGG-01-PARTY-RELATIONSHIP,AUTH-PARTY-RELATIONSHIP,Supplier Relationship,change,command,false,false,true,AGG-09-SOURCING|AGG-01-PARTY
F09.04.A01,F09,F09.04,Sourcing,Issue RFI/RFQ/RFP,AGG-09-SOURCING,PROC-SOURCING-EVENT,Sourcing Event,issue,command,false,false,true,AGG-01-PARTY
F09.04.A02,F09,F09.04,Sourcing,evaluate responses,AGG-09-SOURCING,PROC-SOURCING-EVENT,Sourcing Event,review,command,false,false,true,AGG-01-PARTY
F09.04.A03,F09,F09.04,Sourcing,conduct auctions,AGG-09-SOURCING,PROC-SOURCING-EVENT,Sourcing Event,execute,command,false,false,true,AGG-01-PARTY
F09.04.A04,F09,F09.04,Sourcing,select supplier,AGG-09-SOURCING,PROC-SOURCING-EVENT,Sourcing Event,approve,command,true,true,true,AGG-01-PARTY
F09.05.A01,F09,F09.05,Supplier Negotiation,Negotiate price,AGG-09-SOURCING,PROC-SOURCING-EVENT,Sourcing Event,execute,command,false,false,true,AGG-01-PARTY
F09.05.A02,F09,F09.05,Supplier Negotiation,terms,AGG-09-SOURCING,PROC-SOURCING-EVENT,Sourcing Event,execute,command,false,false,true,AGG-01-PARTY
F09.05.A03,F09,F09.05,Supplier Negotiation,service,AGG-09-SOURCING,PROC-SOURCING-EVENT,Sourcing Event,execute,command,false,false,true,AGG-01-PARTY
F09.05.A04,F09,F09.05,Supplier Negotiation,risk provisions,AGG-09-SOURCING,PROC-SOURCING-EVENT,Sourcing Event,execute,command,false,false,true,AGG-01-PARTY
F09.05.A05,F09,F09.05,Supplier Negotiation,incentives,AGG-09-SOURCING,PROC-SOURCING-EVENT,Sourcing Event,execute,command,false,false,true,AGG-01-PARTY
F09.06.A01,F09,F09.06,Contracting,Draft contract,AGG-08-CONTRACT,CBO-CONTRACT,Supplier Contract,create,command,false,false,true,AGG-09-SOURCING
F09.06.A02,F09,F09.06,Contracting,review,AGG-08-CONTRACT,CBO-CONTRACT,Supplier Contract,review,command,false,false,true,AGG-09-SOURCING
F09.06.A03,F09,F09.06,Contracting,approve,AGG-08-CONTRACT,CBO-CONTRACT,Supplier Contract,approve,command,true,true,true,AGG-09-SOURCING
F09.06.A04,F09,F09.06,Contracting,execute,AGG-08-CONTRACT,CBO-CONTRACT,Supplier Contract,execute,command,false,false,true,AGG-09-SOURCING
F09.06.A05,F09,F09.06,Contracting,store,AGG-08-CONTRACT,CBO-CONTRACT,Supplier Contract,execute,command,false,false,true,AGG-09-SOURCING
F09.06.A06,F09,F09.06,Contracting,renew,AGG-08-CONTRACT,CBO-CONTRACT,Supplier Contract,execute,command,false,false,true,AGG-09-SOURCING
F09.07.A01,F09,F09.07,Supplier Onboarding,Verify supplier,AGG-01-PARTY-RELATIONSHIP,AUTH-PARTY-RELATIONSHIP,Supplier Relationship,review,command,false,false,true,AGG-09-SOURCING|AGG-01-PARTY
F09.07.A02,F09,F09.07,Supplier Onboarding,collect tax/bank information,AGG-01-PARTY-RELATIONSHIP,AUTH-PARTY-RELATIONSHIP,Supplier Relationship,receive,command,false,false,true,AGG-09-SOURCING|AGG-01-PARTY
F09.07.A03,F09,F09.07,Supplier Onboarding,perform due diligence,AGG-01-PARTY-RELATIONSHIP,AUTH-PARTY-RELATIONSHIP,Supplier Relationship,execute,command,false,false,true,AGG-09-SOURCING|AGG-01-PARTY
F09.07.A04,F09,F09.07,Supplier Onboarding,activate,AGG-01-PARTY-RELATIONSHIP,AUTH-PARTY-RELATIONSHIP,Supplier Relationship,execute,command,false,false,true,AGG-09-SOURCING|AGG-01-PARTY
F09.08.A01,F09,F09.08,Requisitioning,Create requisition,AGG-09-REQUISITION,PROC-REQUISITION,Requisition,create,command,false,false,true,AGG-09-SOURCING
F09.08.A02,F09,F09.08,Requisitioning,validate,AGG-09-REQUISITION,PROC-REQUISITION,Requisition,review,command,false,false,true,AGG-09-SOURCING
F09.08.A03,F09,F09.08,Requisitioning,route for approval,AGG-09-REQUISITION,PROC-REQUISITION,Requisition,execute,command,true,true,true,AGG-09-SOURCING
F09.08.A04,F09,F09.08,Requisitioning,convert to purchase order,AGG-09-REQUISITION,PROC-REQUISITION,Requisition,execute,command,false,false,true,AGG-09-SOURCING
F09.09.A01,F09,F09.09,Purchase Ordering,Create PO,AGG-09-PURCHASE-COMMITMENT,PROC-PURCHASE-ORDER,Purchase Order,create,command,false,false,true,AGG-08-CONTRACT
F09.09.A02,F09,F09.09,Purchase Ordering,approve,AGG-09-PURCHASE-COMMITMENT,PROC-PURCHASE-ORDER,Purchase Order,approve,command,true,true,true,AGG-08-CONTRACT
F09.09.A03,F09,F09.09,Purchase Ordering,issue,AGG-09-PURCHASE-COMMITMENT,PROC-PURCHASE-ORDER,Purchase Order,issue,command,false,false,true,AGG-08-CONTRACT
F09.09.A04,F09,F09.09,Purchase Ordering,amend,AGG-09-PURCHASE-COMMITMENT,PROC-PURCHASE-ORDER,Purchase Order,execute,command,false,false,true,AGG-08-CONTRACT
F09.09.A05,F09,F09.09,Purchase Ordering,close,AGG-09-PURCHASE-COMMITMENT,PROC-PURCHASE-ORDER,Purchase Order,close,command,false,false,true,AGG-08-CONTRACT
F09.10.A01,F09,F09.10,Supplier Performance,Define KPIs,AGG-02-PERFORMANCE,SGP-PERFORMANCE-OBSERVATION,Supplier Performance,create,command,false,false,true,AGG-01-PARTY
F09.10.A02,F09,F09.10,Supplier Performance,collect results,AGG-02-PERFORMANCE,SGP-PERFORMANCE-OBSERVATION,Supplier Performance,receive,command,false,false,true,AGG-01-PARTY
F09.10.A03,F09,F09.10,Supplier Performance,score supplier,AGG-02-PERFORMANCE,SGP-PERFORMANCE-OBSERVATION,Supplier Performance,analyse,query,false,false,false,AGG-01-PARTY
F09.10.A04,F09,F09.10,Supplier Performance,conduct reviews,AGG-02-PERFORMANCE,SGP-PERFORMANCE-OBSERVATION,Supplier Performance,analyse,query,false,false,false,AGG-01-PARTY
F09.10.A05,F09,F09.10,Supplier Performance,corrective action,AGG-02-PERFORMANCE,SGP-PERFORMANCE-OBSERVATION,Supplier Performance,change,command,false,false,true,AGG-01-PARTY
F09.11.A01,F09,F09.11,Supplier Risk,Assess financial/operational/ESG/cyber risk,AGG-21-RISK,RISK-ENTERPRISE-RISK,Supplier Risk,review,command,false,false,true,AGG-01-PARTY
F09.11.A02,F09,F09.11,Supplier Risk,monitor changes,AGG-21-RISK,RISK-ENTERPRISE-RISK,Supplier Risk,monitor,query,false,false,false,AGG-01-PARTY
F09.11.A03,F09,F09.11,Supplier Risk,mitigate risk,AGG-21-RISK,RISK-ENTERPRISE-RISK,Supplier Risk,execute,command,false,false,true,AGG-01-PARTY
F09.12.A01,F09,F09.12,Supplier Relationship Management,Segment strategic suppliers,AGG-01-PARTY-RELATIONSHIP,AUTH-PARTY-RELATIONSHIP,Supplier Relationship,execute,command,false,false,true,AGG-09-SOURCING|AGG-01-PARTY
F09.12.A02,F09,F09.12,Supplier Relationship Management,conduct reviews,AGG-01-PARTY-RELATIONSHIP,AUTH-PARTY-RELATIONSHIP,Supplier Relationship,execute,command,false,false,true,AGG-09-SOURCING|AGG-01-PARTY
F09.12.A03,F09,F09.12,Supplier Relationship Management,collaborate,AGG-01-PARTY-RELATIONSHIP,AUTH-PARTY-RELATIONSHIP,Supplier Relationship,execute,command,false,false,true,AGG-09-SOURCING|AGG-01-PARTY
F09.12.A04,F09,F09.12,Supplier Relationship Management,resolve disputes,AGG-01-PARTY-RELATIONSHIP,AUTH-PARTY-RELATIONSHIP,Supplier Relationship,close,command,false,false,true,AGG-09-SOURCING|AGG-01-PARTY
F09.13.A01,F09,F09.13,Procurement Analytics,Analyse spend,AGG-09-PROCUREMENT-PACKAGE,COM-PROCUREMENT-PACKAGE,Procurement Strategy / Package,analyse,query,false,false,false,AGG-02-PERFORMANCE|AGG-09-SOURCING
F09.13.A02,F09,F09.13,Procurement Analytics,savings,AGG-09-PROCUREMENT-PACKAGE,COM-PROCUREMENT-PACKAGE,Procurement Strategy / Package,analyse,query,false,false,false,AGG-02-PERFORMANCE|AGG-09-SOURCING
F09.13.A03,F09,F09.13,Procurement Analytics,compliance,AGG-09-PROCUREMENT-PACKAGE,COM-PROCUREMENT-PACKAGE,Procurement Strategy / Package,analyse,query,false,false,false,AGG-02-PERFORMANCE|AGG-09-SOURCING
F09.13.A04,F09,F09.13,Procurement Analytics,supplier concentration,AGG-09-PROCUREMENT-PACKAGE,COM-PROCUREMENT-PACKAGE,Procurement Strategy / Package,analyse,query,false,false,false,AGG-02-PERFORMANCE|AGG-09-SOURCING
F09.13.A05,F09,F09.13,Procurement Analytics,maverick spend,AGG-09-PROCUREMENT-PACKAGE,COM-PROCUREMENT-PACKAGE,Procurement Strategy / Package,analyse,query,false,false,false,AGG-02-PERFORMANCE|AGG-09-SOURCING
F10.01.A01,F10,F10.01,Demand Planning,Collect demand signals,AGG-10-PLANNING,PLN-DEMAND-PLAN,Demand / Supply Plan,receive,command,false,false,true,AGG-10-ITEM
F10.01.A02,F10,F10.01,Demand Planning,generate forecast,AGG-10-PLANNING,PLN-DEMAND-PLAN,Demand / Supply Plan,execute,command,false,false,true,AGG-10-ITEM
F10.01.A03,F10,F10.01,Demand Planning,review assumptions,AGG-10-PLANNING,PLN-DEMAND-PLAN,Demand / Supply Plan,review,command,false,false,true,AGG-10-ITEM
F10.01.A04,F10,F10.01,Demand Planning,approve forecast,AGG-10-PLANNING,PLN-DEMAND-PLAN,Demand / Supply Plan,approve,command,true,true,true,AGG-10-ITEM
F10.02.A01,F10,F10.02,Sales & Operations Planning,Reconcile demand/supply,AGG-10-PLANNING,PLN-DEMAND-PLAN,Demand / Supply Plan,reconcile,command,false,false,true,AGG-10-ITEM
F10.02.A02,F10,F10.02,Sales & Operations Planning,evaluate capacity,AGG-10-PLANNING,PLN-DEMAND-PLAN,Demand / Supply Plan,review,command,false,false,true,AGG-10-ITEM
F10.02.A03,F10,F10.02,Sales & Operations Planning,model scenarios,AGG-10-PLANNING,PLN-DEMAND-PLAN,Demand / Supply Plan,analyse,query,false,false,false,AGG-10-ITEM
F10.02.A04,F10,F10.02,Sales & Operations Planning,approve plan,AGG-10-PLANNING,PLN-DEMAND-PLAN,Demand / Supply Plan,approve,command,true,true,true,AGG-10-ITEM
F10.03.A01,F10,F10.03,Supply Planning,Calculate requirements,AGG-10-PLANNING,PLN-DEMAND-PLAN,Demand / Supply Plan,analyse,query,false,false,false,AGG-10-ITEM
F10.03.A02,F10,F10.03,Supply Planning,determine supply plan,AGG-10-PLANNING,PLN-DEMAND-PLAN,Demand / Supply Plan,analyse,query,false,false,false,AGG-10-ITEM
F10.03.A03,F10,F10.03,Supply Planning,allocate resources,AGG-10-PLANNING,PLN-DEMAND-PLAN,Demand / Supply Plan,allocate,command,false,false,true,AGG-10-ITEM
F10.04.A01,F10,F10.04,Inventory Planning,Set safety stock,AGG-10-PLANNING,PLN-SUPPLY-PLAN,Supply / Inventory Plan,create,command,false,false,true,AGG-10-INVENTORY-MOVEMENT
F10.04.A02,F10,F10.04,Inventory Planning,reorder points,AGG-10-PLANNING,PLN-SUPPLY-PLAN,Supply / Inventory Plan,execute,command,false,false,true,AGG-10-INVENTORY-MOVEMENT
F10.04.A03,F10,F10.04,Inventory Planning,target stock levels,AGG-10-PLANNING,PLN-SUPPLY-PLAN,Supply / Inventory Plan,execute,command,false,false,true,AGG-10-INVENTORY-MOVEMENT
F10.04.A04,F10,F10.04,Inventory Planning,optimise inventory,AGG-10-PLANNING,PLN-SUPPLY-PLAN,Supply / Inventory Plan,execute,command,false,false,true,AGG-10-INVENTORY-MOVEMENT
F10.05.A01,F10,F10.05,Material Requirements,Calculate requirements,AGG-10-PLANNING,PLN-DEMAND-PLAN,Demand / Supply Plan,analyse,query,false,false,false,AGG-10-ITEM
F10.05.A02,F10,F10.05,Material Requirements,schedule replenishment,AGG-10-PLANNING,PLN-DEMAND-PLAN,Demand / Supply Plan,allocate,command,false,false,true,AGG-10-ITEM
F10.05.A03,F10,F10.05,Material Requirements,release purchase/production requirements,AGG-10-PLANNING,PLN-DEMAND-PLAN,Demand / Supply Plan,publish,command,true,true,true,AGG-10-ITEM
F10.06.A01,F10,F10.06,Warehouse Management,Receive,AGG-10-INVENTORY-STORAGE,INV-WAREHOUSE,Warehouse / Storage,receive,command,false,false,true,AGG-10-INVENTORY-MOVEMENT
F10.06.A02,F10,F10.06,Warehouse Management,inspect,AGG-10-INVENTORY-STORAGE,INV-WAREHOUSE,Warehouse / Storage,review,command,false,false,true,AGG-10-INVENTORY-MOVEMENT
F10.06.A03,F10,F10.06,Warehouse Management,put away,AGG-10-INVENTORY-STORAGE,INV-WAREHOUSE,Warehouse / Storage,execute,command,false,false,true,AGG-10-INVENTORY-MOVEMENT
F10.06.A04,F10,F10.06,Warehouse Management,move,AGG-10-INVENTORY-STORAGE,INV-WAREHOUSE,Warehouse / Storage,execute,command,false,false,true,AGG-10-INVENTORY-MOVEMENT
F10.06.A05,F10,F10.06,Warehouse Management,pick,AGG-10-INVENTORY-STORAGE,INV-WAREHOUSE,Warehouse / Storage,execute,command,false,false,true,AGG-10-INVENTORY-MOVEMENT
F10.06.A06,F10,F10.06,Warehouse Management,pack,AGG-10-INVENTORY-STORAGE,INV-WAREHOUSE,Warehouse / Storage,execute,command,false,false,true,AGG-10-INVENTORY-MOVEMENT
F10.06.A07,F10,F10.06,Warehouse Management,dispatch,AGG-10-INVENTORY-STORAGE,INV-WAREHOUSE,Warehouse / Storage,issue,command,false,false,true,AGG-10-INVENTORY-MOVEMENT
F10.07.A01,F10,F10.07,Inventory Control,Count inventory,AGG-10-STOCK-COUNT,INV-STOCK-COUNT,Stock Count,execute,command,false,false,true,AGG-10-PLANNING|AGG-10-INVENTORY-MOVEMENT
F10.07.A02,F10,F10.07,Inventory Control,reconcile variance,AGG-10-INVENTORY-ADJUSTMENT,INV-ADJUSTMENT,Inventory Adjustment,reconcile,command,false,false,true,AGG-10-PLANNING|AGG-10-INVENTORY-MOVEMENT
F10.07.A03,F10,F10.07,Inventory Control,manage adjustments,AGG-10-INVENTORY-ADJUSTMENT,INV-ADJUSTMENT,Inventory Adjustment,configure,command,false,false,true,AGG-10-PLANNING|AGG-10-INVENTORY-MOVEMENT
F10.07.A04,F10,F10.07,Inventory Control,quarantine stock,AGG-10-INVENTORY-QUARANTINE,INV-QUARANTINE,Inventory Quarantine,execute,command,false,false,true,AGG-10-PLANNING|AGG-10-INVENTORY-MOVEMENT
F10.08.A01,F10,F10.08,Transport Management,Plan routes,AGG-10-LOGISTICS,LOG-SHIPMENT,Shipment / Logistics,allocate,command,false,false,true,AGG-10-INVENTORY-MOVEMENT
F10.08.A02,F10,F10.08,Transport Management,select carrier,AGG-10-LOGISTICS,LOG-SHIPMENT,Shipment / Logistics,approve,command,true,true,true,AGG-10-INVENTORY-MOVEMENT
F10.08.A03,F10,F10.08,Transport Management,tender loads,AGG-10-LOGISTICS,LOG-SHIPMENT,Shipment / Logistics,execute,command,false,false,true,AGG-10-INVENTORY-MOVEMENT
F10.08.A04,F10,F10.08,Transport Management,track delivery,AGG-10-LOGISTICS,LOG-SHIPMENT,Shipment / Logistics,monitor,query,false,false,false,AGG-10-INVENTORY-MOVEMENT
F10.08.A05,F10,F10.08,Transport Management,reconcile freight,AGG-10-LOGISTICS,LOG-SHIPMENT,Shipment / Logistics,reconcile,command,false,false,true,AGG-10-INVENTORY-MOVEMENT
F10.09.A01,F10,F10.09,Distribution,Allocate orders,AGG-10-LOGISTICS,LOG-SHIPMENT,Shipment / Logistics,allocate,command,false,false,true,AGG-10-INVENTORY-MOVEMENT
F10.09.A02,F10,F10.09,Distribution,schedule dispatch,AGG-10-LOGISTICS,LOG-SHIPMENT,Shipment / Logistics,allocate,command,false,false,true,AGG-10-INVENTORY-MOVEMENT
F10.09.A03,F10,F10.09,Distribution,fulfil deliveries,AGG-10-LOGISTICS,LOG-SHIPMENT,Shipment / Logistics,execute,command,false,false,true,AGG-10-INVENTORY-MOVEMENT
F10.09.A04,F10,F10.09,Distribution,confirm receipt,AGG-10-LOGISTICS,LOG-SHIPMENT,Shipment / Logistics,execute,command,false,false,true,AGG-10-INVENTORY-MOVEMENT
F10.10.A01,F10,F10.10,Import / Export,Classify goods,AGG-10-TRADE-DECLARATION,LOG-TRADE-DECLARATION,Trade Declaration,execute,command,false,false,true,AGG-21-CONTROL|AGG-10-LOGISTICS
F10.10.A02,F10,F10.10,Import / Export,prepare customs documentation,AGG-10-TRADE-DECLARATION,LOG-TRADE-DECLARATION,Trade Declaration,execute,command,false,false,true,AGG-21-CONTROL|AGG-10-LOGISTICS
F10.10.A03,F10,F10.10,Import / Export,obtain licences,AGG-10-TRADE-DECLARATION,LOG-TRADE-DECLARATION,Trade Declaration,execute,command,false,false,true,AGG-21-CONTROL|AGG-10-LOGISTICS
F10.10.A04,F10,F10.10,Import / Export,clear customs,AGG-10-TRADE-DECLARATION,LOG-TRADE-DECLARATION,Trade Declaration,execute,command,false,false,true,AGG-21-CONTROL|AGG-10-LOGISTICS
F10.11.A01,F10,F10.11,Reverse Logistics,Receive returns,AGG-10-LOGISTICS,LOG-SHIPMENT,Shipment / Logistics,receive,command,false,false,true,AGG-10-INVENTORY-MOVEMENT
F10.11.A02,F10,F10.11,Reverse Logistics,inspect,AGG-10-LOGISTICS,LOG-SHIPMENT,Shipment / Logistics,review,command,false,false,true,AGG-10-INVENTORY-MOVEMENT
F10.11.A03,F10,F10.11,Reverse Logistics,refurbish,AGG-10-LOGISTICS,LOG-SHIPMENT,Shipment / Logistics,execute,command,false,false,true,AGG-10-INVENTORY-MOVEMENT
F10.11.A04,F10,F10.11,Reverse Logistics,recycle,AGG-10-LOGISTICS,LOG-SHIPMENT,Shipment / Logistics,execute,command,false,false,true,AGG-10-INVENTORY-MOVEMENT
F10.11.A05,F10,F10.11,Reverse Logistics,dispose,AGG-10-LOGISTICS,LOG-SHIPMENT,Shipment / Logistics,retire,command,false,false,true,AGG-10-INVENTORY-MOVEMENT
F10.11.A06,F10,F10.11,Reverse Logistics,return to supplier,AGG-10-LOGISTICS,LOG-SHIPMENT,Shipment / Logistics,execute,command,false,false,true,AGG-10-INVENTORY-MOVEMENT
F10.12.A01,F10,F10.12,Supply Chain Analytics,Monitor OTIF,AGG-02-PERFORMANCE,SGP-PERFORMANCE-SNAPSHOT,Supply Chain Performance,monitor,query,false,false,false,AGG-24-DATA
F10.12.A02,F10,F10.12,Supply Chain Analytics,inventory turns,AGG-02-PERFORMANCE,SGP-PERFORMANCE-SNAPSHOT,Supply Chain Performance,analyse,query,false,false,false,AGG-24-DATA
F10.12.A03,F10,F10.12,Supply Chain Analytics,lead time,AGG-02-PERFORMANCE,SGP-PERFORMANCE-SNAPSHOT,Supply Chain Performance,analyse,query,false,false,false,AGG-24-DATA
F10.12.A04,F10,F10.12,Supply Chain Analytics,capacity,AGG-02-PERFORMANCE,SGP-PERFORMANCE-SNAPSHOT,Supply Chain Performance,analyse,query,false,false,false,AGG-24-DATA
F10.12.A05,F10,F10.12,Supply Chain Analytics,logistics costs,AGG-02-PERFORMANCE,SGP-PERFORMANCE-SNAPSHOT,Supply Chain Performance,record,command,false,false,true,AGG-24-DATA
F10.13.A01,F10,F10.13,Supply Chain Risk,Identify dependencies,AGG-21-RISK,RISK-ENTERPRISE-RISK,Supply Chain Risk,analyse,query,false,false,false,
F10.13.A02,F10,F10.13,Supply Chain Risk,monitor disruption,AGG-21-RISK,RISK-ENTERPRISE-RISK,Supply Chain Risk,monitor,query,false,false,false,
F10.13.A03,F10,F10.13,Supply Chain Risk,qualify alternatives,AGG-21-RISK,RISK-ENTERPRISE-RISK,Supply Chain Risk,execute,command,false,false,true,
F10.13.A04,F10,F10.13,Supply Chain Risk,activate contingencies,AGG-21-RISK,RISK-ENTERPRISE-RISK,Supply Chain Risk,execute,command,false,false,true,
F11.01.A01,F11,F11.01,Production Planning,Translate demand,AGG-11-MFG-DEFINITION,MFG-DEFINITION,Manufacturing Definition / Plan,execute,command,false,false,true,AGG-10-PLANNING
F11.01.A02,F11,F11.01,Production Planning,create production plan,AGG-11-MFG-DEFINITION,MFG-DEFINITION,Manufacturing Definition / Plan,create,command,false,false,true,AGG-10-PLANNING
F11.01.A03,F11,F11.01,Production Planning,determine capacity,AGG-11-MFG-DEFINITION,MFG-DEFINITION,Manufacturing Definition / Plan,analyse,query,false,false,false,AGG-10-PLANNING
F11.01.A04,F11,F11.01,Production Planning,schedule production,AGG-11-MFG-DEFINITION,MFG-DEFINITION,Manufacturing Definition / Plan,allocate,command,false,false,true,AGG-10-PLANNING
F11.02.A01,F11,F11.02,Production Scheduling,Sequence jobs,AGG-11-MFG-DEFINITION,MFG-DEFINITION,Manufacturing Definition / Plan,execute,command,false,false,true,AGG-10-PLANNING
F11.02.A02,F11,F11.02,Production Scheduling,allocate machines,AGG-11-MFG-DEFINITION,MFG-DEFINITION,Manufacturing Definition / Plan,allocate,command,false,false,true,AGG-10-PLANNING
F11.02.A03,F11,F11.02,Production Scheduling,allocate labour,AGG-11-MFG-DEFINITION,MFG-DEFINITION,Manufacturing Definition / Plan,allocate,command,false,false,true,AGG-10-PLANNING
F11.02.A04,F11,F11.02,Production Scheduling,release work orders,AGG-11-MFG-DEFINITION,MFG-DEFINITION,Manufacturing Definition / Plan,publish,command,true,true,true,AGG-10-PLANNING
F11.03.A01,F11,F11.03,Material Staging,Pick materials,AGG-10-INVENTORY-MOVEMENT,INV-MOVEMENT,Material / Packaging Movement,execute,command,false,false,true,AGG-11-PRODUCTION
F11.03.A02,F11,F11.03,Material Staging,issue to production,AGG-10-INVENTORY-MOVEMENT,INV-MOVEMENT,Material / Packaging Movement,issue,command,false,false,true,AGG-11-PRODUCTION
F11.03.A03,F11,F11.03,Material Staging,verify availability,AGG-10-INVENTORY-MOVEMENT,INV-MOVEMENT,Material / Packaging Movement,review,command,false,false,true,AGG-11-PRODUCTION
F11.03.A04,F11,F11.03,Material Staging,record consumption,AGG-10-INVENTORY-MOVEMENT,INV-MOVEMENT,Material / Packaging Movement,record,command,false,false,true,AGG-11-PRODUCTION
F11.04.A01,F11,F11.04,Production Execution,Set up equipment,AGG-11-PRODUCTION,MFG-PRODUCTION-ORDER,Production Order,create,command,false,false,true,AGG-10-INVENTORY-MOVEMENT
F11.04.A02,F11,F11.04,Production Execution,perform operation,AGG-11-PRODUCTION,MFG-PRODUCTION-ORDER,Production Order,execute,command,false,false,true,AGG-10-INVENTORY-MOVEMENT
F11.04.A03,F11,F11.04,Production Execution,record output,AGG-11-PRODUCTION,MFG-PRODUCTION-ORDER,Production Order,record,command,false,false,true,AGG-10-INVENTORY-MOVEMENT
F11.04.A04,F11,F11.04,Production Execution,report downtime,AGG-11-PRODUCTION,MFG-PRODUCTION-ORDER,Production Order,execute,command,false,false,true,AGG-10-INVENTORY-MOVEMENT
F11.05.A01,F11,F11.05,Process Control,Monitor parameters,AGG-11-PRODUCTION,MFG-PRODUCTION-ORDER,Production Order,monitor,query,false,false,false,AGG-10-INVENTORY-MOVEMENT
F11.05.A02,F11,F11.05,Process Control,inspect output,AGG-11-PRODUCTION,MFG-PRODUCTION-ORDER,Production Order,review,command,false,false,true,AGG-10-INVENTORY-MOVEMENT
F11.05.A03,F11,F11.05,Process Control,adjust equipment/process,AGG-11-PRODUCTION,MFG-PRODUCTION-ORDER,Production Order,change,command,false,false,true,AGG-10-INVENTORY-MOVEMENT
F11.06.A01,F11,F11.06,Work-in-progress,Track WIP,AGG-11-PRODUCTION,MFG-PRODUCTION-ORDER,Production Order,monitor,query,false,false,false,AGG-10-INVENTORY-MOVEMENT
F11.06.A02,F11,F11.06,Work-in-progress,move materials,AGG-11-PRODUCTION,MFG-PRODUCTION-ORDER,Production Order,execute,command,false,false,true,AGG-10-INVENTORY-MOVEMENT
F11.06.A03,F11,F11.06,Work-in-progress,manage queues,AGG-11-PRODUCTION,MFG-PRODUCTION-ORDER,Production Order,configure,command,false,false,true,AGG-10-INVENTORY-MOVEMENT
F11.06.A04,F11,F11.06,Work-in-progress,reconcile quantities,AGG-11-PRODUCTION,MFG-PRODUCTION-ORDER,Production Order,reconcile,command,false,false,true,AGG-10-INVENTORY-MOVEMENT
F11.07.A01,F11,F11.07,Packaging,Pack,AGG-10-INVENTORY-MOVEMENT,INV-MOVEMENT,Material / Packaging Movement,execute,command,false,false,true,AGG-11-PRODUCTION
F11.07.A02,F11,F11.07,Packaging,label,AGG-10-INVENTORY-MOVEMENT,INV-MOVEMENT,Material / Packaging Movement,execute,command,false,false,true,AGG-11-PRODUCTION
F11.07.A03,F11,F11.07,Packaging,verify,AGG-10-INVENTORY-MOVEMENT,INV-MOVEMENT,Material / Packaging Movement,review,command,false,false,true,AGG-11-PRODUCTION
F11.07.A04,F11,F11.07,Packaging,palletise,AGG-10-INVENTORY-MOVEMENT,INV-MOVEMENT,Material / Packaging Movement,execute,command,false,false,true,AGG-11-PRODUCTION
F11.07.A05,F11,F11.07,Packaging,stage finished goods,AGG-10-INVENTORY-MOVEMENT,INV-MOVEMENT,Material / Packaging Movement,execute,command,false,false,true,AGG-11-PRODUCTION
F11.08.A01,F11,F11.08,Production Reporting,Record yield,AGG-11-PRODUCTION,MFG-PRODUCTION-ORDER,Production Order,record,command,false,false,true,AGG-10-INVENTORY-MOVEMENT
F11.08.A02,F11,F11.08,Production Reporting,scrap,AGG-11-PRODUCTION,MFG-PRODUCTION-ORDER,Production Order,execute,command,false,false,true,AGG-10-INVENTORY-MOVEMENT
F11.08.A03,F11,F11.08,Production Reporting,downtime,AGG-11-PRODUCTION,MFG-PRODUCTION-ORDER,Production Order,execute,command,false,false,true,AGG-10-INVENTORY-MOVEMENT
F11.08.A04,F11,F11.08,Production Reporting,labour,AGG-11-PRODUCTION,MFG-PRODUCTION-ORDER,Production Order,execute,command,false,false,true,AGG-10-INVENTORY-MOVEMENT
F11.08.A05,F11,F11.08,Production Reporting,throughput,AGG-11-PRODUCTION,MFG-PRODUCTION-ORDER,Production Order,execute,command,false,false,true,AGG-10-INVENTORY-MOVEMENT
F11.08.A06,F11,F11.08,Production Reporting,efficiency,AGG-11-PRODUCTION,MFG-PRODUCTION-ORDER,Production Order,execute,command,false,false,true,AGG-10-INVENTORY-MOVEMENT
F11.09.A01,F11,F11.09,Capacity Management,Calculate capacity,AGG-11-MFG-DEFINITION,MFG-DEFINITION,Manufacturing Definition / Plan,analyse,query,false,false,false,AGG-10-PLANNING
F11.09.A02,F11,F11.09,Capacity Management,identify constraints,AGG-11-MFG-DEFINITION,MFG-DEFINITION,Manufacturing Definition / Plan,analyse,query,false,false,false,AGG-10-PLANNING
F11.09.A03,F11,F11.09,Capacity Management,balance loads,AGG-11-MFG-DEFINITION,MFG-DEFINITION,Manufacturing Definition / Plan,execute,command,false,false,true,AGG-10-PLANNING
F11.09.A04,F11,F11.09,Capacity Management,increase/decrease capacity,AGG-11-MFG-DEFINITION,MFG-DEFINITION,Manufacturing Definition / Plan,execute,command,false,false,true,AGG-10-PLANNING
F11.10.A01,F11,F11.10,Maintenance Coordination,Schedule equipment access,AGG-17-WORK-ORDER,OPS-WORK-ORDER,Maintenance Work Order,allocate,command,false,false,true,AGG-11-PRODUCTION
F11.10.A02,F11,F11.10,Maintenance Coordination,report faults,AGG-17-WORK-ORDER,OPS-WORK-ORDER,Maintenance Work Order,execute,command,false,false,true,AGG-11-PRODUCTION
F11.10.A03,F11,F11.10,Maintenance Coordination,coordinate planned maintenance,AGG-17-WORK-ORDER,OPS-WORK-ORDER,Maintenance Work Order,execute,command,false,false,true,AGG-11-PRODUCTION
F11.11.A01,F11,F11.11,Lean Operations,Identify waste,AGG-26-IMPROVEMENT-OPPORTUNITY,PROC-IMPROVEMENT-OPPORTUNITY,Improvement Opportunity,analyse,query,false,false,false,AGG-11-PRODUCTION|AGG-26-PROCESS
F11.11.A02,F11,F11.11,Lean Operations,improve flow,AGG-26-IMPROVEMENT-OPPORTUNITY,PROC-IMPROVEMENT-OPPORTUNITY,Improvement Opportunity,change,command,false,false,true,AGG-11-PRODUCTION|AGG-26-PROCESS
F11.11.A03,F11,F11.11,Lean Operations,standardise work,AGG-26-IMPROVEMENT-OPPORTUNITY,PROC-IMPROVEMENT-OPPORTUNITY,Improvement Opportunity,execute,command,false,false,true,AGG-11-PRODUCTION|AGG-26-PROCESS
F11.11.A04,F11,F11.11,Lean Operations,conduct Kaizen,AGG-26-IMPROVEMENT-OPPORTUNITY,PROC-IMPROVEMENT-OPPORTUNITY,Improvement Opportunity,execute,command,false,false,true,AGG-11-PRODUCTION|AGG-26-PROCESS
F12.01.A01,F12,F12.01,Service Planning,Define delivery model,AGG-17-SERVICE,OPS-SERVICE-CASE,Service Case / Plan,create,command,false,false,true,AGG-18-WORKFORCE
F12.01.A02,F12,F12.01,Service Planning,resource requirements,AGG-17-SERVICE,OPS-SERVICE-CASE,Service Case / Plan,allocate,command,false,false,true,AGG-18-WORKFORCE
F12.01.A03,F12,F12.01,Service Planning,standards,AGG-17-SERVICE,OPS-SERVICE-CASE,Service Case / Plan,execute,command,false,false,true,AGG-18-WORKFORCE
F12.01.A04,F12,F12.01,Service Planning,capacity,AGG-17-SERVICE,OPS-SERVICE-CASE,Service Case / Plan,execute,command,false,false,true,AGG-18-WORKFORCE
F12.02.A01,F12,F12.02,Service Scheduling,Schedule appointments/jobs,AGG-17-SERVICE,OPS-SERVICE-CASE,Service Case / Plan,allocate,command,false,false,true,AGG-18-WORKFORCE
F12.02.A02,F12,F12.02,Service Scheduling,assign personnel,AGG-17-SERVICE,OPS-SERVICE-CASE,Service Case / Plan,allocate,command,false,false,true,AGG-18-WORKFORCE
F12.02.A03,F12,F12.02,Service Scheduling,optimise resources,AGG-17-SERVICE,OPS-SERVICE-CASE,Service Case / Plan,execute,command,false,false,true,AGG-18-WORKFORCE
F12.03.A01,F12,F12.03,Resource Dispatch,Select resource,AGG-17-SERVICE,OPS-SERVICE-APPOINTMENT,Service Appointment,approve,command,true,true,true,AGG-18-WORKFORCE
F12.03.A02,F12,F12.03,Resource Dispatch,issue work,AGG-17-SERVICE,OPS-SERVICE-APPOINTMENT,Service Appointment,issue,command,false,false,true,AGG-18-WORKFORCE
F12.03.A03,F12,F12.03,Resource Dispatch,route resource,AGG-17-SERVICE,OPS-SERVICE-APPOINTMENT,Service Appointment,execute,command,false,false,true,AGG-18-WORKFORCE
F12.03.A04,F12,F12.03,Resource Dispatch,monitor progress,AGG-17-SERVICE,OPS-SERVICE-APPOINTMENT,Service Appointment,monitor,query,false,false,false,AGG-18-WORKFORCE
F12.04.A01,F12,F12.04,Service Execution,Perform service,AGG-17-WORK-ORDER,OPS-WORK-ORDER,Work Order,execute,command,false,false,true,AGG-12-FIELD-EXECUTION
F12.04.A02,F12,F12.04,Service Execution,record work,AGG-17-WORK-ORDER,OPS-WORK-ORDER,Work Order,record,command,false,false,true,AGG-12-FIELD-EXECUTION
F12.04.A03,F12,F12.04,Service Execution,capture evidence,AGG-17-WORK-ORDER,OPS-WORK-ORDER,Work Order,create,command,false,false,true,AGG-12-FIELD-EXECUTION
F12.04.A04,F12,F12.04,Service Execution,complete service,AGG-17-WORK-ORDER,OPS-WORK-ORDER,Work Order,close,command,false,false,true,AGG-12-FIELD-EXECUTION
F12.05.A01,F12,F12.05,Field Service,Travel to site,AGG-17-WORK-ORDER,OPS-WORK-ORDER,Work Order,execute,command,false,false,true,AGG-12-FIELD-EXECUTION
F12.05.A02,F12,F12.05,Field Service,inspect,AGG-17-WORK-ORDER,OPS-WORK-ORDER,Work Order,review,command,false,false,true,AGG-12-FIELD-EXECUTION
F12.05.A03,F12,F12.05,Field Service,repair/install,AGG-17-WORK-ORDER,OPS-WORK-ORDER,Work Order,execute,command,false,false,true,AGG-12-FIELD-EXECUTION
F12.05.A04,F12,F12.05,Field Service,test,AGG-17-WORK-ORDER,OPS-WORK-ORDER,Work Order,review,command,false,false,true,AGG-12-FIELD-EXECUTION
F12.05.A05,F12,F12.05,Field Service,obtain customer acceptance,AGG-17-WORK-ORDER,OPS-WORK-ORDER,Work Order,execute,command,false,false,true,AGG-12-FIELD-EXECUTION
F12.06.A01,F12,F12.06,Professional Services,Define engagement,AGG-06-PROJECT,CBO-PROJECT,Project / Professional Service,create,command,false,false,true,AGG-18-WORKFORCE
F12.06.A02,F12,F12.06,Professional Services,plan resources,AGG-06-PROJECT,CBO-PROJECT,Project / Professional Service,allocate,command,false,false,true,AGG-18-WORKFORCE
F12.06.A03,F12,F12.06,Professional Services,perform work,AGG-06-PROJECT,CBO-PROJECT,Project / Professional Service,execute,command,false,false,true,AGG-18-WORKFORCE
F12.06.A04,F12,F12.06,Professional Services,deliver outputs,AGG-06-PROJECT,CBO-PROJECT,Project / Professional Service,execute,command,false,false,true,AGG-18-WORKFORCE
F12.07.A01,F12,F12.07,Service Acceptance,Validate completion,AGG-17-SERVICE-ACCEPTANCE,OPS-SERVICE-ACCEPTANCE,Service Acceptance,review,command,false,false,true,AGG-17-SERVICE
F12.07.A02,F12,F12.07,Service Acceptance,obtain sign-off,AGG-17-SERVICE-ACCEPTANCE,OPS-SERVICE-ACCEPTANCE,Service Acceptance,execute,command,false,false,true,AGG-17-SERVICE
F12.07.A03,F12,F12.07,Service Acceptance,close order,AGG-17-SERVICE-ACCEPTANCE,OPS-SERVICE-ACCEPTANCE,Service Acceptance,close,command,false,false,true,AGG-17-SERVICE
F12.07.A04,F12,F12.07,Service Acceptance,trigger billing,AGG-17-SERVICE-ACCEPTANCE,OPS-SERVICE-ACCEPTANCE,Service Acceptance,execute,command,false,false,true,AGG-17-SERVICE
F12.08.A01,F12,F12.08,Service Quality,Monitor SLA,AGG-13-INSPECTION,QHSE-INSPECTION,Service Quality Evidence,monitor,query,false,false,false,AGG-17-SERVICE|AGG-13-QUALITY
F12.08.A02,F12,F12.08,Service Quality,assess quality,AGG-13-INSPECTION,QHSE-INSPECTION,Service Quality Evidence,review,command,false,false,true,AGG-17-SERVICE|AGG-13-QUALITY
F12.08.A03,F12,F12.08,Service Quality,resolve deficiencies,AGG-13-INSPECTION,QHSE-INSPECTION,Service Quality Evidence,close,command,false,false,true,AGG-17-SERVICE|AGG-13-QUALITY
F12.09.A01,F12,F12.09,Service Capacity,Forecast workload,AGG-17-SERVICE,OPS-SERVICE-CASE,Service Case / Plan,analyse,query,false,false,false,AGG-18-WORKFORCE
F12.09.A02,F12,F12.09,Service Capacity,plan workforce,AGG-17-SERVICE,OPS-SERVICE-CASE,Service Case / Plan,allocate,command,false,false,true,AGG-18-WORKFORCE
F12.09.A03,F12,F12.09,Service Capacity,balance demand and capacity,AGG-17-SERVICE,OPS-SERVICE-CASE,Service Case / Plan,execute,command,false,false,true,AGG-18-WORKFORCE
F12.10.A01,F12,F12.10,Service Performance,Measure productivity,AGG-02-PERFORMANCE,SGP-PERFORMANCE-SNAPSHOT,Service Performance,monitor,query,false,false,false,AGG-17-SERVICE
F12.10.A02,F12,F12.10,Service Performance,utilisation,AGG-02-PERFORMANCE,SGP-PERFORMANCE-SNAPSHOT,Service Performance,analyse,query,false,false,false,AGG-17-SERVICE
F12.10.A03,F12,F12.10,Service Performance,SLA,AGG-02-PERFORMANCE,SGP-PERFORMANCE-SNAPSHOT,Service Performance,analyse,query,false,false,false,AGG-17-SERVICE
F12.10.A04,F12,F12.10,Service Performance,first-time-fix,AGG-02-PERFORMANCE,SGP-PERFORMANCE-SNAPSHOT,Service Performance,analyse,query,false,false,false,AGG-17-SERVICE
F12.10.A05,F12,F12.10,Service Performance,cost-to-serve,AGG-02-PERFORMANCE,SGP-PERFORMANCE-SNAPSHOT,Service Performance,analyse,query,false,false,false,AGG-17-SERVICE
F13.01.A01,F13,F13.01,Quality Strategy,Establish quality objectives,AGG-13-QUALITY-PLAN,QHSE-QUALITY-PLAN,Quality Plan,create,command,false,false,true,AGG-13-QUALITY
F13.01.A02,F13,F13.01,Quality Strategy,policies,AGG-13-QUALITY-PLAN,QHSE-QUALITY-PLAN,Quality Plan,execute,command,false,false,true,AGG-13-QUALITY
F13.01.A03,F13,F13.01,Quality Strategy,governance,AGG-13-QUALITY-PLAN,QHSE-QUALITY-PLAN,Quality Plan,configure,command,false,false,true,AGG-13-QUALITY
F13.01.A04,F13,F13.01,Quality Strategy,standards,AGG-13-QUALITY-PLAN,QHSE-QUALITY-PLAN,Quality Plan,execute,command,false,false,true,AGG-13-QUALITY
F13.02.A01,F13,F13.02,Quality Planning,Define quality requirements,AGG-13-QUALITY-PLAN,QHSE-QUALITY-PLAN,Quality Plan,create,command,false,false,true,AGG-13-QUALITY
F13.02.A02,F13,F13.02,Quality Planning,inspection plans,AGG-13-QUALITY-PLAN,QHSE-QUALITY-PLAN,Quality Plan,review,command,false,false,true,AGG-13-QUALITY
F13.02.A03,F13,F13.02,Quality Planning,acceptance criteria,AGG-13-QUALITY-PLAN,QHSE-QUALITY-PLAN,Quality Plan,approve,command,true,true,true,AGG-13-QUALITY
F13.03.A01,F13,F13.03,Quality Assurance,Audit processes,AGG-13-QUALITY,QHSE-ITP,Inspection / Assurance Plan,review,command,false,false,true,AGG-09-SOURCING
F13.03.A02,F13,F13.03,Quality Assurance,review compliance,AGG-13-QUALITY,QHSE-ITP,Inspection / Assurance Plan,review,command,false,false,true,AGG-09-SOURCING
F13.03.A03,F13,F13.03,Quality Assurance,verify controls,AGG-13-QUALITY,QHSE-ITP,Inspection / Assurance Plan,review,command,false,false,true,AGG-09-SOURCING
F13.04.A01,F13,F13.04,Quality Control,Inspect,AGG-13-INSPECTION,QHSE-INSPECTION,Inspection / Test,review,command,false,false,true,AGG-13-QUALITY
F13.04.A02,F13,F13.04,Quality Control,test,AGG-13-INSPECTION,QHSE-INSPECTION,Inspection / Test,review,command,false,false,true,AGG-13-QUALITY
F13.04.A03,F13,F13.04,Quality Control,sample,AGG-13-INSPECTION,QHSE-INSPECTION,Inspection / Test,execute,command,false,false,true,AGG-13-QUALITY
F13.04.A04,F13,F13.04,Quality Control,accept/reject,AGG-13-INSPECTION,QHSE-INSPECTION,Inspection / Test,approve,command,true,true,true,AGG-13-QUALITY
F13.04.A05,F13,F13.04,Quality Control,quarantine,AGG-13-INSPECTION,QHSE-INSPECTION,Inspection / Test,execute,command,false,false,true,AGG-13-QUALITY
F13.05.A01,F13,F13.05,Non-conformance,Record defect,AGG-13-NONCONFORMANCE,QHSE-NCR,Nonconformance Report,record,command,false,false,true,
F13.05.A02,F13,F13.05,Non-conformance,contain issue,AGG-13-NONCONFORMANCE,QHSE-NCR,Nonconformance Report,execute,command,false,false,true,
F13.05.A03,F13,F13.05,Non-conformance,classify,AGG-13-NONCONFORMANCE,QHSE-NCR,Nonconformance Report,execute,command,false,false,true,
F13.05.A04,F13,F13.05,Non-conformance,investigate,AGG-13-NONCONFORMANCE,QHSE-NCR,Nonconformance Report,analyse,query,false,false,false,
F13.05.A05,F13,F13.05,Non-conformance,disposition,AGG-13-NONCONFORMANCE,QHSE-NCR,Nonconformance Report,execute,command,false,false,true,
F13.06.A01,F13,F13.06,Corrective / Preventive Action,Root-cause analysis,AGG-13-CAPA-CASE,QHSE-CAPA-CASE,CAPA Case,execute,command,false,false,true,AGG-13-NONCONFORMANCE
F13.06.A02,F13,F13.06,Corrective / Preventive Action,define CAPA,AGG-13-CAPA-CASE,QHSE-CAPA-CASE,CAPA Case,create,command,false,false,true,AGG-13-NONCONFORMANCE
F13.06.A03,F13,F13.06,Corrective / Preventive Action,implement,AGG-13-CAPA-CASE,QHSE-CAPA-CASE,CAPA Case,execute,command,false,false,true,AGG-13-NONCONFORMANCE
F13.06.A04,F13,F13.06,Corrective / Preventive Action,verify effectiveness,AGG-13-CAPA-CASE,QHSE-CAPA-CASE,CAPA Case,review,command,false,false,true,AGG-13-NONCONFORMANCE
F13.07.A01,F13,F13.07,Supplier Quality,Audit supplier,AGG-13-QUALITY,QHSE-ITP,Inspection / Assurance Plan,review,command,false,false,true,AGG-09-SOURCING
F13.07.A02,F13,F13.07,Supplier Quality,inspect incoming goods,AGG-13-QUALITY,QHSE-ITP,Inspection / Assurance Plan,review,command,false,false,true,AGG-09-SOURCING
F13.07.A03,F13,F13.07,Supplier Quality,manage supplier corrective actions,AGG-13-QUALITY,QHSE-ITP,Inspection / Assurance Plan,configure,command,false,false,true,AGG-09-SOURCING
F13.08.A01,F13,F13.08,Quality Documentation,Maintain specifications,AGG-07-INFORMATION,CBO-INFORMATION-CONTAINER,Controlled Quality Information,change,command,false,false,true,
F13.08.A02,F13,F13.08,Quality Documentation,procedures,AGG-07-INFORMATION,CBO-INFORMATION-CONTAINER,Controlled Quality Information,execute,command,false,false,true,
F13.08.A03,F13,F13.08,Quality Documentation,inspection records,AGG-07-INFORMATION,CBO-INFORMATION-CONTAINER,Controlled Quality Information,review,command,false,false,true,
F13.08.A04,F13,F13.08,Quality Documentation,certificates,AGG-07-INFORMATION,CBO-INFORMATION-CONTAINER,Controlled Quality Information,execute,command,true,true,true,
F13.09.A01,F13,F13.09,Continuous Improvement,Identify opportunities,AGG-26-IMPROVEMENT-OPPORTUNITY,PROC-IMPROVEMENT-OPPORTUNITY,Improvement Opportunity,analyse,query,false,false,false,AGG-13-NONCONFORMANCE|AGG-26-PROCESS
F13.09.A02,F13,F13.09,Continuous Improvement,analyse process,AGG-26-IMPROVEMENT-OPPORTUNITY,PROC-IMPROVEMENT-OPPORTUNITY,Improvement Opportunity,analyse,query,false,false,false,AGG-13-NONCONFORMANCE|AGG-26-PROCESS
F13.09.A03,F13,F13.09,Continuous Improvement,implement improvement,AGG-26-IMPROVEMENT-OPPORTUNITY,PROC-IMPROVEMENT-OPPORTUNITY,Improvement Opportunity,execute,command,false,false,true,AGG-13-NONCONFORMANCE|AGG-26-PROCESS
F13.09.A04,F13,F13.09,Continuous Improvement,measure results,AGG-26-IMPROVEMENT-OPPORTUNITY,PROC-IMPROVEMENT-OPPORTUNITY,Improvement Opportunity,monitor,query,false,false,false,AGG-13-NONCONFORMANCE|AGG-26-PROCESS
F13.10.A01,F13,F13.10,Quality Analytics,Monitor defects,AGG-02-PERFORMANCE,SGP-PERFORMANCE-SNAPSHOT,Quality Performance,monitor,query,false,false,false,
F13.10.A02,F13,F13.10,Quality Analytics,yield,AGG-02-PERFORMANCE,SGP-PERFORMANCE-SNAPSHOT,Quality Performance,analyse,query,false,false,false,
F13.10.A03,F13,F13.10,Quality Analytics,complaints,AGG-02-PERFORMANCE,SGP-PERFORMANCE-SNAPSHOT,Quality Performance,analyse,query,false,false,false,
F13.10.A04,F13,F13.10,Quality Analytics,cost of quality,AGG-02-PERFORMANCE,SGP-PERFORMANCE-SNAPSHOT,Quality Performance,analyse,query,false,false,false,
F13.10.A05,F13,F13.10,Quality Analytics,trends,AGG-02-PERFORMANCE,SGP-PERFORMANCE-SNAPSHOT,Quality Performance,analyse,query,false,false,false,
F14.01.A01,F14,F14.01,Financial Strategy,Establish finance policies,AGG-19-BUDGET,FIN-BUDGET,Budget / Forecast / Capex,create,command,false,false,true,AGG-02-STRATEGY|AGG-19-LEDGER
F14.01.A02,F14,F14.01,Financial Strategy,capital strategy,AGG-19-BUDGET,FIN-BUDGET,Budget / Forecast / Capex,execute,command,false,false,true,AGG-02-STRATEGY|AGG-19-LEDGER
F14.01.A03,F14,F14.01,Financial Strategy,financial objectives,AGG-19-BUDGET,FIN-BUDGET,Budget / Forecast / Capex,execute,command,false,false,true,AGG-02-STRATEGY|AGG-19-LEDGER
F14.02.A01,F14,F14.02,Budgeting,Collect assumptions,AGG-19-BUDGET,FIN-BUDGET,Budget / Forecast / Capex,receive,command,false,false,true,AGG-02-STRATEGY|AGG-19-LEDGER
F14.02.A02,F14,F14.02,Budgeting,prepare budgets,AGG-19-BUDGET,FIN-BUDGET,Budget / Forecast / Capex,execute,command,false,false,true,AGG-02-STRATEGY|AGG-19-LEDGER
F14.02.A03,F14,F14.02,Budgeting,review,AGG-19-BUDGET,FIN-BUDGET,Budget / Forecast / Capex,review,command,false,false,true,AGG-02-STRATEGY|AGG-19-LEDGER
F14.02.A04,F14,F14.02,Budgeting,approve,AGG-19-BUDGET,FIN-BUDGET,Budget / Forecast / Capex,approve,command,true,true,true,AGG-02-STRATEGY|AGG-19-LEDGER
F14.02.A05,F14,F14.02,Budgeting,revise,AGG-19-BUDGET,FIN-BUDGET,Budget / Forecast / Capex,change,command,false,false,true,AGG-02-STRATEGY|AGG-19-LEDGER
F14.03.A01,F14,F14.03,Forecasting,Produce rolling forecast,AGG-19-BUDGET,FIN-BUDGET,Budget / Forecast / Capex,execute,command,false,false,true,AGG-02-STRATEGY|AGG-19-LEDGER
F14.03.A02,F14,F14.03,Forecasting,model scenarios,AGG-19-BUDGET,FIN-BUDGET,Budget / Forecast / Capex,analyse,query,false,false,false,AGG-02-STRATEGY|AGG-19-LEDGER
F14.03.A03,F14,F14.03,Forecasting,update outlook,AGG-19-BUDGET,FIN-BUDGET,Budget / Forecast / Capex,change,command,false,false,true,AGG-02-STRATEGY|AGG-19-LEDGER
F14.04.A01,F14,F14.04,General Ledger,Maintain chart of accounts,AGG-19-LEDGER,FIN-LEDGER,Ledger / Financial Control,change,command,false,false,true,
F14.04.A02,F14,F14.04,General Ledger,post journals,AGG-19-LEDGER,FIN-LEDGER,Ledger / Financial Control,post,command,false,false,true,
F14.04.A03,F14,F14.04,General Ledger,reconcile,AGG-19-LEDGER,FIN-LEDGER,Ledger / Financial Control,reconcile,command,false,false,true,
F14.04.A04,F14,F14.04,General Ledger,close periods,AGG-19-LEDGER,FIN-LEDGER,Ledger / Financial Control,close,command,false,false,true,
F14.05.A01,F14,F14.05,Accounts Payable,Receive invoice,AGG-19-AP,FIN-SUPPLIER-INVOICE,Payable / Expense,receive,command,false,false,true,AGG-18-PAYROLL
F14.05.A02,F14,F14.05,Accounts Payable,validate,AGG-19-AP,FIN-SUPPLIER-INVOICE,Payable / Expense,review,command,false,false,true,AGG-18-PAYROLL
F14.05.A03,F14,F14.05,Accounts Payable,match,AGG-19-AP,FIN-SUPPLIER-INVOICE,Payable / Expense,reconcile,command,false,false,true,AGG-18-PAYROLL
F14.05.A04,F14,F14.05,Accounts Payable,approve,AGG-19-AP,FIN-SUPPLIER-INVOICE,Payable / Expense,approve,command,true,true,true,AGG-18-PAYROLL
F14.05.A05,F14,F14.05,Accounts Payable,pay,AGG-19-AP,FIN-SUPPLIER-INVOICE,Payable / Expense,execute,command,false,false,true,AGG-18-PAYROLL
F14.05.A06,F14,F14.05,Accounts Payable,reconcile,AGG-19-AP,FIN-SUPPLIER-INVOICE,Payable / Expense,reconcile,command,false,false,true,AGG-18-PAYROLL
F14.06.A01,F14,F14.06,Accounts Receivable,Generate invoice,AGG-19-AR,FIN-CUSTOMER-INVOICE,Receivable / Customer Balance,execute,command,false,false,true,
F14.06.A02,F14,F14.06,Accounts Receivable,post receivable,AGG-19-AR,FIN-CUSTOMER-INVOICE,Receivable / Customer Balance,post,command,false,false,true,
F14.06.A03,F14,F14.06,Accounts Receivable,collect payment,AGG-19-AR,FIN-CUSTOMER-INVOICE,Receivable / Customer Balance,receive,command,false,false,true,
F14.06.A04,F14,F14.06,Accounts Receivable,allocate cash,AGG-19-AR,FIN-CUSTOMER-INVOICE,Receivable / Customer Balance,allocate,command,false,false,true,
F14.07.A01,F14,F14.07,Credit Management,Assess creditworthiness,AGG-19-AR,FIN-CUSTOMER-INVOICE,Receivable / Customer Balance,review,command,false,false,true,
F14.07.A02,F14,F14.07,Credit Management,set limits,AGG-19-AR,FIN-CUSTOMER-INVOICE,Receivable / Customer Balance,create,command,false,false,true,
F14.07.A03,F14,F14.07,Credit Management,monitor exposure,AGG-19-AR,FIN-CUSTOMER-INVOICE,Receivable / Customer Balance,monitor,query,false,false,false,
F14.07.A04,F14,F14.07,Credit Management,suspend/release accounts,AGG-19-AR,FIN-CUSTOMER-INVOICE,Receivable / Customer Balance,execute,command,true,true,true,
F14.08.A01,F14,F14.08,Collections,Identify overdue debt,AGG-19-AR,FIN-CUSTOMER-INVOICE,Receivable / Customer Balance,analyse,query,false,false,false,
F14.08.A02,F14,F14.08,Collections,contact customer,AGG-19-AR,FIN-CUSTOMER-INVOICE,Receivable / Customer Balance,execute,command,false,false,true,
F14.08.A03,F14,F14.08,Collections,negotiate payment,AGG-19-AR,FIN-CUSTOMER-INVOICE,Receivable / Customer Balance,execute,command,false,false,true,
F14.08.A04,F14,F14.08,Collections,escalate,AGG-19-AR,FIN-CUSTOMER-INVOICE,Receivable / Customer Balance,execute,command,false,false,true,
F14.08.A05,F14,F14.08,Collections,write off,AGG-19-AR,FIN-CUSTOMER-INVOICE,Receivable / Customer Balance,execute,command,false,false,true,
F14.09.A01,F14,F14.09,Expense Management,Submit expenses,AGG-19-AP,FIN-SUPPLIER-INVOICE,Payable / Expense,submit,command,false,false,true,AGG-18-PAYROLL
F14.09.A02,F14,F14.09,Expense Management,validate,AGG-19-AP,FIN-SUPPLIER-INVOICE,Payable / Expense,review,command,false,false,true,AGG-18-PAYROLL
F14.09.A03,F14,F14.09,Expense Management,approve,AGG-19-AP,FIN-SUPPLIER-INVOICE,Payable / Expense,approve,command,true,true,true,AGG-18-PAYROLL
F14.09.A04,F14,F14.09,Expense Management,reimburse,AGG-19-AP,FIN-SUPPLIER-INVOICE,Payable / Expense,execute,command,false,false,true,AGG-18-PAYROLL
F14.09.A05,F14,F14.09,Expense Management,audit,AGG-19-AP,FIN-SUPPLIER-INVOICE,Payable / Expense,review,command,false,false,true,AGG-18-PAYROLL
F14.10.A01,F14,F14.10,Fixed Asset Accounting,Capitalise asset,AGG-19-FIXED-ASSET,FIN-FIXED-ASSET,Fixed Asset Accounting,execute,command,false,false,true,AGG-16-SPATIAL-ASSET|AGG-19-LEDGER
F14.10.A02,F14,F14.10,Fixed Asset Accounting,depreciate,AGG-19-FIXED-ASSET,FIN-FIXED-ASSET,Fixed Asset Accounting,execute,command,false,false,true,AGG-16-SPATIAL-ASSET|AGG-19-LEDGER
F14.10.A03,F14,F14.10,Fixed Asset Accounting,transfer,AGG-19-FIXED-ASSET,FIN-FIXED-ASSET,Fixed Asset Accounting,execute,command,false,false,true,AGG-16-SPATIAL-ASSET|AGG-19-LEDGER
F14.10.A04,F14,F14.10,Fixed Asset Accounting,impair,AGG-19-FIXED-ASSET,FIN-FIXED-ASSET,Fixed Asset Accounting,execute,command,false,false,true,AGG-16-SPATIAL-ASSET|AGG-19-LEDGER
F14.10.A05,F14,F14.10,Fixed Asset Accounting,dispose,AGG-19-FIXED-ASSET,FIN-FIXED-ASSET,Fixed Asset Accounting,retire,command,false,false,true,AGG-16-SPATIAL-ASSET|AGG-19-LEDGER
F14.11.A01,F14,F14.11,Cost Accounting,Calculate product/service cost,AGG-19-LEDGER,FIN-LEDGER,Ledger / Financial Control,analyse,query,false,false,false,
F14.11.A02,F14,F14.11,Cost Accounting,allocate overhead,AGG-19-LEDGER,FIN-LEDGER,Ledger / Financial Control,allocate,command,false,false,true,
F14.11.A03,F14,F14.11,Cost Accounting,analyse variance,AGG-19-LEDGER,FIN-LEDGER,Ledger / Financial Control,analyse,query,false,false,false,
F14.12.A01,F14,F14.12,Financial Close,Reconcile accounts,AGG-19-LEDGER,FIN-LEDGER,Ledger / Financial Control,reconcile,command,false,false,true,
F14.12.A02,F14,F14.12,Financial Close,post adjustments,AGG-19-LEDGER,FIN-LEDGER,Ledger / Financial Control,post,command,false,false,true,
F14.12.A03,F14,F14.12,Financial Close,consolidate,AGG-19-LEDGER,FIN-LEDGER,Ledger / Financial Control,execute,command,false,false,true,
F14.12.A04,F14,F14.12,Financial Close,close period,AGG-19-LEDGER,FIN-LEDGER,Ledger / Financial Control,close,command,false,false,true,
F14.13.A01,F14,F14.13,Consolidation,Collect entity results,AGG-19-LEDGER,FIN-LEDGER,Ledger / Financial Control,receive,command,false,false,true,
F14.13.A02,F14,F14.13,Consolidation,eliminate intercompany,AGG-19-LEDGER,FIN-LEDGER,Ledger / Financial Control,execute,command,false,false,true,
F14.13.A03,F14,F14.13,Consolidation,translate currency,AGG-19-LEDGER,FIN-LEDGER,Ledger / Financial Control,execute,command,false,false,true,
F14.13.A04,F14,F14.13,Consolidation,consolidate,AGG-19-LEDGER,FIN-LEDGER,Ledger / Financial Control,execute,command,false,false,true,
F14.14.A01,F14,F14.14,Financial Reporting,Prepare P&L,AGG-19-LEDGER,FIN-LEDGER,Ledger / Financial Control,execute,command,false,false,true,
F14.14.A02,F14,F14.14,Financial Reporting,balance sheet,AGG-19-LEDGER,FIN-LEDGER,Ledger / Financial Control,execute,command,false,false,true,
F14.14.A03,F14,F14.14,Financial Reporting,cash flow,AGG-19-LEDGER,FIN-LEDGER,Ledger / Financial Control,execute,command,false,false,true,
F14.14.A04,F14,F14.14,Financial Reporting,management accounts,AGG-19-LEDGER,FIN-LEDGER,Ledger / Financial Control,configure,command,false,false,true,
F14.14.A05,F14,F14.14,Financial Reporting,statutory reports,AGG-19-LEDGER,FIN-LEDGER,Ledger / Financial Control,execute,command,false,false,true,
F14.15.A01,F14,F14.15,Treasury,Manage cash,AGG-19-TREASURY,FIN-TREASURY-DEAL,Treasury / Cash,configure,command,false,false,true,AGG-19-LEDGER
F14.15.A02,F14,F14.15,Treasury,liquidity,AGG-19-TREASURY,FIN-TREASURY-DEAL,Treasury / Cash,execute,command,false,false,true,AGG-19-LEDGER
F14.15.A03,F14,F14.15,Treasury,bank accounts,AGG-19-TREASURY,FIN-TREASURY-DEAL,Treasury / Cash,execute,command,false,false,true,AGG-19-LEDGER
F14.15.A04,F14,F14.15,Treasury,funding,AGG-19-TREASURY,FIN-TREASURY-DEAL,Treasury / Cash,execute,command,false,false,true,AGG-19-LEDGER
F14.15.A05,F14,F14.15,Treasury,investments,AGG-19-TREASURY,FIN-TREASURY-DEAL,Treasury / Cash,execute,command,false,false,true,AGG-19-LEDGER
F14.16.A01,F14,F14.16,Payments,Create payment run,AGG-19-TREASURY,FIN-TREASURY-DEAL,Treasury / Cash,create,command,false,false,true,AGG-19-LEDGER
F14.16.A02,F14,F14.16,Payments,approve,AGG-19-TREASURY,FIN-TREASURY-DEAL,Treasury / Cash,approve,command,true,true,true,AGG-19-LEDGER
F14.16.A03,F14,F14.16,Payments,transmit,AGG-19-TREASURY,FIN-TREASURY-DEAL,Treasury / Cash,execute,command,false,false,true,AGG-19-LEDGER
F14.16.A04,F14,F14.16,Payments,confirm,AGG-19-TREASURY,FIN-TREASURY-DEAL,Treasury / Cash,execute,command,false,false,true,AGG-19-LEDGER
F14.16.A05,F14,F14.16,Payments,reconcile,AGG-19-TREASURY,FIN-TREASURY-DEAL,Treasury / Cash,reconcile,command,false,false,true,AGG-19-LEDGER
F14.17.A01,F14,F14.17,Foreign Exchange,Forecast exposure,AGG-19-TREASURY,FIN-TREASURY-DEAL,Treasury / Cash,analyse,query,false,false,false,AGG-19-LEDGER
F14.17.A02,F14,F14.17,Foreign Exchange,execute hedges,AGG-19-TREASURY,FIN-TREASURY-DEAL,Treasury / Cash,execute,command,false,false,true,AGG-19-LEDGER
F14.17.A03,F14,F14.17,Foreign Exchange,settle,AGG-19-TREASURY,FIN-TREASURY-DEAL,Treasury / Cash,create,command,false,false,true,AGG-19-LEDGER
F14.17.A04,F14,F14.17,Foreign Exchange,monitor positions,AGG-19-TREASURY,FIN-TREASURY-DEAL,Treasury / Cash,monitor,query,false,false,false,AGG-19-LEDGER
F14.18.A01,F14,F14.18,Debt & Financing,Arrange facilities,AGG-19-TREASURY,FIN-TREASURY-DEAL,Treasury / Cash,execute,command,false,false,true,AGG-19-LEDGER
F14.18.A02,F14,F14.18,Debt & Financing,draw funds,AGG-19-TREASURY,FIN-TREASURY-DEAL,Treasury / Cash,execute,command,false,false,true,AGG-19-LEDGER
F14.18.A03,F14,F14.18,Debt & Financing,repay,AGG-19-TREASURY,FIN-TREASURY-DEAL,Treasury / Cash,execute,command,false,false,true,AGG-19-LEDGER
F14.18.A04,F14,F14.18,Debt & Financing,monitor covenants,AGG-19-TREASURY,FIN-TREASURY-DEAL,Treasury / Cash,monitor,query,false,false,false,AGG-19-LEDGER
F14.19.A01,F14,F14.19,Tax,Calculate taxes,AGG-19-TAX-RETURN,FIN-TAX-RETURN,Tax / Statutory Finance,analyse,query,false,false,false,AGG-29-REFERENCE-DATA|AGG-19-LEDGER
F14.19.A02,F14,F14.19,Tax,file returns,AGG-19-TAX-RETURN,FIN-TAX-RETURN,Tax / Statutory Finance,submit,command,false,false,true,AGG-29-REFERENCE-DATA|AGG-19-LEDGER
F14.19.A03,F14,F14.19,Tax,manage VAT/GST,AGG-19-TAX-RETURN,FIN-TAX-RETURN,Tax / Statutory Finance,configure,command,false,false,true,AGG-29-REFERENCE-DATA|AGG-19-LEDGER
F14.19.A04,F14,F14.19,Tax,corporation tax,AGG-19-TAX-RETURN,FIN-TAX-RETURN,Tax / Statutory Finance,execute,command,false,false,true,AGG-29-REFERENCE-DATA|AGG-19-LEDGER
F14.19.A05,F14,F14.19,Tax,withholding,AGG-19-TAX-RETURN,FIN-TAX-RETURN,Tax / Statutory Finance,execute,command,false,false,true,AGG-29-REFERENCE-DATA|AGG-19-LEDGER
F14.19.A06,F14,F14.19,Tax,transfer pricing,AGG-19-TAX-RETURN,FIN-TAX-RETURN,Tax / Statutory Finance,execute,command,false,false,true,AGG-29-REFERENCE-DATA|AGG-19-LEDGER
F14.20.A01,F14,F14.20,Financial Controls,Define controls,AGG-19-LEDGER,FIN-LEDGER,Ledger / Financial Control,create,command,false,false,true,
F14.20.A02,F14,F14.20,Financial Controls,perform reconciliations,AGG-19-LEDGER,FIN-LEDGER,Ledger / Financial Control,execute,command,false,false,true,
F14.20.A03,F14,F14.20,Financial Controls,review exceptions,AGG-19-LEDGER,FIN-LEDGER,Ledger / Financial Control,review,command,false,false,true,
F14.20.A04,F14,F14.20,Financial Controls,certify controls,AGG-19-LEDGER,FIN-LEDGER,Ledger / Financial Control,approve,command,true,true,true,
F14.21.A01,F14,F14.21,Profitability Analysis,Calculate margin,AGG-19-BUDGET,FIN-BUDGET,Budget / Forecast / Capex,analyse,query,false,false,false,AGG-02-STRATEGY|AGG-19-LEDGER
F14.21.A02,F14,F14.21,Profitability Analysis,customer/product profitability,AGG-19-BUDGET,FIN-BUDGET,Budget / Forecast / Capex,execute,command,false,false,true,AGG-02-STRATEGY|AGG-19-LEDGER
F14.21.A03,F14,F14.21,Profitability Analysis,cost-to-serve,AGG-19-BUDGET,FIN-BUDGET,Budget / Forecast / Capex,analyse,query,false,false,false,AGG-02-STRATEGY|AGG-19-LEDGER
F14.22.A01,F14,F14.22,Capital Expenditure,Submit request,AGG-19-BUDGET,FIN-BUDGET,Budget / Forecast / Capex,submit,command,false,false,true,AGG-02-STRATEGY|AGG-19-LEDGER
F14.22.A02,F14,F14.22,Capital Expenditure,evaluate investment,AGG-19-BUDGET,FIN-BUDGET,Budget / Forecast / Capex,review,command,false,false,true,AGG-02-STRATEGY|AGG-19-LEDGER
F14.22.A03,F14,F14.22,Capital Expenditure,approve,AGG-19-BUDGET,FIN-BUDGET,Budget / Forecast / Capex,approve,command,true,true,true,AGG-02-STRATEGY|AGG-19-LEDGER
F14.22.A04,F14,F14.22,Capital Expenditure,track spend,AGG-19-BUDGET,FIN-BUDGET,Budget / Forecast / Capex,monitor,query,false,false,false,AGG-02-STRATEGY|AGG-19-LEDGER
F14.22.A05,F14,F14.22,Capital Expenditure,review benefits,AGG-19-BUDGET,FIN-BUDGET,Budget / Forecast / Capex,review,command,false,false,true,AGG-02-STRATEGY|AGG-19-LEDGER
F15.01.A01,F15,F15.01,People Strategy,Define workforce strategy,AGG-18-WORKFORCE-PLAN,HCM-WORKFORCE-PLAN,Workforce Plan,create,command,false,false,true,AGG-01-ORG-STRUCTURE|AGG-18-WORKFORCE
F15.01.A02,F15,F15.01,People Strategy,policies,AGG-18-WORKFORCE-PLAN,HCM-WORKFORCE-PLAN,Workforce Plan,execute,command,false,false,true,AGG-01-ORG-STRUCTURE|AGG-18-WORKFORCE
F15.01.A03,F15,F15.01,People Strategy,operating model,AGG-18-WORKFORCE-PLAN,HCM-WORKFORCE-PLAN,Workforce Plan,execute,command,false,false,true,AGG-01-ORG-STRUCTURE|AGG-18-WORKFORCE
F15.01.A04,F15,F15.01,People Strategy,priorities,AGG-18-WORKFORCE-PLAN,HCM-WORKFORCE-PLAN,Workforce Plan,execute,command,false,false,true,AGG-01-ORG-STRUCTURE|AGG-18-WORKFORCE
F15.02.A01,F15,F15.02,Workforce Planning,Forecast demand,AGG-18-WORKFORCE-PLAN,HCM-WORKFORCE-PLAN,Workforce Plan,analyse,query,false,false,false,AGG-01-ORG-STRUCTURE|AGG-18-WORKFORCE
F15.02.A02,F15,F15.02,Workforce Planning,analyse capacity,AGG-18-WORKFORCE-PLAN,HCM-WORKFORCE-PLAN,Workforce Plan,analyse,query,false,false,false,AGG-01-ORG-STRUCTURE|AGG-18-WORKFORCE
F15.02.A03,F15,F15.02,Workforce Planning,identify skills gaps,AGG-18-WORKFORCE-PLAN,HCM-WORKFORCE-PLAN,Workforce Plan,analyse,query,false,false,false,AGG-01-ORG-STRUCTURE|AGG-18-WORKFORCE
F15.02.A04,F15,F15.02,Workforce Planning,develop workforce plan,AGG-18-WORKFORCE-PLAN,HCM-WORKFORCE-PLAN,Workforce Plan,create,command,false,false,true,AGG-01-ORG-STRUCTURE|AGG-18-WORKFORCE
F15.03.A01,F15,F15.03,Organisation Design,Design organisation,AGG-18-WORKFORCE-PLAN,HCM-WORKFORCE-PLAN,Workforce Plan,execute,command,false,false,true,AGG-01-ORG-STRUCTURE|AGG-18-WORKFORCE
F15.03.A02,F15,F15.03,Organisation Design,roles,AGG-18-WORKFORCE-PLAN,HCM-WORKFORCE-PLAN,Workforce Plan,execute,command,false,false,true,AGG-01-ORG-STRUCTURE|AGG-18-WORKFORCE
F15.03.A03,F15,F15.03,Organisation Design,reporting structures,AGG-18-WORKFORCE-PLAN,HCM-WORKFORCE-PLAN,Workforce Plan,execute,command,false,false,true,AGG-01-ORG-STRUCTURE|AGG-18-WORKFORCE
F15.03.A04,F15,F15.03,Organisation Design,spans/layers,AGG-18-WORKFORCE-PLAN,HCM-WORKFORCE-PLAN,Workforce Plan,execute,command,false,false,true,AGG-01-ORG-STRUCTURE|AGG-18-WORKFORCE
F15.04.A01,F15,F15.04,Job Architecture,Define jobs,AGG-18-JOB-PROFILE,HCM-JOB-PROFILE,Job Profile / Position,create,command,false,false,true,AGG-18-POSITION
F15.04.A02,F15,F15.04,Job Architecture,grades,AGG-18-JOB-PROFILE,HCM-JOB-PROFILE,Job Profile / Position,execute,command,false,false,true,AGG-18-POSITION
F15.04.A03,F15,F15.04,Job Architecture,competencies,AGG-18-JOB-PROFILE,HCM-JOB-PROFILE,Job Profile / Position,execute,command,false,false,true,AGG-18-POSITION
F15.04.A04,F15,F15.04,Job Architecture,career paths,AGG-18-JOB-PROFILE,HCM-JOB-PROFILE,Job Profile / Position,execute,command,false,false,true,AGG-18-POSITION
F15.05.A01,F15,F15.05,Recruitment,Create requisition,AGG-18-VACANCY,HCM-VACANCY,Recruitment / Onboarding,create,command,false,false,true,AGG-01-PARTY|AGG-18-WORKFORCE
F15.05.A02,F15,F15.05,Recruitment,advertise,AGG-18-VACANCY,HCM-VACANCY,Recruitment / Onboarding,execute,command,false,false,true,AGG-01-PARTY|AGG-18-WORKFORCE
F15.05.A03,F15,F15.05,Recruitment,source,AGG-18-VACANCY,HCM-VACANCY,Recruitment / Onboarding,execute,command,false,false,true,AGG-01-PARTY|AGG-18-WORKFORCE
F15.05.A04,F15,F15.05,Recruitment,screen,AGG-18-VACANCY,HCM-VACANCY,Recruitment / Onboarding,execute,command,false,false,true,AGG-01-PARTY|AGG-18-WORKFORCE
F15.05.A05,F15,F15.05,Recruitment,interview,AGG-18-VACANCY,HCM-VACANCY,Recruitment / Onboarding,execute,command,false,false,true,AGG-01-PARTY|AGG-18-WORKFORCE
F15.05.A06,F15,F15.05,Recruitment,select,AGG-18-VACANCY,HCM-VACANCY,Recruitment / Onboarding,approve,command,true,true,true,AGG-01-PARTY|AGG-18-WORKFORCE
F15.05.A07,F15,F15.05,Recruitment,offer,AGG-18-VACANCY,HCM-VACANCY,Recruitment / Onboarding,execute,command,false,false,true,AGG-01-PARTY|AGG-18-WORKFORCE
F15.06.A01,F15,F15.06,Pre-employment,Verify identity,AGG-18-VACANCY,HCM-VACANCY,Recruitment / Onboarding,review,command,false,false,true,AGG-01-PARTY|AGG-18-WORKFORCE
F15.06.A02,F15,F15.06,Pre-employment,references,AGG-18-VACANCY,HCM-VACANCY,Recruitment / Onboarding,execute,command,false,false,true,AGG-01-PARTY|AGG-18-WORKFORCE
F15.06.A03,F15,F15.06,Pre-employment,qualifications,AGG-18-VACANCY,HCM-VACANCY,Recruitment / Onboarding,execute,command,false,false,true,AGG-01-PARTY|AGG-18-WORKFORCE
F15.06.A04,F15,F15.06,Pre-employment,background checks,AGG-18-VACANCY,HCM-VACANCY,Recruitment / Onboarding,execute,command,false,false,true,AGG-01-PARTY|AGG-18-WORKFORCE
F15.07.A01,F15,F15.07,Onboarding,Create employee record,AGG-18-VACANCY,HCM-VACANCY,Recruitment / Onboarding,create,command,false,false,true,AGG-01-PARTY|AGG-18-WORKFORCE
F15.07.A02,F15,F15.07,Onboarding,issue equipment,AGG-18-VACANCY,HCM-VACANCY,Recruitment / Onboarding,issue,command,false,false,true,AGG-01-PARTY|AGG-18-WORKFORCE
F15.07.A03,F15,F15.07,Onboarding,induction,AGG-18-VACANCY,HCM-VACANCY,Recruitment / Onboarding,execute,command,false,false,true,AGG-01-PARTY|AGG-18-WORKFORCE
F15.07.A04,F15,F15.07,Onboarding,mandatory training,AGG-18-VACANCY,HCM-VACANCY,Recruitment / Onboarding,execute,command,false,false,true,AGG-01-PARTY|AGG-18-WORKFORCE
F15.08.A01,F15,F15.08,Employee Administration,Maintain personal/job information,AGG-18-WORKFORCE,HCM-WORKER-RELATIONSHIP,Worker Relationship / Case,change,command,false,false,true,
F15.08.A02,F15,F15.08,Employee Administration,process transfers,AGG-18-WORKFORCE,HCM-WORKER-RELATIONSHIP,Worker Relationship / Case,execute,command,false,false,true,
F15.08.A03,F15,F15.08,Employee Administration,promotions,AGG-18-WORKFORCE,HCM-WORKER-RELATIONSHIP,Worker Relationship / Case,execute,command,false,false,true,
F15.08.A04,F15,F15.08,Employee Administration,status changes,AGG-18-WORKFORCE,HCM-WORKER-RELATIONSHIP,Worker Relationship / Case,execute,command,false,false,true,
F15.09.A01,F15,F15.09,Time & Attendance,Record hours,AGG-18-TIMESHEET,HCM-TIMESHEET,Time / Attendance / Absence,record,command,false,false,true,AGG-18-WORKFORCE
F15.09.A02,F15,F15.09,Time & Attendance,shifts,AGG-18-TIMESHEET,HCM-TIMESHEET,Time / Attendance / Absence,execute,command,false,false,true,AGG-18-WORKFORCE
F15.09.A03,F15,F15.09,Time & Attendance,overtime,AGG-18-TIMESHEET,HCM-TIMESHEET,Time / Attendance / Absence,execute,command,false,false,true,AGG-18-WORKFORCE
F15.09.A04,F15,F15.09,Time & Attendance,absence,AGG-18-TIMESHEET,HCM-TIMESHEET,Time / Attendance / Absence,execute,command,false,false,true,AGG-18-WORKFORCE
F15.09.A05,F15,F15.09,Time & Attendance,approve timesheets,AGG-18-TIMESHEET,HCM-TIMESHEET,Time / Attendance / Absence,approve,command,true,true,true,AGG-18-WORKFORCE
F15.10.A01,F15,F15.10,Payroll,Calculate pay,AGG-18-PAYROLL,HCM-PAYROLL-RUN,Payroll / Compensation,analyse,query,false,false,false,AGG-19-LEDGER
F15.10.A02,F15,F15.10,Payroll,deductions,AGG-18-PAYROLL,HCM-PAYROLL-RUN,Payroll / Compensation,execute,command,false,false,true,AGG-19-LEDGER
F15.10.A03,F15,F15.10,Payroll,tax,AGG-18-PAYROLL,HCM-PAYROLL-RUN,Payroll / Compensation,execute,command,false,false,true,AGG-19-LEDGER
F15.10.A04,F15,F15.10,Payroll,approve,AGG-18-PAYROLL,HCM-PAYROLL-RUN,Payroll / Compensation,approve,command,true,true,true,AGG-19-LEDGER
F15.10.A05,F15,F15.10,Payroll,pay employee,AGG-18-PAYROLL,HCM-PAYROLL-RUN,Payroll / Compensation,execute,command,false,false,true,AGG-19-LEDGER
F15.10.A06,F15,F15.10,Payroll,reconcile,AGG-18-PAYROLL,HCM-PAYROLL-RUN,Payroll / Compensation,reconcile,command,false,false,true,AGG-19-LEDGER
F15.11.A01,F15,F15.11,Compensation,Benchmark roles,AGG-18-PAYROLL,HCM-PAYROLL-RUN,Payroll / Compensation,analyse,query,false,false,false,AGG-19-LEDGER
F15.11.A02,F15,F15.11,Compensation,establish salary ranges,AGG-18-PAYROLL,HCM-PAYROLL-RUN,Payroll / Compensation,create,command,false,false,true,AGG-19-LEDGER
F15.11.A03,F15,F15.11,Compensation,review salaries,AGG-18-PAYROLL,HCM-PAYROLL-RUN,Payroll / Compensation,review,command,false,false,true,AGG-19-LEDGER
F15.11.A04,F15,F15.11,Compensation,administer bonuses,AGG-18-PAYROLL,HCM-PAYROLL-RUN,Payroll / Compensation,configure,command,false,false,true,AGG-19-LEDGER
F15.12.A01,F15,F15.12,Benefits,Enrol employees,AGG-18-PAYROLL,HCM-PAYROLL-RUN,Payroll / Compensation,execute,command,false,false,true,AGG-19-LEDGER
F15.12.A02,F15,F15.12,Benefits,administer pensions/insurance/benefits,AGG-18-PAYROLL,HCM-PAYROLL-RUN,Payroll / Compensation,configure,command,false,false,true,AGG-19-LEDGER
F15.12.A03,F15,F15.12,Benefits,process changes,AGG-18-PAYROLL,HCM-PAYROLL-RUN,Payroll / Compensation,execute,command,false,false,true,AGG-19-LEDGER
F15.13.A01,F15,F15.13,Performance Management,Set objectives,AGG-18-PERFORMANCE-REVIEW,HCM-PERFORMANCE-REVIEW,Performance Review,create,command,false,false,true,AGG-02-PERFORMANCE|AGG-18-WORKFORCE
F15.13.A02,F15,F15.13,Performance Management,check-in,AGG-18-PERFORMANCE-REVIEW,HCM-PERFORMANCE-REVIEW,Performance Review,review,command,false,false,true,AGG-02-PERFORMANCE|AGG-18-WORKFORCE
F15.13.A03,F15,F15.13,Performance Management,assess performance,AGG-18-PERFORMANCE-REVIEW,HCM-PERFORMANCE-REVIEW,Performance Review,review,command,false,false,true,AGG-02-PERFORMANCE|AGG-18-WORKFORCE
F15.13.A04,F15,F15.13,Performance Management,calibrate,AGG-18-PERFORMANCE-REVIEW,HCM-PERFORMANCE-REVIEW,Performance Review,analyse,query,false,false,false,AGG-02-PERFORMANCE|AGG-18-WORKFORCE
F15.13.A05,F15,F15.13,Performance Management,rate performance,AGG-18-PERFORMANCE-REVIEW,HCM-PERFORMANCE-REVIEW,Performance Review,analyse,query,false,false,false,AGG-02-PERFORMANCE|AGG-18-WORKFORCE
F15.14.A01,F15,F15.14,Learning & Development,Identify needs,AGG-18-LEARNING,HCM-TRAINING-COURSE,Learning / Competence,analyse,query,false,false,false,
F15.14.A02,F15,F15.14,Learning & Development,create courses,AGG-18-LEARNING,HCM-TRAINING-COURSE,Learning / Competence,create,command,false,false,true,
F15.14.A03,F15,F15.14,Learning & Development,enrol learners,AGG-18-LEARNING,HCM-TRAINING-COURSE,Learning / Competence,execute,command,false,false,true,
F15.14.A04,F15,F15.14,Learning & Development,deliver training,AGG-18-LEARNING,HCM-TRAINING-COURSE,Learning / Competence,execute,command,false,false,true,
F15.14.A05,F15,F15.14,Learning & Development,assess competence,AGG-18-LEARNING,HCM-TRAINING-COURSE,Learning / Competence,review,command,false,false,true,
F15.15.A01,F15,F15.15,Talent Management,Identify talent,AGG-18-TALENT,HCM-SUCCESSION-PLAN,Talent / Succession,analyse,query,false,false,false,
F15.15.A02,F15,F15.15,Talent Management,succession planning,AGG-18-TALENT,HCM-SUCCESSION-PLAN,Talent / Succession,execute,command,false,false,true,
F15.15.A03,F15,F15.15,Talent Management,career development,AGG-18-TALENT,HCM-SUCCESSION-PLAN,Talent / Succession,execute,command,false,false,true,
F15.15.A04,F15,F15.15,Talent Management,mobility,AGG-18-TALENT,HCM-SUCCESSION-PLAN,Talent / Succession,execute,command,false,false,true,
F15.16.A01,F15,F15.16,Employee Engagement,Conduct surveys,AGG-02-PERFORMANCE,SGP-PERFORMANCE-OBSERVATION,Employee Engagement Observation,execute,command,false,false,true,AGG-18-WORKFORCE
F15.16.A02,F15,F15.16,Employee Engagement,analyse sentiment,AGG-02-PERFORMANCE,SGP-PERFORMANCE-SNAPSHOT,People Performance / Engagement,analyse,query,false,false,false,AGG-18-WORKFORCE
F15.16.A03,F15,F15.16,Employee Engagement,develop engagement actions,AGG-27-DECISION,WORK-FOLLOW-UP-ACTION,Engagement Follow-up Action,create,command,false,false,true,AGG-18-WORKFORCE|AGG-02-PERFORMANCE
F15.17.A01,F15,F15.17,Employee Relations,Manage grievances,AGG-18-WORKFORCE,HCM-WORKER-RELATIONSHIP,Worker Relationship / Case,configure,command,false,false,true,
F15.17.A02,F15,F15.17,Employee Relations,disciplinary action,AGG-18-WORKFORCE,HCM-WORKER-RELATIONSHIP,Worker Relationship / Case,execute,command,false,false,true,
F15.17.A03,F15,F15.17,Employee Relations,disputes,AGG-18-WORKFORCE,HCM-WORKER-RELATIONSHIP,Worker Relationship / Case,execute,command,false,false,true,
F15.17.A04,F15,F15.17,Employee Relations,consultation,AGG-18-WORKFORCE,HCM-WORKER-RELATIONSHIP,Worker Relationship / Case,read,query,false,false,false,
F15.18.A01,F15,F15.18,Absence Management,Record absence,AGG-18-TIMESHEET,HCM-TIMESHEET,Time / Attendance / Absence,record,command,false,false,true,AGG-18-WORKFORCE
F15.18.A02,F15,F15.18,Absence Management,manage return-to-work,AGG-18-TIMESHEET,HCM-TIMESHEET,Time / Attendance / Absence,configure,command,false,false,true,AGG-18-WORKFORCE
F15.18.A03,F15,F15.18,Absence Management,monitor trends,AGG-18-TIMESHEET,HCM-TIMESHEET,Time / Attendance / Absence,monitor,query,false,false,false,AGG-18-WORKFORCE
F15.19.A01,F15,F15.19,Offboarding,Record resignation,AGG-18-WORKFORCE,HCM-WORKER-RELATIONSHIP,Worker Relationship / Case,record,command,false,false,true,
F15.19.A02,F15,F15.19,Offboarding,retrieve assets,AGG-18-WORKFORCE,HCM-WORKER-RELATIONSHIP,Worker Relationship / Case,read,query,false,false,false,
F15.19.A03,F15,F15.19,Offboarding,revoke access,AGG-18-WORKFORCE,HCM-WORKER-RELATIONSHIP,Worker Relationship / Case,execute,command,false,false,true,
F15.19.A04,F15,F15.19,Offboarding,final pay,AGG-18-WORKFORCE,HCM-WORKER-RELATIONSHIP,Worker Relationship / Case,execute,command,false,false,true,
F15.19.A05,F15,F15.19,Offboarding,exit interview,AGG-18-WORKFORCE,HCM-WORKER-RELATIONSHIP,Worker Relationship / Case,execute,command,false,false,true,
F15.20.A01,F15,F15.20,HR Analytics,Analyse headcount,AGG-02-PERFORMANCE,SGP-PERFORMANCE-SNAPSHOT,People Performance / Engagement,analyse,query,false,false,false,AGG-18-WORKFORCE
F15.20.A02,F15,F15.20,HR Analytics,turnover,AGG-02-PERFORMANCE,SGP-PERFORMANCE-SNAPSHOT,People Performance / Engagement,analyse,query,false,false,false,AGG-18-WORKFORCE
F15.20.A03,F15,F15.20,HR Analytics,absence,AGG-02-PERFORMANCE,SGP-PERFORMANCE-SNAPSHOT,People Performance / Engagement,analyse,query,false,false,false,AGG-18-WORKFORCE
F15.20.A04,F15,F15.20,HR Analytics,diversity,AGG-02-PERFORMANCE,SGP-PERFORMANCE-SNAPSHOT,People Performance / Engagement,analyse,query,false,false,false,AGG-18-WORKFORCE
F15.20.A05,F15,F15.20,HR Analytics,productivity,AGG-02-PERFORMANCE,SGP-PERFORMANCE-SNAPSHOT,People Performance / Engagement,analyse,query,false,false,false,AGG-18-WORKFORCE
F15.20.A06,F15,F15.20,HR Analytics,workforce cost,AGG-02-PERFORMANCE,SGP-PERFORMANCE-SNAPSHOT,People Performance / Engagement,analyse,query,false,false,false,AGG-18-WORKFORCE
F16.01.A01,F16,F16.01,IT Strategy,Define technology strategy,AGG-24-TECHNOLOGY,IT-TECHNOLOGY-SERVICE,Technology Service / Architecture,create,command,false,false,true,AGG-02-STRATEGY
F16.01.A02,F16,F16.01,IT Strategy,principles,AGG-24-TECHNOLOGY,IT-TECHNOLOGY-SERVICE,Technology Service / Architecture,execute,command,false,false,true,AGG-02-STRATEGY
F16.01.A03,F16,F16.01,IT Strategy,roadmap,AGG-24-TECHNOLOGY,IT-TECHNOLOGY-SERVICE,Technology Service / Architecture,execute,command,false,false,true,AGG-02-STRATEGY
F16.01.A04,F16,F16.01,IT Strategy,investment priorities,AGG-24-TECHNOLOGY,IT-TECHNOLOGY-SERVICE,Technology Service / Architecture,execute,command,false,false,true,AGG-02-STRATEGY
F16.02.A01,F16,F16.02,Enterprise Architecture,Define business/data/application/technology architecture,AGG-24-TECHNOLOGY,IT-TECHNOLOGY-SERVICE,Technology Service / Architecture,create,command,false,false,true,AGG-02-STRATEGY
F16.02.A02,F16,F16.02,Enterprise Architecture,standards,AGG-24-TECHNOLOGY,IT-TECHNOLOGY-SERVICE,Technology Service / Architecture,execute,command,false,false,true,AGG-02-STRATEGY
F16.02.A03,F16,F16.02,Enterprise Architecture,target state,AGG-24-TECHNOLOGY,IT-TECHNOLOGY-SERVICE,Technology Service / Architecture,execute,command,false,false,true,AGG-02-STRATEGY
F16.03.A01,F16,F16.03,Solution Architecture,Assess requirements,AGG-24-TECHNOLOGY,IT-TECHNOLOGY-SERVICE,Technology Service / Architecture,review,command,false,false,true,AGG-02-STRATEGY
F16.03.A02,F16,F16.03,Solution Architecture,design solution,AGG-24-TECHNOLOGY,IT-TECHNOLOGY-SERVICE,Technology Service / Architecture,execute,command,false,false,true,AGG-02-STRATEGY
F16.03.A03,F16,F16.03,Solution Architecture,review architecture,AGG-24-TECHNOLOGY,IT-TECHNOLOGY-SERVICE,Technology Service / Architecture,review,command,false,false,true,AGG-02-STRATEGY
F16.03.A04,F16,F16.03,Solution Architecture,approve design,AGG-24-TECHNOLOGY,IT-TECHNOLOGY-SERVICE,Technology Service / Architecture,approve,command,true,true,true,AGG-02-STRATEGY
F16.04.A01,F16,F16.04,Application Management,Acquire/build,AGG-24-TECHNOLOGY-RESOURCE,IT-TECHNOLOGY-RESOURCE,Technology Resource / Service,execute,command,false,false,true,AGG-24-TECHNOLOGY
F16.04.A02,F16,F16.04,Application Management,configure,AGG-24-TECHNOLOGY-RESOURCE,IT-TECHNOLOGY-RESOURCE,Technology Resource / Service,configure,command,false,false,true,AGG-24-TECHNOLOGY
F16.04.A03,F16,F16.04,Application Management,test,AGG-24-TECHNOLOGY-RESOURCE,IT-TECHNOLOGY-RESOURCE,Technology Resource / Service,review,command,false,false,true,AGG-24-TECHNOLOGY
F16.04.A04,F16,F16.04,Application Management,deploy,AGG-24-TECHNOLOGY-RESOURCE,IT-TECHNOLOGY-RESOURCE,Technology Resource / Service,execute,command,false,false,true,AGG-24-TECHNOLOGY
F16.04.A05,F16,F16.04,Application Management,maintain,AGG-24-TECHNOLOGY-RESOURCE,IT-TECHNOLOGY-RESOURCE,Technology Resource / Service,change,command,false,false,true,AGG-24-TECHNOLOGY
F16.04.A06,F16,F16.04,Application Management,retire applications,AGG-24-TECHNOLOGY-RESOURCE,IT-TECHNOLOGY-RESOURCE,Technology Resource / Service,retire,command,false,false,true,AGG-24-TECHNOLOGY
F16.05.A01,F16,F16.05,Software Development,Analyse requirements,AGG-24-TECHNOLOGY-RESOURCE,IT-TECHNOLOGY-RESOURCE,Technology Resource / Service,analyse,query,false,false,false,AGG-24-TECHNOLOGY
F16.05.A02,F16,F16.05,Software Development,code,AGG-24-TECHNOLOGY-RESOURCE,IT-TECHNOLOGY-RESOURCE,Technology Resource / Service,execute,command,false,false,true,AGG-24-TECHNOLOGY
F16.05.A03,F16,F16.05,Software Development,review,AGG-24-TECHNOLOGY-RESOURCE,IT-TECHNOLOGY-RESOURCE,Technology Resource / Service,review,command,false,false,true,AGG-24-TECHNOLOGY
F16.05.A04,F16,F16.05,Software Development,test,AGG-24-TECHNOLOGY-RESOURCE,IT-TECHNOLOGY-RESOURCE,Technology Resource / Service,review,command,false,false,true,AGG-24-TECHNOLOGY
F16.05.A05,F16,F16.05,Software Development,release,AGG-24-TECHNOLOGY-RESOURCE,IT-TECHNOLOGY-RESOURCE,Technology Resource / Service,publish,command,true,true,true,AGG-24-TECHNOLOGY
F16.05.A06,F16,F16.05,Software Development,maintain,AGG-24-TECHNOLOGY-RESOURCE,IT-TECHNOLOGY-RESOURCE,Technology Resource / Service,change,command,false,false,true,AGG-24-TECHNOLOGY
F16.06.A01,F16,F16.06,DevOps,Build pipelines,AGG-24-TECHNOLOGY-RESOURCE,IT-TECHNOLOGY-RESOURCE,Technology Resource / Service,create,command,false,false,true,AGG-24-TECHNOLOGY
F16.06.A02,F16,F16.06,DevOps,automate tests,AGG-24-TECHNOLOGY-RESOURCE,IT-TECHNOLOGY-RESOURCE,Technology Resource / Service,execute,command,false,false,true,AGG-24-TECHNOLOGY
F16.06.A03,F16,F16.06,DevOps,deploy releases,AGG-24-TECHNOLOGY-RESOURCE,IT-TECHNOLOGY-RESOURCE,Technology Resource / Service,execute,command,true,true,true,AGG-24-TECHNOLOGY
F16.06.A04,F16,F16.06,DevOps,manage environments,AGG-24-TECHNOLOGY-RESOURCE,IT-TECHNOLOGY-RESOURCE,Technology Resource / Service,configure,command,false,false,true,AGG-24-TECHNOLOGY
F16.07.A01,F16,F16.07,Infrastructure,Provision servers/cloud/network/storage,AGG-24-TECHNOLOGY-RESOURCE,IT-TECHNOLOGY-RESOURCE,Technology Resource / Service,execute,command,false,false,true,AGG-24-TECHNOLOGY
F16.07.A02,F16,F16.07,Infrastructure,configure,AGG-24-TECHNOLOGY-RESOURCE,IT-TECHNOLOGY-RESOURCE,Technology Resource / Service,configure,command,false,false,true,AGG-24-TECHNOLOGY
F16.07.A03,F16,F16.07,Infrastructure,monitor,AGG-24-TECHNOLOGY-RESOURCE,IT-TECHNOLOGY-RESOURCE,Technology Resource / Service,monitor,query,false,false,false,AGG-24-TECHNOLOGY
F16.07.A04,F16,F16.07,Infrastructure,maintain,AGG-24-TECHNOLOGY-RESOURCE,IT-TECHNOLOGY-RESOURCE,Technology Resource / Service,change,command,false,false,true,AGG-24-TECHNOLOGY
F16.08.A01,F16,F16.08,Cloud Management,Provision services,AGG-24-TECHNOLOGY-RESOURCE,IT-TECHNOLOGY-RESOURCE,Technology Resource / Service,execute,command,false,false,true,AGG-24-TECHNOLOGY
F16.08.A02,F16,F16.08,Cloud Management,govern subscriptions,AGG-24-TECHNOLOGY-RESOURCE,IT-TECHNOLOGY-RESOURCE,Technology Resource / Service,configure,command,false,false,true,AGG-24-TECHNOLOGY
F16.08.A03,F16,F16.08,Cloud Management,manage cost,AGG-24-TECHNOLOGY-RESOURCE,IT-TECHNOLOGY-RESOURCE,Technology Resource / Service,configure,command,false,false,true,AGG-24-TECHNOLOGY
F16.08.A04,F16,F16.08,Cloud Management,optimise resources,AGG-24-TECHNOLOGY-RESOURCE,IT-TECHNOLOGY-RESOURCE,Technology Resource / Service,execute,command,false,false,true,AGG-24-TECHNOLOGY
F16.09.A01,F16,F16.09,Network Management,Configure network,AGG-24-TECHNOLOGY-RESOURCE,IT-TECHNOLOGY-RESOURCE,Technology Resource / Service,configure,command,false,false,true,AGG-24-TECHNOLOGY
F16.09.A02,F16,F16.09,Network Management,monitor availability,AGG-24-TECHNOLOGY-RESOURCE,IT-TECHNOLOGY-RESOURCE,Technology Resource / Service,monitor,query,false,false,false,AGG-24-TECHNOLOGY
F16.09.A03,F16,F16.09,Network Management,troubleshoot,AGG-24-TECHNOLOGY-RESOURCE,IT-TECHNOLOGY-RESOURCE,Technology Resource / Service,execute,command,false,false,true,AGG-24-TECHNOLOGY
F16.09.A04,F16,F16.09,Network Management,optimise,AGG-24-TECHNOLOGY-RESOURCE,IT-TECHNOLOGY-RESOURCE,Technology Resource / Service,execute,command,false,false,true,AGG-24-TECHNOLOGY
F16.10.A01,F16,F16.10,Endpoint Management,Provision devices,AGG-24-TECHNOLOGY-RESOURCE,IT-TECHNOLOGY-RESOURCE,Technology Resource / Service,execute,command,false,false,true,AGG-24-TECHNOLOGY
F16.10.A02,F16,F16.10,Endpoint Management,configure,AGG-24-TECHNOLOGY-RESOURCE,IT-TECHNOLOGY-RESOURCE,Technology Resource / Service,configure,command,false,false,true,AGG-24-TECHNOLOGY
F16.10.A03,F16,F16.10,Endpoint Management,patch,AGG-24-TECHNOLOGY-RESOURCE,IT-TECHNOLOGY-RESOURCE,Technology Resource / Service,execute,command,false,false,true,AGG-24-TECHNOLOGY
F16.10.A04,F16,F16.10,Endpoint Management,monitor,AGG-24-TECHNOLOGY-RESOURCE,IT-TECHNOLOGY-RESOURCE,Technology Resource / Service,monitor,query,false,false,false,AGG-24-TECHNOLOGY
F16.10.A05,F16,F16.10,Endpoint Management,retire,AGG-24-TECHNOLOGY-RESOURCE,IT-TECHNOLOGY-RESOURCE,Technology Resource / Service,retire,command,false,false,true,AGG-24-TECHNOLOGY
F16.11.A01,F16,F16.11,Identity Administration,Create account,AGG-01-USER-IDENTITY,AUTH-USER-IDENTITY,User Identity / Access,create,command,false,false,true,AGG-24-CYBER|AGG-01-AUTHORITY
F16.11.A02,F16,F16.11,Identity Administration,assign access,AGG-01-USER-IDENTITY,AUTH-USER-IDENTITY,User Identity / Access,allocate,command,false,false,true,AGG-24-CYBER|AGG-01-AUTHORITY
F16.11.A03,F16,F16.11,Identity Administration,modify,AGG-01-USER-IDENTITY,AUTH-USER-IDENTITY,User Identity / Access,change,command,false,false,true,AGG-24-CYBER|AGG-01-AUTHORITY
F16.11.A04,F16,F16.11,Identity Administration,disable,AGG-01-USER-IDENTITY,AUTH-USER-IDENTITY,User Identity / Access,execute,command,false,false,true,AGG-24-CYBER|AGG-01-AUTHORITY
F16.11.A05,F16,F16.11,Identity Administration,periodically review,AGG-01-USER-IDENTITY,AUTH-USER-IDENTITY,User Identity / Access,execute,command,false,false,true,AGG-24-CYBER|AGG-01-AUTHORITY
F16.12.A01,F16,F16.12,IT Service Desk,Log ticket,AGG-24-SERVICE-REQUEST,IT-SERVICE-REQUEST,IT Service Request,record,command,false,false,true,AGG-24-TECHNOLOGY
F16.12.A02,F16,F16.12,IT Service Desk,classify,AGG-24-SERVICE-REQUEST,IT-SERVICE-REQUEST,IT Service Request,execute,command,false,false,true,AGG-24-TECHNOLOGY
F16.12.A03,F16,F16.12,IT Service Desk,prioritise,AGG-24-SERVICE-REQUEST,IT-SERVICE-REQUEST,IT Service Request,execute,command,false,true,true,AGG-24-TECHNOLOGY
F16.12.A04,F16,F16.12,IT Service Desk,resolve,AGG-24-SERVICE-REQUEST,IT-SERVICE-REQUEST,IT Service Request,close,command,false,false,true,AGG-24-TECHNOLOGY
F16.12.A05,F16,F16.12,IT Service Desk,escalate,AGG-24-SERVICE-REQUEST,IT-SERVICE-REQUEST,IT Service Request,execute,command,false,false,true,AGG-24-TECHNOLOGY
F16.12.A06,F16,F16.12,IT Service Desk,close,AGG-24-SERVICE-REQUEST,IT-SERVICE-REQUEST,IT Service Request,close,command,false,false,true,AGG-24-TECHNOLOGY
F16.13.A01,F16,F16.13,Incident Management,Detect incident,AGG-24-INCIDENT,IT-INCIDENT,IT Incident,execute,command,false,false,true,AGG-24-TECHNOLOGY
F16.13.A02,F16,F16.13,Incident Management,restore service,AGG-24-INCIDENT,IT-INCIDENT,IT Incident,execute,command,false,false,true,AGG-24-TECHNOLOGY
F16.13.A03,F16,F16.13,Incident Management,communicate,AGG-24-INCIDENT,IT-INCIDENT,IT Incident,publish,command,false,false,true,AGG-24-TECHNOLOGY
F16.13.A04,F16,F16.13,Incident Management,close,AGG-24-INCIDENT,IT-INCIDENT,IT Incident,close,command,false,false,true,AGG-24-TECHNOLOGY
F16.14.A01,F16,F16.14,Problem Management,Identify recurring issue,AGG-24-PROBLEM,IT-PROBLEM,Problem,analyse,query,false,false,false,AGG-24-TECHNOLOGY
F16.14.A02,F16,F16.14,Problem Management,root-cause analysis,AGG-24-PROBLEM,IT-PROBLEM,Problem,execute,command,false,false,true,AGG-24-TECHNOLOGY
F16.14.A03,F16,F16.14,Problem Management,develop permanent fix,AGG-24-PROBLEM,IT-PROBLEM,Problem,create,command,false,false,true,AGG-24-TECHNOLOGY
F16.15.A01,F16,F16.15,Change Management,Request change,AGG-24-TECHNOLOGY-CHANGE,IT-TECHNOLOGY-CHANGE,Technology Change / Release,execute,command,false,false,true,AGG-24-TECHNOLOGY
F16.15.A02,F16,F16.15,Change Management,assess impact,AGG-24-TECHNOLOGY-CHANGE,IT-TECHNOLOGY-CHANGE,Technology Change / Release,review,command,false,false,true,AGG-24-TECHNOLOGY
F16.15.A03,F16,F16.15,Change Management,approve,AGG-24-TECHNOLOGY-CHANGE,IT-TECHNOLOGY-CHANGE,Technology Change / Release,approve,command,true,true,true,AGG-24-TECHNOLOGY
F16.15.A04,F16,F16.15,Change Management,schedule,AGG-24-TECHNOLOGY-CHANGE,IT-TECHNOLOGY-CHANGE,Technology Change / Release,allocate,command,false,false,true,AGG-24-TECHNOLOGY
F16.15.A05,F16,F16.15,Change Management,implement,AGG-24-TECHNOLOGY-CHANGE,IT-TECHNOLOGY-CHANGE,Technology Change / Release,execute,command,false,false,true,AGG-24-TECHNOLOGY
F16.15.A06,F16,F16.15,Change Management,review,AGG-24-TECHNOLOGY-CHANGE,IT-TECHNOLOGY-CHANGE,Technology Change / Release,review,command,false,false,true,AGG-24-TECHNOLOGY
F16.16.A01,F16,F16.16,Release Management,Plan release,AGG-24-TECHNOLOGY-CHANGE,IT-TECHNOLOGY-CHANGE,Technology Change / Release,allocate,command,true,true,true,AGG-24-TECHNOLOGY
F16.16.A02,F16,F16.16,Release Management,package,AGG-24-TECHNOLOGY-CHANGE,IT-TECHNOLOGY-CHANGE,Technology Change / Release,execute,command,false,false,true,AGG-24-TECHNOLOGY
F16.16.A03,F16,F16.16,Release Management,test,AGG-24-TECHNOLOGY-CHANGE,IT-TECHNOLOGY-CHANGE,Technology Change / Release,review,command,false,false,true,AGG-24-TECHNOLOGY
F16.16.A04,F16,F16.16,Release Management,approve,AGG-24-TECHNOLOGY-CHANGE,IT-TECHNOLOGY-CHANGE,Technology Change / Release,approve,command,true,true,true,AGG-24-TECHNOLOGY
F16.16.A05,F16,F16.16,Release Management,deploy,AGG-24-TECHNOLOGY-CHANGE,IT-TECHNOLOGY-CHANGE,Technology Change / Release,execute,command,false,false,true,AGG-24-TECHNOLOGY
F16.17.A01,F16,F16.17,Configuration Management,Identify assets/configuration items,AGG-24-TECHNOLOGY-CHANGE,IT-TECHNOLOGY-CHANGE,Technology Change / Release,analyse,query,false,false,false,AGG-24-TECHNOLOGY
F16.17.A02,F16,F16.17,Configuration Management,record relationships,AGG-24-TECHNOLOGY-CHANGE,IT-TECHNOLOGY-CHANGE,Technology Change / Release,record,command,false,false,true,AGG-24-TECHNOLOGY
F16.17.A03,F16,F16.17,Configuration Management,audit configuration,AGG-24-TECHNOLOGY-CHANGE,IT-TECHNOLOGY-CHANGE,Technology Change / Release,review,command,false,false,true,AGG-24-TECHNOLOGY
F16.18.A01,F16,F16.18,IT Asset Management,Procure,AGG-24-TECHNOLOGY-RESOURCE,IT-TECHNOLOGY-RESOURCE,Technology Resource / Service,execute,command,false,false,true,AGG-24-TECHNOLOGY
F16.18.A02,F16,F16.18,IT Asset Management,assign,AGG-24-TECHNOLOGY-RESOURCE,IT-TECHNOLOGY-RESOURCE,Technology Resource / Service,allocate,command,false,false,true,AGG-24-TECHNOLOGY
F16.18.A03,F16,F16.18,IT Asset Management,inventory,AGG-24-TECHNOLOGY-RESOURCE,IT-TECHNOLOGY-RESOURCE,Technology Resource / Service,execute,command,false,false,true,AGG-24-TECHNOLOGY
F16.18.A04,F16,F16.18,IT Asset Management,licence,AGG-24-TECHNOLOGY-RESOURCE,IT-TECHNOLOGY-RESOURCE,Technology Resource / Service,execute,command,false,false,true,AGG-24-TECHNOLOGY
F16.18.A05,F16,F16.18,IT Asset Management,recover,AGG-24-TECHNOLOGY-RESOURCE,IT-TECHNOLOGY-RESOURCE,Technology Resource / Service,execute,command,false,false,true,AGG-24-TECHNOLOGY
F16.18.A06,F16,F16.18,IT Asset Management,dispose,AGG-24-TECHNOLOGY-RESOURCE,IT-TECHNOLOGY-RESOURCE,Technology Resource / Service,retire,command,false,false,true,AGG-24-TECHNOLOGY
F16.19.A01,F16,F16.19,Availability / Capacity,Monitor performance,AGG-24-TECHNOLOGY-RESOURCE,IT-TECHNOLOGY-RESOURCE,Technology Resource / Service,monitor,query,false,false,false,AGG-24-TECHNOLOGY
F16.19.A02,F16,F16.19,Availability / Capacity,forecast capacity,AGG-24-TECHNOLOGY-RESOURCE,IT-TECHNOLOGY-RESOURCE,Technology Resource / Service,analyse,query,false,false,false,AGG-24-TECHNOLOGY
F16.19.A03,F16,F16.19,Availability / Capacity,resolve constraints,AGG-24-TECHNOLOGY-RESOURCE,IT-TECHNOLOGY-RESOURCE,Technology Resource / Service,close,command,false,false,true,AGG-24-TECHNOLOGY
F16.20.A01,F16,F16.20,Disaster Recovery,Establish recovery requirements,AGG-23-DISASTER-RECOVERY-PLAN,IT-DISASTER-RECOVERY-PLAN,Disaster Recovery Plan,create,command,false,false,true,AGG-24-TECHNOLOGY|AGG-23-CONTINUITY
F16.20.A02,F16,F16.20,Disaster Recovery,backup,AGG-23-DISASTER-RECOVERY-PLAN,IT-DISASTER-RECOVERY-PLAN,Disaster Recovery Plan,execute,command,false,false,true,AGG-24-TECHNOLOGY|AGG-23-CONTINUITY
F16.20.A03,F16,F16.20,Disaster Recovery,replicate,AGG-23-DISASTER-RECOVERY-PLAN,IT-DISASTER-RECOVERY-PLAN,Disaster Recovery Plan,execute,command,false,false,true,AGG-24-TECHNOLOGY|AGG-23-CONTINUITY
F16.20.A04,F16,F16.20,Disaster Recovery,test recovery,AGG-23-DISASTER-RECOVERY-PLAN,IT-DISASTER-RECOVERY-PLAN,Disaster Recovery Plan,review,command,false,false,true,AGG-24-TECHNOLOGY|AGG-23-CONTINUITY
F16.20.A05,F16,F16.20,Disaster Recovery,restore,AGG-23-DISASTER-RECOVERY-PLAN,IT-DISASTER-RECOVERY-PLAN,Disaster Recovery Plan,execute,command,false,false,true,AGG-24-TECHNOLOGY|AGG-23-CONTINUITY
F16.21.A01,F16,F16.21,Technology Vendor Management,Select vendor,AGG-08-CONTRACT,CBO-CONTRACT,Technology Supplier / Contract,approve,command,true,true,true,AGG-24-TECHNOLOGY|AGG-09-SOURCING
F16.21.A02,F16,F16.21,Technology Vendor Management,manage licence,AGG-08-CONTRACT,CBO-CONTRACT,Technology Supplier / Contract,configure,command,false,false,true,AGG-24-TECHNOLOGY|AGG-09-SOURCING
F16.21.A03,F16,F16.21,Technology Vendor Management,contract,AGG-08-CONTRACT,CBO-CONTRACT,Technology Supplier / Contract,execute,command,false,false,true,AGG-24-TECHNOLOGY|AGG-09-SOURCING
F16.21.A04,F16,F16.21,Technology Vendor Management,SLA,AGG-08-CONTRACT,CBO-CONTRACT,Technology Supplier / Contract,execute,command,false,false,true,AGG-24-TECHNOLOGY|AGG-09-SOURCING
F16.21.A05,F16,F16.21,Technology Vendor Management,renewal,AGG-08-CONTRACT,CBO-CONTRACT,Technology Supplier / Contract,execute,command,false,false,true,AGG-24-TECHNOLOGY|AGG-09-SOURCING
F17.01.A01,F17,F17.01,Data Strategy,Define data vision,AGG-24-DOMAIN,DATA-DOMAIN,Data Domain / Governance,create,command,false,false,true,AGG-24-DATA
F17.01.A02,F17,F17.01,Data Strategy,priorities,AGG-24-DOMAIN,DATA-DOMAIN,Data Domain / Governance,execute,command,false,false,true,AGG-24-DATA
F17.01.A03,F17,F17.01,Data Strategy,architecture,AGG-24-DOMAIN,DATA-DOMAIN,Data Domain / Governance,execute,command,false,false,true,AGG-24-DATA
F17.01.A04,F17,F17.01,Data Strategy,operating model,AGG-24-DOMAIN,DATA-DOMAIN,Data Domain / Governance,execute,command,false,false,true,AGG-24-DATA
F17.02.A01,F17,F17.02,Data Governance,Establish owners/stewards,AGG-24-DOMAIN,DATA-DOMAIN,Data Domain / Governance,create,command,false,false,true,AGG-24-DATA
F17.02.A02,F17,F17.02,Data Governance,policies,AGG-24-DOMAIN,DATA-DOMAIN,Data Domain / Governance,execute,command,false,false,true,AGG-24-DATA
F17.02.A03,F17,F17.02,Data Governance,standards,AGG-24-DOMAIN,DATA-DOMAIN,Data Domain / Governance,execute,command,false,false,true,AGG-24-DATA
F17.02.A04,F17,F17.02,Data Governance,governance forums,AGG-24-DOMAIN,DATA-DOMAIN,Data Domain / Governance,configure,command,false,false,true,AGG-24-DATA
F17.03.A01,F17,F17.03,Data Architecture,Model domains,AGG-24-DOMAIN,DATA-DOMAIN,Data Domain / Governance,analyse,query,false,false,false,AGG-24-DATA
F17.03.A02,F17,F17.03,Data Architecture,integrations,AGG-24-DOMAIN,DATA-DOMAIN,Data Domain / Governance,execute,command,false,false,true,AGG-24-DATA
F17.03.A03,F17,F17.03,Data Architecture,stores,AGG-24-DOMAIN,DATA-DOMAIN,Data Domain / Governance,execute,command,false,false,true,AGG-24-DATA
F17.03.A04,F17,F17.03,Data Architecture,flows,AGG-24-DOMAIN,DATA-DOMAIN,Data Domain / Governance,execute,command,false,false,true,AGG-24-DATA
F17.03.A05,F17,F17.03,Data Architecture,canonical models,AGG-24-DOMAIN,DATA-DOMAIN,Data Domain / Governance,execute,command,false,false,true,AGG-24-DATA
F17.04.A01,F17,F17.04,Master Data Management,Create master record,AGG-01-MASTER-STEWARDSHIP,MDG-STEWARDSHIP-CASE,Master Data Stewardship,create,command,false,false,true,
F17.04.A02,F17,F17.04,Master Data Management,validate,AGG-01-MASTER-STEWARDSHIP,MDG-STEWARDSHIP-CASE,Master Data Stewardship,review,command,false,false,true,
F17.04.A03,F17,F17.04,Master Data Management,match,AGG-01-MASTER-STEWARDSHIP,MDG-STEWARDSHIP-CASE,Master Data Stewardship,reconcile,command,false,false,true,
F17.04.A04,F17,F17.04,Master Data Management,merge,AGG-01-MASTER-STEWARDSHIP,MDG-STEWARDSHIP-CASE,Master Data Stewardship,execute,command,false,false,true,
F17.04.A05,F17,F17.04,Master Data Management,enrich,AGG-01-MASTER-STEWARDSHIP,MDG-STEWARDSHIP-CASE,Master Data Stewardship,execute,command,false,false,true,
F17.04.A06,F17,F17.04,Master Data Management,retire,AGG-01-MASTER-STEWARDSHIP,MDG-STEWARDSHIP-CASE,Master Data Stewardship,retire,command,false,false,true,
F17.05.A01,F17,F17.05,Reference Data,Define codes,AGG-29-REFERENCE-DATA,REF-JURISDICTION,Reference Data,create,command,false,false,true,
F17.05.A02,F17,F17.05,Reference Data,classifications,AGG-29-REFERENCE-DATA,REF-JURISDICTION,Reference Data,execute,command,false,false,true,
F17.05.A03,F17,F17.05,Reference Data,hierarchies,AGG-29-REFERENCE-DATA,REF-JURISDICTION,Reference Data,execute,command,false,false,true,
F17.05.A04,F17,F17.05,Reference Data,publish changes,AGG-29-REFERENCE-DATA,REF-JURISDICTION,Reference Data,publish,command,true,true,true,
F17.06.A01,F17,F17.06,Data Quality,Define rules,AGG-24-QUALITY-ISSUE,DATA-QUALITY-ISSUE,Data Quality Rule / Issue,create,command,false,false,true,AGG-24-DATA
F17.06.A02,F17,F17.06,Data Quality,profile data,AGG-24-QUALITY-ISSUE,DATA-QUALITY-ISSUE,Data Quality Rule / Issue,execute,command,false,false,true,AGG-24-DATA
F17.06.A03,F17,F17.06,Data Quality,detect defects,AGG-24-QUALITY-ISSUE,DATA-QUALITY-ISSUE,Data Quality Rule / Issue,execute,command,false,false,true,AGG-24-DATA
F17.06.A04,F17,F17.06,Data Quality,remediate,AGG-24-QUALITY-ISSUE,DATA-QUALITY-ISSUE,Data Quality Rule / Issue,execute,command,false,false,true,AGG-24-DATA
F17.06.A05,F17,F17.06,Data Quality,monitor,AGG-24-QUALITY-ISSUE,DATA-QUALITY-ISSUE,Data Quality Rule / Issue,monitor,query,false,false,false,AGG-24-DATA
F17.07.A01,F17,F17.07,Data Engineering,Extract,AGG-24-DATA,DATA-PRODUCT,Data Product / Dataset,execute,command,false,false,true,
F17.07.A02,F17,F17.07,Data Engineering,transform,AGG-24-DATA,DATA-PRODUCT,Data Product / Dataset,execute,command,false,false,true,
F17.07.A03,F17,F17.07,Data Engineering,load,AGG-24-DATA,DATA-PRODUCT,Data Product / Dataset,execute,command,false,false,true,
F17.07.A04,F17,F17.07,Data Engineering,integrate,AGG-24-DATA,DATA-PRODUCT,Data Product / Dataset,execute,command,false,false,true,
F17.07.A05,F17,F17.07,Data Engineering,orchestrate pipelines,AGG-24-DATA,DATA-PRODUCT,Data Product / Dataset,execute,command,false,false,true,
F17.08.A01,F17,F17.08,Data Platform,Provision warehouses/lakes,AGG-24-DATA,DATA-PRODUCT,Data Product / Dataset,execute,command,false,false,true,
F17.08.A02,F17,F17.08,Data Platform,manage compute/storage,AGG-24-DATA,DATA-PRODUCT,Data Product / Dataset,configure,command,false,false,true,
F17.08.A03,F17,F17.08,Data Platform,optimise performance,AGG-24-DATA,DATA-PRODUCT,Data Product / Dataset,execute,command,false,false,true,
F17.09.A01,F17,F17.09,BI / Reporting,Capture requirements,AGG-24-MODEL,ANALYTICS-MODEL,Analytics / Reporting,create,command,false,false,true,AGG-24-DATA
F17.09.A02,F17,F17.09,BI / Reporting,build reports,AGG-24-MODEL,ANALYTICS-MODEL,Analytics / Reporting,create,command,false,false,true,AGG-24-DATA
F17.09.A03,F17,F17.09,BI / Reporting,validate,AGG-24-MODEL,ANALYTICS-MODEL,Analytics / Reporting,review,command,false,false,true,AGG-24-DATA
F17.09.A04,F17,F17.09,BI / Reporting,publish,AGG-24-MODEL,ANALYTICS-MODEL,Analytics / Reporting,publish,command,true,true,true,AGG-24-DATA
F17.09.A05,F17,F17.09,BI / Reporting,maintain,AGG-24-MODEL,ANALYTICS-MODEL,Analytics / Reporting,change,command,false,false,true,AGG-24-DATA
F17.10.A01,F17,F17.10,Analytics,Analyse data,AGG-24-MODEL,ANALYTICS-MODEL,Analytics / Reporting,analyse,query,false,false,false,AGG-24-DATA
F17.10.A02,F17,F17.10,Analytics,identify patterns,AGG-24-MODEL,ANALYTICS-MODEL,Analytics / Reporting,analyse,query,false,false,false,AGG-24-DATA
F17.10.A03,F17,F17.10,Analytics,model scenarios,AGG-24-MODEL,ANALYTICS-MODEL,Analytics / Reporting,analyse,query,false,false,false,AGG-24-DATA
F17.10.A04,F17,F17.10,Analytics,communicate insights,AGG-24-MODEL,ANALYTICS-MODEL,Analytics / Reporting,publish,command,false,false,true,AGG-24-DATA
F17.11.A01,F17,F17.11,Data Science,Prepare data,AGG-24-MODEL,ANALYTICS-MODEL,Analytics / Reporting,execute,command,false,false,true,AGG-24-DATA
F17.11.A02,F17,F17.11,Data Science,engineer features,AGG-24-MODEL,ANALYTICS-MODEL,Analytics / Reporting,execute,command,false,false,true,AGG-24-DATA
F17.11.A03,F17,F17.11,Data Science,train models,AGG-24-MODEL,ANALYTICS-MODEL,Analytics / Reporting,execute,command,false,false,true,AGG-24-DATA
F17.11.A04,F17,F17.11,Data Science,validate models,AGG-24-MODEL,ANALYTICS-MODEL,Analytics / Reporting,review,command,false,false,true,AGG-24-DATA
F17.12.A01,F17,F17.12,AI Development,Select use case,AGG-24-AI,AI-USE-CASE,AI Use Case / Model,approve,command,true,true,true,AGG-21-RISK
F17.12.A02,F17,F17.12,AI Development,develop model/system,AGG-24-AI,AI-USE-CASE,AI Use Case / Model,create,command,false,false,true,AGG-21-RISK
F17.12.A03,F17,F17.12,AI Development,evaluate,AGG-24-AI,AI-USE-CASE,AI Use Case / Model,review,command,false,false,true,AGG-21-RISK
F17.12.A04,F17,F17.12,AI Development,deploy,AGG-24-AI,AI-USE-CASE,AI Use Case / Model,execute,command,false,false,true,AGG-21-RISK
F17.13.A01,F17,F17.13,AI Governance,Register models,AGG-24-AI,AI-USE-CASE,AI Use Case / Model,create,command,false,false,true,AGG-21-RISK
F17.13.A02,F17,F17.13,AI Governance,assess risk,AGG-24-AI,AI-USE-CASE,AI Use Case / Model,review,command,false,false,true,AGG-21-RISK
F17.13.A03,F17,F17.13,AI Governance,approve use,AGG-24-AI,AI-USE-CASE,AI Use Case / Model,approve,command,true,true,true,AGG-21-RISK
F17.13.A04,F17,F17.13,AI Governance,monitor performance,AGG-24-AI,AI-USE-CASE,AI Use Case / Model,monitor,query,false,false,false,AGG-21-RISK
F17.13.A05,F17,F17.13,AI Governance,review bias,AGG-24-AI,AI-USE-CASE,AI Use Case / Model,review,command,false,false,true,AGG-21-RISK
F17.14.A01,F17,F17.14,Model Operations,Deploy model,AGG-24-AI,AI-USE-CASE,AI Use Case / Model,execute,command,false,false,true,AGG-21-RISK
F17.14.A02,F17,F17.14,Model Operations,monitor drift,AGG-24-AI,AI-USE-CASE,AI Use Case / Model,monitor,query,false,false,false,AGG-21-RISK
F17.14.A03,F17,F17.14,Model Operations,retrain,AGG-24-AI,AI-USE-CASE,AI Use Case / Model,execute,command,false,false,true,AGG-21-RISK
F17.14.A04,F17,F17.14,Model Operations,version,AGG-24-AI,AI-USE-CASE,AI Use Case / Model,execute,command,false,false,true,AGG-21-RISK
F17.14.A05,F17,F17.14,Model Operations,retire,AGG-24-AI,AI-USE-CASE,AI Use Case / Model,retire,command,false,false,true,AGG-21-RISK
F17.15.A01,F17,F17.15,Metadata / Catalogue,Catalogue datasets,AGG-24-DATA,DATA-PRODUCT,Data Product / Dataset,execute,command,false,false,true,
F17.15.A02,F17,F17.15,Metadata / Catalogue,define lineage,AGG-24-DATA,DATA-PRODUCT,Data Product / Dataset,create,command,false,false,true,
F17.15.A03,F17,F17.15,Metadata / Catalogue,classify,AGG-24-DATA,DATA-PRODUCT,Data Product / Dataset,execute,command,false,false,true,
F17.15.A04,F17,F17.15,Metadata / Catalogue,maintain business glossary,AGG-24-DATA,DATA-PRODUCT,Data Product / Dataset,change,command,false,false,true,
F17.16.A01,F17,F17.16,Data Access,Request access,AGG-24-ACCESS-REQUEST,DATA-ACCESS-REQUEST,Data Access Request,execute,command,false,false,true,AGG-01-AUTHORITY|AGG-24-DATA
F17.16.A02,F17,F17.16,Data Access,approve,AGG-24-ACCESS-REQUEST,DATA-ACCESS-REQUEST,Data Access Request,approve,command,true,true,true,AGG-01-AUTHORITY|AGG-24-DATA
F17.16.A03,F17,F17.16,Data Access,provision,AGG-24-ACCESS-REQUEST,DATA-ACCESS-REQUEST,Data Access Request,execute,command,false,false,true,AGG-01-AUTHORITY|AGG-24-DATA
F17.16.A04,F17,F17.16,Data Access,review,AGG-24-ACCESS-REQUEST,DATA-ACCESS-REQUEST,Data Access Request,review,command,false,false,true,AGG-01-AUTHORITY|AGG-24-DATA
F17.16.A05,F17,F17.16,Data Access,revoke,AGG-24-ACCESS-REQUEST,DATA-ACCESS-REQUEST,Data Access Request,execute,command,false,false,true,AGG-01-AUTHORITY|AGG-24-DATA
F17.17.A01,F17,F17.17,Data Lifecycle,Create,AGG-24-DATA,DATA-PRODUCT,Data Product / Dataset,create,command,false,false,true,
F17.17.A02,F17,F17.17,Data Lifecycle,retain,AGG-24-DATA,DATA-PRODUCT,Data Product / Dataset,execute,command,false,false,true,
F17.17.A03,F17,F17.17,Data Lifecycle,archive,AGG-24-DATA,DATA-PRODUCT,Data Product / Dataset,retire,command,false,false,true,
F17.17.A04,F17,F17.17,Data Lifecycle,delete,AGG-24-DATA,DATA-PRODUCT,Data Product / Dataset,execute,command,false,false,true,
F17.17.A05,F17,F17.17,Data Lifecycle,dispose,AGG-24-DATA,DATA-PRODUCT,Data Product / Dataset,retire,command,false,false,true,
F18.01.A01,F18,F18.01,Security Strategy,Define security objectives,AGG-24-POLICY,SECURITY-POLICY,Security Policy / Architecture,create,command,false,false,true,AGG-21-CONTROL|AGG-24-CYBER
F18.01.A02,F18,F18.01,Security Strategy,roadmap,AGG-24-POLICY,SECURITY-POLICY,Security Policy / Architecture,execute,command,false,false,true,AGG-21-CONTROL|AGG-24-CYBER
F18.01.A03,F18,F18.01,Security Strategy,governance,AGG-24-POLICY,SECURITY-POLICY,Security Policy / Architecture,configure,command,false,false,true,AGG-21-CONTROL|AGG-24-CYBER
F18.01.A04,F18,F18.01,Security Strategy,funding,AGG-24-POLICY,SECURITY-POLICY,Security Policy / Architecture,execute,command,false,false,true,AGG-21-CONTROL|AGG-24-CYBER
F18.02.A01,F18,F18.02,Security Policy,Create standards,AGG-24-POLICY,SECURITY-POLICY,Security Policy / Architecture,create,command,false,false,true,AGG-21-CONTROL|AGG-24-CYBER
F18.02.A02,F18,F18.02,Security Policy,approve,AGG-24-POLICY,SECURITY-POLICY,Security Policy / Architecture,approve,command,true,true,true,AGG-21-CONTROL|AGG-24-CYBER
F18.02.A03,F18,F18.02,Security Policy,publish,AGG-24-POLICY,SECURITY-POLICY,Security Policy / Architecture,publish,command,true,true,true,AGG-21-CONTROL|AGG-24-CYBER
F18.02.A04,F18,F18.02,Security Policy,review compliance,AGG-24-POLICY,SECURITY-POLICY,Security Policy / Architecture,review,command,false,false,true,AGG-21-CONTROL|AGG-24-CYBER
F18.03.A01,F18,F18.03,Security Architecture,Define controls,AGG-24-POLICY,SECURITY-POLICY,Security Policy / Architecture,create,command,false,false,true,AGG-21-CONTROL|AGG-24-CYBER
F18.03.A02,F18,F18.03,Security Architecture,review solution architecture,AGG-24-POLICY,SECURITY-POLICY,Security Policy / Architecture,review,command,false,false,true,AGG-21-CONTROL|AGG-24-CYBER
F18.03.A03,F18,F18.03,Security Architecture,approve exceptions,AGG-24-POLICY,SECURITY-POLICY,Security Policy / Architecture,approve,command,true,true,true,AGG-21-CONTROL|AGG-24-CYBER
F18.04.A01,F18,F18.04,Identity & Access Security,Authenticate users,AGG-01-ACCESS-GRANT,SEC-ACCESS-GRANT,Access / Security Authority,execute,command,false,false,true,AGG-24-CYBER|AGG-01-AUTHORITY
F18.04.A02,F18,F18.04,Identity & Access Security,authorise access,AGG-01-ACCESS-GRANT,SEC-ACCESS-GRANT,Access / Security Authority,approve,command,true,true,true,AGG-24-CYBER|AGG-01-AUTHORITY
F18.04.A03,F18,F18.04,Identity & Access Security,privileged access,AGG-01-ACCESS-GRANT,SEC-ACCESS-GRANT,Access / Security Authority,execute,command,false,false,true,AGG-24-CYBER|AGG-01-AUTHORITY
F18.04.A04,F18,F18.04,Identity & Access Security,access reviews,AGG-01-ACCESS-GRANT,SEC-ACCESS-GRANT,Access / Security Authority,read,query,false,false,false,AGG-24-CYBER|AGG-01-AUTHORITY
F18.05.A01,F18,F18.05,Vulnerability Management,Discover assets,AGG-24-VULNERABILITY,SEC-VULNERABILITY,Vulnerability / Patch,analyse,query,false,false,false,AGG-24-CYBER
F18.05.A02,F18,F18.05,Vulnerability Management,scan,AGG-24-VULNERABILITY,SEC-VULNERABILITY,Vulnerability / Patch,execute,command,false,false,true,AGG-24-CYBER
F18.05.A03,F18,F18.05,Vulnerability Management,prioritise vulnerabilities,AGG-24-VULNERABILITY,SEC-VULNERABILITY,Vulnerability / Patch,execute,command,false,true,true,AGG-24-CYBER
F18.05.A04,F18,F18.05,Vulnerability Management,remediate,AGG-24-VULNERABILITY,SEC-VULNERABILITY,Vulnerability / Patch,execute,command,false,false,true,AGG-24-CYBER
F18.05.A05,F18,F18.05,Vulnerability Management,verify,AGG-24-VULNERABILITY,SEC-VULNERABILITY,Vulnerability / Patch,review,command,false,false,true,AGG-24-CYBER
F18.06.A01,F18,F18.06,Patch Security,Identify patches,AGG-24-VULNERABILITY,SEC-VULNERABILITY,Vulnerability / Patch,analyse,query,false,false,false,AGG-24-CYBER
F18.06.A02,F18,F18.06,Patch Security,assess risk,AGG-24-VULNERABILITY,SEC-VULNERABILITY,Vulnerability / Patch,review,command,false,false,true,AGG-24-CYBER
F18.06.A03,F18,F18.06,Patch Security,test,AGG-24-VULNERABILITY,SEC-VULNERABILITY,Vulnerability / Patch,review,command,false,false,true,AGG-24-CYBER
F18.06.A04,F18,F18.06,Patch Security,deploy,AGG-24-VULNERABILITY,SEC-VULNERABILITY,Vulnerability / Patch,execute,command,false,false,true,AGG-24-CYBER
F18.06.A05,F18,F18.06,Patch Security,verify,AGG-24-VULNERABILITY,SEC-VULNERABILITY,Vulnerability / Patch,review,command,false,false,true,AGG-24-CYBER
F18.07.A01,F18,F18.07,Security Monitoring,Collect logs,AGG-24-SECURITY-ALERT,SEC-SECURITY-ALERT,Security Monitoring / Test,receive,command,false,false,true,AGG-24-CYBER
F18.07.A02,F18,F18.07,Security Monitoring,correlate events,AGG-24-SECURITY-ALERT,SEC-SECURITY-ALERT,Security Monitoring / Test,execute,command,false,false,true,AGG-24-CYBER
F18.07.A03,F18,F18.07,Security Monitoring,detect anomalies,AGG-24-SECURITY-ALERT,SEC-SECURITY-ALERT,Security Monitoring / Test,execute,command,false,false,true,AGG-24-CYBER
F18.07.A04,F18,F18.07,Security Monitoring,investigate alerts,AGG-24-SECURITY-ALERT,SEC-SECURITY-ALERT,Security Monitoring / Test,analyse,query,false,false,false,AGG-24-CYBER
F18.08.A01,F18,F18.08,Security Incident Response,Detect,AGG-24-CYBER,SEC-CYBER-INCIDENT,Cybersecurity Incident,execute,command,false,false,true,
F18.08.A02,F18,F18.08,Security Incident Response,triage,AGG-24-CYBER,SEC-CYBER-INCIDENT,Cybersecurity Incident,execute,command,false,false,true,
F18.08.A03,F18,F18.08,Security Incident Response,contain,AGG-24-CYBER,SEC-CYBER-INCIDENT,Cybersecurity Incident,execute,command,false,false,true,
F18.08.A04,F18,F18.08,Security Incident Response,eradicate,AGG-24-CYBER,SEC-CYBER-INCIDENT,Cybersecurity Incident,execute,command,false,false,true,
F18.08.A05,F18,F18.08,Security Incident Response,recover,AGG-24-CYBER,SEC-CYBER-INCIDENT,Cybersecurity Incident,execute,command,false,false,true,
F18.08.A06,F18,F18.08,Security Incident Response,review,AGG-24-CYBER,SEC-CYBER-INCIDENT,Cybersecurity Incident,review,command,false,false,true,
F18.09.A01,F18,F18.09,Threat Intelligence,Collect intelligence,AGG-24-SECURITY-ALERT,SEC-SECURITY-ALERT,Security Monitoring / Test,receive,command,false,false,true,AGG-24-CYBER
F18.09.A02,F18,F18.09,Threat Intelligence,assess threats,AGG-24-SECURITY-ALERT,SEC-SECURITY-ALERT,Security Monitoring / Test,review,command,false,false,true,AGG-24-CYBER
F18.09.A03,F18,F18.09,Threat Intelligence,create indicators,AGG-24-SECURITY-ALERT,SEC-SECURITY-ALERT,Security Monitoring / Test,create,command,false,false,true,AGG-24-CYBER
F18.09.A04,F18,F18.09,Threat Intelligence,distribute alerts,AGG-24-SECURITY-ALERT,SEC-SECURITY-ALERT,Security Monitoring / Test,publish,command,false,false,true,AGG-24-CYBER
F18.10.A01,F18,F18.10,Penetration Testing,Define scope,AGG-24-SECURITY-ALERT,SEC-SECURITY-ALERT,Security Monitoring / Test,create,command,false,false,true,AGG-24-CYBER
F18.10.A02,F18,F18.10,Penetration Testing,test,AGG-24-SECURITY-ALERT,SEC-SECURITY-ALERT,Security Monitoring / Test,review,command,false,false,true,AGG-24-CYBER
F18.10.A03,F18,F18.10,Penetration Testing,document findings,AGG-24-SECURITY-ALERT,SEC-SECURITY-ALERT,Security Monitoring / Test,record,command,false,false,true,AGG-24-CYBER
F18.10.A04,F18,F18.10,Penetration Testing,remediate,AGG-24-SECURITY-ALERT,SEC-SECURITY-ALERT,Security Monitoring / Test,execute,command,false,false,true,AGG-24-CYBER
F18.10.A05,F18,F18.10,Penetration Testing,retest,AGG-24-SECURITY-ALERT,SEC-SECURITY-ALERT,Security Monitoring / Test,execute,command,false,false,true,AGG-24-CYBER
F18.11.A01,F18,F18.11,Application Security,Threat model,AGG-24-VULNERABILITY,SEC-VULNERABILITY,Vulnerability / Patch,execute,command,false,false,true,AGG-24-CYBER
F18.11.A02,F18,F18.11,Application Security,code scan,AGG-24-VULNERABILITY,SEC-VULNERABILITY,Vulnerability / Patch,execute,command,false,false,true,AGG-24-CYBER
F18.11.A03,F18,F18.11,Application Security,dependency scan,AGG-24-VULNERABILITY,SEC-VULNERABILITY,Vulnerability / Patch,execute,command,false,false,true,AGG-24-CYBER
F18.11.A04,F18,F18.11,Application Security,test,AGG-24-VULNERABILITY,SEC-VULNERABILITY,Vulnerability / Patch,review,command,false,false,true,AGG-24-CYBER
F18.11.A05,F18,F18.11,Application Security,remediate,AGG-24-VULNERABILITY,SEC-VULNERABILITY,Vulnerability / Patch,execute,command,false,false,true,AGG-24-CYBER
F18.12.A01,F18,F18.12,Third-party Security,Assess supplier,AGG-21-RISK,RISK-ENTERPRISE-RISK,Third-party Security Risk,review,command,false,false,true,AGG-09-SOURCING
F18.12.A02,F18,F18.12,Third-party Security,review controls,AGG-21-RISK,RISK-ENTERPRISE-RISK,Third-party Security Risk,review,command,false,false,true,AGG-09-SOURCING
F18.12.A03,F18,F18.12,Third-party Security,monitor risk,AGG-21-RISK,RISK-ENTERPRISE-RISK,Third-party Security Risk,monitor,query,false,false,false,AGG-09-SOURCING
F18.12.A04,F18,F18.12,Third-party Security,manage remediation,AGG-21-RISK,RISK-ENTERPRISE-RISK,Third-party Security Risk,configure,command,false,false,true,AGG-09-SOURCING
F18.13.A01,F18,F18.13,Security Awareness,Develop training,AGG-18-LEARNING,HCM-TRAINING-COURSE,Security Learning / Awareness,create,command,false,false,true,
F18.13.A02,F18,F18.13,Security Awareness,conduct phishing simulations,AGG-18-LEARNING,HCM-TRAINING-COURSE,Security Learning / Awareness,execute,command,false,false,true,
F18.13.A03,F18,F18.13,Security Awareness,track completion,AGG-18-LEARNING,HCM-TRAINING-COURSE,Security Learning / Awareness,monitor,query,false,false,false,
F18.14.A01,F18,F18.14,Cryptography,Manage keys,AGG-01-ACCESS-GRANT,SEC-ACCESS-GRANT,Access / Security Authority,configure,command,false,false,true,AGG-24-CYBER|AGG-01-AUTHORITY
F18.14.A02,F18,F18.14,Cryptography,certificates,AGG-01-ACCESS-GRANT,SEC-ACCESS-GRANT,Access / Security Authority,execute,command,true,true,true,AGG-24-CYBER|AGG-01-AUTHORITY
F18.14.A03,F18,F18.14,Cryptography,encryption policies,AGG-01-ACCESS-GRANT,SEC-ACCESS-GRANT,Access / Security Authority,execute,command,false,false,true,AGG-24-CYBER|AGG-01-AUTHORITY
F18.14.A04,F18,F18.14,Cryptography,certificate lifecycle,AGG-01-ACCESS-GRANT,SEC-ACCESS-GRANT,Access / Security Authority,execute,command,true,true,true,AGG-24-CYBER|AGG-01-AUTHORITY
F18.15.A01,F18,F18.15,Security Compliance,Map controls,AGG-24-POLICY,SECURITY-POLICY,Security Policy / Architecture,analyse,query,false,false,false,AGG-21-CONTROL|AGG-24-CYBER
F18.15.A02,F18,F18.15,Security Compliance,collect evidence,AGG-24-POLICY,SECURITY-POLICY,Security Policy / Architecture,receive,command,false,false,true,AGG-21-CONTROL|AGG-24-CYBER
F18.15.A03,F18,F18.15,Security Compliance,test compliance,AGG-24-POLICY,SECURITY-POLICY,Security Policy / Architecture,review,command,false,false,true,AGG-21-CONTROL|AGG-24-CYBER
F18.15.A04,F18,F18.15,Security Compliance,remediate gaps,AGG-24-POLICY,SECURITY-POLICY,Security Policy / Architecture,execute,command,false,false,true,AGG-21-CONTROL|AGG-24-CYBER
F19.01.A01,F19,F19.01,Legal Advisory,Interpret law,AGG-22-LEGAL,LEGAL-MATTER,Legal Matter,execute,command,false,false,true,
F19.01.A02,F19,F19.01,Legal Advisory,provide advice,AGG-22-LEGAL,LEGAL-MATTER,Legal Matter,execute,command,false,false,true,
F19.01.A03,F19,F19.01,Legal Advisory,review business decisions,AGG-22-LEGAL,LEGAL-MATTER,Legal Matter,review,command,false,false,true,
F19.02.A01,F19,F19.02,Contract Management,Draft,AGG-08-CONTRACT,CBO-CONTRACT,Contract,create,command,false,false,true,AGG-07-INFORMATION
F19.02.A02,F19,F19.02,Contract Management,review,AGG-08-CONTRACT,CBO-CONTRACT,Contract,review,command,false,false,true,AGG-07-INFORMATION
F19.02.A03,F19,F19.02,Contract Management,negotiate,AGG-08-CONTRACT,CBO-CONTRACT,Contract,execute,command,false,false,true,AGG-07-INFORMATION
F19.02.A04,F19,F19.02,Contract Management,approve,AGG-08-CONTRACT,CBO-CONTRACT,Contract,approve,command,true,true,true,AGG-07-INFORMATION
F19.02.A05,F19,F19.02,Contract Management,execute,AGG-08-CONTRACT,CBO-CONTRACT,Contract,execute,command,false,false,true,AGG-07-INFORMATION
F19.02.A06,F19,F19.02,Contract Management,amend,AGG-08-CONTRACT,CBO-CONTRACT,Contract,execute,command,false,false,true,AGG-07-INFORMATION
F19.02.A07,F19,F19.02,Contract Management,renew,AGG-08-CONTRACT,CBO-CONTRACT,Contract,execute,command,false,false,true,AGG-07-INFORMATION
F19.02.A08,F19,F19.02,Contract Management,terminate,AGG-08-CONTRACT,CBO-CONTRACT,Contract,cancel,command,false,false,true,AGG-07-INFORMATION
F19.03.A01,F19,F19.03,Contract Repository,Store agreements,AGG-08-CONTRACT,CBO-CONTRACT,Contract,execute,command,false,false,true,AGG-07-INFORMATION
F19.03.A02,F19,F19.03,Contract Repository,extract obligations,AGG-08-CONTRACT,CBO-CONTRACT,Contract,execute,command,false,false,true,AGG-07-INFORMATION
F19.03.A03,F19,F19.03,Contract Repository,monitor milestones,AGG-08-CONTRACT,CBO-CONTRACT,Contract,monitor,query,false,false,false,AGG-07-INFORMATION
F19.03.A04,F19,F19.03,Contract Repository,archive,AGG-08-CONTRACT,CBO-CONTRACT,Contract,retire,command,false,false,true,AGG-07-INFORMATION
F19.04.A01,F19,F19.04,Corporate Legal,Establish entities,AGG-22-CORPORATE-SECRETARIAT,CORP-OFFICE-APPOINTMENT,Corporate Secretariat / Entity Register,create,command,false,false,true,AGG-22-LEGAL
F19.04.A02,F19,F19.04,Corporate Legal,maintain registrations,AGG-22-CORPORATE-SECRETARIAT,CORP-OFFICE-APPOINTMENT,Corporate Secretariat / Entity Register,change,command,false,false,true,AGG-22-LEGAL
F19.04.A03,F19,F19.04,Corporate Legal,statutory filings,AGG-22-CORPORATE-SECRETARIAT,CORP-OFFICE-APPOINTMENT,Corporate Secretariat / Entity Register,execute,command,false,false,true,AGG-22-LEGAL
F19.04.A04,F19,F19.04,Corporate Legal,corporate records,AGG-22-CORPORATE-SECRETARIAT,CORP-OFFICE-APPOINTMENT,Corporate Secretariat / Entity Register,execute,command,false,false,true,AGG-22-LEGAL
F19.05.A01,F19,F19.05,Company Secretariat,Manage board governance,AGG-22-CORPORATE-SECRETARIAT,CORP-OFFICE-APPOINTMENT,Corporate Secretariat / Entity Register,configure,command,false,false,true,AGG-22-LEGAL
F19.05.A02,F19,F19.05,Company Secretariat,resolutions,AGG-22-CORPORATE-SECRETARIAT,CORP-OFFICE-APPOINTMENT,Corporate Secretariat / Entity Register,execute,command,false,false,true,AGG-22-LEGAL
F19.05.A03,F19,F19.05,Company Secretariat,statutory books,AGG-22-CORPORATE-SECRETARIAT,CORP-OFFICE-APPOINTMENT,Corporate Secretariat / Entity Register,execute,command,false,false,true,AGG-22-LEGAL
F19.05.A04,F19,F19.05,Company Secretariat,filings,AGG-22-CORPORATE-SECRETARIAT,CORP-OFFICE-APPOINTMENT,Corporate Secretariat / Entity Register,execute,command,false,false,true,AGG-22-LEGAL
F19.06.A01,F19,F19.06,Intellectual Property,Register trademarks/patents,AGG-22-IP-ASSET,LEGAL-IP-ASSET,Intellectual Property Asset,create,command,false,false,true,AGG-22-LEGAL
F19.06.A02,F19,F19.06,Intellectual Property,maintain rights,AGG-22-IP-ASSET,LEGAL-IP-ASSET,Intellectual Property Asset,change,command,false,false,true,AGG-22-LEGAL
F19.06.A03,F19,F19.06,Intellectual Property,licence IP,AGG-22-IP-ASSET,LEGAL-IP-ASSET,Intellectual Property Asset,execute,command,false,false,true,AGG-22-LEGAL
F19.06.A04,F19,F19.06,Intellectual Property,enforce rights,AGG-22-IP-ASSET,LEGAL-IP-ASSET,Intellectual Property Asset,execute,command,false,false,true,AGG-22-LEGAL
F19.07.A01,F19,F19.07,Litigation,Assess claim,AGG-22-PROCEEDING,LEGAL-PROCEEDING,Legal Proceeding / Dispute,review,command,false,false,true,AGG-22-LEGAL
F19.07.A02,F19,F19.07,Litigation,appoint counsel,AGG-22-PROCEEDING,LEGAL-PROCEEDING,Legal Proceeding / Dispute,create,command,false,false,true,AGG-22-LEGAL
F19.07.A03,F19,F19.07,Litigation,manage evidence,AGG-22-PROCEEDING,LEGAL-PROCEEDING,Legal Proceeding / Dispute,configure,command,false,false,true,AGG-22-LEGAL
F19.07.A04,F19,F19.07,Litigation,negotiate settlement,AGG-22-PROCEEDING,LEGAL-PROCEEDING,Legal Proceeding / Dispute,execute,command,false,false,true,AGG-22-LEGAL
F19.07.A05,F19,F19.07,Litigation,litigate,AGG-22-PROCEEDING,LEGAL-PROCEEDING,Legal Proceeding / Dispute,execute,command,false,false,true,AGG-22-LEGAL
F19.08.A01,F19,F19.08,Regulatory Legal,Interpret regulation,AGG-22-LEGAL,LEGAL-MATTER,Legal Matter,execute,command,false,false,true,
F19.08.A02,F19,F19.08,Regulatory Legal,assess changes,AGG-22-LEGAL,LEGAL-MATTER,Legal Matter,review,command,false,false,true,
F19.08.A03,F19,F19.08,Regulatory Legal,advise implementation,AGG-22-LEGAL,LEGAL-MATTER,Legal Matter,execute,command,false,false,true,
F19.09.A01,F19,F19.09,Employment Legal,Review contracts,AGG-22-LEGAL,LEGAL-MATTER,Legal Matter,review,command,false,false,true,
F19.09.A02,F19,F19.09,Employment Legal,disputes,AGG-22-LEGAL,LEGAL-MATTER,Legal Matter,execute,command,false,false,true,
F19.09.A03,F19,F19.09,Employment Legal,restructuring,AGG-22-LEGAL,LEGAL-MATTER,Legal Matter,execute,command,false,false,true,
F19.09.A04,F19,F19.09,Employment Legal,employee matters,AGG-22-LEGAL,LEGAL-MATTER,Legal Matter,execute,command,false,false,true,
F19.10.A01,F19,F19.10,Legal Spend,Appoint law firms,AGG-22-LEGAL,LEGAL-MATTER,Legal Matter,create,command,false,false,true,
F19.10.A02,F19,F19.10,Legal Spend,approve matters,AGG-22-LEGAL,LEGAL-MATTER,Legal Matter,approve,command,true,true,true,
F19.10.A03,F19,F19.10,Legal Spend,review invoices,AGG-22-LEGAL,LEGAL-MATTER,Legal Matter,review,command,false,false,true,
F19.10.A04,F19,F19.10,Legal Spend,monitor spend,AGG-22-LEGAL,LEGAL-MATTER,Legal Matter,monitor,query,false,false,false,
F19.11.A01,F19,F19.11,Legal Hold / EDiscovery,Issue hold,AGG-28-RETENTION,EVID-LEGAL-HOLD-LINK,Legal Hold / eDiscovery,issue,command,false,false,true,AGG-22-LEGAL
F19.11.A02,F19,F19.11,Legal Hold / EDiscovery,preserve information,AGG-28-RETENTION,EVID-LEGAL-HOLD-LINK,Legal Hold / eDiscovery,execute,command,false,false,true,AGG-22-LEGAL
F19.11.A03,F19,F19.11,Legal Hold / EDiscovery,search,AGG-28-RETENTION,EVID-LEGAL-HOLD-LINK,Legal Hold / eDiscovery,read,query,false,false,false,AGG-22-LEGAL
F19.11.A04,F19,F19.11,Legal Hold / EDiscovery,collect,AGG-28-RETENTION,EVID-LEGAL-HOLD-LINK,Legal Hold / eDiscovery,receive,command,false,false,true,AGG-22-LEGAL
F19.11.A05,F19,F19.11,Legal Hold / EDiscovery,disclose,AGG-28-RETENTION,EVID-LEGAL-HOLD-LINK,Legal Hold / eDiscovery,execute,command,false,false,true,AGG-22-LEGAL
F19.12.A01,F19,F19.12,Legal Obligations,Identify obligations,AGG-22-OBLIGATION,LEGAL-OBLIGATION,Legal Obligation,analyse,query,false,false,false,AGG-22-LEGAL
F19.12.A02,F19,F19.12,Legal Obligations,assign owners,AGG-22-OBLIGATION,LEGAL-OBLIGATION,Legal Obligation,allocate,command,false,false,true,AGG-22-LEGAL
F19.12.A03,F19,F19.12,Legal Obligations,monitor compliance,AGG-22-OBLIGATION,LEGAL-OBLIGATION,Legal Obligation,monitor,query,false,false,false,AGG-22-LEGAL
F20.01.A01,F20,F20.01,Risk Framework,Establish taxonomy,AGG-21-RISK,RISK-ENTERPRISE-RISK,Enterprise Risk / Assessment,create,command,false,false,true,
F20.01.A02,F20,F20.01,Risk Framework,appetite,AGG-21-RISK,RISK-ENTERPRISE-RISK,Enterprise Risk / Assessment,execute,command,false,false,true,
F20.01.A03,F20,F20.01,Risk Framework,methodology,AGG-21-RISK,RISK-ENTERPRISE-RISK,Enterprise Risk / Assessment,execute,command,false,false,true,
F20.01.A04,F20,F20.01,Risk Framework,governance,AGG-21-RISK,RISK-ENTERPRISE-RISK,Enterprise Risk / Assessment,configure,command,false,false,true,
F20.02.A01,F20,F20.02,Risk Identification,Identify risks,AGG-21-RISK,RISK-ENTERPRISE-RISK,Enterprise Risk / Assessment,analyse,query,false,false,false,
F20.02.A02,F20,F20.02,Risk Identification,describe causes/events/impacts,AGG-21-RISK,RISK-ENTERPRISE-RISK,Enterprise Risk / Assessment,execute,command,false,false,true,
F20.02.A03,F20,F20.02,Risk Identification,assign owner,AGG-21-RISK,RISK-ENTERPRISE-RISK,Enterprise Risk / Assessment,allocate,command,false,false,true,
F20.03.A01,F20,F20.03,Risk Assessment,Assess likelihood,AGG-21-RISK,RISK-ENTERPRISE-RISK,Enterprise Risk / Assessment,review,command,false,false,true,
F20.03.A02,F20,F20.03,Risk Assessment,impact,AGG-21-RISK,RISK-ENTERPRISE-RISK,Enterprise Risk / Assessment,execute,command,false,false,true,
F20.03.A03,F20,F20.03,Risk Assessment,inherent/residual risk,AGG-21-RISK,RISK-ENTERPRISE-RISK,Enterprise Risk / Assessment,execute,command,false,false,true,
F20.03.A04,F20,F20.03,Risk Assessment,control effectiveness,AGG-21-RISK,RISK-ENTERPRISE-RISK,Enterprise Risk / Assessment,configure,command,false,false,true,
F20.04.A01,F20,F20.04,Risk Treatment,Avoid,AGG-21-RISK,RISK-ENTERPRISE-RISK,Enterprise Risk / Assessment,execute,command,false,false,true,
F20.04.A02,F20,F20.04,Risk Treatment,reduce,AGG-21-RISK,RISK-ENTERPRISE-RISK,Enterprise Risk / Assessment,execute,command,false,false,true,
F20.04.A03,F20,F20.04,Risk Treatment,transfer,AGG-21-RISK,RISK-ENTERPRISE-RISK,Enterprise Risk / Assessment,execute,command,false,false,true,
F20.04.A04,F20,F20.04,Risk Treatment,accept,AGG-21-RISK,RISK-ENTERPRISE-RISK,Enterprise Risk / Assessment,approve,command,true,true,true,
F20.04.A05,F20,F20.04,Risk Treatment,develop treatment plan,AGG-21-RISK,RISK-ENTERPRISE-RISK,Enterprise Risk / Assessment,create,command,false,false,true,
F20.05.A01,F20,F20.05,Risk Monitoring,Track KRIs,AGG-21-RISK,RISK-ENTERPRISE-RISK,Enterprise Risk / Assessment,monitor,query,false,false,false,
F20.05.A02,F20,F20.05,Risk Monitoring,reassess risk,AGG-21-RISK,RISK-ENTERPRISE-RISK,Enterprise Risk / Assessment,review,command,false,false,true,
F20.05.A03,F20,F20.05,Risk Monitoring,identify emerging risks,AGG-21-RISK,RISK-ENTERPRISE-RISK,Enterprise Risk / Assessment,analyse,query,false,false,false,
F20.05.A04,F20,F20.05,Risk Monitoring,escalate,AGG-21-RISK,RISK-ENTERPRISE-RISK,Enterprise Risk / Assessment,execute,command,false,false,true,
F20.06.A01,F20,F20.06,Regulatory Compliance,Identify regulation,AGG-21-REQUIREMENT,COMP-REQUIREMENT,Compliance Requirement / Assessment,analyse,query,false,false,false,AGG-21-CONTROL
F20.06.A02,F20,F20.06,Regulatory Compliance,interpret requirements,AGG-21-REQUIREMENT,COMP-REQUIREMENT,Compliance Requirement / Assessment,execute,command,false,false,true,AGG-21-CONTROL
F20.06.A03,F20,F20.06,Regulatory Compliance,implement controls,AGG-21-REQUIREMENT,COMP-REQUIREMENT,Compliance Requirement / Assessment,execute,command,false,false,true,AGG-21-CONTROL
F20.06.A04,F20,F20.06,Regulatory Compliance,attest compliance,AGG-21-REQUIREMENT,COMP-REQUIREMENT,Compliance Requirement / Assessment,execute,command,false,false,true,AGG-21-CONTROL
F20.07.A01,F20,F20.07,Compliance Monitoring,Test compliance,AGG-21-REQUIREMENT,COMP-REQUIREMENT,Compliance Requirement / Assessment,review,command,false,false,true,AGG-21-CONTROL
F20.07.A02,F20,F20.07,Compliance Monitoring,detect breaches,AGG-21-REQUIREMENT,COMP-REQUIREMENT,Compliance Requirement / Assessment,execute,command,false,false,true,AGG-21-CONTROL
F20.07.A03,F20,F20.07,Compliance Monitoring,record exceptions,AGG-21-REQUIREMENT,COMP-REQUIREMENT,Compliance Requirement / Assessment,record,command,false,false,true,AGG-21-CONTROL
F20.07.A04,F20,F20.07,Compliance Monitoring,remediate,AGG-21-REQUIREMENT,COMP-REQUIREMENT,Compliance Requirement / Assessment,execute,command,false,false,true,AGG-21-CONTROL
F20.08.A01,F20,F20.08,Control Management,Define controls,AGG-21-CONTROL,CTRL-INTERNAL-CONTROL,Internal Control / Test,create,command,false,false,true,
F20.08.A02,F20,F20.08,Control Management,assign owners,AGG-21-CONTROL,CTRL-INTERNAL-CONTROL,Internal Control / Test,allocate,command,false,false,true,
F20.08.A03,F20,F20.08,Control Management,execute control,AGG-21-CONTROL,CTRL-INTERNAL-CONTROL,Internal Control / Test,execute,command,false,false,true,
F20.08.A04,F20,F20.08,Control Management,retain evidence,AGG-21-CONTROL,CTRL-INTERNAL-CONTROL,Internal Control / Test,execute,command,false,false,true,
F20.09.A01,F20,F20.09,Control Testing,Select sample,AGG-21-CONTROL,CTRL-INTERNAL-CONTROL,Internal Control / Test,approve,command,true,true,true,
F20.09.A02,F20,F20.09,Control Testing,test design,AGG-21-CONTROL,CTRL-INTERNAL-CONTROL,Internal Control / Test,review,command,false,false,true,
F20.09.A03,F20,F20.09,Control Testing,test operation,AGG-21-CONTROL,CTRL-INTERNAL-CONTROL,Internal Control / Test,review,command,false,false,true,
F20.09.A04,F20,F20.09,Control Testing,record deficiency,AGG-21-CONTROL,CTRL-INTERNAL-CONTROL,Internal Control / Test,record,command,false,false,true,
F20.10.A01,F20,F20.10,Internal Audit Planning,Define audit universe,AGG-21-AUDIT,AUDIT-ENGAGEMENT,Audit / Assurance,create,command,false,false,true,
F20.10.A02,F20,F20.10,Internal Audit Planning,assess risk,AGG-21-AUDIT,AUDIT-ENGAGEMENT,Audit / Assurance,review,command,false,false,true,
F20.10.A03,F20,F20.10,Internal Audit Planning,establish audit plan,AGG-21-AUDIT,AUDIT-ENGAGEMENT,Audit / Assurance,create,command,false,false,true,
F20.11.A01,F20,F20.11,Audit Execution,Define scope,AGG-21-AUDIT,AUDIT-ENGAGEMENT,Audit / Assurance,create,command,false,false,true,
F20.11.A02,F20,F20.11,Audit Execution,collect evidence,AGG-21-AUDIT,AUDIT-ENGAGEMENT,Audit / Assurance,receive,command,false,false,true,
F20.11.A03,F20,F20.11,Audit Execution,test,AGG-21-AUDIT,AUDIT-ENGAGEMENT,Audit / Assurance,review,command,false,false,true,
F20.11.A04,F20,F20.11,Audit Execution,interview,AGG-21-AUDIT,AUDIT-ENGAGEMENT,Audit / Assurance,execute,command,false,false,true,
F20.11.A05,F20,F20.11,Audit Execution,document findings,AGG-21-AUDIT,AUDIT-ENGAGEMENT,Audit / Assurance,record,command,false,false,true,
F20.12.A01,F20,F20.12,Audit Reporting,Classify findings,AGG-21-AUDIT,AUDIT-ENGAGEMENT,Audit / Assurance,execute,command,false,false,true,
F20.12.A02,F20,F20.12,Audit Reporting,issue report,AGG-21-AUDIT,AUDIT-ENGAGEMENT,Audit / Assurance,issue,command,false,false,true,
F20.12.A03,F20,F20.12,Audit Reporting,agree actions,AGG-21-AUDIT,AUDIT-ENGAGEMENT,Audit / Assurance,execute,command,false,false,true,
F20.12.A04,F20,F20.12,Audit Reporting,report to committee,AGG-21-AUDIT,AUDIT-ENGAGEMENT,Audit / Assurance,execute,command,false,false,true,
F20.13.A01,F20,F20.13,Issue / Remediation,Register issue,AGG-21-AUDIT,AUDIT-FINDING,Finding / Remediation,create,command,false,false,true,
F20.13.A02,F20,F20.13,Issue / Remediation,assign action,AGG-21-AUDIT,AUDIT-FINDING,Finding / Remediation,allocate,command,false,false,true,
F20.13.A03,F20,F20.13,Issue / Remediation,set due date,AGG-21-AUDIT,AUDIT-FINDING,Finding / Remediation,create,command,false,false,true,
F20.13.A04,F20,F20.13,Issue / Remediation,monitor,AGG-21-AUDIT,AUDIT-FINDING,Finding / Remediation,monitor,query,false,false,false,
F20.13.A05,F20,F20.13,Issue / Remediation,validate closure,AGG-21-AUDIT,AUDIT-FINDING,Finding / Remediation,review,command,false,false,true,
F20.14.A01,F20,F20.14,Fraud Risk,Assess fraud scenarios,AGG-21-RISK,RISK-ENTERPRISE-RISK,Enterprise Risk / Assessment,review,command,false,false,true,
F20.14.A02,F20,F20.14,Fraud Risk,monitor indicators,AGG-21-RISK,RISK-ENTERPRISE-RISK,Enterprise Risk / Assessment,monitor,query,false,false,false,
F20.14.A03,F20,F20.14,Fraud Risk,investigate suspected fraud,AGG-21-RISK,RISK-ENTERPRISE-RISK,Enterprise Risk / Assessment,analyse,query,false,false,false,
F20.15.A01,F20,F20.15,Ethics & Conduct,Manage declarations,AGG-21-REQUIREMENT,COMP-REQUIREMENT,Compliance Requirement / Assessment,configure,command,false,false,true,AGG-21-CONTROL
F20.15.A02,F20,F20.15,Ethics & Conduct,conflicts,AGG-21-REQUIREMENT,COMP-REQUIREMENT,Compliance Requirement / Assessment,execute,command,false,false,true,AGG-21-CONTROL
F20.15.A03,F20,F20.15,Ethics & Conduct,gifts/hospitality,AGG-21-REQUIREMENT,COMP-REQUIREMENT,Compliance Requirement / Assessment,execute,command,false,false,true,AGG-21-CONTROL
F20.15.A04,F20,F20.15,Ethics & Conduct,whistleblowing,AGG-21-REQUIREMENT,COMP-REQUIREMENT,Compliance Requirement / Assessment,execute,command,false,false,true,AGG-21-CONTROL
F20.16.A01,F20,F20.16,Assurance Coordination,Map assurance providers,AGG-21-AUDIT,AUDIT-ENGAGEMENT,Audit / Assurance,analyse,query,false,false,false,
F20.16.A02,F20,F20.16,Assurance Coordination,coordinate testing,AGG-21-AUDIT,AUDIT-ENGAGEMENT,Audit / Assurance,execute,command,false,false,true,
F20.16.A03,F20,F20.16,Assurance Coordination,reduce duplication,AGG-21-AUDIT,AUDIT-ENGAGEMENT,Audit / Assurance,execute,command,false,false,true,
F21.01.A01,F21,F21.01,Privacy Governance,Establish policies,AGG-22-FRAMEWORK,PRIV-FRAMEWORK,Privacy Framework / Policy,create,command,false,false,true,AGG-22-PRIVACY
F21.01.A02,F21,F21.01,Privacy Governance,appoint responsibilities,AGG-22-FRAMEWORK,PRIV-FRAMEWORK,Privacy Framework / Policy,create,command,false,false,true,AGG-22-PRIVACY
F21.01.A03,F21,F21.01,Privacy Governance,maintain privacy framework,AGG-22-FRAMEWORK,PRIV-FRAMEWORK,Privacy Framework / Policy,change,command,false,false,true,AGG-22-PRIVACY
F21.02.A01,F21,F21.02,Processing Inventory,Record processing activity,AGG-22-PRIVACY,PRIV-PROCESSING-ACTIVITY,Processing Activity / DPIA,record,command,false,false,true,
F21.02.A02,F21,F21.02,Processing Inventory,data categories,AGG-22-PRIVACY,PRIV-PROCESSING-ACTIVITY,Processing Activity / DPIA,execute,command,false,false,true,
F21.02.A03,F21,F21.02,Processing Inventory,purpose,AGG-22-PRIVACY,PRIV-PROCESSING-ACTIVITY,Processing Activity / DPIA,execute,command,false,false,true,
F21.02.A04,F21,F21.02,Processing Inventory,recipients,AGG-22-PRIVACY,PRIV-PROCESSING-ACTIVITY,Processing Activity / DPIA,execute,command,false,false,true,
F21.02.A05,F21,F21.02,Processing Inventory,retention,AGG-22-PRIVACY,PRIV-PROCESSING-ACTIVITY,Processing Activity / DPIA,execute,command,false,false,true,
F21.03.A01,F21,F21.03,Privacy Impact Assessment,Identify processing,AGG-22-PRIVACY,PRIV-PROCESSING-ACTIVITY,Processing Activity / DPIA,analyse,query,false,false,false,
F21.03.A02,F21,F21.03,Privacy Impact Assessment,assess risk,AGG-22-PRIVACY,PRIV-PROCESSING-ACTIVITY,Processing Activity / DPIA,review,command,false,false,true,
F21.03.A03,F21,F21.03,Privacy Impact Assessment,establish controls,AGG-22-PRIVACY,PRIV-PROCESSING-ACTIVITY,Processing Activity / DPIA,create,command,false,false,true,
F21.03.A04,F21,F21.03,Privacy Impact Assessment,approve,AGG-22-PRIVACY,PRIV-PROCESSING-ACTIVITY,Processing Activity / DPIA,approve,command,true,true,true,
F21.04.A01,F21,F21.04,Consent / Preferences,Capture consent,AGG-22-CONSENT-EVIDENCE,PRIV-CONSENT-EVIDENCE,Consent / Preference Evidence,create,command,false,false,true,AGG-22-PRIVACY
F21.04.A02,F21,F21.04,Consent / Preferences,maintain preferences,AGG-22-CONSENT-EVIDENCE,PRIV-CONSENT-EVIDENCE,Consent / Preference Evidence,change,command,false,false,true,AGG-22-PRIVACY
F21.04.A03,F21,F21.04,Consent / Preferences,withdraw consent,AGG-22-CONSENT-EVIDENCE,PRIV-CONSENT-EVIDENCE,Consent / Preference Evidence,cancel,command,false,false,true,AGG-22-PRIVACY
F21.05.A01,F21,F21.05,Data Subject Rights,Receive request,AGG-22-DATA-SUBJECT-REQUEST,PRIV-DATA-SUBJECT-REQUEST,Data Subject Request,receive,command,false,false,true,AGG-22-PRIVACY
F21.05.A02,F21,F21.05,Data Subject Rights,verify identity,AGG-22-DATA-SUBJECT-REQUEST,PRIV-DATA-SUBJECT-REQUEST,Data Subject Request,review,command,false,false,true,AGG-22-PRIVACY
F21.05.A03,F21,F21.05,Data Subject Rights,search,AGG-22-DATA-SUBJECT-REQUEST,PRIV-DATA-SUBJECT-REQUEST,Data Subject Request,read,query,false,false,false,AGG-22-PRIVACY
F21.05.A04,F21,F21.05,Data Subject Rights,review,AGG-22-DATA-SUBJECT-REQUEST,PRIV-DATA-SUBJECT-REQUEST,Data Subject Request,review,command,false,false,true,AGG-22-PRIVACY
F21.05.A05,F21,F21.05,Data Subject Rights,respond,AGG-22-DATA-SUBJECT-REQUEST,PRIV-DATA-SUBJECT-REQUEST,Data Subject Request,execute,command,false,false,true,AGG-22-PRIVACY
F21.06.A01,F21,F21.06,Privacy Incidents,Assess breach,AGG-22-INCIDENT,PRIV-INCIDENT,Privacy Incident,review,command,false,false,true,AGG-22-PRIVACY
F21.06.A02,F21,F21.06,Privacy Incidents,contain,AGG-22-INCIDENT,PRIV-INCIDENT,Privacy Incident,execute,command,false,false,true,AGG-22-PRIVACY
F21.06.A03,F21,F21.06,Privacy Incidents,investigate,AGG-22-INCIDENT,PRIV-INCIDENT,Privacy Incident,analyse,query,false,false,false,AGG-22-PRIVACY
F21.06.A04,F21,F21.06,Privacy Incidents,determine notification requirements,AGG-22-INCIDENT,PRIV-INCIDENT,Privacy Incident,analyse,query,false,false,false,AGG-22-PRIVACY
F21.07.A01,F21,F21.07,International Transfers,Assess transfer,AGG-22-PRIVACY,PRIV-PROCESSING-ACTIVITY,Processing Activity / DPIA,review,command,false,false,true,
F21.07.A02,F21,F21.07,International Transfers,establish safeguards,AGG-22-PRIVACY,PRIV-PROCESSING-ACTIVITY,Processing Activity / DPIA,create,command,false,false,true,
F21.07.A03,F21,F21.07,International Transfers,document decision,AGG-22-PRIVACY,PRIV-PROCESSING-ACTIVITY,Processing Activity / DPIA,record,command,false,false,true,
F21.08.A01,F21,F21.08,Retention,Define retention schedule,AGG-28-RETENTION,EVID-RETENTION-DISPOSITION,Retention / Disposition,create,command,false,false,true,AGG-22-PRIVACY
F21.08.A02,F21,F21.08,Retention,apply retention,AGG-28-RETENTION,EVID-RETENTION-DISPOSITION,Retention / Disposition,execute,command,false,false,true,AGG-22-PRIVACY
F21.08.A03,F21,F21.08,Retention,destroy information,AGG-28-RETENTION,EVID-RETENTION-DISPOSITION,Retention / Disposition,retire,command,false,false,true,AGG-22-PRIVACY
F21.09.A01,F21,F21.09,Privacy Assurance,Conduct reviews,AGG-21-AUDIT,AUDIT-ENGAGEMENT,Privacy Assurance Review,execute,command,false,false,true,AGG-22-PRIVACY
F21.09.A02,F21,F21.09,Privacy Assurance,monitor controls,AGG-21-AUDIT,AUDIT-ENGAGEMENT,Privacy Assurance Review,monitor,query,false,false,false,AGG-22-PRIVACY
F21.09.A03,F21,F21.09,Privacy Assurance,report compliance,AGG-21-AUDIT,AUDIT-ENGAGEMENT,Privacy Assurance Review,execute,command,false,false,true,AGG-22-PRIVACY
F22.01.A01,F22,F22.01,Asset Strategy,Define asset requirements,AGG-16-ASSET-INVESTMENT,OPS-ASSET-INVESTMENT-PLAN,Asset Investment Plan,create,command,false,false,true,AGG-19-LEDGER
F22.01.A02,F22,F22.01,Asset Strategy,lifecycle strategy,AGG-16-ASSET-INVESTMENT,OPS-ASSET-INVESTMENT-PLAN,Asset Investment Plan,execute,command,false,false,true,AGG-19-LEDGER
F22.01.A03,F22,F22.01,Asset Strategy,replacement policy,AGG-16-ASSET-INVESTMENT,OPS-ASSET-INVESTMENT-PLAN,Asset Investment Plan,execute,command,false,false,true,AGG-19-LEDGER
F22.02.A01,F22,F22.02,Capital Planning,Identify need,AGG-16-ASSET-INVESTMENT,OPS-ASSET-INVESTMENT-PLAN,Asset Investment Plan,analyse,query,false,false,false,AGG-19-LEDGER
F22.02.A02,F22,F22.02,Capital Planning,develop business case,AGG-16-ASSET-INVESTMENT,OPS-ASSET-INVESTMENT-PLAN,Asset Investment Plan,create,command,false,false,true,AGG-19-LEDGER
F22.02.A03,F22,F22.02,Capital Planning,prioritise investment,AGG-16-ASSET-INVESTMENT,OPS-ASSET-INVESTMENT-PLAN,Asset Investment Plan,execute,command,false,true,true,AGG-19-LEDGER
F22.03.A01,F22,F22.03,Asset Acquisition,Specify asset,AGG-16-SPATIAL-ASSET,CBO-ASSET,Asset / Property Acquisition,execute,command,false,false,true,AGG-06-PROJECT|AGG-19-LEDGER
F22.03.A02,F22,F22.03,Asset Acquisition,procure,AGG-16-SPATIAL-ASSET,CBO-ASSET,Asset / Property Acquisition,execute,command,false,false,true,AGG-06-PROJECT|AGG-19-LEDGER
F22.03.A03,F22,F22.03,Asset Acquisition,receive,AGG-16-SPATIAL-ASSET,CBO-ASSET,Asset / Property Acquisition,receive,command,false,false,true,AGG-06-PROJECT|AGG-19-LEDGER
F22.03.A04,F22,F22.03,Asset Acquisition,commission,AGG-16-SPATIAL-ASSET,CBO-ASSET,Asset / Property Acquisition,execute,command,false,false,true,AGG-06-PROJECT|AGG-19-LEDGER
F22.03.A05,F22,F22.03,Asset Acquisition,capitalise,AGG-16-SPATIAL-ASSET,CBO-ASSET,Asset / Property Acquisition,execute,command,false,false,true,AGG-06-PROJECT|AGG-19-LEDGER
F22.04.A01,F22,F22.04,Property Acquisition,Search property,AGG-16-SPATIAL-ASSET,CBO-ASSET,Asset / Property Acquisition,read,query,false,false,false,AGG-06-PROJECT|AGG-19-LEDGER
F22.04.A02,F22,F22.04,Property Acquisition,assess,AGG-16-SPATIAL-ASSET,CBO-ASSET,Asset / Property Acquisition,review,command,false,false,true,AGG-06-PROJECT|AGG-19-LEDGER
F22.04.A03,F22,F22.04,Property Acquisition,negotiate,AGG-16-SPATIAL-ASSET,CBO-ASSET,Asset / Property Acquisition,execute,command,false,false,true,AGG-06-PROJECT|AGG-19-LEDGER
F22.04.A04,F22,F22.04,Property Acquisition,acquire/lease,AGG-16-SPATIAL-ASSET,CBO-ASSET,Asset / Property Acquisition,execute,command,false,false,true,AGG-06-PROJECT|AGG-19-LEDGER
F22.05.A01,F22,F22.05,Construction / Project Delivery,Design,AGG-16-SPATIAL-ASSET,CBO-ASSET,Asset / Property Acquisition,execute,command,false,false,true,AGG-06-PROJECT|AGG-19-LEDGER
F22.05.A02,F22,F22.05,Construction / Project Delivery,permit,AGG-16-SPATIAL-ASSET,CBO-ASSET,Asset / Property Acquisition,execute,command,false,false,true,AGG-06-PROJECT|AGG-19-LEDGER
F22.05.A03,F22,F22.05,Construction / Project Delivery,construct,AGG-16-SPATIAL-ASSET,CBO-ASSET,Asset / Property Acquisition,execute,command,false,false,true,AGG-06-PROJECT|AGG-19-LEDGER
F22.05.A04,F22,F22.05,Construction / Project Delivery,inspect,AGG-16-SPATIAL-ASSET,CBO-ASSET,Asset / Property Acquisition,review,command,false,false,true,AGG-06-PROJECT|AGG-19-LEDGER
F22.05.A05,F22,F22.05,Construction / Project Delivery,commission,AGG-16-SPATIAL-ASSET,CBO-ASSET,Asset / Property Acquisition,execute,command,false,false,true,AGG-06-PROJECT|AGG-19-LEDGER
F22.05.A06,F22,F22.05,Construction / Project Delivery,hand over,AGG-16-SPATIAL-ASSET,CBO-ASSET,Asset / Property Acquisition,execute,command,false,false,true,AGG-06-PROJECT|AGG-19-LEDGER
F22.06.A01,F22,F22.06,Asset Register,Create asset record,AGG-16-SPATIAL-ASSET,CBO-ASSET,Asset,create,command,false,false,true,
F22.06.A02,F22,F22.06,Asset Register,tag,AGG-16-SPATIAL-ASSET,CBO-ASSET,Asset,execute,command,false,false,true,
F22.06.A03,F22,F22.06,Asset Register,classify,AGG-16-SPATIAL-ASSET,CBO-ASSET,Asset,execute,command,false,false,true,
F22.06.A04,F22,F22.06,Asset Register,locate,AGG-16-SPATIAL-ASSET,CBO-ASSET,Asset,execute,command,false,false,true,
F22.06.A05,F22,F22.06,Asset Register,update,AGG-16-SPATIAL-ASSET,CBO-ASSET,Asset,change,command,false,false,true,
F22.07.A01,F22,F22.07,Preventive Maintenance,Develop maintenance plan,AGG-17-WORK-ORDER,OPS-WORK-ORDER,Maintenance Work Order,create,command,false,false,true,AGG-17-MAINTENANCE
F22.07.A02,F22,F22.07,Preventive Maintenance,schedule,AGG-17-WORK-ORDER,OPS-WORK-ORDER,Maintenance Work Order,allocate,command,false,false,true,AGG-17-MAINTENANCE
F22.07.A03,F22,F22.07,Preventive Maintenance,perform,AGG-17-WORK-ORDER,OPS-WORK-ORDER,Maintenance Work Order,execute,command,false,false,true,AGG-17-MAINTENANCE
F22.07.A04,F22,F22.07,Preventive Maintenance,record,AGG-17-WORK-ORDER,OPS-WORK-ORDER,Maintenance Work Order,record,command,false,false,true,AGG-17-MAINTENANCE
F22.08.A01,F22,F22.08,Reactive Maintenance,Report fault,AGG-17-WORK-ORDER,OPS-WORK-ORDER,Maintenance Work Order,execute,command,false,false,true,AGG-17-MAINTENANCE
F22.08.A02,F22,F22.08,Reactive Maintenance,diagnose,AGG-17-WORK-ORDER,OPS-WORK-ORDER,Maintenance Work Order,execute,command,false,false,true,AGG-17-MAINTENANCE
F22.08.A03,F22,F22.08,Reactive Maintenance,repair,AGG-17-WORK-ORDER,OPS-WORK-ORDER,Maintenance Work Order,execute,command,false,false,true,AGG-17-MAINTENANCE
F22.08.A04,F22,F22.08,Reactive Maintenance,test,AGG-17-WORK-ORDER,OPS-WORK-ORDER,Maintenance Work Order,review,command,false,false,true,AGG-17-MAINTENANCE
F22.08.A05,F22,F22.08,Reactive Maintenance,close,AGG-17-WORK-ORDER,OPS-WORK-ORDER,Maintenance Work Order,close,command,false,false,true,AGG-17-MAINTENANCE
F22.09.A01,F22,F22.09,Reliability,Analyse failures,AGG-17-RELIABILITY,REL-RELIABILITY-STRATEGY,Reliability Strategy,analyse,query,false,false,false,
F22.09.A02,F22,F22.09,Reliability,monitor condition,AGG-17-RELIABILITY,REL-RELIABILITY-STRATEGY,Reliability Strategy,monitor,query,false,false,false,
F22.09.A03,F22,F22.09,Reliability,predict maintenance,AGG-17-RELIABILITY,REL-RELIABILITY-STRATEGY,Reliability Strategy,execute,command,false,false,true,
F22.10.A01,F22,F22.10,Facilities Operations,Manage cleaning,AGG-17-SERVICE,OPS-SERVICE-CASE,Facilities Service Case,configure,command,false,false,true,AGG-17-WORKPLACE
F22.10.A02,F22,F22.10,Facilities Operations,utilities,AGG-17-SERVICE,OPS-SERVICE-CASE,Facilities Service Case,execute,command,false,false,true,AGG-17-WORKPLACE
F22.10.A03,F22,F22.10,Facilities Operations,workplace,AGG-17-SERVICE,OPS-SERVICE-CASE,Facilities Service Case,execute,command,false,false,true,AGG-17-WORKPLACE
F22.10.A04,F22,F22.10,Facilities Operations,catering,AGG-17-SERVICE,OPS-SERVICE-CASE,Facilities Service Case,execute,command,false,false,true,AGG-17-WORKPLACE
F22.10.A05,F22,F22.10,Facilities Operations,grounds,AGG-17-SERVICE,OPS-SERVICE-CASE,Facilities Service Case,execute,command,false,false,true,AGG-17-WORKPLACE
F22.11.A01,F22,F22.11,Space Management,Allocate space,AGG-17-WORKPLACE,OPS-WORKPLACE-RESERVATION,Space / Workplace Use,allocate,command,false,false,true,AGG-16-SPATIAL-ASSET
F22.11.A02,F22,F22.11,Space Management,manage occupancy,AGG-17-WORKPLACE,OPS-WORKPLACE-RESERVATION,Space / Workplace Use,configure,command,false,false,true,AGG-16-SPATIAL-ASSET
F22.11.A03,F22,F22.11,Space Management,moves/adds/changes,AGG-17-WORKPLACE,OPS-WORKPLACE-RESERVATION,Space / Workplace Use,execute,command,false,false,true,AGG-16-SPATIAL-ASSET
F22.12.A01,F22,F22.12,Lease Management,Maintain lease,AGG-19-LEASE-ACCOUNTING,FIN-LEASE-ACCOUNTING-RECORD,Lease / Lease Accounting,change,command,false,false,true,AGG-08-CONTRACT
F22.12.A02,F22,F22.12,Lease Management,calculate obligations,AGG-19-LEASE-ACCOUNTING,FIN-LEASE-ACCOUNTING-RECORD,Lease / Lease Accounting,analyse,query,false,false,false,AGG-08-CONTRACT
F22.12.A03,F22,F22.12,Lease Management,renew,AGG-19-LEASE-ACCOUNTING,FIN-LEASE-ACCOUNTING-RECORD,Lease / Lease Accounting,execute,command,false,false,true,AGG-08-CONTRACT
F22.12.A04,F22,F22.12,Lease Management,terminate,AGG-19-LEASE-ACCOUNTING,FIN-LEASE-ACCOUNTING-RECORD,Lease / Lease Accounting,cancel,command,false,false,true,AGG-08-CONTRACT
F22.13.A01,F22,F22.13,Utilities Management,Monitor energy/water,AGG-17-UTILITY-ACCOUNT,OPS-UTILITY-ACCOUNT,Utility Account / Consumption,monitor,query,false,false,false,AGG-20-CARBON|AGG-17-SERVICE
F22.13.A02,F22,F22.13,Utilities Management,manage contracts,AGG-17-UTILITY-ACCOUNT,OPS-UTILITY-ACCOUNT,Utility Account / Consumption,configure,command,false,false,true,AGG-20-CARBON|AGG-17-SERVICE
F22.13.A03,F22,F22.13,Utilities Management,optimise consumption,AGG-17-UTILITY-ACCOUNT,OPS-UTILITY-ACCOUNT,Utility Account / Consumption,execute,command,false,false,true,AGG-20-CARBON|AGG-17-SERVICE
F22.14.A01,F22,F22.14,Asset Disposal,Assess condition,AGG-16-SPATIAL-ASSET,CBO-ASSET,Asset Disposal,review,command,false,false,true,AGG-28-RETENTION
F22.14.A02,F22,F22.14,Asset Disposal,approve disposal,AGG-16-SPATIAL-ASSET,CBO-ASSET,Asset Disposal,approve,command,true,true,true,AGG-28-RETENTION
F22.14.A03,F22,F22.14,Asset Disposal,sell/recycle,AGG-16-SPATIAL-ASSET,CBO-ASSET,Asset Disposal,execute,command,false,false,true,AGG-28-RETENTION
F22.14.A04,F22,F22.14,Asset Disposal,remove asset record,AGG-16-SPATIAL-ASSET,CBO-ASSET,Asset Disposal,execute,command,false,false,true,AGG-28-RETENTION
F23.01.A01,F23,F23.01,H&S Management,Establish safety framework,AGG-13-INCIDENT,QHSE-INCIDENT,H&S / Incident / Permit,create,command,false,false,true,AGG-21-RISK|AGG-13-QUALITY
F23.01.A02,F23,F23.01,H&S Management,policies,AGG-13-INCIDENT,QHSE-INCIDENT,H&S / Incident / Permit,execute,command,false,false,true,AGG-21-RISK|AGG-13-QUALITY
F23.01.A03,F23,F23.01,H&S Management,objectives,AGG-13-INCIDENT,QHSE-INCIDENT,H&S / Incident / Permit,execute,command,false,false,true,AGG-21-RISK|AGG-13-QUALITY
F23.01.A04,F23,F23.01,H&S Management,responsibilities,AGG-13-INCIDENT,QHSE-INCIDENT,H&S / Incident / Permit,execute,command,false,false,true,AGG-21-RISK|AGG-13-QUALITY
F23.02.A01,F23,F23.02,Hazard Identification,Identify hazards,AGG-13-INCIDENT,QHSE-INCIDENT,H&S / Incident / Permit,analyse,query,false,false,false,AGG-21-RISK|AGG-13-QUALITY
F23.02.A02,F23,F23.02,Hazard Identification,assess risk,AGG-13-INCIDENT,QHSE-INCIDENT,H&S / Incident / Permit,review,command,false,false,true,AGG-21-RISK|AGG-13-QUALITY
F23.02.A03,F23,F23.02,Hazard Identification,establish controls,AGG-13-INCIDENT,QHSE-INCIDENT,H&S / Incident / Permit,create,command,false,false,true,AGG-21-RISK|AGG-13-QUALITY
F23.03.A01,F23,F23.03,Workplace Inspections,Schedule inspection,AGG-13-INCIDENT,QHSE-INCIDENT,H&S / Incident / Permit,allocate,command,false,false,true,AGG-21-RISK|AGG-13-QUALITY
F23.03.A02,F23,F23.03,Workplace Inspections,inspect,AGG-13-INCIDENT,QHSE-INCIDENT,H&S / Incident / Permit,review,command,false,false,true,AGG-21-RISK|AGG-13-QUALITY
F23.03.A03,F23,F23.03,Workplace Inspections,record findings,AGG-13-INCIDENT,QHSE-INCIDENT,H&S / Incident / Permit,record,command,false,false,true,AGG-21-RISK|AGG-13-QUALITY
F23.03.A04,F23,F23.03,Workplace Inspections,assign corrective actions,AGG-13-INCIDENT,QHSE-INCIDENT,H&S / Incident / Permit,allocate,command,false,false,true,AGG-21-RISK|AGG-13-QUALITY
F23.04.A01,F23,F23.04,Incident Management,Report incident,AGG-13-INCIDENT,QHSE-INCIDENT,H&S / Incident / Permit,execute,command,false,false,true,AGG-21-RISK|AGG-13-QUALITY
F23.04.A02,F23,F23.04,Incident Management,investigate,AGG-13-INCIDENT,QHSE-INCIDENT,H&S / Incident / Permit,analyse,query,false,false,false,AGG-21-RISK|AGG-13-QUALITY
F23.04.A03,F23,F23.04,Incident Management,root cause,AGG-13-INCIDENT,QHSE-INCIDENT,H&S / Incident / Permit,execute,command,false,false,true,AGG-21-RISK|AGG-13-QUALITY
F23.04.A04,F23,F23.04,Incident Management,corrective action,AGG-13-INCIDENT,QHSE-INCIDENT,H&S / Incident / Permit,change,command,false,false,true,AGG-21-RISK|AGG-13-QUALITY
F23.05.A01,F23,F23.05,Occupational Health,Assess exposure,AGG-13-INCIDENT,QHSE-INCIDENT,H&S / Incident / Permit,review,command,false,false,true,AGG-21-RISK|AGG-13-QUALITY
F23.05.A02,F23,F23.05,Occupational Health,conduct surveillance,AGG-13-INCIDENT,QHSE-INCIDENT,H&S / Incident / Permit,execute,command,false,false,true,AGG-21-RISK|AGG-13-QUALITY
F23.05.A03,F23,F23.05,Occupational Health,manage workplace health programmes,AGG-13-INCIDENT,QHSE-INCIDENT,H&S / Incident / Permit,configure,command,false,false,true,AGG-21-RISK|AGG-13-QUALITY
F23.06.A01,F23,F23.06,Permit-to-work,Request permit,AGG-13-INCIDENT,QHSE-INCIDENT,H&S / Incident / Permit,execute,command,false,false,true,AGG-21-RISK|AGG-13-QUALITY
F23.06.A02,F23,F23.06,Permit-to-work,assess hazards,AGG-13-INCIDENT,QHSE-INCIDENT,H&S / Incident / Permit,review,command,false,false,true,AGG-21-RISK|AGG-13-QUALITY
F23.06.A03,F23,F23.06,Permit-to-work,approve,AGG-13-INCIDENT,QHSE-INCIDENT,H&S / Incident / Permit,approve,command,true,true,true,AGG-21-RISK|AGG-13-QUALITY
F23.06.A04,F23,F23.06,Permit-to-work,monitor,AGG-13-INCIDENT,QHSE-INCIDENT,H&S / Incident / Permit,monitor,query,false,false,false,AGG-21-RISK|AGG-13-QUALITY
F23.06.A05,F23,F23.06,Permit-to-work,close,AGG-13-INCIDENT,QHSE-INCIDENT,H&S / Incident / Permit,close,command,false,false,true,AGG-21-RISK|AGG-13-QUALITY
F23.07.A01,F23,F23.07,Environmental Management,Identify impacts,AGG-21-COMPLIANCE-REQUIREMENT,QHSE-COMPLIANCE-REQUIREMENT,Environmental Compliance,analyse,query,false,false,false,AGG-20-CARBON|AGG-21-CONTROL
F23.07.A02,F23,F23.07,Environmental Management,monitor compliance,AGG-21-COMPLIANCE-REQUIREMENT,QHSE-COMPLIANCE-REQUIREMENT,Environmental Compliance,monitor,query,false,false,false,AGG-20-CARBON|AGG-21-CONTROL
F23.07.A03,F23,F23.07,Environmental Management,implement controls,AGG-21-COMPLIANCE-REQUIREMENT,QHSE-COMPLIANCE-REQUIREMENT,Environmental Compliance,execute,command,false,false,true,AGG-20-CARBON|AGG-21-CONTROL
F23.08.A01,F23,F23.08,Waste Management,Classify waste,AGG-20-WASTE-CONSIGNMENT,QHSE-WASTE-CONSIGNMENT,Waste / Resource Evidence,execute,command,false,false,true,AGG-20-RESOURCE-OUTCOME
F23.08.A02,F23,F23.08,Waste Management,store,AGG-20-WASTE-CONSIGNMENT,QHSE-WASTE-CONSIGNMENT,Waste / Resource Evidence,execute,command,false,false,true,AGG-20-RESOURCE-OUTCOME
F23.08.A03,F23,F23.08,Waste Management,transport,AGG-20-WASTE-CONSIGNMENT,QHSE-WASTE-CONSIGNMENT,Waste / Resource Evidence,execute,command,false,false,true,AGG-20-RESOURCE-OUTCOME
F23.08.A04,F23,F23.08,Waste Management,recycle,AGG-20-WASTE-CONSIGNMENT,QHSE-WASTE-CONSIGNMENT,Waste / Resource Evidence,execute,command,false,false,true,AGG-20-RESOURCE-OUTCOME
F23.08.A05,F23,F23.08,Waste Management,dispose,AGG-20-WASTE-CONSIGNMENT,QHSE-WASTE-CONSIGNMENT,Waste / Resource Evidence,retire,command,false,false,true,AGG-20-RESOURCE-OUTCOME
F23.08.A06,F23,F23.08,Waste Management,record,AGG-20-WASTE-CONSIGNMENT,QHSE-WASTE-CONSIGNMENT,Waste / Resource Evidence,record,command,false,false,true,AGG-20-RESOURCE-OUTCOME
F23.09.A01,F23,F23.09,Carbon Management,Calculate emissions,AGG-20-CARBON,SUS-CARBON-ASSESSMENT,Carbon / Sustainability Performance,analyse,query,false,false,false,AGG-02-PERFORMANCE
F23.09.A02,F23,F23.09,Carbon Management,establish baseline,AGG-20-CARBON,SUS-CARBON-ASSESSMENT,Carbon / Sustainability Performance,create,command,false,false,true,AGG-02-PERFORMANCE
F23.09.A03,F23,F23.09,Carbon Management,set target,AGG-20-CARBON,SUS-CARBON-ASSESSMENT,Carbon / Sustainability Performance,create,command,false,false,true,AGG-02-PERFORMANCE
F23.09.A04,F23,F23.09,Carbon Management,implement reductions,AGG-20-CARBON,SUS-CARBON-ASSESSMENT,Carbon / Sustainability Performance,execute,command,false,false,true,AGG-02-PERFORMANCE
F23.10.A01,F23,F23.10,Energy Management,Measure energy,AGG-20-CARBON,SUS-CARBON-ASSESSMENT,Carbon / Sustainability Performance,monitor,query,false,false,false,AGG-02-PERFORMANCE
F23.10.A02,F23,F23.10,Energy Management,identify efficiency measures,AGG-20-CARBON,SUS-CARBON-ASSESSMENT,Carbon / Sustainability Performance,analyse,query,false,false,false,AGG-02-PERFORMANCE
F23.10.A03,F23,F23.10,Energy Management,implement,AGG-20-CARBON,SUS-CARBON-ASSESSMENT,Carbon / Sustainability Performance,execute,command,false,false,true,AGG-02-PERFORMANCE
F23.10.A04,F23,F23.10,Energy Management,verify savings,AGG-20-CARBON,SUS-CARBON-ASSESSMENT,Carbon / Sustainability Performance,review,command,false,false,true,AGG-02-PERFORMANCE
F23.11.A01,F23,F23.11,Sustainability Strategy,Establish ESG objectives,AGG-20-CARBON,SUS-CARBON-ASSESSMENT,Carbon / Sustainability Performance,create,command,false,false,true,AGG-02-PERFORMANCE
F23.11.A02,F23,F23.11,Sustainability Strategy,initiatives,AGG-20-CARBON,SUS-CARBON-ASSESSMENT,Carbon / Sustainability Performance,execute,command,false,false,true,AGG-02-PERFORMANCE
F23.11.A03,F23,F23.11,Sustainability Strategy,commitments,AGG-20-CARBON,SUS-CARBON-ASSESSMENT,Carbon / Sustainability Performance,execute,command,false,false,true,AGG-02-PERFORMANCE
F23.12.A01,F23,F23.12,ESG Reporting,Collect metrics,AGG-20-CARBON,SUS-CARBON-ASSESSMENT,Carbon / Sustainability Performance,receive,command,false,false,true,AGG-02-PERFORMANCE
F23.12.A02,F23,F23.12,ESG Reporting,validate,AGG-20-CARBON,SUS-CARBON-ASSESSMENT,Carbon / Sustainability Performance,review,command,false,false,true,AGG-02-PERFORMANCE
F23.12.A03,F23,F23.12,ESG Reporting,calculate,AGG-20-CARBON,SUS-CARBON-ASSESSMENT,Carbon / Sustainability Performance,analyse,query,false,false,false,AGG-02-PERFORMANCE
F23.12.A04,F23,F23.12,ESG Reporting,disclose,AGG-20-CARBON,SUS-CARBON-ASSESSMENT,Carbon / Sustainability Performance,execute,command,false,false,true,AGG-02-PERFORMANCE
F23.12.A05,F23,F23.12,ESG Reporting,assure,AGG-20-CARBON,SUS-CARBON-ASSESSMENT,Carbon / Sustainability Performance,execute,command,false,false,true,AGG-02-PERFORMANCE
F23.13.A01,F23,F23.13,Sustainable Supply Chain,Establish supplier requirements,AGG-20-RESPONSIBLE-PROCUREMENT,SUS-RESPONSIBLE-PROCUREMENT,Responsible Procurement,create,command,false,false,true,AGG-09-SOURCING|AGG-20-RESOURCE-OUTCOME
F23.13.A02,F23,F23.13,Sustainable Supply Chain,assess supplier ESG,AGG-20-RESPONSIBLE-PROCUREMENT,SUS-RESPONSIBLE-PROCUREMENT,Responsible Procurement,review,command,false,false,true,AGG-09-SOURCING|AGG-20-RESOURCE-OUTCOME
F23.13.A03,F23,F23.13,Sustainable Supply Chain,remediate,AGG-20-RESPONSIBLE-PROCUREMENT,SUS-RESPONSIBLE-PROCUREMENT,Responsible Procurement,execute,command,false,false,true,AGG-09-SOURCING|AGG-20-RESOURCE-OUTCOME
F23.14.A01,F23,F23.14,Environmental Compliance,Monitor permits,AGG-21-COMPLIANCE-REQUIREMENT,QHSE-COMPLIANCE-REQUIREMENT,Environmental Compliance,monitor,query,false,false,false,AGG-20-CARBON|AGG-21-CONTROL
F23.14.A02,F23,F23.14,Environmental Compliance,sample/test,AGG-21-COMPLIANCE-REQUIREMENT,QHSE-COMPLIANCE-REQUIREMENT,Environmental Compliance,execute,command,false,false,true,AGG-20-CARBON|AGG-21-CONTROL
F23.14.A03,F23,F23.14,Environmental Compliance,submit returns,AGG-21-COMPLIANCE-REQUIREMENT,QHSE-COMPLIANCE-REQUIREMENT,Environmental Compliance,submit,command,false,false,true,AGG-20-CARBON|AGG-21-CONTROL
F23.14.A04,F23,F23.14,Environmental Compliance,correct non-compliance,AGG-21-COMPLIANCE-REQUIREMENT,QHSE-COMPLIANCE-REQUIREMENT,Environmental Compliance,change,command,false,false,true,AGG-20-CARBON|AGG-21-CONTROL
F24.01.A01,F24,F24.01,Business Continuity Governance,Establish BC framework,AGG-23-CONTINUITY,BCM-CONTINUITY-PLAN,Continuity / Recovery,create,command,false,false,true,AGG-24-TECHNOLOGY
F24.01.A02,F24,F24.01,Business Continuity Governance,policies,AGG-23-CONTINUITY,BCM-CONTINUITY-PLAN,Continuity / Recovery,execute,command,false,false,true,AGG-24-TECHNOLOGY
F24.01.A03,F24,F24.01,Business Continuity Governance,ownership,AGG-23-CONTINUITY,BCM-CONTINUITY-PLAN,Continuity / Recovery,execute,command,false,false,true,AGG-24-TECHNOLOGY
F24.01.A04,F24,F24.01,Business Continuity Governance,review cycle,AGG-23-CONTINUITY,BCM-CONTINUITY-PLAN,Continuity / Recovery,review,command,false,false,true,AGG-24-TECHNOLOGY
F24.02.A01,F24,F24.02,Business Impact Analysis,Identify critical activities,AGG-23-CONTINUITY,BCM-CONTINUITY-PLAN,Continuity / Recovery,analyse,query,false,false,false,AGG-24-TECHNOLOGY
F24.02.A02,F24,F24.02,Business Impact Analysis,dependencies,AGG-23-CONTINUITY,BCM-CONTINUITY-PLAN,Continuity / Recovery,execute,command,false,false,true,AGG-24-TECHNOLOGY
F24.02.A03,F24,F24.02,Business Impact Analysis,impact,AGG-23-CONTINUITY,BCM-CONTINUITY-PLAN,Continuity / Recovery,execute,command,false,false,true,AGG-24-TECHNOLOGY
F24.02.A04,F24,F24.02,Business Impact Analysis,recovery objectives,AGG-23-CONTINUITY,BCM-CONTINUITY-PLAN,Continuity / Recovery,execute,command,false,false,true,AGG-24-TECHNOLOGY
F24.03.A01,F24,F24.03,Continuity Planning,Develop response/recovery strategies,AGG-23-CONTINUITY,BCM-CONTINUITY-PLAN,Continuity / Recovery,create,command,false,false,true,AGG-24-TECHNOLOGY
F24.03.A02,F24,F24.03,Continuity Planning,document plans,AGG-23-CONTINUITY,BCM-CONTINUITY-PLAN,Continuity / Recovery,record,command,false,false,true,AGG-24-TECHNOLOGY
F24.03.A03,F24,F24.03,Continuity Planning,assign roles,AGG-23-CONTINUITY,BCM-CONTINUITY-PLAN,Continuity / Recovery,allocate,command,false,false,true,AGG-24-TECHNOLOGY
F24.04.A01,F24,F24.04,Continuity Testing,Design exercise,AGG-23-CONTINUITY,BCM-CONTINUITY-PLAN,Continuity / Recovery,execute,command,false,false,true,AGG-24-TECHNOLOGY
F24.04.A02,F24,F24.04,Continuity Testing,simulate disruption,AGG-23-CONTINUITY,BCM-CONTINUITY-PLAN,Continuity / Recovery,execute,command,false,false,true,AGG-24-TECHNOLOGY
F24.04.A03,F24,F24.04,Continuity Testing,evaluate response,AGG-23-CONTINUITY,BCM-CONTINUITY-PLAN,Continuity / Recovery,review,command,false,false,true,AGG-24-TECHNOLOGY
F24.04.A04,F24,F24.04,Continuity Testing,remediate gaps,AGG-23-CONTINUITY,BCM-CONTINUITY-PLAN,Continuity / Recovery,execute,command,false,false,true,AGG-24-TECHNOLOGY
F24.05.A01,F24,F24.05,Crisis Management,Detect crisis,AGG-23-CRISIS,BCM-CRISIS,Crisis / Emergency Response,execute,command,false,false,true,AGG-25-COMMUNICATIONS
F24.05.A02,F24,F24.05,Crisis Management,activate team,AGG-23-CRISIS,BCM-CRISIS,Crisis / Emergency Response,execute,command,false,false,true,AGG-25-COMMUNICATIONS
F24.05.A03,F24,F24.05,Crisis Management,assess severity,AGG-23-CRISIS,BCM-CRISIS,Crisis / Emergency Response,review,command,false,false,true,AGG-25-COMMUNICATIONS
F24.05.A04,F24,F24.05,Crisis Management,coordinate response,AGG-23-CRISIS,BCM-CRISIS,Crisis / Emergency Response,execute,command,false,false,true,AGG-25-COMMUNICATIONS
F24.06.A01,F24,F24.06,Emergency Response,Raise alarm,AGG-23-CRISIS,BCM-CRISIS,Crisis / Emergency Response,create,command,false,false,true,AGG-25-COMMUNICATIONS
F24.06.A02,F24,F24.06,Emergency Response,evacuate,AGG-23-CRISIS,BCM-CRISIS,Crisis / Emergency Response,execute,command,false,false,true,AGG-25-COMMUNICATIONS
F24.06.A03,F24,F24.06,Emergency Response,account for people,AGG-23-CRISIS,BCM-CRISIS,Crisis / Emergency Response,execute,command,false,false,true,AGG-25-COMMUNICATIONS
F24.06.A04,F24,F24.06,Emergency Response,contact emergency services,AGG-23-CRISIS,BCM-CRISIS,Crisis / Emergency Response,execute,command,false,false,true,AGG-25-COMMUNICATIONS
F24.07.A01,F24,F24.07,Crisis Communications,Prepare messaging,AGG-23-CRISIS,BCM-CRISIS,Crisis / Emergency Response,execute,command,false,false,true,AGG-25-COMMUNICATIONS
F24.07.A02,F24,F24.07,Crisis Communications,approve,AGG-23-CRISIS,BCM-CRISIS,Crisis / Emergency Response,approve,command,true,true,true,AGG-25-COMMUNICATIONS
F24.07.A03,F24,F24.07,Crisis Communications,notify employees/customers/media,AGG-23-CRISIS,BCM-CRISIS,Crisis / Emergency Response,issue,command,false,false,true,AGG-25-COMMUNICATIONS
F24.08.A01,F24,F24.08,Disaster Recovery Coordination,Activate recovery,AGG-23-CONTINUITY,BCM-CONTINUITY-PLAN,Continuity / Recovery,execute,command,false,false,true,AGG-24-TECHNOLOGY
F24.08.A02,F24,F24.08,Disaster Recovery Coordination,restore systems/sites,AGG-23-CONTINUITY,BCM-CONTINUITY-PLAN,Continuity / Recovery,execute,command,false,false,true,AGG-24-TECHNOLOGY
F24.08.A03,F24,F24.08,Disaster Recovery Coordination,validate service,AGG-23-CONTINUITY,BCM-CONTINUITY-PLAN,Continuity / Recovery,review,command,false,false,true,AGG-24-TECHNOLOGY
F24.09.A01,F24,F24.09,Physical Security,Control access,AGG-23-PHYSICAL-SECURITY-INCIDENT,SEC-PHYSICAL-SECURITY-INCIDENT,Physical / Travel Security,configure,command,false,false,true,AGG-01-AUTHORITY|AGG-18-TRAVEL|AGG-23-CRISIS
F24.09.A02,F24,F24.09,Physical Security,monitor premises,AGG-23-PHYSICAL-SECURITY-INCIDENT,SEC-PHYSICAL-SECURITY-INCIDENT,Physical / Travel Security,monitor,query,false,false,false,AGG-01-AUTHORITY|AGG-18-TRAVEL|AGG-23-CRISIS
F24.09.A03,F24,F24.09,Physical Security,patrol,AGG-23-PHYSICAL-SECURITY-INCIDENT,SEC-PHYSICAL-SECURITY-INCIDENT,Physical / Travel Security,execute,command,false,false,true,AGG-01-AUTHORITY|AGG-18-TRAVEL|AGG-23-CRISIS
F24.09.A04,F24,F24.09,Physical Security,respond to alarms,AGG-23-PHYSICAL-SECURITY-INCIDENT,SEC-PHYSICAL-SECURITY-INCIDENT,Physical / Travel Security,execute,command,false,false,true,AGG-01-AUTHORITY|AGG-18-TRAVEL|AGG-23-CRISIS
F24.10.A01,F24,F24.10,Visitor Management,Register visitor,AGG-23-PHYSICAL-SECURITY-INCIDENT,SEC-PHYSICAL-SECURITY-INCIDENT,Physical / Travel Security,create,command,false,false,true,AGG-01-AUTHORITY|AGG-18-TRAVEL|AGG-23-CRISIS
F24.10.A02,F24,F24.10,Visitor Management,verify identity,AGG-23-PHYSICAL-SECURITY-INCIDENT,SEC-PHYSICAL-SECURITY-INCIDENT,Physical / Travel Security,review,command,false,false,true,AGG-01-AUTHORITY|AGG-18-TRAVEL|AGG-23-CRISIS
F24.10.A03,F24,F24.10,Visitor Management,approve access,AGG-23-PHYSICAL-SECURITY-INCIDENT,SEC-PHYSICAL-SECURITY-INCIDENT,Physical / Travel Security,approve,command,true,true,true,AGG-01-AUTHORITY|AGG-18-TRAVEL|AGG-23-CRISIS
F24.10.A04,F24,F24.10,Visitor Management,issue/recover pass,AGG-23-PHYSICAL-SECURITY-INCIDENT,SEC-PHYSICAL-SECURITY-INCIDENT,Physical / Travel Security,issue,command,false,false,true,AGG-01-AUTHORITY|AGG-18-TRAVEL|AGG-23-CRISIS
F24.11.A01,F24,F24.11,Security Investigations,Receive allegation,AGG-23-PHYSICAL-SECURITY-INCIDENT,SEC-PHYSICAL-SECURITY-INCIDENT,Physical / Travel Security,receive,command,false,false,true,AGG-01-AUTHORITY|AGG-18-TRAVEL|AGG-23-CRISIS
F24.11.A02,F24,F24.11,Security Investigations,gather evidence,AGG-23-PHYSICAL-SECURITY-INCIDENT,SEC-PHYSICAL-SECURITY-INCIDENT,Physical / Travel Security,execute,command,false,false,true,AGG-01-AUTHORITY|AGG-18-TRAVEL|AGG-23-CRISIS
F24.11.A03,F24,F24.11,Security Investigations,interview,AGG-23-PHYSICAL-SECURITY-INCIDENT,SEC-PHYSICAL-SECURITY-INCIDENT,Physical / Travel Security,execute,command,false,false,true,AGG-01-AUTHORITY|AGG-18-TRAVEL|AGG-23-CRISIS
F24.11.A04,F24,F24.11,Security Investigations,determine outcome,AGG-23-PHYSICAL-SECURITY-INCIDENT,SEC-PHYSICAL-SECURITY-INCIDENT,Physical / Travel Security,analyse,query,false,false,false,AGG-01-AUTHORITY|AGG-18-TRAVEL|AGG-23-CRISIS
F24.12.A01,F24,F24.12,Travel Security,Assess destinations,AGG-23-PHYSICAL-SECURITY-INCIDENT,SEC-PHYSICAL-SECURITY-INCIDENT,Physical / Travel Security,review,command,false,false,true,AGG-01-AUTHORITY|AGG-18-TRAVEL|AGG-23-CRISIS
F24.12.A02,F24,F24.12,Travel Security,communicate risks,AGG-23-PHYSICAL-SECURITY-INCIDENT,SEC-PHYSICAL-SECURITY-INCIDENT,Physical / Travel Security,publish,command,false,false,true,AGG-01-AUTHORITY|AGG-18-TRAVEL|AGG-23-CRISIS
F24.12.A03,F24,F24.12,Travel Security,track travellers,AGG-23-PHYSICAL-SECURITY-INCIDENT,SEC-PHYSICAL-SECURITY-INCIDENT,Physical / Travel Security,monitor,query,false,false,false,AGG-01-AUTHORITY|AGG-18-TRAVEL|AGG-23-CRISIS
F24.12.A04,F24,F24.12,Travel Security,respond to incidents,AGG-23-PHYSICAL-SECURITY-INCIDENT,SEC-PHYSICAL-SECURITY-INCIDENT,Physical / Travel Security,execute,command,false,false,true,AGG-01-AUTHORITY|AGG-18-TRAVEL|AGG-23-CRISIS
F25.01.A01,F25,F25.01,Corporate Communications,Define communication strategy,AGG-25-COMMUNICATIONS,KRC-COMMS-PLAN,Communications Plan / Item,create,command,false,false,true,AGG-07-INFORMATION
F25.01.A02,F25,F25.01,Corporate Communications,develop messaging,AGG-25-COMMUNICATIONS,KRC-COMMS-PLAN,Communications Plan / Item,create,command,false,false,true,AGG-07-INFORMATION
F25.01.A03,F25,F25.01,Corporate Communications,publish communications,AGG-25-COMMUNICATIONS,KRC-COMMS-PLAN,Communications Plan / Item,publish,command,true,true,true,AGG-07-INFORMATION
F25.02.A01,F25,F25.02,Internal Communications,Prepare announcements,AGG-25-COMMUNICATIONS,KRC-COMMS-PLAN,Communications Plan / Item,execute,command,false,false,true,AGG-07-INFORMATION
F25.02.A02,F25,F25.02,Internal Communications,newsletters,AGG-25-COMMUNICATIONS,KRC-COMMS-PLAN,Communications Plan / Item,execute,command,false,false,true,AGG-07-INFORMATION
F25.02.A03,F25,F25.02,Internal Communications,intranet content,AGG-25-COMMUNICATIONS,KRC-COMMS-PLAN,Communications Plan / Item,execute,command,false,false,true,AGG-07-INFORMATION
F25.02.A04,F25,F25.02,Internal Communications,leadership communications,AGG-25-COMMUNICATIONS,KRC-COMMS-PLAN,Communications Plan / Item,execute,command,false,false,true,AGG-07-INFORMATION
F25.03.A01,F25,F25.03,Media Relations,Build media relationships,AGG-25-EXTERNAL-AFFAIRS-ISSUE,KRC-EXTERNAL-AFFAIRS-ISSUE,External Affairs / Media,create,command,false,false,true,AGG-03-CUSTOMER-CASE|AGG-25-COMMUNICATIONS
F25.03.A02,F25,F25.03,Media Relations,prepare releases,AGG-25-EXTERNAL-AFFAIRS-ISSUE,KRC-EXTERNAL-AFFAIRS-ISSUE,External Affairs / Media,execute,command,true,true,true,AGG-03-CUSTOMER-CASE|AGG-25-COMMUNICATIONS
F25.03.A03,F25,F25.03,Media Relations,respond to enquiries,AGG-25-EXTERNAL-AFFAIRS-ISSUE,KRC-EXTERNAL-AFFAIRS-ISSUE,External Affairs / Media,execute,command,false,false,true,AGG-03-CUSTOMER-CASE|AGG-25-COMMUNICATIONS
F25.03.A04,F25,F25.03,Media Relations,organise interviews,AGG-25-EXTERNAL-AFFAIRS-ISSUE,KRC-EXTERNAL-AFFAIRS-ISSUE,External Affairs / Media,execute,command,false,false,true,AGG-03-CUSTOMER-CASE|AGG-25-COMMUNICATIONS
F25.04.A01,F25,F25.04,Public Relations,Plan campaigns,AGG-25-COMMUNICATIONS,KRC-COMMS-PLAN,Communications Plan / Item,allocate,command,false,false,true,AGG-07-INFORMATION
F25.04.A02,F25,F25.04,Public Relations,manage reputation,AGG-25-COMMUNICATIONS,KRC-COMMS-PLAN,Communications Plan / Item,configure,command,false,false,true,AGG-07-INFORMATION
F25.04.A03,F25,F25.04,Public Relations,coordinate external communications,AGG-25-COMMUNICATIONS,KRC-COMMS-PLAN,Communications Plan / Item,execute,command,false,false,true,AGG-07-INFORMATION
F25.05.A01,F25,F25.05,Reputation Management,Monitor sentiment,AGG-25-EXTERNAL-AFFAIRS-ISSUE,KRC-EXTERNAL-AFFAIRS-ISSUE,External Affairs / Media,monitor,query,false,false,false,AGG-03-CUSTOMER-CASE|AGG-25-COMMUNICATIONS
F25.05.A02,F25,F25.05,Reputation Management,identify issues,AGG-25-EXTERNAL-AFFAIRS-ISSUE,KRC-EXTERNAL-AFFAIRS-ISSUE,External Affairs / Media,analyse,query,false,false,false,AGG-03-CUSTOMER-CASE|AGG-25-COMMUNICATIONS
F25.05.A03,F25,F25.05,Reputation Management,develop response,AGG-25-EXTERNAL-AFFAIRS-ISSUE,KRC-EXTERNAL-AFFAIRS-ISSUE,External Affairs / Media,create,command,false,false,true,AGG-03-CUSTOMER-CASE|AGG-25-COMMUNICATIONS
F25.05.A04,F25,F25.05,Reputation Management,measure perception,AGG-25-EXTERNAL-AFFAIRS-ISSUE,KRC-EXTERNAL-AFFAIRS-ISSUE,External Affairs / Media,monitor,query,false,false,false,AGG-03-CUSTOMER-CASE|AGG-25-COMMUNICATIONS
F25.06.A01,F25,F25.06,Public Affairs,Monitor government activity,AGG-25-EXTERNAL-AFFAIRS-ISSUE,KRC-EXTERNAL-AFFAIRS-ISSUE,External Affairs / Media,monitor,query,false,false,false,AGG-03-CUSTOMER-CASE|AGG-25-COMMUNICATIONS
F25.06.A02,F25,F25.06,Public Affairs,analyse policy,AGG-25-EXTERNAL-AFFAIRS-ISSUE,KRC-EXTERNAL-AFFAIRS-ISSUE,External Affairs / Media,analyse,query,false,false,false,AGG-03-CUSTOMER-CASE|AGG-25-COMMUNICATIONS
F25.06.A03,F25,F25.06,Public Affairs,engage stakeholders,AGG-25-EXTERNAL-AFFAIRS-ISSUE,KRC-EXTERNAL-AFFAIRS-ISSUE,External Affairs / Media,execute,command,false,false,true,AGG-03-CUSTOMER-CASE|AGG-25-COMMUNICATIONS
F25.07.A01,F25,F25.07,Government Relations,Map officials,AGG-25-EXTERNAL-AFFAIRS-ISSUE,KRC-EXTERNAL-AFFAIRS-ISSUE,External Affairs / Media,analyse,query,false,false,false,AGG-03-CUSTOMER-CASE|AGG-25-COMMUNICATIONS
F25.07.A02,F25,F25.07,Government Relations,conduct engagement,AGG-25-EXTERNAL-AFFAIRS-ISSUE,KRC-EXTERNAL-AFFAIRS-ISSUE,External Affairs / Media,execute,command,false,false,true,AGG-03-CUSTOMER-CASE|AGG-25-COMMUNICATIONS
F25.07.A03,F25,F25.07,Government Relations,prepare submissions,AGG-25-EXTERNAL-AFFAIRS-ISSUE,KRC-EXTERNAL-AFFAIRS-ISSUE,External Affairs / Media,execute,command,false,false,true,AGG-03-CUSTOMER-CASE|AGG-25-COMMUNICATIONS
F25.07.A04,F25,F25.07,Government Relations,track commitments,AGG-25-EXTERNAL-AFFAIRS-ISSUE,KRC-EXTERNAL-AFFAIRS-ISSUE,External Affairs / Media,monitor,query,false,false,false,AGG-03-CUSTOMER-CASE|AGG-25-COMMUNICATIONS
F25.08.A01,F25,F25.08,Investor Relations,Prepare results communications,AGG-25-STAKEHOLDER-PLAN,KRC-STAKEHOLDER-PLAN,Investor / Stakeholder Engagement,execute,command,false,false,true,AGG-19-LEDGER|AGG-25-COMMUNICATIONS
F25.08.A02,F25,F25.08,Investor Relations,investor presentations,AGG-25-STAKEHOLDER-PLAN,KRC-STAKEHOLDER-PLAN,Investor / Stakeholder Engagement,execute,command,false,false,true,AGG-19-LEDGER|AGG-25-COMMUNICATIONS
F25.08.A03,F25,F25.08,Investor Relations,manage enquiries,AGG-25-STAKEHOLDER-PLAN,KRC-STAKEHOLDER-PLAN,Investor / Stakeholder Engagement,configure,command,false,false,true,AGG-19-LEDGER|AGG-25-COMMUNICATIONS
F25.09.A01,F25,F25.09,Annual Reporting,Gather content,AGG-25-COMMUNICATIONS,KRC-COMMS-PLAN,Communications Plan / Item,execute,command,false,false,true,AGG-07-INFORMATION
F25.09.A02,F25,F25.09,Annual Reporting,prepare narrative,AGG-25-COMMUNICATIONS,KRC-COMMS-PLAN,Communications Plan / Item,execute,command,false,false,true,AGG-07-INFORMATION
F25.09.A03,F25,F25.09,Annual Reporting,review,AGG-25-COMMUNICATIONS,KRC-COMMS-PLAN,Communications Plan / Item,review,command,false,false,true,AGG-07-INFORMATION
F25.09.A04,F25,F25.09,Annual Reporting,approve,AGG-25-COMMUNICATIONS,KRC-COMMS-PLAN,Communications Plan / Item,approve,command,true,true,true,AGG-07-INFORMATION
F25.09.A05,F25,F25.09,Annual Reporting,publish,AGG-25-COMMUNICATIONS,KRC-COMMS-PLAN,Communications Plan / Item,publish,command,true,true,true,AGG-07-INFORMATION
F25.10.A01,F25,F25.10,Stakeholder Engagement,Identify stakeholders,AGG-25-STAKEHOLDER-ENGAGEMENT,KRC-STAKEHOLDER-ENGAGEMENT,Stakeholder Engagement,analyse,query,false,false,false,AGG-25-COMMUNICATIONS
F25.10.A02,F25,F25.10,Stakeholder Engagement,map interests,AGG-25-STAKEHOLDER-ENGAGEMENT,KRC-STAKEHOLDER-ENGAGEMENT,Stakeholder Engagement,analyse,query,false,false,false,AGG-25-COMMUNICATIONS
F25.10.A03,F25,F25.10,Stakeholder Engagement,plan engagement,AGG-25-STAKEHOLDER-ENGAGEMENT,KRC-STAKEHOLDER-ENGAGEMENT,Stakeholder Engagement,allocate,command,false,false,true,AGG-25-COMMUNICATIONS
F25.10.A04,F25,F25.10,Stakeholder Engagement,record feedback,AGG-25-STAKEHOLDER-ENGAGEMENT,KRC-STAKEHOLDER-ENGAGEMENT,Stakeholder Engagement,record,command,false,false,true,AGG-25-COMMUNICATIONS
F25.11.A01,F25,F25.11,Community Relations,Manage local engagement,AGG-25-STAKEHOLDER-ENGAGEMENT,KRC-STAKEHOLDER-ENGAGEMENT,Stakeholder Engagement,configure,command,false,false,true,AGG-25-COMMUNICATIONS
F25.11.A02,F25,F25.11,Community Relations,sponsorship,AGG-25-STAKEHOLDER-ENGAGEMENT,KRC-STAKEHOLDER-ENGAGEMENT,Stakeholder Engagement,execute,command,false,false,true,AGG-25-COMMUNICATIONS
F25.11.A03,F25,F25.11,Community Relations,community programmes,AGG-25-STAKEHOLDER-ENGAGEMENT,KRC-STAKEHOLDER-ENGAGEMENT,Stakeholder Engagement,execute,command,false,false,true,AGG-25-COMMUNICATIONS
F25.12.A01,F25,F25.12,Crisis Communications,Develop response message,AGG-25-COMMUNICATIONS,KRC-COMMS-PLAN,Communications Plan / Item,create,command,false,false,true,AGG-07-INFORMATION
F25.12.A02,F25,F25.12,Crisis Communications,approve spokesperson,AGG-25-COMMUNICATIONS,KRC-COMMS-PLAN,Communications Plan / Item,approve,command,true,true,true,AGG-07-INFORMATION
F25.12.A03,F25,F25.12,Crisis Communications,monitor media,AGG-25-COMMUNICATIONS,KRC-COMMS-PLAN,Communications Plan / Item,monitor,query,false,false,false,AGG-07-INFORMATION
F25.12.A04,F25,F25.12,Crisis Communications,respond,AGG-25-COMMUNICATIONS,KRC-COMMS-PLAN,Communications Plan / Item,execute,command,false,false,true,AGG-07-INFORMATION
F26.01.A01,F26,F26.01,Knowledge Strategy,Identify critical knowledge,AGG-25-KNOWLEDGE,KRC-KNOWLEDGE-ARTICLE,Knowledge Article / Collection,analyse,query,false,false,false,AGG-24-DATA
F26.01.A02,F26,F26.01,Knowledge Strategy,define governance,AGG-25-KNOWLEDGE,KRC-KNOWLEDGE-ARTICLE,Knowledge Article / Collection,create,command,false,false,true,AGG-24-DATA
F26.01.A03,F26,F26.01,Knowledge Strategy,establish knowledge platforms,AGG-25-KNOWLEDGE,KRC-KNOWLEDGE-ARTICLE,Knowledge Article / Collection,create,command,false,false,true,AGG-24-DATA
F26.02.A01,F26,F26.02,Knowledge Capture,Document experience,AGG-25-KNOWLEDGE,KRC-KNOWLEDGE-ARTICLE,Knowledge Article / Collection,record,command,false,false,true,AGG-24-DATA
F26.02.A02,F26,F26.02,Knowledge Capture,lessons learned,AGG-25-KNOWLEDGE,KRC-KNOWLEDGE-ARTICLE,Knowledge Article / Collection,execute,command,false,false,true,AGG-24-DATA
F26.02.A03,F26,F26.02,Knowledge Capture,expertise,AGG-25-KNOWLEDGE,KRC-KNOWLEDGE-ARTICLE,Knowledge Article / Collection,execute,command,false,false,true,AGG-24-DATA
F26.02.A04,F26,F26.02,Knowledge Capture,procedures,AGG-25-KNOWLEDGE,KRC-KNOWLEDGE-ARTICLE,Knowledge Article / Collection,execute,command,false,false,true,AGG-24-DATA
F26.03.A01,F26,F26.03,Knowledge Sharing,Publish knowledge,AGG-25-KNOWLEDGE,KRC-KNOWLEDGE-ARTICLE,Knowledge Article / Collection,publish,command,true,true,true,AGG-24-DATA
F26.03.A02,F26,F26.03,Knowledge Sharing,communities of practice,AGG-25-KNOWLEDGE,KRC-KNOWLEDGE-ARTICLE,Knowledge Article / Collection,execute,command,false,false,true,AGG-24-DATA
F26.03.A03,F26,F26.03,Knowledge Sharing,collaboration,AGG-25-KNOWLEDGE,KRC-KNOWLEDGE-ARTICLE,Knowledge Article / Collection,execute,command,false,false,true,AGG-24-DATA
F26.03.A04,F26,F26.03,Knowledge Sharing,search,AGG-25-KNOWLEDGE,KRC-KNOWLEDGE-ARTICLE,Knowledge Article / Collection,read,query,false,false,false,AGG-24-DATA
F26.04.A01,F26,F26.04,Knowledge Maintenance,Review articles,AGG-25-KNOWLEDGE,KRC-KNOWLEDGE-ARTICLE,Knowledge Article / Collection,review,command,false,false,true,AGG-24-DATA
F26.04.A02,F26,F26.04,Knowledge Maintenance,update,AGG-25-KNOWLEDGE,KRC-KNOWLEDGE-ARTICLE,Knowledge Article / Collection,change,command,false,false,true,AGG-24-DATA
F26.04.A03,F26,F26.04,Knowledge Maintenance,approve,AGG-25-KNOWLEDGE,KRC-KNOWLEDGE-ARTICLE,Knowledge Article / Collection,approve,command,true,true,true,AGG-24-DATA
F26.04.A04,F26,F26.04,Knowledge Maintenance,retire obsolete content,AGG-25-KNOWLEDGE,KRC-KNOWLEDGE-ARTICLE,Knowledge Article / Collection,retire,command,false,false,true,AGG-24-DATA
F26.05.A01,F26,F26.05,Document Management,Create,AGG-07-INFORMATION,CBO-INFORMATION-CONTAINER,Information Container,create,command,false,false,true,
F26.05.A02,F26,F26.05,Document Management,classify,AGG-07-INFORMATION,CBO-INFORMATION-CONTAINER,Information Container,execute,command,false,false,true,
F26.05.A03,F26,F26.05,Document Management,review,AGG-07-INFORMATION,CBO-INFORMATION-CONTAINER,Information Container,review,command,false,false,true,
F26.05.A04,F26,F26.05,Document Management,approve,AGG-07-INFORMATION,CBO-INFORMATION-CONTAINER,Information Container,approve,command,true,true,true,
F26.05.A05,F26,F26.05,Document Management,version,AGG-07-INFORMATION,CBO-INFORMATION-CONTAINER,Information Container,execute,command,false,false,true,
F26.05.A06,F26,F26.05,Document Management,publish,AGG-07-INFORMATION,CBO-INFORMATION-CONTAINER,Information Container,publish,command,true,true,true,
F26.06.A01,F26,F26.06,Records Management,Declare record,AGG-25-RECORDS,KRC-RECORD-SERIES,Record Series / File,execute,command,false,false,true,AGG-28-RETENTION
F26.06.A02,F26,F26.06,Records Management,classify,AGG-25-RECORDS,KRC-RECORD-SERIES,Record Series / File,execute,command,false,false,true,AGG-28-RETENTION
F26.06.A03,F26,F26.06,Records Management,retain,AGG-25-RECORDS,KRC-RECORD-SERIES,Record Series / File,execute,command,false,false,true,AGG-28-RETENTION
F26.06.A04,F26,F26.06,Records Management,archive,AGG-25-RECORDS,KRC-RECORD-SERIES,Record Series / File,retire,command,false,false,true,AGG-28-RETENTION
F26.06.A05,F26,F26.06,Records Management,dispose,AGG-25-RECORDS,KRC-RECORD-SERIES,Record Series / File,retire,command,false,false,true,AGG-28-RETENTION
F26.07.A01,F26,F26.07,Controlled Documents,Draft procedure,AGG-07-INFORMATION,CBO-INFORMATION-CONTAINER,Information Container,create,command,false,false,true,
F26.07.A02,F26,F26.07,Controlled Documents,approve,AGG-07-INFORMATION,CBO-INFORMATION-CONTAINER,Information Container,approve,command,true,true,true,
F26.07.A03,F26,F26.07,Controlled Documents,issue revision,AGG-07-INFORMATION,CBO-INFORMATION-CONTAINER,Information Container,issue,command,false,false,true,
F26.07.A04,F26,F26.07,Controlled Documents,withdraw obsolete versions,AGG-07-INFORMATION,CBO-INFORMATION-CONTAINER,Information Container,cancel,command,false,false,true,
F26.08.A01,F26,F26.08,Records Retention,Establish schedules,AGG-25-RECORDS,KRC-RECORD-SERIES,Record Series / File,create,command,false,false,true,AGG-28-RETENTION
F26.08.A02,F26,F26.08,Records Retention,apply holds,AGG-25-RECORDS,KRC-RECORD-SERIES,Record Series / File,execute,command,false,false,true,AGG-28-RETENTION
F26.08.A03,F26,F26.08,Records Retention,review retention,AGG-25-RECORDS,KRC-RECORD-SERIES,Record Series / File,review,command,false,false,true,AGG-28-RETENTION
F26.08.A04,F26,F26.08,Records Retention,destroy,AGG-25-RECORDS,KRC-RECORD-SERIES,Record Series / File,retire,command,false,false,true,AGG-28-RETENTION
F26.09.A01,F26,F26.09,Enterprise Search,Index information,AGG-25-KNOWLEDGE,KRC-KNOWLEDGE-ARTICLE,Knowledge Article / Collection,execute,command,false,false,true,AGG-24-DATA
F26.09.A02,F26,F26.09,Enterprise Search,maintain metadata,AGG-25-KNOWLEDGE,KRC-KNOWLEDGE-ARTICLE,Knowledge Article / Collection,change,command,false,false,true,AGG-24-DATA
F26.09.A03,F26,F26.09,Enterprise Search,tune search,AGG-25-KNOWLEDGE,KRC-KNOWLEDGE-ARTICLE,Knowledge Article / Collection,execute,command,false,false,true,AGG-24-DATA
F26.09.A04,F26,F26.09,Enterprise Search,manage permissions,AGG-25-KNOWLEDGE,KRC-KNOWLEDGE-ARTICLE,Knowledge Article / Collection,configure,command,false,false,true,AGG-24-DATA
F26.10.A01,F26,F26.10,Lessons Learned,Capture lesson,AGG-25-KNOWLEDGE,KRC-KNOWLEDGE-ARTICLE,Knowledge Article / Collection,create,command,false,false,true,AGG-24-DATA
F26.10.A02,F26,F26.10,Lessons Learned,classify,AGG-25-KNOWLEDGE,KRC-KNOWLEDGE-ARTICLE,Knowledge Article / Collection,execute,command,false,false,true,AGG-24-DATA
F26.10.A03,F26,F26.10,Lessons Learned,approve,AGG-25-KNOWLEDGE,KRC-KNOWLEDGE-ARTICLE,Knowledge Article / Collection,approve,command,true,true,true,AGG-24-DATA
F26.10.A04,F26,F26.10,Lessons Learned,disseminate,AGG-25-KNOWLEDGE,KRC-KNOWLEDGE-ARTICLE,Knowledge Article / Collection,execute,command,false,false,true,AGG-24-DATA
F26.10.A05,F26,F26.10,Lessons Learned,incorporate into process,AGG-25-KNOWLEDGE,KRC-KNOWLEDGE-ARTICLE,Knowledge Article / Collection,execute,command,false,false,true,AGG-24-DATA
F27.01.A01,F27,F27.01,Portfolio Management,Capture initiatives,AGG-06-PORTFOLIO,DEL-PORTFOLIO,Portfolio / Programme,create,command,false,false,true,AGG-27-DECISION|AGG-06-PROJECT
F27.01.A02,F27,F27.01,Portfolio Management,score,AGG-06-PORTFOLIO,DEL-PORTFOLIO,Portfolio / Programme,execute,command,false,false,true,AGG-27-DECISION|AGG-06-PROJECT
F27.01.A03,F27,F27.01,Portfolio Management,prioritise,AGG-06-PORTFOLIO,DEL-PORTFOLIO,Portfolio / Programme,execute,command,false,true,true,AGG-27-DECISION|AGG-06-PROJECT
F27.01.A04,F27,F27.01,Portfolio Management,approve,AGG-06-PORTFOLIO,DEL-PORTFOLIO,Portfolio / Programme,approve,command,true,true,true,AGG-27-DECISION|AGG-06-PROJECT
F27.01.A05,F27,F27.01,Portfolio Management,balance portfolio,AGG-06-PORTFOLIO,DEL-PORTFOLIO,Portfolio / Programme,execute,command,false,false,true,AGG-27-DECISION|AGG-06-PROJECT
F27.02.A01,F27,F27.02,Investment Governance,Develop business case,AGG-06-PORTFOLIO,DEL-PORTFOLIO,Portfolio / Programme,create,command,false,false,true,AGG-27-DECISION|AGG-06-PROJECT
F27.02.A02,F27,F27.02,Investment Governance,review,AGG-06-PORTFOLIO,DEL-PORTFOLIO,Portfolio / Programme,review,command,false,false,true,AGG-27-DECISION|AGG-06-PROJECT
F27.02.A03,F27,F27.02,Investment Governance,approve/reject,AGG-06-PORTFOLIO,DEL-PORTFOLIO,Portfolio / Programme,approve,command,true,true,true,AGG-27-DECISION|AGG-06-PROJECT
F27.02.A04,F27,F27.02,Investment Governance,release funding,AGG-06-PORTFOLIO,DEL-PORTFOLIO,Portfolio / Programme,publish,command,true,true,true,AGG-27-DECISION|AGG-06-PROJECT
F27.03.A01,F27,F27.03,Programme Management,Establish programme,AGG-06-PORTFOLIO,DEL-PORTFOLIO,Portfolio / Programme,create,command,false,false,true,AGG-27-DECISION|AGG-06-PROJECT
F27.03.A02,F27,F27.03,Programme Management,coordinate projects,AGG-06-PORTFOLIO,DEL-PORTFOLIO,Portfolio / Programme,execute,command,false,false,true,AGG-27-DECISION|AGG-06-PROJECT
F27.03.A03,F27,F27.03,Programme Management,manage dependencies,AGG-06-PORTFOLIO,DEL-PORTFOLIO,Portfolio / Programme,configure,command,false,false,true,AGG-27-DECISION|AGG-06-PROJECT
F27.03.A04,F27,F27.03,Programme Management,report outcomes,AGG-06-PORTFOLIO,DEL-PORTFOLIO,Portfolio / Programme,execute,command,false,false,true,AGG-27-DECISION|AGG-06-PROJECT
F27.04.A01,F27,F27.04,Project Initiation,Define scope,AGG-06-PROJECT,CBO-PROJECT,Project,create,command,false,false,true,
F27.04.A02,F27,F27.04,Project Initiation,objectives,AGG-06-PROJECT,CBO-PROJECT,Project,execute,command,false,false,true,
F27.04.A03,F27,F27.04,Project Initiation,sponsor,AGG-06-PROJECT,CBO-PROJECT,Project,execute,command,false,false,true,
F27.04.A04,F27,F27.04,Project Initiation,stakeholders,AGG-06-PROJECT,CBO-PROJECT,Project,execute,command,false,false,true,
F27.04.A05,F27,F27.04,Project Initiation,charter,AGG-06-PROJECT,CBO-PROJECT,Project,execute,command,false,false,true,
F27.05.A01,F27,F27.05,Project Planning,Build schedule,AGG-06-SCHEDULE,DEL-SCHEDULE,Project Schedule / Plan,create,command,false,false,true,AGG-06-WBS
F27.05.A02,F27,F27.05,Project Planning,budget,AGG-06-SCHEDULE,DEL-SCHEDULE,Project Schedule / Plan,execute,command,false,false,true,AGG-06-WBS
F27.05.A03,F27,F27.05,Project Planning,resource plan,AGG-06-SCHEDULE,DEL-SCHEDULE,Project Schedule / Plan,allocate,command,false,false,true,AGG-06-WBS
F27.05.A04,F27,F27.05,Project Planning,risk plan,AGG-06-SCHEDULE,DEL-SCHEDULE,Project Schedule / Plan,execute,command,false,false,true,AGG-06-WBS
F27.06.A01,F27,F27.06,Project Execution,Assign work,AGG-06-PROJECT,CBO-PROJECT,Project Execution / Close,allocate,command,false,false,true,AGG-15-HANDOVER
F27.06.A02,F27,F27.06,Project Execution,deliver outputs,AGG-06-PROJECT,CBO-PROJECT,Project Execution / Close,execute,command,false,false,true,AGG-15-HANDOVER
F27.06.A03,F27,F27.06,Project Execution,monitor progress,AGG-06-PROJECT,CBO-PROJECT,Project Execution / Close,monitor,query,false,false,false,AGG-15-HANDOVER
F27.06.A04,F27,F27.06,Project Execution,manage issues,AGG-06-PROJECT,CBO-PROJECT,Project Execution / Close,configure,command,false,false,true,AGG-15-HANDOVER
F27.07.A01,F27,F27.07,Project Control,Manage scope,AGG-06-PROJECT-CONTROLS,DEL-PERFORMANCE-CALCULATION-RUN,Project Controls,configure,command,false,false,true,AGG-06-SCHEDULE|AGG-19-LEDGER
F27.07.A02,F27,F27.07,Project Control,budget,AGG-06-PROJECT-CONTROLS,DEL-PERFORMANCE-CALCULATION-RUN,Project Controls,execute,command,false,false,true,AGG-06-SCHEDULE|AGG-19-LEDGER
F27.07.A03,F27,F27.07,Project Control,schedule,AGG-06-PROJECT-CONTROLS,DEL-PERFORMANCE-CALCULATION-RUN,Project Controls,allocate,command,false,false,true,AGG-06-SCHEDULE|AGG-19-LEDGER
F27.07.A04,F27,F27.07,Project Control,risks,AGG-06-PROJECT-CONTROLS,DEL-PERFORMANCE-CALCULATION-RUN,Project Controls,execute,command,false,false,true,AGG-06-SCHEDULE|AGG-19-LEDGER
F27.07.A05,F27,F27.07,Project Control,quality,AGG-06-PROJECT-CONTROLS,DEL-PERFORMANCE-CALCULATION-RUN,Project Controls,execute,command,false,false,true,AGG-06-SCHEDULE|AGG-19-LEDGER
F27.08.A01,F27,F27.08,Project Closure,Obtain acceptance,AGG-06-PROJECT,CBO-PROJECT,Project Execution / Close,execute,command,false,false,true,AGG-15-HANDOVER
F27.08.A02,F27,F27.08,Project Closure,close finances,AGG-06-PROJECT,CBO-PROJECT,Project Execution / Close,close,command,false,false,true,AGG-15-HANDOVER
F27.08.A03,F27,F27.08,Project Closure,release resources,AGG-06-PROJECT,CBO-PROJECT,Project Execution / Close,publish,command,true,true,true,AGG-15-HANDOVER
F27.08.A04,F27,F27.08,Project Closure,capture lessons,AGG-06-PROJECT,CBO-PROJECT,Project Execution / Close,create,command,false,false,true,AGG-15-HANDOVER
F27.09.A01,F27,F27.09,PMO,Establish standards,AGG-06-PORTFOLIO,DEL-PORTFOLIO,PMO / Portfolio Governance,create,command,false,false,true,AGG-02-PERFORMANCE|AGG-06-PROJECT
F27.09.A02,F27,F27.09,PMO,templates,AGG-06-PORTFOLIO,DEL-PORTFOLIO,PMO / Portfolio Governance,execute,command,false,false,true,AGG-02-PERFORMANCE|AGG-06-PROJECT
F27.09.A03,F27,F27.09,PMO,reporting,AGG-06-PORTFOLIO,DEL-PORTFOLIO,PMO / Portfolio Governance,execute,command,false,false,true,AGG-02-PERFORMANCE|AGG-06-PROJECT
F27.09.A04,F27,F27.09,PMO,assurance,AGG-06-PORTFOLIO,DEL-PORTFOLIO,PMO / Portfolio Governance,execute,command,false,false,true,AGG-02-PERFORMANCE|AGG-06-PROJECT
F27.09.A05,F27,F27.09,PMO,governance,AGG-06-PORTFOLIO,DEL-PORTFOLIO,PMO / Portfolio Governance,configure,command,false,false,true,AGG-02-PERFORMANCE|AGG-06-PROJECT
F27.10.A01,F27,F27.10,Resource Management,Forecast demand,AGG-18-WORKFORCE-ALLOCATION,HCM-WORKFORCE-ALLOCATION,Workforce Allocation,analyse,query,false,false,false,AGG-06-PROJECT|AGG-18-WORKFORCE
F27.10.A02,F27,F27.10,Resource Management,allocate resources,AGG-18-WORKFORCE-ALLOCATION,HCM-WORKFORCE-ALLOCATION,Workforce Allocation,allocate,command,false,false,true,AGG-06-PROJECT|AGG-18-WORKFORCE
F27.10.A03,F27,F27.10,Resource Management,monitor utilisation,AGG-18-WORKFORCE-ALLOCATION,HCM-WORKFORCE-ALLOCATION,Workforce Allocation,monitor,query,false,false,false,AGG-06-PROJECT|AGG-18-WORKFORCE
F28.01.A01,F28,F28.01,Transformation Strategy,Define target state,AGG-26-TRANSFORMATION,TRANS-INITIATIVE,Transformation Initiative,create,command,false,false,true,AGG-02-STRATEGY
F28.01.A02,F28,F28.01,Transformation Strategy,transformation roadmap,AGG-26-TRANSFORMATION,TRANS-INITIATIVE,Transformation Initiative,execute,command,false,false,true,AGG-02-STRATEGY
F28.01.A03,F28,F28.01,Transformation Strategy,governance,AGG-26-TRANSFORMATION,TRANS-INITIATIVE,Transformation Initiative,configure,command,false,false,true,AGG-02-STRATEGY
F28.02.A01,F28,F28.02,Change Impact Assessment,Identify affected processes,AGG-26-TRANSFORMATION,TRANS-CHANGE-IMPACT-ASSESSMENT,Change Impact Assessment,analyse,query,false,false,false,
F28.02.A02,F28,F28.02,Change Impact Assessment,roles,AGG-26-TRANSFORMATION,TRANS-CHANGE-IMPACT-ASSESSMENT,Change Impact Assessment,execute,command,false,false,true,
F28.02.A03,F28,F28.02,Change Impact Assessment,systems,AGG-26-TRANSFORMATION,TRANS-CHANGE-IMPACT-ASSESSMENT,Change Impact Assessment,execute,command,false,false,true,
F28.02.A04,F28,F28.02,Change Impact Assessment,stakeholders,AGG-26-TRANSFORMATION,TRANS-CHANGE-IMPACT-ASSESSMENT,Change Impact Assessment,execute,command,false,false,true,
F28.03.A01,F28,F28.03,Stakeholder Management,Identify stakeholders,AGG-26-STAKEHOLDER-COHORT,TRANS-STAKEHOLDER-COHORT,Change Stakeholder / Communication,analyse,query,false,false,false,AGG-25-COMMUNICATIONS|AGG-26-TRANSFORMATION
F28.03.A02,F28,F28.03,Stakeholder Management,assess influence,AGG-26-STAKEHOLDER-COHORT,TRANS-STAKEHOLDER-COHORT,Change Stakeholder / Communication,review,command,false,false,true,AGG-25-COMMUNICATIONS|AGG-26-TRANSFORMATION
F28.03.A03,F28,F28.03,Stakeholder Management,develop engagement plan,AGG-26-STAKEHOLDER-COHORT,TRANS-STAKEHOLDER-COHORT,Change Stakeholder / Communication,create,command,false,false,true,AGG-25-COMMUNICATIONS|AGG-26-TRANSFORMATION
F28.04.A01,F28,F28.04,Change Communications,Develop messages,AGG-26-STAKEHOLDER-COHORT,TRANS-STAKEHOLDER-COHORT,Change Stakeholder / Communication,create,command,false,false,true,AGG-25-COMMUNICATIONS|AGG-26-TRANSFORMATION
F28.04.A02,F28,F28.04,Change Communications,communication plan,AGG-26-STAKEHOLDER-COHORT,TRANS-STAKEHOLDER-COHORT,Change Stakeholder / Communication,execute,command,false,false,true,AGG-25-COMMUNICATIONS|AGG-26-TRANSFORMATION
F28.04.A03,F28,F28.04,Change Communications,issue communications,AGG-26-STAKEHOLDER-COHORT,TRANS-STAKEHOLDER-COHORT,Change Stakeholder / Communication,issue,command,false,false,true,AGG-25-COMMUNICATIONS|AGG-26-TRANSFORMATION
F28.05.A01,F28,F28.05,Training / Readiness,Assess skills,AGG-26-TRANSFORMATION,TRANS-READINESS-PLAN,Readiness / Adoption,review,command,false,false,true,AGG-18-LEARNING
F28.05.A02,F28,F28.05,Training / Readiness,develop training,AGG-26-TRANSFORMATION,TRANS-READINESS-PLAN,Readiness / Adoption,create,command,false,false,true,AGG-18-LEARNING
F28.05.A03,F28,F28.05,Training / Readiness,deliver,AGG-26-TRANSFORMATION,TRANS-READINESS-PLAN,Readiness / Adoption,execute,command,false,false,true,AGG-18-LEARNING
F28.05.A04,F28,F28.05,Training / Readiness,assess readiness,AGG-26-TRANSFORMATION,TRANS-READINESS-PLAN,Readiness / Adoption,review,command,false,false,true,AGG-18-LEARNING
F28.06.A01,F28,F28.06,Adoption Management,Monitor adoption,AGG-26-TRANSFORMATION,TRANS-READINESS-PLAN,Readiness / Adoption,monitor,query,false,false,false,AGG-18-LEARNING
F28.06.A02,F28,F28.06,Adoption Management,identify resistance,AGG-26-TRANSFORMATION,TRANS-READINESS-PLAN,Readiness / Adoption,analyse,query,false,false,false,AGG-18-LEARNING
F28.06.A03,F28,F28.06,Adoption Management,intervene,AGG-26-TRANSFORMATION,TRANS-READINESS-PLAN,Readiness / Adoption,execute,command,false,false,true,AGG-18-LEARNING
F28.06.A04,F28,F28.06,Adoption Management,reinforce,AGG-26-TRANSFORMATION,TRANS-READINESS-PLAN,Readiness / Adoption,execute,command,false,false,true,AGG-18-LEARNING
F28.07.A01,F28,F28.07,Organisational Transition,Transition roles,AGG-26-ORGANISATION-TRANSITION,TRANS-ORGANISATION-TRANSITION,Organisation Transition,execute,command,false,false,true,AGG-01-ORG-STRUCTURE|AGG-26-TRANSFORMATION
F28.07.A02,F28,F28.07,Organisational Transition,structures,AGG-26-ORGANISATION-TRANSITION,TRANS-ORGANISATION-TRANSITION,Organisation Transition,execute,command,false,false,true,AGG-01-ORG-STRUCTURE|AGG-26-TRANSFORMATION
F28.07.A03,F28,F28.07,Organisational Transition,processes,AGG-26-ORGANISATION-TRANSITION,TRANS-ORGANISATION-TRANSITION,Organisation Transition,execute,command,false,false,true,AGG-01-ORG-STRUCTURE|AGG-26-TRANSFORMATION
F28.07.A04,F28,F28.07,Organisational Transition,technology,AGG-26-ORGANISATION-TRANSITION,TRANS-ORGANISATION-TRANSITION,Organisation Transition,execute,command,false,false,true,AGG-01-ORG-STRUCTURE|AGG-26-TRANSFORMATION
F28.08.A01,F28,F28.08,Benefits Tracking,Establish benefit targets,AGG-02-PERFORMANCE,SGP-PERFORMANCE-TARGET,Benefits Performance,create,command,false,false,true,AGG-26-TRANSFORMATION
F28.08.A02,F28,F28.08,Benefits Tracking,monitor,AGG-02-PERFORMANCE,SGP-PERFORMANCE-TARGET,Benefits Performance,monitor,query,false,false,false,AGG-26-TRANSFORMATION
F28.08.A03,F28,F28.08,Benefits Tracking,validate,AGG-02-PERFORMANCE,SGP-PERFORMANCE-TARGET,Benefits Performance,review,command,false,false,true,AGG-26-TRANSFORMATION
F28.08.A04,F28,F28.08,Benefits Tracking,report,AGG-02-PERFORMANCE,SGP-PERFORMANCE-TARGET,Benefits Performance,execute,command,false,false,true,AGG-26-TRANSFORMATION
F29.01.A01,F29,F29.01,Process Architecture,Define process hierarchy,AGG-26-PROCESS,PROC-ENTERPRISE-PROCESS,Enterprise Process,create,command,false,false,true,
F29.01.A02,F29,F29.01,Process Architecture,assign process IDs,AGG-26-PROCESS,PROC-ENTERPRISE-PROCESS,Enterprise Process,allocate,command,false,false,true,
F29.01.A03,F29,F29.01,Process Architecture,map relationships,AGG-26-PROCESS,PROC-ENTERPRISE-PROCESS,Enterprise Process,analyse,query,false,false,false,
F29.02.A01,F29,F29.02,Process Ownership,Appoint owner,AGG-26-PROCESS,PROC-ENTERPRISE-PROCESS,Enterprise Process,create,command,false,false,true,
F29.02.A02,F29,F29.02,Process Ownership,define accountability,AGG-26-PROCESS,PROC-ENTERPRISE-PROCESS,Enterprise Process,create,command,false,false,true,
F29.02.A03,F29,F29.02,Process Ownership,establish governance,AGG-26-PROCESS,PROC-ENTERPRISE-PROCESS,Enterprise Process,create,command,false,false,true,
F29.03.A01,F29,F29.03,Process Modelling,Discover process,AGG-26-PROCESS,PROC-MODEL,Process Model / Redesign,analyse,query,false,false,false,
F29.03.A02,F29,F29.03,Process Modelling,map current state,AGG-26-PROCESS,PROC-MODEL,Process Model / Redesign,analyse,query,false,false,false,
F29.03.A03,F29,F29.03,Process Modelling,document inputs/outputs/controls,AGG-26-PROCESS,PROC-MODEL,Process Model / Redesign,record,command,false,false,true,
F29.04.A01,F29,F29.04,Process Analysis,Measure cycle time,AGG-26-ANALYSIS,PROC-ANALYSIS,Process Analysis / Measure,monitor,query,false,false,false,AGG-02-PERFORMANCE|AGG-26-PROCESS
F29.04.A02,F29,F29.04,Process Analysis,cost,AGG-26-ANALYSIS,PROC-ANALYSIS,Process Analysis / Measure,analyse,query,false,false,false,AGG-02-PERFORMANCE|AGG-26-PROCESS
F29.04.A03,F29,F29.04,Process Analysis,defects,AGG-26-ANALYSIS,PROC-ANALYSIS,Process Analysis / Measure,analyse,query,false,false,false,AGG-02-PERFORMANCE|AGG-26-PROCESS
F29.04.A04,F29,F29.04,Process Analysis,hand-offs,AGG-26-ANALYSIS,PROC-ANALYSIS,Process Analysis / Measure,analyse,query,false,false,false,AGG-02-PERFORMANCE|AGG-26-PROCESS
F29.04.A05,F29,F29.04,Process Analysis,bottlenecks,AGG-26-ANALYSIS,PROC-ANALYSIS,Process Analysis / Measure,analyse,query,false,false,false,AGG-02-PERFORMANCE|AGG-26-PROCESS
F29.05.A01,F29,F29.05,Process Redesign,Design future state,AGG-26-PROCESS,PROC-MODEL,Process Model / Redesign,execute,command,false,false,true,
F29.05.A02,F29,F29.05,Process Redesign,eliminate waste,AGG-26-PROCESS,PROC-MODEL,Process Model / Redesign,execute,command,false,false,true,
F29.05.A03,F29,F29.05,Process Redesign,simplify,AGG-26-PROCESS,PROC-MODEL,Process Model / Redesign,execute,command,false,false,true,
F29.05.A04,F29,F29.05,Process Redesign,standardise,AGG-26-PROCESS,PROC-MODEL,Process Model / Redesign,execute,command,false,false,true,
F29.06.A01,F29,F29.06,SOP Management,Draft procedure,AGG-07-INFORMATION,CBO-INFORMATION-CONTAINER,Controlled SOP,create,command,false,false,true,AGG-26-PROCESS
F29.06.A02,F29,F29.06,SOP Management,review,AGG-07-INFORMATION,CBO-INFORMATION-CONTAINER,Controlled SOP,review,command,false,false,true,AGG-26-PROCESS
F29.06.A03,F29,F29.06,SOP Management,approve,AGG-07-INFORMATION,CBO-INFORMATION-CONTAINER,Controlled SOP,approve,command,true,true,true,AGG-26-PROCESS
F29.06.A04,F29,F29.06,SOP Management,publish,AGG-07-INFORMATION,CBO-INFORMATION-CONTAINER,Controlled SOP,publish,command,true,true,true,AGG-26-PROCESS
F29.06.A05,F29,F29.06,SOP Management,revise,AGG-07-INFORMATION,CBO-INFORMATION-CONTAINER,Controlled SOP,change,command,false,false,true,AGG-26-PROCESS
F29.07.A01,F29,F29.07,Workflow Automation,Identify automation opportunity,AGG-27-WORKFLOW,WORK-WORKFLOW-INSTANCE,Workflow / Automation,analyse,query,false,false,false,AGG-26-PROCESS
F29.07.A02,F29,F29.07,Workflow Automation,configure workflow,AGG-27-WORKFLOW,WORK-WORKFLOW-INSTANCE,Workflow / Automation,configure,command,false,false,true,AGG-26-PROCESS
F29.07.A03,F29,F29.07,Workflow Automation,test,AGG-27-WORKFLOW,WORK-WORKFLOW-INSTANCE,Workflow / Automation,review,command,false,false,true,AGG-26-PROCESS
F29.07.A04,F29,F29.07,Workflow Automation,deploy,AGG-27-WORKFLOW,WORK-WORKFLOW-INSTANCE,Workflow / Automation,execute,command,false,false,true,AGG-26-PROCESS
F29.08.A01,F29,F29.08,Continuous Improvement,Capture idea,AGG-26-IMPROVEMENT-OPPORTUNITY,PROC-IMPROVEMENT-OPPORTUNITY,Improvement Opportunity,create,command,false,false,true,AGG-26-PROCESS
F29.08.A02,F29,F29.08,Continuous Improvement,evaluate,AGG-26-IMPROVEMENT-OPPORTUNITY,PROC-IMPROVEMENT-OPPORTUNITY,Improvement Opportunity,review,command,false,false,true,AGG-26-PROCESS
F29.08.A03,F29,F29.08,Continuous Improvement,implement,AGG-26-IMPROVEMENT-OPPORTUNITY,PROC-IMPROVEMENT-OPPORTUNITY,Improvement Opportunity,execute,command,false,false,true,AGG-26-PROCESS
F29.08.A04,F29,F29.08,Continuous Improvement,measure result,AGG-26-IMPROVEMENT-OPPORTUNITY,PROC-IMPROVEMENT-OPPORTUNITY,Improvement Opportunity,monitor,query,false,false,false,AGG-26-PROCESS
F29.09.A01,F29,F29.09,Process Compliance,Monitor execution,AGG-21-ASSESSMENT,COMP-ASSESSMENT,Compliance Assessment,monitor,query,false,false,false,AGG-26-PROCESS|AGG-21-CONTROL
F29.09.A02,F29,F29.09,Process Compliance,detect deviation,AGG-21-ASSESSMENT,COMP-ASSESSMENT,Compliance Assessment,execute,command,false,false,true,AGG-26-PROCESS|AGG-21-CONTROL
F29.09.A03,F29,F29.09,Process Compliance,investigate,AGG-21-ASSESSMENT,COMP-ASSESSMENT,Compliance Assessment,analyse,query,false,false,false,AGG-26-PROCESS|AGG-21-CONTROL
F29.09.A04,F29,F29.09,Process Compliance,remediate,AGG-21-ASSESSMENT,COMP-ASSESSMENT,Compliance Assessment,execute,command,false,false,true,AGG-26-PROCESS|AGG-21-CONTROL
F29.10.A01,F29,F29.10,Process Performance,Define KPI,AGG-26-ANALYSIS,PROC-ANALYSIS,Process Analysis / Measure,create,command,false,false,true,AGG-02-PERFORMANCE|AGG-26-PROCESS
F29.10.A02,F29,F29.10,Process Performance,collect data,AGG-26-ANALYSIS,PROC-ANALYSIS,Process Analysis / Measure,receive,command,false,false,true,AGG-02-PERFORMANCE|AGG-26-PROCESS
F29.10.A03,F29,F29.10,Process Performance,analyse performance,AGG-26-ANALYSIS,PROC-ANALYSIS,Process Analysis / Measure,analyse,query,false,false,false,AGG-02-PERFORMANCE|AGG-26-PROCESS
F29.10.A04,F29,F29.10,Process Performance,initiate improvement,AGG-26-ANALYSIS,PROC-ANALYSIS,Process Analysis / Measure,create,command,false,false,true,AGG-02-PERFORMANCE|AGG-26-PROCESS
