source_job_profile_id,source_title,source_level,job_family_id,function_ids,subfunction_ids,source_activity_count,candidate_expected_outputs,employment_archetype_ids,employment_archetype_titles,observed_mapping_states,reconciliation_state,reconciliation_rationale,next_action
JP-F01-FUNCTION-LEAD,Head of Strategy & Enterprise Planning,head,JF-F01,F01,F01.01|F01.02|F01.03|F01.04|F01.05|F01.06|F01.07|F01.08,41,"Strategy & Enterprise Planning strategy and operating plan | Function policies, standards and governance decisions | Resource and investment priorities | Performance, risk and assurance reporting | Improvement and capability roadmap",,,,reconciled-retain-employment-profile-head,The generated function-lead profile represents a coherent reusable senior leadership employment role accountable across the function. Retain as a candidate Job Profile; its function scope defines accountability provenance and does not grant permissions or delegated authority.,decompose-head-role-work-products-governance-decisions-performance-and-handoffs
JP-F01.01-PROFESSIONAL,Strategy & Purpose Specialist,professional,JF-F01,F01,F01.01,5,"Vision & Purpose plans, decisions and controlled records | Accurate evidence of completed work and approvals | Performance, exception and corrective-action information",,,,candidate-unreconciled-source-profile,No Wave 1-4 employment archetype currently references this function-derived source profile.,assess-retain-compose-or-functional-role-provenance
JP-F01.02-PROFESSIONAL,Strategic Analysis Specialist,professional,JF-F01,F01,F01.02,6,"Environmental Analysis plans, decisions and controlled records | Accurate evidence of completed work and approvals | Performance, exception and corrective-action information",,,,candidate-unreconciled-source-profile,No Wave 1-4 employment archetype currently references this function-derived source profile.,assess-retain-compose-or-functional-role-provenance
JP-F01.03-PROFESSIONAL,Strategic Planning Manager,professional,JF-F01,F01,F01.03,5,"Strategic Planning plans, decisions and controlled records | Accurate evidence of completed work and approvals | Performance, exception and corrective-action information",,,,candidate-unreconciled-source-profile,No Wave 1-4 employment archetype currently references this function-derived source profile.,assess-retain-compose-or-functional-role-provenance
JP-F01.04-PROFESSIONAL,Business Planning Manager,professional,JF-F01,F01,F01.04,5,"Business Planning plans, decisions and controlled records | Accurate evidence of completed work and approvals | Performance, exception and corrective-action information",,,,candidate-unreconciled-source-profile,No Wave 1-4 employment archetype currently references this function-derived source profile.,assess-retain-compose-or-functional-role-provenance
JP-F01.05-PROFESSIONAL,Operating Model Specialist,professional,JF-F01,F01,F01.05,5,"Operating Model plans, decisions and controlled records | Accurate evidence of completed work and approvals | Performance, exception and corrective-action information",,,,candidate-unreconciled-source-profile,No Wave 1-4 employment archetype currently references this function-derived source profile.,assess-retain-compose-or-functional-role-provenance
JP-F01.06-PROFESSIONAL,Performance & KPI Manager,professional,JF-F01,F01,F01.06,6,"Goal & KPI Management plans, decisions and controlled records | Accurate evidence of completed work and approvals | Performance, exception and corrective-action information",,,,candidate-unreconciled-source-profile,No Wave 1-4 employment archetype currently references this function-derived source profile.,assess-retain-compose-or-functional-role-provenance
JP-F01.07-PROFESSIONAL,Strategy Performance Manager,professional,JF-F01,F01,F01.07,5,"Strategic Review plans, decisions and controlled records | Accurate evidence of completed work and approvals | Performance, exception and corrective-action information",,,,candidate-unreconciled-source-profile,No Wave 1-4 employment archetype currently references this function-derived source profile.,assess-retain-compose-or-functional-role-provenance
JP-F01.08-PROFESSIONAL,Scenario & Foresight Specialist,professional,JF-F01,F01,F01.08,4,"Scenario & Foresight Planning plans, decisions and controlled records | Accurate evidence of completed work and approvals | Performance, exception and corrective-action information",,,,candidate-unreconciled-source-profile,No Wave 1-4 employment archetype currently references this function-derived source profile.,assess-retain-compose-or-functional-role-provenance
JP-F02-FUNCTION-LEAD,Head of Corporate Governance,head,JF-F02,F02,F02.01|F02.02|F02.03|F02.04|F02.05|F02.06|F02.07,31,"Corporate Governance strategy and operating plan | Function policies, standards and governance decisions | Resource and investment priorities | Performance, risk and assurance reporting | Improvement and capability roadmap",,,,reconciled-retain-employment-profile-head,The generated function-lead profile represents a coherent reusable senior leadership employment role accountable across the function. Retain as a candidate Job Profile; its function scope defines accountability provenance and does not grant permissions or delegated authority.,decompose-head-role-work-products-governance-decisions-performance-and-handoffs
JP-F02.01-PROFESSIONAL,Board Governance Manager,professional,JF-F02,F02,F02.01,5,"Board Governance plans, decisions and controlled records | Accurate evidence of completed work and approvals | Performance, exception and corrective-action information",,,,candidate-unreconciled-source-profile,No Wave 1-4 employment archetype currently references this function-derived source profile.,assess-retain-compose-or-functional-role-provenance
JP-F02.02-PROFESSIONAL,Governance Framework Specialist,professional,JF-F02,F02,F02.02,4,"Governance Framework plans, decisions and controlled records | Accurate evidence of completed work and approvals | Performance, exception and corrective-action information",,,,candidate-unreconciled-source-profile,No Wave 1-4 employment archetype currently references this function-derived source profile.,assess-retain-compose-or-functional-role-provenance
JP-F02.03-PROFESSIONAL,Delegation of Authority Specialist,professional,JF-F02,F02,F02.03,4,"Delegation of Authority plans, decisions and controlled records | Accurate evidence of completed work and approvals | Performance, exception and corrective-action information",,,,candidate-unreconciled-source-profile,No Wave 1-4 employment archetype currently references this function-derived source profile.,assess-retain-compose-or-functional-role-provenance
JP-F02.04-PROFESSIONAL,Executive Governance Manager,professional,JF-F02,F02,F02.04,4,"Executive Management plans, decisions and controlled records | Accurate evidence of completed work and approvals | Performance, exception and corrective-action information",,,,candidate-unreconciled-source-profile,No Wave 1-4 employment archetype currently references this function-derived source profile.,assess-retain-compose-or-functional-role-provenance
JP-F02.05-PROFESSIONAL,Committee Governance Specialist,professional,JF-F02,F02,F02.05,5,"Committee Governance plans, decisions and controlled records | Accurate evidence of completed work and approvals | Performance, exception and corrective-action information",,,,candidate-unreconciled-source-profile,No Wave 1-4 employment archetype currently references this function-derived source profile.,assess-retain-compose-or-functional-role-provenance
JP-F02.06-PROFESSIONAL,Policy Governance Specialist,professional,JF-F02,F02,F02.06,5,"Policy Governance plans, decisions and controlled records | Accurate evidence of completed work and approvals | Performance, exception and corrective-action information",,,,candidate-unreconciled-source-profile,No Wave 1-4 employment archetype currently references this function-derived source profile.,assess-retain-compose-or-functional-role-provenance
JP-F02.07-PROFESSIONAL,Ethics Governance Specialist,professional,JF-F02,F02,F02.07,4,"Ethics Governance plans, decisions and controlled records | Accurate evidence of completed work and approvals | Performance, exception and corrective-action information",,,,candidate-unreconciled-source-profile,No Wave 1-4 employment archetype currently references this function-derived source profile.,assess-retain-compose-or-functional-role-provenance
JP-F03-FUNCTION-LEAD,Head of Enterprise Performance,head,JF-F03,F03,F03.01|F03.02|F03.03|F03.04|F03.05|F03.06,24,"Enterprise Performance Management strategy and operating plan | Function policies, standards and governance decisions | Resource and investment priorities | Performance, risk and assurance reporting | Improvement and capability roadmap",,,,reconciled-retain-employment-profile-head,The generated function-lead profile represents a coherent reusable senior leadership employment role accountable across the function. Retain as a candidate Job Profile; its function scope defines accountability provenance and does not grant permissions or delegated authority.,decompose-head-role-work-products-governance-decisions-performance-and-handoffs
JP-F03.01-PROFESSIONAL,Performance Framework Specialist,professional,JF-F03,F03,F03.01,3,"Performance Framework plans, decisions and controlled records | Accurate evidence of completed work and approvals | Performance, exception and corrective-action information",,,,candidate-unreconciled-source-profile,No Wave 1-4 employment archetype currently references this function-derived source profile.,assess-retain-compose-or-functional-role-provenance
JP-F03.02-PROFESSIONAL,Performance Reporting Specialist,professional,JF-F03,F03,F03.02,4,"Performance Reporting plans, decisions and controlled records | Accurate evidence of completed work and approvals | Performance, exception and corrective-action information",,,,candidate-unreconciled-source-profile,No Wave 1-4 employment archetype currently references this function-derived source profile.,assess-retain-compose-or-functional-role-provenance
JP-F03.03-PROFESSIONAL,Variance Manager,professional,JF-F03,F03,F03.03,4,"Variance Management plans, decisions and controlled records | Accurate evidence of completed work and approvals | Performance, exception and corrective-action information",,,,candidate-unreconciled-source-profile,No Wave 1-4 employment archetype currently references this function-derived source profile.,assess-retain-compose-or-functional-role-provenance
JP-F03.04-PROFESSIONAL,Management Review Specialist,professional,JF-F03,F03,F03.04,4,"Management Review plans, decisions and controlled records | Accurate evidence of completed work and approvals | Performance, exception and corrective-action information",,,,candidate-unreconciled-source-profile,No Wave 1-4 employment archetype currently references this function-derived source profile.,assess-retain-compose-or-functional-role-provenance
JP-F03.05-PROFESSIONAL,Benchmarking Specialist,professional,JF-F03,F03,F03.05,4,"Benchmarking plans, decisions and controlled records | Accurate evidence of completed work and approvals | Performance, exception and corrective-action information",,,,candidate-unreconciled-source-profile,No Wave 1-4 employment archetype currently references this function-derived source profile.,assess-retain-compose-or-functional-role-provenance
JP-F03.06-PROFESSIONAL,Benefits Realisation Specialist,professional,JF-F03,F03,F03.06,5,"Benefits Realisation plans, decisions and controlled records | Accurate evidence of completed work and approvals | Performance, exception and corrective-action information",,,,candidate-unreconciled-source-profile,No Wave 1-4 employment archetype currently references this function-derived source profile.,assess-retain-compose-or-functional-role-provenance
JP-F04-FUNCTION-LEAD,Head of Corporate Development,head,JF-F04,F04,F04.01|F04.02|F04.03|F04.04|F04.05|F04.06|F04.07,33,"Corporate Development & M&A strategy and operating plan | Function policies, standards and governance decisions | Resource and investment priorities | Performance, risk and assurance reporting | Improvement and capability roadmap",,,,reconciled-retain-employment-profile-head,The generated function-lead profile represents a coherent reusable senior leadership employment role accountable across the function. Retain as a candidate Job Profile; its function scope defines accountability provenance and does not grant permissions or delegated authority.,decompose-head-role-work-products-governance-decisions-performance-and-handoffs
JP-F04.01-PROFESSIONAL,Opportunity Identification Specialist,professional,JF-F04,F04,F04.01,3,"Opportunity Identification plans, decisions and controlled records | Accurate evidence of completed work and approvals | Performance, exception and corrective-action information",,,,candidate-unreconciled-source-profile,No Wave 1-4 employment archetype currently references this function-derived source profile.,assess-retain-compose-or-functional-role-provenance
JP-F04.02-PROFESSIONAL,Valuation Specialist,professional,JF-F04,F04,F04.02,4,"Valuation plans, decisions and controlled records | Accurate evidence of completed work and approvals | Performance, exception and corrective-action information",,,,candidate-unreconciled-source-profile,No Wave 1-4 employment archetype currently references this function-derived source profile.,assess-retain-compose-or-functional-role-provenance
JP-F04.03-PROFESSIONAL,Due Diligence Specialist,professional,JF-F04,F04,F04.03,7,"Due Diligence plans, decisions and controlled records | Accurate evidence of completed work and approvals | Performance, exception and corrective-action information",,,,candidate-unreconciled-source-profile,No Wave 1-4 employment archetype currently references this function-derived source profile.,assess-retain-compose-or-functional-role-provenance
JP-F04.04-PROFESSIONAL,Transaction Manager,professional,JF-F04,F04,F04.04,5,"Transaction Management plans, decisions and controlled records | Accurate evidence of completed work and approvals | Performance, exception and corrective-action information",,,,candidate-unreconciled-source-profile,No Wave 1-4 employment archetype currently references this function-derived source profile.,assess-retain-compose-or-functional-role-provenance
JP-F04.05-PROFESSIONAL,Integration Specialist,professional,JF-F04,F04,F04.05,4,"Integration plans, decisions and controlled records | Accurate evidence of completed work and approvals | Performance, exception and corrective-action information",,,,candidate-unreconciled-source-profile,No Wave 1-4 employment archetype currently references this function-derived source profile.,assess-retain-compose-or-functional-role-provenance
JP-F04.06-PROFESSIONAL,Divestiture Specialist,professional,JF-F04,F04,F04.06,5,"Divestiture plans, decisions and controlled records | Accurate evidence of completed work and approvals | Performance, exception and corrective-action information",,,,candidate-unreconciled-source-profile,No Wave 1-4 employment archetype currently references this function-derived source profile.,assess-retain-compose-or-functional-role-provenance
JP-F04.07-PROFESSIONAL,Strategic Partnerships Specialist,professional,JF-F04,F04,F04.07,5,"Strategic Partnerships plans, decisions and controlled records | Accurate evidence of completed work and approvals | Performance, exception and corrective-action information",,,,candidate-unreconciled-source-profile,No Wave 1-4 employment archetype currently references this function-derived source profile.,assess-retain-compose-or-functional-role-provenance
JP-F05-FUNCTION-LEAD,"Head of Product, Service & Innovation",head,JF-F05,F05,F05.01|F05.02|F05.03|F05.04|F05.05|F05.06|F05.07|F05.08|F05.09|F05.10,46,"Product, Service & Innovation Management strategy and operating plan | Function policies, standards and governance decisions | Resource and investment priorities | Performance, risk and assurance reporting | Improvement and capability roadmap",,,,reconciled-retain-employment-profile-head,The generated function-lead profile represents a coherent reusable senior leadership employment role accountable across the function. Retain as a candidate Job Profile; its function scope defines accountability provenance and does not grant permissions or delegated authority.,decompose-head-role-work-products-governance-decisions-performance-and-handoffs
JP-F05.01-PROFESSIONAL,Portfolio Strategy Specialist,professional,JF-F05,F05,F05.01,5,"Portfolio Strategy plans, decisions and controlled records | Accurate evidence of completed work and approvals | Performance, exception and corrective-action information",,,,candidate-unreconciled-source-profile,No Wave 1-4 employment archetype currently references this function-derived source profile.,assess-retain-compose-or-functional-role-provenance
JP-F05.02-PROFESSIONAL,Customer & Market Insights Specialist,professional,JF-F05,F05,F05.02,4,"Market / Customer Needs plans, decisions and controlled records | Accurate evidence of completed work and approvals | Performance, exception and corrective-action information",,,,candidate-unreconciled-source-profile,No Wave 1-4 employment archetype currently references this function-derived source profile.,assess-retain-compose-or-functional-role-provenance
JP-F05.03-PROFESSIONAL,Product Innovation Specialist,professional,JF-F05,F05,F05.03,5,"Product / Service Ideation plans, decisions and controlled records | Accurate evidence of completed work and approvals | Performance, exception and corrective-action information",,,,candidate-unreconciled-source-profile,No Wave 1-4 employment archetype currently references this function-derived source profile.,assess-retain-compose-or-functional-role-provenance
JP-F05.04-PROFESSIONAL,Business Case Development Specialist,professional,JF-F05,F05,F05.04,5,"Business Case Development plans, decisions and controlled records | Accurate evidence of completed work and approvals | Performance, exception and corrective-action information",,,,candidate-unreconciled-source-profile,No Wave 1-4 employment archetype currently references this function-derived source profile.,assess-retain-compose-or-functional-role-provenance
JP-F05.05-PROFESSIONAL,Product / Service Designer,professional,JF-F05,F05,F05.05,5,"Product / Service Design plans, decisions and controlled records | Accurate evidence of completed work and approvals | Performance, exception and corrective-action information",,,,candidate-unreconciled-source-profile,No Wave 1-4 employment archetype currently references this function-derived source profile.,assess-retain-compose-or-functional-role-provenance
JP-F05.06-PROFESSIONAL,Development Specialist,professional,JF-F05,F05,F05.06,4,"Development plans, decisions and controlled records | Accurate evidence of completed work and approvals | Performance, exception and corrective-action information",,,,candidate-unreconciled-source-profile,No Wave 1-4 employment archetype currently references this function-derived source profile.,assess-retain-compose-or-functional-role-provenance
JP-F05.07-PROFESSIONAL,Launch Manager,professional,JF-F05,F05,F05.07,5,"Launch Management plans, decisions and controlled records | Accurate evidence of completed work and approvals | Performance, exception and corrective-action information",,,,candidate-unreconciled-source-profile,No Wave 1-4 employment archetype currently references this function-derived source profile.,assess-retain-compose-or-functional-role-provenance
JP-F05.08-PROFESSIONAL,Lifecycle Manager,professional,JF-F05,F05,F05.08,4,"Lifecycle Management plans, decisions and controlled records | Accurate evidence of completed work and approvals | Performance, exception and corrective-action information",,,,candidate-unreconciled-source-profile,No Wave 1-4 employment archetype currently references this function-derived source profile.,assess-retain-compose-or-functional-role-provenance
JP-F05.09-PROFESSIONAL,Product Retirement Specialist,professional,JF-F05,F05,F05.09,5,"Product Retirement plans, decisions and controlled records | Accurate evidence of completed work and approvals | Performance, exception and corrective-action information",,,,candidate-unreconciled-source-profile,No Wave 1-4 employment archetype currently references this function-derived source profile.,assess-retain-compose-or-functional-role-provenance
JP-F05.10-PROFESSIONAL,Innovation Manager,professional,JF-F05,F05,F05.10,4,"Innovation Management plans, decisions and controlled records | Accurate evidence of completed work and approvals | Performance, exception and corrective-action information",,,,candidate-unreconciled-source-profile,No Wave 1-4 employment archetype currently references this function-derived source profile.,assess-retain-compose-or-functional-role-provenance
JP-F06-FUNCTION-LEAD,Head of Marketing & Brand,head,JF-F06,F06,F06.01|F06.02|F06.03|F06.04|F06.05|F06.06|F06.07|F06.08|F06.09|F06.10|F06.11,53,"Marketing & Brand strategy and operating plan | Function policies, standards and governance decisions | Resource and investment priorities | Performance, risk and assurance reporting | Improvement and capability roadmap",,,,reconciled-retain-employment-profile-head,The generated function-lead profile represents a coherent reusable senior leadership employment role accountable across the function. Retain as a candidate Job Profile; its function scope defines accountability provenance and does not grant permissions or delegated authority.,decompose-head-role-work-products-governance-decisions-performance-and-handoffs
JP-F06.01-PROFESSIONAL,Market Intelligence Specialist,professional,JF-F06,F06,F06.01,4,"Market Intelligence plans, decisions and controlled records | Accurate evidence of completed work and approvals | Performance, exception and corrective-action information",,,,candidate-unreconciled-source-profile,No Wave 1-4 employment archetype currently references this function-derived source profile.,assess-retain-compose-or-functional-role-provenance
JP-F06.02-PROFESSIONAL,Customer Segmentation Specialist,professional,JF-F06,F06,F06.02,4,"Customer Segmentation plans, decisions and controlled records | Accurate evidence of completed work and approvals | Performance, exception and corrective-action information",,,,candidate-unreconciled-source-profile,No Wave 1-4 employment archetype currently references this function-derived source profile.,assess-retain-compose-or-functional-role-provenance
JP-F06.03-PROFESSIONAL,Brand Manager,professional,JF-F06,F06,F06.03,4,"Brand Management plans, decisions and controlled records | Accurate evidence of completed work and approvals | Performance, exception and corrective-action information",,,,candidate-unreconciled-source-profile,No Wave 1-4 employment archetype currently references this function-derived source profile.,assess-retain-compose-or-functional-role-provenance
JP-F06.04-PROFESSIONAL,Marketing Strategy Specialist,professional,JF-F06,F06,F06.04,4,"Marketing Strategy plans, decisions and controlled records | Accurate evidence of completed work and approvals | Performance, exception and corrective-action information",,,,candidate-unreconciled-source-profile,No Wave 1-4 employment archetype currently references this function-derived source profile.,assess-retain-compose-or-functional-role-provenance
JP-F06.05-PROFESSIONAL,Campaign Manager,professional,JF-F06,F06,F06.05,6,"Campaign Management plans, decisions and controlled records | Accurate evidence of completed work and approvals | Performance, exception and corrective-action information",,,,candidate-unreconciled-source-profile,No Wave 1-4 employment archetype currently references this function-derived source profile.,assess-retain-compose-or-functional-role-provenance
JP-F06.06-PROFESSIONAL,Digital Marketing Specialist,professional,JF-F06,F06,F06.06,6,"Digital Marketing plans, decisions and controlled records | Accurate evidence of completed work and approvals | Performance, exception and corrective-action information",,,,candidate-unreconciled-source-profile,No Wave 1-4 employment archetype currently references this function-derived source profile.,assess-retain-compose-or-functional-role-provenance
JP-F06.07-PROFESSIONAL,Content Marketing Specialist,professional,JF-F06,F06,F06.07,5,"Content Marketing plans, decisions and controlled records | Accurate evidence of completed work and approvals | Performance, exception and corrective-action information",,,,candidate-unreconciled-source-profile,No Wave 1-4 employment archetype currently references this function-derived source profile.,assess-retain-compose-or-functional-role-provenance
JP-F06.08-PROFESSIONAL,Events Specialist,professional,JF-F06,F06,F06.08,5,"Events plans, decisions and controlled records | Accurate evidence of completed work and approvals | Performance, exception and corrective-action information",,,,candidate-unreconciled-source-profile,No Wave 1-4 employment archetype currently references this function-derived source profile.,assess-retain-compose-or-functional-role-provenance
JP-F06.09-PROFESSIONAL,Demand Generation Specialist,professional,JF-F06,F06,F06.09,5,"Lead Generation plans, decisions and controlled records | Accurate evidence of completed work and approvals | Performance, exception and corrective-action information",,,,candidate-unreconciled-source-profile,No Wave 1-4 employment archetype currently references this function-derived source profile.,assess-retain-compose-or-functional-role-provenance
JP-F06.10-PROFESSIONAL,Marketing Analyst,professional,JF-F06,F06,F06.10,6,"Marketing Analytics plans, decisions and controlled records | Accurate evidence of completed work and approvals | Performance, exception and corrective-action information",,,,candidate-unreconciled-source-profile,No Wave 1-4 employment archetype currently references this function-derived source profile.,assess-retain-compose-or-functional-role-provenance
JP-F06.11-PROFESSIONAL,Market Communications Specialist,professional,JF-F06,F06,F06.11,4,"Market Communications plans, decisions and controlled records | Accurate evidence of completed work and approvals | Performance, exception and corrective-action information",,,,candidate-unreconciled-source-profile,No Wave 1-4 employment archetype currently references this function-derived source profile.,assess-retain-compose-or-functional-role-provenance
JP-F07-FUNCTION-LEAD,Head of Sales & Commercial,head,JF-F07,F07,F07.01|F07.02|F07.03|F07.04|F07.05|F07.06|F07.07|F07.08|F07.09|F07.10|F07.11|F07.12|F07.13,66,"Sales & Commercial Management strategy and operating plan | Function policies, standards and governance decisions | Resource and investment priorities | Performance, risk and assurance reporting | Improvement and capability roadmap",,,,reconciled-retain-employment-profile-head,The generated function-lead profile represents a coherent reusable senior leadership employment role accountable across the function. Retain as a candidate Job Profile; its function scope defines accountability provenance and does not grant permissions or delegated authority.,decompose-head-role-work-products-governance-decisions-performance-and-handoffs
JP-F07.01-PROFESSIONAL,Sales Strategy Specialist,professional,JF-F07,F07,F07.01,6,"Sales Strategy plans, decisions and controlled records | Accurate evidence of completed work and approvals | Performance, exception and corrective-action information",,,,candidate-unreconciled-source-profile,No Wave 1-4 employment archetype currently references this function-derived source profile.,assess-retain-compose-or-functional-role-provenance
JP-F07.02-PROFESSIONAL,Account Manager,professional,JF-F07,F07,F07.02,4,"Account Management plans, decisions and controlled records | Accurate evidence of completed work and approvals | Performance, exception and corrective-action information",,,,candidate-unreconciled-source-profile,No Wave 1-4 employment archetype currently references this function-derived source profile.,assess-retain-compose-or-functional-role-provenance
JP-F07.03-PROFESSIONAL,Business Development Manager,professional,JF-F07,F07,F07.03,6,"Opportunity Management plans, decisions and controlled records | Accurate evidence of completed work and approvals | Performance, exception and corrective-action information",,,,candidate-unreconciled-source-profile,No Wave 1-4 employment archetype currently references this function-derived source profile.,assess-retain-compose-or-functional-role-provenance
JP-F07.04-PROFESSIONAL,Pipeline Manager,professional,JF-F07,F07,F07.04,4,"Pipeline Management plans, decisions and controlled records | Accurate evidence of completed work and approvals | Performance, exception and corrective-action information",,,,candidate-unreconciled-source-profile,No Wave 1-4 employment archetype currently references this function-derived source profile.,assess-retain-compose-or-functional-role-provenance
JP-F07.05-PROFESSIONAL,Pricing Specialist,professional,JF-F07,F07,F07.05,5,"Pricing plans, decisions and controlled records | Accurate evidence of completed work and approvals | Performance, exception and corrective-action information",,,,candidate-unreconciled-source-profile,No Wave 1-4 employment archetype currently references this function-derived source profile.,assess-retain-compose-or-functional-role-provenance
JP-F07.06-PROFESSIONAL,Quotation Specialist,professional,JF-F07,F07,F07.06,5,"Quotation plans, decisions and controlled records | Accurate evidence of completed work and approvals | Performance, exception and corrective-action information",,,,candidate-unreconciled-source-profile,No Wave 1-4 employment archetype currently references this function-derived source profile.,assess-retain-compose-or-functional-role-provenance
JP-F07.07-PROFESSIONAL,Bid & Proposal Manager,professional,JF-F07,F07,F07.07,5,"Proposal / Bid Management plans, decisions and controlled records | Accurate evidence of completed work and approvals | Performance, exception and corrective-action information",,,,candidate-unreconciled-source-profile,No Wave 1-4 employment archetype currently references this function-derived source profile.,assess-retain-compose-or-functional-role-provenance
JP-F07.08-PROFESSIONAL,Contract Negotiation Specialist,professional,JF-F07,F07,F07.08,6,"Contract Negotiation plans, decisions and controlled records | Accurate evidence of completed work and approvals | Performance, exception and corrective-action information",JOB-CCM,Construction Contracts Manager,candidate-multi-profile-composition,reconciled-retain-and-compose,The source title represents a plausible standalone employment role. Retain it as a candidate Job Profile while allowing its Functional Role/accountabilities to be composed into broader employment jobs evidenced by Waves 1-4.,validate-own-work-products-and-functional-role-reuse
JP-F07.09-PROFESSIONAL,Sales Order Manager,professional,JF-F07,F07,F07.09,6,"Sales Order Management plans, decisions and controlled records | Accurate evidence of completed work and approvals | Performance, exception and corrective-action information",,,,candidate-unreconciled-source-profile,No Wave 1-4 employment archetype currently references this function-derived source profile.,assess-retain-compose-or-functional-role-provenance
JP-F07.10-PROFESSIONAL,Channel / Partner Sales Specialist,professional,JF-F07,F07,F07.10,5,"Channel / Partner Sales plans, decisions and controlled records | Accurate evidence of completed work and approvals | Performance, exception and corrective-action information",,,,candidate-unreconciled-source-profile,No Wave 1-4 employment archetype currently references this function-derived source profile.,assess-retain-compose-or-functional-role-provenance
JP-F07.11-PROFESSIONAL,Sales Compensation Specialist,professional,JF-F07,F07,F07.11,4,"Sales Compensation plans, decisions and controlled records | Accurate evidence of completed work and approvals | Performance, exception and corrective-action information",,,,candidate-unreconciled-source-profile,No Wave 1-4 employment archetype currently references this function-derived source profile.,assess-retain-compose-or-functional-role-provenance
JP-F07.12-PROFESSIONAL,Sales Forecasting Specialist,professional,JF-F07,F07,F07.12,4,"Sales Forecasting plans, decisions and controlled records | Accurate evidence of completed work and approvals | Performance, exception and corrective-action information",,,,candidate-unreconciled-source-profile,No Wave 1-4 employment archetype currently references this function-derived source profile.,assess-retain-compose-or-functional-role-provenance
JP-F07.13-PROFESSIONAL,Sales Performance Specialist,professional,JF-F07,F07,F07.13,6,"Sales Performance plans, decisions and controlled records | Accurate evidence of completed work and approvals | Performance, exception and corrective-action information",,,,candidate-unreconciled-source-profile,No Wave 1-4 employment archetype currently references this function-derived source profile.,assess-retain-compose-or-functional-role-provenance
JP-F08-FUNCTION-LEAD,Head of Customer Experience & Success,head,JF-F08,F08,F08.01|F08.02|F08.03|F08.04|F08.05|F08.06|F08.07|F08.08|F08.09|F08.10|F08.11|F08.12,56,"Customer Service, Experience & Success strategy and operating plan | Function policies, standards and governance decisions | Resource and investment priorities | Performance, risk and assurance reporting | Improvement and capability roadmap",,,,reconciled-retain-employment-profile-head,The generated function-lead profile represents a coherent reusable senior leadership employment role accountable across the function. Retain as a candidate Job Profile; its function scope defines accountability provenance and does not grant permissions or delegated authority.,decompose-head-role-work-products-governance-decisions-performance-and-handoffs
JP-F08.01-PROFESSIONAL,Customer Onboarding Specialist,professional,JF-F08,F08,F08.01,5,"Customer Onboarding plans, decisions and controlled records | Accurate evidence of completed work and approvals | Performance, exception and corrective-action information",,,,candidate-unreconciled-source-profile,No Wave 1-4 employment archetype currently references this function-derived source profile.,assess-retain-compose-or-functional-role-provenance
JP-F08.02-PROFESSIONAL,Customer Enquiry Manager,professional,JF-F08,F08,F08.02,6,"Customer Enquiry Management plans, decisions and controlled records | Accurate evidence of completed work and approvals | Performance, exception and corrective-action information",,,,candidate-unreconciled-source-profile,No Wave 1-4 employment archetype currently references this function-derived source profile.,assess-retain-compose-or-functional-role-provenance
JP-F08.03-PROFESSIONAL,Case Manager,professional,JF-F08,F08,F08.03,6,"Case Management plans, decisions and controlled records | Accurate evidence of completed work and approvals | Performance, exception and corrective-action information",,,,candidate-unreconciled-source-profile,No Wave 1-4 employment archetype currently references this function-derived source profile.,assess-retain-compose-or-functional-role-provenance
JP-F08.04-PROFESSIONAL,Complaint Manager,professional,JF-F08,F08,F08.04,5,"Complaint Management plans, decisions and controlled records | Accurate evidence of completed work and approvals | Performance, exception and corrective-action information",,,,candidate-unreconciled-source-profile,No Wave 1-4 employment archetype currently references this function-derived source profile.,assess-retain-compose-or-functional-role-provenance
JP-F08.05-PROFESSIONAL,Technical Support Specialist,professional,JF-F08,F08,F08.05,5,"Technical Support plans, decisions and controlled records | Accurate evidence of completed work and approvals | Performance, exception and corrective-action information",,,,candidate-unreconciled-source-profile,No Wave 1-4 employment archetype currently references this function-derived source profile.,assess-retain-compose-or-functional-role-provenance
JP-F08.06-PROFESSIONAL,Returns & Refunds Specialist,professional,JF-F08,F08,F08.06,5,"Returns / Refunds plans, decisions and controlled records | Accurate evidence of completed work and approvals | Performance, exception and corrective-action information",,,,candidate-unreconciled-source-profile,No Wave 1-4 employment archetype currently references this function-derived source profile.,assess-retain-compose-or-functional-role-provenance
JP-F08.07-PROFESSIONAL,Warranty Specialist,professional,JF-F08,F08,F08.07,4,"Warranty plans, decisions and controlled records | Accurate evidence of completed work and approvals | Performance, exception and corrective-action information",,,,candidate-unreconciled-source-profile,No Wave 1-4 employment archetype currently references this function-derived source profile.,assess-retain-compose-or-functional-role-provenance
JP-F08.08-PROFESSIONAL,Customer Success Specialist,professional,JF-F08,F08,F08.08,4,"Customer Success plans, decisions and controlled records | Accurate evidence of completed work and approvals | Performance, exception and corrective-action information",,,,candidate-unreconciled-source-profile,No Wave 1-4 employment archetype currently references this function-derived source profile.,assess-retain-compose-or-functional-role-provenance
JP-F08.09-PROFESSIONAL,Information Retention Specialist,professional,JF-F08,F08,F08.09,4,"Retention plans, decisions and controlled records | Accurate evidence of completed work and approvals | Performance, exception and corrective-action information",,,,reconciled-retain-with-corrected-title,"Source title is semantically wrong: F08.09 activities identify churn risk, develop retention offers, engage customers and monitor outcomes. This is customer retention, not information retention.",retain-functional-role-and-use-customer-retention-title
JP-F08.10-PROFESSIONAL,Customer Feedback Specialist,professional,JF-F08,F08,F08.10,4,"Customer Feedback plans, decisions and controlled records | Accurate evidence of completed work and approvals | Performance, exception and corrective-action information",,,,candidate-unreconciled-source-profile,No Wave 1-4 employment archetype currently references this function-derived source profile.,assess-retain-compose-or-functional-role-provenance
JP-F08.11-PROFESSIONAL,Customer Knowledge Manager,professional,JF-F08,F08,F08.11,4,"Customer Knowledge plans, decisions and controlled records | Accurate evidence of completed work and approvals | Performance, exception and corrective-action information",,,,candidate-unreconciled-source-profile,No Wave 1-4 employment archetype currently references this function-derived source profile.,assess-retain-compose-or-functional-role-provenance
JP-F08.12-PROFESSIONAL,Service-level Manager,professional,JF-F08,F08,F08.12,4,"Service-level Management plans, decisions and controlled records | Accurate evidence of completed work and approvals | Performance, exception and corrective-action information",,,,candidate-unreconciled-source-profile,No Wave 1-4 employment archetype currently references this function-derived source profile.,assess-retain-compose-or-functional-role-provenance
JP-F09-FUNCTION-LEAD,Head of Procurement & Supplier Management,head,JF-F09,F09,F09.01|F09.02|F09.03|F09.04|F09.05|F09.06|F09.07|F09.08|F09.09|F09.10|F09.11|F09.12|F09.13,57,"Procurement & Supplier Management strategy and operating plan | Function policies, standards and governance decisions | Resource and investment priorities | Performance, risk and assurance reporting | Improvement and capability roadmap",JOB-PROC,Procurement Manager,candidate-multi-profile-composition,reconciled-retain-and-compose,The source title represents a plausible standalone employment role. Retain it as a candidate Job Profile while allowing its Functional Role/accountabilities to be composed into broader employment jobs evidenced by Waves 1-4.,validate-own-work-products-and-functional-role-reuse
JP-F09.01-PROFESSIONAL,Procurement Strategy Manager,professional,JF-F09,F09,F09.01,4,"Procurement Strategy plans, decisions and controlled records | Accurate evidence of completed work and approvals | Performance, exception and corrective-action information",JOB-PROC,Procurement Manager,candidate-multi-profile-composition,reconciled-retain-and-compose,The source title represents a plausible standalone employment role. Retain it as a candidate Job Profile while allowing its Functional Role/accountabilities to be composed into broader employment jobs evidenced by Waves 1-4.,validate-own-work-products-and-functional-role-reuse
JP-F09.02-PROFESSIONAL,Category Manager,professional,JF-F09,F09,F09.02,4,"Category Management plans, decisions and controlled records | Accurate evidence of completed work and approvals | Performance, exception and corrective-action information",,,,candidate-unreconciled-source-profile,No Wave 1-4 employment archetype currently references this function-derived source profile.,assess-retain-compose-or-functional-role-provenance
JP-F09.03-PROFESSIONAL,Supplier Sourcing Specialist,professional,JF-F09,F09,F09.03,4,"Supplier Discovery plans, decisions and controlled records | Accurate evidence of completed work and approvals | Performance, exception and corrective-action information",,,,candidate-unreconciled-source-profile,No Wave 1-4 employment archetype currently references this function-derived source profile.,assess-retain-compose-or-functional-role-provenance
JP-F09.04-PROFESSIONAL,Strategic Sourcing Specialist,professional,JF-F09,F09,F09.04,4,"Sourcing plans, decisions and controlled records | Accurate evidence of completed work and approvals | Performance, exception and corrective-action information",,,,candidate-unreconciled-source-profile,No Wave 1-4 employment archetype currently references this function-derived source profile.,assess-retain-compose-or-functional-role-provenance
JP-F09.05-PROFESSIONAL,Supplier Commercial Manager,professional,JF-F09,F09,F09.05,5,"Supplier Negotiation plans, decisions and controlled records | Accurate evidence of completed work and approvals | Performance, exception and corrective-action information",,,,candidate-unreconciled-source-profile,No Wave 1-4 employment archetype currently references this function-derived source profile.,assess-retain-compose-or-functional-role-provenance
JP-F09.06-PROFESSIONAL,Procurement Contracts Manager,professional,JF-F09,F09,F09.06,6,"Contracting plans, decisions and controlled records | Accurate evidence of completed work and approvals | Performance, exception and corrective-action information",JOB-PROC,Procurement Manager,candidate-multi-profile-composition,reconciled-retain-and-compose,The source title represents a plausible standalone employment role. Retain it as a candidate Job Profile while allowing its Functional Role/accountabilities to be composed into broader employment jobs evidenced by Waves 1-4.,validate-own-work-products-and-functional-role-reuse
JP-F09.07-PROFESSIONAL,Supplier Onboarding Specialist,professional,JF-F09,F09,F09.07,4,"Supplier Onboarding plans, decisions and controlled records | Accurate evidence of completed work and approvals | Performance, exception and corrective-action information",,,,candidate-unreconciled-source-profile,No Wave 1-4 employment archetype currently references this function-derived source profile.,assess-retain-compose-or-functional-role-provenance
JP-F09.08-PROFESSIONAL,Procurement Operations Specialist,professional,JF-F09,F09,F09.08,4,"Requisitioning plans, decisions and controlled records | Accurate evidence of completed work and approvals | Performance, exception and corrective-action information",,,,candidate-unreconciled-source-profile,No Wave 1-4 employment archetype currently references this function-derived source profile.,assess-retain-compose-or-functional-role-provenance
JP-F09.09-PROFESSIONAL,Buyer,professional,JF-F09,F09,F09.09,5,"Purchase Ordering plans, decisions and controlled records | Accurate evidence of completed work and approvals | Performance, exception and corrective-action information",,,,candidate-unreconciled-source-profile,No Wave 1-4 employment archetype currently references this function-derived source profile.,assess-retain-compose-or-functional-role-provenance
JP-F09.10-PROFESSIONAL,Supplier Performance Specialist,professional,JF-F09,F09,F09.10,5,"Supplier Performance plans, decisions and controlled records | Accurate evidence of completed work and approvals | Performance, exception and corrective-action information",,,,candidate-unreconciled-source-profile,No Wave 1-4 employment archetype currently references this function-derived source profile.,assess-retain-compose-or-functional-role-provenance
JP-F09.11-PROFESSIONAL,Supplier Risk Specialist,professional,JF-F09,F09,F09.11,3,"Supplier Risk plans, decisions and controlled records | Accurate evidence of completed work and approvals | Performance, exception and corrective-action information",,,,candidate-unreconciled-source-profile,No Wave 1-4 employment archetype currently references this function-derived source profile.,assess-retain-compose-or-functional-role-provenance
JP-F09.12-PROFESSIONAL,Supplier Relationship Manager,professional,JF-F09,F09,F09.12,4,"Supplier Relationship Management plans, decisions and controlled records | Accurate evidence of completed work and approvals | Performance, exception and corrective-action information",,,,candidate-unreconciled-source-profile,No Wave 1-4 employment archetype currently references this function-derived source profile.,assess-retain-compose-or-functional-role-provenance
JP-F09.13-PROFESSIONAL,Procurement Analyst,professional,JF-F09,F09,F09.13,5,"Procurement Analytics plans, decisions and controlled records | Accurate evidence of completed work and approvals | Performance, exception and corrective-action information",,,,candidate-unreconciled-source-profile,No Wave 1-4 employment archetype currently references this function-derived source profile.,assess-retain-compose-or-functional-role-provenance
JP-F10-FUNCTION-LEAD,Head of Supply Chain & Logistics,head,JF-F10,F10,F10.01|F10.02|F10.03|F10.04|F10.05|F10.06|F10.07|F10.08|F10.09|F10.10|F10.11|F10.12|F10.13,57,"Demand, Supply Chain & Logistics strategy and operating plan | Function policies, standards and governance decisions | Resource and investment priorities | Performance, risk and assurance reporting | Improvement and capability roadmap",,,,reconciled-retain-employment-profile-head,The generated function-lead profile represents a coherent reusable senior leadership employment role accountable across the function. Retain as a candidate Job Profile; its function scope defines accountability provenance and does not grant permissions or delegated authority.,decompose-head-role-work-products-governance-decisions-performance-and-handoffs
JP-F10.01-PROFESSIONAL,Demand Planner,professional,JF-F10,F10,F10.01,4,"Demand Planning plans, decisions and controlled records | Accurate evidence of completed work and approvals | Performance, exception and corrective-action information",,,,candidate-unreconciled-source-profile,No Wave 1-4 employment archetype currently references this function-derived source profile.,assess-retain-compose-or-functional-role-provenance
JP-F10.02-PROFESSIONAL,S&OP Manager,professional,JF-F10,F10,F10.02,4,"Sales & Operations Planning plans, decisions and controlled records | Accurate evidence of completed work and approvals | Performance, exception and corrective-action information",,,,candidate-unreconciled-source-profile,No Wave 1-4 employment archetype currently references this function-derived source profile.,assess-retain-compose-or-functional-role-provenance
JP-F10.03-PROFESSIONAL,Supply Planner,professional,JF-F10,F10,F10.03,3,"Supply Planning plans, decisions and controlled records | Accurate evidence of completed work and approvals | Performance, exception and corrective-action information",,,,candidate-unreconciled-source-profile,No Wave 1-4 employment archetype currently references this function-derived source profile.,assess-retain-compose-or-functional-role-provenance
JP-F10.04-PROFESSIONAL,Inventory Planner,professional,JF-F10,F10,F10.04,4,"Inventory Planning plans, decisions and controlled records | Accurate evidence of completed work and approvals | Performance, exception and corrective-action information",,,,candidate-unreconciled-source-profile,No Wave 1-4 employment archetype currently references this function-derived source profile.,assess-retain-compose-or-functional-role-provenance
JP-F10.05-PROFESSIONAL,Materials Planner,professional,JF-F10,F10,F10.05,3,"Material Requirements plans, decisions and controlled records | Accurate evidence of completed work and approvals | Performance, exception and corrective-action information",,,,candidate-unreconciled-source-profile,No Wave 1-4 employment archetype currently references this function-derived source profile.,assess-retain-compose-or-functional-role-provenance
JP-F10.06-PROFESSIONAL,Warehouse Manager,professional,JF-F10,F10,F10.06,7,"Warehouse Management plans, decisions and controlled records | Accurate evidence of completed work and approvals | Performance, exception and corrective-action information",,,,candidate-unreconciled-source-profile,No Wave 1-4 employment archetype currently references this function-derived source profile.,assess-retain-compose-or-functional-role-provenance
JP-F10.07-PROFESSIONAL,Inventory Controller,professional,JF-F10,F10,F10.07,4,"Inventory Control plans, decisions and controlled records | Accurate evidence of completed work and approvals | Performance, exception and corrective-action information",,,,candidate-unreconciled-source-profile,No Wave 1-4 employment archetype currently references this function-derived source profile.,assess-retain-compose-or-functional-role-provenance
JP-F10.08-PROFESSIONAL,Transport Manager,professional,JF-F10,F10,F10.08,5,"Transport Management plans, decisions and controlled records | Accurate evidence of completed work and approvals | Performance, exception and corrective-action information",JOB-TRP,Transport Planner,candidate-adjacent-profile,reconciled-retain-distinct-employment-profile,This is a legitimate standalone employment role distinct from the Wave archetype that referenced it as adjacent capability. Retain the Job Profile and reuse only its Functional Role where relevant.,define-own-work-products-and-keep-wave-archetype-separate
JP-F10.09-PROFESSIONAL,Distribution Manager,professional,JF-F10,F10,F10.09,4,"Distribution plans, decisions and controlled records | Accurate evidence of completed work and approvals | Performance, exception and corrective-action information",,,,candidate-unreconciled-source-profile,No Wave 1-4 employment archetype currently references this function-derived source profile.,assess-retain-compose-or-functional-role-provenance
JP-F10.10-PROFESSIONAL,Import / Export Specialist,professional,JF-F10,F10,F10.10,4,"Import / Export plans, decisions and controlled records | Accurate evidence of completed work and approvals | Performance, exception and corrective-action information",,,,candidate-unreconciled-source-profile,No Wave 1-4 employment archetype currently references this function-derived source profile.,assess-retain-compose-or-functional-role-provenance
JP-F10.11-PROFESSIONAL,Reverse Logistics Specialist,professional,JF-F10,F10,F10.11,6,"Reverse Logistics plans, decisions and controlled records | Accurate evidence of completed work and approvals | Performance, exception and corrective-action information",,,,candidate-unreconciled-source-profile,No Wave 1-4 employment archetype currently references this function-derived source profile.,assess-retain-compose-or-functional-role-provenance
JP-F10.12-PROFESSIONAL,Supply Chain Analyst,professional,JF-F10,F10,F10.12,5,"Supply Chain Analytics plans, decisions and controlled records | Accurate evidence of completed work and approvals | Performance, exception and corrective-action information",,,,candidate-unreconciled-source-profile,No Wave 1-4 employment archetype currently references this function-derived source profile.,assess-retain-compose-or-functional-role-provenance
JP-F10.13-PROFESSIONAL,Supply Chain Risk Specialist,professional,JF-F10,F10,F10.13,4,"Supply Chain Risk plans, decisions and controlled records | Accurate evidence of completed work and approvals | Performance, exception and corrective-action information",,,,candidate-unreconciled-source-profile,No Wave 1-4 employment archetype currently references this function-derived source profile.,assess-retain-compose-or-functional-role-provenance
JP-F11-FUNCTION-LEAD,Head of Manufacturing / Production Operations,head,JF-F11,F11,F11.01|F11.02|F11.03|F11.04|F11.05|F11.06|F11.07|F11.08|F11.09|F11.10|F11.11,45,"Manufacturing / Production Operations strategy and operating plan | Function policies, standards and governance decisions | Resource and investment priorities | Performance, risk and assurance reporting | Improvement and capability roadmap",,,,reconciled-retain-employment-profile-head,The generated function-lead profile represents a coherent reusable senior leadership employment role accountable across the function. Retain as a candidate Job Profile; its function scope defines accountability provenance and does not grant permissions or delegated authority.,decompose-head-role-work-products-governance-decisions-performance-and-handoffs
JP-F11.01-PROFESSIONAL,Production Planner,professional,JF-F11,F11,F11.01,4,"Production Planning plans, decisions and controlled records | Accurate evidence of completed work and approvals | Performance, exception and corrective-action information",,,,candidate-unreconciled-source-profile,No Wave 1-4 employment archetype currently references this function-derived source profile.,assess-retain-compose-or-functional-role-provenance
JP-F11.02-PROFESSIONAL,Production Scheduler,professional,JF-F11,F11,F11.02,4,"Production Scheduling plans, decisions and controlled records | Accurate evidence of completed work and approvals | Performance, exception and corrective-action information",,,,candidate-unreconciled-source-profile,No Wave 1-4 employment archetype currently references this function-derived source profile.,assess-retain-compose-or-functional-role-provenance
JP-F11.03-PROFESSIONAL,Material Staging Specialist,professional,JF-F11,F11,F11.03,4,"Material Staging plans, decisions and controlled records | Accurate evidence of completed work and approvals | Performance, exception and corrective-action information",,,,candidate-unreconciled-source-profile,No Wave 1-4 employment archetype currently references this function-derived source profile.,assess-retain-compose-or-functional-role-provenance
JP-F11.04-PROFESSIONAL,Production Supervisor,professional,JF-F11,F11,F11.04,4,"Production Execution plans, decisions and controlled records | Accurate evidence of completed work and approvals | Performance, exception and corrective-action information",,,,candidate-unreconciled-source-profile,No Wave 1-4 employment archetype currently references this function-derived source profile.,assess-retain-compose-or-functional-role-provenance
JP-F11.05-PROFESSIONAL,Process Control Specialist,professional,JF-F11,F11,F11.05,3,"Process Control plans, decisions and controlled records | Accurate evidence of completed work and approvals | Performance, exception and corrective-action information",,,,candidate-unreconciled-source-profile,No Wave 1-4 employment archetype currently references this function-derived source profile.,assess-retain-compose-or-functional-role-provenance
JP-F11.06-PROFESSIONAL,WIP Controller,professional,JF-F11,F11,F11.06,4,"Work-in-progress plans, decisions and controlled records | Accurate evidence of completed work and approvals | Performance, exception and corrective-action information",,,,candidate-unreconciled-source-profile,No Wave 1-4 employment archetype currently references this function-derived source profile.,assess-retain-compose-or-functional-role-provenance
JP-F11.07-PROFESSIONAL,Packaging Supervisor,professional,JF-F11,F11,F11.07,5,"Packaging plans, decisions and controlled records | Accurate evidence of completed work and approvals | Performance, exception and corrective-action information",,,,candidate-unreconciled-source-profile,No Wave 1-4 employment archetype currently references this function-derived source profile.,assess-retain-compose-or-functional-role-provenance
JP-F11.08-PROFESSIONAL,Production Reporting Specialist,professional,JF-F11,F11,F11.08,6,"Production Reporting plans, decisions and controlled records | Accurate evidence of completed work and approvals | Performance, exception and corrective-action information",,,,candidate-unreconciled-source-profile,No Wave 1-4 employment archetype currently references this function-derived source profile.,assess-retain-compose-or-functional-role-provenance
JP-F11.09-PROFESSIONAL,Capacity Manager,professional,JF-F11,F11,F11.09,4,"Capacity Management plans, decisions and controlled records | Accurate evidence of completed work and approvals | Performance, exception and corrective-action information",,,,candidate-unreconciled-source-profile,No Wave 1-4 employment archetype currently references this function-derived source profile.,assess-retain-compose-or-functional-role-provenance
JP-F11.10-PROFESSIONAL,Maintenance Coordination Specialist,professional,JF-F11,F11,F11.10,3,"Maintenance Coordination plans, decisions and controlled records | Accurate evidence of completed work and approvals | Performance, exception and corrective-action information",,,,candidate-unreconciled-source-profile,No Wave 1-4 employment archetype currently references this function-derived source profile.,assess-retain-compose-or-functional-role-provenance
JP-F11.11-PROFESSIONAL,Lean Improvement Specialist,professional,JF-F11,F11,F11.11,4,"Lean Operations plans, decisions and controlled records | Accurate evidence of completed work and approvals | Performance, exception and corrective-action information",,,,candidate-unreconciled-source-profile,No Wave 1-4 employment archetype currently references this function-derived source profile.,assess-retain-compose-or-functional-role-provenance
JP-F12-FUNCTION-LEAD,Head of Service Delivery & Field Operations,head,JF-F12,F12,F12.01|F12.02|F12.03|F12.04|F12.05|F12.06|F12.07|F12.08|F12.09|F12.10,39,"Service Delivery & Field Operations strategy and operating plan | Function policies, standards and governance decisions | Resource and investment priorities | Performance, risk and assurance reporting | Improvement and capability roadmap",,,,reconciled-retain-employment-profile-head,The generated function-lead profile represents a coherent reusable senior leadership employment role accountable across the function. Retain as a candidate Job Profile; its function scope defines accountability provenance and does not grant permissions or delegated authority.,decompose-head-role-work-products-governance-decisions-performance-and-handoffs
JP-F12.01-PROFESSIONAL,Service Planner,professional,JF-F12,F12,F12.01,4,"Service Planning plans, decisions and controlled records | Accurate evidence of completed work and approvals | Performance, exception and corrective-action information",,,,candidate-unreconciled-source-profile,No Wave 1-4 employment archetype currently references this function-derived source profile.,assess-retain-compose-or-functional-role-provenance
JP-F12.02-PROFESSIONAL,Service Scheduler,professional,JF-F12,F12,F12.02,3,"Service Scheduling plans, decisions and controlled records | Accurate evidence of completed work and approvals | Performance, exception and corrective-action information",,,,candidate-unreconciled-source-profile,No Wave 1-4 employment archetype currently references this function-derived source profile.,assess-retain-compose-or-functional-role-provenance
JP-F12.03-PROFESSIONAL,Service Dispatcher,professional,JF-F12,F12,F12.03,4,"Resource Dispatch plans, decisions and controlled records | Accurate evidence of completed work and approvals | Performance, exception and corrective-action information",,,,candidate-unreconciled-source-profile,No Wave 1-4 employment archetype currently references this function-derived source profile.,assess-retain-compose-or-functional-role-provenance
JP-F12.04-PROFESSIONAL,Service Delivery Specialist,professional,JF-F12,F12,F12.04,4,"Service Execution plans, decisions and controlled records | Accurate evidence of completed work and approvals | Performance, exception and corrective-action information",,,,candidate-unreconciled-source-profile,No Wave 1-4 employment archetype currently references this function-derived source profile.,assess-retain-compose-or-functional-role-provenance
JP-F12.05-PROFESSIONAL,Field Service Engineer,professional,JF-F12,F12,F12.05,5,"Field Service plans, decisions and controlled records | Accurate evidence of completed work and approvals | Performance, exception and corrective-action information",,,,candidate-unreconciled-source-profile,No Wave 1-4 employment archetype currently references this function-derived source profile.,assess-retain-compose-or-functional-role-provenance
JP-F12.06-PROFESSIONAL,Professional Services Consultant,professional,JF-F12,F12,F12.06,4,"Professional Services plans, decisions and controlled records | Accurate evidence of completed work and approvals | Performance, exception and corrective-action information",,,,candidate-unreconciled-source-profile,No Wave 1-4 employment archetype currently references this function-derived source profile.,assess-retain-compose-or-functional-role-provenance
JP-F12.07-PROFESSIONAL,Service Acceptance Specialist,professional,JF-F12,F12,F12.07,4,"Service Acceptance plans, decisions and controlled records | Accurate evidence of completed work and approvals | Performance, exception and corrective-action information",,,,candidate-unreconciled-source-profile,No Wave 1-4 employment archetype currently references this function-derived source profile.,assess-retain-compose-or-functional-role-provenance
JP-F12.08-PROFESSIONAL,Service Quality Specialist,professional,JF-F12,F12,F12.08,3,"Service Quality plans, decisions and controlled records | Accurate evidence of completed work and approvals | Performance, exception and corrective-action information",,,,candidate-unreconciled-source-profile,No Wave 1-4 employment archetype currently references this function-derived source profile.,assess-retain-compose-or-functional-role-provenance
JP-F12.09-PROFESSIONAL,Service Capacity Specialist,professional,JF-F12,F12,F12.09,3,"Service Capacity plans, decisions and controlled records | Accurate evidence of completed work and approvals | Performance, exception and corrective-action information",,,,candidate-unreconciled-source-profile,No Wave 1-4 employment archetype currently references this function-derived source profile.,assess-retain-compose-or-functional-role-provenance
JP-F12.10-PROFESSIONAL,Service Performance Specialist,professional,JF-F12,F12,F12.10,5,"Service Performance plans, decisions and controlled records | Accurate evidence of completed work and approvals | Performance, exception and corrective-action information",,,,candidate-unreconciled-source-profile,No Wave 1-4 employment archetype currently references this function-derived source profile.,assess-retain-compose-or-functional-role-provenance
JP-F13-FUNCTION-LEAD,Head of Quality,head,JF-F13,F13,F13.01|F13.02|F13.03|F13.04|F13.05|F13.06|F13.07|F13.08|F13.09|F13.10,40,"Quality Management strategy and operating plan | Function policies, standards and governance decisions | Resource and investment priorities | Performance, risk and assurance reporting | Improvement and capability roadmap",JOB-QM,Quality Manager,candidate-multi-profile-composition,reconciled-retain-and-compose,The source title represents a plausible standalone employment role. Retain it as a candidate Job Profile while allowing its Functional Role/accountabilities to be composed into broader employment jobs evidenced by Waves 1-4.,validate-own-work-products-and-functional-role-reuse
JP-F13.01-PROFESSIONAL,Quality Strategy Specialist,professional,JF-F13,F13,F13.01,4,"Quality Strategy plans, decisions and controlled records | Accurate evidence of completed work and approvals | Performance, exception and corrective-action information",,,,candidate-unreconciled-source-profile,No Wave 1-4 employment archetype currently references this function-derived source profile.,assess-retain-compose-or-functional-role-provenance
JP-F13.02-PROFESSIONAL,Quality Planner,professional,JF-F13,F13,F13.02,3,"Quality Planning plans, decisions and controlled records | Accurate evidence of completed work and approvals | Performance, exception and corrective-action information",JOB-QM,Quality Manager,candidate-multi-profile-composition,reconciled-retain-and-compose,The source title represents a plausible standalone employment role. Retain it as a candidate Job Profile while allowing its Functional Role/accountabilities to be composed into broader employment jobs evidenced by Waves 1-4.,validate-own-work-products-and-functional-role-reuse
JP-F13.03-PROFESSIONAL,Quality Assurance Specialist,professional,JF-F13,F13,F13.03,3,"Quality Assurance plans, decisions and controlled records | Accurate evidence of completed work and approvals | Performance, exception and corrective-action information",JOB-QM,Quality Manager,candidate-multi-profile-composition,reconciled-retain-and-compose,The source title represents a plausible standalone employment role. Retain it as a candidate Job Profile while allowing its Functional Role/accountabilities to be composed into broader employment jobs evidenced by Waves 1-4.,validate-own-work-products-and-functional-role-reuse
JP-F13.04-PROFESSIONAL,Quality Control Inspector,professional,JF-F13,F13,F13.04,5,"Quality Control plans, decisions and controlled records | Accurate evidence of completed work and approvals | Performance, exception and corrective-action information",JOB-QM,Quality Manager,candidate-multi-profile-composition,reconciled-retain-and-compose,The source title represents a plausible standalone employment role. Retain it as a candidate Job Profile while allowing its Functional Role/accountabilities to be composed into broader employment jobs evidenced by Waves 1-4.,validate-own-work-products-and-functional-role-reuse
JP-F13.05-PROFESSIONAL,Non-Conformance Coordinator,professional,JF-F13,F13,F13.05,5,"Non-conformance plans, decisions and controlled records | Accurate evidence of completed work and approvals | Performance, exception and corrective-action information",,,,candidate-unreconciled-source-profile,No Wave 1-4 employment archetype currently references this function-derived source profile.,assess-retain-compose-or-functional-role-provenance
JP-F13.06-PROFESSIONAL,CAPA Specialist,professional,JF-F13,F13,F13.06,4,"Corrective / Preventive Action plans, decisions and controlled records | Accurate evidence of completed work and approvals | Performance, exception and corrective-action information",,,,candidate-unreconciled-source-profile,No Wave 1-4 employment archetype currently references this function-derived source profile.,assess-retain-compose-or-functional-role-provenance
JP-F13.07-PROFESSIONAL,Supplier Quality Engineer,professional,JF-F13,F13,F13.07,3,"Supplier Quality plans, decisions and controlled records | Accurate evidence of completed work and approvals | Performance, exception and corrective-action information",,,,candidate-unreconciled-source-profile,No Wave 1-4 employment archetype currently references this function-derived source profile.,assess-retain-compose-or-functional-role-provenance
JP-F13.08-PROFESSIONAL,Quality Documentation Specialist,professional,JF-F13,F13,F13.08,4,"Quality Documentation plans, decisions and controlled records | Accurate evidence of completed work and approvals | Performance, exception and corrective-action information",,,,candidate-unreconciled-source-profile,No Wave 1-4 employment archetype currently references this function-derived source profile.,assess-retain-compose-or-functional-role-provenance
JP-F13.09-PROFESSIONAL,Continuous Improvement Specialist,professional,JF-F13,F13,F13.09,4,"Continuous Improvement plans, decisions and controlled records | Accurate evidence of completed work and approvals | Performance, exception and corrective-action information",,,,reconciled-compose-into-continuous-improvement-specialist,F13.09 and F29.08 use the same Improvement Opportunity aggregate and overlapping identify/evaluate/implement/measure activities. Treat them as Functional Role sources for one cross-functional employment job.,compose-f13-09-and-f29-08-activities-into-one-job-profile
JP-F13.10-PROFESSIONAL,Quality Analyst,professional,JF-F13,F13,F13.10,5,"Quality Analytics plans, decisions and controlled records | Accurate evidence of completed work and approvals | Performance, exception and corrective-action information",,,,candidate-unreconciled-source-profile,No Wave 1-4 employment archetype currently references this function-derived source profile.,assess-retain-compose-or-functional-role-provenance
JP-F14-FUNCTION-LEAD,Head of Finance,head,JF-F14,F14,F14.01|F14.02|F14.03|F14.04|F14.05|F14.06|F14.07|F14.08|F14.09|F14.10|F14.11|F14.12|F14.13|F14.14|F14.15|F14.16|F14.17|F14.18|F14.19|F14.20|F14.21|F14.22,96,"Finance, Accounting, Treasury & Tax strategy and operating plan | Function policies, standards and governance decisions | Resource and investment priorities | Performance, risk and assurance reporting | Improvement and capability roadmap",,,,reconciled-retain-employment-profile-head,The generated function-lead profile represents a coherent reusable senior leadership employment role accountable across the function. Retain as a candidate Job Profile; its function scope defines accountability provenance and does not grant permissions or delegated authority.,decompose-head-role-work-products-governance-decisions-performance-and-handoffs
JP-F14.01-PROFESSIONAL,Financial Strategy Specialist,professional,JF-F14,F14,F14.01,3,"Financial Strategy plans, decisions and controlled records | Accurate evidence of completed work and approvals | Performance, exception and corrective-action information",,,,reconciled-retain-employment-profile,The F14 source title and accountability represent a coherent independently employable finance specialist role in a sophisticated enterprise. Retain as a reusable Job Profile candidate; tenants may combine related profiles into one Position without collapsing the reusable employment model.,decompose-f14-role-work-products-and-validate-finance-aggregate-transaction-control-boundaries
JP-F14.02-PROFESSIONAL,Budgeting Specialist,professional,JF-F14,F14,F14.02,5,"Budgeting plans, decisions and controlled records | Accurate evidence of completed work and approvals | Performance, exception and corrective-action information",,,,reconciled-retain-employment-profile,The F14 source title and accountability represent a coherent independently employable finance specialist role in a sophisticated enterprise. Retain as a reusable Job Profile candidate; tenants may combine related profiles into one Position without collapsing the reusable employment model.,decompose-f14-role-work-products-and-validate-finance-aggregate-transaction-control-boundaries
JP-F14.03-PROFESSIONAL,Forecasting Specialist,professional,JF-F14,F14,F14.03,3,"Forecasting plans, decisions and controlled records | Accurate evidence of completed work and approvals | Performance, exception and corrective-action information",,,,reconciled-retain-employment-profile,The F14 source title and accountability represent a coherent independently employable finance specialist role in a sophisticated enterprise. Retain as a reusable Job Profile candidate; tenants may combine related profiles into one Position without collapsing the reusable employment model.,decompose-f14-role-work-products-and-validate-finance-aggregate-transaction-control-boundaries
JP-F14.04-PROFESSIONAL,General Ledger Accountant,professional,JF-F14,F14,F14.04,4,"General Ledger plans, decisions and controlled records | Accurate evidence of completed work and approvals | Performance, exception and corrective-action information",,,,reconciled-retain-employment-profile,The F14 source title and accountability represent a coherent independently employable finance specialist role in a sophisticated enterprise. Retain as a reusable Job Profile candidate; tenants may combine related profiles into one Position without collapsing the reusable employment model.,decompose-f14-role-work-products-and-validate-finance-aggregate-transaction-control-boundaries
JP-F14.05-PROFESSIONAL,Accounts Payable Specialist,professional,JF-F14,F14,F14.05,6,"Accounts Payable plans, decisions and controlled records | Accurate evidence of completed work and approvals | Performance, exception and corrective-action information",,,,reconciled-retain-employment-profile,The F14 source title and accountability represent a coherent independently employable finance specialist role in a sophisticated enterprise. Retain as a reusable Job Profile candidate; tenants may combine related profiles into one Position without collapsing the reusable employment model.,decompose-f14-role-work-products-and-validate-finance-aggregate-transaction-control-boundaries
JP-F14.06-PROFESSIONAL,Accounts Receivable Specialist,professional,JF-F14,F14,F14.06,4,"Accounts Receivable plans, decisions and controlled records | Accurate evidence of completed work and approvals | Performance, exception and corrective-action information",,,,reconciled-retain-employment-profile,The F14 source title and accountability represent a coherent independently employable finance specialist role in a sophisticated enterprise. Retain as a reusable Job Profile candidate; tenants may combine related profiles into one Position without collapsing the reusable employment model.,decompose-f14-role-work-products-and-validate-finance-aggregate-transaction-control-boundaries
JP-F14.07-PROFESSIONAL,Credit Controller,professional,JF-F14,F14,F14.07,4,"Credit Management plans, decisions and controlled records | Accurate evidence of completed work and approvals | Performance, exception and corrective-action information",,,,reconciled-retain-employment-profile,The F14 source title and accountability represent a coherent independently employable finance specialist role in a sophisticated enterprise. Retain as a reusable Job Profile candidate; tenants may combine related profiles into one Position without collapsing the reusable employment model.,decompose-f14-role-work-products-and-validate-finance-aggregate-transaction-control-boundaries
JP-F14.08-PROFESSIONAL,Collections Specialist,professional,JF-F14,F14,F14.08,5,"Collections plans, decisions and controlled records | Accurate evidence of completed work and approvals | Performance, exception and corrective-action information",,,,reconciled-retain-employment-profile,The F14 source title and accountability represent a coherent independently employable finance specialist role in a sophisticated enterprise. Retain as a reusable Job Profile candidate; tenants may combine related profiles into one Position without collapsing the reusable employment model.,decompose-f14-role-work-products-and-validate-finance-aggregate-transaction-control-boundaries
JP-F14.09-PROFESSIONAL,Expense Manager,professional,JF-F14,F14,F14.09,5,"Expense Management plans, decisions and controlled records | Accurate evidence of completed work and approvals | Performance, exception and corrective-action information",,,,reconciled-retain-employment-profile,The F14 source title and accountability represent a coherent independently employable finance specialist role in a sophisticated enterprise. Retain as a reusable Job Profile candidate; tenants may combine related profiles into one Position without collapsing the reusable employment model.,decompose-f14-role-work-products-and-validate-finance-aggregate-transaction-control-boundaries
JP-F14.10-PROFESSIONAL,Fixed Asset Accountant,professional,JF-F14,F14,F14.10,5,"Fixed Asset Accounting plans, decisions and controlled records | Accurate evidence of completed work and approvals | Performance, exception and corrective-action information",,,,reconciled-retain-employment-profile,The F14 source title and accountability represent a coherent independently employable finance specialist role in a sophisticated enterprise. Retain as a reusable Job Profile candidate; tenants may combine related profiles into one Position without collapsing the reusable employment model.,decompose-f14-role-work-products-and-validate-finance-aggregate-transaction-control-boundaries
JP-F14.11-PROFESSIONAL,Cost Accountant,professional,JF-F14,F14,F14.11,3,"Cost Accounting plans, decisions and controlled records | Accurate evidence of completed work and approvals | Performance, exception and corrective-action information",JOB-PA,Project Accountant,candidate-multi-profile-composition,reconciled-retain-and-compose,The source title represents a plausible standalone employment role. Retain it as a candidate Job Profile while allowing its Functional Role/accountabilities to be composed into broader employment jobs evidenced by Waves 1-4.,validate-own-work-products-and-functional-role-reuse
JP-F14.12-PROFESSIONAL,Financial Close Accountant,professional,JF-F14,F14,F14.12,4,"Financial Close plans, decisions and controlled records | Accurate evidence of completed work and approvals | Performance, exception and corrective-action information",JOB-PA,Project Accountant,candidate-multi-profile-composition,reconciled-retain-and-compose,The source title represents a plausible standalone employment role. Retain it as a candidate Job Profile while allowing its Functional Role/accountabilities to be composed into broader employment jobs evidenced by Waves 1-4.,validate-own-work-products-and-functional-role-reuse
JP-F14.13-PROFESSIONAL,Group Consolidation Accountant,professional,JF-F14,F14,F14.13,4,"Consolidation plans, decisions and controlled records | Accurate evidence of completed work and approvals | Performance, exception and corrective-action information",,,,reconciled-retain-employment-profile,The F14 source title and accountability represent a coherent independently employable finance specialist role in a sophisticated enterprise. Retain as a reusable Job Profile candidate; tenants may combine related profiles into one Position without collapsing the reusable employment model.,decompose-f14-role-work-products-and-validate-finance-aggregate-transaction-control-boundaries
JP-F14.14-PROFESSIONAL,Financial Reporting Accountant,professional,JF-F14,F14,F14.14,5,"Financial Reporting plans, decisions and controlled records | Accurate evidence of completed work and approvals | Performance, exception and corrective-action information",JOB-PA,Project Accountant,candidate-multi-profile-composition,reconciled-retain-and-compose,The source title represents a plausible standalone employment role. Retain it as a candidate Job Profile while allowing its Functional Role/accountabilities to be composed into broader employment jobs evidenced by Waves 1-4.,validate-own-work-products-and-functional-role-reuse
JP-F14.15-PROFESSIONAL,Treasury Specialist,professional,JF-F14,F14,F14.15,5,"Treasury plans, decisions and controlled records | Accurate evidence of completed work and approvals | Performance, exception and corrective-action information",,,,reconciled-retain-employment-profile,The F14 source title and accountability represent a coherent independently employable finance specialist role in a sophisticated enterprise. Retain as a reusable Job Profile candidate; tenants may combine related profiles into one Position without collapsing the reusable employment model.,decompose-f14-role-work-products-and-validate-finance-aggregate-transaction-control-boundaries
JP-F14.16-PROFESSIONAL,Payments Specialist,professional,JF-F14,F14,F14.16,5,"Payments plans, decisions and controlled records | Accurate evidence of completed work and approvals | Performance, exception and corrective-action information",,,,reconciled-retain-employment-profile,The F14 source title and accountability represent a coherent independently employable finance specialist role in a sophisticated enterprise. Retain as a reusable Job Profile candidate; tenants may combine related profiles into one Position without collapsing the reusable employment model.,decompose-f14-role-work-products-and-validate-finance-aggregate-transaction-control-boundaries
JP-F14.17-PROFESSIONAL,Treasury FX Specialist,professional,JF-F14,F14,F14.17,4,"Foreign Exchange plans, decisions and controlled records | Accurate evidence of completed work and approvals | Performance, exception and corrective-action information",,,,reconciled-retain-employment-profile,The F14 source title and accountability represent a coherent independently employable finance specialist role in a sophisticated enterprise. Retain as a reusable Job Profile candidate; tenants may combine related profiles into one Position without collapsing the reusable employment model.,decompose-f14-role-work-products-and-validate-finance-aggregate-transaction-control-boundaries
JP-F14.18-PROFESSIONAL,Corporate Finance Specialist,professional,JF-F14,F14,F14.18,4,"Debt & Financing plans, decisions and controlled records | Accurate evidence of completed work and approvals | Performance, exception and corrective-action information",,,,reconciled-retain-employment-profile,The F14 source title and accountability represent a coherent independently employable finance specialist role in a sophisticated enterprise. Retain as a reusable Job Profile candidate; tenants may combine related profiles into one Position without collapsing the reusable employment model.,decompose-f14-role-work-products-and-validate-finance-aggregate-transaction-control-boundaries
JP-F14.19-PROFESSIONAL,Tax Specialist,professional,JF-F14,F14,F14.19,6,"Tax plans, decisions and controlled records | Accurate evidence of completed work and approvals | Performance, exception and corrective-action information",,,,reconciled-retain-employment-profile,The F14 source title and accountability represent a coherent independently employable finance specialist role in a sophisticated enterprise. Retain as a reusable Job Profile candidate; tenants may combine related profiles into one Position without collapsing the reusable employment model.,decompose-f14-role-work-products-and-validate-finance-aggregate-transaction-control-boundaries
JP-F14.20-PROFESSIONAL,Financial Controls Manager,professional,JF-F14,F14,F14.20,4,"Financial Controls plans, decisions and controlled records | Accurate evidence of completed work and approvals | Performance, exception and corrective-action information",,,,reconciled-retain-employment-profile,The F14 source title and accountability represent a coherent independently employable finance specialist role in a sophisticated enterprise. Retain as a reusable Job Profile candidate; tenants may combine related profiles into one Position without collapsing the reusable employment model.,decompose-f14-role-work-products-and-validate-finance-aggregate-transaction-control-boundaries
JP-F14.21-PROFESSIONAL,Commercial Finance Analyst,professional,JF-F14,F14,F14.21,3,"Profitability Analysis plans, decisions and controlled records | Accurate evidence of completed work and approvals | Performance, exception and corrective-action information",,,,reconciled-retain-employment-profile,The F14 source title and accountability represent a coherent independently employable finance specialist role in a sophisticated enterprise. Retain as a reusable Job Profile candidate; tenants may combine related profiles into one Position without collapsing the reusable employment model.,decompose-f14-role-work-products-and-validate-finance-aggregate-transaction-control-boundaries
JP-F14.22-PROFESSIONAL,Capital Investment Analyst,professional,JF-F14,F14,F14.22,5,"Capital Expenditure plans, decisions and controlled records | Accurate evidence of completed work and approvals | Performance, exception and corrective-action information",,,,reconciled-retain-employment-profile,The F14 source title and accountability represent a coherent independently employable finance specialist role in a sophisticated enterprise. Retain as a reusable Job Profile candidate; tenants may combine related profiles into one Position without collapsing the reusable employment model.,decompose-f14-role-work-products-and-validate-finance-aggregate-transaction-control-boundaries
JP-F15-FUNCTION-LEAD,Head of Human Resources,head,JF-F15,F15,F15.01|F15.02|F15.03|F15.04|F15.05|F15.06|F15.07|F15.08|F15.09|F15.10|F15.11|F15.12|F15.13|F15.14|F15.15|F15.16|F15.17|F15.18|F15.19|F15.20,88,"Human Resources / Human Capital strategy and operating plan | Function policies, standards and governance decisions | Resource and investment priorities | Performance, risk and assurance reporting | Improvement and capability roadmap",,,,reconciled-retain-employment-profile-head,The generated function-lead profile represents a coherent reusable senior leadership employment role accountable across the function. Retain as a candidate Job Profile; its function scope defines accountability provenance and does not grant permissions or delegated authority.,decompose-head-role-work-products-governance-decisions-performance-and-handoffs
JP-F15.01-PROFESSIONAL,People Strategy Manager,professional,JF-F15,F15,F15.01,4,"People Strategy plans, decisions and controlled records | Accurate evidence of completed work and approvals | Performance, exception and corrective-action information",,,,candidate-unreconciled-source-profile,No Wave 1-4 employment archetype currently references this function-derived source profile.,assess-retain-compose-or-functional-role-provenance
JP-F15.02-PROFESSIONAL,Workforce Planning Specialist,professional,JF-F15,F15,F15.02,4,"Workforce Planning plans, decisions and controlled records | Accurate evidence of completed work and approvals | Performance, exception and corrective-action information",,,,candidate-unreconciled-source-profile,No Wave 1-4 employment archetype currently references this function-derived source profile.,assess-retain-compose-or-functional-role-provenance
JP-F15.03-PROFESSIONAL,Organisation Design Specialist,professional,JF-F15,F15,F15.03,4,"Organisation Design plans, decisions and controlled records | Accurate evidence of completed work and approvals | Performance, exception and corrective-action information",,,,candidate-unreconciled-source-profile,No Wave 1-4 employment archetype currently references this function-derived source profile.,assess-retain-compose-or-functional-role-provenance
JP-F15.04-PROFESSIONAL,Job Architecture Specialist,professional,JF-F15,F15,F15.04,4,"Job Architecture plans, decisions and controlled records | Accurate evidence of completed work and approvals | Performance, exception and corrective-action information",,,,candidate-unreconciled-source-profile,No Wave 1-4 employment archetype currently references this function-derived source profile.,assess-retain-compose-or-functional-role-provenance
JP-F15.05-PROFESSIONAL,Talent Acquisition Specialist,professional,JF-F15,F15,F15.05,7,"Recruitment plans, decisions and controlled records | Accurate evidence of completed work and approvals | Performance, exception and corrective-action information",,,,candidate-unreconciled-source-profile,No Wave 1-4 employment archetype currently references this function-derived source profile.,assess-retain-compose-or-functional-role-provenance
JP-F15.06-PROFESSIONAL,Pre-Employment Screening Specialist,professional,JF-F15,F15,F15.06,4,"Pre-employment plans, decisions and controlled records | Accurate evidence of completed work and approvals | Performance, exception and corrective-action information",,,,candidate-unreconciled-source-profile,No Wave 1-4 employment archetype currently references this function-derived source profile.,assess-retain-compose-or-functional-role-provenance
JP-F15.07-PROFESSIONAL,Employee Onboarding Specialist,professional,JF-F15,F15,F15.07,4,"Onboarding plans, decisions and controlled records | Accurate evidence of completed work and approvals | Performance, exception and corrective-action information",,,,candidate-unreconciled-source-profile,No Wave 1-4 employment archetype currently references this function-derived source profile.,assess-retain-compose-or-functional-role-provenance
JP-F15.08-PROFESSIONAL,HR Operations Specialist,professional,JF-F15,F15,F15.08,4,"Employee Administration plans, decisions and controlled records | Accurate evidence of completed work and approvals | Performance, exception and corrective-action information",,,,candidate-unreconciled-source-profile,No Wave 1-4 employment archetype currently references this function-derived source profile.,assess-retain-compose-or-functional-role-provenance
JP-F15.09-PROFESSIONAL,Time & Attendance Specialist,professional,JF-F15,F15,F15.09,5,"Time & Attendance plans, decisions and controlled records | Accurate evidence of completed work and approvals | Performance, exception and corrective-action information",,,,candidate-unreconciled-source-profile,No Wave 1-4 employment archetype currently references this function-derived source profile.,assess-retain-compose-or-functional-role-provenance
JP-F15.10-PROFESSIONAL,Payroll Specialist,professional,JF-F15,F15,F15.10,6,"Payroll plans, decisions and controlled records | Accurate evidence of completed work and approvals | Performance, exception and corrective-action information",,,,candidate-unreconciled-source-profile,No Wave 1-4 employment archetype currently references this function-derived source profile.,assess-retain-compose-or-functional-role-provenance
JP-F15.11-PROFESSIONAL,Compensation Specialist,professional,JF-F15,F15,F15.11,4,"Compensation plans, decisions and controlled records | Accurate evidence of completed work and approvals | Performance, exception and corrective-action information",,,,candidate-unreconciled-source-profile,No Wave 1-4 employment archetype currently references this function-derived source profile.,assess-retain-compose-or-functional-role-provenance
JP-F15.12-PROFESSIONAL,Benefits Specialist,professional,JF-F15,F15,F15.12,3,"Benefits plans, decisions and controlled records | Accurate evidence of completed work and approvals | Performance, exception and corrective-action information",,,,candidate-unreconciled-source-profile,No Wave 1-4 employment archetype currently references this function-derived source profile.,assess-retain-compose-or-functional-role-provenance
JP-F15.13-PROFESSIONAL,Performance Management Specialist,professional,JF-F15,F15,F15.13,5,"Performance Management plans, decisions and controlled records | Accurate evidence of completed work and approvals | Performance, exception and corrective-action information",,,,candidate-unreconciled-source-profile,No Wave 1-4 employment archetype currently references this function-derived source profile.,assess-retain-compose-or-functional-role-provenance
JP-F15.14-PROFESSIONAL,Learning & Development Specialist,professional,JF-F15,F15,F15.14,5,"Learning & Development plans, decisions and controlled records | Accurate evidence of completed work and approvals | Performance, exception and corrective-action information",,,,candidate-unreconciled-source-profile,No Wave 1-4 employment archetype currently references this function-derived source profile.,assess-retain-compose-or-functional-role-provenance
JP-F15.15-PROFESSIONAL,Talent Management Specialist,professional,JF-F15,F15,F15.15,4,"Talent Management plans, decisions and controlled records | Accurate evidence of completed work and approvals | Performance, exception and corrective-action information",,,,candidate-unreconciled-source-profile,No Wave 1-4 employment archetype currently references this function-derived source profile.,assess-retain-compose-or-functional-role-provenance
JP-F15.16-PROFESSIONAL,Employee Engagement Specialist,professional,JF-F15,F15,F15.16,3,"Employee Engagement plans, decisions and controlled records | Accurate evidence of completed work and approvals | Performance, exception and corrective-action information",,,,candidate-unreconciled-source-profile,No Wave 1-4 employment archetype currently references this function-derived source profile.,assess-retain-compose-or-functional-role-provenance
JP-F15.17-PROFESSIONAL,Employee Relations Specialist,professional,JF-F15,F15,F15.17,4,"Employee Relations plans, decisions and controlled records | Accurate evidence of completed work and approvals | Performance, exception and corrective-action information",,,,candidate-unreconciled-source-profile,No Wave 1-4 employment archetype currently references this function-derived source profile.,assess-retain-compose-or-functional-role-provenance
JP-F15.18-PROFESSIONAL,Absence Management Specialist,professional,JF-F15,F15,F15.18,3,"Absence Management plans, decisions and controlled records | Accurate evidence of completed work and approvals | Performance, exception and corrective-action information",,,,candidate-unreconciled-source-profile,No Wave 1-4 employment archetype currently references this function-derived source profile.,assess-retain-compose-or-functional-role-provenance
JP-F15.19-PROFESSIONAL,Employee Offboarding Specialist,professional,JF-F15,F15,F15.19,5,"Offboarding plans, decisions and controlled records | Accurate evidence of completed work and approvals | Performance, exception and corrective-action information",,,,candidate-unreconciled-source-profile,No Wave 1-4 employment archetype currently references this function-derived source profile.,assess-retain-compose-or-functional-role-provenance
JP-F15.20-PROFESSIONAL,People Analytics Specialist,professional,JF-F15,F15,F15.20,6,"HR Analytics plans, decisions and controlled records | Accurate evidence of completed work and approvals | Performance, exception and corrective-action information",,,,candidate-unreconciled-source-profile,No Wave 1-4 employment archetype currently references this function-derived source profile.,assess-retain-compose-or-functional-role-provenance
JP-F16-FUNCTION-LEAD,Head of Information Technology,head,JF-F16,F16,F16.01|F16.02|F16.03|F16.04|F16.05|F16.06|F16.07|F16.08|F16.09|F16.10|F16.11|F16.12|F16.13|F16.14|F16.15|F16.16|F16.17|F16.18|F16.19|F16.20|F16.21,95,"Information Technology strategy and operating plan | Function policies, standards and governance decisions | Resource and investment priorities | Performance, risk and assurance reporting | Improvement and capability roadmap",,,,reconciled-retain-employment-profile-head,The generated function-lead profile represents a coherent reusable senior leadership employment role accountable across the function. Retain as a candidate Job Profile; its function scope defines accountability provenance and does not grant permissions or delegated authority.,decompose-head-role-work-products-governance-decisions-performance-and-handoffs
JP-F16.01-PROFESSIONAL,IT Strategy Manager,professional,JF-F16,F16,F16.01,4,"IT Strategy plans, decisions and controlled records | Accurate evidence of completed work and approvals | Performance, exception and corrective-action information",,,,candidate-unreconciled-source-profile,No Wave 1-4 employment archetype currently references this function-derived source profile.,assess-retain-compose-or-functional-role-provenance
JP-F16.02-PROFESSIONAL,Enterprise Architect,professional,JF-F16,F16,F16.02,3,"Enterprise Architecture plans, decisions and controlled records | Accurate evidence of completed work and approvals | Performance, exception and corrective-action information",,,,candidate-unreconciled-source-profile,No Wave 1-4 employment archetype currently references this function-derived source profile.,assess-retain-compose-or-functional-role-provenance
JP-F16.03-PROFESSIONAL,Solution Architect,professional,JF-F16,F16,F16.03,4,"Solution Architecture plans, decisions and controlled records | Accurate evidence of completed work and approvals | Performance, exception and corrective-action information",,,,candidate-unreconciled-source-profile,No Wave 1-4 employment archetype currently references this function-derived source profile.,assess-retain-compose-or-functional-role-provenance
JP-F16.04-PROFESSIONAL,Application Manager,professional,JF-F16,F16,F16.04,6,"Application Management plans, decisions and controlled records | Accurate evidence of completed work and approvals | Performance, exception and corrective-action information",,,,candidate-unreconciled-source-profile,No Wave 1-4 employment archetype currently references this function-derived source profile.,assess-retain-compose-or-functional-role-provenance
JP-F16.05-PROFESSIONAL,Software Engineer,professional,JF-F16,F16,F16.05,6,"Software Development plans, decisions and controlled records | Accurate evidence of completed work and approvals | Performance, exception and corrective-action information",,,,candidate-unreconciled-source-profile,No Wave 1-4 employment archetype currently references this function-derived source profile.,assess-retain-compose-or-functional-role-provenance
JP-F16.06-PROFESSIONAL,DevOps Engineer,professional,JF-F16,F16,F16.06,4,"DevOps plans, decisions and controlled records | Accurate evidence of completed work and approvals | Performance, exception and corrective-action information",,,,candidate-unreconciled-source-profile,No Wave 1-4 employment archetype currently references this function-derived source profile.,assess-retain-compose-or-functional-role-provenance
JP-F16.07-PROFESSIONAL,Infrastructure Engineer,professional,JF-F16,F16,F16.07,4,"Infrastructure plans, decisions and controlled records | Accurate evidence of completed work and approvals | Performance, exception and corrective-action information",,,,candidate-unreconciled-source-profile,No Wave 1-4 employment archetype currently references this function-derived source profile.,assess-retain-compose-or-functional-role-provenance
JP-F16.08-PROFESSIONAL,Cloud Engineer,professional,JF-F16,F16,F16.08,4,"Cloud Management plans, decisions and controlled records | Accurate evidence of completed work and approvals | Performance, exception and corrective-action information",,,,candidate-unreconciled-source-profile,No Wave 1-4 employment archetype currently references this function-derived source profile.,assess-retain-compose-or-functional-role-provenance
JP-F16.09-PROFESSIONAL,Network Engineer,professional,JF-F16,F16,F16.09,4,"Network Management plans, decisions and controlled records | Accurate evidence of completed work and approvals | Performance, exception and corrective-action information",,,,candidate-unreconciled-source-profile,No Wave 1-4 employment archetype currently references this function-derived source profile.,assess-retain-compose-or-functional-role-provenance
JP-F16.10-PROFESSIONAL,Endpoint Engineer,professional,JF-F16,F16,F16.10,5,"Endpoint Management plans, decisions and controlled records | Accurate evidence of completed work and approvals | Performance, exception and corrective-action information",,,,candidate-unreconciled-source-profile,No Wave 1-4 employment archetype currently references this function-derived source profile.,assess-retain-compose-or-functional-role-provenance
JP-F16.11-PROFESSIONAL,Identity Administrator,professional,JF-F16,F16,F16.11,5,"Identity Administration plans, decisions and controlled records | Accurate evidence of completed work and approvals | Performance, exception and corrective-action information",,,,candidate-unreconciled-source-profile,No Wave 1-4 employment archetype currently references this function-derived source profile.,assess-retain-compose-or-functional-role-provenance
JP-F16.12-PROFESSIONAL,IT Service Desk Analyst,professional,JF-F16,F16,F16.12,6,"IT Service Desk plans, decisions and controlled records | Accurate evidence of completed work and approvals | Performance, exception and corrective-action information",,,,candidate-unreconciled-source-profile,No Wave 1-4 employment archetype currently references this function-derived source profile.,assess-retain-compose-or-functional-role-provenance
JP-F16.13-PROFESSIONAL,Safety Incident Investigator,professional,JF-F16,F16,F16.13,4,"Incident Management plans, decisions and controlled records | Accurate evidence of completed work and approvals | Performance, exception and corrective-action information",,,,reconciled-retain-with-corrected-title,"Source title is semantically wrong: F16.13 activities detect IT incidents, restore service, communicate and close. This is IT service incident management, not safety incident investigation.",retain-functional-role-and-use-it-incident-manager-title
JP-F16.14-PROFESSIONAL,IT Problem Manager,professional,JF-F16,F16,F16.14,3,"Problem Management plans, decisions and controlled records | Accurate evidence of completed work and approvals | Performance, exception and corrective-action information",,,,candidate-unreconciled-source-profile,No Wave 1-4 employment archetype currently references this function-derived source profile.,assess-retain-compose-or-functional-role-provenance
JP-F16.15-PROFESSIONAL,IT Change Manager,professional,JF-F16,F16,F16.15,6,"Change Management plans, decisions and controlled records | Accurate evidence of completed work and approvals | Performance, exception and corrective-action information",,,,candidate-unreconciled-source-profile,No Wave 1-4 employment archetype currently references this function-derived source profile.,assess-retain-compose-or-functional-role-provenance
JP-F16.16-PROFESSIONAL,Release Manager,professional,JF-F16,F16,F16.16,5,"Release Management plans, decisions and controlled records | Accurate evidence of completed work and approvals | Performance, exception and corrective-action information",,,,candidate-unreconciled-source-profile,No Wave 1-4 employment archetype currently references this function-derived source profile.,assess-retain-compose-or-functional-role-provenance
JP-F16.17-PROFESSIONAL,Configuration Manager,professional,JF-F16,F16,F16.17,3,"Configuration Management plans, decisions and controlled records | Accurate evidence of completed work and approvals | Performance, exception and corrective-action information",,,,candidate-unreconciled-source-profile,No Wave 1-4 employment archetype currently references this function-derived source profile.,assess-retain-compose-or-functional-role-provenance
JP-F16.18-PROFESSIONAL,IT Asset Manager,professional,JF-F16,F16,F16.18,6,"IT Asset Management plans, decisions and controlled records | Accurate evidence of completed work and approvals | Performance, exception and corrective-action information",,,,candidate-unreconciled-source-profile,No Wave 1-4 employment archetype currently references this function-derived source profile.,assess-retain-compose-or-functional-role-provenance
JP-F16.19-PROFESSIONAL,IT Capacity & Availability Manager,professional,JF-F16,F16,F16.19,3,"Availability / Capacity plans, decisions and controlled records | Accurate evidence of completed work and approvals | Performance, exception and corrective-action information",,,,candidate-unreconciled-source-profile,No Wave 1-4 employment archetype currently references this function-derived source profile.,assess-retain-compose-or-functional-role-provenance
JP-F16.20-PROFESSIONAL,IT Disaster Recovery Manager,professional,JF-F16,F16,F16.20,5,"Disaster Recovery plans, decisions and controlled records | Accurate evidence of completed work and approvals | Performance, exception and corrective-action information",,,,candidate-unreconciled-source-profile,No Wave 1-4 employment archetype currently references this function-derived source profile.,assess-retain-compose-or-functional-role-provenance
JP-F16.21-PROFESSIONAL,Technology Vendor Manager,professional,JF-F16,F16,F16.21,5,"Technology Vendor Management plans, decisions and controlled records | Accurate evidence of completed work and approvals | Performance, exception and corrective-action information",,,,candidate-unreconciled-source-profile,No Wave 1-4 employment archetype currently references this function-derived source profile.,assess-retain-compose-or-functional-role-provenance
JP-F17-FUNCTION-LEAD,"Head of Data, Analytics & AI",head,JF-F17,F17,F17.01|F17.02|F17.03|F17.04|F17.05|F17.06|F17.07|F17.08|F17.09|F17.10|F17.11|F17.12|F17.13|F17.14|F17.15|F17.16|F17.17,77,"Data, Analytics & AI strategy and operating plan | Function policies, standards and governance decisions | Resource and investment priorities | Performance, risk and assurance reporting | Improvement and capability roadmap",,,,reconciled-retain-employment-profile-head,The generated function-lead profile represents a coherent reusable senior leadership employment role accountable across the function. Retain as a candidate Job Profile; its function scope defines accountability provenance and does not grant permissions or delegated authority.,decompose-head-role-work-products-governance-decisions-performance-and-handoffs
JP-F17.01-PROFESSIONAL,Data Strategy Manager,professional,JF-F17,F17,F17.01,4,"Data Strategy plans, decisions and controlled records | Accurate evidence of completed work and approvals | Performance, exception and corrective-action information",,,,candidate-unreconciled-source-profile,No Wave 1-4 employment archetype currently references this function-derived source profile.,assess-retain-compose-or-functional-role-provenance
JP-F17.02-PROFESSIONAL,Data Governance Manager,professional,JF-F17,F17,F17.02,4,"Data Governance plans, decisions and controlled records | Accurate evidence of completed work and approvals | Performance, exception and corrective-action information",,,,candidate-unreconciled-source-profile,No Wave 1-4 employment archetype currently references this function-derived source profile.,assess-retain-compose-or-functional-role-provenance
JP-F17.03-PROFESSIONAL,Data Architect,professional,JF-F17,F17,F17.03,5,"Data Architecture plans, decisions and controlled records | Accurate evidence of completed work and approvals | Performance, exception and corrective-action information",,,,candidate-unreconciled-source-profile,No Wave 1-4 employment archetype currently references this function-derived source profile.,assess-retain-compose-or-functional-role-provenance
JP-F17.04-PROFESSIONAL,Master Data Specialist,professional,JF-F17,F17,F17.04,6,"Master Data Management plans, decisions and controlled records | Accurate evidence of completed work and approvals | Performance, exception and corrective-action information",,,,candidate-unreconciled-source-profile,No Wave 1-4 employment archetype currently references this function-derived source profile.,assess-retain-compose-or-functional-role-provenance
JP-F17.05-PROFESSIONAL,Reference Data Specialist,professional,JF-F17,F17,F17.05,4,"Reference Data plans, decisions and controlled records | Accurate evidence of completed work and approvals | Performance, exception and corrective-action information",,,,candidate-unreconciled-source-profile,No Wave 1-4 employment archetype currently references this function-derived source profile.,assess-retain-compose-or-functional-role-provenance
JP-F17.06-PROFESSIONAL,Data Quality Specialist,professional,JF-F17,F17,F17.06,5,"Data Quality plans, decisions and controlled records | Accurate evidence of completed work and approvals | Performance, exception and corrective-action information",,,,candidate-unreconciled-source-profile,No Wave 1-4 employment archetype currently references this function-derived source profile.,assess-retain-compose-or-functional-role-provenance
JP-F17.07-PROFESSIONAL,Data Engineer,professional,JF-F17,F17,F17.07,5,"Data Engineering plans, decisions and controlled records | Accurate evidence of completed work and approvals | Performance, exception and corrective-action information",,,,candidate-unreconciled-source-profile,No Wave 1-4 employment archetype currently references this function-derived source profile.,assess-retain-compose-or-functional-role-provenance
JP-F17.08-PROFESSIONAL,Data Platform Engineer,professional,JF-F17,F17,F17.08,3,"Data Platform plans, decisions and controlled records | Accurate evidence of completed work and approvals | Performance, exception and corrective-action information",,,,candidate-unreconciled-source-profile,No Wave 1-4 employment archetype currently references this function-derived source profile.,assess-retain-compose-or-functional-role-provenance
JP-F17.09-PROFESSIONAL,BI Developer,professional,JF-F17,F17,F17.09,5,"BI / Reporting plans, decisions and controlled records | Accurate evidence of completed work and approvals | Performance, exception and corrective-action information",,,,candidate-unreconciled-source-profile,No Wave 1-4 employment archetype currently references this function-derived source profile.,assess-retain-compose-or-functional-role-provenance
JP-F17.10-PROFESSIONAL,Data Analyst,professional,JF-F17,F17,F17.10,4,"Analytics plans, decisions and controlled records | Accurate evidence of completed work and approvals | Performance, exception and corrective-action information",,,,candidate-unreconciled-source-profile,No Wave 1-4 employment archetype currently references this function-derived source profile.,assess-retain-compose-or-functional-role-provenance
JP-F17.11-PROFESSIONAL,Data Scientist,professional,JF-F17,F17,F17.11,4,"Data Science plans, decisions and controlled records | Accurate evidence of completed work and approvals | Performance, exception and corrective-action information",,,,candidate-unreconciled-source-profile,No Wave 1-4 employment archetype currently references this function-derived source profile.,assess-retain-compose-or-functional-role-provenance
JP-F17.12-PROFESSIONAL,AI Engineer,professional,JF-F17,F17,F17.12,4,"AI Development plans, decisions and controlled records | Accurate evidence of completed work and approvals | Performance, exception and corrective-action information",,,,candidate-unreconciled-source-profile,No Wave 1-4 employment archetype currently references this function-derived source profile.,assess-retain-compose-or-functional-role-provenance
JP-F17.13-PROFESSIONAL,AI Governance Specialist,professional,JF-F17,F17,F17.13,5,"AI Governance plans, decisions and controlled records | Accurate evidence of completed work and approvals | Performance, exception and corrective-action information",,,,candidate-unreconciled-source-profile,No Wave 1-4 employment archetype currently references this function-derived source profile.,assess-retain-compose-or-functional-role-provenance
JP-F17.14-PROFESSIONAL,MLOps Engineer,professional,JF-F17,F17,F17.14,5,"Model Operations plans, decisions and controlled records | Accurate evidence of completed work and approvals | Performance, exception and corrective-action information",,,,candidate-unreconciled-source-profile,No Wave 1-4 employment archetype currently references this function-derived source profile.,assess-retain-compose-or-functional-role-provenance
JP-F17.15-PROFESSIONAL,Metadata & Data Catalogue Specialist,professional,JF-F17,F17,F17.15,4,"Metadata / Catalogue plans, decisions and controlled records | Accurate evidence of completed work and approvals | Performance, exception and corrective-action information",,,,candidate-unreconciled-source-profile,No Wave 1-4 employment archetype currently references this function-derived source profile.,assess-retain-compose-or-functional-role-provenance
JP-F17.16-PROFESSIONAL,Data Access Administrator,professional,JF-F17,F17,F17.16,5,"Data Access plans, decisions and controlled records | Accurate evidence of completed work and approvals | Performance, exception and corrective-action information",,,,candidate-unreconciled-source-profile,No Wave 1-4 employment archetype currently references this function-derived source profile.,assess-retain-compose-or-functional-role-provenance
JP-F17.17-PROFESSIONAL,Data Lifecycle Specialist,professional,JF-F17,F17,F17.17,5,"Data Lifecycle plans, decisions and controlled records | Accurate evidence of completed work and approvals | Performance, exception and corrective-action information",,,,candidate-unreconciled-source-profile,No Wave 1-4 employment archetype currently references this function-derived source profile.,assess-retain-compose-or-functional-role-provenance
JP-F18-FUNCTION-LEAD,Head of Cybersecurity & Information Security,head,JF-F18,F18,F18.01|F18.02|F18.03|F18.04|F18.05|F18.06|F18.07|F18.08|F18.09|F18.10|F18.11|F18.12|F18.13|F18.14|F18.15,64,"Cybersecurity & Information Security strategy and operating plan | Function policies, standards and governance decisions | Resource and investment priorities | Performance, risk and assurance reporting | Improvement and capability roadmap",,,,reconciled-retain-employment-profile-head,The generated function-lead profile represents a coherent reusable senior leadership employment role accountable across the function. Retain as a candidate Job Profile; its function scope defines accountability provenance and does not grant permissions or delegated authority.,decompose-head-role-work-products-governance-decisions-performance-and-handoffs
JP-F18.01-PROFESSIONAL,Security Strategy Manager,professional,JF-F18,F18,F18.01,4,"Security Strategy plans, decisions and controlled records | Accurate evidence of completed work and approvals | Performance, exception and corrective-action information",,,,candidate-unreconciled-source-profile,No Wave 1-4 employment archetype currently references this function-derived source profile.,assess-retain-compose-or-functional-role-provenance
JP-F18.02-PROFESSIONAL,Information Security Policy Specialist,professional,JF-F18,F18,F18.02,4,"Security Policy plans, decisions and controlled records | Accurate evidence of completed work and approvals | Performance, exception and corrective-action information",,,,candidate-unreconciled-source-profile,No Wave 1-4 employment archetype currently references this function-derived source profile.,assess-retain-compose-or-functional-role-provenance
JP-F18.03-PROFESSIONAL,Security Architect,professional,JF-F18,F18,F18.03,3,"Security Architecture plans, decisions and controlled records | Accurate evidence of completed work and approvals | Performance, exception and corrective-action information",,,,candidate-unreconciled-source-profile,No Wave 1-4 employment archetype currently references this function-derived source profile.,assess-retain-compose-or-functional-role-provenance
JP-F18.04-PROFESSIONAL,IAM Security Engineer,professional,JF-F18,F18,F18.04,4,"Identity & Access Security plans, decisions and controlled records | Accurate evidence of completed work and approvals | Performance, exception and corrective-action information",,,,candidate-unreconciled-source-profile,No Wave 1-4 employment archetype currently references this function-derived source profile.,assess-retain-compose-or-functional-role-provenance
JP-F18.05-PROFESSIONAL,Vulnerability Management Specialist,professional,JF-F18,F18,F18.05,5,"Vulnerability Management plans, decisions and controlled records | Accurate evidence of completed work and approvals | Performance, exception and corrective-action information",,,,candidate-unreconciled-source-profile,No Wave 1-4 employment archetype currently references this function-derived source profile.,assess-retain-compose-or-functional-role-provenance
JP-F18.06-PROFESSIONAL,Security Patch Specialist,professional,JF-F18,F18,F18.06,5,"Patch Security plans, decisions and controlled records | Accurate evidence of completed work and approvals | Performance, exception and corrective-action information",,,,candidate-unreconciled-source-profile,No Wave 1-4 employment archetype currently references this function-derived source profile.,assess-retain-compose-or-functional-role-provenance
JP-F18.07-PROFESSIONAL,SOC Analyst,professional,JF-F18,F18,F18.07,4,"Security Monitoring plans, decisions and controlled records | Accurate evidence of completed work and approvals | Performance, exception and corrective-action information",,,,candidate-unreconciled-source-profile,No Wave 1-4 employment archetype currently references this function-derived source profile.,assess-retain-compose-or-functional-role-provenance
JP-F18.08-PROFESSIONAL,Cyber Incident Responder,professional,JF-F18,F18,F18.08,6,"Security Incident Response plans, decisions and controlled records | Accurate evidence of completed work and approvals | Performance, exception and corrective-action information",,,,candidate-unreconciled-source-profile,No Wave 1-4 employment archetype currently references this function-derived source profile.,assess-retain-compose-or-functional-role-provenance
JP-F18.09-PROFESSIONAL,Threat Intelligence Analyst,professional,JF-F18,F18,F18.09,4,"Threat Intelligence plans, decisions and controlled records | Accurate evidence of completed work and approvals | Performance, exception and corrective-action information",,,,candidate-unreconciled-source-profile,No Wave 1-4 employment archetype currently references this function-derived source profile.,assess-retain-compose-or-functional-role-provenance
JP-F18.10-PROFESSIONAL,Penetration Tester,professional,JF-F18,F18,F18.10,5,"Penetration Testing plans, decisions and controlled records | Accurate evidence of completed work and approvals | Performance, exception and corrective-action information",,,,candidate-unreconciled-source-profile,No Wave 1-4 employment archetype currently references this function-derived source profile.,assess-retain-compose-or-functional-role-provenance
JP-F18.11-PROFESSIONAL,Application Security Engineer,professional,JF-F18,F18,F18.11,5,"Application Security plans, decisions and controlled records | Accurate evidence of completed work and approvals | Performance, exception and corrective-action information",,,,candidate-unreconciled-source-profile,No Wave 1-4 employment archetype currently references this function-derived source profile.,assess-retain-compose-or-functional-role-provenance
JP-F18.12-PROFESSIONAL,Third-Party Security Risk Specialist,professional,JF-F18,F18,F18.12,4,"Third-party Security plans, decisions and controlled records | Accurate evidence of completed work and approvals | Performance, exception and corrective-action information",,,,candidate-unreconciled-source-profile,No Wave 1-4 employment archetype currently references this function-derived source profile.,assess-retain-compose-or-functional-role-provenance
JP-F18.13-PROFESSIONAL,Security Awareness Specialist,professional,JF-F18,F18,F18.13,3,"Security Awareness plans, decisions and controlled records | Accurate evidence of completed work and approvals | Performance, exception and corrective-action information",,,,candidate-unreconciled-source-profile,No Wave 1-4 employment archetype currently references this function-derived source profile.,assess-retain-compose-or-functional-role-provenance
JP-F18.14-PROFESSIONAL,Cryptography & PKI Specialist,professional,JF-F18,F18,F18.14,4,"Cryptography plans, decisions and controlled records | Accurate evidence of completed work and approvals | Performance, exception and corrective-action information",,,,candidate-unreconciled-source-profile,No Wave 1-4 employment archetype currently references this function-derived source profile.,assess-retain-compose-or-functional-role-provenance
JP-F18.15-PROFESSIONAL,Security Compliance Specialist,professional,JF-F18,F18,F18.15,4,"Security Compliance plans, decisions and controlled records | Accurate evidence of completed work and approvals | Performance, exception and corrective-action information",,,,candidate-unreconciled-source-profile,No Wave 1-4 employment archetype currently references this function-derived source profile.,assess-retain-compose-or-functional-role-provenance
JP-F19-FUNCTION-LEAD,Head of Legal & Corporate Secretariat,head,JF-F19,F19,F19.01|F19.02|F19.03|F19.04|F19.05|F19.06|F19.07|F19.08|F19.09|F19.10|F19.11|F19.12,51,"Legal & Corporate Secretariat strategy and operating plan | Function policies, standards and governance decisions | Resource and investment priorities | Performance, risk and assurance reporting | Improvement and capability roadmap",,,,reconciled-retain-employment-profile-head,The generated function-lead profile represents a coherent reusable senior leadership employment role accountable across the function. Retain as a candidate Job Profile; its function scope defines accountability provenance and does not grant permissions or delegated authority.,decompose-head-role-work-products-governance-decisions-performance-and-handoffs
JP-F19.01-PROFESSIONAL,Legal Counsel,professional,JF-F19,F19,F19.01,3,"Legal Advisory plans, decisions and controlled records | Accurate evidence of completed work and approvals | Performance, exception and corrective-action information",,,,candidate-unreconciled-source-profile,No Wave 1-4 employment archetype currently references this function-derived source profile.,assess-retain-compose-or-functional-role-provenance
JP-F19.02-PROFESSIONAL,Commercial Contracts Counsel,professional,JF-F19,F19,F19.02,8,"Contract Management plans, decisions and controlled records | Accurate evidence of completed work and approvals | Performance, exception and corrective-action information",JOB-CCM,Construction Contracts Manager,candidate-multi-profile-composition,reconciled-retain-and-compose,The source title represents a plausible standalone employment role. Retain it as a candidate Job Profile while allowing its Functional Role/accountabilities to be composed into broader employment jobs evidenced by Waves 1-4.,validate-own-work-products-and-functional-role-reuse
JP-F19.03-PROFESSIONAL,Contract Administrator,professional,JF-F19,F19,F19.03,4,"Contract Repository plans, decisions and controlled records | Accurate evidence of completed work and approvals | Performance, exception and corrective-action information",JOB-CCM,Construction Contracts Manager,candidate-multi-profile-composition,reconciled-retain-and-compose,The source title represents a plausible standalone employment role. Retain it as a candidate Job Profile while allowing its Functional Role/accountabilities to be composed into broader employment jobs evidenced by Waves 1-4.,validate-own-work-products-and-functional-role-reuse
JP-F19.04-PROFESSIONAL,Corporate Counsel,professional,JF-F19,F19,F19.04,4,"Corporate Legal plans, decisions and controlled records | Accurate evidence of completed work and approvals | Performance, exception and corrective-action information",,,,candidate-unreconciled-source-profile,No Wave 1-4 employment archetype currently references this function-derived source profile.,assess-retain-compose-or-functional-role-provenance
JP-F19.05-PROFESSIONAL,Company Secretary,professional,JF-F19,F19,F19.05,4,"Company Secretariat plans, decisions and controlled records | Accurate evidence of completed work and approvals | Performance, exception and corrective-action information",,,,candidate-unreconciled-source-profile,No Wave 1-4 employment archetype currently references this function-derived source profile.,assess-retain-compose-or-functional-role-provenance
JP-F19.06-PROFESSIONAL,Intellectual Property Counsel,professional,JF-F19,F19,F19.06,4,"Intellectual Property plans, decisions and controlled records | Accurate evidence of completed work and approvals | Performance, exception and corrective-action information",,,,candidate-unreconciled-source-profile,No Wave 1-4 employment archetype currently references this function-derived source profile.,assess-retain-compose-or-functional-role-provenance
JP-F19.07-PROFESSIONAL,Litigation Counsel,professional,JF-F19,F19,F19.07,5,"Litigation plans, decisions and controlled records | Accurate evidence of completed work and approvals | Performance, exception and corrective-action information",,,,candidate-unreconciled-source-profile,No Wave 1-4 employment archetype currently references this function-derived source profile.,assess-retain-compose-or-functional-role-provenance
JP-F19.08-PROFESSIONAL,Regulatory Counsel,professional,JF-F19,F19,F19.08,3,"Regulatory Legal plans, decisions and controlled records | Accurate evidence of completed work and approvals | Performance, exception and corrective-action information",,,,candidate-unreconciled-source-profile,No Wave 1-4 employment archetype currently references this function-derived source profile.,assess-retain-compose-or-functional-role-provenance
JP-F19.09-PROFESSIONAL,Employment Counsel,professional,JF-F19,F19,F19.09,4,"Employment Legal plans, decisions and controlled records | Accurate evidence of completed work and approvals | Performance, exception and corrective-action information",,,,candidate-unreconciled-source-profile,No Wave 1-4 employment archetype currently references this function-derived source profile.,assess-retain-compose-or-functional-role-provenance
JP-F19.10-PROFESSIONAL,Legal Operations Specialist,professional,JF-F19,F19,F19.10,4,"Legal Spend plans, decisions and controlled records | Accurate evidence of completed work and approvals | Performance, exception and corrective-action information",,,,candidate-unreconciled-source-profile,No Wave 1-4 employment archetype currently references this function-derived source profile.,assess-retain-compose-or-functional-role-provenance
JP-F19.11-PROFESSIONAL,eDiscovery Specialist,professional,JF-F19,F19,F19.11,5,"Legal Hold / EDiscovery plans, decisions and controlled records | Accurate evidence of completed work and approvals | Performance, exception and corrective-action information",,,,candidate-unreconciled-source-profile,No Wave 1-4 employment archetype currently references this function-derived source profile.,assess-retain-compose-or-functional-role-provenance
JP-F19.12-PROFESSIONAL,Legal Obligations Manager,professional,JF-F19,F19,F19.12,3,"Legal Obligations plans, decisions and controlled records | Accurate evidence of completed work and approvals | Performance, exception and corrective-action information",,,,candidate-unreconciled-source-profile,No Wave 1-4 employment archetype currently references this function-derived source profile.,assess-retain-compose-or-functional-role-provenance
JP-F20-FUNCTION-LEAD,"Head of Risk, Compliance & Assurance",head,JF-F20,F20,F20.01|F20.02|F20.03|F20.04|F20.05|F20.06|F20.07|F20.08|F20.09|F20.10|F20.11|F20.12|F20.13|F20.14|F20.15|F20.16,63,"Risk, Compliance, Internal Control & Audit strategy and operating plan | Function policies, standards and governance decisions | Resource and investment priorities | Performance, risk and assurance reporting | Improvement and capability roadmap",,,,reconciled-retain-employment-profile-head,The generated function-lead profile represents a coherent reusable senior leadership employment role accountable across the function. Retain as a candidate Job Profile; its function scope defines accountability provenance and does not grant permissions or delegated authority.,decompose-head-role-work-products-governance-decisions-performance-and-handoffs
JP-F20.01-PROFESSIONAL,Enterprise Risk Manager,professional,JF-F20,F20,F20.01,4,"Risk Framework plans, decisions and controlled records | Accurate evidence of completed work and approvals | Performance, exception and corrective-action information",,,,candidate-unreconciled-source-profile,No Wave 1-4 employment archetype currently references this function-derived source profile.,assess-retain-compose-or-functional-role-provenance
JP-F20.02-PROFESSIONAL,Risk Analyst,professional,JF-F20,F20,F20.02,3,"Risk Identification plans, decisions and controlled records | Accurate evidence of completed work and approvals | Performance, exception and corrective-action information",,,,reconciled-compose-into-risk-analyst,Risk Identification and Risk Assessment are successive accountabilities of one Risk Analyst employment role over the same Enterprise Risk / Assessment aggregate.,compose-f20-02-and-f20-03-activities-into-one-job-profile
JP-F20.03-PROFESSIONAL,Risk Analyst,professional,JF-F20,F20,F20.03,4,"Risk Assessment plans, decisions and controlled records | Accurate evidence of completed work and approvals | Performance, exception and corrective-action information",,,,reconciled-compose-into-risk-analyst,Risk Identification and Risk Assessment are successive accountabilities of one Risk Analyst employment role over the same Enterprise Risk / Assessment aggregate.,compose-f20-02-and-f20-03-activities-into-one-job-profile
JP-F20.04-PROFESSIONAL,Risk Manager,professional,JF-F20,F20,F20.04,5,"Risk Treatment plans, decisions and controlled records | Accurate evidence of completed work and approvals | Performance, exception and corrective-action information",,,,candidate-unreconciled-source-profile,No Wave 1-4 employment archetype currently references this function-derived source profile.,assess-retain-compose-or-functional-role-provenance
JP-F20.05-PROFESSIONAL,Risk Monitoring Analyst,professional,JF-F20,F20,F20.05,4,"Risk Monitoring plans, decisions and controlled records | Accurate evidence of completed work and approvals | Performance, exception and corrective-action information",,,,candidate-unreconciled-source-profile,No Wave 1-4 employment archetype currently references this function-derived source profile.,assess-retain-compose-or-functional-role-provenance
JP-F20.06-PROFESSIONAL,Compliance Manager,professional,JF-F20,F20,F20.06,4,"Regulatory Compliance plans, decisions and controlled records | Accurate evidence of completed work and approvals | Performance, exception and corrective-action information",,,,candidate-unreconciled-source-profile,No Wave 1-4 employment archetype currently references this function-derived source profile.,assess-retain-compose-or-functional-role-provenance
JP-F20.07-PROFESSIONAL,Compliance Monitoring Specialist,professional,JF-F20,F20,F20.07,4,"Compliance Monitoring plans, decisions and controlled records | Accurate evidence of completed work and approvals | Performance, exception and corrective-action information",,,,candidate-unreconciled-source-profile,No Wave 1-4 employment archetype currently references this function-derived source profile.,assess-retain-compose-or-functional-role-provenance
JP-F20.08-PROFESSIONAL,Internal Controls Specialist,professional,JF-F20,F20,F20.08,4,"Control Management plans, decisions and controlled records | Accurate evidence of completed work and approvals | Performance, exception and corrective-action information",,,,candidate-unreconciled-source-profile,No Wave 1-4 employment archetype currently references this function-derived source profile.,assess-retain-compose-or-functional-role-provenance
JP-F20.09-PROFESSIONAL,Controls Assurance Specialist,professional,JF-F20,F20,F20.09,4,"Control Testing plans, decisions and controlled records | Accurate evidence of completed work and approvals | Performance, exception and corrective-action information",,,,candidate-unreconciled-source-profile,No Wave 1-4 employment archetype currently references this function-derived source profile.,assess-retain-compose-or-functional-role-provenance
JP-F20.10-PROFESSIONAL,Internal Audit Manager,professional,JF-F20,F20,F20.10,3,"Internal Audit Planning plans, decisions and controlled records | Accurate evidence of completed work and approvals | Performance, exception and corrective-action information",,,,reconciled-compose-into-internal-audit-manager,Internal Audit Planning and Audit Reporting are lifecycle responsibilities of one Internal Audit Manager role. F20.11 Internal Auditor remains a distinct execution role.,compose-f20-10-and-f20-12-and-define-manager-vs-auditor-handoff
JP-F20.11-PROFESSIONAL,Internal Auditor,professional,JF-F20,F20,F20.11,5,"Audit Execution plans, decisions and controlled records | Accurate evidence of completed work and approvals | Performance, exception and corrective-action information",,,,candidate-unreconciled-source-profile,No Wave 1-4 employment archetype currently references this function-derived source profile.,assess-retain-compose-or-functional-role-provenance
JP-F20.12-PROFESSIONAL,Internal Audit Manager,professional,JF-F20,F20,F20.12,4,"Audit Reporting plans, decisions and controlled records | Accurate evidence of completed work and approvals | Performance, exception and corrective-action information",,,,reconciled-compose-into-internal-audit-manager,Internal Audit Planning and Audit Reporting are lifecycle responsibilities of one Internal Audit Manager role. F20.11 Internal Auditor remains a distinct execution role.,compose-f20-10-and-f20-12-and-define-manager-vs-auditor-handoff
JP-F20.13-PROFESSIONAL,Remediation Manager,professional,JF-F20,F20,F20.13,5,"Issue / Remediation plans, decisions and controlled records | Accurate evidence of completed work and approvals | Performance, exception and corrective-action information",,,,candidate-unreconciled-source-profile,No Wave 1-4 employment archetype currently references this function-derived source profile.,assess-retain-compose-or-functional-role-provenance
JP-F20.14-PROFESSIONAL,Fraud Risk Specialist,professional,JF-F20,F20,F20.14,3,"Fraud Risk plans, decisions and controlled records | Accurate evidence of completed work and approvals | Performance, exception and corrective-action information",,,,candidate-unreconciled-source-profile,No Wave 1-4 employment archetype currently references this function-derived source profile.,assess-retain-compose-or-functional-role-provenance
JP-F20.15-PROFESSIONAL,Ethics & Conduct Officer,professional,JF-F20,F20,F20.15,4,"Ethics & Conduct plans, decisions and controlled records | Accurate evidence of completed work and approvals | Performance, exception and corrective-action information",,,,candidate-unreconciled-source-profile,No Wave 1-4 employment archetype currently references this function-derived source profile.,assess-retain-compose-or-functional-role-provenance
JP-F20.16-PROFESSIONAL,Assurance Manager,professional,JF-F20,F20,F20.16,3,"Assurance Coordination plans, decisions and controlled records | Accurate evidence of completed work and approvals | Performance, exception and corrective-action information",,,,candidate-unreconciled-source-profile,No Wave 1-4 employment archetype currently references this function-derived source profile.,assess-retain-compose-or-functional-role-provenance
JP-F21-FUNCTION-LEAD,Head of Privacy & Information Governance,head,JF-F21,F21,F21.01|F21.02|F21.03|F21.04|F21.05|F21.06|F21.07|F21.08|F21.09,33,"Privacy & Information Governance strategy and operating plan | Function policies, standards and governance decisions | Resource and investment priorities | Performance, risk and assurance reporting | Improvement and capability roadmap",,,,reconciled-retain-employment-profile-head,The generated function-lead profile represents a coherent reusable senior leadership employment role accountable across the function. Retain as a candidate Job Profile; its function scope defines accountability provenance and does not grant permissions or delegated authority.,decompose-head-role-work-products-governance-decisions-performance-and-handoffs
JP-F21.01-PROFESSIONAL,Privacy Manager,professional,JF-F21,F21,F21.01,3,"Privacy Governance plans, decisions and controlled records | Accurate evidence of completed work and approvals | Performance, exception and corrective-action information",,,,candidate-unreconciled-source-profile,No Wave 1-4 employment archetype currently references this function-derived source profile.,assess-retain-compose-or-functional-role-provenance
JP-F21.02-PROFESSIONAL,Privacy Operations Specialist,professional,JF-F21,F21,F21.02,5,"Processing Inventory plans, decisions and controlled records | Accurate evidence of completed work and approvals | Performance, exception and corrective-action information",,,,candidate-unreconciled-source-profile,No Wave 1-4 employment archetype currently references this function-derived source profile.,assess-retain-compose-or-functional-role-provenance
JP-F21.03-PROFESSIONAL,Privacy Risk Specialist,professional,JF-F21,F21,F21.03,4,"Privacy Impact Assessment plans, decisions and controlled records | Accurate evidence of completed work and approvals | Performance, exception and corrective-action information",,,,candidate-unreconciled-source-profile,No Wave 1-4 employment archetype currently references this function-derived source profile.,assess-retain-compose-or-functional-role-provenance
JP-F21.04-PROFESSIONAL,Consent & Preferences Specialist,professional,JF-F21,F21,F21.04,3,"Consent / Preferences plans, decisions and controlled records | Accurate evidence of completed work and approvals | Performance, exception and corrective-action information",,,,candidate-unreconciled-source-profile,No Wave 1-4 employment archetype currently references this function-derived source profile.,assess-retain-compose-or-functional-role-provenance
JP-F21.05-PROFESSIONAL,Data Rights Specialist,professional,JF-F21,F21,F21.05,5,"Data Subject Rights plans, decisions and controlled records | Accurate evidence of completed work and approvals | Performance, exception and corrective-action information",,,,candidate-unreconciled-source-profile,No Wave 1-4 employment archetype currently references this function-derived source profile.,assess-retain-compose-or-functional-role-provenance
JP-F21.06-PROFESSIONAL,Privacy Incident Manager,professional,JF-F21,F21,F21.06,4,"Privacy Incidents plans, decisions and controlled records | Accurate evidence of completed work and approvals | Performance, exception and corrective-action information",,,,candidate-unreconciled-source-profile,No Wave 1-4 employment archetype currently references this function-derived source profile.,assess-retain-compose-or-functional-role-provenance
JP-F21.07-PROFESSIONAL,International Data Transfer Specialist,professional,JF-F21,F21,F21.07,3,"International Transfers plans, decisions and controlled records | Accurate evidence of completed work and approvals | Performance, exception and corrective-action information",,,,candidate-unreconciled-source-profile,No Wave 1-4 employment archetype currently references this function-derived source profile.,assess-retain-compose-or-functional-role-provenance
JP-F21.08-PROFESSIONAL,Information Retention Specialist,professional,JF-F21,F21,F21.08,3,"Retention plans, decisions and controlled records | Accurate evidence of completed work and approvals | Performance, exception and corrective-action information",,,,reconciled-retain-employment-profile,"F21.08 explicitly defines retention schedules, applies retention and destroys information. The source title is semantically correct and distinct from F08 customer retention.",define-retention-schedule-disposition-work-products
JP-F21.09-PROFESSIONAL,Privacy Assurance Specialist,professional,JF-F21,F21,F21.09,3,"Privacy Assurance plans, decisions and controlled records | Accurate evidence of completed work and approvals | Performance, exception and corrective-action information",,,,candidate-unreconciled-source-profile,No Wave 1-4 employment archetype currently references this function-derived source profile.,assess-retain-compose-or-functional-role-provenance
JP-F22-FUNCTION-LEAD,"Head of Property, Facilities & Physical Assets",head,JF-F22,F22,F22.01|F22.02|F22.03|F22.04|F22.05|F22.06|F22.07|F22.08|F22.09|F22.10|F22.11|F22.12|F22.13|F22.14,57,"Property, Facilities & Physical Assets strategy and operating plan | Function policies, standards and governance decisions | Resource and investment priorities | Performance, risk and assurance reporting | Improvement and capability roadmap",,,,reconciled-retain-employment-profile-head,The generated function-lead profile represents a coherent reusable senior leadership employment role accountable across the function. Retain as a candidate Job Profile; its function scope defines accountability provenance and does not grant permissions or delegated authority.,decompose-head-role-work-products-governance-decisions-performance-and-handoffs
JP-F22.01-PROFESSIONAL,Asset Strategy Manager,professional,JF-F22,F22,F22.01,3,"Asset Strategy plans, decisions and controlled records | Accurate evidence of completed work and approvals | Performance, exception and corrective-action information",JOB-AM,Asset Manager,candidate-multi-profile-composition,reconciled-retain-and-compose,The source title represents a plausible standalone employment role. Retain it as a candidate Job Profile while allowing its Functional Role/accountabilities to be composed into broader employment jobs evidenced by Waves 1-4.,validate-own-work-products-and-functional-role-reuse
JP-F22.02-PROFESSIONAL,Capital Planning Manager,professional,JF-F22,F22,F22.02,3,"Capital Planning plans, decisions and controlled records | Accurate evidence of completed work and approvals | Performance, exception and corrective-action information",JOB-PDS,Planning and Development Surveyor,candidate-multi-profile-composition,reconciled-retain-and-compose,The source title represents a plausible standalone employment role. Retain it as a candidate Job Profile while allowing its Functional Role/accountabilities to be composed into broader employment jobs evidenced by Waves 1-4.,validate-own-work-products-and-functional-role-reuse
JP-F22.03-PROFESSIONAL,Asset Acquisition Specialist,professional,JF-F22,F22,F22.03,5,"Asset Acquisition plans, decisions and controlled records | Accurate evidence of completed work and approvals | Performance, exception and corrective-action information",,,,reconciled-retain-employment-profile,"The F22 source title and accountability describe a coherent independently employable property/asset/facilities specialist role. Retain as a reusable Job Profile candidate; validate explicit Work Products, canonical ownership, lifecycle and handoffs.",decompose-f22-role-work-products-and-validate-property-asset-aggregate-boundaries
JP-F22.04-PROFESSIONAL,Property Acquisition Manager,professional,JF-F22,F22,F22.04,4,"Property Acquisition plans, decisions and controlled records | Accurate evidence of completed work and approvals | Performance, exception and corrective-action information",JOB-GPS|JOB-PDS|JOB-RS,General Practice Surveyor|Planning and Development Surveyor|Rural Surveyor,candidate-multi-profile-composition,reconciled-retain-and-compose,The source title represents a plausible standalone employment role. Retain it as a candidate Job Profile while allowing its Functional Role/accountabilities to be composed into broader employment jobs evidenced by Waves 1-4.,validate-own-work-products-and-functional-role-reuse
JP-F22.05-PROFESSIONAL,Construction Project Manager,professional,JF-F22,F22,F22.05,6,"Construction / Project Delivery plans, decisions and controlled records | Accurate evidence of completed work and approvals | Performance, exception and corrective-action information",JOB-CM,Construction Manager,candidate-partial-match,reconciled-retain-and-compose,The source title represents a plausible standalone employment role. Retain it as a candidate Job Profile while allowing its Functional Role/accountabilities to be composed into broader employment jobs evidenced by Waves 1-4.,validate-own-work-products-and-functional-role-reuse
JP-F22.06-PROFESSIONAL,Asset Information Manager,professional,JF-F22,F22,F22.06,5,"Asset Register plans, decisions and controlled records | Accurate evidence of completed work and approvals | Performance, exception and corrective-action information",JOB-AM,Asset Manager,candidate-multi-profile-composition,reconciled-retain-and-compose,The source title represents a plausible standalone employment role. Retain it as a candidate Job Profile while allowing its Functional Role/accountabilities to be composed into broader employment jobs evidenced by Waves 1-4.,validate-own-work-products-and-functional-role-reuse
JP-F22.07-PROFESSIONAL,Maintenance Planner,professional,JF-F22,F22,F22.07,4,"Preventive Maintenance plans, decisions and controlled records | Accurate evidence of completed work and approvals | Performance, exception and corrective-action information",JOB-MP,Maintenance Planner,candidate-direct-plus-adjacent,reconciled-retain-and-compose,The source title represents a plausible standalone employment role. Retain it as a candidate Job Profile while allowing its Functional Role/accountabilities to be composed into broader employment jobs evidenced by Waves 1-4.,validate-own-work-products-and-functional-role-reuse
JP-F22.08-PROFESSIONAL,Maintenance Coordinator,professional,JF-F22,F22,F22.08,5,"Reactive Maintenance plans, decisions and controlled records | Accurate evidence of completed work and approvals | Performance, exception and corrective-action information",JOB-MP,Maintenance Planner,candidate-direct-plus-adjacent,reconciled-retain-and-compose,The source title represents a plausible standalone employment role. Retain it as a candidate Job Profile while allowing its Functional Role/accountabilities to be composed into broader employment jobs evidenced by Waves 1-4.,validate-own-work-products-and-functional-role-reuse
JP-F22.09-PROFESSIONAL,Reliability Engineer,professional,JF-F22,F22,F22.09,3,"Reliability plans, decisions and controlled records | Accurate evidence of completed work and approvals | Performance, exception and corrective-action information",,,,reconciled-retain-employment-profile,"The F22 source title and accountability describe a coherent independently employable property/asset/facilities specialist role. Retain as a reusable Job Profile candidate; validate explicit Work Products, canonical ownership, lifecycle and handoffs.",decompose-f22-role-work-products-and-validate-property-asset-aggregate-boundaries
JP-F22.10-PROFESSIONAL,Facilities Manager,professional,JF-F22,F22,F22.10,5,"Facilities Operations plans, decisions and controlled records | Accurate evidence of completed work and approvals | Performance, exception and corrective-action information",JOB-FM,Facilities Manager,candidate-partial-match,reconciled-retain-and-compose,The source title represents a plausible standalone employment role. Retain it as a candidate Job Profile while allowing its Functional Role/accountabilities to be composed into broader employment jobs evidenced by Waves 1-4.,validate-own-work-products-and-functional-role-reuse
JP-F22.11-PROFESSIONAL,Space Planning Manager,professional,JF-F22,F22,F22.11,3,"Space Management plans, decisions and controlled records | Accurate evidence of completed work and approvals | Performance, exception and corrective-action information",,,,reconciled-retain-employment-profile,"The F22 source title and accountability describe a coherent independently employable property/asset/facilities specialist role. Retain as a reusable Job Profile candidate; validate explicit Work Products, canonical ownership, lifecycle and handoffs.",decompose-f22-role-work-products-and-validate-property-asset-aggregate-boundaries
JP-F22.12-PROFESSIONAL,Lease Manager,professional,JF-F22,F22,F22.12,4,"Lease Management plans, decisions and controlled records | Accurate evidence of completed work and approvals | Performance, exception and corrective-action information",JOB-GPS|JOB-RS,General Practice Surveyor|Rural Surveyor,candidate-multi-profile-composition,reconciled-retain-and-compose,The source title represents a plausible standalone employment role. Retain it as a candidate Job Profile while allowing its Functional Role/accountabilities to be composed into broader employment jobs evidenced by Waves 1-4.,validate-own-work-products-and-functional-role-reuse
JP-F22.13-PROFESSIONAL,Utilities Manager,professional,JF-F22,F22,F22.13,3,"Utilities Management plans, decisions and controlled records | Accurate evidence of completed work and approvals | Performance, exception and corrective-action information",,,,reconciled-retain-employment-profile,"The F22 source title and accountability describe a coherent independently employable property/asset/facilities specialist role. Retain as a reusable Job Profile candidate; validate explicit Work Products, canonical ownership, lifecycle and handoffs.",decompose-f22-role-work-products-and-validate-property-asset-aggregate-boundaries
JP-F22.14-PROFESSIONAL,Asset Disposal Specialist,professional,JF-F22,F22,F22.14,4,"Asset Disposal plans, decisions and controlled records | Accurate evidence of completed work and approvals | Performance, exception and corrective-action information",JOB-AM|JOB-RS,Asset Manager|Rural Surveyor,candidate-multi-profile-composition,reconciled-retain-and-compose,The source title represents a plausible standalone employment role. Retain it as a candidate Job Profile while allowing its Functional Role/accountabilities to be composed into broader employment jobs evidenced by Waves 1-4.,validate-own-work-products-and-functional-role-reuse
JP-F23-FUNCTION-LEAD,Head of HSE & Sustainability,head,JF-F23,F23,F23.01|F23.02|F23.03|F23.04|F23.05|F23.06|F23.07|F23.08|F23.09|F23.10|F23.11|F23.12|F23.13|F23.14,55,"Health, Safety, Environment & Sustainability strategy and operating plan | Function policies, standards and governance decisions | Resource and investment priorities | Performance, risk and assurance reporting | Improvement and capability roadmap",,,,reconciled-retain-employment-profile-head,The generated function-lead profile represents a coherent reusable senior leadership employment role accountable across the function. Retain as a candidate Job Profile; its function scope defines accountability provenance and does not grant permissions or delegated authority.,decompose-head-role-work-products-governance-decisions-performance-and-handoffs
JP-F23.01-PROFESSIONAL,Health & Safety Manager,professional,JF-F23,F23,F23.01,4,"H&S Management plans, decisions and controlled records | Accurate evidence of completed work and approvals | Performance, exception and corrective-action information",JOB-HS,Health & Safety Manager,candidate-multi-profile-composition,reconciled-retain-and-compose,The source title represents a plausible standalone employment role. Retain it as a candidate Job Profile while allowing its Functional Role/accountabilities to be composed into broader employment jobs evidenced by Waves 1-4.,validate-own-work-products-and-functional-role-reuse
JP-F23.02-PROFESSIONAL,Health & Safety Risk Specialist,professional,JF-F23,F23,F23.02,3,"Hazard Identification plans, decisions and controlled records | Accurate evidence of completed work and approvals | Performance, exception and corrective-action information",JOB-HS,Health & Safety Manager,candidate-multi-profile-composition,reconciled-retain-and-compose,The source title represents a plausible standalone employment role. Retain it as a candidate Job Profile while allowing its Functional Role/accountabilities to be composed into broader employment jobs evidenced by Waves 1-4.,validate-own-work-products-and-functional-role-reuse
JP-F23.03-PROFESSIONAL,Safety Inspector,professional,JF-F23,F23,F23.03,4,"Workplace Inspections plans, decisions and controlled records | Accurate evidence of completed work and approvals | Performance, exception and corrective-action information",JOB-HS,Health & Safety Manager,candidate-multi-profile-composition,reconciled-retain-and-compose,The source title represents a plausible standalone employment role. Retain it as a candidate Job Profile while allowing its Functional Role/accountabilities to be composed into broader employment jobs evidenced by Waves 1-4.,validate-own-work-products-and-functional-role-reuse
JP-F23.04-PROFESSIONAL,Safety Incident Investigator,professional,JF-F23,F23,F23.04,4,"Incident Management plans, decisions and controlled records | Accurate evidence of completed work and approvals | Performance, exception and corrective-action information",JOB-HS,Health & Safety Manager,candidate-multi-profile-composition,reconciled-retain-and-compose,The source title represents a plausible standalone employment role. Retain it as a candidate Job Profile while allowing its Functional Role/accountabilities to be composed into broader employment jobs evidenced by Waves 1-4.,validate-own-work-products-and-functional-role-reuse
JP-F23.05-PROFESSIONAL,Occupational Health Specialist,professional,JF-F23,F23,F23.05,3,"Occupational Health plans, decisions and controlled records | Accurate evidence of completed work and approvals | Performance, exception and corrective-action information",,,,reconciled-retain-employment-profile,"The F23 source title and accountability describe a coherent independently employable HSE/sustainability specialist role. Retain as a reusable Job Profile candidate even where aggregate infrastructure is currently shared; validate domain-specific Work Products, competence, authority and evidence.",decompose-f23-role-work-products-and-validate-hse-sustainability-aggregate-boundaries
JP-F23.06-PROFESSIONAL,Permit-to-Work Coordinator,professional,JF-F23,F23,F23.06,5,"Permit-to-work plans, decisions and controlled records | Accurate evidence of completed work and approvals | Performance, exception and corrective-action information",,,,reconciled-retain-employment-profile,"The F23 source title and accountability describe a coherent independently employable HSE/sustainability specialist role. Retain as a reusable Job Profile candidate even where aggregate infrastructure is currently shared; validate domain-specific Work Products, competence, authority and evidence.",decompose-f23-role-work-products-and-validate-hse-sustainability-aggregate-boundaries
JP-F23.07-PROFESSIONAL,Environmental Manager,professional,JF-F23,F23,F23.07,3,"Environmental Management plans, decisions and controlled records | Accurate evidence of completed work and approvals | Performance, exception and corrective-action information",JOB-ENV,Environmental Manager,candidate-multi-profile-composition,reconciled-retain-and-compose,The source title represents a plausible standalone employment role. Retain it as a candidate Job Profile while allowing its Functional Role/accountabilities to be composed into broader employment jobs evidenced by Waves 1-4.,validate-own-work-products-and-functional-role-reuse
JP-F23.08-PROFESSIONAL,Waste Management Specialist,professional,JF-F23,F23,F23.08,6,"Waste Management plans, decisions and controlled records | Accurate evidence of completed work and approvals | Performance, exception and corrective-action information",,,,reconciled-retain-employment-profile,"The F23 source title and accountability describe a coherent independently employable HSE/sustainability specialist role. Retain as a reusable Job Profile candidate even where aggregate infrastructure is currently shared; validate domain-specific Work Products, competence, authority and evidence.",decompose-f23-role-work-products-and-validate-hse-sustainability-aggregate-boundaries
JP-F23.09-PROFESSIONAL,Carbon Manager,professional,JF-F23,F23,F23.09,4,"Carbon Management plans, decisions and controlled records | Accurate evidence of completed work and approvals | Performance, exception and corrective-action information",,,,reconciled-retain-employment-profile,"The F23 source title and accountability describe a coherent independently employable HSE/sustainability specialist role. Retain as a reusable Job Profile candidate even where aggregate infrastructure is currently shared; validate domain-specific Work Products, competence, authority and evidence.",decompose-f23-role-work-products-and-validate-hse-sustainability-aggregate-boundaries
JP-F23.10-PROFESSIONAL,Energy Manager,professional,JF-F23,F23,F23.10,4,"Energy Management plans, decisions and controlled records | Accurate evidence of completed work and approvals | Performance, exception and corrective-action information",JOB-CEA|JOB-DEA,Commercial Energy Assessor|Domestic Energy Assessor,candidate-adjacent-profile,reconciled-retain-distinct-employment-profile,This is a legitimate standalone employment role distinct from the Wave archetype that referenced it as adjacent capability. Retain the Job Profile and reuse only its Functional Role where relevant.,define-own-work-products-and-keep-wave-archetype-separate
JP-F23.11-PROFESSIONAL,Sustainability Manager,professional,JF-F23,F23,F23.11,3,"Sustainability Strategy plans, decisions and controlled records | Accurate evidence of completed work and approvals | Performance, exception and corrective-action information",,,,reconciled-retain-employment-profile,"The F23 source title and accountability describe a coherent independently employable HSE/sustainability specialist role. Retain as a reusable Job Profile candidate even where aggregate infrastructure is currently shared; validate domain-specific Work Products, competence, authority and evidence.",decompose-f23-role-work-products-and-validate-hse-sustainability-aggregate-boundaries
JP-F23.12-PROFESSIONAL,ESG Reporting Specialist,professional,JF-F23,F23,F23.12,5,"ESG Reporting plans, decisions and controlled records | Accurate evidence of completed work and approvals | Performance, exception and corrective-action information",,,,reconciled-retain-employment-profile,"The F23 source title and accountability describe a coherent independently employable HSE/sustainability specialist role. Retain as a reusable Job Profile candidate even where aggregate infrastructure is currently shared; validate domain-specific Work Products, competence, authority and evidence.",decompose-f23-role-work-products-and-validate-hse-sustainability-aggregate-boundaries
JP-F23.13-PROFESSIONAL,Sustainable Procurement Specialist,professional,JF-F23,F23,F23.13,3,"Sustainable Supply Chain plans, decisions and controlled records | Accurate evidence of completed work and approvals | Performance, exception and corrective-action information",,,,reconciled-retain-employment-profile,"The F23 source title and accountability describe a coherent independently employable HSE/sustainability specialist role. Retain as a reusable Job Profile candidate even where aggregate infrastructure is currently shared; validate domain-specific Work Products, competence, authority and evidence.",decompose-f23-role-work-products-and-validate-hse-sustainability-aggregate-boundaries
JP-F23.14-PROFESSIONAL,Environmental Compliance Specialist,professional,JF-F23,F23,F23.14,4,"Environmental Compliance plans, decisions and controlled records | Accurate evidence of completed work and approvals | Performance, exception and corrective-action information",JOB-ENV,Environmental Manager,candidate-multi-profile-composition,reconciled-retain-and-compose,The source title represents a plausible standalone employment role. Retain it as a candidate Job Profile while allowing its Functional Role/accountabilities to be composed into broader employment jobs evidenced by Waves 1-4.,validate-own-work-products-and-functional-role-reuse
JP-F24-FUNCTION-LEAD,"Head of Business Continuity, Crisis & Physical Security",head,JF-F24,F24,F24.01|F24.02|F24.03|F24.04|F24.05|F24.06|F24.07|F24.08|F24.09|F24.10|F24.11|F24.12,45,"Business Continuity, Crisis & Physical Security strategy and operating plan | Function policies, standards and governance decisions | Resource and investment priorities | Performance, risk and assurance reporting | Improvement and capability roadmap",,,,reconciled-retain-employment-profile-head,The generated function-lead profile represents a coherent reusable senior leadership employment role accountable across the function. Retain as a candidate Job Profile; its function scope defines accountability provenance and does not grant permissions or delegated authority.,decompose-head-role-work-products-governance-decisions-performance-and-handoffs
JP-F24.01-PROFESSIONAL,Business Continuity Manager,professional,JF-F24,F24,F24.01,4,"Business Continuity Governance plans, decisions and controlled records | Accurate evidence of completed work and approvals | Performance, exception and corrective-action information",,,,candidate-unreconciled-source-profile,No Wave 1-4 employment archetype currently references this function-derived source profile.,assess-retain-compose-or-functional-role-provenance
JP-F24.02-PROFESSIONAL,Business Continuity Analyst,professional,JF-F24,F24,F24.02,4,"Business Impact Analysis plans, decisions and controlled records | Accurate evidence of completed work and approvals | Performance, exception and corrective-action information",,,,candidate-unreconciled-source-profile,No Wave 1-4 employment archetype currently references this function-derived source profile.,assess-retain-compose-or-functional-role-provenance
JP-F24.03-PROFESSIONAL,Business Continuity Planner,professional,JF-F24,F24,F24.03,3,"Continuity Planning plans, decisions and controlled records | Accurate evidence of completed work and approvals | Performance, exception and corrective-action information",,,,candidate-unreconciled-source-profile,No Wave 1-4 employment archetype currently references this function-derived source profile.,assess-retain-compose-or-functional-role-provenance
JP-F24.04-PROFESSIONAL,Business Continuity Exercise Specialist,professional,JF-F24,F24,F24.04,4,"Continuity Testing plans, decisions and controlled records | Accurate evidence of completed work and approvals | Performance, exception and corrective-action information",,,,candidate-unreconciled-source-profile,No Wave 1-4 employment archetype currently references this function-derived source profile.,assess-retain-compose-or-functional-role-provenance
JP-F24.05-PROFESSIONAL,Crisis Manager,professional,JF-F24,F24,F24.05,4,"Crisis Management plans, decisions and controlled records | Accurate evidence of completed work and approvals | Performance, exception and corrective-action information",,,,candidate-unreconciled-source-profile,No Wave 1-4 employment archetype currently references this function-derived source profile.,assess-retain-compose-or-functional-role-provenance
JP-F24.06-PROFESSIONAL,Emergency Response Coordinator,professional,JF-F24,F24,F24.06,4,"Emergency Response plans, decisions and controlled records | Accurate evidence of completed work and approvals | Performance, exception and corrective-action information",,,,candidate-unreconciled-source-profile,No Wave 1-4 employment archetype currently references this function-derived source profile.,assess-retain-compose-or-functional-role-provenance
JP-F24.07-PROFESSIONAL,Crisis Communications Manager,professional,JF-F24,F24,F24.07,3,"Crisis Communications plans, decisions and controlled records | Accurate evidence of completed work and approvals | Performance, exception and corrective-action information",,,,reconciled-compose-into-crisis-communications-manager,F24.07 governs crisis-response messaging and notification while F25.12 governs communications response and media monitoring. These are complementary Functional Roles in one crisis communications employment job.,compose-f24-07-and-f25-12-with-crisis-and-communications-aggregate-boundaries
JP-F24.08-PROFESSIONAL,Disaster Recovery Coordinator,professional,JF-F24,F24,F24.08,3,"Disaster Recovery Coordination plans, decisions and controlled records | Accurate evidence of completed work and approvals | Performance, exception and corrective-action information",,,,candidate-unreconciled-source-profile,No Wave 1-4 employment archetype currently references this function-derived source profile.,assess-retain-compose-or-functional-role-provenance
JP-F24.09-PROFESSIONAL,Physical Security Manager,professional,JF-F24,F24,F24.09,4,"Physical Security plans, decisions and controlled records | Accurate evidence of completed work and approvals | Performance, exception and corrective-action information",,,,candidate-unreconciled-source-profile,No Wave 1-4 employment archetype currently references this function-derived source profile.,assess-retain-compose-or-functional-role-provenance
JP-F24.10-PROFESSIONAL,Security Operations Coordinator,professional,JF-F24,F24,F24.10,4,"Visitor Management plans, decisions and controlled records | Accurate evidence of completed work and approvals | Performance, exception and corrective-action information",,,,candidate-unreconciled-source-profile,No Wave 1-4 employment archetype currently references this function-derived source profile.,assess-retain-compose-or-functional-role-provenance
JP-F24.11-PROFESSIONAL,Security Investigator,professional,JF-F24,F24,F24.11,4,"Security Investigations plans, decisions and controlled records | Accurate evidence of completed work and approvals | Performance, exception and corrective-action information",,,,candidate-unreconciled-source-profile,No Wave 1-4 employment archetype currently references this function-derived source profile.,assess-retain-compose-or-functional-role-provenance
JP-F24.12-PROFESSIONAL,Travel Security Specialist,professional,JF-F24,F24,F24.12,4,"Travel Security plans, decisions and controlled records | Accurate evidence of completed work and approvals | Performance, exception and corrective-action information",,,,candidate-unreconciled-source-profile,No Wave 1-4 employment archetype currently references this function-derived source profile.,assess-retain-compose-or-functional-role-provenance
JP-F25-FUNCTION-LEAD,"Head of Communications, Public Affairs & Investor Relations",head,JF-F25,F25,F25.01|F25.02|F25.03|F25.04|F25.05|F25.06|F25.07|F25.08|F25.09|F25.10|F25.11|F25.12,44,"Communications, Public Affairs & Investor Relations strategy and operating plan | Function policies, standards and governance decisions | Resource and investment priorities | Performance, risk and assurance reporting | Improvement and capability roadmap",,,,reconciled-retain-employment-profile-head,The generated function-lead profile represents a coherent reusable senior leadership employment role accountable across the function. Retain as a candidate Job Profile; its function scope defines accountability provenance and does not grant permissions or delegated authority.,decompose-head-role-work-products-governance-decisions-performance-and-handoffs
JP-F25.01-PROFESSIONAL,Corporate Communications Manager,professional,JF-F25,F25,F25.01,3,"Corporate Communications plans, decisions and controlled records | Accurate evidence of completed work and approvals | Performance, exception and corrective-action information",,,,candidate-unreconciled-source-profile,No Wave 1-4 employment archetype currently references this function-derived source profile.,assess-retain-compose-or-functional-role-provenance
JP-F25.02-PROFESSIONAL,Internal Communications Manager,professional,JF-F25,F25,F25.02,4,"Internal Communications plans, decisions and controlled records | Accurate evidence of completed work and approvals | Performance, exception and corrective-action information",,,,candidate-unreconciled-source-profile,No Wave 1-4 employment archetype currently references this function-derived source profile.,assess-retain-compose-or-functional-role-provenance
JP-F25.03-PROFESSIONAL,Media Relations Manager,professional,JF-F25,F25,F25.03,4,"Media Relations plans, decisions and controlled records | Accurate evidence of completed work and approvals | Performance, exception and corrective-action information",,,,candidate-unreconciled-source-profile,No Wave 1-4 employment archetype currently references this function-derived source profile.,assess-retain-compose-or-functional-role-provenance
JP-F25.04-PROFESSIONAL,Public Relations Manager,professional,JF-F25,F25,F25.04,3,"Public Relations plans, decisions and controlled records | Accurate evidence of completed work and approvals | Performance, exception and corrective-action information",,,,candidate-unreconciled-source-profile,No Wave 1-4 employment archetype currently references this function-derived source profile.,assess-retain-compose-or-functional-role-provenance
JP-F25.05-PROFESSIONAL,Reputation Manager,professional,JF-F25,F25,F25.05,4,"Reputation Management plans, decisions and controlled records | Accurate evidence of completed work and approvals | Performance, exception and corrective-action information",,,,candidate-unreconciled-source-profile,No Wave 1-4 employment archetype currently references this function-derived source profile.,assess-retain-compose-or-functional-role-provenance
JP-F25.06-PROFESSIONAL,Public Affairs Manager,professional,JF-F25,F25,F25.06,3,"Public Affairs plans, decisions and controlled records | Accurate evidence of completed work and approvals | Performance, exception and corrective-action information",,,,candidate-unreconciled-source-profile,No Wave 1-4 employment archetype currently references this function-derived source profile.,assess-retain-compose-or-functional-role-provenance
JP-F25.07-PROFESSIONAL,Government Relations Manager,professional,JF-F25,F25,F25.07,4,"Government Relations plans, decisions and controlled records | Accurate evidence of completed work and approvals | Performance, exception and corrective-action information",,,,candidate-unreconciled-source-profile,No Wave 1-4 employment archetype currently references this function-derived source profile.,assess-retain-compose-or-functional-role-provenance
JP-F25.08-PROFESSIONAL,Investor Relations Manager,professional,JF-F25,F25,F25.08,3,"Investor Relations plans, decisions and controlled records | Accurate evidence of completed work and approvals | Performance, exception and corrective-action information",,,,candidate-unreconciled-source-profile,No Wave 1-4 employment archetype currently references this function-derived source profile.,assess-retain-compose-or-functional-role-provenance
JP-F25.09-PROFESSIONAL,Annual Reporting Manager,professional,JF-F25,F25,F25.09,5,"Annual Reporting plans, decisions and controlled records | Accurate evidence of completed work and approvals | Performance, exception and corrective-action information",,,,candidate-unreconciled-source-profile,No Wave 1-4 employment archetype currently references this function-derived source profile.,assess-retain-compose-or-functional-role-provenance
JP-F25.10-PROFESSIONAL,Stakeholder Engagement Manager,professional,JF-F25,F25,F25.10,4,"Stakeholder Engagement plans, decisions and controlled records | Accurate evidence of completed work and approvals | Performance, exception and corrective-action information",,,,candidate-unreconciled-source-profile,No Wave 1-4 employment archetype currently references this function-derived source profile.,assess-retain-compose-or-functional-role-provenance
JP-F25.11-PROFESSIONAL,Community Relations Manager,professional,JF-F25,F25,F25.11,3,"Community Relations plans, decisions and controlled records | Accurate evidence of completed work and approvals | Performance, exception and corrective-action information",,,,candidate-unreconciled-source-profile,No Wave 1-4 employment archetype currently references this function-derived source profile.,assess-retain-compose-or-functional-role-provenance
JP-F25.12-PROFESSIONAL,Crisis Communications Manager,professional,JF-F25,F25,F25.12,4,"Crisis Communications plans, decisions and controlled records | Accurate evidence of completed work and approvals | Performance, exception and corrective-action information",,,,reconciled-compose-into-crisis-communications-manager,F24.07 governs crisis-response messaging and notification while F25.12 governs communications response and media monitoring. These are complementary Functional Roles in one crisis communications employment job.,compose-f24-07-and-f25-12-with-crisis-and-communications-aggregate-boundaries
JP-F26-FUNCTION-LEAD,"Head of Knowledge, Document & Records Management",head,JF-F26,F26,F26.01|F26.02|F26.03|F26.04|F26.05|F26.06|F26.07|F26.08|F26.09|F26.10,43,"Knowledge, Document & Records Management strategy and operating plan | Function policies, standards and governance decisions | Resource and investment priorities | Performance, risk and assurance reporting | Improvement and capability roadmap",,,,reconciled-retain-employment-profile-head,The generated function-lead profile represents a coherent reusable senior leadership employment role accountable across the function. Retain as a candidate Job Profile; its function scope defines accountability provenance and does not grant permissions or delegated authority.,decompose-head-role-work-products-governance-decisions-performance-and-handoffs
JP-F26.01-PROFESSIONAL,Knowledge Manager,professional,JF-F26,F26,F26.01,3,"Knowledge Strategy plans, decisions and controlled records | Accurate evidence of completed work and approvals | Performance, exception and corrective-action information",,,,candidate-unreconciled-source-profile,No Wave 1-4 employment archetype currently references this function-derived source profile.,assess-retain-compose-or-functional-role-provenance
JP-F26.02-PROFESSIONAL,Knowledge Capture Specialist,professional,JF-F26,F26,F26.02,4,"Knowledge Capture plans, decisions and controlled records | Accurate evidence of completed work and approvals | Performance, exception and corrective-action information",,,,candidate-unreconciled-source-profile,No Wave 1-4 employment archetype currently references this function-derived source profile.,assess-retain-compose-or-functional-role-provenance
JP-F26.03-PROFESSIONAL,Knowledge & Collaboration Specialist,professional,JF-F26,F26,F26.03,4,"Knowledge Sharing plans, decisions and controlled records | Accurate evidence of completed work and approvals | Performance, exception and corrective-action information",,,,candidate-unreconciled-source-profile,No Wave 1-4 employment archetype currently references this function-derived source profile.,assess-retain-compose-or-functional-role-provenance
JP-F26.04-PROFESSIONAL,Knowledge Curator,professional,JF-F26,F26,F26.04,4,"Knowledge Maintenance plans, decisions and controlled records | Accurate evidence of completed work and approvals | Performance, exception and corrective-action information",,,,candidate-unreconciled-source-profile,No Wave 1-4 employment archetype currently references this function-derived source profile.,assess-retain-compose-or-functional-role-provenance
JP-F26.05-PROFESSIONAL,Document Controller,professional,JF-F26,F26,F26.05,6,"Document Management plans, decisions and controlled records | Accurate evidence of completed work and approvals | Performance, exception and corrective-action information",,,,candidate-unreconciled-source-profile,No Wave 1-4 employment archetype currently references this function-derived source profile.,assess-retain-compose-or-functional-role-provenance
JP-F26.06-PROFESSIONAL,Records Manager,professional,JF-F26,F26,F26.06,5,"Records Management plans, decisions and controlled records | Accurate evidence of completed work and approvals | Performance, exception and corrective-action information",,,,candidate-unreconciled-source-profile,No Wave 1-4 employment archetype currently references this function-derived source profile.,assess-retain-compose-or-functional-role-provenance
JP-F26.07-PROFESSIONAL,Controlled Documents Coordinator,professional,JF-F26,F26,F26.07,4,"Controlled Documents plans, decisions and controlled records | Accurate evidence of completed work and approvals | Performance, exception and corrective-action information",,,,candidate-unreconciled-source-profile,No Wave 1-4 employment archetype currently references this function-derived source profile.,assess-retain-compose-or-functional-role-provenance
JP-F26.08-PROFESSIONAL,Records Retention Specialist,professional,JF-F26,F26,F26.08,4,"Records Retention plans, decisions and controlled records | Accurate evidence of completed work and approvals | Performance, exception and corrective-action information",,,,candidate-unreconciled-source-profile,No Wave 1-4 employment archetype currently references this function-derived source profile.,assess-retain-compose-or-functional-role-provenance
JP-F26.09-PROFESSIONAL,Enterprise Search Specialist,professional,JF-F26,F26,F26.09,4,"Enterprise Search plans, decisions and controlled records | Accurate evidence of completed work and approvals | Performance, exception and corrective-action information",,,,candidate-unreconciled-source-profile,No Wave 1-4 employment archetype currently references this function-derived source profile.,assess-retain-compose-or-functional-role-provenance
JP-F26.10-PROFESSIONAL,Lessons Learned Coordinator,professional,JF-F26,F26,F26.10,5,"Lessons Learned plans, decisions and controlled records | Accurate evidence of completed work and approvals | Performance, exception and corrective-action information",,,,candidate-unreconciled-source-profile,No Wave 1-4 employment archetype currently references this function-derived source profile.,assess-retain-compose-or-functional-role-provenance
JP-F27-FUNCTION-LEAD,"Head of Portfolio, Programme & Project Management",head,JF-F27,F27,F27.01|F27.02|F27.03|F27.04|F27.05|F27.06|F27.07|F27.08|F27.09|F27.10,43,"Portfolio, Programme & Project Management strategy and operating plan | Function policies, standards and governance decisions | Resource and investment priorities | Performance, risk and assurance reporting | Improvement and capability roadmap",,,,reconciled-retain-employment-profile-head,The generated function-lead profile represents a coherent reusable senior leadership employment role accountable across the function. Retain as a candidate Job Profile; its function scope defines accountability provenance and does not grant permissions or delegated authority.,decompose-head-role-work-products-governance-decisions-performance-and-handoffs
JP-F27.01-PROFESSIONAL,Portfolio Manager,professional,JF-F27,F27,F27.01,5,"Portfolio Management plans, decisions and controlled records | Accurate evidence of completed work and approvals | Performance, exception and corrective-action information",,,,reconciled-retain-employment-profile,"F27 source title and accountability scope represent a coherent independently employable portfolio/programme/project-management role. Retain as a reusable Job Profile candidate and validate explicit Work Products, exact activities, authority boundaries and handoffs.",decompose-role-specific-work-products-and-exact-f27-activity-map
JP-F27.02-PROFESSIONAL,Investment Governance Manager,professional,JF-F27,F27,F27.02,4,"Investment Governance plans, decisions and controlled records | Accurate evidence of completed work and approvals | Performance, exception and corrective-action information",,,,reconciled-retain-employment-profile,"F27 source title and accountability scope represent a coherent independently employable portfolio/programme/project-management role. Retain as a reusable Job Profile candidate and validate explicit Work Products, exact activities, authority boundaries and handoffs.",decompose-role-specific-work-products-and-exact-f27-activity-map
JP-F27.03-PROFESSIONAL,Programme Manager,professional,JF-F27,F27,F27.03,4,"Programme Management plans, decisions and controlled records | Accurate evidence of completed work and approvals | Performance, exception and corrective-action information",,,,reconciled-retain-employment-profile,"F27 source title and accountability scope represent a coherent independently employable portfolio/programme/project-management role. Retain as a reusable Job Profile candidate and validate explicit Work Products, exact activities, authority boundaries and handoffs.",decompose-role-specific-work-products-and-exact-f27-activity-map
JP-F27.04-PROFESSIONAL,Project Manager,professional,JF-F27,F27,F27.04,5,"Project Initiation plans, decisions and controlled records | Accurate evidence of completed work and approvals | Performance, exception and corrective-action information",JOB-PM,Project Manager,candidate-multi-profile-composition,reconciled-compose-into-project-manager,Generated source profile is a lifecycle-phase slice of the same Project Manager employment job. Retain its Functional Role/activity provenance but supersede the standalone source Job Profile with one composed Project Manager definition.,map-f27-04-f27-06-f27-08-activities-and-work-products-to-composed-job-pm
JP-F27.05-PROFESSIONAL,Project Planner,professional,JF-F27,F27,F27.05,4,"Project Planning plans, decisions and controlled records | Accurate evidence of completed work and approvals | Performance, exception and corrective-action information",JOB-PLN,Project Planner,candidate-direct-profile,reconciled-retain-employment-profile,Wave evidence and employment semantics support retaining this as a standalone reusable Job Profile; expand its Work Products beyond generic generated outputs and validate exact activities.,validate-explicit-work-products-exact-activities-and-handoffs
JP-F27.06-PROFESSIONAL,Project Manager,professional,JF-F27,F27,F27.06,4,"Project Execution plans, decisions and controlled records | Accurate evidence of completed work and approvals | Performance, exception and corrective-action information",JOB-PM,Project Manager,candidate-multi-profile-composition,reconciled-compose-into-project-manager,Generated source profile is a lifecycle-phase slice of the same Project Manager employment job. Retain its Functional Role/activity provenance but supersede the standalone source Job Profile with one composed Project Manager definition.,map-f27-04-f27-06-f27-08-activities-and-work-products-to-composed-job-pm
JP-F27.07-PROFESSIONAL,Project Controls Manager,professional,JF-F27,F27,F27.07,5,"Project Control plans, decisions and controlled records | Accurate evidence of completed work and approvals | Performance, exception and corrective-action information",JOB-PC,Project Controls Manager,candidate-direct-profile,reconciled-retain-employment-profile,Wave evidence and employment semantics support retaining this as a standalone reusable Job Profile; expand its Work Products beyond generic generated outputs and validate exact activities.,validate-explicit-work-products-exact-activities-and-handoffs
JP-F27.08-PROFESSIONAL,Project Manager,professional,JF-F27,F27,F27.08,4,"Project Closure plans, decisions and controlled records | Accurate evidence of completed work and approvals | Performance, exception and corrective-action information",JOB-PM,Project Manager,candidate-multi-profile-composition,reconciled-compose-into-project-manager,Generated source profile is a lifecycle-phase slice of the same Project Manager employment job. Retain its Functional Role/activity provenance but supersede the standalone source Job Profile with one composed Project Manager definition.,map-f27-04-f27-06-f27-08-activities-and-work-products-to-composed-job-pm
JP-F27.09-PROFESSIONAL,PMO Manager,professional,JF-F27,F27,F27.09,5,"PMO plans, decisions and controlled records | Accurate evidence of completed work and approvals | Performance, exception and corrective-action information",,,,reconciled-retain-employment-profile,"F27 source title and accountability scope represent a coherent independently employable portfolio/programme/project-management role. Retain as a reusable Job Profile candidate and validate explicit Work Products, exact activities, authority boundaries and handoffs.",decompose-role-specific-work-products-and-exact-f27-activity-map
JP-F27.10-PROFESSIONAL,Portfolio Resource Manager,professional,JF-F27,F27,F27.10,3,"Resource Management plans, decisions and controlled records | Accurate evidence of completed work and approvals | Performance, exception and corrective-action information",,,,reconciled-retain-employment-profile,"F27 source title and accountability scope represent a coherent independently employable portfolio/programme/project-management role. Retain as a reusable Job Profile candidate and validate explicit Work Products, exact activities, authority boundaries and handoffs.",decompose-role-specific-work-products-and-exact-f27-activity-map
JP-F28-FUNCTION-LEAD,Head of Change & Transformation,head,JF-F28,F28,F28.01|F28.02|F28.03|F28.04|F28.05|F28.06|F28.07|F28.08,29,"Change & Transformation Management strategy and operating plan | Function policies, standards and governance decisions | Resource and investment priorities | Performance, risk and assurance reporting | Improvement and capability roadmap",,,,reconciled-retain-employment-profile-head,The generated function-lead profile represents a coherent reusable senior leadership employment role accountable across the function. Retain as a candidate Job Profile; its function scope defines accountability provenance and does not grant permissions or delegated authority.,decompose-head-role-work-products-governance-decisions-performance-and-handoffs
JP-F28.01-PROFESSIONAL,Transformation Director,professional,JF-F28,F28,F28.01,3,"Transformation Strategy plans, decisions and controlled records | Accurate evidence of completed work and approvals | Performance, exception and corrective-action information",,,,candidate-unreconciled-source-profile,No Wave 1-4 employment archetype currently references this function-derived source profile.,assess-retain-compose-or-functional-role-provenance
JP-F28.02-PROFESSIONAL,Change Analyst,professional,JF-F28,F28,F28.02,4,"Change Impact Assessment plans, decisions and controlled records | Accurate evidence of completed work and approvals | Performance, exception and corrective-action information",,,,candidate-unreconciled-source-profile,No Wave 1-4 employment archetype currently references this function-derived source profile.,assess-retain-compose-or-functional-role-provenance
JP-F28.03-PROFESSIONAL,Change Stakeholder Manager,professional,JF-F28,F28,F28.03,3,"Stakeholder Management plans, decisions and controlled records | Accurate evidence of completed work and approvals | Performance, exception and corrective-action information",,,,candidate-unreconciled-source-profile,No Wave 1-4 employment archetype currently references this function-derived source profile.,assess-retain-compose-or-functional-role-provenance
JP-F28.04-PROFESSIONAL,Change Communications Manager,professional,JF-F28,F28,F28.04,3,"Change Communications plans, decisions and controlled records | Accurate evidence of completed work and approvals | Performance, exception and corrective-action information",,,,candidate-unreconciled-source-profile,No Wave 1-4 employment archetype currently references this function-derived source profile.,assess-retain-compose-or-functional-role-provenance
JP-F28.05-PROFESSIONAL,Change Readiness & Training Lead,professional,JF-F28,F28,F28.05,4,"Training / Readiness plans, decisions and controlled records | Accurate evidence of completed work and approvals | Performance, exception and corrective-action information",,,,candidate-unreconciled-source-profile,No Wave 1-4 employment archetype currently references this function-derived source profile.,assess-retain-compose-or-functional-role-provenance
JP-F28.06-PROFESSIONAL,Adoption Manager,professional,JF-F28,F28,F28.06,4,"Adoption Management plans, decisions and controlled records | Accurate evidence of completed work and approvals | Performance, exception and corrective-action information",,,,candidate-unreconciled-source-profile,No Wave 1-4 employment archetype currently references this function-derived source profile.,assess-retain-compose-or-functional-role-provenance
JP-F28.07-PROFESSIONAL,Organisational Transition Manager,professional,JF-F28,F28,F28.07,4,"Organisational Transition plans, decisions and controlled records | Accurate evidence of completed work and approvals | Performance, exception and corrective-action information",,,,candidate-unreconciled-source-profile,No Wave 1-4 employment archetype currently references this function-derived source profile.,assess-retain-compose-or-functional-role-provenance
JP-F28.08-PROFESSIONAL,Benefits Realisation Manager,professional,JF-F28,F28,F28.08,4,"Benefits Tracking plans, decisions and controlled records | Accurate evidence of completed work and approvals | Performance, exception and corrective-action information",,,,candidate-unreconciled-source-profile,No Wave 1-4 employment archetype currently references this function-derived source profile.,assess-retain-compose-or-functional-role-provenance
JP-F29-FUNCTION-LEAD,Head of Business Process & Continuous Improvement,head,JF-F29,F29,F29.01|F29.02|F29.03|F29.04|F29.05|F29.06|F29.07|F29.08|F29.09|F29.10,39,"Business Process & Continuous Improvement strategy and operating plan | Function policies, standards and governance decisions | Resource and investment priorities | Performance, risk and assurance reporting | Improvement and capability roadmap",,,,reconciled-retain-employment-profile-head,The generated function-lead profile represents a coherent reusable senior leadership employment role accountable across the function. Retain as a candidate Job Profile; its function scope defines accountability provenance and does not grant permissions or delegated authority.,decompose-head-role-work-products-governance-decisions-performance-and-handoffs
JP-F29.01-PROFESSIONAL,Business Process Architect,professional,JF-F29,F29,F29.01,3,"Process Architecture plans, decisions and controlled records | Accurate evidence of completed work and approvals | Performance, exception and corrective-action information",,,,candidate-unreconciled-source-profile,No Wave 1-4 employment archetype currently references this function-derived source profile.,assess-retain-compose-or-functional-role-provenance
JP-F29.02-PROFESSIONAL,Process Governance Manager,professional,JF-F29,F29,F29.02,3,"Process Ownership plans, decisions and controlled records | Accurate evidence of completed work and approvals | Performance, exception and corrective-action information",,,,candidate-unreconciled-source-profile,No Wave 1-4 employment archetype currently references this function-derived source profile.,assess-retain-compose-or-functional-role-provenance
JP-F29.03-PROFESSIONAL,Business Process Analyst,professional,JF-F29,F29,F29.03,3,"Process Modelling plans, decisions and controlled records | Accurate evidence of completed work and approvals | Performance, exception and corrective-action information",,,,reconciled-compose-into-business-process-analyst,Process Modelling and Process Analysis are complementary accountabilities of one Business Process Analyst employment role.,compose-f29-03-and-f29-04-activities-into-one-job-profile
JP-F29.04-PROFESSIONAL,Business Process Analyst,professional,JF-F29,F29,F29.04,5,"Process Analysis plans, decisions and controlled records | Accurate evidence of completed work and approvals | Performance, exception and corrective-action information",,,,reconciled-compose-into-business-process-analyst,Process Modelling and Process Analysis are complementary accountabilities of one Business Process Analyst employment role.,compose-f29-03-and-f29-04-activities-into-one-job-profile
JP-F29.05-PROFESSIONAL,Process Improvement Specialist,professional,JF-F29,F29,F29.05,4,"Process Redesign plans, decisions and controlled records | Accurate evidence of completed work and approvals | Performance, exception and corrective-action information",,,,candidate-unreconciled-source-profile,No Wave 1-4 employment archetype currently references this function-derived source profile.,assess-retain-compose-or-functional-role-provenance
JP-F29.06-PROFESSIONAL,SOP & Process Documentation Specialist,professional,JF-F29,F29,F29.06,5,"SOP Management plans, decisions and controlled records | Accurate evidence of completed work and approvals | Performance, exception and corrective-action information",,,,candidate-unreconciled-source-profile,No Wave 1-4 employment archetype currently references this function-derived source profile.,assess-retain-compose-or-functional-role-provenance
JP-F29.07-PROFESSIONAL,Workflow Automation Specialist,professional,JF-F29,F29,F29.07,4,"Workflow Automation plans, decisions and controlled records | Accurate evidence of completed work and approvals | Performance, exception and corrective-action information",,,,candidate-unreconciled-source-profile,No Wave 1-4 employment archetype currently references this function-derived source profile.,assess-retain-compose-or-functional-role-provenance
JP-F29.08-PROFESSIONAL,Continuous Improvement Specialist,professional,JF-F29,F29,F29.08,4,"Continuous Improvement plans, decisions and controlled records | Accurate evidence of completed work and approvals | Performance, exception and corrective-action information",,,,reconciled-compose-into-continuous-improvement-specialist,F13.09 and F29.08 use the same Improvement Opportunity aggregate and overlapping identify/evaluate/implement/measure activities. Treat them as Functional Role sources for one cross-functional employment job.,compose-f13-09-and-f29-08-activities-into-one-job-profile
JP-F29.09-PROFESSIONAL,Process Compliance Specialist,professional,JF-F29,F29,F29.09,4,"Process Compliance plans, decisions and controlled records | Accurate evidence of completed work and approvals | Performance, exception and corrective-action information",,,,candidate-unreconciled-source-profile,No Wave 1-4 employment archetype currently references this function-derived source profile.,assess-retain-compose-or-functional-role-provenance
JP-F29.10-PROFESSIONAL,Process Performance Analyst,professional,JF-F29,F29,F29.10,4,"Process Performance plans, decisions and controlled records | Accurate evidence of completed work and approvals | Performance, exception and corrective-action information",,,,candidate-unreconciled-source-profile,No Wave 1-4 employment archetype currently references this function-derived source profile.,assess-retain-compose-or-functional-role-provenance
