job_profile_id,source_status,title,job_family_id,level,purpose,function_ids,subfunction_ids,primary_functional_role_ids,secondary_functional_role_ids,source_activity_count,candidate_expected_outputs,work_product_decomposition_state,authoring_mode_state,canonical_mapping_state,job_workbench_state,role_acceptance_state,source_repository,source_profile_path,source_profile_sha,source_role_path,source_role_sha
JP-F01-FUNCTION-LEAD,candidate,Head of Strategy & Enterprise Planning,JF-F01,head,"Provide accountable leadership for Strategy & Enterprise Planning, establishing direction, governance, resources, controls and performance expectations across the function.",F01,F01.01|F01.02|F01.03|F01.04|F01.05|F01.06|F01.07|F01.08,FR-F01.01|FR-F01.02|FR-F01.03|FR-F01.04|FR-F01.05|FR-F01.06|FR-F01.07|FR-F01.08,,41,"Strategy & Enterprise Planning strategy and operating plan | Function policies, standards and governance decisions | Resource and investment priorities | Performance, risk and assurance reporting | Improvement and capability roadmap",required,unclassified,unmapped,not-designed,not-tested,8140spitt/NuBlox-Digital-Applications,docs/architecture/job-architecture/generated/job-profiles.generated.json,1818ff2048cb3969ff588e733fd634963e0b6587,docs/architecture/job-architecture/generated/functional-roles.generated.json,26fb7ed859f9b14dc4c1778b174aa476ab53b7e8
JP-F01.01-PROFESSIONAL,candidate,Strategy & Purpose Specialist,JF-F01,professional,"Perform and continuously improve vision & purpose work within Strategy & Enterprise Planning, producing controlled, timely and decision-useful outcomes.",F01,F01.01,FR-F01.01,,5,"Vision & Purpose plans, decisions and controlled records | Accurate evidence of completed work and approvals | Performance, exception and corrective-action information",required,unclassified,unmapped,not-designed,not-tested,8140spitt/NuBlox-Digital-Applications,docs/architecture/job-architecture/generated/job-profiles.generated.json,1818ff2048cb3969ff588e733fd634963e0b6587,docs/architecture/job-architecture/generated/functional-roles.generated.json,26fb7ed859f9b14dc4c1778b174aa476ab53b7e8
JP-F01.02-PROFESSIONAL,candidate,Strategic Analysis Specialist,JF-F01,professional,"Perform and continuously improve environmental analysis work within Strategy & Enterprise Planning, producing controlled, timely and decision-useful outcomes.",F01,F01.02,FR-F01.02,,6,"Environmental Analysis plans, decisions and controlled records | Accurate evidence of completed work and approvals | Performance, exception and corrective-action information",required,unclassified,unmapped,not-designed,not-tested,8140spitt/NuBlox-Digital-Applications,docs/architecture/job-architecture/generated/job-profiles.generated.json,1818ff2048cb3969ff588e733fd634963e0b6587,docs/architecture/job-architecture/generated/functional-roles.generated.json,26fb7ed859f9b14dc4c1778b174aa476ab53b7e8
JP-F01.03-PROFESSIONAL,candidate,Strategic Planning Manager,JF-F01,professional,"Perform and continuously improve strategic planning work within Strategy & Enterprise Planning, producing controlled, timely and decision-useful outcomes.",F01,F01.03,FR-F01.03,,5,"Strategic Planning plans, decisions and controlled records | Accurate evidence of completed work and approvals | Performance, exception and corrective-action information",required,unclassified,unmapped,not-designed,not-tested,8140spitt/NuBlox-Digital-Applications,docs/architecture/job-architecture/generated/job-profiles.generated.json,1818ff2048cb3969ff588e733fd634963e0b6587,docs/architecture/job-architecture/generated/functional-roles.generated.json,26fb7ed859f9b14dc4c1778b174aa476ab53b7e8
JP-F01.04-PROFESSIONAL,candidate,Business Planning Manager,JF-F01,professional,"Perform and continuously improve business planning work within Strategy & Enterprise Planning, producing controlled, timely and decision-useful outcomes.",F01,F01.04,FR-F01.04,,5,"Business Planning plans, decisions and controlled records | Accurate evidence of completed work and approvals | Performance, exception and corrective-action information",required,unclassified,unmapped,not-designed,not-tested,8140spitt/NuBlox-Digital-Applications,docs/architecture/job-architecture/generated/job-profiles.generated.json,1818ff2048cb3969ff588e733fd634963e0b6587,docs/architecture/job-architecture/generated/functional-roles.generated.json,26fb7ed859f9b14dc4c1778b174aa476ab53b7e8
JP-F01.05-PROFESSIONAL,candidate,Operating Model Specialist,JF-F01,professional,"Perform and continuously improve operating model work within Strategy & Enterprise Planning, producing controlled, timely and decision-useful outcomes.",F01,F01.05,FR-F01.05,,5,"Operating Model plans, decisions and controlled records | Accurate evidence of completed work and approvals | Performance, exception and corrective-action information",required,unclassified,unmapped,not-designed,not-tested,8140spitt/NuBlox-Digital-Applications,docs/architecture/job-architecture/generated/job-profiles.generated.json,1818ff2048cb3969ff588e733fd634963e0b6587,docs/architecture/job-architecture/generated/functional-roles.generated.json,26fb7ed859f9b14dc4c1778b174aa476ab53b7e8
JP-F01.06-PROFESSIONAL,candidate,Performance & KPI Manager,JF-F01,professional,"Perform and continuously improve goal & kpi management work within Strategy & Enterprise Planning, producing controlled, timely and decision-useful outcomes.",F01,F01.06,FR-F01.06,,6,"Goal & KPI Management plans, decisions and controlled records | Accurate evidence of completed work and approvals | Performance, exception and corrective-action information",required,unclassified,unmapped,not-designed,not-tested,8140spitt/NuBlox-Digital-Applications,docs/architecture/job-architecture/generated/job-profiles.generated.json,1818ff2048cb3969ff588e733fd634963e0b6587,docs/architecture/job-architecture/generated/functional-roles.generated.json,26fb7ed859f9b14dc4c1778b174aa476ab53b7e8
JP-F01.07-PROFESSIONAL,candidate,Strategy Performance Manager,JF-F01,professional,"Perform and continuously improve strategic review work within Strategy & Enterprise Planning, producing controlled, timely and decision-useful outcomes.",F01,F01.07,FR-F01.07,,5,"Strategic Review plans, decisions and controlled records | Accurate evidence of completed work and approvals | Performance, exception and corrective-action information",required,unclassified,unmapped,not-designed,not-tested,8140spitt/NuBlox-Digital-Applications,docs/architecture/job-architecture/generated/job-profiles.generated.json,1818ff2048cb3969ff588e733fd634963e0b6587,docs/architecture/job-architecture/generated/functional-roles.generated.json,26fb7ed859f9b14dc4c1778b174aa476ab53b7e8
JP-F01.08-PROFESSIONAL,candidate,Scenario & Foresight Specialist,JF-F01,professional,"Perform and continuously improve scenario & foresight planning work within Strategy & Enterprise Planning, producing controlled, timely and decision-useful outcomes.",F01,F01.08,FR-F01.08,,4,"Scenario & Foresight Planning plans, decisions and controlled records | Accurate evidence of completed work and approvals | Performance, exception and corrective-action information",required,unclassified,unmapped,not-designed,not-tested,8140spitt/NuBlox-Digital-Applications,docs/architecture/job-architecture/generated/job-profiles.generated.json,1818ff2048cb3969ff588e733fd634963e0b6587,docs/architecture/job-architecture/generated/functional-roles.generated.json,26fb7ed859f9b14dc4c1778b174aa476ab53b7e8
JP-F02-FUNCTION-LEAD,candidate,Head of Corporate Governance,JF-F02,head,"Provide accountable leadership for Corporate Governance, establishing direction, governance, resources, controls and performance expectations across the function.",F02,F02.01|F02.02|F02.03|F02.04|F02.05|F02.06|F02.07,FR-F02.01|FR-F02.02|FR-F02.03|FR-F02.04|FR-F02.05|FR-F02.06|FR-F02.07,,31,"Corporate Governance strategy and operating plan | Function policies, standards and governance decisions | Resource and investment priorities | Performance, risk and assurance reporting | Improvement and capability roadmap",required,unclassified,unmapped,not-designed,not-tested,8140spitt/NuBlox-Digital-Applications,docs/architecture/job-architecture/generated/job-profiles.generated.json,1818ff2048cb3969ff588e733fd634963e0b6587,docs/architecture/job-architecture/generated/functional-roles.generated.json,26fb7ed859f9b14dc4c1778b174aa476ab53b7e8
JP-F02.01-PROFESSIONAL,candidate,Board Governance Manager,JF-F02,professional,"Perform and continuously improve board governance work within Corporate Governance, producing controlled, timely and decision-useful outcomes.",F02,F02.01,FR-F02.01,,5,"Board Governance plans, decisions and controlled records | Accurate evidence of completed work and approvals | Performance, exception and corrective-action information",required,unclassified,unmapped,not-designed,not-tested,8140spitt/NuBlox-Digital-Applications,docs/architecture/job-architecture/generated/job-profiles.generated.json,1818ff2048cb3969ff588e733fd634963e0b6587,docs/architecture/job-architecture/generated/functional-roles.generated.json,26fb7ed859f9b14dc4c1778b174aa476ab53b7e8
JP-F02.02-PROFESSIONAL,candidate,Governance Framework Specialist,JF-F02,professional,"Perform and continuously improve governance framework work within Corporate Governance, producing controlled, timely and decision-useful outcomes.",F02,F02.02,FR-F02.02,,4,"Governance Framework plans, decisions and controlled records | Accurate evidence of completed work and approvals | Performance, exception and corrective-action information",required,unclassified,unmapped,not-designed,not-tested,8140spitt/NuBlox-Digital-Applications,docs/architecture/job-architecture/generated/job-profiles.generated.json,1818ff2048cb3969ff588e733fd634963e0b6587,docs/architecture/job-architecture/generated/functional-roles.generated.json,26fb7ed859f9b14dc4c1778b174aa476ab53b7e8
JP-F02.03-PROFESSIONAL,candidate,Delegation of Authority Specialist,JF-F02,professional,"Perform and continuously improve delegation of authority work within Corporate Governance, producing controlled, timely and decision-useful outcomes.",F02,F02.03,FR-F02.03,,4,"Delegation of Authority plans, decisions and controlled records | Accurate evidence of completed work and approvals | Performance, exception and corrective-action information",required,unclassified,unmapped,not-designed,not-tested,8140spitt/NuBlox-Digital-Applications,docs/architecture/job-architecture/generated/job-profiles.generated.json,1818ff2048cb3969ff588e733fd634963e0b6587,docs/architecture/job-architecture/generated/functional-roles.generated.json,26fb7ed859f9b14dc4c1778b174aa476ab53b7e8
JP-F02.04-PROFESSIONAL,candidate,Executive Governance Manager,JF-F02,professional,"Perform and continuously improve executive management work within Corporate Governance, producing controlled, timely and decision-useful outcomes.",F02,F02.04,FR-F02.04,,4,"Executive Management plans, decisions and controlled records | Accurate evidence of completed work and approvals | Performance, exception and corrective-action information",required,unclassified,unmapped,not-designed,not-tested,8140spitt/NuBlox-Digital-Applications,docs/architecture/job-architecture/generated/job-profiles.generated.json,1818ff2048cb3969ff588e733fd634963e0b6587,docs/architecture/job-architecture/generated/functional-roles.generated.json,26fb7ed859f9b14dc4c1778b174aa476ab53b7e8
JP-F02.05-PROFESSIONAL,candidate,Committee Governance Specialist,JF-F02,professional,"Perform and continuously improve committee governance work within Corporate Governance, producing controlled, timely and decision-useful outcomes.",F02,F02.05,FR-F02.05,,5,"Committee Governance plans, decisions and controlled records | Accurate evidence of completed work and approvals | Performance, exception and corrective-action information",required,unclassified,unmapped,not-designed,not-tested,8140spitt/NuBlox-Digital-Applications,docs/architecture/job-architecture/generated/job-profiles.generated.json,1818ff2048cb3969ff588e733fd634963e0b6587,docs/architecture/job-architecture/generated/functional-roles.generated.json,26fb7ed859f9b14dc4c1778b174aa476ab53b7e8
JP-F02.06-PROFESSIONAL,candidate,Policy Governance Specialist,JF-F02,professional,"Perform and continuously improve policy governance work within Corporate Governance, producing controlled, timely and decision-useful outcomes.",F02,F02.06,FR-F02.06,,5,"Policy Governance plans, decisions and controlled records | Accurate evidence of completed work and approvals | Performance, exception and corrective-action information",required,unclassified,unmapped,not-designed,not-tested,8140spitt/NuBlox-Digital-Applications,docs/architecture/job-architecture/generated/job-profiles.generated.json,1818ff2048cb3969ff588e733fd634963e0b6587,docs/architecture/job-architecture/generated/functional-roles.generated.json,26fb7ed859f9b14dc4c1778b174aa476ab53b7e8
JP-F02.07-PROFESSIONAL,candidate,Ethics Governance Specialist,JF-F02,professional,"Perform and continuously improve ethics governance work within Corporate Governance, producing controlled, timely and decision-useful outcomes.",F02,F02.07,FR-F02.07,,4,"Ethics Governance plans, decisions and controlled records | Accurate evidence of completed work and approvals | Performance, exception and corrective-action information",required,unclassified,unmapped,not-designed,not-tested,8140spitt/NuBlox-Digital-Applications,docs/architecture/job-architecture/generated/job-profiles.generated.json,1818ff2048cb3969ff588e733fd634963e0b6587,docs/architecture/job-architecture/generated/functional-roles.generated.json,26fb7ed859f9b14dc4c1778b174aa476ab53b7e8
JP-F03-FUNCTION-LEAD,candidate,Head of Enterprise Performance,JF-F03,head,"Provide accountable leadership for Enterprise Performance Management, establishing direction, governance, resources, controls and performance expectations across the function.",F03,F03.01|F03.02|F03.03|F03.04|F03.05|F03.06,FR-F03.01|FR-F03.02|FR-F03.03|FR-F03.04|FR-F03.05|FR-F03.06,,24,"Enterprise Performance Management strategy and operating plan | Function policies, standards and governance decisions | Resource and investment priorities | Performance, risk and assurance reporting | Improvement and capability roadmap",required,unclassified,unmapped,not-designed,not-tested,8140spitt/NuBlox-Digital-Applications,docs/architecture/job-architecture/generated/job-profiles.generated.json,1818ff2048cb3969ff588e733fd634963e0b6587,docs/architecture/job-architecture/generated/functional-roles.generated.json,26fb7ed859f9b14dc4c1778b174aa476ab53b7e8
JP-F03.01-PROFESSIONAL,candidate,Performance Framework Specialist,JF-F03,professional,"Perform and continuously improve performance framework work within Enterprise Performance Management, producing controlled, timely and decision-useful outcomes.",F03,F03.01,FR-F03.01,,3,"Performance Framework plans, decisions and controlled records | Accurate evidence of completed work and approvals | Performance, exception and corrective-action information",required,unclassified,unmapped,not-designed,not-tested,8140spitt/NuBlox-Digital-Applications,docs/architecture/job-architecture/generated/job-profiles.generated.json,1818ff2048cb3969ff588e733fd634963e0b6587,docs/architecture/job-architecture/generated/functional-roles.generated.json,26fb7ed859f9b14dc4c1778b174aa476ab53b7e8
JP-F03.02-PROFESSIONAL,candidate,Performance Reporting Specialist,JF-F03,professional,"Perform and continuously improve performance reporting work within Enterprise Performance Management, producing controlled, timely and decision-useful outcomes.",F03,F03.02,FR-F03.02,,4,"Performance Reporting plans, decisions and controlled records | Accurate evidence of completed work and approvals | Performance, exception and corrective-action information",required,unclassified,unmapped,not-designed,not-tested,8140spitt/NuBlox-Digital-Applications,docs/architecture/job-architecture/generated/job-profiles.generated.json,1818ff2048cb3969ff588e733fd634963e0b6587,docs/architecture/job-architecture/generated/functional-roles.generated.json,26fb7ed859f9b14dc4c1778b174aa476ab53b7e8
JP-F03.03-PROFESSIONAL,candidate,Variance Manager,JF-F03,professional,"Perform and continuously improve variance management work within Enterprise Performance Management, producing controlled, timely and decision-useful outcomes.",F03,F03.03,FR-F03.03,,4,"Variance Management plans, decisions and controlled records | Accurate evidence of completed work and approvals | Performance, exception and corrective-action information",required,unclassified,unmapped,not-designed,not-tested,8140spitt/NuBlox-Digital-Applications,docs/architecture/job-architecture/generated/job-profiles.generated.json,1818ff2048cb3969ff588e733fd634963e0b6587,docs/architecture/job-architecture/generated/functional-roles.generated.json,26fb7ed859f9b14dc4c1778b174aa476ab53b7e8
JP-F03.04-PROFESSIONAL,candidate,Management Review Specialist,JF-F03,professional,"Perform and continuously improve management review work within Enterprise Performance Management, producing controlled, timely and decision-useful outcomes.",F03,F03.04,FR-F03.04,,4,"Management Review plans, decisions and controlled records | Accurate evidence of completed work and approvals | Performance, exception and corrective-action information",required,unclassified,unmapped,not-designed,not-tested,8140spitt/NuBlox-Digital-Applications,docs/architecture/job-architecture/generated/job-profiles.generated.json,1818ff2048cb3969ff588e733fd634963e0b6587,docs/architecture/job-architecture/generated/functional-roles.generated.json,26fb7ed859f9b14dc4c1778b174aa476ab53b7e8
JP-F03.05-PROFESSIONAL,candidate,Benchmarking Specialist,JF-F03,professional,"Perform and continuously improve benchmarking work within Enterprise Performance Management, producing controlled, timely and decision-useful outcomes.",F03,F03.05,FR-F03.05,,4,"Benchmarking plans, decisions and controlled records | Accurate evidence of completed work and approvals | Performance, exception and corrective-action information",required,unclassified,unmapped,not-designed,not-tested,8140spitt/NuBlox-Digital-Applications,docs/architecture/job-architecture/generated/job-profiles.generated.json,1818ff2048cb3969ff588e733fd634963e0b6587,docs/architecture/job-architecture/generated/functional-roles.generated.json,26fb7ed859f9b14dc4c1778b174aa476ab53b7e8
JP-F03.06-PROFESSIONAL,candidate,Benefits Realisation Specialist,JF-F03,professional,"Perform and continuously improve benefits realisation work within Enterprise Performance Management, producing controlled, timely and decision-useful outcomes.",F03,F03.06,FR-F03.06,,5,"Benefits Realisation plans, decisions and controlled records | Accurate evidence of completed work and approvals | Performance, exception and corrective-action information",required,unclassified,unmapped,not-designed,not-tested,8140spitt/NuBlox-Digital-Applications,docs/architecture/job-architecture/generated/job-profiles.generated.json,1818ff2048cb3969ff588e733fd634963e0b6587,docs/architecture/job-architecture/generated/functional-roles.generated.json,26fb7ed859f9b14dc4c1778b174aa476ab53b7e8
JP-F04-FUNCTION-LEAD,candidate,Head of Corporate Development,JF-F04,head,"Provide accountable leadership for Corporate Development & M&A, establishing direction, governance, resources, controls and performance expectations across the function.",F04,F04.01|F04.02|F04.03|F04.04|F04.05|F04.06|F04.07,FR-F04.01|FR-F04.02|FR-F04.03|FR-F04.04|FR-F04.05|FR-F04.06|FR-F04.07,,33,"Corporate Development & M&A strategy and operating plan | Function policies, standards and governance decisions | Resource and investment priorities | Performance, risk and assurance reporting | Improvement and capability roadmap",required,unclassified,unmapped,not-designed,not-tested,8140spitt/NuBlox-Digital-Applications,docs/architecture/job-architecture/generated/job-profiles.generated.json,1818ff2048cb3969ff588e733fd634963e0b6587,docs/architecture/job-architecture/generated/functional-roles.generated.json,26fb7ed859f9b14dc4c1778b174aa476ab53b7e8
JP-F04.01-PROFESSIONAL,candidate,Opportunity Identification Specialist,JF-F04,professional,"Perform and continuously improve opportunity identification work within Corporate Development & M&A, producing controlled, timely and decision-useful outcomes.",F04,F04.01,FR-F04.01,,3,"Opportunity Identification plans, decisions and controlled records | Accurate evidence of completed work and approvals | Performance, exception and corrective-action information",required,unclassified,unmapped,not-designed,not-tested,8140spitt/NuBlox-Digital-Applications,docs/architecture/job-architecture/generated/job-profiles.generated.json,1818ff2048cb3969ff588e733fd634963e0b6587,docs/architecture/job-architecture/generated/functional-roles.generated.json,26fb7ed859f9b14dc4c1778b174aa476ab53b7e8
JP-F04.02-PROFESSIONAL,candidate,Valuation Specialist,JF-F04,professional,"Perform and continuously improve valuation work within Corporate Development & M&A, producing controlled, timely and decision-useful outcomes.",F04,F04.02,FR-F04.02,,4,"Valuation plans, decisions and controlled records | Accurate evidence of completed work and approvals | Performance, exception and corrective-action information",required,unclassified,unmapped,not-designed,not-tested,8140spitt/NuBlox-Digital-Applications,docs/architecture/job-architecture/generated/job-profiles.generated.json,1818ff2048cb3969ff588e733fd634963e0b6587,docs/architecture/job-architecture/generated/functional-roles.generated.json,26fb7ed859f9b14dc4c1778b174aa476ab53b7e8
JP-F04.03-PROFESSIONAL,candidate,Due Diligence Specialist,JF-F04,professional,"Perform and continuously improve due diligence work within Corporate Development & M&A, producing controlled, timely and decision-useful outcomes.",F04,F04.03,FR-F04.03,,7,"Due Diligence plans, decisions and controlled records | Accurate evidence of completed work and approvals | Performance, exception and corrective-action information",required,unclassified,unmapped,not-designed,not-tested,8140spitt/NuBlox-Digital-Applications,docs/architecture/job-architecture/generated/job-profiles.generated.json,1818ff2048cb3969ff588e733fd634963e0b6587,docs/architecture/job-architecture/generated/functional-roles.generated.json,26fb7ed859f9b14dc4c1778b174aa476ab53b7e8
JP-F04.04-PROFESSIONAL,candidate,Transaction Manager,JF-F04,professional,"Perform and continuously improve transaction management work within Corporate Development & M&A, producing controlled, timely and decision-useful outcomes.",F04,F04.04,FR-F04.04,,5,"Transaction Management plans, decisions and controlled records | Accurate evidence of completed work and approvals | Performance, exception and corrective-action information",required,unclassified,unmapped,not-designed,not-tested,8140spitt/NuBlox-Digital-Applications,docs/architecture/job-architecture/generated/job-profiles.generated.json,1818ff2048cb3969ff588e733fd634963e0b6587,docs/architecture/job-architecture/generated/functional-roles.generated.json,26fb7ed859f9b14dc4c1778b174aa476ab53b7e8
JP-F04.05-PROFESSIONAL,candidate,Integration Specialist,JF-F04,professional,"Perform and continuously improve integration work within Corporate Development & M&A, producing controlled, timely and decision-useful outcomes.",F04,F04.05,FR-F04.05,,4,"Integration plans, decisions and controlled records | Accurate evidence of completed work and approvals | Performance, exception and corrective-action information",required,unclassified,unmapped,not-designed,not-tested,8140spitt/NuBlox-Digital-Applications,docs/architecture/job-architecture/generated/job-profiles.generated.json,1818ff2048cb3969ff588e733fd634963e0b6587,docs/architecture/job-architecture/generated/functional-roles.generated.json,26fb7ed859f9b14dc4c1778b174aa476ab53b7e8
JP-F04.06-PROFESSIONAL,candidate,Divestiture Specialist,JF-F04,professional,"Perform and continuously improve divestiture work within Corporate Development & M&A, producing controlled, timely and decision-useful outcomes.",F04,F04.06,FR-F04.06,,5,"Divestiture plans, decisions and controlled records | Accurate evidence of completed work and approvals | Performance, exception and corrective-action information",required,unclassified,unmapped,not-designed,not-tested,8140spitt/NuBlox-Digital-Applications,docs/architecture/job-architecture/generated/job-profiles.generated.json,1818ff2048cb3969ff588e733fd634963e0b6587,docs/architecture/job-architecture/generated/functional-roles.generated.json,26fb7ed859f9b14dc4c1778b174aa476ab53b7e8
JP-F04.07-PROFESSIONAL,candidate,Strategic Partnerships Specialist,JF-F04,professional,"Perform and continuously improve strategic partnerships work within Corporate Development & M&A, producing controlled, timely and decision-useful outcomes.",F04,F04.07,FR-F04.07,,5,"Strategic Partnerships plans, decisions and controlled records | Accurate evidence of completed work and approvals | Performance, exception and corrective-action information",required,unclassified,unmapped,not-designed,not-tested,8140spitt/NuBlox-Digital-Applications,docs/architecture/job-architecture/generated/job-profiles.generated.json,1818ff2048cb3969ff588e733fd634963e0b6587,docs/architecture/job-architecture/generated/functional-roles.generated.json,26fb7ed859f9b14dc4c1778b174aa476ab53b7e8
JP-F05-FUNCTION-LEAD,candidate,"Head of Product, Service & Innovation",JF-F05,head,"Provide accountable leadership for Product, Service & Innovation Management, establishing direction, governance, resources, controls and performance expectations across the function.",F05,F05.01|F05.02|F05.03|F05.04|F05.05|F05.06|F05.07|F05.08|F05.09|F05.10,FR-F05.01|FR-F05.02|FR-F05.03|FR-F05.04|FR-F05.05|FR-F05.06|FR-F05.07|FR-F05.08|FR-F05.09|FR-F05.10,,46,"Product, Service & Innovation Management strategy and operating plan | Function policies, standards and governance decisions | Resource and investment priorities | Performance, risk and assurance reporting | Improvement and capability roadmap",required,unclassified,unmapped,not-designed,not-tested,8140spitt/NuBlox-Digital-Applications,docs/architecture/job-architecture/generated/job-profiles.generated.json,1818ff2048cb3969ff588e733fd634963e0b6587,docs/architecture/job-architecture/generated/functional-roles.generated.json,26fb7ed859f9b14dc4c1778b174aa476ab53b7e8
JP-F05.01-PROFESSIONAL,candidate,Portfolio Strategy Specialist,JF-F05,professional,"Perform and continuously improve portfolio strategy work within Product, Service & Innovation Management, producing controlled, timely and decision-useful outcomes.",F05,F05.01,FR-F05.01,,5,"Portfolio Strategy plans, decisions and controlled records | Accurate evidence of completed work and approvals | Performance, exception and corrective-action information",required,unclassified,unmapped,not-designed,not-tested,8140spitt/NuBlox-Digital-Applications,docs/architecture/job-architecture/generated/job-profiles.generated.json,1818ff2048cb3969ff588e733fd634963e0b6587,docs/architecture/job-architecture/generated/functional-roles.generated.json,26fb7ed859f9b14dc4c1778b174aa476ab53b7e8
JP-F05.02-PROFESSIONAL,candidate,Customer & Market Insights Specialist,JF-F05,professional,"Perform and continuously improve market / customer needs work within Product, Service & Innovation Management, producing controlled, timely and decision-useful outcomes.",F05,F05.02,FR-F05.02,,4,"Market / Customer Needs plans, decisions and controlled records | Accurate evidence of completed work and approvals | Performance, exception and corrective-action information",required,unclassified,unmapped,not-designed,not-tested,8140spitt/NuBlox-Digital-Applications,docs/architecture/job-architecture/generated/job-profiles.generated.json,1818ff2048cb3969ff588e733fd634963e0b6587,docs/architecture/job-architecture/generated/functional-roles.generated.json,26fb7ed859f9b14dc4c1778b174aa476ab53b7e8
JP-F05.03-PROFESSIONAL,candidate,Product Innovation Specialist,JF-F05,professional,"Perform and continuously improve product / service ideation work within Product, Service & Innovation Management, producing controlled, timely and decision-useful outcomes.",F05,F05.03,FR-F05.03,,5,"Product / Service Ideation plans, decisions and controlled records | Accurate evidence of completed work and approvals | Performance, exception and corrective-action information",required,unclassified,unmapped,not-designed,not-tested,8140spitt/NuBlox-Digital-Applications,docs/architecture/job-architecture/generated/job-profiles.generated.json,1818ff2048cb3969ff588e733fd634963e0b6587,docs/architecture/job-architecture/generated/functional-roles.generated.json,26fb7ed859f9b14dc4c1778b174aa476ab53b7e8
JP-F05.04-PROFESSIONAL,candidate,Business Case Development Specialist,JF-F05,professional,"Perform and continuously improve business case development work within Product, Service & Innovation Management, producing controlled, timely and decision-useful outcomes.",F05,F05.04,FR-F05.04,,5,"Business Case Development plans, decisions and controlled records | Accurate evidence of completed work and approvals | Performance, exception and corrective-action information",required,unclassified,unmapped,not-designed,not-tested,8140spitt/NuBlox-Digital-Applications,docs/architecture/job-architecture/generated/job-profiles.generated.json,1818ff2048cb3969ff588e733fd634963e0b6587,docs/architecture/job-architecture/generated/functional-roles.generated.json,26fb7ed859f9b14dc4c1778b174aa476ab53b7e8
JP-F05.05-PROFESSIONAL,candidate,Product / Service Designer,JF-F05,professional,"Perform and continuously improve product / service design work within Product, Service & Innovation Management, producing controlled, timely and decision-useful outcomes.",F05,F05.05,FR-F05.05,,5,"Product / Service Design plans, decisions and controlled records | Accurate evidence of completed work and approvals | Performance, exception and corrective-action information",required,unclassified,unmapped,not-designed,not-tested,8140spitt/NuBlox-Digital-Applications,docs/architecture/job-architecture/generated/job-profiles.generated.json,1818ff2048cb3969ff588e733fd634963e0b6587,docs/architecture/job-architecture/generated/functional-roles.generated.json,26fb7ed859f9b14dc4c1778b174aa476ab53b7e8
JP-F05.06-PROFESSIONAL,candidate,Development Specialist,JF-F05,professional,"Perform and continuously improve development work within Product, Service & Innovation Management, producing controlled, timely and decision-useful outcomes.",F05,F05.06,FR-F05.06,,4,"Development plans, decisions and controlled records | Accurate evidence of completed work and approvals | Performance, exception and corrective-action information",required,unclassified,unmapped,not-designed,not-tested,8140spitt/NuBlox-Digital-Applications,docs/architecture/job-architecture/generated/job-profiles.generated.json,1818ff2048cb3969ff588e733fd634963e0b6587,docs/architecture/job-architecture/generated/functional-roles.generated.json,26fb7ed859f9b14dc4c1778b174aa476ab53b7e8
JP-F05.07-PROFESSIONAL,candidate,Launch Manager,JF-F05,professional,"Perform and continuously improve launch management work within Product, Service & Innovation Management, producing controlled, timely and decision-useful outcomes.",F05,F05.07,FR-F05.07,,5,"Launch Management plans, decisions and controlled records | Accurate evidence of completed work and approvals | Performance, exception and corrective-action information",required,unclassified,unmapped,not-designed,not-tested,8140spitt/NuBlox-Digital-Applications,docs/architecture/job-architecture/generated/job-profiles.generated.json,1818ff2048cb3969ff588e733fd634963e0b6587,docs/architecture/job-architecture/generated/functional-roles.generated.json,26fb7ed859f9b14dc4c1778b174aa476ab53b7e8
JP-F05.08-PROFESSIONAL,candidate,Lifecycle Manager,JF-F05,professional,"Perform and continuously improve lifecycle management work within Product, Service & Innovation Management, producing controlled, timely and decision-useful outcomes.",F05,F05.08,FR-F05.08,,4,"Lifecycle Management plans, decisions and controlled records | Accurate evidence of completed work and approvals | Performance, exception and corrective-action information",required,unclassified,unmapped,not-designed,not-tested,8140spitt/NuBlox-Digital-Applications,docs/architecture/job-architecture/generated/job-profiles.generated.json,1818ff2048cb3969ff588e733fd634963e0b6587,docs/architecture/job-architecture/generated/functional-roles.generated.json,26fb7ed859f9b14dc4c1778b174aa476ab53b7e8
JP-F05.09-PROFESSIONAL,candidate,Product Retirement Specialist,JF-F05,professional,"Perform and continuously improve product retirement work within Product, Service & Innovation Management, producing controlled, timely and decision-useful outcomes.",F05,F05.09,FR-F05.09,,5,"Product Retirement plans, decisions and controlled records | Accurate evidence of completed work and approvals | Performance, exception and corrective-action information",required,unclassified,unmapped,not-designed,not-tested,8140spitt/NuBlox-Digital-Applications,docs/architecture/job-architecture/generated/job-profiles.generated.json,1818ff2048cb3969ff588e733fd634963e0b6587,docs/architecture/job-architecture/generated/functional-roles.generated.json,26fb7ed859f9b14dc4c1778b174aa476ab53b7e8
JP-F05.10-PROFESSIONAL,candidate,Innovation Manager,JF-F05,professional,"Perform and continuously improve innovation management work within Product, Service & Innovation Management, producing controlled, timely and decision-useful outcomes.",F05,F05.10,FR-F05.10,,4,"Innovation Management plans, decisions and controlled records | Accurate evidence of completed work and approvals | Performance, exception and corrective-action information",required,unclassified,unmapped,not-designed,not-tested,8140spitt/NuBlox-Digital-Applications,docs/architecture/job-architecture/generated/job-profiles.generated.json,1818ff2048cb3969ff588e733fd634963e0b6587,docs/architecture/job-architecture/generated/functional-roles.generated.json,26fb7ed859f9b14dc4c1778b174aa476ab53b7e8
JP-F06-FUNCTION-LEAD,candidate,Head of Marketing & Brand,JF-F06,head,"Provide accountable leadership for Marketing & Brand, establishing direction, governance, resources, controls and performance expectations across the function.",F06,F06.01|F06.02|F06.03|F06.04|F06.05|F06.06|F06.07|F06.08|F06.09|F06.10|F06.11,FR-F06.01|FR-F06.02|FR-F06.03|FR-F06.04|FR-F06.05|FR-F06.06|FR-F06.07|FR-F06.08|FR-F06.09|FR-F06.10|FR-F06.11,,53,"Marketing & Brand strategy and operating plan | Function policies, standards and governance decisions | Resource and investment priorities | Performance, risk and assurance reporting | Improvement and capability roadmap",required,unclassified,unmapped,not-designed,not-tested,8140spitt/NuBlox-Digital-Applications,docs/architecture/job-architecture/generated/job-profiles.generated.json,1818ff2048cb3969ff588e733fd634963e0b6587,docs/architecture/job-architecture/generated/functional-roles.generated.json,26fb7ed859f9b14dc4c1778b174aa476ab53b7e8
JP-F06.01-PROFESSIONAL,candidate,Market Intelligence Specialist,JF-F06,professional,"Perform and continuously improve market intelligence work within Marketing & Brand, producing controlled, timely and decision-useful outcomes.",F06,F06.01,FR-F06.01,,4,"Market Intelligence plans, decisions and controlled records | Accurate evidence of completed work and approvals | Performance, exception and corrective-action information",required,unclassified,unmapped,not-designed,not-tested,8140spitt/NuBlox-Digital-Applications,docs/architecture/job-architecture/generated/job-profiles.generated.json,1818ff2048cb3969ff588e733fd634963e0b6587,docs/architecture/job-architecture/generated/functional-roles.generated.json,26fb7ed859f9b14dc4c1778b174aa476ab53b7e8
JP-F06.02-PROFESSIONAL,candidate,Customer Segmentation Specialist,JF-F06,professional,"Perform and continuously improve customer segmentation work within Marketing & Brand, producing controlled, timely and decision-useful outcomes.",F06,F06.02,FR-F06.02,,4,"Customer Segmentation plans, decisions and controlled records | Accurate evidence of completed work and approvals | Performance, exception and corrective-action information",required,unclassified,unmapped,not-designed,not-tested,8140spitt/NuBlox-Digital-Applications,docs/architecture/job-architecture/generated/job-profiles.generated.json,1818ff2048cb3969ff588e733fd634963e0b6587,docs/architecture/job-architecture/generated/functional-roles.generated.json,26fb7ed859f9b14dc4c1778b174aa476ab53b7e8
JP-F06.03-PROFESSIONAL,candidate,Brand Manager,JF-F06,professional,"Perform and continuously improve brand management work within Marketing & Brand, producing controlled, timely and decision-useful outcomes.",F06,F06.03,FR-F06.03,,4,"Brand Management plans, decisions and controlled records | Accurate evidence of completed work and approvals | Performance, exception and corrective-action information",required,unclassified,unmapped,not-designed,not-tested,8140spitt/NuBlox-Digital-Applications,docs/architecture/job-architecture/generated/job-profiles.generated.json,1818ff2048cb3969ff588e733fd634963e0b6587,docs/architecture/job-architecture/generated/functional-roles.generated.json,26fb7ed859f9b14dc4c1778b174aa476ab53b7e8
JP-F06.04-PROFESSIONAL,candidate,Marketing Strategy Specialist,JF-F06,professional,"Perform and continuously improve marketing strategy work within Marketing & Brand, producing controlled, timely and decision-useful outcomes.",F06,F06.04,FR-F06.04,,4,"Marketing Strategy plans, decisions and controlled records | Accurate evidence of completed work and approvals | Performance, exception and corrective-action information",required,unclassified,unmapped,not-designed,not-tested,8140spitt/NuBlox-Digital-Applications,docs/architecture/job-architecture/generated/job-profiles.generated.json,1818ff2048cb3969ff588e733fd634963e0b6587,docs/architecture/job-architecture/generated/functional-roles.generated.json,26fb7ed859f9b14dc4c1778b174aa476ab53b7e8
JP-F06.05-PROFESSIONAL,candidate,Campaign Manager,JF-F06,professional,"Perform and continuously improve campaign management work within Marketing & Brand, producing controlled, timely and decision-useful outcomes.",F06,F06.05,FR-F06.05,,6,"Campaign Management plans, decisions and controlled records | Accurate evidence of completed work and approvals | Performance, exception and corrective-action information",required,unclassified,unmapped,not-designed,not-tested,8140spitt/NuBlox-Digital-Applications,docs/architecture/job-architecture/generated/job-profiles.generated.json,1818ff2048cb3969ff588e733fd634963e0b6587,docs/architecture/job-architecture/generated/functional-roles.generated.json,26fb7ed859f9b14dc4c1778b174aa476ab53b7e8
JP-F06.06-PROFESSIONAL,candidate,Digital Marketing Specialist,JF-F06,professional,"Perform and continuously improve digital marketing work within Marketing & Brand, producing controlled, timely and decision-useful outcomes.",F06,F06.06,FR-F06.06,,6,"Digital Marketing plans, decisions and controlled records | Accurate evidence of completed work and approvals | Performance, exception and corrective-action information",required,unclassified,unmapped,not-designed,not-tested,8140spitt/NuBlox-Digital-Applications,docs/architecture/job-architecture/generated/job-profiles.generated.json,1818ff2048cb3969ff588e733fd634963e0b6587,docs/architecture/job-architecture/generated/functional-roles.generated.json,26fb7ed859f9b14dc4c1778b174aa476ab53b7e8
JP-F06.07-PROFESSIONAL,candidate,Content Marketing Specialist,JF-F06,professional,"Perform and continuously improve content marketing work within Marketing & Brand, producing controlled, timely and decision-useful outcomes.",F06,F06.07,FR-F06.07,,5,"Content Marketing plans, decisions and controlled records | Accurate evidence of completed work and approvals | Performance, exception and corrective-action information",required,unclassified,unmapped,not-designed,not-tested,8140spitt/NuBlox-Digital-Applications,docs/architecture/job-architecture/generated/job-profiles.generated.json,1818ff2048cb3969ff588e733fd634963e0b6587,docs/architecture/job-architecture/generated/functional-roles.generated.json,26fb7ed859f9b14dc4c1778b174aa476ab53b7e8
JP-F06.08-PROFESSIONAL,candidate,Events Specialist,JF-F06,professional,"Perform and continuously improve events work within Marketing & Brand, producing controlled, timely and decision-useful outcomes.",F06,F06.08,FR-F06.08,,5,"Events plans, decisions and controlled records | Accurate evidence of completed work and approvals | Performance, exception and corrective-action information",required,unclassified,unmapped,not-designed,not-tested,8140spitt/NuBlox-Digital-Applications,docs/architecture/job-architecture/generated/job-profiles.generated.json,1818ff2048cb3969ff588e733fd634963e0b6587,docs/architecture/job-architecture/generated/functional-roles.generated.json,26fb7ed859f9b14dc4c1778b174aa476ab53b7e8
JP-F06.09-PROFESSIONAL,candidate,Demand Generation Specialist,JF-F06,professional,"Perform and continuously improve lead generation work within Marketing & Brand, producing controlled, timely and decision-useful outcomes.",F06,F06.09,FR-F06.09,,5,"Lead Generation plans, decisions and controlled records | Accurate evidence of completed work and approvals | Performance, exception and corrective-action information",required,unclassified,unmapped,not-designed,not-tested,8140spitt/NuBlox-Digital-Applications,docs/architecture/job-architecture/generated/job-profiles.generated.json,1818ff2048cb3969ff588e733fd634963e0b6587,docs/architecture/job-architecture/generated/functional-roles.generated.json,26fb7ed859f9b14dc4c1778b174aa476ab53b7e8
JP-F06.10-PROFESSIONAL,candidate,Marketing Analyst,JF-F06,professional,"Perform and continuously improve marketing analytics work within Marketing & Brand, producing controlled, timely and decision-useful outcomes.",F06,F06.10,FR-F06.10,,6,"Marketing Analytics plans, decisions and controlled records | Accurate evidence of completed work and approvals | Performance, exception and corrective-action information",required,unclassified,unmapped,not-designed,not-tested,8140spitt/NuBlox-Digital-Applications,docs/architecture/job-architecture/generated/job-profiles.generated.json,1818ff2048cb3969ff588e733fd634963e0b6587,docs/architecture/job-architecture/generated/functional-roles.generated.json,26fb7ed859f9b14dc4c1778b174aa476ab53b7e8
JP-F06.11-PROFESSIONAL,candidate,Market Communications Specialist,JF-F06,professional,"Perform and continuously improve market communications work within Marketing & Brand, producing controlled, timely and decision-useful outcomes.",F06,F06.11,FR-F06.11,,4,"Market Communications plans, decisions and controlled records | Accurate evidence of completed work and approvals | Performance, exception and corrective-action information",required,unclassified,unmapped,not-designed,not-tested,8140spitt/NuBlox-Digital-Applications,docs/architecture/job-architecture/generated/job-profiles.generated.json,1818ff2048cb3969ff588e733fd634963e0b6587,docs/architecture/job-architecture/generated/functional-roles.generated.json,26fb7ed859f9b14dc4c1778b174aa476ab53b7e8
JP-F07-FUNCTION-LEAD,candidate,Head of Sales & Commercial,JF-F07,head,"Provide accountable leadership for Sales & Commercial Management, establishing direction, governance, resources, controls and performance expectations across the function.",F07,F07.01|F07.02|F07.03|F07.04|F07.05|F07.06|F07.07|F07.08|F07.09|F07.10|F07.11|F07.12|F07.13,FR-F07.01|FR-F07.02|FR-F07.03|FR-F07.04|FR-F07.05|FR-F07.06|FR-F07.07|FR-F07.08|FR-F07.09|FR-F07.10|FR-F07.11|FR-F07.12|FR-F07.13,,66,"Sales & Commercial Management strategy and operating plan | Function policies, standards and governance decisions | Resource and investment priorities | Performance, risk and assurance reporting | Improvement and capability roadmap",required,unclassified,unmapped,not-designed,not-tested,8140spitt/NuBlox-Digital-Applications,docs/architecture/job-architecture/generated/job-profiles.generated.json,1818ff2048cb3969ff588e733fd634963e0b6587,docs/architecture/job-architecture/generated/functional-roles.generated.json,26fb7ed859f9b14dc4c1778b174aa476ab53b7e8
JP-F07.01-PROFESSIONAL,candidate,Sales Strategy Specialist,JF-F07,professional,"Perform and continuously improve sales strategy work within Sales & Commercial Management, producing controlled, timely and decision-useful outcomes.",F07,F07.01,FR-F07.01,,6,"Sales Strategy plans, decisions and controlled records | Accurate evidence of completed work and approvals | Performance, exception and corrective-action information",required,unclassified,unmapped,not-designed,not-tested,8140spitt/NuBlox-Digital-Applications,docs/architecture/job-architecture/generated/job-profiles.generated.json,1818ff2048cb3969ff588e733fd634963e0b6587,docs/architecture/job-architecture/generated/functional-roles.generated.json,26fb7ed859f9b14dc4c1778b174aa476ab53b7e8
JP-F07.02-PROFESSIONAL,candidate,Account Manager,JF-F07,professional,"Perform and continuously improve account management work within Sales & Commercial Management, producing controlled, timely and decision-useful outcomes.",F07,F07.02,FR-F07.02,,4,"Account Management plans, decisions and controlled records | Accurate evidence of completed work and approvals | Performance, exception and corrective-action information",required,unclassified,unmapped,not-designed,not-tested,8140spitt/NuBlox-Digital-Applications,docs/architecture/job-architecture/generated/job-profiles.generated.json,1818ff2048cb3969ff588e733fd634963e0b6587,docs/architecture/job-architecture/generated/functional-roles.generated.json,26fb7ed859f9b14dc4c1778b174aa476ab53b7e8
JP-F07.03-PROFESSIONAL,candidate,Business Development Manager,JF-F07,professional,"Perform and continuously improve opportunity management work within Sales & Commercial Management, producing controlled, timely and decision-useful outcomes.",F07,F07.03,FR-F07.03,,6,"Opportunity Management plans, decisions and controlled records | Accurate evidence of completed work and approvals | Performance, exception and corrective-action information",required,unclassified,unmapped,not-designed,not-tested,8140spitt/NuBlox-Digital-Applications,docs/architecture/job-architecture/generated/job-profiles.generated.json,1818ff2048cb3969ff588e733fd634963e0b6587,docs/architecture/job-architecture/generated/functional-roles.generated.json,26fb7ed859f9b14dc4c1778b174aa476ab53b7e8
JP-F07.04-PROFESSIONAL,candidate,Pipeline Manager,JF-F07,professional,"Perform and continuously improve pipeline management work within Sales & Commercial Management, producing controlled, timely and decision-useful outcomes.",F07,F07.04,FR-F07.04,,4,"Pipeline Management plans, decisions and controlled records | Accurate evidence of completed work and approvals | Performance, exception and corrective-action information",required,unclassified,unmapped,not-designed,not-tested,8140spitt/NuBlox-Digital-Applications,docs/architecture/job-architecture/generated/job-profiles.generated.json,1818ff2048cb3969ff588e733fd634963e0b6587,docs/architecture/job-architecture/generated/functional-roles.generated.json,26fb7ed859f9b14dc4c1778b174aa476ab53b7e8
JP-F07.05-PROFESSIONAL,candidate,Pricing Specialist,JF-F07,professional,"Perform and continuously improve pricing work within Sales & Commercial Management, producing controlled, timely and decision-useful outcomes.",F07,F07.05,FR-F07.05,,5,"Pricing plans, decisions and controlled records | Accurate evidence of completed work and approvals | Performance, exception and corrective-action information",required,unclassified,unmapped,not-designed,not-tested,8140spitt/NuBlox-Digital-Applications,docs/architecture/job-architecture/generated/job-profiles.generated.json,1818ff2048cb3969ff588e733fd634963e0b6587,docs/architecture/job-architecture/generated/functional-roles.generated.json,26fb7ed859f9b14dc4c1778b174aa476ab53b7e8
JP-F07.06-PROFESSIONAL,candidate,Quotation Specialist,JF-F07,professional,"Perform and continuously improve quotation work within Sales & Commercial Management, producing controlled, timely and decision-useful outcomes.",F07,F07.06,FR-F07.06,,5,"Quotation plans, decisions and controlled records | Accurate evidence of completed work and approvals | Performance, exception and corrective-action information",required,unclassified,unmapped,not-designed,not-tested,8140spitt/NuBlox-Digital-Applications,docs/architecture/job-architecture/generated/job-profiles.generated.json,1818ff2048cb3969ff588e733fd634963e0b6587,docs/architecture/job-architecture/generated/functional-roles.generated.json,26fb7ed859f9b14dc4c1778b174aa476ab53b7e8
JP-F07.07-PROFESSIONAL,candidate,Bid & Proposal Manager,JF-F07,professional,"Perform and continuously improve proposal / bid management work within Sales & Commercial Management, producing controlled, timely and decision-useful outcomes.",F07,F07.07,FR-F07.07,,5,"Proposal / Bid Management plans, decisions and controlled records | Accurate evidence of completed work and approvals | Performance, exception and corrective-action information",required,unclassified,unmapped,not-designed,not-tested,8140spitt/NuBlox-Digital-Applications,docs/architecture/job-architecture/generated/job-profiles.generated.json,1818ff2048cb3969ff588e733fd634963e0b6587,docs/architecture/job-architecture/generated/functional-roles.generated.json,26fb7ed859f9b14dc4c1778b174aa476ab53b7e8
JP-F07.08-PROFESSIONAL,candidate,Contract Negotiation Specialist,JF-F07,professional,"Perform and continuously improve contract negotiation work within Sales & Commercial Management, producing controlled, timely and decision-useful outcomes.",F07,F07.08,FR-F07.08,,6,"Contract Negotiation plans, decisions and controlled records | Accurate evidence of completed work and approvals | Performance, exception and corrective-action information",required,unclassified,unmapped,not-designed,not-tested,8140spitt/NuBlox-Digital-Applications,docs/architecture/job-architecture/generated/job-profiles.generated.json,1818ff2048cb3969ff588e733fd634963e0b6587,docs/architecture/job-architecture/generated/functional-roles.generated.json,26fb7ed859f9b14dc4c1778b174aa476ab53b7e8
JP-F07.09-PROFESSIONAL,candidate,Sales Order Manager,JF-F07,professional,"Perform and continuously improve sales order management work within Sales & Commercial Management, producing controlled, timely and decision-useful outcomes.",F07,F07.09,FR-F07.09,,6,"Sales Order Management plans, decisions and controlled records | Accurate evidence of completed work and approvals | Performance, exception and corrective-action information",required,unclassified,unmapped,not-designed,not-tested,8140spitt/NuBlox-Digital-Applications,docs/architecture/job-architecture/generated/job-profiles.generated.json,1818ff2048cb3969ff588e733fd634963e0b6587,docs/architecture/job-architecture/generated/functional-roles.generated.json,26fb7ed859f9b14dc4c1778b174aa476ab53b7e8
JP-F07.10-PROFESSIONAL,candidate,Channel / Partner Sales Specialist,JF-F07,professional,"Perform and continuously improve channel / partner sales work within Sales & Commercial Management, producing controlled, timely and decision-useful outcomes.",F07,F07.10,FR-F07.10,,5,"Channel / Partner Sales plans, decisions and controlled records | Accurate evidence of completed work and approvals | Performance, exception and corrective-action information",required,unclassified,unmapped,not-designed,not-tested,8140spitt/NuBlox-Digital-Applications,docs/architecture/job-architecture/generated/job-profiles.generated.json,1818ff2048cb3969ff588e733fd634963e0b6587,docs/architecture/job-architecture/generated/functional-roles.generated.json,26fb7ed859f9b14dc4c1778b174aa476ab53b7e8
JP-F07.11-PROFESSIONAL,candidate,Sales Compensation Specialist,JF-F07,professional,"Perform and continuously improve sales compensation work within Sales & Commercial Management, producing controlled, timely and decision-useful outcomes.",F07,F07.11,FR-F07.11,,4,"Sales Compensation plans, decisions and controlled records | Accurate evidence of completed work and approvals | Performance, exception and corrective-action information",required,unclassified,unmapped,not-designed,not-tested,8140spitt/NuBlox-Digital-Applications,docs/architecture/job-architecture/generated/job-profiles.generated.json,1818ff2048cb3969ff588e733fd634963e0b6587,docs/architecture/job-architecture/generated/functional-roles.generated.json,26fb7ed859f9b14dc4c1778b174aa476ab53b7e8
JP-F07.12-PROFESSIONAL,candidate,Sales Forecasting Specialist,JF-F07,professional,"Perform and continuously improve sales forecasting work within Sales & Commercial Management, producing controlled, timely and decision-useful outcomes.",F07,F07.12,FR-F07.12,,4,"Sales Forecasting plans, decisions and controlled records | Accurate evidence of completed work and approvals | Performance, exception and corrective-action information",required,unclassified,unmapped,not-designed,not-tested,8140spitt/NuBlox-Digital-Applications,docs/architecture/job-architecture/generated/job-profiles.generated.json,1818ff2048cb3969ff588e733fd634963e0b6587,docs/architecture/job-architecture/generated/functional-roles.generated.json,26fb7ed859f9b14dc4c1778b174aa476ab53b7e8
JP-F07.13-PROFESSIONAL,candidate,Sales Performance Specialist,JF-F07,professional,"Perform and continuously improve sales performance work within Sales & Commercial Management, producing controlled, timely and decision-useful outcomes.",F07,F07.13,FR-F07.13,,6,"Sales Performance plans, decisions and controlled records | Accurate evidence of completed work and approvals | Performance, exception and corrective-action information",required,unclassified,unmapped,not-designed,not-tested,8140spitt/NuBlox-Digital-Applications,docs/architecture/job-architecture/generated/job-profiles.generated.json,1818ff2048cb3969ff588e733fd634963e0b6587,docs/architecture/job-architecture/generated/functional-roles.generated.json,26fb7ed859f9b14dc4c1778b174aa476ab53b7e8
JP-F08-FUNCTION-LEAD,candidate,Head of Customer Experience & Success,JF-F08,head,"Provide accountable leadership for Customer Service, Experience & Success, establishing direction, governance, resources, controls and performance expectations across the function.",F08,F08.01|F08.02|F08.03|F08.04|F08.05|F08.06|F08.07|F08.08|F08.09|F08.10|F08.11|F08.12,FR-F08.01|FR-F08.02|FR-F08.03|FR-F08.04|FR-F08.05|FR-F08.06|FR-F08.07|FR-F08.08|FR-F08.09|FR-F08.10|FR-F08.11|FR-F08.12,,56,"Customer Service, Experience & Success strategy and operating plan | Function policies, standards and governance decisions | Resource and investment priorities | Performance, risk and assurance reporting | Improvement and capability roadmap",required,unclassified,unmapped,not-designed,not-tested,8140spitt/NuBlox-Digital-Applications,docs/architecture/job-architecture/generated/job-profiles.generated.json,1818ff2048cb3969ff588e733fd634963e0b6587,docs/architecture/job-architecture/generated/functional-roles.generated.json,26fb7ed859f9b14dc4c1778b174aa476ab53b7e8
JP-F08.01-PROFESSIONAL,candidate,Customer Onboarding Specialist,JF-F08,professional,"Perform and continuously improve customer onboarding work within Customer Service, Experience & Success, producing controlled, timely and decision-useful outcomes.",F08,F08.01,FR-F08.01,,5,"Customer Onboarding plans, decisions and controlled records | Accurate evidence of completed work and approvals | Performance, exception and corrective-action information",required,unclassified,unmapped,not-designed,not-tested,8140spitt/NuBlox-Digital-Applications,docs/architecture/job-architecture/generated/job-profiles.generated.json,1818ff2048cb3969ff588e733fd634963e0b6587,docs/architecture/job-architecture/generated/functional-roles.generated.json,26fb7ed859f9b14dc4c1778b174aa476ab53b7e8
JP-F08.02-PROFESSIONAL,candidate,Customer Enquiry Manager,JF-F08,professional,"Perform and continuously improve customer enquiry management work within Customer Service, Experience & Success, producing controlled, timely and decision-useful outcomes.",F08,F08.02,FR-F08.02,,6,"Customer Enquiry Management plans, decisions and controlled records | Accurate evidence of completed work and approvals | Performance, exception and corrective-action information",required,unclassified,unmapped,not-designed,not-tested,8140spitt/NuBlox-Digital-Applications,docs/architecture/job-architecture/generated/job-profiles.generated.json,1818ff2048cb3969ff588e733fd634963e0b6587,docs/architecture/job-architecture/generated/functional-roles.generated.json,26fb7ed859f9b14dc4c1778b174aa476ab53b7e8
JP-F08.03-PROFESSIONAL,candidate,Case Manager,JF-F08,professional,"Perform and continuously improve case management work within Customer Service, Experience & Success, producing controlled, timely and decision-useful outcomes.",F08,F08.03,FR-F08.03,,6,"Case Management plans, decisions and controlled records | Accurate evidence of completed work and approvals | Performance, exception and corrective-action information",required,unclassified,unmapped,not-designed,not-tested,8140spitt/NuBlox-Digital-Applications,docs/architecture/job-architecture/generated/job-profiles.generated.json,1818ff2048cb3969ff588e733fd634963e0b6587,docs/architecture/job-architecture/generated/functional-roles.generated.json,26fb7ed859f9b14dc4c1778b174aa476ab53b7e8
JP-F08.04-PROFESSIONAL,candidate,Complaint Manager,JF-F08,professional,"Perform and continuously improve complaint management work within Customer Service, Experience & Success, producing controlled, timely and decision-useful outcomes.",F08,F08.04,FR-F08.04,,5,"Complaint Management plans, decisions and controlled records | Accurate evidence of completed work and approvals | Performance, exception and corrective-action information",required,unclassified,unmapped,not-designed,not-tested,8140spitt/NuBlox-Digital-Applications,docs/architecture/job-architecture/generated/job-profiles.generated.json,1818ff2048cb3969ff588e733fd634963e0b6587,docs/architecture/job-architecture/generated/functional-roles.generated.json,26fb7ed859f9b14dc4c1778b174aa476ab53b7e8
JP-F08.05-PROFESSIONAL,candidate,Technical Support Specialist,JF-F08,professional,"Perform and continuously improve technical support work within Customer Service, Experience & Success, producing controlled, timely and decision-useful outcomes.",F08,F08.05,FR-F08.05,,5,"Technical Support plans, decisions and controlled records | Accurate evidence of completed work and approvals | Performance, exception and corrective-action information",required,unclassified,unmapped,not-designed,not-tested,8140spitt/NuBlox-Digital-Applications,docs/architecture/job-architecture/generated/job-profiles.generated.json,1818ff2048cb3969ff588e733fd634963e0b6587,docs/architecture/job-architecture/generated/functional-roles.generated.json,26fb7ed859f9b14dc4c1778b174aa476ab53b7e8
JP-F08.06-PROFESSIONAL,candidate,Returns & Refunds Specialist,JF-F08,professional,"Perform and continuously improve returns / refunds work within Customer Service, Experience & Success, producing controlled, timely and decision-useful outcomes.",F08,F08.06,FR-F08.06,,5,"Returns / Refunds plans, decisions and controlled records | Accurate evidence of completed work and approvals | Performance, exception and corrective-action information",required,unclassified,unmapped,not-designed,not-tested,8140spitt/NuBlox-Digital-Applications,docs/architecture/job-architecture/generated/job-profiles.generated.json,1818ff2048cb3969ff588e733fd634963e0b6587,docs/architecture/job-architecture/generated/functional-roles.generated.json,26fb7ed859f9b14dc4c1778b174aa476ab53b7e8
JP-F08.07-PROFESSIONAL,candidate,Warranty Specialist,JF-F08,professional,"Perform and continuously improve warranty work within Customer Service, Experience & Success, producing controlled, timely and decision-useful outcomes.",F08,F08.07,FR-F08.07,,4,"Warranty plans, decisions and controlled records | Accurate evidence of completed work and approvals | Performance, exception and corrective-action information",required,unclassified,unmapped,not-designed,not-tested,8140spitt/NuBlox-Digital-Applications,docs/architecture/job-architecture/generated/job-profiles.generated.json,1818ff2048cb3969ff588e733fd634963e0b6587,docs/architecture/job-architecture/generated/functional-roles.generated.json,26fb7ed859f9b14dc4c1778b174aa476ab53b7e8
JP-F08.08-PROFESSIONAL,candidate,Customer Success Specialist,JF-F08,professional,"Perform and continuously improve customer success work within Customer Service, Experience & Success, producing controlled, timely and decision-useful outcomes.",F08,F08.08,FR-F08.08,,4,"Customer Success plans, decisions and controlled records | Accurate evidence of completed work and approvals | Performance, exception and corrective-action information",required,unclassified,unmapped,not-designed,not-tested,8140spitt/NuBlox-Digital-Applications,docs/architecture/job-architecture/generated/job-profiles.generated.json,1818ff2048cb3969ff588e733fd634963e0b6587,docs/architecture/job-architecture/generated/functional-roles.generated.json,26fb7ed859f9b14dc4c1778b174aa476ab53b7e8
JP-F08.09-PROFESSIONAL,candidate,Information Retention Specialist,JF-F08,professional,"Perform and continuously improve retention work within Customer Service, Experience & Success, producing controlled, timely and decision-useful outcomes.",F08,F08.09,FR-F08.09,,4,"Retention plans, decisions and controlled records | Accurate evidence of completed work and approvals | Performance, exception and corrective-action information",required,unclassified,unmapped,not-designed,not-tested,8140spitt/NuBlox-Digital-Applications,docs/architecture/job-architecture/generated/job-profiles.generated.json,1818ff2048cb3969ff588e733fd634963e0b6587,docs/architecture/job-architecture/generated/functional-roles.generated.json,26fb7ed859f9b14dc4c1778b174aa476ab53b7e8
JP-F08.10-PROFESSIONAL,candidate,Customer Feedback Specialist,JF-F08,professional,"Perform and continuously improve customer feedback work within Customer Service, Experience & Success, producing controlled, timely and decision-useful outcomes.",F08,F08.10,FR-F08.10,,4,"Customer Feedback plans, decisions and controlled records | Accurate evidence of completed work and approvals | Performance, exception and corrective-action information",required,unclassified,unmapped,not-designed,not-tested,8140spitt/NuBlox-Digital-Applications,docs/architecture/job-architecture/generated/job-profiles.generated.json,1818ff2048cb3969ff588e733fd634963e0b6587,docs/architecture/job-architecture/generated/functional-roles.generated.json,26fb7ed859f9b14dc4c1778b174aa476ab53b7e8
JP-F08.11-PROFESSIONAL,candidate,Customer Knowledge Manager,JF-F08,professional,"Perform and continuously improve customer knowledge work within Customer Service, Experience & Success, producing controlled, timely and decision-useful outcomes.",F08,F08.11,FR-F08.11,,4,"Customer Knowledge plans, decisions and controlled records | Accurate evidence of completed work and approvals | Performance, exception and corrective-action information",required,unclassified,unmapped,not-designed,not-tested,8140spitt/NuBlox-Digital-Applications,docs/architecture/job-architecture/generated/job-profiles.generated.json,1818ff2048cb3969ff588e733fd634963e0b6587,docs/architecture/job-architecture/generated/functional-roles.generated.json,26fb7ed859f9b14dc4c1778b174aa476ab53b7e8
JP-F08.12-PROFESSIONAL,candidate,Service-level Manager,JF-F08,professional,"Perform and continuously improve service-level management work within Customer Service, Experience & Success, producing controlled, timely and decision-useful outcomes.",F08,F08.12,FR-F08.12,,4,"Service-level Management plans, decisions and controlled records | Accurate evidence of completed work and approvals | Performance, exception and corrective-action information",required,unclassified,unmapped,not-designed,not-tested,8140spitt/NuBlox-Digital-Applications,docs/architecture/job-architecture/generated/job-profiles.generated.json,1818ff2048cb3969ff588e733fd634963e0b6587,docs/architecture/job-architecture/generated/functional-roles.generated.json,26fb7ed859f9b14dc4c1778b174aa476ab53b7e8
JP-F09-FUNCTION-LEAD,candidate,Head of Procurement & Supplier Management,JF-F09,head,"Provide accountable leadership for Procurement & Supplier Management, establishing direction, governance, resources, controls and performance expectations across the function.",F09,F09.01|F09.02|F09.03|F09.04|F09.05|F09.06|F09.07|F09.08|F09.09|F09.10|F09.11|F09.12|F09.13,FR-F09.01|FR-F09.02|FR-F09.03|FR-F09.04|FR-F09.05|FR-F09.06|FR-F09.07|FR-F09.08|FR-F09.09|FR-F09.10|FR-F09.11|FR-F09.12|FR-F09.13,,57,"Procurement & Supplier Management strategy and operating plan | Function policies, standards and governance decisions | Resource and investment priorities | Performance, risk and assurance reporting | Improvement and capability roadmap",required,unclassified,unmapped,not-designed,not-tested,8140spitt/NuBlox-Digital-Applications,docs/architecture/job-architecture/generated/job-profiles.generated.json,1818ff2048cb3969ff588e733fd634963e0b6587,docs/architecture/job-architecture/generated/functional-roles.generated.json,26fb7ed859f9b14dc4c1778b174aa476ab53b7e8
JP-F09.01-PROFESSIONAL,candidate,Procurement Strategy Manager,JF-F09,professional,"Perform and continuously improve procurement strategy work within Procurement & Supplier Management, producing controlled, timely and decision-useful outcomes.",F09,F09.01,FR-F09.01,,4,"Procurement Strategy plans, decisions and controlled records | Accurate evidence of completed work and approvals | Performance, exception and corrective-action information",required,unclassified,unmapped,not-designed,not-tested,8140spitt/NuBlox-Digital-Applications,docs/architecture/job-architecture/generated/job-profiles.generated.json,1818ff2048cb3969ff588e733fd634963e0b6587,docs/architecture/job-architecture/generated/functional-roles.generated.json,26fb7ed859f9b14dc4c1778b174aa476ab53b7e8
JP-F09.02-PROFESSIONAL,candidate,Category Manager,JF-F09,professional,"Perform and continuously improve category management work within Procurement & Supplier Management, producing controlled, timely and decision-useful outcomes.",F09,F09.02,FR-F09.02,,4,"Category Management plans, decisions and controlled records | Accurate evidence of completed work and approvals | Performance, exception and corrective-action information",required,unclassified,unmapped,not-designed,not-tested,8140spitt/NuBlox-Digital-Applications,docs/architecture/job-architecture/generated/job-profiles.generated.json,1818ff2048cb3969ff588e733fd634963e0b6587,docs/architecture/job-architecture/generated/functional-roles.generated.json,26fb7ed859f9b14dc4c1778b174aa476ab53b7e8
JP-F09.03-PROFESSIONAL,candidate,Supplier Sourcing Specialist,JF-F09,professional,"Perform and continuously improve supplier discovery work within Procurement & Supplier Management, producing controlled, timely and decision-useful outcomes.",F09,F09.03,FR-F09.03,,4,"Supplier Discovery plans, decisions and controlled records | Accurate evidence of completed work and approvals | Performance, exception and corrective-action information",required,unclassified,unmapped,not-designed,not-tested,8140spitt/NuBlox-Digital-Applications,docs/architecture/job-architecture/generated/job-profiles.generated.json,1818ff2048cb3969ff588e733fd634963e0b6587,docs/architecture/job-architecture/generated/functional-roles.generated.json,26fb7ed859f9b14dc4c1778b174aa476ab53b7e8
JP-F09.04-PROFESSIONAL,candidate,Strategic Sourcing Specialist,JF-F09,professional,"Perform and continuously improve sourcing work within Procurement & Supplier Management, producing controlled, timely and decision-useful outcomes.",F09,F09.04,FR-F09.04,,4,"Sourcing plans, decisions and controlled records | Accurate evidence of completed work and approvals | Performance, exception and corrective-action information",required,unclassified,unmapped,not-designed,not-tested,8140spitt/NuBlox-Digital-Applications,docs/architecture/job-architecture/generated/job-profiles.generated.json,1818ff2048cb3969ff588e733fd634963e0b6587,docs/architecture/job-architecture/generated/functional-roles.generated.json,26fb7ed859f9b14dc4c1778b174aa476ab53b7e8
JP-F09.05-PROFESSIONAL,candidate,Supplier Commercial Manager,JF-F09,professional,"Perform and continuously improve supplier negotiation work within Procurement & Supplier Management, producing controlled, timely and decision-useful outcomes.",F09,F09.05,FR-F09.05,,5,"Supplier Negotiation plans, decisions and controlled records | Accurate evidence of completed work and approvals | Performance, exception and corrective-action information",required,unclassified,unmapped,not-designed,not-tested,8140spitt/NuBlox-Digital-Applications,docs/architecture/job-architecture/generated/job-profiles.generated.json,1818ff2048cb3969ff588e733fd634963e0b6587,docs/architecture/job-architecture/generated/functional-roles.generated.json,26fb7ed859f9b14dc4c1778b174aa476ab53b7e8
JP-F09.06-PROFESSIONAL,candidate,Procurement Contracts Manager,JF-F09,professional,"Perform and continuously improve contracting work within Procurement & Supplier Management, producing controlled, timely and decision-useful outcomes.",F09,F09.06,FR-F09.06,,6,"Contracting plans, decisions and controlled records | Accurate evidence of completed work and approvals | Performance, exception and corrective-action information",required,unclassified,unmapped,not-designed,not-tested,8140spitt/NuBlox-Digital-Applications,docs/architecture/job-architecture/generated/job-profiles.generated.json,1818ff2048cb3969ff588e733fd634963e0b6587,docs/architecture/job-architecture/generated/functional-roles.generated.json,26fb7ed859f9b14dc4c1778b174aa476ab53b7e8
JP-F09.07-PROFESSIONAL,candidate,Supplier Onboarding Specialist,JF-F09,professional,"Perform and continuously improve supplier onboarding work within Procurement & Supplier Management, producing controlled, timely and decision-useful outcomes.",F09,F09.07,FR-F09.07,,4,"Supplier Onboarding plans, decisions and controlled records | Accurate evidence of completed work and approvals | Performance, exception and corrective-action information",required,unclassified,unmapped,not-designed,not-tested,8140spitt/NuBlox-Digital-Applications,docs/architecture/job-architecture/generated/job-profiles.generated.json,1818ff2048cb3969ff588e733fd634963e0b6587,docs/architecture/job-architecture/generated/functional-roles.generated.json,26fb7ed859f9b14dc4c1778b174aa476ab53b7e8
JP-F09.08-PROFESSIONAL,candidate,Procurement Operations Specialist,JF-F09,professional,"Perform and continuously improve requisitioning work within Procurement & Supplier Management, producing controlled, timely and decision-useful outcomes.",F09,F09.08,FR-F09.08,,4,"Requisitioning plans, decisions and controlled records | Accurate evidence of completed work and approvals | Performance, exception and corrective-action information",required,unclassified,unmapped,not-designed,not-tested,8140spitt/NuBlox-Digital-Applications,docs/architecture/job-architecture/generated/job-profiles.generated.json,1818ff2048cb3969ff588e733fd634963e0b6587,docs/architecture/job-architecture/generated/functional-roles.generated.json,26fb7ed859f9b14dc4c1778b174aa476ab53b7e8
JP-F09.09-PROFESSIONAL,candidate,Buyer,JF-F09,professional,"Perform and continuously improve purchase ordering work within Procurement & Supplier Management, producing controlled, timely and decision-useful outcomes.",F09,F09.09,FR-F09.09,,5,"Purchase Ordering plans, decisions and controlled records | Accurate evidence of completed work and approvals | Performance, exception and corrective-action information",required,unclassified,unmapped,not-designed,not-tested,8140spitt/NuBlox-Digital-Applications,docs/architecture/job-architecture/generated/job-profiles.generated.json,1818ff2048cb3969ff588e733fd634963e0b6587,docs/architecture/job-architecture/generated/functional-roles.generated.json,26fb7ed859f9b14dc4c1778b174aa476ab53b7e8
JP-F09.10-PROFESSIONAL,candidate,Supplier Performance Specialist,JF-F09,professional,"Perform and continuously improve supplier performance work within Procurement & Supplier Management, producing controlled, timely and decision-useful outcomes.",F09,F09.10,FR-F09.10,,5,"Supplier Performance plans, decisions and controlled records | Accurate evidence of completed work and approvals | Performance, exception and corrective-action information",required,unclassified,unmapped,not-designed,not-tested,8140spitt/NuBlox-Digital-Applications,docs/architecture/job-architecture/generated/job-profiles.generated.json,1818ff2048cb3969ff588e733fd634963e0b6587,docs/architecture/job-architecture/generated/functional-roles.generated.json,26fb7ed859f9b14dc4c1778b174aa476ab53b7e8
JP-F09.11-PROFESSIONAL,candidate,Supplier Risk Specialist,JF-F09,professional,"Perform and continuously improve supplier risk work within Procurement & Supplier Management, producing controlled, timely and decision-useful outcomes.",F09,F09.11,FR-F09.11,,3,"Supplier Risk plans, decisions and controlled records | Accurate evidence of completed work and approvals | Performance, exception and corrective-action information",required,unclassified,unmapped,not-designed,not-tested,8140spitt/NuBlox-Digital-Applications,docs/architecture/job-architecture/generated/job-profiles.generated.json,1818ff2048cb3969ff588e733fd634963e0b6587,docs/architecture/job-architecture/generated/functional-roles.generated.json,26fb7ed859f9b14dc4c1778b174aa476ab53b7e8
JP-F09.12-PROFESSIONAL,candidate,Supplier Relationship Manager,JF-F09,professional,"Perform and continuously improve supplier relationship management work within Procurement & Supplier Management, producing controlled, timely and decision-useful outcomes.",F09,F09.12,FR-F09.12,,4,"Supplier Relationship Management plans, decisions and controlled records | Accurate evidence of completed work and approvals | Performance, exception and corrective-action information",required,unclassified,unmapped,not-designed,not-tested,8140spitt/NuBlox-Digital-Applications,docs/architecture/job-architecture/generated/job-profiles.generated.json,1818ff2048cb3969ff588e733fd634963e0b6587,docs/architecture/job-architecture/generated/functional-roles.generated.json,26fb7ed859f9b14dc4c1778b174aa476ab53b7e8
JP-F09.13-PROFESSIONAL,candidate,Procurement Analyst,JF-F09,professional,"Perform and continuously improve procurement analytics work within Procurement & Supplier Management, producing controlled, timely and decision-useful outcomes.",F09,F09.13,FR-F09.13,,5,"Procurement Analytics plans, decisions and controlled records | Accurate evidence of completed work and approvals | Performance, exception and corrective-action information",required,unclassified,unmapped,not-designed,not-tested,8140spitt/NuBlox-Digital-Applications,docs/architecture/job-architecture/generated/job-profiles.generated.json,1818ff2048cb3969ff588e733fd634963e0b6587,docs/architecture/job-architecture/generated/functional-roles.generated.json,26fb7ed859f9b14dc4c1778b174aa476ab53b7e8
JP-F10-FUNCTION-LEAD,candidate,Head of Supply Chain & Logistics,JF-F10,head,"Provide accountable leadership for Demand, Supply Chain & Logistics, establishing direction, governance, resources, controls and performance expectations across the function.",F10,F10.01|F10.02|F10.03|F10.04|F10.05|F10.06|F10.07|F10.08|F10.09|F10.10|F10.11|F10.12|F10.13,FR-F10.01|FR-F10.02|FR-F10.03|FR-F10.04|FR-F10.05|FR-F10.06|FR-F10.07|FR-F10.08|FR-F10.09|FR-F10.10|FR-F10.11|FR-F10.12|FR-F10.13,,57,"Demand, Supply Chain & Logistics strategy and operating plan | Function policies, standards and governance decisions | Resource and investment priorities | Performance, risk and assurance reporting | Improvement and capability roadmap",required,unclassified,unmapped,not-designed,not-tested,8140spitt/NuBlox-Digital-Applications,docs/architecture/job-architecture/generated/job-profiles.generated.json,1818ff2048cb3969ff588e733fd634963e0b6587,docs/architecture/job-architecture/generated/functional-roles.generated.json,26fb7ed859f9b14dc4c1778b174aa476ab53b7e8
JP-F10.01-PROFESSIONAL,candidate,Demand Planner,JF-F10,professional,"Perform and continuously improve demand planning work within Demand, Supply Chain & Logistics, producing controlled, timely and decision-useful outcomes.",F10,F10.01,FR-F10.01,,4,"Demand Planning plans, decisions and controlled records | Accurate evidence of completed work and approvals | Performance, exception and corrective-action information",required,unclassified,unmapped,not-designed,not-tested,8140spitt/NuBlox-Digital-Applications,docs/architecture/job-architecture/generated/job-profiles.generated.json,1818ff2048cb3969ff588e733fd634963e0b6587,docs/architecture/job-architecture/generated/functional-roles.generated.json,26fb7ed859f9b14dc4c1778b174aa476ab53b7e8
JP-F10.02-PROFESSIONAL,candidate,S&OP Manager,JF-F10,professional,"Perform and continuously improve sales & operations planning work within Demand, Supply Chain & Logistics, producing controlled, timely and decision-useful outcomes.",F10,F10.02,FR-F10.02,,4,"Sales & Operations Planning plans, decisions and controlled records | Accurate evidence of completed work and approvals | Performance, exception and corrective-action information",required,unclassified,unmapped,not-designed,not-tested,8140spitt/NuBlox-Digital-Applications,docs/architecture/job-architecture/generated/job-profiles.generated.json,1818ff2048cb3969ff588e733fd634963e0b6587,docs/architecture/job-architecture/generated/functional-roles.generated.json,26fb7ed859f9b14dc4c1778b174aa476ab53b7e8
JP-F10.03-PROFESSIONAL,candidate,Supply Planner,JF-F10,professional,"Perform and continuously improve supply planning work within Demand, Supply Chain & Logistics, producing controlled, timely and decision-useful outcomes.",F10,F10.03,FR-F10.03,,3,"Supply Planning plans, decisions and controlled records | Accurate evidence of completed work and approvals | Performance, exception and corrective-action information",required,unclassified,unmapped,not-designed,not-tested,8140spitt/NuBlox-Digital-Applications,docs/architecture/job-architecture/generated/job-profiles.generated.json,1818ff2048cb3969ff588e733fd634963e0b6587,docs/architecture/job-architecture/generated/functional-roles.generated.json,26fb7ed859f9b14dc4c1778b174aa476ab53b7e8
JP-F10.04-PROFESSIONAL,candidate,Inventory Planner,JF-F10,professional,"Perform and continuously improve inventory planning work within Demand, Supply Chain & Logistics, producing controlled, timely and decision-useful outcomes.",F10,F10.04,FR-F10.04,,4,"Inventory Planning plans, decisions and controlled records | Accurate evidence of completed work and approvals | Performance, exception and corrective-action information",required,unclassified,unmapped,not-designed,not-tested,8140spitt/NuBlox-Digital-Applications,docs/architecture/job-architecture/generated/job-profiles.generated.json,1818ff2048cb3969ff588e733fd634963e0b6587,docs/architecture/job-architecture/generated/functional-roles.generated.json,26fb7ed859f9b14dc4c1778b174aa476ab53b7e8
JP-F10.05-PROFESSIONAL,candidate,Materials Planner,JF-F10,professional,"Perform and continuously improve material requirements work within Demand, Supply Chain & Logistics, producing controlled, timely and decision-useful outcomes.",F10,F10.05,FR-F10.05,,3,"Material Requirements plans, decisions and controlled records | Accurate evidence of completed work and approvals | Performance, exception and corrective-action information",required,unclassified,unmapped,not-designed,not-tested,8140spitt/NuBlox-Digital-Applications,docs/architecture/job-architecture/generated/job-profiles.generated.json,1818ff2048cb3969ff588e733fd634963e0b6587,docs/architecture/job-architecture/generated/functional-roles.generated.json,26fb7ed859f9b14dc4c1778b174aa476ab53b7e8
JP-F10.06-PROFESSIONAL,candidate,Warehouse Manager,JF-F10,professional,"Perform and continuously improve warehouse management work within Demand, Supply Chain & Logistics, producing controlled, timely and decision-useful outcomes.",F10,F10.06,FR-F10.06,,7,"Warehouse Management plans, decisions and controlled records | Accurate evidence of completed work and approvals | Performance, exception and corrective-action information",required,unclassified,unmapped,not-designed,not-tested,8140spitt/NuBlox-Digital-Applications,docs/architecture/job-architecture/generated/job-profiles.generated.json,1818ff2048cb3969ff588e733fd634963e0b6587,docs/architecture/job-architecture/generated/functional-roles.generated.json,26fb7ed859f9b14dc4c1778b174aa476ab53b7e8
JP-F10.07-PROFESSIONAL,candidate,Inventory Controller,JF-F10,professional,"Perform and continuously improve inventory control work within Demand, Supply Chain & Logistics, producing controlled, timely and decision-useful outcomes.",F10,F10.07,FR-F10.07,,4,"Inventory Control plans, decisions and controlled records | Accurate evidence of completed work and approvals | Performance, exception and corrective-action information",required,unclassified,unmapped,not-designed,not-tested,8140spitt/NuBlox-Digital-Applications,docs/architecture/job-architecture/generated/job-profiles.generated.json,1818ff2048cb3969ff588e733fd634963e0b6587,docs/architecture/job-architecture/generated/functional-roles.generated.json,26fb7ed859f9b14dc4c1778b174aa476ab53b7e8
JP-F10.08-PROFESSIONAL,candidate,Transport Manager,JF-F10,professional,"Perform and continuously improve transport management work within Demand, Supply Chain & Logistics, producing controlled, timely and decision-useful outcomes.",F10,F10.08,FR-F10.08,,5,"Transport Management plans, decisions and controlled records | Accurate evidence of completed work and approvals | Performance, exception and corrective-action information",required,unclassified,unmapped,not-designed,not-tested,8140spitt/NuBlox-Digital-Applications,docs/architecture/job-architecture/generated/job-profiles.generated.json,1818ff2048cb3969ff588e733fd634963e0b6587,docs/architecture/job-architecture/generated/functional-roles.generated.json,26fb7ed859f9b14dc4c1778b174aa476ab53b7e8
JP-F10.09-PROFESSIONAL,candidate,Distribution Manager,JF-F10,professional,"Perform and continuously improve distribution work within Demand, Supply Chain & Logistics, producing controlled, timely and decision-useful outcomes.",F10,F10.09,FR-F10.09,,4,"Distribution plans, decisions and controlled records | Accurate evidence of completed work and approvals | Performance, exception and corrective-action information",required,unclassified,unmapped,not-designed,not-tested,8140spitt/NuBlox-Digital-Applications,docs/architecture/job-architecture/generated/job-profiles.generated.json,1818ff2048cb3969ff588e733fd634963e0b6587,docs/architecture/job-architecture/generated/functional-roles.generated.json,26fb7ed859f9b14dc4c1778b174aa476ab53b7e8
JP-F10.10-PROFESSIONAL,candidate,Import / Export Specialist,JF-F10,professional,"Perform and continuously improve import / export work within Demand, Supply Chain & Logistics, producing controlled, timely and decision-useful outcomes.",F10,F10.10,FR-F10.10,,4,"Import / Export plans, decisions and controlled records | Accurate evidence of completed work and approvals | Performance, exception and corrective-action information",required,unclassified,unmapped,not-designed,not-tested,8140spitt/NuBlox-Digital-Applications,docs/architecture/job-architecture/generated/job-profiles.generated.json,1818ff2048cb3969ff588e733fd634963e0b6587,docs/architecture/job-architecture/generated/functional-roles.generated.json,26fb7ed859f9b14dc4c1778b174aa476ab53b7e8
JP-F10.11-PROFESSIONAL,candidate,Reverse Logistics Specialist,JF-F10,professional,"Perform and continuously improve reverse logistics work within Demand, Supply Chain & Logistics, producing controlled, timely and decision-useful outcomes.",F10,F10.11,FR-F10.11,,6,"Reverse Logistics plans, decisions and controlled records | Accurate evidence of completed work and approvals | Performance, exception and corrective-action information",required,unclassified,unmapped,not-designed,not-tested,8140spitt/NuBlox-Digital-Applications,docs/architecture/job-architecture/generated/job-profiles.generated.json,1818ff2048cb3969ff588e733fd634963e0b6587,docs/architecture/job-architecture/generated/functional-roles.generated.json,26fb7ed859f9b14dc4c1778b174aa476ab53b7e8
JP-F10.12-PROFESSIONAL,candidate,Supply Chain Analyst,JF-F10,professional,"Perform and continuously improve supply chain analytics work within Demand, Supply Chain & Logistics, producing controlled, timely and decision-useful outcomes.",F10,F10.12,FR-F10.12,,5,"Supply Chain Analytics plans, decisions and controlled records | Accurate evidence of completed work and approvals | Performance, exception and corrective-action information",required,unclassified,unmapped,not-designed,not-tested,8140spitt/NuBlox-Digital-Applications,docs/architecture/job-architecture/generated/job-profiles.generated.json,1818ff2048cb3969ff588e733fd634963e0b6587,docs/architecture/job-architecture/generated/functional-roles.generated.json,26fb7ed859f9b14dc4c1778b174aa476ab53b7e8
JP-F10.13-PROFESSIONAL,candidate,Supply Chain Risk Specialist,JF-F10,professional,"Perform and continuously improve supply chain risk work within Demand, Supply Chain & Logistics, producing controlled, timely and decision-useful outcomes.",F10,F10.13,FR-F10.13,,4,"Supply Chain Risk plans, decisions and controlled records | Accurate evidence of completed work and approvals | Performance, exception and corrective-action information",required,unclassified,unmapped,not-designed,not-tested,8140spitt/NuBlox-Digital-Applications,docs/architecture/job-architecture/generated/job-profiles.generated.json,1818ff2048cb3969ff588e733fd634963e0b6587,docs/architecture/job-architecture/generated/functional-roles.generated.json,26fb7ed859f9b14dc4c1778b174aa476ab53b7e8
JP-F11-FUNCTION-LEAD,candidate,Head of Manufacturing / Production Operations,JF-F11,head,"Provide accountable leadership for Manufacturing / Production Operations, establishing direction, governance, resources, controls and performance expectations across the function.",F11,F11.01|F11.02|F11.03|F11.04|F11.05|F11.06|F11.07|F11.08|F11.09|F11.10|F11.11,FR-F11.01|FR-F11.02|FR-F11.03|FR-F11.04|FR-F11.05|FR-F11.06|FR-F11.07|FR-F11.08|FR-F11.09|FR-F11.10|FR-F11.11,,45,"Manufacturing / Production Operations strategy and operating plan | Function policies, standards and governance decisions | Resource and investment priorities | Performance, risk and assurance reporting | Improvement and capability roadmap",required,unclassified,unmapped,not-designed,not-tested,8140spitt/NuBlox-Digital-Applications,docs/architecture/job-architecture/generated/job-profiles.generated.json,1818ff2048cb3969ff588e733fd634963e0b6587,docs/architecture/job-architecture/generated/functional-roles.generated.json,26fb7ed859f9b14dc4c1778b174aa476ab53b7e8
JP-F11.01-PROFESSIONAL,candidate,Production Planner,JF-F11,professional,"Perform and continuously improve production planning work within Manufacturing / Production Operations, producing controlled, timely and decision-useful outcomes.",F11,F11.01,FR-F11.01,,4,"Production Planning plans, decisions and controlled records | Accurate evidence of completed work and approvals | Performance, exception and corrective-action information",required,unclassified,unmapped,not-designed,not-tested,8140spitt/NuBlox-Digital-Applications,docs/architecture/job-architecture/generated/job-profiles.generated.json,1818ff2048cb3969ff588e733fd634963e0b6587,docs/architecture/job-architecture/generated/functional-roles.generated.json,26fb7ed859f9b14dc4c1778b174aa476ab53b7e8
JP-F11.02-PROFESSIONAL,candidate,Production Scheduler,JF-F11,professional,"Perform and continuously improve production scheduling work within Manufacturing / Production Operations, producing controlled, timely and decision-useful outcomes.",F11,F11.02,FR-F11.02,,4,"Production Scheduling plans, decisions and controlled records | Accurate evidence of completed work and approvals | Performance, exception and corrective-action information",required,unclassified,unmapped,not-designed,not-tested,8140spitt/NuBlox-Digital-Applications,docs/architecture/job-architecture/generated/job-profiles.generated.json,1818ff2048cb3969ff588e733fd634963e0b6587,docs/architecture/job-architecture/generated/functional-roles.generated.json,26fb7ed859f9b14dc4c1778b174aa476ab53b7e8
JP-F11.03-PROFESSIONAL,candidate,Material Staging Specialist,JF-F11,professional,"Perform and continuously improve material staging work within Manufacturing / Production Operations, producing controlled, timely and decision-useful outcomes.",F11,F11.03,FR-F11.03,,4,"Material Staging plans, decisions and controlled records | Accurate evidence of completed work and approvals | Performance, exception and corrective-action information",required,unclassified,unmapped,not-designed,not-tested,8140spitt/NuBlox-Digital-Applications,docs/architecture/job-architecture/generated/job-profiles.generated.json,1818ff2048cb3969ff588e733fd634963e0b6587,docs/architecture/job-architecture/generated/functional-roles.generated.json,26fb7ed859f9b14dc4c1778b174aa476ab53b7e8
JP-F11.04-PROFESSIONAL,candidate,Production Supervisor,JF-F11,professional,"Perform and continuously improve production execution work within Manufacturing / Production Operations, producing controlled, timely and decision-useful outcomes.",F11,F11.04,FR-F11.04,,4,"Production Execution plans, decisions and controlled records | Accurate evidence of completed work and approvals | Performance, exception and corrective-action information",required,unclassified,unmapped,not-designed,not-tested,8140spitt/NuBlox-Digital-Applications,docs/architecture/job-architecture/generated/job-profiles.generated.json,1818ff2048cb3969ff588e733fd634963e0b6587,docs/architecture/job-architecture/generated/functional-roles.generated.json,26fb7ed859f9b14dc4c1778b174aa476ab53b7e8
JP-F11.05-PROFESSIONAL,candidate,Process Control Specialist,JF-F11,professional,"Perform and continuously improve process control work within Manufacturing / Production Operations, producing controlled, timely and decision-useful outcomes.",F11,F11.05,FR-F11.05,,3,"Process Control plans, decisions and controlled records | Accurate evidence of completed work and approvals | Performance, exception and corrective-action information",required,unclassified,unmapped,not-designed,not-tested,8140spitt/NuBlox-Digital-Applications,docs/architecture/job-architecture/generated/job-profiles.generated.json,1818ff2048cb3969ff588e733fd634963e0b6587,docs/architecture/job-architecture/generated/functional-roles.generated.json,26fb7ed859f9b14dc4c1778b174aa476ab53b7e8
JP-F11.06-PROFESSIONAL,candidate,WIP Controller,JF-F11,professional,"Perform and continuously improve work-in-progress work within Manufacturing / Production Operations, producing controlled, timely and decision-useful outcomes.",F11,F11.06,FR-F11.06,,4,"Work-in-progress plans, decisions and controlled records | Accurate evidence of completed work and approvals | Performance, exception and corrective-action information",required,unclassified,unmapped,not-designed,not-tested,8140spitt/NuBlox-Digital-Applications,docs/architecture/job-architecture/generated/job-profiles.generated.json,1818ff2048cb3969ff588e733fd634963e0b6587,docs/architecture/job-architecture/generated/functional-roles.generated.json,26fb7ed859f9b14dc4c1778b174aa476ab53b7e8
JP-F11.07-PROFESSIONAL,candidate,Packaging Supervisor,JF-F11,professional,"Perform and continuously improve packaging work within Manufacturing / Production Operations, producing controlled, timely and decision-useful outcomes.",F11,F11.07,FR-F11.07,,5,"Packaging plans, decisions and controlled records | Accurate evidence of completed work and approvals | Performance, exception and corrective-action information",required,unclassified,unmapped,not-designed,not-tested,8140spitt/NuBlox-Digital-Applications,docs/architecture/job-architecture/generated/job-profiles.generated.json,1818ff2048cb3969ff588e733fd634963e0b6587,docs/architecture/job-architecture/generated/functional-roles.generated.json,26fb7ed859f9b14dc4c1778b174aa476ab53b7e8
JP-F11.08-PROFESSIONAL,candidate,Production Reporting Specialist,JF-F11,professional,"Perform and continuously improve production reporting work within Manufacturing / Production Operations, producing controlled, timely and decision-useful outcomes.",F11,F11.08,FR-F11.08,,6,"Production Reporting plans, decisions and controlled records | Accurate evidence of completed work and approvals | Performance, exception and corrective-action information",required,unclassified,unmapped,not-designed,not-tested,8140spitt/NuBlox-Digital-Applications,docs/architecture/job-architecture/generated/job-profiles.generated.json,1818ff2048cb3969ff588e733fd634963e0b6587,docs/architecture/job-architecture/generated/functional-roles.generated.json,26fb7ed859f9b14dc4c1778b174aa476ab53b7e8
JP-F11.09-PROFESSIONAL,candidate,Capacity Manager,JF-F11,professional,"Perform and continuously improve capacity management work within Manufacturing / Production Operations, producing controlled, timely and decision-useful outcomes.",F11,F11.09,FR-F11.09,,4,"Capacity Management plans, decisions and controlled records | Accurate evidence of completed work and approvals | Performance, exception and corrective-action information",required,unclassified,unmapped,not-designed,not-tested,8140spitt/NuBlox-Digital-Applications,docs/architecture/job-architecture/generated/job-profiles.generated.json,1818ff2048cb3969ff588e733fd634963e0b6587,docs/architecture/job-architecture/generated/functional-roles.generated.json,26fb7ed859f9b14dc4c1778b174aa476ab53b7e8
JP-F11.10-PROFESSIONAL,candidate,Maintenance Coordination Specialist,JF-F11,professional,"Perform and continuously improve maintenance coordination work within Manufacturing / Production Operations, producing controlled, timely and decision-useful outcomes.",F11,F11.10,FR-F11.10,,3,"Maintenance Coordination plans, decisions and controlled records | Accurate evidence of completed work and approvals | Performance, exception and corrective-action information",required,unclassified,unmapped,not-designed,not-tested,8140spitt/NuBlox-Digital-Applications,docs/architecture/job-architecture/generated/job-profiles.generated.json,1818ff2048cb3969ff588e733fd634963e0b6587,docs/architecture/job-architecture/generated/functional-roles.generated.json,26fb7ed859f9b14dc4c1778b174aa476ab53b7e8
JP-F11.11-PROFESSIONAL,candidate,Lean Improvement Specialist,JF-F11,professional,"Perform and continuously improve lean operations work within Manufacturing / Production Operations, producing controlled, timely and decision-useful outcomes.",F11,F11.11,FR-F11.11,,4,"Lean Operations plans, decisions and controlled records | Accurate evidence of completed work and approvals | Performance, exception and corrective-action information",required,unclassified,unmapped,not-designed,not-tested,8140spitt/NuBlox-Digital-Applications,docs/architecture/job-architecture/generated/job-profiles.generated.json,1818ff2048cb3969ff588e733fd634963e0b6587,docs/architecture/job-architecture/generated/functional-roles.generated.json,26fb7ed859f9b14dc4c1778b174aa476ab53b7e8
JP-F12-FUNCTION-LEAD,candidate,Head of Service Delivery & Field Operations,JF-F12,head,"Provide accountable leadership for Service Delivery & Field Operations, establishing direction, governance, resources, controls and performance expectations across the function.",F12,F12.01|F12.02|F12.03|F12.04|F12.05|F12.06|F12.07|F12.08|F12.09|F12.10,FR-F12.01|FR-F12.02|FR-F12.03|FR-F12.04|FR-F12.05|FR-F12.06|FR-F12.07|FR-F12.08|FR-F12.09|FR-F12.10,,39,"Service Delivery & Field Operations strategy and operating plan | Function policies, standards and governance decisions | Resource and investment priorities | Performance, risk and assurance reporting | Improvement and capability roadmap",required,unclassified,unmapped,not-designed,not-tested,8140spitt/NuBlox-Digital-Applications,docs/architecture/job-architecture/generated/job-profiles.generated.json,1818ff2048cb3969ff588e733fd634963e0b6587,docs/architecture/job-architecture/generated/functional-roles.generated.json,26fb7ed859f9b14dc4c1778b174aa476ab53b7e8
JP-F12.01-PROFESSIONAL,candidate,Service Planner,JF-F12,professional,"Perform and continuously improve service planning work within Service Delivery & Field Operations, producing controlled, timely and decision-useful outcomes.",F12,F12.01,FR-F12.01,,4,"Service Planning plans, decisions and controlled records | Accurate evidence of completed work and approvals | Performance, exception and corrective-action information",required,unclassified,unmapped,not-designed,not-tested,8140spitt/NuBlox-Digital-Applications,docs/architecture/job-architecture/generated/job-profiles.generated.json,1818ff2048cb3969ff588e733fd634963e0b6587,docs/architecture/job-architecture/generated/functional-roles.generated.json,26fb7ed859f9b14dc4c1778b174aa476ab53b7e8
JP-F12.02-PROFESSIONAL,candidate,Service Scheduler,JF-F12,professional,"Perform and continuously improve service scheduling work within Service Delivery & Field Operations, producing controlled, timely and decision-useful outcomes.",F12,F12.02,FR-F12.02,,3,"Service Scheduling plans, decisions and controlled records | Accurate evidence of completed work and approvals | Performance, exception and corrective-action information",required,unclassified,unmapped,not-designed,not-tested,8140spitt/NuBlox-Digital-Applications,docs/architecture/job-architecture/generated/job-profiles.generated.json,1818ff2048cb3969ff588e733fd634963e0b6587,docs/architecture/job-architecture/generated/functional-roles.generated.json,26fb7ed859f9b14dc4c1778b174aa476ab53b7e8
JP-F12.03-PROFESSIONAL,candidate,Service Dispatcher,JF-F12,professional,"Perform and continuously improve resource dispatch work within Service Delivery & Field Operations, producing controlled, timely and decision-useful outcomes.",F12,F12.03,FR-F12.03,,4,"Resource Dispatch plans, decisions and controlled records | Accurate evidence of completed work and approvals | Performance, exception and corrective-action information",required,unclassified,unmapped,not-designed,not-tested,8140spitt/NuBlox-Digital-Applications,docs/architecture/job-architecture/generated/job-profiles.generated.json,1818ff2048cb3969ff588e733fd634963e0b6587,docs/architecture/job-architecture/generated/functional-roles.generated.json,26fb7ed859f9b14dc4c1778b174aa476ab53b7e8
JP-F12.04-PROFESSIONAL,candidate,Service Delivery Specialist,JF-F12,professional,"Perform and continuously improve service execution work within Service Delivery & Field Operations, producing controlled, timely and decision-useful outcomes.",F12,F12.04,FR-F12.04,,4,"Service Execution plans, decisions and controlled records | Accurate evidence of completed work and approvals | Performance, exception and corrective-action information",required,unclassified,unmapped,not-designed,not-tested,8140spitt/NuBlox-Digital-Applications,docs/architecture/job-architecture/generated/job-profiles.generated.json,1818ff2048cb3969ff588e733fd634963e0b6587,docs/architecture/job-architecture/generated/functional-roles.generated.json,26fb7ed859f9b14dc4c1778b174aa476ab53b7e8
JP-F12.05-PROFESSIONAL,candidate,Field Service Engineer,JF-F12,professional,"Perform and continuously improve field service work within Service Delivery & Field Operations, producing controlled, timely and decision-useful outcomes.",F12,F12.05,FR-F12.05,,5,"Field Service plans, decisions and controlled records | Accurate evidence of completed work and approvals | Performance, exception and corrective-action information",required,unclassified,unmapped,not-designed,not-tested,8140spitt/NuBlox-Digital-Applications,docs/architecture/job-architecture/generated/job-profiles.generated.json,1818ff2048cb3969ff588e733fd634963e0b6587,docs/architecture/job-architecture/generated/functional-roles.generated.json,26fb7ed859f9b14dc4c1778b174aa476ab53b7e8
JP-F12.06-PROFESSIONAL,candidate,Professional Services Consultant,JF-F12,professional,"Perform and continuously improve professional services work within Service Delivery & Field Operations, producing controlled, timely and decision-useful outcomes.",F12,F12.06,FR-F12.06,,4,"Professional Services plans, decisions and controlled records | Accurate evidence of completed work and approvals | Performance, exception and corrective-action information",required,unclassified,unmapped,not-designed,not-tested,8140spitt/NuBlox-Digital-Applications,docs/architecture/job-architecture/generated/job-profiles.generated.json,1818ff2048cb3969ff588e733fd634963e0b6587,docs/architecture/job-architecture/generated/functional-roles.generated.json,26fb7ed859f9b14dc4c1778b174aa476ab53b7e8
JP-F12.07-PROFESSIONAL,candidate,Service Acceptance Specialist,JF-F12,professional,"Perform and continuously improve service acceptance work within Service Delivery & Field Operations, producing controlled, timely and decision-useful outcomes.",F12,F12.07,FR-F12.07,,4,"Service Acceptance plans, decisions and controlled records | Accurate evidence of completed work and approvals | Performance, exception and corrective-action information",required,unclassified,unmapped,not-designed,not-tested,8140spitt/NuBlox-Digital-Applications,docs/architecture/job-architecture/generated/job-profiles.generated.json,1818ff2048cb3969ff588e733fd634963e0b6587,docs/architecture/job-architecture/generated/functional-roles.generated.json,26fb7ed859f9b14dc4c1778b174aa476ab53b7e8
JP-F12.08-PROFESSIONAL,candidate,Service Quality Specialist,JF-F12,professional,"Perform and continuously improve service quality work within Service Delivery & Field Operations, producing controlled, timely and decision-useful outcomes.",F12,F12.08,FR-F12.08,,3,"Service Quality plans, decisions and controlled records | Accurate evidence of completed work and approvals | Performance, exception and corrective-action information",required,unclassified,unmapped,not-designed,not-tested,8140spitt/NuBlox-Digital-Applications,docs/architecture/job-architecture/generated/job-profiles.generated.json,1818ff2048cb3969ff588e733fd634963e0b6587,docs/architecture/job-architecture/generated/functional-roles.generated.json,26fb7ed859f9b14dc4c1778b174aa476ab53b7e8
JP-F12.09-PROFESSIONAL,candidate,Service Capacity Specialist,JF-F12,professional,"Perform and continuously improve service capacity work within Service Delivery & Field Operations, producing controlled, timely and decision-useful outcomes.",F12,F12.09,FR-F12.09,,3,"Service Capacity plans, decisions and controlled records | Accurate evidence of completed work and approvals | Performance, exception and corrective-action information",required,unclassified,unmapped,not-designed,not-tested,8140spitt/NuBlox-Digital-Applications,docs/architecture/job-architecture/generated/job-profiles.generated.json,1818ff2048cb3969ff588e733fd634963e0b6587,docs/architecture/job-architecture/generated/functional-roles.generated.json,26fb7ed859f9b14dc4c1778b174aa476ab53b7e8
JP-F12.10-PROFESSIONAL,candidate,Service Performance Specialist,JF-F12,professional,"Perform and continuously improve service performance work within Service Delivery & Field Operations, producing controlled, timely and decision-useful outcomes.",F12,F12.10,FR-F12.10,,5,"Service Performance plans, decisions and controlled records | Accurate evidence of completed work and approvals | Performance, exception and corrective-action information",required,unclassified,unmapped,not-designed,not-tested,8140spitt/NuBlox-Digital-Applications,docs/architecture/job-architecture/generated/job-profiles.generated.json,1818ff2048cb3969ff588e733fd634963e0b6587,docs/architecture/job-architecture/generated/functional-roles.generated.json,26fb7ed859f9b14dc4c1778b174aa476ab53b7e8
JP-F13-FUNCTION-LEAD,candidate,Head of Quality,JF-F13,head,"Provide accountable leadership for Quality Management, establishing direction, governance, resources, controls and performance expectations across the function.",F13,F13.01|F13.02|F13.03|F13.04|F13.05|F13.06|F13.07|F13.08|F13.09|F13.10,FR-F13.01|FR-F13.02|FR-F13.03|FR-F13.04|FR-F13.05|FR-F13.06|FR-F13.07|FR-F13.08|FR-F13.09|FR-F13.10,,40,"Quality Management strategy and operating plan | Function policies, standards and governance decisions | Resource and investment priorities | Performance, risk and assurance reporting | Improvement and capability roadmap",required,unclassified,unmapped,not-designed,not-tested,8140spitt/NuBlox-Digital-Applications,docs/architecture/job-architecture/generated/job-profiles.generated.json,1818ff2048cb3969ff588e733fd634963e0b6587,docs/architecture/job-architecture/generated/functional-roles.generated.json,26fb7ed859f9b14dc4c1778b174aa476ab53b7e8
JP-F13.01-PROFESSIONAL,candidate,Quality Strategy Specialist,JF-F13,professional,"Perform and continuously improve quality strategy work within Quality Management, producing controlled, timely and decision-useful outcomes.",F13,F13.01,FR-F13.01,,4,"Quality Strategy plans, decisions and controlled records | Accurate evidence of completed work and approvals | Performance, exception and corrective-action information",required,unclassified,unmapped,not-designed,not-tested,8140spitt/NuBlox-Digital-Applications,docs/architecture/job-architecture/generated/job-profiles.generated.json,1818ff2048cb3969ff588e733fd634963e0b6587,docs/architecture/job-architecture/generated/functional-roles.generated.json,26fb7ed859f9b14dc4c1778b174aa476ab53b7e8
JP-F13.02-PROFESSIONAL,candidate,Quality Planner,JF-F13,professional,"Perform and continuously improve quality planning work within Quality Management, producing controlled, timely and decision-useful outcomes.",F13,F13.02,FR-F13.02,,3,"Quality Planning plans, decisions and controlled records | Accurate evidence of completed work and approvals | Performance, exception and corrective-action information",required,unclassified,unmapped,not-designed,not-tested,8140spitt/NuBlox-Digital-Applications,docs/architecture/job-architecture/generated/job-profiles.generated.json,1818ff2048cb3969ff588e733fd634963e0b6587,docs/architecture/job-architecture/generated/functional-roles.generated.json,26fb7ed859f9b14dc4c1778b174aa476ab53b7e8
JP-F13.03-PROFESSIONAL,candidate,Quality Assurance Specialist,JF-F13,professional,"Perform and continuously improve quality assurance work within Quality Management, producing controlled, timely and decision-useful outcomes.",F13,F13.03,FR-F13.03,,3,"Quality Assurance plans, decisions and controlled records | Accurate evidence of completed work and approvals | Performance, exception and corrective-action information",required,unclassified,unmapped,not-designed,not-tested,8140spitt/NuBlox-Digital-Applications,docs/architecture/job-architecture/generated/job-profiles.generated.json,1818ff2048cb3969ff588e733fd634963e0b6587,docs/architecture/job-architecture/generated/functional-roles.generated.json,26fb7ed859f9b14dc4c1778b174aa476ab53b7e8
JP-F13.04-PROFESSIONAL,candidate,Quality Control Inspector,JF-F13,professional,"Perform and continuously improve quality control work within Quality Management, producing controlled, timely and decision-useful outcomes.",F13,F13.04,FR-F13.04,,5,"Quality Control plans, decisions and controlled records | Accurate evidence of completed work and approvals | Performance, exception and corrective-action information",required,unclassified,unmapped,not-designed,not-tested,8140spitt/NuBlox-Digital-Applications,docs/architecture/job-architecture/generated/job-profiles.generated.json,1818ff2048cb3969ff588e733fd634963e0b6587,docs/architecture/job-architecture/generated/functional-roles.generated.json,26fb7ed859f9b14dc4c1778b174aa476ab53b7e8
JP-F13.05-PROFESSIONAL,candidate,Non-Conformance Coordinator,JF-F13,professional,"Perform and continuously improve non-conformance work within Quality Management, producing controlled, timely and decision-useful outcomes.",F13,F13.05,FR-F13.05,,5,"Non-conformance plans, decisions and controlled records | Accurate evidence of completed work and approvals | Performance, exception and corrective-action information",required,unclassified,unmapped,not-designed,not-tested,8140spitt/NuBlox-Digital-Applications,docs/architecture/job-architecture/generated/job-profiles.generated.json,1818ff2048cb3969ff588e733fd634963e0b6587,docs/architecture/job-architecture/generated/functional-roles.generated.json,26fb7ed859f9b14dc4c1778b174aa476ab53b7e8
JP-F13.06-PROFESSIONAL,candidate,CAPA Specialist,JF-F13,professional,"Perform and continuously improve corrective / preventive action work within Quality Management, producing controlled, timely and decision-useful outcomes.",F13,F13.06,FR-F13.06,,4,"Corrective / Preventive Action plans, decisions and controlled records | Accurate evidence of completed work and approvals | Performance, exception and corrective-action information",required,unclassified,unmapped,not-designed,not-tested,8140spitt/NuBlox-Digital-Applications,docs/architecture/job-architecture/generated/job-profiles.generated.json,1818ff2048cb3969ff588e733fd634963e0b6587,docs/architecture/job-architecture/generated/functional-roles.generated.json,26fb7ed859f9b14dc4c1778b174aa476ab53b7e8
JP-F13.07-PROFESSIONAL,candidate,Supplier Quality Engineer,JF-F13,professional,"Perform and continuously improve supplier quality work within Quality Management, producing controlled, timely and decision-useful outcomes.",F13,F13.07,FR-F13.07,,3,"Supplier Quality plans, decisions and controlled records | Accurate evidence of completed work and approvals | Performance, exception and corrective-action information",required,unclassified,unmapped,not-designed,not-tested,8140spitt/NuBlox-Digital-Applications,docs/architecture/job-architecture/generated/job-profiles.generated.json,1818ff2048cb3969ff588e733fd634963e0b6587,docs/architecture/job-architecture/generated/functional-roles.generated.json,26fb7ed859f9b14dc4c1778b174aa476ab53b7e8
JP-F13.08-PROFESSIONAL,candidate,Quality Documentation Specialist,JF-F13,professional,"Perform and continuously improve quality documentation work within Quality Management, producing controlled, timely and decision-useful outcomes.",F13,F13.08,FR-F13.08,,4,"Quality Documentation plans, decisions and controlled records | Accurate evidence of completed work and approvals | Performance, exception and corrective-action information",required,unclassified,unmapped,not-designed,not-tested,8140spitt/NuBlox-Digital-Applications,docs/architecture/job-architecture/generated/job-profiles.generated.json,1818ff2048cb3969ff588e733fd634963e0b6587,docs/architecture/job-architecture/generated/functional-roles.generated.json,26fb7ed859f9b14dc4c1778b174aa476ab53b7e8
JP-F13.09-PROFESSIONAL,candidate,Continuous Improvement Specialist,JF-F13,professional,"Perform and continuously improve continuous improvement work within Quality Management, producing controlled, timely and decision-useful outcomes.",F13,F13.09,FR-F13.09,,4,"Continuous Improvement plans, decisions and controlled records | Accurate evidence of completed work and approvals | Performance, exception and corrective-action information",required,unclassified,unmapped,not-designed,not-tested,8140spitt/NuBlox-Digital-Applications,docs/architecture/job-architecture/generated/job-profiles.generated.json,1818ff2048cb3969ff588e733fd634963e0b6587,docs/architecture/job-architecture/generated/functional-roles.generated.json,26fb7ed859f9b14dc4c1778b174aa476ab53b7e8
JP-F13.10-PROFESSIONAL,candidate,Quality Analyst,JF-F13,professional,"Perform and continuously improve quality analytics work within Quality Management, producing controlled, timely and decision-useful outcomes.",F13,F13.10,FR-F13.10,,5,"Quality Analytics plans, decisions and controlled records | Accurate evidence of completed work and approvals | Performance, exception and corrective-action information",required,unclassified,unmapped,not-designed,not-tested,8140spitt/NuBlox-Digital-Applications,docs/architecture/job-architecture/generated/job-profiles.generated.json,1818ff2048cb3969ff588e733fd634963e0b6587,docs/architecture/job-architecture/generated/functional-roles.generated.json,26fb7ed859f9b14dc4c1778b174aa476ab53b7e8
JP-F14-FUNCTION-LEAD,candidate,Head of Finance,JF-F14,head,"Provide accountable leadership for Finance, Accounting, Treasury & Tax, establishing direction, governance, resources, controls and performance expectations across the function.",F14,F14.01|F14.02|F14.03|F14.04|F14.05|F14.06|F14.07|F14.08|F14.09|F14.10|F14.11|F14.12|F14.13|F14.14|F14.15|F14.16|F14.17|F14.18|F14.19|F14.20|F14.21|F14.22,FR-F14.01|FR-F14.02|FR-F14.03|FR-F14.04|FR-F14.05|FR-F14.06|FR-F14.07|FR-F14.08|FR-F14.09|FR-F14.10|FR-F14.11|FR-F14.12|FR-F14.13|FR-F14.14|FR-F14.15|FR-F14.16|FR-F14.17|FR-F14.18|FR-F14.19|FR-F14.20|FR-F14.21|FR-F14.22,,96,"Finance, Accounting, Treasury & Tax strategy and operating plan | Function policies, standards and governance decisions | Resource and investment priorities | Performance, risk and assurance reporting | Improvement and capability roadmap",required,unclassified,unmapped,not-designed,not-tested,8140spitt/NuBlox-Digital-Applications,docs/architecture/job-architecture/generated/job-profiles.generated.json,1818ff2048cb3969ff588e733fd634963e0b6587,docs/architecture/job-architecture/generated/functional-roles.generated.json,26fb7ed859f9b14dc4c1778b174aa476ab53b7e8
JP-F14.01-PROFESSIONAL,candidate,Financial Strategy Specialist,JF-F14,professional,"Perform and continuously improve financial strategy work within Finance, Accounting, Treasury & Tax, producing controlled, timely and decision-useful outcomes.",F14,F14.01,FR-F14.01,,3,"Financial Strategy plans, decisions and controlled records | Accurate evidence of completed work and approvals | Performance, exception and corrective-action information",required,unclassified,unmapped,not-designed,not-tested,8140spitt/NuBlox-Digital-Applications,docs/architecture/job-architecture/generated/job-profiles.generated.json,1818ff2048cb3969ff588e733fd634963e0b6587,docs/architecture/job-architecture/generated/functional-roles.generated.json,26fb7ed859f9b14dc4c1778b174aa476ab53b7e8
JP-F14.02-PROFESSIONAL,candidate,Budgeting Specialist,JF-F14,professional,"Perform and continuously improve budgeting work within Finance, Accounting, Treasury & Tax, producing controlled, timely and decision-useful outcomes.",F14,F14.02,FR-F14.02,,5,"Budgeting plans, decisions and controlled records | Accurate evidence of completed work and approvals | Performance, exception and corrective-action information",required,unclassified,unmapped,not-designed,not-tested,8140spitt/NuBlox-Digital-Applications,docs/architecture/job-architecture/generated/job-profiles.generated.json,1818ff2048cb3969ff588e733fd634963e0b6587,docs/architecture/job-architecture/generated/functional-roles.generated.json,26fb7ed859f9b14dc4c1778b174aa476ab53b7e8
JP-F14.03-PROFESSIONAL,candidate,Forecasting Specialist,JF-F14,professional,"Perform and continuously improve forecasting work within Finance, Accounting, Treasury & Tax, producing controlled, timely and decision-useful outcomes.",F14,F14.03,FR-F14.03,,3,"Forecasting plans, decisions and controlled records | Accurate evidence of completed work and approvals | Performance, exception and corrective-action information",required,unclassified,unmapped,not-designed,not-tested,8140spitt/NuBlox-Digital-Applications,docs/architecture/job-architecture/generated/job-profiles.generated.json,1818ff2048cb3969ff588e733fd634963e0b6587,docs/architecture/job-architecture/generated/functional-roles.generated.json,26fb7ed859f9b14dc4c1778b174aa476ab53b7e8
JP-F14.04-PROFESSIONAL,candidate,General Ledger Accountant,JF-F14,professional,"Perform and continuously improve general ledger work within Finance, Accounting, Treasury & Tax, producing controlled, timely and decision-useful outcomes.",F14,F14.04,FR-F14.04,,4,"General Ledger plans, decisions and controlled records | Accurate evidence of completed work and approvals | Performance, exception and corrective-action information",required,unclassified,unmapped,not-designed,not-tested,8140spitt/NuBlox-Digital-Applications,docs/architecture/job-architecture/generated/job-profiles.generated.json,1818ff2048cb3969ff588e733fd634963e0b6587,docs/architecture/job-architecture/generated/functional-roles.generated.json,26fb7ed859f9b14dc4c1778b174aa476ab53b7e8
JP-F14.05-PROFESSIONAL,candidate,Accounts Payable Specialist,JF-F14,professional,"Perform and continuously improve accounts payable work within Finance, Accounting, Treasury & Tax, producing controlled, timely and decision-useful outcomes.",F14,F14.05,FR-F14.05,,6,"Accounts Payable plans, decisions and controlled records | Accurate evidence of completed work and approvals | Performance, exception and corrective-action information",required,unclassified,unmapped,not-designed,not-tested,8140spitt/NuBlox-Digital-Applications,docs/architecture/job-architecture/generated/job-profiles.generated.json,1818ff2048cb3969ff588e733fd634963e0b6587,docs/architecture/job-architecture/generated/functional-roles.generated.json,26fb7ed859f9b14dc4c1778b174aa476ab53b7e8
JP-F14.06-PROFESSIONAL,candidate,Accounts Receivable Specialist,JF-F14,professional,"Perform and continuously improve accounts receivable work within Finance, Accounting, Treasury & Tax, producing controlled, timely and decision-useful outcomes.",F14,F14.06,FR-F14.06,,4,"Accounts Receivable plans, decisions and controlled records | Accurate evidence of completed work and approvals | Performance, exception and corrective-action information",required,unclassified,unmapped,not-designed,not-tested,8140spitt/NuBlox-Digital-Applications,docs/architecture/job-architecture/generated/job-profiles.generated.json,1818ff2048cb3969ff588e733fd634963e0b6587,docs/architecture/job-architecture/generated/functional-roles.generated.json,26fb7ed859f9b14dc4c1778b174aa476ab53b7e8
JP-F14.07-PROFESSIONAL,candidate,Credit Controller,JF-F14,professional,"Perform and continuously improve credit management work within Finance, Accounting, Treasury & Tax, producing controlled, timely and decision-useful outcomes.",F14,F14.07,FR-F14.07,,4,"Credit Management plans, decisions and controlled records | Accurate evidence of completed work and approvals | Performance, exception and corrective-action information",required,unclassified,unmapped,not-designed,not-tested,8140spitt/NuBlox-Digital-Applications,docs/architecture/job-architecture/generated/job-profiles.generated.json,1818ff2048cb3969ff588e733fd634963e0b6587,docs/architecture/job-architecture/generated/functional-roles.generated.json,26fb7ed859f9b14dc4c1778b174aa476ab53b7e8
JP-F14.08-PROFESSIONAL,candidate,Collections Specialist,JF-F14,professional,"Perform and continuously improve collections work within Finance, Accounting, Treasury & Tax, producing controlled, timely and decision-useful outcomes.",F14,F14.08,FR-F14.08,,5,"Collections plans, decisions and controlled records | Accurate evidence of completed work and approvals | Performance, exception and corrective-action information",required,unclassified,unmapped,not-designed,not-tested,8140spitt/NuBlox-Digital-Applications,docs/architecture/job-architecture/generated/job-profiles.generated.json,1818ff2048cb3969ff588e733fd634963e0b6587,docs/architecture/job-architecture/generated/functional-roles.generated.json,26fb7ed859f9b14dc4c1778b174aa476ab53b7e8
JP-F14.09-PROFESSIONAL,candidate,Expense Manager,JF-F14,professional,"Perform and continuously improve expense management work within Finance, Accounting, Treasury & Tax, producing controlled, timely and decision-useful outcomes.",F14,F14.09,FR-F14.09,,5,"Expense Management plans, decisions and controlled records | Accurate evidence of completed work and approvals | Performance, exception and corrective-action information",required,unclassified,unmapped,not-designed,not-tested,8140spitt/NuBlox-Digital-Applications,docs/architecture/job-architecture/generated/job-profiles.generated.json,1818ff2048cb3969ff588e733fd634963e0b6587,docs/architecture/job-architecture/generated/functional-roles.generated.json,26fb7ed859f9b14dc4c1778b174aa476ab53b7e8
JP-F14.10-PROFESSIONAL,candidate,Fixed Asset Accountant,JF-F14,professional,"Perform and continuously improve fixed asset accounting work within Finance, Accounting, Treasury & Tax, producing controlled, timely and decision-useful outcomes.",F14,F14.10,FR-F14.10,,5,"Fixed Asset Accounting plans, decisions and controlled records | Accurate evidence of completed work and approvals | Performance, exception and corrective-action information",required,unclassified,unmapped,not-designed,not-tested,8140spitt/NuBlox-Digital-Applications,docs/architecture/job-architecture/generated/job-profiles.generated.json,1818ff2048cb3969ff588e733fd634963e0b6587,docs/architecture/job-architecture/generated/functional-roles.generated.json,26fb7ed859f9b14dc4c1778b174aa476ab53b7e8
JP-F14.11-PROFESSIONAL,candidate,Cost Accountant,JF-F14,professional,"Perform and continuously improve cost accounting work within Finance, Accounting, Treasury & Tax, producing controlled, timely and decision-useful outcomes.",F14,F14.11,FR-F14.11,,3,"Cost Accounting plans, decisions and controlled records | Accurate evidence of completed work and approvals | Performance, exception and corrective-action information",required,unclassified,unmapped,not-designed,not-tested,8140spitt/NuBlox-Digital-Applications,docs/architecture/job-architecture/generated/job-profiles.generated.json,1818ff2048cb3969ff588e733fd634963e0b6587,docs/architecture/job-architecture/generated/functional-roles.generated.json,26fb7ed859f9b14dc4c1778b174aa476ab53b7e8
JP-F14.12-PROFESSIONAL,candidate,Financial Close Accountant,JF-F14,professional,"Perform and continuously improve financial close work within Finance, Accounting, Treasury & Tax, producing controlled, timely and decision-useful outcomes.",F14,F14.12,FR-F14.12,,4,"Financial Close plans, decisions and controlled records | Accurate evidence of completed work and approvals | Performance, exception and corrective-action information",required,unclassified,unmapped,not-designed,not-tested,8140spitt/NuBlox-Digital-Applications,docs/architecture/job-architecture/generated/job-profiles.generated.json,1818ff2048cb3969ff588e733fd634963e0b6587,docs/architecture/job-architecture/generated/functional-roles.generated.json,26fb7ed859f9b14dc4c1778b174aa476ab53b7e8
JP-F14.13-PROFESSIONAL,candidate,Group Consolidation Accountant,JF-F14,professional,"Perform and continuously improve consolidation work within Finance, Accounting, Treasury & Tax, producing controlled, timely and decision-useful outcomes.",F14,F14.13,FR-F14.13,,4,"Consolidation plans, decisions and controlled records | Accurate evidence of completed work and approvals | Performance, exception and corrective-action information",required,unclassified,unmapped,not-designed,not-tested,8140spitt/NuBlox-Digital-Applications,docs/architecture/job-architecture/generated/job-profiles.generated.json,1818ff2048cb3969ff588e733fd634963e0b6587,docs/architecture/job-architecture/generated/functional-roles.generated.json,26fb7ed859f9b14dc4c1778b174aa476ab53b7e8
JP-F14.14-PROFESSIONAL,candidate,Financial Reporting Accountant,JF-F14,professional,"Perform and continuously improve financial reporting work within Finance, Accounting, Treasury & Tax, producing controlled, timely and decision-useful outcomes.",F14,F14.14,FR-F14.14,,5,"Financial Reporting plans, decisions and controlled records | Accurate evidence of completed work and approvals | Performance, exception and corrective-action information",required,unclassified,unmapped,not-designed,not-tested,8140spitt/NuBlox-Digital-Applications,docs/architecture/job-architecture/generated/job-profiles.generated.json,1818ff2048cb3969ff588e733fd634963e0b6587,docs/architecture/job-architecture/generated/functional-roles.generated.json,26fb7ed859f9b14dc4c1778b174aa476ab53b7e8
JP-F14.15-PROFESSIONAL,candidate,Treasury Specialist,JF-F14,professional,"Perform and continuously improve treasury work within Finance, Accounting, Treasury & Tax, producing controlled, timely and decision-useful outcomes.",F14,F14.15,FR-F14.15,,5,"Treasury plans, decisions and controlled records | Accurate evidence of completed work and approvals | Performance, exception and corrective-action information",required,unclassified,unmapped,not-designed,not-tested,8140spitt/NuBlox-Digital-Applications,docs/architecture/job-architecture/generated/job-profiles.generated.json,1818ff2048cb3969ff588e733fd634963e0b6587,docs/architecture/job-architecture/generated/functional-roles.generated.json,26fb7ed859f9b14dc4c1778b174aa476ab53b7e8
JP-F14.16-PROFESSIONAL,candidate,Payments Specialist,JF-F14,professional,"Perform and continuously improve payments work within Finance, Accounting, Treasury & Tax, producing controlled, timely and decision-useful outcomes.",F14,F14.16,FR-F14.16,,5,"Payments plans, decisions and controlled records | Accurate evidence of completed work and approvals | Performance, exception and corrective-action information",required,unclassified,unmapped,not-designed,not-tested,8140spitt/NuBlox-Digital-Applications,docs/architecture/job-architecture/generated/job-profiles.generated.json,1818ff2048cb3969ff588e733fd634963e0b6587,docs/architecture/job-architecture/generated/functional-roles.generated.json,26fb7ed859f9b14dc4c1778b174aa476ab53b7e8
JP-F14.17-PROFESSIONAL,candidate,Treasury FX Specialist,JF-F14,professional,"Perform and continuously improve foreign exchange work within Finance, Accounting, Treasury & Tax, producing controlled, timely and decision-useful outcomes.",F14,F14.17,FR-F14.17,,4,"Foreign Exchange plans, decisions and controlled records | Accurate evidence of completed work and approvals | Performance, exception and corrective-action information",required,unclassified,unmapped,not-designed,not-tested,8140spitt/NuBlox-Digital-Applications,docs/architecture/job-architecture/generated/job-profiles.generated.json,1818ff2048cb3969ff588e733fd634963e0b6587,docs/architecture/job-architecture/generated/functional-roles.generated.json,26fb7ed859f9b14dc4c1778b174aa476ab53b7e8
JP-F14.18-PROFESSIONAL,candidate,Corporate Finance Specialist,JF-F14,professional,"Perform and continuously improve debt & financing work within Finance, Accounting, Treasury & Tax, producing controlled, timely and decision-useful outcomes.",F14,F14.18,FR-F14.18,,4,"Debt & Financing plans, decisions and controlled records | Accurate evidence of completed work and approvals | Performance, exception and corrective-action information",required,unclassified,unmapped,not-designed,not-tested,8140spitt/NuBlox-Digital-Applications,docs/architecture/job-architecture/generated/job-profiles.generated.json,1818ff2048cb3969ff588e733fd634963e0b6587,docs/architecture/job-architecture/generated/functional-roles.generated.json,26fb7ed859f9b14dc4c1778b174aa476ab53b7e8
JP-F14.19-PROFESSIONAL,candidate,Tax Specialist,JF-F14,professional,"Perform and continuously improve tax work within Finance, Accounting, Treasury & Tax, producing controlled, timely and decision-useful outcomes.",F14,F14.19,FR-F14.19,,6,"Tax plans, decisions and controlled records | Accurate evidence of completed work and approvals | Performance, exception and corrective-action information",required,unclassified,unmapped,not-designed,not-tested,8140spitt/NuBlox-Digital-Applications,docs/architecture/job-architecture/generated/job-profiles.generated.json,1818ff2048cb3969ff588e733fd634963e0b6587,docs/architecture/job-architecture/generated/functional-roles.generated.json,26fb7ed859f9b14dc4c1778b174aa476ab53b7e8
JP-F14.20-PROFESSIONAL,candidate,Financial Controls Manager,JF-F14,professional,"Perform and continuously improve financial controls work within Finance, Accounting, Treasury & Tax, producing controlled, timely and decision-useful outcomes.",F14,F14.20,FR-F14.20,,4,"Financial Controls plans, decisions and controlled records | Accurate evidence of completed work and approvals | Performance, exception and corrective-action information",required,unclassified,unmapped,not-designed,not-tested,8140spitt/NuBlox-Digital-Applications,docs/architecture/job-architecture/generated/job-profiles.generated.json,1818ff2048cb3969ff588e733fd634963e0b6587,docs/architecture/job-architecture/generated/functional-roles.generated.json,26fb7ed859f9b14dc4c1778b174aa476ab53b7e8
JP-F14.21-PROFESSIONAL,candidate,Commercial Finance Analyst,JF-F14,professional,"Perform and continuously improve profitability analysis work within Finance, Accounting, Treasury & Tax, producing controlled, timely and decision-useful outcomes.",F14,F14.21,FR-F14.21,,3,"Profitability Analysis plans, decisions and controlled records | Accurate evidence of completed work and approvals | Performance, exception and corrective-action information",required,unclassified,unmapped,not-designed,not-tested,8140spitt/NuBlox-Digital-Applications,docs/architecture/job-architecture/generated/job-profiles.generated.json,1818ff2048cb3969ff588e733fd634963e0b6587,docs/architecture/job-architecture/generated/functional-roles.generated.json,26fb7ed859f9b14dc4c1778b174aa476ab53b7e8
JP-F14.22-PROFESSIONAL,candidate,Capital Investment Analyst,JF-F14,professional,"Perform and continuously improve capital expenditure work within Finance, Accounting, Treasury & Tax, producing controlled, timely and decision-useful outcomes.",F14,F14.22,FR-F14.22,,5,"Capital Expenditure plans, decisions and controlled records | Accurate evidence of completed work and approvals | Performance, exception and corrective-action information",required,unclassified,unmapped,not-designed,not-tested,8140spitt/NuBlox-Digital-Applications,docs/architecture/job-architecture/generated/job-profiles.generated.json,1818ff2048cb3969ff588e733fd634963e0b6587,docs/architecture/job-architecture/generated/functional-roles.generated.json,26fb7ed859f9b14dc4c1778b174aa476ab53b7e8
JP-F15-FUNCTION-LEAD,candidate,Head of Human Resources,JF-F15,head,"Provide accountable leadership for Human Resources / Human Capital, establishing direction, governance, resources, controls and performance expectations across the function.",F15,F15.01|F15.02|F15.03|F15.04|F15.05|F15.06|F15.07|F15.08|F15.09|F15.10|F15.11|F15.12|F15.13|F15.14|F15.15|F15.16|F15.17|F15.18|F15.19|F15.20,FR-F15.01|FR-F15.02|FR-F15.03|FR-F15.04|FR-F15.05|FR-F15.06|FR-F15.07|FR-F15.08|FR-F15.09|FR-F15.10|FR-F15.11|FR-F15.12|FR-F15.13|FR-F15.14|FR-F15.15|FR-F15.16|FR-F15.17|FR-F15.18|FR-F15.19|FR-F15.20,,88,"Human Resources / Human Capital strategy and operating plan | Function policies, standards and governance decisions | Resource and investment priorities | Performance, risk and assurance reporting | Improvement and capability roadmap",required,unclassified,unmapped,not-designed,not-tested,8140spitt/NuBlox-Digital-Applications,docs/architecture/job-architecture/generated/job-profiles.generated.json,1818ff2048cb3969ff588e733fd634963e0b6587,docs/architecture/job-architecture/generated/functional-roles.generated.json,26fb7ed859f9b14dc4c1778b174aa476ab53b7e8
JP-F15.01-PROFESSIONAL,candidate,People Strategy Manager,JF-F15,professional,"Perform and continuously improve people strategy work within Human Resources / Human Capital, producing controlled, timely and decision-useful outcomes.",F15,F15.01,FR-F15.01,,4,"People Strategy plans, decisions and controlled records | Accurate evidence of completed work and approvals | Performance, exception and corrective-action information",required,unclassified,unmapped,not-designed,not-tested,8140spitt/NuBlox-Digital-Applications,docs/architecture/job-architecture/generated/job-profiles.generated.json,1818ff2048cb3969ff588e733fd634963e0b6587,docs/architecture/job-architecture/generated/functional-roles.generated.json,26fb7ed859f9b14dc4c1778b174aa476ab53b7e8
JP-F15.02-PROFESSIONAL,candidate,Workforce Planning Specialist,JF-F15,professional,"Perform and continuously improve workforce planning work within Human Resources / Human Capital, producing controlled, timely and decision-useful outcomes.",F15,F15.02,FR-F15.02,,4,"Workforce Planning plans, decisions and controlled records | Accurate evidence of completed work and approvals | Performance, exception and corrective-action information",required,unclassified,unmapped,not-designed,not-tested,8140spitt/NuBlox-Digital-Applications,docs/architecture/job-architecture/generated/job-profiles.generated.json,1818ff2048cb3969ff588e733fd634963e0b6587,docs/architecture/job-architecture/generated/functional-roles.generated.json,26fb7ed859f9b14dc4c1778b174aa476ab53b7e8
JP-F15.03-PROFESSIONAL,candidate,Organisation Design Specialist,JF-F15,professional,"Perform and continuously improve organisation design work within Human Resources / Human Capital, producing controlled, timely and decision-useful outcomes.",F15,F15.03,FR-F15.03,,4,"Organisation Design plans, decisions and controlled records | Accurate evidence of completed work and approvals | Performance, exception and corrective-action information",required,unclassified,unmapped,not-designed,not-tested,8140spitt/NuBlox-Digital-Applications,docs/architecture/job-architecture/generated/job-profiles.generated.json,1818ff2048cb3969ff588e733fd634963e0b6587,docs/architecture/job-architecture/generated/functional-roles.generated.json,26fb7ed859f9b14dc4c1778b174aa476ab53b7e8
JP-F15.04-PROFESSIONAL,candidate,Job Architecture Specialist,JF-F15,professional,"Perform and continuously improve job architecture work within Human Resources / Human Capital, producing controlled, timely and decision-useful outcomes.",F15,F15.04,FR-F15.04,,4,"Job Architecture plans, decisions and controlled records | Accurate evidence of completed work and approvals | Performance, exception and corrective-action information",required,unclassified,unmapped,not-designed,not-tested,8140spitt/NuBlox-Digital-Applications,docs/architecture/job-architecture/generated/job-profiles.generated.json,1818ff2048cb3969ff588e733fd634963e0b6587,docs/architecture/job-architecture/generated/functional-roles.generated.json,26fb7ed859f9b14dc4c1778b174aa476ab53b7e8
JP-F15.05-PROFESSIONAL,candidate,Talent Acquisition Specialist,JF-F15,professional,"Perform and continuously improve recruitment work within Human Resources / Human Capital, producing controlled, timely and decision-useful outcomes.",F15,F15.05,FR-F15.05,,7,"Recruitment plans, decisions and controlled records | Accurate evidence of completed work and approvals | Performance, exception and corrective-action information",required,unclassified,unmapped,not-designed,not-tested,8140spitt/NuBlox-Digital-Applications,docs/architecture/job-architecture/generated/job-profiles.generated.json,1818ff2048cb3969ff588e733fd634963e0b6587,docs/architecture/job-architecture/generated/functional-roles.generated.json,26fb7ed859f9b14dc4c1778b174aa476ab53b7e8
JP-F15.06-PROFESSIONAL,candidate,Pre-Employment Screening Specialist,JF-F15,professional,"Perform and continuously improve pre-employment work within Human Resources / Human Capital, producing controlled, timely and decision-useful outcomes.",F15,F15.06,FR-F15.06,,4,"Pre-employment plans, decisions and controlled records | Accurate evidence of completed work and approvals | Performance, exception and corrective-action information",required,unclassified,unmapped,not-designed,not-tested,8140spitt/NuBlox-Digital-Applications,docs/architecture/job-architecture/generated/job-profiles.generated.json,1818ff2048cb3969ff588e733fd634963e0b6587,docs/architecture/job-architecture/generated/functional-roles.generated.json,26fb7ed859f9b14dc4c1778b174aa476ab53b7e8
JP-F15.07-PROFESSIONAL,candidate,Employee Onboarding Specialist,JF-F15,professional,"Perform and continuously improve onboarding work within Human Resources / Human Capital, producing controlled, timely and decision-useful outcomes.",F15,F15.07,FR-F15.07,,4,"Onboarding plans, decisions and controlled records | Accurate evidence of completed work and approvals | Performance, exception and corrective-action information",required,unclassified,unmapped,not-designed,not-tested,8140spitt/NuBlox-Digital-Applications,docs/architecture/job-architecture/generated/job-profiles.generated.json,1818ff2048cb3969ff588e733fd634963e0b6587,docs/architecture/job-architecture/generated/functional-roles.generated.json,26fb7ed859f9b14dc4c1778b174aa476ab53b7e8
JP-F15.08-PROFESSIONAL,candidate,HR Operations Specialist,JF-F15,professional,"Perform and continuously improve employee administration work within Human Resources / Human Capital, producing controlled, timely and decision-useful outcomes.",F15,F15.08,FR-F15.08,,4,"Employee Administration plans, decisions and controlled records | Accurate evidence of completed work and approvals | Performance, exception and corrective-action information",required,unclassified,unmapped,not-designed,not-tested,8140spitt/NuBlox-Digital-Applications,docs/architecture/job-architecture/generated/job-profiles.generated.json,1818ff2048cb3969ff588e733fd634963e0b6587,docs/architecture/job-architecture/generated/functional-roles.generated.json,26fb7ed859f9b14dc4c1778b174aa476ab53b7e8
JP-F15.09-PROFESSIONAL,candidate,Time & Attendance Specialist,JF-F15,professional,"Perform and continuously improve time & attendance work within Human Resources / Human Capital, producing controlled, timely and decision-useful outcomes.",F15,F15.09,FR-F15.09,,5,"Time & Attendance plans, decisions and controlled records | Accurate evidence of completed work and approvals | Performance, exception and corrective-action information",required,unclassified,unmapped,not-designed,not-tested,8140spitt/NuBlox-Digital-Applications,docs/architecture/job-architecture/generated/job-profiles.generated.json,1818ff2048cb3969ff588e733fd634963e0b6587,docs/architecture/job-architecture/generated/functional-roles.generated.json,26fb7ed859f9b14dc4c1778b174aa476ab53b7e8
JP-F15.10-PROFESSIONAL,candidate,Payroll Specialist,JF-F15,professional,"Perform and continuously improve payroll work within Human Resources / Human Capital, producing controlled, timely and decision-useful outcomes.",F15,F15.10,FR-F15.10,,6,"Payroll plans, decisions and controlled records | Accurate evidence of completed work and approvals | Performance, exception and corrective-action information",required,unclassified,unmapped,not-designed,not-tested,8140spitt/NuBlox-Digital-Applications,docs/architecture/job-architecture/generated/job-profiles.generated.json,1818ff2048cb3969ff588e733fd634963e0b6587,docs/architecture/job-architecture/generated/functional-roles.generated.json,26fb7ed859f9b14dc4c1778b174aa476ab53b7e8
JP-F15.11-PROFESSIONAL,candidate,Compensation Specialist,JF-F15,professional,"Perform and continuously improve compensation work within Human Resources / Human Capital, producing controlled, timely and decision-useful outcomes.",F15,F15.11,FR-F15.11,,4,"Compensation plans, decisions and controlled records | Accurate evidence of completed work and approvals | Performance, exception and corrective-action information",required,unclassified,unmapped,not-designed,not-tested,8140spitt/NuBlox-Digital-Applications,docs/architecture/job-architecture/generated/job-profiles.generated.json,1818ff2048cb3969ff588e733fd634963e0b6587,docs/architecture/job-architecture/generated/functional-roles.generated.json,26fb7ed859f9b14dc4c1778b174aa476ab53b7e8
JP-F15.12-PROFESSIONAL,candidate,Benefits Specialist,JF-F15,professional,"Perform and continuously improve benefits work within Human Resources / Human Capital, producing controlled, timely and decision-useful outcomes.",F15,F15.12,FR-F15.12,,3,"Benefits plans, decisions and controlled records | Accurate evidence of completed work and approvals | Performance, exception and corrective-action information",required,unclassified,unmapped,not-designed,not-tested,8140spitt/NuBlox-Digital-Applications,docs/architecture/job-architecture/generated/job-profiles.generated.json,1818ff2048cb3969ff588e733fd634963e0b6587,docs/architecture/job-architecture/generated/functional-roles.generated.json,26fb7ed859f9b14dc4c1778b174aa476ab53b7e8
JP-F15.13-PROFESSIONAL,candidate,Performance Management Specialist,JF-F15,professional,"Perform and continuously improve performance management work within Human Resources / Human Capital, producing controlled, timely and decision-useful outcomes.",F15,F15.13,FR-F15.13,,5,"Performance Management plans, decisions and controlled records | Accurate evidence of completed work and approvals | Performance, exception and corrective-action information",required,unclassified,unmapped,not-designed,not-tested,8140spitt/NuBlox-Digital-Applications,docs/architecture/job-architecture/generated/job-profiles.generated.json,1818ff2048cb3969ff588e733fd634963e0b6587,docs/architecture/job-architecture/generated/functional-roles.generated.json,26fb7ed859f9b14dc4c1778b174aa476ab53b7e8
JP-F15.14-PROFESSIONAL,candidate,Learning & Development Specialist,JF-F15,professional,"Perform and continuously improve learning & development work within Human Resources / Human Capital, producing controlled, timely and decision-useful outcomes.",F15,F15.14,FR-F15.14,,5,"Learning & Development plans, decisions and controlled records | Accurate evidence of completed work and approvals | Performance, exception and corrective-action information",required,unclassified,unmapped,not-designed,not-tested,8140spitt/NuBlox-Digital-Applications,docs/architecture/job-architecture/generated/job-profiles.generated.json,1818ff2048cb3969ff588e733fd634963e0b6587,docs/architecture/job-architecture/generated/functional-roles.generated.json,26fb7ed859f9b14dc4c1778b174aa476ab53b7e8
JP-F15.15-PROFESSIONAL,candidate,Talent Management Specialist,JF-F15,professional,"Perform and continuously improve talent management work within Human Resources / Human Capital, producing controlled, timely and decision-useful outcomes.",F15,F15.15,FR-F15.15,,4,"Talent Management plans, decisions and controlled records | Accurate evidence of completed work and approvals | Performance, exception and corrective-action information",required,unclassified,unmapped,not-designed,not-tested,8140spitt/NuBlox-Digital-Applications,docs/architecture/job-architecture/generated/job-profiles.generated.json,1818ff2048cb3969ff588e733fd634963e0b6587,docs/architecture/job-architecture/generated/functional-roles.generated.json,26fb7ed859f9b14dc4c1778b174aa476ab53b7e8
JP-F15.16-PROFESSIONAL,candidate,Employee Engagement Specialist,JF-F15,professional,"Perform and continuously improve employee engagement work within Human Resources / Human Capital, producing controlled, timely and decision-useful outcomes.",F15,F15.16,FR-F15.16,,3,"Employee Engagement plans, decisions and controlled records | Accurate evidence of completed work and approvals | Performance, exception and corrective-action information",required,unclassified,unmapped,not-designed,not-tested,8140spitt/NuBlox-Digital-Applications,docs/architecture/job-architecture/generated/job-profiles.generated.json,1818ff2048cb3969ff588e733fd634963e0b6587,docs/architecture/job-architecture/generated/functional-roles.generated.json,26fb7ed859f9b14dc4c1778b174aa476ab53b7e8
JP-F15.17-PROFESSIONAL,candidate,Employee Relations Specialist,JF-F15,professional,"Perform and continuously improve employee relations work within Human Resources / Human Capital, producing controlled, timely and decision-useful outcomes.",F15,F15.17,FR-F15.17,,4,"Employee Relations plans, decisions and controlled records | Accurate evidence of completed work and approvals | Performance, exception and corrective-action information",required,unclassified,unmapped,not-designed,not-tested,8140spitt/NuBlox-Digital-Applications,docs/architecture/job-architecture/generated/job-profiles.generated.json,1818ff2048cb3969ff588e733fd634963e0b6587,docs/architecture/job-architecture/generated/functional-roles.generated.json,26fb7ed859f9b14dc4c1778b174aa476ab53b7e8
JP-F15.18-PROFESSIONAL,candidate,Absence Management Specialist,JF-F15,professional,"Perform and continuously improve absence management work within Human Resources / Human Capital, producing controlled, timely and decision-useful outcomes.",F15,F15.18,FR-F15.18,,3,"Absence Management plans, decisions and controlled records | Accurate evidence of completed work and approvals | Performance, exception and corrective-action information",required,unclassified,unmapped,not-designed,not-tested,8140spitt/NuBlox-Digital-Applications,docs/architecture/job-architecture/generated/job-profiles.generated.json,1818ff2048cb3969ff588e733fd634963e0b6587,docs/architecture/job-architecture/generated/functional-roles.generated.json,26fb7ed859f9b14dc4c1778b174aa476ab53b7e8
JP-F15.19-PROFESSIONAL,candidate,Employee Offboarding Specialist,JF-F15,professional,"Perform and continuously improve offboarding work within Human Resources / Human Capital, producing controlled, timely and decision-useful outcomes.",F15,F15.19,FR-F15.19,,5,"Offboarding plans, decisions and controlled records | Accurate evidence of completed work and approvals | Performance, exception and corrective-action information",required,unclassified,unmapped,not-designed,not-tested,8140spitt/NuBlox-Digital-Applications,docs/architecture/job-architecture/generated/job-profiles.generated.json,1818ff2048cb3969ff588e733fd634963e0b6587,docs/architecture/job-architecture/generated/functional-roles.generated.json,26fb7ed859f9b14dc4c1778b174aa476ab53b7e8
JP-F15.20-PROFESSIONAL,candidate,People Analytics Specialist,JF-F15,professional,"Perform and continuously improve hr analytics work within Human Resources / Human Capital, producing controlled, timely and decision-useful outcomes.",F15,F15.20,FR-F15.20,,6,"HR Analytics plans, decisions and controlled records | Accurate evidence of completed work and approvals | Performance, exception and corrective-action information",required,unclassified,unmapped,not-designed,not-tested,8140spitt/NuBlox-Digital-Applications,docs/architecture/job-architecture/generated/job-profiles.generated.json,1818ff2048cb3969ff588e733fd634963e0b6587,docs/architecture/job-architecture/generated/functional-roles.generated.json,26fb7ed859f9b14dc4c1778b174aa476ab53b7e8
JP-F16-FUNCTION-LEAD,candidate,Head of Information Technology,JF-F16,head,"Provide accountable leadership for Information Technology, establishing direction, governance, resources, controls and performance expectations across the function.",F16,F16.01|F16.02|F16.03|F16.04|F16.05|F16.06|F16.07|F16.08|F16.09|F16.10|F16.11|F16.12|F16.13|F16.14|F16.15|F16.16|F16.17|F16.18|F16.19|F16.20|F16.21,FR-F16.01|FR-F16.02|FR-F16.03|FR-F16.04|FR-F16.05|FR-F16.06|FR-F16.07|FR-F16.08|FR-F16.09|FR-F16.10|FR-F16.11|FR-F16.12|FR-F16.13|FR-F16.14|FR-F16.15|FR-F16.16|FR-F16.17|FR-F16.18|FR-F16.19|FR-F16.20|FR-F16.21,,95,"Information Technology strategy and operating plan | Function policies, standards and governance decisions | Resource and investment priorities | Performance, risk and assurance reporting | Improvement and capability roadmap",required,unclassified,unmapped,not-designed,not-tested,8140spitt/NuBlox-Digital-Applications,docs/architecture/job-architecture/generated/job-profiles.generated.json,1818ff2048cb3969ff588e733fd634963e0b6587,docs/architecture/job-architecture/generated/functional-roles.generated.json,26fb7ed859f9b14dc4c1778b174aa476ab53b7e8
JP-F16.01-PROFESSIONAL,candidate,IT Strategy Manager,JF-F16,professional,"Perform and continuously improve it strategy work within Information Technology, producing controlled, timely and decision-useful outcomes.",F16,F16.01,FR-F16.01,,4,"IT Strategy plans, decisions and controlled records | Accurate evidence of completed work and approvals | Performance, exception and corrective-action information",required,unclassified,unmapped,not-designed,not-tested,8140spitt/NuBlox-Digital-Applications,docs/architecture/job-architecture/generated/job-profiles.generated.json,1818ff2048cb3969ff588e733fd634963e0b6587,docs/architecture/job-architecture/generated/functional-roles.generated.json,26fb7ed859f9b14dc4c1778b174aa476ab53b7e8
JP-F16.02-PROFESSIONAL,candidate,Enterprise Architect,JF-F16,professional,"Perform and continuously improve enterprise architecture work within Information Technology, producing controlled, timely and decision-useful outcomes.",F16,F16.02,FR-F16.02,,3,"Enterprise Architecture plans, decisions and controlled records | Accurate evidence of completed work and approvals | Performance, exception and corrective-action information",required,unclassified,unmapped,not-designed,not-tested,8140spitt/NuBlox-Digital-Applications,docs/architecture/job-architecture/generated/job-profiles.generated.json,1818ff2048cb3969ff588e733fd634963e0b6587,docs/architecture/job-architecture/generated/functional-roles.generated.json,26fb7ed859f9b14dc4c1778b174aa476ab53b7e8
JP-F16.03-PROFESSIONAL,candidate,Solution Architect,JF-F16,professional,"Perform and continuously improve solution architecture work within Information Technology, producing controlled, timely and decision-useful outcomes.",F16,F16.03,FR-F16.03,,4,"Solution Architecture plans, decisions and controlled records | Accurate evidence of completed work and approvals | Performance, exception and corrective-action information",required,unclassified,unmapped,not-designed,not-tested,8140spitt/NuBlox-Digital-Applications,docs/architecture/job-architecture/generated/job-profiles.generated.json,1818ff2048cb3969ff588e733fd634963e0b6587,docs/architecture/job-architecture/generated/functional-roles.generated.json,26fb7ed859f9b14dc4c1778b174aa476ab53b7e8
JP-F16.04-PROFESSIONAL,candidate,Application Manager,JF-F16,professional,"Perform and continuously improve application management work within Information Technology, producing controlled, timely and decision-useful outcomes.",F16,F16.04,FR-F16.04,,6,"Application Management plans, decisions and controlled records | Accurate evidence of completed work and approvals | Performance, exception and corrective-action information",required,unclassified,unmapped,not-designed,not-tested,8140spitt/NuBlox-Digital-Applications,docs/architecture/job-architecture/generated/job-profiles.generated.json,1818ff2048cb3969ff588e733fd634963e0b6587,docs/architecture/job-architecture/generated/functional-roles.generated.json,26fb7ed859f9b14dc4c1778b174aa476ab53b7e8
JP-F16.05-PROFESSIONAL,candidate,Software Engineer,JF-F16,professional,"Perform and continuously improve software development work within Information Technology, producing controlled, timely and decision-useful outcomes.",F16,F16.05,FR-F16.05,,6,"Software Development plans, decisions and controlled records | Accurate evidence of completed work and approvals | Performance, exception and corrective-action information",required,unclassified,unmapped,not-designed,not-tested,8140spitt/NuBlox-Digital-Applications,docs/architecture/job-architecture/generated/job-profiles.generated.json,1818ff2048cb3969ff588e733fd634963e0b6587,docs/architecture/job-architecture/generated/functional-roles.generated.json,26fb7ed859f9b14dc4c1778b174aa476ab53b7e8
JP-F16.06-PROFESSIONAL,candidate,DevOps Engineer,JF-F16,professional,"Perform and continuously improve devops work within Information Technology, producing controlled, timely and decision-useful outcomes.",F16,F16.06,FR-F16.06,,4,"DevOps plans, decisions and controlled records | Accurate evidence of completed work and approvals | Performance, exception and corrective-action information",required,unclassified,unmapped,not-designed,not-tested,8140spitt/NuBlox-Digital-Applications,docs/architecture/job-architecture/generated/job-profiles.generated.json,1818ff2048cb3969ff588e733fd634963e0b6587,docs/architecture/job-architecture/generated/functional-roles.generated.json,26fb7ed859f9b14dc4c1778b174aa476ab53b7e8
JP-F16.07-PROFESSIONAL,candidate,Infrastructure Engineer,JF-F16,professional,"Perform and continuously improve infrastructure work within Information Technology, producing controlled, timely and decision-useful outcomes.",F16,F16.07,FR-F16.07,,4,"Infrastructure plans, decisions and controlled records | Accurate evidence of completed work and approvals | Performance, exception and corrective-action information",required,unclassified,unmapped,not-designed,not-tested,8140spitt/NuBlox-Digital-Applications,docs/architecture/job-architecture/generated/job-profiles.generated.json,1818ff2048cb3969ff588e733fd634963e0b6587,docs/architecture/job-architecture/generated/functional-roles.generated.json,26fb7ed859f9b14dc4c1778b174aa476ab53b7e8
JP-F16.08-PROFESSIONAL,candidate,Cloud Engineer,JF-F16,professional,"Perform and continuously improve cloud management work within Information Technology, producing controlled, timely and decision-useful outcomes.",F16,F16.08,FR-F16.08,,4,"Cloud Management plans, decisions and controlled records | Accurate evidence of completed work and approvals | Performance, exception and corrective-action information",required,unclassified,unmapped,not-designed,not-tested,8140spitt/NuBlox-Digital-Applications,docs/architecture/job-architecture/generated/job-profiles.generated.json,1818ff2048cb3969ff588e733fd634963e0b6587,docs/architecture/job-architecture/generated/functional-roles.generated.json,26fb7ed859f9b14dc4c1778b174aa476ab53b7e8
JP-F16.09-PROFESSIONAL,candidate,Network Engineer,JF-F16,professional,"Perform and continuously improve network management work within Information Technology, producing controlled, timely and decision-useful outcomes.",F16,F16.09,FR-F16.09,,4,"Network Management plans, decisions and controlled records | Accurate evidence of completed work and approvals | Performance, exception and corrective-action information",required,unclassified,unmapped,not-designed,not-tested,8140spitt/NuBlox-Digital-Applications,docs/architecture/job-architecture/generated/job-profiles.generated.json,1818ff2048cb3969ff588e733fd634963e0b6587,docs/architecture/job-architecture/generated/functional-roles.generated.json,26fb7ed859f9b14dc4c1778b174aa476ab53b7e8
JP-F16.10-PROFESSIONAL,candidate,Endpoint Engineer,JF-F16,professional,"Perform and continuously improve endpoint management work within Information Technology, producing controlled, timely and decision-useful outcomes.",F16,F16.10,FR-F16.10,,5,"Endpoint Management plans, decisions and controlled records | Accurate evidence of completed work and approvals | Performance, exception and corrective-action information",required,unclassified,unmapped,not-designed,not-tested,8140spitt/NuBlox-Digital-Applications,docs/architecture/job-architecture/generated/job-profiles.generated.json,1818ff2048cb3969ff588e733fd634963e0b6587,docs/architecture/job-architecture/generated/functional-roles.generated.json,26fb7ed859f9b14dc4c1778b174aa476ab53b7e8
JP-F16.11-PROFESSIONAL,candidate,Identity Administrator,JF-F16,professional,"Perform and continuously improve identity administration work within Information Technology, producing controlled, timely and decision-useful outcomes.",F16,F16.11,FR-F16.11,,5,"Identity Administration plans, decisions and controlled records | Accurate evidence of completed work and approvals | Performance, exception and corrective-action information",required,unclassified,unmapped,not-designed,not-tested,8140spitt/NuBlox-Digital-Applications,docs/architecture/job-architecture/generated/job-profiles.generated.json,1818ff2048cb3969ff588e733fd634963e0b6587,docs/architecture/job-architecture/generated/functional-roles.generated.json,26fb7ed859f9b14dc4c1778b174aa476ab53b7e8
JP-F16.12-PROFESSIONAL,candidate,IT Service Desk Analyst,JF-F16,professional,"Perform and continuously improve it service desk work within Information Technology, producing controlled, timely and decision-useful outcomes.",F16,F16.12,FR-F16.12,,6,"IT Service Desk plans, decisions and controlled records | Accurate evidence of completed work and approvals | Performance, exception and corrective-action information",required,unclassified,unmapped,not-designed,not-tested,8140spitt/NuBlox-Digital-Applications,docs/architecture/job-architecture/generated/job-profiles.generated.json,1818ff2048cb3969ff588e733fd634963e0b6587,docs/architecture/job-architecture/generated/functional-roles.generated.json,26fb7ed859f9b14dc4c1778b174aa476ab53b7e8
JP-F16.13-PROFESSIONAL,candidate,Safety Incident Investigator,JF-F16,professional,"Perform and continuously improve incident management work within Information Technology, producing controlled, timely and decision-useful outcomes.",F16,F16.13,FR-F16.13,,4,"Incident Management plans, decisions and controlled records | Accurate evidence of completed work and approvals | Performance, exception and corrective-action information",required,unclassified,unmapped,not-designed,not-tested,8140spitt/NuBlox-Digital-Applications,docs/architecture/job-architecture/generated/job-profiles.generated.json,1818ff2048cb3969ff588e733fd634963e0b6587,docs/architecture/job-architecture/generated/functional-roles.generated.json,26fb7ed859f9b14dc4c1778b174aa476ab53b7e8
JP-F16.14-PROFESSIONAL,candidate,IT Problem Manager,JF-F16,professional,"Perform and continuously improve problem management work within Information Technology, producing controlled, timely and decision-useful outcomes.",F16,F16.14,FR-F16.14,,3,"Problem Management plans, decisions and controlled records | Accurate evidence of completed work and approvals | Performance, exception and corrective-action information",required,unclassified,unmapped,not-designed,not-tested,8140spitt/NuBlox-Digital-Applications,docs/architecture/job-architecture/generated/job-profiles.generated.json,1818ff2048cb3969ff588e733fd634963e0b6587,docs/architecture/job-architecture/generated/functional-roles.generated.json,26fb7ed859f9b14dc4c1778b174aa476ab53b7e8
JP-F16.15-PROFESSIONAL,candidate,IT Change Manager,JF-F16,professional,"Perform and continuously improve change management work within Information Technology, producing controlled, timely and decision-useful outcomes.",F16,F16.15,FR-F16.15,,6,"Change Management plans, decisions and controlled records | Accurate evidence of completed work and approvals | Performance, exception and corrective-action information",required,unclassified,unmapped,not-designed,not-tested,8140spitt/NuBlox-Digital-Applications,docs/architecture/job-architecture/generated/job-profiles.generated.json,1818ff2048cb3969ff588e733fd634963e0b6587,docs/architecture/job-architecture/generated/functional-roles.generated.json,26fb7ed859f9b14dc4c1778b174aa476ab53b7e8
JP-F16.16-PROFESSIONAL,candidate,Release Manager,JF-F16,professional,"Perform and continuously improve release management work within Information Technology, producing controlled, timely and decision-useful outcomes.",F16,F16.16,FR-F16.16,,5,"Release Management plans, decisions and controlled records | Accurate evidence of completed work and approvals | Performance, exception and corrective-action information",required,unclassified,unmapped,not-designed,not-tested,8140spitt/NuBlox-Digital-Applications,docs/architecture/job-architecture/generated/job-profiles.generated.json,1818ff2048cb3969ff588e733fd634963e0b6587,docs/architecture/job-architecture/generated/functional-roles.generated.json,26fb7ed859f9b14dc4c1778b174aa476ab53b7e8
JP-F16.17-PROFESSIONAL,candidate,Configuration Manager,JF-F16,professional,"Perform and continuously improve configuration management work within Information Technology, producing controlled, timely and decision-useful outcomes.",F16,F16.17,FR-F16.17,,3,"Configuration Management plans, decisions and controlled records | Accurate evidence of completed work and approvals | Performance, exception and corrective-action information",required,unclassified,unmapped,not-designed,not-tested,8140spitt/NuBlox-Digital-Applications,docs/architecture/job-architecture/generated/job-profiles.generated.json,1818ff2048cb3969ff588e733fd634963e0b6587,docs/architecture/job-architecture/generated/functional-roles.generated.json,26fb7ed859f9b14dc4c1778b174aa476ab53b7e8
JP-F16.18-PROFESSIONAL,candidate,IT Asset Manager,JF-F16,professional,"Perform and continuously improve it asset management work within Information Technology, producing controlled, timely and decision-useful outcomes.",F16,F16.18,FR-F16.18,,6,"IT Asset Management plans, decisions and controlled records | Accurate evidence of completed work and approvals | Performance, exception and corrective-action information",required,unclassified,unmapped,not-designed,not-tested,8140spitt/NuBlox-Digital-Applications,docs/architecture/job-architecture/generated/job-profiles.generated.json,1818ff2048cb3969ff588e733fd634963e0b6587,docs/architecture/job-architecture/generated/functional-roles.generated.json,26fb7ed859f9b14dc4c1778b174aa476ab53b7e8
JP-F16.19-PROFESSIONAL,candidate,IT Capacity & Availability Manager,JF-F16,professional,"Perform and continuously improve availability / capacity work within Information Technology, producing controlled, timely and decision-useful outcomes.",F16,F16.19,FR-F16.19,,3,"Availability / Capacity plans, decisions and controlled records | Accurate evidence of completed work and approvals | Performance, exception and corrective-action information",required,unclassified,unmapped,not-designed,not-tested,8140spitt/NuBlox-Digital-Applications,docs/architecture/job-architecture/generated/job-profiles.generated.json,1818ff2048cb3969ff588e733fd634963e0b6587,docs/architecture/job-architecture/generated/functional-roles.generated.json,26fb7ed859f9b14dc4c1778b174aa476ab53b7e8
JP-F16.20-PROFESSIONAL,candidate,IT Disaster Recovery Manager,JF-F16,professional,"Perform and continuously improve disaster recovery work within Information Technology, producing controlled, timely and decision-useful outcomes.",F16,F16.20,FR-F16.20,,5,"Disaster Recovery plans, decisions and controlled records | Accurate evidence of completed work and approvals | Performance, exception and corrective-action information",required,unclassified,unmapped,not-designed,not-tested,8140spitt/NuBlox-Digital-Applications,docs/architecture/job-architecture/generated/job-profiles.generated.json,1818ff2048cb3969ff588e733fd634963e0b6587,docs/architecture/job-architecture/generated/functional-roles.generated.json,26fb7ed859f9b14dc4c1778b174aa476ab53b7e8
JP-F16.21-PROFESSIONAL,candidate,Technology Vendor Manager,JF-F16,professional,"Perform and continuously improve technology vendor management work within Information Technology, producing controlled, timely and decision-useful outcomes.",F16,F16.21,FR-F16.21,,5,"Technology Vendor Management plans, decisions and controlled records | Accurate evidence of completed work and approvals | Performance, exception and corrective-action information",required,unclassified,unmapped,not-designed,not-tested,8140spitt/NuBlox-Digital-Applications,docs/architecture/job-architecture/generated/job-profiles.generated.json,1818ff2048cb3969ff588e733fd634963e0b6587,docs/architecture/job-architecture/generated/functional-roles.generated.json,26fb7ed859f9b14dc4c1778b174aa476ab53b7e8
JP-F17-FUNCTION-LEAD,candidate,"Head of Data, Analytics & AI",JF-F17,head,"Provide accountable leadership for Data, Analytics & AI, establishing direction, governance, resources, controls and performance expectations across the function.",F17,F17.01|F17.02|F17.03|F17.04|F17.05|F17.06|F17.07|F17.08|F17.09|F17.10|F17.11|F17.12|F17.13|F17.14|F17.15|F17.16|F17.17,FR-F17.01|FR-F17.02|FR-F17.03|FR-F17.04|FR-F17.05|FR-F17.06|FR-F17.07|FR-F17.08|FR-F17.09|FR-F17.10|FR-F17.11|FR-F17.12|FR-F17.13|FR-F17.14|FR-F17.15|FR-F17.16|FR-F17.17,,77,"Data, Analytics & AI strategy and operating plan | Function policies, standards and governance decisions | Resource and investment priorities | Performance, risk and assurance reporting | Improvement and capability roadmap",required,unclassified,unmapped,not-designed,not-tested,8140spitt/NuBlox-Digital-Applications,docs/architecture/job-architecture/generated/job-profiles.generated.json,1818ff2048cb3969ff588e733fd634963e0b6587,docs/architecture/job-architecture/generated/functional-roles.generated.json,26fb7ed859f9b14dc4c1778b174aa476ab53b7e8
JP-F17.01-PROFESSIONAL,candidate,Data Strategy Manager,JF-F17,professional,"Perform and continuously improve data strategy work within Data, Analytics & AI, producing controlled, timely and decision-useful outcomes.",F17,F17.01,FR-F17.01,,4,"Data Strategy plans, decisions and controlled records | Accurate evidence of completed work and approvals | Performance, exception and corrective-action information",required,unclassified,unmapped,not-designed,not-tested,8140spitt/NuBlox-Digital-Applications,docs/architecture/job-architecture/generated/job-profiles.generated.json,1818ff2048cb3969ff588e733fd634963e0b6587,docs/architecture/job-architecture/generated/functional-roles.generated.json,26fb7ed859f9b14dc4c1778b174aa476ab53b7e8
JP-F17.02-PROFESSIONAL,candidate,Data Governance Manager,JF-F17,professional,"Perform and continuously improve data governance work within Data, Analytics & AI, producing controlled, timely and decision-useful outcomes.",F17,F17.02,FR-F17.02,,4,"Data Governance plans, decisions and controlled records | Accurate evidence of completed work and approvals | Performance, exception and corrective-action information",required,unclassified,unmapped,not-designed,not-tested,8140spitt/NuBlox-Digital-Applications,docs/architecture/job-architecture/generated/job-profiles.generated.json,1818ff2048cb3969ff588e733fd634963e0b6587,docs/architecture/job-architecture/generated/functional-roles.generated.json,26fb7ed859f9b14dc4c1778b174aa476ab53b7e8
JP-F17.03-PROFESSIONAL,candidate,Data Architect,JF-F17,professional,"Perform and continuously improve data architecture work within Data, Analytics & AI, producing controlled, timely and decision-useful outcomes.",F17,F17.03,FR-F17.03,,5,"Data Architecture plans, decisions and controlled records | Accurate evidence of completed work and approvals | Performance, exception and corrective-action information",required,unclassified,unmapped,not-designed,not-tested,8140spitt/NuBlox-Digital-Applications,docs/architecture/job-architecture/generated/job-profiles.generated.json,1818ff2048cb3969ff588e733fd634963e0b6587,docs/architecture/job-architecture/generated/functional-roles.generated.json,26fb7ed859f9b14dc4c1778b174aa476ab53b7e8
JP-F17.04-PROFESSIONAL,candidate,Master Data Specialist,JF-F17,professional,"Perform and continuously improve master data management work within Data, Analytics & AI, producing controlled, timely and decision-useful outcomes.",F17,F17.04,FR-F17.04,,6,"Master Data Management plans, decisions and controlled records | Accurate evidence of completed work and approvals | Performance, exception and corrective-action information",required,unclassified,unmapped,not-designed,not-tested,8140spitt/NuBlox-Digital-Applications,docs/architecture/job-architecture/generated/job-profiles.generated.json,1818ff2048cb3969ff588e733fd634963e0b6587,docs/architecture/job-architecture/generated/functional-roles.generated.json,26fb7ed859f9b14dc4c1778b174aa476ab53b7e8
JP-F17.05-PROFESSIONAL,candidate,Reference Data Specialist,JF-F17,professional,"Perform and continuously improve reference data work within Data, Analytics & AI, producing controlled, timely and decision-useful outcomes.",F17,F17.05,FR-F17.05,,4,"Reference Data plans, decisions and controlled records | Accurate evidence of completed work and approvals | Performance, exception and corrective-action information",required,unclassified,unmapped,not-designed,not-tested,8140spitt/NuBlox-Digital-Applications,docs/architecture/job-architecture/generated/job-profiles.generated.json,1818ff2048cb3969ff588e733fd634963e0b6587,docs/architecture/job-architecture/generated/functional-roles.generated.json,26fb7ed859f9b14dc4c1778b174aa476ab53b7e8
JP-F17.06-PROFESSIONAL,candidate,Data Quality Specialist,JF-F17,professional,"Perform and continuously improve data quality work within Data, Analytics & AI, producing controlled, timely and decision-useful outcomes.",F17,F17.06,FR-F17.06,,5,"Data Quality plans, decisions and controlled records | Accurate evidence of completed work and approvals | Performance, exception and corrective-action information",required,unclassified,unmapped,not-designed,not-tested,8140spitt/NuBlox-Digital-Applications,docs/architecture/job-architecture/generated/job-profiles.generated.json,1818ff2048cb3969ff588e733fd634963e0b6587,docs/architecture/job-architecture/generated/functional-roles.generated.json,26fb7ed859f9b14dc4c1778b174aa476ab53b7e8
JP-F17.07-PROFESSIONAL,candidate,Data Engineer,JF-F17,professional,"Perform and continuously improve data engineering work within Data, Analytics & AI, producing controlled, timely and decision-useful outcomes.",F17,F17.07,FR-F17.07,,5,"Data Engineering plans, decisions and controlled records | Accurate evidence of completed work and approvals | Performance, exception and corrective-action information",required,unclassified,unmapped,not-designed,not-tested,8140spitt/NuBlox-Digital-Applications,docs/architecture/job-architecture/generated/job-profiles.generated.json,1818ff2048cb3969ff588e733fd634963e0b6587,docs/architecture/job-architecture/generated/functional-roles.generated.json,26fb7ed859f9b14dc4c1778b174aa476ab53b7e8
JP-F17.08-PROFESSIONAL,candidate,Data Platform Engineer,JF-F17,professional,"Perform and continuously improve data platform work within Data, Analytics & AI, producing controlled, timely and decision-useful outcomes.",F17,F17.08,FR-F17.08,,3,"Data Platform plans, decisions and controlled records | Accurate evidence of completed work and approvals | Performance, exception and corrective-action information",required,unclassified,unmapped,not-designed,not-tested,8140spitt/NuBlox-Digital-Applications,docs/architecture/job-architecture/generated/job-profiles.generated.json,1818ff2048cb3969ff588e733fd634963e0b6587,docs/architecture/job-architecture/generated/functional-roles.generated.json,26fb7ed859f9b14dc4c1778b174aa476ab53b7e8
JP-F17.09-PROFESSIONAL,candidate,BI Developer,JF-F17,professional,"Perform and continuously improve bi / reporting work within Data, Analytics & AI, producing controlled, timely and decision-useful outcomes.",F17,F17.09,FR-F17.09,,5,"BI / Reporting plans, decisions and controlled records | Accurate evidence of completed work and approvals | Performance, exception and corrective-action information",required,unclassified,unmapped,not-designed,not-tested,8140spitt/NuBlox-Digital-Applications,docs/architecture/job-architecture/generated/job-profiles.generated.json,1818ff2048cb3969ff588e733fd634963e0b6587,docs/architecture/job-architecture/generated/functional-roles.generated.json,26fb7ed859f9b14dc4c1778b174aa476ab53b7e8
JP-F17.10-PROFESSIONAL,candidate,Data Analyst,JF-F17,professional,"Perform and continuously improve analytics work within Data, Analytics & AI, producing controlled, timely and decision-useful outcomes.",F17,F17.10,FR-F17.10,,4,"Analytics plans, decisions and controlled records | Accurate evidence of completed work and approvals | Performance, exception and corrective-action information",required,unclassified,unmapped,not-designed,not-tested,8140spitt/NuBlox-Digital-Applications,docs/architecture/job-architecture/generated/job-profiles.generated.json,1818ff2048cb3969ff588e733fd634963e0b6587,docs/architecture/job-architecture/generated/functional-roles.generated.json,26fb7ed859f9b14dc4c1778b174aa476ab53b7e8
JP-F17.11-PROFESSIONAL,candidate,Data Scientist,JF-F17,professional,"Perform and continuously improve data science work within Data, Analytics & AI, producing controlled, timely and decision-useful outcomes.",F17,F17.11,FR-F17.11,,4,"Data Science plans, decisions and controlled records | Accurate evidence of completed work and approvals | Performance, exception and corrective-action information",required,unclassified,unmapped,not-designed,not-tested,8140spitt/NuBlox-Digital-Applications,docs/architecture/job-architecture/generated/job-profiles.generated.json,1818ff2048cb3969ff588e733fd634963e0b6587,docs/architecture/job-architecture/generated/functional-roles.generated.json,26fb7ed859f9b14dc4c1778b174aa476ab53b7e8
JP-F17.12-PROFESSIONAL,candidate,AI Engineer,JF-F17,professional,"Perform and continuously improve ai development work within Data, Analytics & AI, producing controlled, timely and decision-useful outcomes.",F17,F17.12,FR-F17.12,,4,"AI Development plans, decisions and controlled records | Accurate evidence of completed work and approvals | Performance, exception and corrective-action information",required,unclassified,unmapped,not-designed,not-tested,8140spitt/NuBlox-Digital-Applications,docs/architecture/job-architecture/generated/job-profiles.generated.json,1818ff2048cb3969ff588e733fd634963e0b6587,docs/architecture/job-architecture/generated/functional-roles.generated.json,26fb7ed859f9b14dc4c1778b174aa476ab53b7e8
JP-F17.13-PROFESSIONAL,candidate,AI Governance Specialist,JF-F17,professional,"Perform and continuously improve ai governance work within Data, Analytics & AI, producing controlled, timely and decision-useful outcomes.",F17,F17.13,FR-F17.13,,5,"AI Governance plans, decisions and controlled records | Accurate evidence of completed work and approvals | Performance, exception and corrective-action information",required,unclassified,unmapped,not-designed,not-tested,8140spitt/NuBlox-Digital-Applications,docs/architecture/job-architecture/generated/job-profiles.generated.json,1818ff2048cb3969ff588e733fd634963e0b6587,docs/architecture/job-architecture/generated/functional-roles.generated.json,26fb7ed859f9b14dc4c1778b174aa476ab53b7e8
JP-F17.14-PROFESSIONAL,candidate,MLOps Engineer,JF-F17,professional,"Perform and continuously improve model operations work within Data, Analytics & AI, producing controlled, timely and decision-useful outcomes.",F17,F17.14,FR-F17.14,,5,"Model Operations plans, decisions and controlled records | Accurate evidence of completed work and approvals | Performance, exception and corrective-action information",required,unclassified,unmapped,not-designed,not-tested,8140spitt/NuBlox-Digital-Applications,docs/architecture/job-architecture/generated/job-profiles.generated.json,1818ff2048cb3969ff588e733fd634963e0b6587,docs/architecture/job-architecture/generated/functional-roles.generated.json,26fb7ed859f9b14dc4c1778b174aa476ab53b7e8
JP-F17.15-PROFESSIONAL,candidate,Metadata & Data Catalogue Specialist,JF-F17,professional,"Perform and continuously improve metadata / catalogue work within Data, Analytics & AI, producing controlled, timely and decision-useful outcomes.",F17,F17.15,FR-F17.15,,4,"Metadata / Catalogue plans, decisions and controlled records | Accurate evidence of completed work and approvals | Performance, exception and corrective-action information",required,unclassified,unmapped,not-designed,not-tested,8140spitt/NuBlox-Digital-Applications,docs/architecture/job-architecture/generated/job-profiles.generated.json,1818ff2048cb3969ff588e733fd634963e0b6587,docs/architecture/job-architecture/generated/functional-roles.generated.json,26fb7ed859f9b14dc4c1778b174aa476ab53b7e8
JP-F17.16-PROFESSIONAL,candidate,Data Access Administrator,JF-F17,professional,"Perform and continuously improve data access work within Data, Analytics & AI, producing controlled, timely and decision-useful outcomes.",F17,F17.16,FR-F17.16,,5,"Data Access plans, decisions and controlled records | Accurate evidence of completed work and approvals | Performance, exception and corrective-action information",required,unclassified,unmapped,not-designed,not-tested,8140spitt/NuBlox-Digital-Applications,docs/architecture/job-architecture/generated/job-profiles.generated.json,1818ff2048cb3969ff588e733fd634963e0b6587,docs/architecture/job-architecture/generated/functional-roles.generated.json,26fb7ed859f9b14dc4c1778b174aa476ab53b7e8
JP-F17.17-PROFESSIONAL,candidate,Data Lifecycle Specialist,JF-F17,professional,"Perform and continuously improve data lifecycle work within Data, Analytics & AI, producing controlled, timely and decision-useful outcomes.",F17,F17.17,FR-F17.17,,5,"Data Lifecycle plans, decisions and controlled records | Accurate evidence of completed work and approvals | Performance, exception and corrective-action information",required,unclassified,unmapped,not-designed,not-tested,8140spitt/NuBlox-Digital-Applications,docs/architecture/job-architecture/generated/job-profiles.generated.json,1818ff2048cb3969ff588e733fd634963e0b6587,docs/architecture/job-architecture/generated/functional-roles.generated.json,26fb7ed859f9b14dc4c1778b174aa476ab53b7e8
JP-F18-FUNCTION-LEAD,candidate,Head of Cybersecurity & Information Security,JF-F18,head,"Provide accountable leadership for Cybersecurity & Information Security, establishing direction, governance, resources, controls and performance expectations across the function.",F18,F18.01|F18.02|F18.03|F18.04|F18.05|F18.06|F18.07|F18.08|F18.09|F18.10|F18.11|F18.12|F18.13|F18.14|F18.15,FR-F18.01|FR-F18.02|FR-F18.03|FR-F18.04|FR-F18.05|FR-F18.06|FR-F18.07|FR-F18.08|FR-F18.09|FR-F18.10|FR-F18.11|FR-F18.12|FR-F18.13|FR-F18.14|FR-F18.15,,64,"Cybersecurity & Information Security strategy and operating plan | Function policies, standards and governance decisions | Resource and investment priorities | Performance, risk and assurance reporting | Improvement and capability roadmap",required,unclassified,unmapped,not-designed,not-tested,8140spitt/NuBlox-Digital-Applications,docs/architecture/job-architecture/generated/job-profiles.generated.json,1818ff2048cb3969ff588e733fd634963e0b6587,docs/architecture/job-architecture/generated/functional-roles.generated.json,26fb7ed859f9b14dc4c1778b174aa476ab53b7e8
JP-F18.01-PROFESSIONAL,candidate,Security Strategy Manager,JF-F18,professional,"Perform and continuously improve security strategy work within Cybersecurity & Information Security, producing controlled, timely and decision-useful outcomes.",F18,F18.01,FR-F18.01,,4,"Security Strategy plans, decisions and controlled records | Accurate evidence of completed work and approvals | Performance, exception and corrective-action information",required,unclassified,unmapped,not-designed,not-tested,8140spitt/NuBlox-Digital-Applications,docs/architecture/job-architecture/generated/job-profiles.generated.json,1818ff2048cb3969ff588e733fd634963e0b6587,docs/architecture/job-architecture/generated/functional-roles.generated.json,26fb7ed859f9b14dc4c1778b174aa476ab53b7e8
JP-F18.02-PROFESSIONAL,candidate,Information Security Policy Specialist,JF-F18,professional,"Perform and continuously improve security policy work within Cybersecurity & Information Security, producing controlled, timely and decision-useful outcomes.",F18,F18.02,FR-F18.02,,4,"Security Policy plans, decisions and controlled records | Accurate evidence of completed work and approvals | Performance, exception and corrective-action information",required,unclassified,unmapped,not-designed,not-tested,8140spitt/NuBlox-Digital-Applications,docs/architecture/job-architecture/generated/job-profiles.generated.json,1818ff2048cb3969ff588e733fd634963e0b6587,docs/architecture/job-architecture/generated/functional-roles.generated.json,26fb7ed859f9b14dc4c1778b174aa476ab53b7e8
JP-F18.03-PROFESSIONAL,candidate,Security Architect,JF-F18,professional,"Perform and continuously improve security architecture work within Cybersecurity & Information Security, producing controlled, timely and decision-useful outcomes.",F18,F18.03,FR-F18.03,,3,"Security Architecture plans, decisions and controlled records | Accurate evidence of completed work and approvals | Performance, exception and corrective-action information",required,unclassified,unmapped,not-designed,not-tested,8140spitt/NuBlox-Digital-Applications,docs/architecture/job-architecture/generated/job-profiles.generated.json,1818ff2048cb3969ff588e733fd634963e0b6587,docs/architecture/job-architecture/generated/functional-roles.generated.json,26fb7ed859f9b14dc4c1778b174aa476ab53b7e8
JP-F18.04-PROFESSIONAL,candidate,IAM Security Engineer,JF-F18,professional,"Perform and continuously improve identity & access security work within Cybersecurity & Information Security, producing controlled, timely and decision-useful outcomes.",F18,F18.04,FR-F18.04,,4,"Identity & Access Security plans, decisions and controlled records | Accurate evidence of completed work and approvals | Performance, exception and corrective-action information",required,unclassified,unmapped,not-designed,not-tested,8140spitt/NuBlox-Digital-Applications,docs/architecture/job-architecture/generated/job-profiles.generated.json,1818ff2048cb3969ff588e733fd634963e0b6587,docs/architecture/job-architecture/generated/functional-roles.generated.json,26fb7ed859f9b14dc4c1778b174aa476ab53b7e8
JP-F18.05-PROFESSIONAL,candidate,Vulnerability Management Specialist,JF-F18,professional,"Perform and continuously improve vulnerability management work within Cybersecurity & Information Security, producing controlled, timely and decision-useful outcomes.",F18,F18.05,FR-F18.05,,5,"Vulnerability Management plans, decisions and controlled records | Accurate evidence of completed work and approvals | Performance, exception and corrective-action information",required,unclassified,unmapped,not-designed,not-tested,8140spitt/NuBlox-Digital-Applications,docs/architecture/job-architecture/generated/job-profiles.generated.json,1818ff2048cb3969ff588e733fd634963e0b6587,docs/architecture/job-architecture/generated/functional-roles.generated.json,26fb7ed859f9b14dc4c1778b174aa476ab53b7e8
JP-F18.06-PROFESSIONAL,candidate,Security Patch Specialist,JF-F18,professional,"Perform and continuously improve patch security work within Cybersecurity & Information Security, producing controlled, timely and decision-useful outcomes.",F18,F18.06,FR-F18.06,,5,"Patch Security plans, decisions and controlled records | Accurate evidence of completed work and approvals | Performance, exception and corrective-action information",required,unclassified,unmapped,not-designed,not-tested,8140spitt/NuBlox-Digital-Applications,docs/architecture/job-architecture/generated/job-profiles.generated.json,1818ff2048cb3969ff588e733fd634963e0b6587,docs/architecture/job-architecture/generated/functional-roles.generated.json,26fb7ed859f9b14dc4c1778b174aa476ab53b7e8
JP-F18.07-PROFESSIONAL,candidate,SOC Analyst,JF-F18,professional,"Perform and continuously improve security monitoring work within Cybersecurity & Information Security, producing controlled, timely and decision-useful outcomes.",F18,F18.07,FR-F18.07,,4,"Security Monitoring plans, decisions and controlled records | Accurate evidence of completed work and approvals | Performance, exception and corrective-action information",required,unclassified,unmapped,not-designed,not-tested,8140spitt/NuBlox-Digital-Applications,docs/architecture/job-architecture/generated/job-profiles.generated.json,1818ff2048cb3969ff588e733fd634963e0b6587,docs/architecture/job-architecture/generated/functional-roles.generated.json,26fb7ed859f9b14dc4c1778b174aa476ab53b7e8
JP-F18.08-PROFESSIONAL,candidate,Cyber Incident Responder,JF-F18,professional,"Perform and continuously improve security incident response work within Cybersecurity & Information Security, producing controlled, timely and decision-useful outcomes.",F18,F18.08,FR-F18.08,,6,"Security Incident Response plans, decisions and controlled records | Accurate evidence of completed work and approvals | Performance, exception and corrective-action information",required,unclassified,unmapped,not-designed,not-tested,8140spitt/NuBlox-Digital-Applications,docs/architecture/job-architecture/generated/job-profiles.generated.json,1818ff2048cb3969ff588e733fd634963e0b6587,docs/architecture/job-architecture/generated/functional-roles.generated.json,26fb7ed859f9b14dc4c1778b174aa476ab53b7e8
JP-F18.09-PROFESSIONAL,candidate,Threat Intelligence Analyst,JF-F18,professional,"Perform and continuously improve threat intelligence work within Cybersecurity & Information Security, producing controlled, timely and decision-useful outcomes.",F18,F18.09,FR-F18.09,,4,"Threat Intelligence plans, decisions and controlled records | Accurate evidence of completed work and approvals | Performance, exception and corrective-action information",required,unclassified,unmapped,not-designed,not-tested,8140spitt/NuBlox-Digital-Applications,docs/architecture/job-architecture/generated/job-profiles.generated.json,1818ff2048cb3969ff588e733fd634963e0b6587,docs/architecture/job-architecture/generated/functional-roles.generated.json,26fb7ed859f9b14dc4c1778b174aa476ab53b7e8
JP-F18.10-PROFESSIONAL,candidate,Penetration Tester,JF-F18,professional,"Perform and continuously improve penetration testing work within Cybersecurity & Information Security, producing controlled, timely and decision-useful outcomes.",F18,F18.10,FR-F18.10,,5,"Penetration Testing plans, decisions and controlled records | Accurate evidence of completed work and approvals | Performance, exception and corrective-action information",required,unclassified,unmapped,not-designed,not-tested,8140spitt/NuBlox-Digital-Applications,docs/architecture/job-architecture/generated/job-profiles.generated.json,1818ff2048cb3969ff588e733fd634963e0b6587,docs/architecture/job-architecture/generated/functional-roles.generated.json,26fb7ed859f9b14dc4c1778b174aa476ab53b7e8
JP-F18.11-PROFESSIONAL,candidate,Application Security Engineer,JF-F18,professional,"Perform and continuously improve application security work within Cybersecurity & Information Security, producing controlled, timely and decision-useful outcomes.",F18,F18.11,FR-F18.11,,5,"Application Security plans, decisions and controlled records | Accurate evidence of completed work and approvals | Performance, exception and corrective-action information",required,unclassified,unmapped,not-designed,not-tested,8140spitt/NuBlox-Digital-Applications,docs/architecture/job-architecture/generated/job-profiles.generated.json,1818ff2048cb3969ff588e733fd634963e0b6587,docs/architecture/job-architecture/generated/functional-roles.generated.json,26fb7ed859f9b14dc4c1778b174aa476ab53b7e8
JP-F18.12-PROFESSIONAL,candidate,Third-Party Security Risk Specialist,JF-F18,professional,"Perform and continuously improve third-party security work within Cybersecurity & Information Security, producing controlled, timely and decision-useful outcomes.",F18,F18.12,FR-F18.12,,4,"Third-party Security plans, decisions and controlled records | Accurate evidence of completed work and approvals | Performance, exception and corrective-action information",required,unclassified,unmapped,not-designed,not-tested,8140spitt/NuBlox-Digital-Applications,docs/architecture/job-architecture/generated/job-profiles.generated.json,1818ff2048cb3969ff588e733fd634963e0b6587,docs/architecture/job-architecture/generated/functional-roles.generated.json,26fb7ed859f9b14dc4c1778b174aa476ab53b7e8
JP-F18.13-PROFESSIONAL,candidate,Security Awareness Specialist,JF-F18,professional,"Perform and continuously improve security awareness work within Cybersecurity & Information Security, producing controlled, timely and decision-useful outcomes.",F18,F18.13,FR-F18.13,,3,"Security Awareness plans, decisions and controlled records | Accurate evidence of completed work and approvals | Performance, exception and corrective-action information",required,unclassified,unmapped,not-designed,not-tested,8140spitt/NuBlox-Digital-Applications,docs/architecture/job-architecture/generated/job-profiles.generated.json,1818ff2048cb3969ff588e733fd634963e0b6587,docs/architecture/job-architecture/generated/functional-roles.generated.json,26fb7ed859f9b14dc4c1778b174aa476ab53b7e8
JP-F18.14-PROFESSIONAL,candidate,Cryptography & PKI Specialist,JF-F18,professional,"Perform and continuously improve cryptography work within Cybersecurity & Information Security, producing controlled, timely and decision-useful outcomes.",F18,F18.14,FR-F18.14,,4,"Cryptography plans, decisions and controlled records | Accurate evidence of completed work and approvals | Performance, exception and corrective-action information",required,unclassified,unmapped,not-designed,not-tested,8140spitt/NuBlox-Digital-Applications,docs/architecture/job-architecture/generated/job-profiles.generated.json,1818ff2048cb3969ff588e733fd634963e0b6587,docs/architecture/job-architecture/generated/functional-roles.generated.json,26fb7ed859f9b14dc4c1778b174aa476ab53b7e8
JP-F18.15-PROFESSIONAL,candidate,Security Compliance Specialist,JF-F18,professional,"Perform and continuously improve security compliance work within Cybersecurity & Information Security, producing controlled, timely and decision-useful outcomes.",F18,F18.15,FR-F18.15,,4,"Security Compliance plans, decisions and controlled records | Accurate evidence of completed work and approvals | Performance, exception and corrective-action information",required,unclassified,unmapped,not-designed,not-tested,8140spitt/NuBlox-Digital-Applications,docs/architecture/job-architecture/generated/job-profiles.generated.json,1818ff2048cb3969ff588e733fd634963e0b6587,docs/architecture/job-architecture/generated/functional-roles.generated.json,26fb7ed859f9b14dc4c1778b174aa476ab53b7e8
JP-F19-FUNCTION-LEAD,candidate,Head of Legal & Corporate Secretariat,JF-F19,head,"Provide accountable leadership for Legal & Corporate Secretariat, establishing direction, governance, resources, controls and performance expectations across the function.",F19,F19.01|F19.02|F19.03|F19.04|F19.05|F19.06|F19.07|F19.08|F19.09|F19.10|F19.11|F19.12,FR-F19.01|FR-F19.02|FR-F19.03|FR-F19.04|FR-F19.05|FR-F19.06|FR-F19.07|FR-F19.08|FR-F19.09|FR-F19.10|FR-F19.11|FR-F19.12,,51,"Legal & Corporate Secretariat strategy and operating plan | Function policies, standards and governance decisions | Resource and investment priorities | Performance, risk and assurance reporting | Improvement and capability roadmap",required,unclassified,unmapped,not-designed,not-tested,8140spitt/NuBlox-Digital-Applications,docs/architecture/job-architecture/generated/job-profiles.generated.json,1818ff2048cb3969ff588e733fd634963e0b6587,docs/architecture/job-architecture/generated/functional-roles.generated.json,26fb7ed859f9b14dc4c1778b174aa476ab53b7e8
JP-F19.01-PROFESSIONAL,candidate,Legal Counsel,JF-F19,professional,"Perform and continuously improve legal advisory work within Legal & Corporate Secretariat, producing controlled, timely and decision-useful outcomes.",F19,F19.01,FR-F19.01,,3,"Legal Advisory plans, decisions and controlled records | Accurate evidence of completed work and approvals | Performance, exception and corrective-action information",required,unclassified,unmapped,not-designed,not-tested,8140spitt/NuBlox-Digital-Applications,docs/architecture/job-architecture/generated/job-profiles.generated.json,1818ff2048cb3969ff588e733fd634963e0b6587,docs/architecture/job-architecture/generated/functional-roles.generated.json,26fb7ed859f9b14dc4c1778b174aa476ab53b7e8
JP-F19.02-PROFESSIONAL,candidate,Commercial Contracts Counsel,JF-F19,professional,"Perform and continuously improve contract management work within Legal & Corporate Secretariat, producing controlled, timely and decision-useful outcomes.",F19,F19.02,FR-F19.02,,8,"Contract Management plans, decisions and controlled records | Accurate evidence of completed work and approvals | Performance, exception and corrective-action information",required,unclassified,unmapped,not-designed,not-tested,8140spitt/NuBlox-Digital-Applications,docs/architecture/job-architecture/generated/job-profiles.generated.json,1818ff2048cb3969ff588e733fd634963e0b6587,docs/architecture/job-architecture/generated/functional-roles.generated.json,26fb7ed859f9b14dc4c1778b174aa476ab53b7e8
JP-F19.03-PROFESSIONAL,candidate,Contract Administrator,JF-F19,professional,"Perform and continuously improve contract repository work within Legal & Corporate Secretariat, producing controlled, timely and decision-useful outcomes.",F19,F19.03,FR-F19.03,,4,"Contract Repository plans, decisions and controlled records | Accurate evidence of completed work and approvals | Performance, exception and corrective-action information",required,unclassified,unmapped,not-designed,not-tested,8140spitt/NuBlox-Digital-Applications,docs/architecture/job-architecture/generated/job-profiles.generated.json,1818ff2048cb3969ff588e733fd634963e0b6587,docs/architecture/job-architecture/generated/functional-roles.generated.json,26fb7ed859f9b14dc4c1778b174aa476ab53b7e8
JP-F19.04-PROFESSIONAL,candidate,Corporate Counsel,JF-F19,professional,"Perform and continuously improve corporate legal work within Legal & Corporate Secretariat, producing controlled, timely and decision-useful outcomes.",F19,F19.04,FR-F19.04,,4,"Corporate Legal plans, decisions and controlled records | Accurate evidence of completed work and approvals | Performance, exception and corrective-action information",required,unclassified,unmapped,not-designed,not-tested,8140spitt/NuBlox-Digital-Applications,docs/architecture/job-architecture/generated/job-profiles.generated.json,1818ff2048cb3969ff588e733fd634963e0b6587,docs/architecture/job-architecture/generated/functional-roles.generated.json,26fb7ed859f9b14dc4c1778b174aa476ab53b7e8
JP-F19.05-PROFESSIONAL,candidate,Company Secretary,JF-F19,professional,"Perform and continuously improve company secretariat work within Legal & Corporate Secretariat, producing controlled, timely and decision-useful outcomes.",F19,F19.05,FR-F19.05,,4,"Company Secretariat plans, decisions and controlled records | Accurate evidence of completed work and approvals | Performance, exception and corrective-action information",required,unclassified,unmapped,not-designed,not-tested,8140spitt/NuBlox-Digital-Applications,docs/architecture/job-architecture/generated/job-profiles.generated.json,1818ff2048cb3969ff588e733fd634963e0b6587,docs/architecture/job-architecture/generated/functional-roles.generated.json,26fb7ed859f9b14dc4c1778b174aa476ab53b7e8
JP-F19.06-PROFESSIONAL,candidate,Intellectual Property Counsel,JF-F19,professional,"Perform and continuously improve intellectual property work within Legal & Corporate Secretariat, producing controlled, timely and decision-useful outcomes.",F19,F19.06,FR-F19.06,,4,"Intellectual Property plans, decisions and controlled records | Accurate evidence of completed work and approvals | Performance, exception and corrective-action information",required,unclassified,unmapped,not-designed,not-tested,8140spitt/NuBlox-Digital-Applications,docs/architecture/job-architecture/generated/job-profiles.generated.json,1818ff2048cb3969ff588e733fd634963e0b6587,docs/architecture/job-architecture/generated/functional-roles.generated.json,26fb7ed859f9b14dc4c1778b174aa476ab53b7e8
JP-F19.07-PROFESSIONAL,candidate,Litigation Counsel,JF-F19,professional,"Perform and continuously improve litigation work within Legal & Corporate Secretariat, producing controlled, timely and decision-useful outcomes.",F19,F19.07,FR-F19.07,,5,"Litigation plans, decisions and controlled records | Accurate evidence of completed work and approvals | Performance, exception and corrective-action information",required,unclassified,unmapped,not-designed,not-tested,8140spitt/NuBlox-Digital-Applications,docs/architecture/job-architecture/generated/job-profiles.generated.json,1818ff2048cb3969ff588e733fd634963e0b6587,docs/architecture/job-architecture/generated/functional-roles.generated.json,26fb7ed859f9b14dc4c1778b174aa476ab53b7e8
JP-F19.08-PROFESSIONAL,candidate,Regulatory Counsel,JF-F19,professional,"Perform and continuously improve regulatory legal work within Legal & Corporate Secretariat, producing controlled, timely and decision-useful outcomes.",F19,F19.08,FR-F19.08,,3,"Regulatory Legal plans, decisions and controlled records | Accurate evidence of completed work and approvals | Performance, exception and corrective-action information",required,unclassified,unmapped,not-designed,not-tested,8140spitt/NuBlox-Digital-Applications,docs/architecture/job-architecture/generated/job-profiles.generated.json,1818ff2048cb3969ff588e733fd634963e0b6587,docs/architecture/job-architecture/generated/functional-roles.generated.json,26fb7ed859f9b14dc4c1778b174aa476ab53b7e8
JP-F19.09-PROFESSIONAL,candidate,Employment Counsel,JF-F19,professional,"Perform and continuously improve employment legal work within Legal & Corporate Secretariat, producing controlled, timely and decision-useful outcomes.",F19,F19.09,FR-F19.09,,4,"Employment Legal plans, decisions and controlled records | Accurate evidence of completed work and approvals | Performance, exception and corrective-action information",required,unclassified,unmapped,not-designed,not-tested,8140spitt/NuBlox-Digital-Applications,docs/architecture/job-architecture/generated/job-profiles.generated.json,1818ff2048cb3969ff588e733fd634963e0b6587,docs/architecture/job-architecture/generated/functional-roles.generated.json,26fb7ed859f9b14dc4c1778b174aa476ab53b7e8
JP-F19.10-PROFESSIONAL,candidate,Legal Operations Specialist,JF-F19,professional,"Perform and continuously improve legal spend work within Legal & Corporate Secretariat, producing controlled, timely and decision-useful outcomes.",F19,F19.10,FR-F19.10,,4,"Legal Spend plans, decisions and controlled records | Accurate evidence of completed work and approvals | Performance, exception and corrective-action information",required,unclassified,unmapped,not-designed,not-tested,8140spitt/NuBlox-Digital-Applications,docs/architecture/job-architecture/generated/job-profiles.generated.json,1818ff2048cb3969ff588e733fd634963e0b6587,docs/architecture/job-architecture/generated/functional-roles.generated.json,26fb7ed859f9b14dc4c1778b174aa476ab53b7e8
JP-F19.11-PROFESSIONAL,candidate,eDiscovery Specialist,JF-F19,professional,"Perform and continuously improve legal hold / ediscovery work within Legal & Corporate Secretariat, producing controlled, timely and decision-useful outcomes.",F19,F19.11,FR-F19.11,,5,"Legal Hold / EDiscovery plans, decisions and controlled records | Accurate evidence of completed work and approvals | Performance, exception and corrective-action information",required,unclassified,unmapped,not-designed,not-tested,8140spitt/NuBlox-Digital-Applications,docs/architecture/job-architecture/generated/job-profiles.generated.json,1818ff2048cb3969ff588e733fd634963e0b6587,docs/architecture/job-architecture/generated/functional-roles.generated.json,26fb7ed859f9b14dc4c1778b174aa476ab53b7e8
JP-F19.12-PROFESSIONAL,candidate,Legal Obligations Manager,JF-F19,professional,"Perform and continuously improve legal obligations work within Legal & Corporate Secretariat, producing controlled, timely and decision-useful outcomes.",F19,F19.12,FR-F19.12,,3,"Legal Obligations plans, decisions and controlled records | Accurate evidence of completed work and approvals | Performance, exception and corrective-action information",required,unclassified,unmapped,not-designed,not-tested,8140spitt/NuBlox-Digital-Applications,docs/architecture/job-architecture/generated/job-profiles.generated.json,1818ff2048cb3969ff588e733fd634963e0b6587,docs/architecture/job-architecture/generated/functional-roles.generated.json,26fb7ed859f9b14dc4c1778b174aa476ab53b7e8
JP-F20-FUNCTION-LEAD,candidate,"Head of Risk, Compliance & Assurance",JF-F20,head,"Provide accountable leadership for Risk, Compliance, Internal Control & Audit, establishing direction, governance, resources, controls and performance expectations across the function.",F20,F20.01|F20.02|F20.03|F20.04|F20.05|F20.06|F20.07|F20.08|F20.09|F20.10|F20.11|F20.12|F20.13|F20.14|F20.15|F20.16,FR-F20.01|FR-F20.02|FR-F20.03|FR-F20.04|FR-F20.05|FR-F20.06|FR-F20.07|FR-F20.08|FR-F20.09|FR-F20.10|FR-F20.11|FR-F20.12|FR-F20.13|FR-F20.14|FR-F20.15|FR-F20.16,,63,"Risk, Compliance, Internal Control & Audit strategy and operating plan | Function policies, standards and governance decisions | Resource and investment priorities | Performance, risk and assurance reporting | Improvement and capability roadmap",required,unclassified,unmapped,not-designed,not-tested,8140spitt/NuBlox-Digital-Applications,docs/architecture/job-architecture/generated/job-profiles.generated.json,1818ff2048cb3969ff588e733fd634963e0b6587,docs/architecture/job-architecture/generated/functional-roles.generated.json,26fb7ed859f9b14dc4c1778b174aa476ab53b7e8
JP-F20.01-PROFESSIONAL,candidate,Enterprise Risk Manager,JF-F20,professional,"Perform and continuously improve risk framework work within Risk, Compliance, Internal Control & Audit, producing controlled, timely and decision-useful outcomes.",F20,F20.01,FR-F20.01,,4,"Risk Framework plans, decisions and controlled records | Accurate evidence of completed work and approvals | Performance, exception and corrective-action information",required,unclassified,unmapped,not-designed,not-tested,8140spitt/NuBlox-Digital-Applications,docs/architecture/job-architecture/generated/job-profiles.generated.json,1818ff2048cb3969ff588e733fd634963e0b6587,docs/architecture/job-architecture/generated/functional-roles.generated.json,26fb7ed859f9b14dc4c1778b174aa476ab53b7e8
JP-F20.02-PROFESSIONAL,candidate,Risk Analyst,JF-F20,professional,"Perform and continuously improve risk identification work within Risk, Compliance, Internal Control & Audit, producing controlled, timely and decision-useful outcomes.",F20,F20.02,FR-F20.02,,3,"Risk Identification plans, decisions and controlled records | Accurate evidence of completed work and approvals | Performance, exception and corrective-action information",required,unclassified,unmapped,not-designed,not-tested,8140spitt/NuBlox-Digital-Applications,docs/architecture/job-architecture/generated/job-profiles.generated.json,1818ff2048cb3969ff588e733fd634963e0b6587,docs/architecture/job-architecture/generated/functional-roles.generated.json,26fb7ed859f9b14dc4c1778b174aa476ab53b7e8
JP-F20.03-PROFESSIONAL,candidate,Risk Analyst,JF-F20,professional,"Perform and continuously improve risk assessment work within Risk, Compliance, Internal Control & Audit, producing controlled, timely and decision-useful outcomes.",F20,F20.03,FR-F20.03,,4,"Risk Assessment plans, decisions and controlled records | Accurate evidence of completed work and approvals | Performance, exception and corrective-action information",required,unclassified,unmapped,not-designed,not-tested,8140spitt/NuBlox-Digital-Applications,docs/architecture/job-architecture/generated/job-profiles.generated.json,1818ff2048cb3969ff588e733fd634963e0b6587,docs/architecture/job-architecture/generated/functional-roles.generated.json,26fb7ed859f9b14dc4c1778b174aa476ab53b7e8
JP-F20.04-PROFESSIONAL,candidate,Risk Manager,JF-F20,professional,"Perform and continuously improve risk treatment work within Risk, Compliance, Internal Control & Audit, producing controlled, timely and decision-useful outcomes.",F20,F20.04,FR-F20.04,,5,"Risk Treatment plans, decisions and controlled records | Accurate evidence of completed work and approvals | Performance, exception and corrective-action information",required,unclassified,unmapped,not-designed,not-tested,8140spitt/NuBlox-Digital-Applications,docs/architecture/job-architecture/generated/job-profiles.generated.json,1818ff2048cb3969ff588e733fd634963e0b6587,docs/architecture/job-architecture/generated/functional-roles.generated.json,26fb7ed859f9b14dc4c1778b174aa476ab53b7e8
JP-F20.05-PROFESSIONAL,candidate,Risk Monitoring Analyst,JF-F20,professional,"Perform and continuously improve risk monitoring work within Risk, Compliance, Internal Control & Audit, producing controlled, timely and decision-useful outcomes.",F20,F20.05,FR-F20.05,,4,"Risk Monitoring plans, decisions and controlled records | Accurate evidence of completed work and approvals | Performance, exception and corrective-action information",required,unclassified,unmapped,not-designed,not-tested,8140spitt/NuBlox-Digital-Applications,docs/architecture/job-architecture/generated/job-profiles.generated.json,1818ff2048cb3969ff588e733fd634963e0b6587,docs/architecture/job-architecture/generated/functional-roles.generated.json,26fb7ed859f9b14dc4c1778b174aa476ab53b7e8
JP-F20.06-PROFESSIONAL,candidate,Compliance Manager,JF-F20,professional,"Perform and continuously improve regulatory compliance work within Risk, Compliance, Internal Control & Audit, producing controlled, timely and decision-useful outcomes.",F20,F20.06,FR-F20.06,,4,"Regulatory Compliance plans, decisions and controlled records | Accurate evidence of completed work and approvals | Performance, exception and corrective-action information",required,unclassified,unmapped,not-designed,not-tested,8140spitt/NuBlox-Digital-Applications,docs/architecture/job-architecture/generated/job-profiles.generated.json,1818ff2048cb3969ff588e733fd634963e0b6587,docs/architecture/job-architecture/generated/functional-roles.generated.json,26fb7ed859f9b14dc4c1778b174aa476ab53b7e8
JP-F20.07-PROFESSIONAL,candidate,Compliance Monitoring Specialist,JF-F20,professional,"Perform and continuously improve compliance monitoring work within Risk, Compliance, Internal Control & Audit, producing controlled, timely and decision-useful outcomes.",F20,F20.07,FR-F20.07,,4,"Compliance Monitoring plans, decisions and controlled records | Accurate evidence of completed work and approvals | Performance, exception and corrective-action information",required,unclassified,unmapped,not-designed,not-tested,8140spitt/NuBlox-Digital-Applications,docs/architecture/job-architecture/generated/job-profiles.generated.json,1818ff2048cb3969ff588e733fd634963e0b6587,docs/architecture/job-architecture/generated/functional-roles.generated.json,26fb7ed859f9b14dc4c1778b174aa476ab53b7e8
JP-F20.08-PROFESSIONAL,candidate,Internal Controls Specialist,JF-F20,professional,"Perform and continuously improve control management work within Risk, Compliance, Internal Control & Audit, producing controlled, timely and decision-useful outcomes.",F20,F20.08,FR-F20.08,,4,"Control Management plans, decisions and controlled records | Accurate evidence of completed work and approvals | Performance, exception and corrective-action information",required,unclassified,unmapped,not-designed,not-tested,8140spitt/NuBlox-Digital-Applications,docs/architecture/job-architecture/generated/job-profiles.generated.json,1818ff2048cb3969ff588e733fd634963e0b6587,docs/architecture/job-architecture/generated/functional-roles.generated.json,26fb7ed859f9b14dc4c1778b174aa476ab53b7e8
JP-F20.09-PROFESSIONAL,candidate,Controls Assurance Specialist,JF-F20,professional,"Perform and continuously improve control testing work within Risk, Compliance, Internal Control & Audit, producing controlled, timely and decision-useful outcomes.",F20,F20.09,FR-F20.09,,4,"Control Testing plans, decisions and controlled records | Accurate evidence of completed work and approvals | Performance, exception and corrective-action information",required,unclassified,unmapped,not-designed,not-tested,8140spitt/NuBlox-Digital-Applications,docs/architecture/job-architecture/generated/job-profiles.generated.json,1818ff2048cb3969ff588e733fd634963e0b6587,docs/architecture/job-architecture/generated/functional-roles.generated.json,26fb7ed859f9b14dc4c1778b174aa476ab53b7e8
JP-F20.10-PROFESSIONAL,candidate,Internal Audit Manager,JF-F20,professional,"Perform and continuously improve internal audit planning work within Risk, Compliance, Internal Control & Audit, producing controlled, timely and decision-useful outcomes.",F20,F20.10,FR-F20.10,,3,"Internal Audit Planning plans, decisions and controlled records | Accurate evidence of completed work and approvals | Performance, exception and corrective-action information",required,unclassified,unmapped,not-designed,not-tested,8140spitt/NuBlox-Digital-Applications,docs/architecture/job-architecture/generated/job-profiles.generated.json,1818ff2048cb3969ff588e733fd634963e0b6587,docs/architecture/job-architecture/generated/functional-roles.generated.json,26fb7ed859f9b14dc4c1778b174aa476ab53b7e8
JP-F20.11-PROFESSIONAL,candidate,Internal Auditor,JF-F20,professional,"Perform and continuously improve audit execution work within Risk, Compliance, Internal Control & Audit, producing controlled, timely and decision-useful outcomes.",F20,F20.11,FR-F20.11,,5,"Audit Execution plans, decisions and controlled records | Accurate evidence of completed work and approvals | Performance, exception and corrective-action information",required,unclassified,unmapped,not-designed,not-tested,8140spitt/NuBlox-Digital-Applications,docs/architecture/job-architecture/generated/job-profiles.generated.json,1818ff2048cb3969ff588e733fd634963e0b6587,docs/architecture/job-architecture/generated/functional-roles.generated.json,26fb7ed859f9b14dc4c1778b174aa476ab53b7e8
JP-F20.12-PROFESSIONAL,candidate,Internal Audit Manager,JF-F20,professional,"Perform and continuously improve audit reporting work within Risk, Compliance, Internal Control & Audit, producing controlled, timely and decision-useful outcomes.",F20,F20.12,FR-F20.12,,4,"Audit Reporting plans, decisions and controlled records | Accurate evidence of completed work and approvals | Performance, exception and corrective-action information",required,unclassified,unmapped,not-designed,not-tested,8140spitt/NuBlox-Digital-Applications,docs/architecture/job-architecture/generated/job-profiles.generated.json,1818ff2048cb3969ff588e733fd634963e0b6587,docs/architecture/job-architecture/generated/functional-roles.generated.json,26fb7ed859f9b14dc4c1778b174aa476ab53b7e8
JP-F20.13-PROFESSIONAL,candidate,Remediation Manager,JF-F20,professional,"Perform and continuously improve issue / remediation work within Risk, Compliance, Internal Control & Audit, producing controlled, timely and decision-useful outcomes.",F20,F20.13,FR-F20.13,,5,"Issue / Remediation plans, decisions and controlled records | Accurate evidence of completed work and approvals | Performance, exception and corrective-action information",required,unclassified,unmapped,not-designed,not-tested,8140spitt/NuBlox-Digital-Applications,docs/architecture/job-architecture/generated/job-profiles.generated.json,1818ff2048cb3969ff588e733fd634963e0b6587,docs/architecture/job-architecture/generated/functional-roles.generated.json,26fb7ed859f9b14dc4c1778b174aa476ab53b7e8
JP-F20.14-PROFESSIONAL,candidate,Fraud Risk Specialist,JF-F20,professional,"Perform and continuously improve fraud risk work within Risk, Compliance, Internal Control & Audit, producing controlled, timely and decision-useful outcomes.",F20,F20.14,FR-F20.14,,3,"Fraud Risk plans, decisions and controlled records | Accurate evidence of completed work and approvals | Performance, exception and corrective-action information",required,unclassified,unmapped,not-designed,not-tested,8140spitt/NuBlox-Digital-Applications,docs/architecture/job-architecture/generated/job-profiles.generated.json,1818ff2048cb3969ff588e733fd634963e0b6587,docs/architecture/job-architecture/generated/functional-roles.generated.json,26fb7ed859f9b14dc4c1778b174aa476ab53b7e8
JP-F20.15-PROFESSIONAL,candidate,Ethics & Conduct Officer,JF-F20,professional,"Perform and continuously improve ethics & conduct work within Risk, Compliance, Internal Control & Audit, producing controlled, timely and decision-useful outcomes.",F20,F20.15,FR-F20.15,,4,"Ethics & Conduct plans, decisions and controlled records | Accurate evidence of completed work and approvals | Performance, exception and corrective-action information",required,unclassified,unmapped,not-designed,not-tested,8140spitt/NuBlox-Digital-Applications,docs/architecture/job-architecture/generated/job-profiles.generated.json,1818ff2048cb3969ff588e733fd634963e0b6587,docs/architecture/job-architecture/generated/functional-roles.generated.json,26fb7ed859f9b14dc4c1778b174aa476ab53b7e8
JP-F20.16-PROFESSIONAL,candidate,Assurance Manager,JF-F20,professional,"Perform and continuously improve assurance coordination work within Risk, Compliance, Internal Control & Audit, producing controlled, timely and decision-useful outcomes.",F20,F20.16,FR-F20.16,,3,"Assurance Coordination plans, decisions and controlled records | Accurate evidence of completed work and approvals | Performance, exception and corrective-action information",required,unclassified,unmapped,not-designed,not-tested,8140spitt/NuBlox-Digital-Applications,docs/architecture/job-architecture/generated/job-profiles.generated.json,1818ff2048cb3969ff588e733fd634963e0b6587,docs/architecture/job-architecture/generated/functional-roles.generated.json,26fb7ed859f9b14dc4c1778b174aa476ab53b7e8
JP-F21-FUNCTION-LEAD,candidate,Head of Privacy & Information Governance,JF-F21,head,"Provide accountable leadership for Privacy & Information Governance, establishing direction, governance, resources, controls and performance expectations across the function.",F21,F21.01|F21.02|F21.03|F21.04|F21.05|F21.06|F21.07|F21.08|F21.09,FR-F21.01|FR-F21.02|FR-F21.03|FR-F21.04|FR-F21.05|FR-F21.06|FR-F21.07|FR-F21.08|FR-F21.09,,33,"Privacy & Information Governance strategy and operating plan | Function policies, standards and governance decisions | Resource and investment priorities | Performance, risk and assurance reporting | Improvement and capability roadmap",required,unclassified,unmapped,not-designed,not-tested,8140spitt/NuBlox-Digital-Applications,docs/architecture/job-architecture/generated/job-profiles.generated.json,1818ff2048cb3969ff588e733fd634963e0b6587,docs/architecture/job-architecture/generated/functional-roles.generated.json,26fb7ed859f9b14dc4c1778b174aa476ab53b7e8
JP-F21.01-PROFESSIONAL,candidate,Privacy Manager,JF-F21,professional,"Perform and continuously improve privacy governance work within Privacy & Information Governance, producing controlled, timely and decision-useful outcomes.",F21,F21.01,FR-F21.01,,3,"Privacy Governance plans, decisions and controlled records | Accurate evidence of completed work and approvals | Performance, exception and corrective-action information",required,unclassified,unmapped,not-designed,not-tested,8140spitt/NuBlox-Digital-Applications,docs/architecture/job-architecture/generated/job-profiles.generated.json,1818ff2048cb3969ff588e733fd634963e0b6587,docs/architecture/job-architecture/generated/functional-roles.generated.json,26fb7ed859f9b14dc4c1778b174aa476ab53b7e8
JP-F21.02-PROFESSIONAL,candidate,Privacy Operations Specialist,JF-F21,professional,"Perform and continuously improve processing inventory work within Privacy & Information Governance, producing controlled, timely and decision-useful outcomes.",F21,F21.02,FR-F21.02,,5,"Processing Inventory plans, decisions and controlled records | Accurate evidence of completed work and approvals | Performance, exception and corrective-action information",required,unclassified,unmapped,not-designed,not-tested,8140spitt/NuBlox-Digital-Applications,docs/architecture/job-architecture/generated/job-profiles.generated.json,1818ff2048cb3969ff588e733fd634963e0b6587,docs/architecture/job-architecture/generated/functional-roles.generated.json,26fb7ed859f9b14dc4c1778b174aa476ab53b7e8
JP-F21.03-PROFESSIONAL,candidate,Privacy Risk Specialist,JF-F21,professional,"Perform and continuously improve privacy impact assessment work within Privacy & Information Governance, producing controlled, timely and decision-useful outcomes.",F21,F21.03,FR-F21.03,,4,"Privacy Impact Assessment plans, decisions and controlled records | Accurate evidence of completed work and approvals | Performance, exception and corrective-action information",required,unclassified,unmapped,not-designed,not-tested,8140spitt/NuBlox-Digital-Applications,docs/architecture/job-architecture/generated/job-profiles.generated.json,1818ff2048cb3969ff588e733fd634963e0b6587,docs/architecture/job-architecture/generated/functional-roles.generated.json,26fb7ed859f9b14dc4c1778b174aa476ab53b7e8
JP-F21.04-PROFESSIONAL,candidate,Consent & Preferences Specialist,JF-F21,professional,"Perform and continuously improve consent / preferences work within Privacy & Information Governance, producing controlled, timely and decision-useful outcomes.",F21,F21.04,FR-F21.04,,3,"Consent / Preferences plans, decisions and controlled records | Accurate evidence of completed work and approvals | Performance, exception and corrective-action information",required,unclassified,unmapped,not-designed,not-tested,8140spitt/NuBlox-Digital-Applications,docs/architecture/job-architecture/generated/job-profiles.generated.json,1818ff2048cb3969ff588e733fd634963e0b6587,docs/architecture/job-architecture/generated/functional-roles.generated.json,26fb7ed859f9b14dc4c1778b174aa476ab53b7e8
JP-F21.05-PROFESSIONAL,candidate,Data Rights Specialist,JF-F21,professional,"Perform and continuously improve data subject rights work within Privacy & Information Governance, producing controlled, timely and decision-useful outcomes.",F21,F21.05,FR-F21.05,,5,"Data Subject Rights plans, decisions and controlled records | Accurate evidence of completed work and approvals | Performance, exception and corrective-action information",required,unclassified,unmapped,not-designed,not-tested,8140spitt/NuBlox-Digital-Applications,docs/architecture/job-architecture/generated/job-profiles.generated.json,1818ff2048cb3969ff588e733fd634963e0b6587,docs/architecture/job-architecture/generated/functional-roles.generated.json,26fb7ed859f9b14dc4c1778b174aa476ab53b7e8
JP-F21.06-PROFESSIONAL,candidate,Privacy Incident Manager,JF-F21,professional,"Perform and continuously improve privacy incidents work within Privacy & Information Governance, producing controlled, timely and decision-useful outcomes.",F21,F21.06,FR-F21.06,,4,"Privacy Incidents plans, decisions and controlled records | Accurate evidence of completed work and approvals | Performance, exception and corrective-action information",required,unclassified,unmapped,not-designed,not-tested,8140spitt/NuBlox-Digital-Applications,docs/architecture/job-architecture/generated/job-profiles.generated.json,1818ff2048cb3969ff588e733fd634963e0b6587,docs/architecture/job-architecture/generated/functional-roles.generated.json,26fb7ed859f9b14dc4c1778b174aa476ab53b7e8
JP-F21.07-PROFESSIONAL,candidate,International Data Transfer Specialist,JF-F21,professional,"Perform and continuously improve international transfers work within Privacy & Information Governance, producing controlled, timely and decision-useful outcomes.",F21,F21.07,FR-F21.07,,3,"International Transfers plans, decisions and controlled records | Accurate evidence of completed work and approvals | Performance, exception and corrective-action information",required,unclassified,unmapped,not-designed,not-tested,8140spitt/NuBlox-Digital-Applications,docs/architecture/job-architecture/generated/job-profiles.generated.json,1818ff2048cb3969ff588e733fd634963e0b6587,docs/architecture/job-architecture/generated/functional-roles.generated.json,26fb7ed859f9b14dc4c1778b174aa476ab53b7e8
JP-F21.08-PROFESSIONAL,candidate,Information Retention Specialist,JF-F21,professional,"Perform and continuously improve retention work within Privacy & Information Governance, producing controlled, timely and decision-useful outcomes.",F21,F21.08,FR-F21.08,,3,"Retention plans, decisions and controlled records | Accurate evidence of completed work and approvals | Performance, exception and corrective-action information",required,unclassified,unmapped,not-designed,not-tested,8140spitt/NuBlox-Digital-Applications,docs/architecture/job-architecture/generated/job-profiles.generated.json,1818ff2048cb3969ff588e733fd634963e0b6587,docs/architecture/job-architecture/generated/functional-roles.generated.json,26fb7ed859f9b14dc4c1778b174aa476ab53b7e8
JP-F21.09-PROFESSIONAL,candidate,Privacy Assurance Specialist,JF-F21,professional,"Perform and continuously improve privacy assurance work within Privacy & Information Governance, producing controlled, timely and decision-useful outcomes.",F21,F21.09,FR-F21.09,,3,"Privacy Assurance plans, decisions and controlled records | Accurate evidence of completed work and approvals | Performance, exception and corrective-action information",required,unclassified,unmapped,not-designed,not-tested,8140spitt/NuBlox-Digital-Applications,docs/architecture/job-architecture/generated/job-profiles.generated.json,1818ff2048cb3969ff588e733fd634963e0b6587,docs/architecture/job-architecture/generated/functional-roles.generated.json,26fb7ed859f9b14dc4c1778b174aa476ab53b7e8
JP-F22-FUNCTION-LEAD,candidate,"Head of Property, Facilities & Physical Assets",JF-F22,head,"Provide accountable leadership for Property, Facilities & Physical Assets, establishing direction, governance, resources, controls and performance expectations across the function.",F22,F22.01|F22.02|F22.03|F22.04|F22.05|F22.06|F22.07|F22.08|F22.09|F22.10|F22.11|F22.12|F22.13|F22.14,FR-F22.01|FR-F22.02|FR-F22.03|FR-F22.04|FR-F22.05|FR-F22.06|FR-F22.07|FR-F22.08|FR-F22.09|FR-F22.10|FR-F22.11|FR-F22.12|FR-F22.13|FR-F22.14,,57,"Property, Facilities & Physical Assets strategy and operating plan | Function policies, standards and governance decisions | Resource and investment priorities | Performance, risk and assurance reporting | Improvement and capability roadmap",required,unclassified,unmapped,not-designed,not-tested,8140spitt/NuBlox-Digital-Applications,docs/architecture/job-architecture/generated/job-profiles.generated.json,1818ff2048cb3969ff588e733fd634963e0b6587,docs/architecture/job-architecture/generated/functional-roles.generated.json,26fb7ed859f9b14dc4c1778b174aa476ab53b7e8
JP-F22.01-PROFESSIONAL,candidate,Asset Strategy Manager,JF-F22,professional,"Perform and continuously improve asset strategy work within Property, Facilities & Physical Assets, producing controlled, timely and decision-useful outcomes.",F22,F22.01,FR-F22.01,,3,"Asset Strategy plans, decisions and controlled records | Accurate evidence of completed work and approvals | Performance, exception and corrective-action information",required,unclassified,unmapped,not-designed,not-tested,8140spitt/NuBlox-Digital-Applications,docs/architecture/job-architecture/generated/job-profiles.generated.json,1818ff2048cb3969ff588e733fd634963e0b6587,docs/architecture/job-architecture/generated/functional-roles.generated.json,26fb7ed859f9b14dc4c1778b174aa476ab53b7e8
JP-F22.02-PROFESSIONAL,candidate,Capital Planning Manager,JF-F22,professional,"Perform and continuously improve capital planning work within Property, Facilities & Physical Assets, producing controlled, timely and decision-useful outcomes.",F22,F22.02,FR-F22.02,,3,"Capital Planning plans, decisions and controlled records | Accurate evidence of completed work and approvals | Performance, exception and corrective-action information",required,unclassified,unmapped,not-designed,not-tested,8140spitt/NuBlox-Digital-Applications,docs/architecture/job-architecture/generated/job-profiles.generated.json,1818ff2048cb3969ff588e733fd634963e0b6587,docs/architecture/job-architecture/generated/functional-roles.generated.json,26fb7ed859f9b14dc4c1778b174aa476ab53b7e8
JP-F22.03-PROFESSIONAL,candidate,Asset Acquisition Specialist,JF-F22,professional,"Perform and continuously improve asset acquisition work within Property, Facilities & Physical Assets, producing controlled, timely and decision-useful outcomes.",F22,F22.03,FR-F22.03,,5,"Asset Acquisition plans, decisions and controlled records | Accurate evidence of completed work and approvals | Performance, exception and corrective-action information",required,unclassified,unmapped,not-designed,not-tested,8140spitt/NuBlox-Digital-Applications,docs/architecture/job-architecture/generated/job-profiles.generated.json,1818ff2048cb3969ff588e733fd634963e0b6587,docs/architecture/job-architecture/generated/functional-roles.generated.json,26fb7ed859f9b14dc4c1778b174aa476ab53b7e8
JP-F22.04-PROFESSIONAL,candidate,Property Acquisition Manager,JF-F22,professional,"Perform and continuously improve property acquisition work within Property, Facilities & Physical Assets, producing controlled, timely and decision-useful outcomes.",F22,F22.04,FR-F22.04,,4,"Property Acquisition plans, decisions and controlled records | Accurate evidence of completed work and approvals | Performance, exception and corrective-action information",required,unclassified,unmapped,not-designed,not-tested,8140spitt/NuBlox-Digital-Applications,docs/architecture/job-architecture/generated/job-profiles.generated.json,1818ff2048cb3969ff588e733fd634963e0b6587,docs/architecture/job-architecture/generated/functional-roles.generated.json,26fb7ed859f9b14dc4c1778b174aa476ab53b7e8
JP-F22.05-PROFESSIONAL,candidate,Construction Project Manager,JF-F22,professional,"Perform and continuously improve construction / project delivery work within Property, Facilities & Physical Assets, producing controlled, timely and decision-useful outcomes.",F22,F22.05,FR-F22.05,,6,"Construction / Project Delivery plans, decisions and controlled records | Accurate evidence of completed work and approvals | Performance, exception and corrective-action information",required,unclassified,unmapped,not-designed,not-tested,8140spitt/NuBlox-Digital-Applications,docs/architecture/job-architecture/generated/job-profiles.generated.json,1818ff2048cb3969ff588e733fd634963e0b6587,docs/architecture/job-architecture/generated/functional-roles.generated.json,26fb7ed859f9b14dc4c1778b174aa476ab53b7e8
JP-F22.06-PROFESSIONAL,candidate,Asset Information Manager,JF-F22,professional,"Perform and continuously improve asset register work within Property, Facilities & Physical Assets, producing controlled, timely and decision-useful outcomes.",F22,F22.06,FR-F22.06,,5,"Asset Register plans, decisions and controlled records | Accurate evidence of completed work and approvals | Performance, exception and corrective-action information",required,unclassified,unmapped,not-designed,not-tested,8140spitt/NuBlox-Digital-Applications,docs/architecture/job-architecture/generated/job-profiles.generated.json,1818ff2048cb3969ff588e733fd634963e0b6587,docs/architecture/job-architecture/generated/functional-roles.generated.json,26fb7ed859f9b14dc4c1778b174aa476ab53b7e8
JP-F22.07-PROFESSIONAL,candidate,Maintenance Planner,JF-F22,professional,"Perform and continuously improve preventive maintenance work within Property, Facilities & Physical Assets, producing controlled, timely and decision-useful outcomes.",F22,F22.07,FR-F22.07,,4,"Preventive Maintenance plans, decisions and controlled records | Accurate evidence of completed work and approvals | Performance, exception and corrective-action information",required,unclassified,unmapped,not-designed,not-tested,8140spitt/NuBlox-Digital-Applications,docs/architecture/job-architecture/generated/job-profiles.generated.json,1818ff2048cb3969ff588e733fd634963e0b6587,docs/architecture/job-architecture/generated/functional-roles.generated.json,26fb7ed859f9b14dc4c1778b174aa476ab53b7e8
JP-F22.08-PROFESSIONAL,candidate,Maintenance Coordinator,JF-F22,professional,"Perform and continuously improve reactive maintenance work within Property, Facilities & Physical Assets, producing controlled, timely and decision-useful outcomes.",F22,F22.08,FR-F22.08,,5,"Reactive Maintenance plans, decisions and controlled records | Accurate evidence of completed work and approvals | Performance, exception and corrective-action information",required,unclassified,unmapped,not-designed,not-tested,8140spitt/NuBlox-Digital-Applications,docs/architecture/job-architecture/generated/job-profiles.generated.json,1818ff2048cb3969ff588e733fd634963e0b6587,docs/architecture/job-architecture/generated/functional-roles.generated.json,26fb7ed859f9b14dc4c1778b174aa476ab53b7e8
JP-F22.09-PROFESSIONAL,candidate,Reliability Engineer,JF-F22,professional,"Perform and continuously improve reliability work within Property, Facilities & Physical Assets, producing controlled, timely and decision-useful outcomes.",F22,F22.09,FR-F22.09,,3,"Reliability plans, decisions and controlled records | Accurate evidence of completed work and approvals | Performance, exception and corrective-action information",required,unclassified,unmapped,not-designed,not-tested,8140spitt/NuBlox-Digital-Applications,docs/architecture/job-architecture/generated/job-profiles.generated.json,1818ff2048cb3969ff588e733fd634963e0b6587,docs/architecture/job-architecture/generated/functional-roles.generated.json,26fb7ed859f9b14dc4c1778b174aa476ab53b7e8
JP-F22.10-PROFESSIONAL,candidate,Facilities Manager,JF-F22,professional,"Perform and continuously improve facilities operations work within Property, Facilities & Physical Assets, producing controlled, timely and decision-useful outcomes.",F22,F22.10,FR-F22.10,,5,"Facilities Operations plans, decisions and controlled records | Accurate evidence of completed work and approvals | Performance, exception and corrective-action information",required,unclassified,unmapped,not-designed,not-tested,8140spitt/NuBlox-Digital-Applications,docs/architecture/job-architecture/generated/job-profiles.generated.json,1818ff2048cb3969ff588e733fd634963e0b6587,docs/architecture/job-architecture/generated/functional-roles.generated.json,26fb7ed859f9b14dc4c1778b174aa476ab53b7e8
JP-F22.11-PROFESSIONAL,candidate,Space Planning Manager,JF-F22,professional,"Perform and continuously improve space management work within Property, Facilities & Physical Assets, producing controlled, timely and decision-useful outcomes.",F22,F22.11,FR-F22.11,,3,"Space Management plans, decisions and controlled records | Accurate evidence of completed work and approvals | Performance, exception and corrective-action information",required,unclassified,unmapped,not-designed,not-tested,8140spitt/NuBlox-Digital-Applications,docs/architecture/job-architecture/generated/job-profiles.generated.json,1818ff2048cb3969ff588e733fd634963e0b6587,docs/architecture/job-architecture/generated/functional-roles.generated.json,26fb7ed859f9b14dc4c1778b174aa476ab53b7e8
JP-F22.12-PROFESSIONAL,candidate,Lease Manager,JF-F22,professional,"Perform and continuously improve lease management work within Property, Facilities & Physical Assets, producing controlled, timely and decision-useful outcomes.",F22,F22.12,FR-F22.12,,4,"Lease Management plans, decisions and controlled records | Accurate evidence of completed work and approvals | Performance, exception and corrective-action information",required,unclassified,unmapped,not-designed,not-tested,8140spitt/NuBlox-Digital-Applications,docs/architecture/job-architecture/generated/job-profiles.generated.json,1818ff2048cb3969ff588e733fd634963e0b6587,docs/architecture/job-architecture/generated/functional-roles.generated.json,26fb7ed859f9b14dc4c1778b174aa476ab53b7e8
JP-F22.13-PROFESSIONAL,candidate,Utilities Manager,JF-F22,professional,"Perform and continuously improve utilities management work within Property, Facilities & Physical Assets, producing controlled, timely and decision-useful outcomes.",F22,F22.13,FR-F22.13,,3,"Utilities Management plans, decisions and controlled records | Accurate evidence of completed work and approvals | Performance, exception and corrective-action information",required,unclassified,unmapped,not-designed,not-tested,8140spitt/NuBlox-Digital-Applications,docs/architecture/job-architecture/generated/job-profiles.generated.json,1818ff2048cb3969ff588e733fd634963e0b6587,docs/architecture/job-architecture/generated/functional-roles.generated.json,26fb7ed859f9b14dc4c1778b174aa476ab53b7e8
JP-F22.14-PROFESSIONAL,candidate,Asset Disposal Specialist,JF-F22,professional,"Perform and continuously improve asset disposal work within Property, Facilities & Physical Assets, producing controlled, timely and decision-useful outcomes.",F22,F22.14,FR-F22.14,,4,"Asset Disposal plans, decisions and controlled records | Accurate evidence of completed work and approvals | Performance, exception and corrective-action information",required,unclassified,unmapped,not-designed,not-tested,8140spitt/NuBlox-Digital-Applications,docs/architecture/job-architecture/generated/job-profiles.generated.json,1818ff2048cb3969ff588e733fd634963e0b6587,docs/architecture/job-architecture/generated/functional-roles.generated.json,26fb7ed859f9b14dc4c1778b174aa476ab53b7e8
JP-F23-FUNCTION-LEAD,candidate,Head of HSE & Sustainability,JF-F23,head,"Provide accountable leadership for Health, Safety, Environment & Sustainability, establishing direction, governance, resources, controls and performance expectations across the function.",F23,F23.01|F23.02|F23.03|F23.04|F23.05|F23.06|F23.07|F23.08|F23.09|F23.10|F23.11|F23.12|F23.13|F23.14,FR-F23.01|FR-F23.02|FR-F23.03|FR-F23.04|FR-F23.05|FR-F23.06|FR-F23.07|FR-F23.08|FR-F23.09|FR-F23.10|FR-F23.11|FR-F23.12|FR-F23.13|FR-F23.14,,55,"Health, Safety, Environment & Sustainability strategy and operating plan | Function policies, standards and governance decisions | Resource and investment priorities | Performance, risk and assurance reporting | Improvement and capability roadmap",required,unclassified,unmapped,not-designed,not-tested,8140spitt/NuBlox-Digital-Applications,docs/architecture/job-architecture/generated/job-profiles.generated.json,1818ff2048cb3969ff588e733fd634963e0b6587,docs/architecture/job-architecture/generated/functional-roles.generated.json,26fb7ed859f9b14dc4c1778b174aa476ab53b7e8
JP-F23.01-PROFESSIONAL,candidate,Health & Safety Manager,JF-F23,professional,"Perform and continuously improve h&s management work within Health, Safety, Environment & Sustainability, producing controlled, timely and decision-useful outcomes.",F23,F23.01,FR-F23.01,,4,"H&S Management plans, decisions and controlled records | Accurate evidence of completed work and approvals | Performance, exception and corrective-action information",required,unclassified,unmapped,not-designed,not-tested,8140spitt/NuBlox-Digital-Applications,docs/architecture/job-architecture/generated/job-profiles.generated.json,1818ff2048cb3969ff588e733fd634963e0b6587,docs/architecture/job-architecture/generated/functional-roles.generated.json,26fb7ed859f9b14dc4c1778b174aa476ab53b7e8
JP-F23.02-PROFESSIONAL,candidate,Health & Safety Risk Specialist,JF-F23,professional,"Perform and continuously improve hazard identification work within Health, Safety, Environment & Sustainability, producing controlled, timely and decision-useful outcomes.",F23,F23.02,FR-F23.02,,3,"Hazard Identification plans, decisions and controlled records | Accurate evidence of completed work and approvals | Performance, exception and corrective-action information",required,unclassified,unmapped,not-designed,not-tested,8140spitt/NuBlox-Digital-Applications,docs/architecture/job-architecture/generated/job-profiles.generated.json,1818ff2048cb3969ff588e733fd634963e0b6587,docs/architecture/job-architecture/generated/functional-roles.generated.json,26fb7ed859f9b14dc4c1778b174aa476ab53b7e8
JP-F23.03-PROFESSIONAL,candidate,Safety Inspector,JF-F23,professional,"Perform and continuously improve workplace inspections work within Health, Safety, Environment & Sustainability, producing controlled, timely and decision-useful outcomes.",F23,F23.03,FR-F23.03,,4,"Workplace Inspections plans, decisions and controlled records | Accurate evidence of completed work and approvals | Performance, exception and corrective-action information",required,unclassified,unmapped,not-designed,not-tested,8140spitt/NuBlox-Digital-Applications,docs/architecture/job-architecture/generated/job-profiles.generated.json,1818ff2048cb3969ff588e733fd634963e0b6587,docs/architecture/job-architecture/generated/functional-roles.generated.json,26fb7ed859f9b14dc4c1778b174aa476ab53b7e8
JP-F23.04-PROFESSIONAL,candidate,Safety Incident Investigator,JF-F23,professional,"Perform and continuously improve incident management work within Health, Safety, Environment & Sustainability, producing controlled, timely and decision-useful outcomes.",F23,F23.04,FR-F23.04,,4,"Incident Management plans, decisions and controlled records | Accurate evidence of completed work and approvals | Performance, exception and corrective-action information",required,unclassified,unmapped,not-designed,not-tested,8140spitt/NuBlox-Digital-Applications,docs/architecture/job-architecture/generated/job-profiles.generated.json,1818ff2048cb3969ff588e733fd634963e0b6587,docs/architecture/job-architecture/generated/functional-roles.generated.json,26fb7ed859f9b14dc4c1778b174aa476ab53b7e8
JP-F23.05-PROFESSIONAL,candidate,Occupational Health Specialist,JF-F23,professional,"Perform and continuously improve occupational health work within Health, Safety, Environment & Sustainability, producing controlled, timely and decision-useful outcomes.",F23,F23.05,FR-F23.05,,3,"Occupational Health plans, decisions and controlled records | Accurate evidence of completed work and approvals | Performance, exception and corrective-action information",required,unclassified,unmapped,not-designed,not-tested,8140spitt/NuBlox-Digital-Applications,docs/architecture/job-architecture/generated/job-profiles.generated.json,1818ff2048cb3969ff588e733fd634963e0b6587,docs/architecture/job-architecture/generated/functional-roles.generated.json,26fb7ed859f9b14dc4c1778b174aa476ab53b7e8
JP-F23.06-PROFESSIONAL,candidate,Permit-to-Work Coordinator,JF-F23,professional,"Perform and continuously improve permit-to-work work within Health, Safety, Environment & Sustainability, producing controlled, timely and decision-useful outcomes.",F23,F23.06,FR-F23.06,,5,"Permit-to-work plans, decisions and controlled records | Accurate evidence of completed work and approvals | Performance, exception and corrective-action information",required,unclassified,unmapped,not-designed,not-tested,8140spitt/NuBlox-Digital-Applications,docs/architecture/job-architecture/generated/job-profiles.generated.json,1818ff2048cb3969ff588e733fd634963e0b6587,docs/architecture/job-architecture/generated/functional-roles.generated.json,26fb7ed859f9b14dc4c1778b174aa476ab53b7e8
JP-F23.07-PROFESSIONAL,candidate,Environmental Manager,JF-F23,professional,"Perform and continuously improve environmental management work within Health, Safety, Environment & Sustainability, producing controlled, timely and decision-useful outcomes.",F23,F23.07,FR-F23.07,,3,"Environmental Management plans, decisions and controlled records | Accurate evidence of completed work and approvals | Performance, exception and corrective-action information",required,unclassified,unmapped,not-designed,not-tested,8140spitt/NuBlox-Digital-Applications,docs/architecture/job-architecture/generated/job-profiles.generated.json,1818ff2048cb3969ff588e733fd634963e0b6587,docs/architecture/job-architecture/generated/functional-roles.generated.json,26fb7ed859f9b14dc4c1778b174aa476ab53b7e8
JP-F23.08-PROFESSIONAL,candidate,Waste Management Specialist,JF-F23,professional,"Perform and continuously improve waste management work within Health, Safety, Environment & Sustainability, producing controlled, timely and decision-useful outcomes.",F23,F23.08,FR-F23.08,,6,"Waste Management plans, decisions and controlled records | Accurate evidence of completed work and approvals | Performance, exception and corrective-action information",required,unclassified,unmapped,not-designed,not-tested,8140spitt/NuBlox-Digital-Applications,docs/architecture/job-architecture/generated/job-profiles.generated.json,1818ff2048cb3969ff588e733fd634963e0b6587,docs/architecture/job-architecture/generated/functional-roles.generated.json,26fb7ed859f9b14dc4c1778b174aa476ab53b7e8
JP-F23.09-PROFESSIONAL,candidate,Carbon Manager,JF-F23,professional,"Perform and continuously improve carbon management work within Health, Safety, Environment & Sustainability, producing controlled, timely and decision-useful outcomes.",F23,F23.09,FR-F23.09,,4,"Carbon Management plans, decisions and controlled records | Accurate evidence of completed work and approvals | Performance, exception and corrective-action information",required,unclassified,unmapped,not-designed,not-tested,8140spitt/NuBlox-Digital-Applications,docs/architecture/job-architecture/generated/job-profiles.generated.json,1818ff2048cb3969ff588e733fd634963e0b6587,docs/architecture/job-architecture/generated/functional-roles.generated.json,26fb7ed859f9b14dc4c1778b174aa476ab53b7e8
JP-F23.10-PROFESSIONAL,candidate,Energy Manager,JF-F23,professional,"Perform and continuously improve energy management work within Health, Safety, Environment & Sustainability, producing controlled, timely and decision-useful outcomes.",F23,F23.10,FR-F23.10,,4,"Energy Management plans, decisions and controlled records | Accurate evidence of completed work and approvals | Performance, exception and corrective-action information",required,unclassified,unmapped,not-designed,not-tested,8140spitt/NuBlox-Digital-Applications,docs/architecture/job-architecture/generated/job-profiles.generated.json,1818ff2048cb3969ff588e733fd634963e0b6587,docs/architecture/job-architecture/generated/functional-roles.generated.json,26fb7ed859f9b14dc4c1778b174aa476ab53b7e8
JP-F23.11-PROFESSIONAL,candidate,Sustainability Manager,JF-F23,professional,"Perform and continuously improve sustainability strategy work within Health, Safety, Environment & Sustainability, producing controlled, timely and decision-useful outcomes.",F23,F23.11,FR-F23.11,,3,"Sustainability Strategy plans, decisions and controlled records | Accurate evidence of completed work and approvals | Performance, exception and corrective-action information",required,unclassified,unmapped,not-designed,not-tested,8140spitt/NuBlox-Digital-Applications,docs/architecture/job-architecture/generated/job-profiles.generated.json,1818ff2048cb3969ff588e733fd634963e0b6587,docs/architecture/job-architecture/generated/functional-roles.generated.json,26fb7ed859f9b14dc4c1778b174aa476ab53b7e8
JP-F23.12-PROFESSIONAL,candidate,ESG Reporting Specialist,JF-F23,professional,"Perform and continuously improve esg reporting work within Health, Safety, Environment & Sustainability, producing controlled, timely and decision-useful outcomes.",F23,F23.12,FR-F23.12,,5,"ESG Reporting plans, decisions and controlled records | Accurate evidence of completed work and approvals | Performance, exception and corrective-action information",required,unclassified,unmapped,not-designed,not-tested,8140spitt/NuBlox-Digital-Applications,docs/architecture/job-architecture/generated/job-profiles.generated.json,1818ff2048cb3969ff588e733fd634963e0b6587,docs/architecture/job-architecture/generated/functional-roles.generated.json,26fb7ed859f9b14dc4c1778b174aa476ab53b7e8
JP-F23.13-PROFESSIONAL,candidate,Sustainable Procurement Specialist,JF-F23,professional,"Perform and continuously improve sustainable supply chain work within Health, Safety, Environment & Sustainability, producing controlled, timely and decision-useful outcomes.",F23,F23.13,FR-F23.13,,3,"Sustainable Supply Chain plans, decisions and controlled records | Accurate evidence of completed work and approvals | Performance, exception and corrective-action information",required,unclassified,unmapped,not-designed,not-tested,8140spitt/NuBlox-Digital-Applications,docs/architecture/job-architecture/generated/job-profiles.generated.json,1818ff2048cb3969ff588e733fd634963e0b6587,docs/architecture/job-architecture/generated/functional-roles.generated.json,26fb7ed859f9b14dc4c1778b174aa476ab53b7e8
JP-F23.14-PROFESSIONAL,candidate,Environmental Compliance Specialist,JF-F23,professional,"Perform and continuously improve environmental compliance work within Health, Safety, Environment & Sustainability, producing controlled, timely and decision-useful outcomes.",F23,F23.14,FR-F23.14,,4,"Environmental Compliance plans, decisions and controlled records | Accurate evidence of completed work and approvals | Performance, exception and corrective-action information",required,unclassified,unmapped,not-designed,not-tested,8140spitt/NuBlox-Digital-Applications,docs/architecture/job-architecture/generated/job-profiles.generated.json,1818ff2048cb3969ff588e733fd634963e0b6587,docs/architecture/job-architecture/generated/functional-roles.generated.json,26fb7ed859f9b14dc4c1778b174aa476ab53b7e8
JP-F24-FUNCTION-LEAD,candidate,"Head of Business Continuity, Crisis & Physical Security",JF-F24,head,"Provide accountable leadership for Business Continuity, Crisis & Physical Security, establishing direction, governance, resources, controls and performance expectations across the function.",F24,F24.01|F24.02|F24.03|F24.04|F24.05|F24.06|F24.07|F24.08|F24.09|F24.10|F24.11|F24.12,FR-F24.01|FR-F24.02|FR-F24.03|FR-F24.04|FR-F24.05|FR-F24.06|FR-F24.07|FR-F24.08|FR-F24.09|FR-F24.10|FR-F24.11|FR-F24.12,,45,"Business Continuity, Crisis & Physical Security strategy and operating plan | Function policies, standards and governance decisions | Resource and investment priorities | Performance, risk and assurance reporting | Improvement and capability roadmap",required,unclassified,unmapped,not-designed,not-tested,8140spitt/NuBlox-Digital-Applications,docs/architecture/job-architecture/generated/job-profiles.generated.json,1818ff2048cb3969ff588e733fd634963e0b6587,docs/architecture/job-architecture/generated/functional-roles.generated.json,26fb7ed859f9b14dc4c1778b174aa476ab53b7e8
JP-F24.01-PROFESSIONAL,candidate,Business Continuity Manager,JF-F24,professional,"Perform and continuously improve business continuity governance work within Business Continuity, Crisis & Physical Security, producing controlled, timely and decision-useful outcomes.",F24,F24.01,FR-F24.01,,4,"Business Continuity Governance plans, decisions and controlled records | Accurate evidence of completed work and approvals | Performance, exception and corrective-action information",required,unclassified,unmapped,not-designed,not-tested,8140spitt/NuBlox-Digital-Applications,docs/architecture/job-architecture/generated/job-profiles.generated.json,1818ff2048cb3969ff588e733fd634963e0b6587,docs/architecture/job-architecture/generated/functional-roles.generated.json,26fb7ed859f9b14dc4c1778b174aa476ab53b7e8
JP-F24.02-PROFESSIONAL,candidate,Business Continuity Analyst,JF-F24,professional,"Perform and continuously improve business impact analysis work within Business Continuity, Crisis & Physical Security, producing controlled, timely and decision-useful outcomes.",F24,F24.02,FR-F24.02,,4,"Business Impact Analysis plans, decisions and controlled records | Accurate evidence of completed work and approvals | Performance, exception and corrective-action information",required,unclassified,unmapped,not-designed,not-tested,8140spitt/NuBlox-Digital-Applications,docs/architecture/job-architecture/generated/job-profiles.generated.json,1818ff2048cb3969ff588e733fd634963e0b6587,docs/architecture/job-architecture/generated/functional-roles.generated.json,26fb7ed859f9b14dc4c1778b174aa476ab53b7e8
JP-F24.03-PROFESSIONAL,candidate,Business Continuity Planner,JF-F24,professional,"Perform and continuously improve continuity planning work within Business Continuity, Crisis & Physical Security, producing controlled, timely and decision-useful outcomes.",F24,F24.03,FR-F24.03,,3,"Continuity Planning plans, decisions and controlled records | Accurate evidence of completed work and approvals | Performance, exception and corrective-action information",required,unclassified,unmapped,not-designed,not-tested,8140spitt/NuBlox-Digital-Applications,docs/architecture/job-architecture/generated/job-profiles.generated.json,1818ff2048cb3969ff588e733fd634963e0b6587,docs/architecture/job-architecture/generated/functional-roles.generated.json,26fb7ed859f9b14dc4c1778b174aa476ab53b7e8
JP-F24.04-PROFESSIONAL,candidate,Business Continuity Exercise Specialist,JF-F24,professional,"Perform and continuously improve continuity testing work within Business Continuity, Crisis & Physical Security, producing controlled, timely and decision-useful outcomes.",F24,F24.04,FR-F24.04,,4,"Continuity Testing plans, decisions and controlled records | Accurate evidence of completed work and approvals | Performance, exception and corrective-action information",required,unclassified,unmapped,not-designed,not-tested,8140spitt/NuBlox-Digital-Applications,docs/architecture/job-architecture/generated/job-profiles.generated.json,1818ff2048cb3969ff588e733fd634963e0b6587,docs/architecture/job-architecture/generated/functional-roles.generated.json,26fb7ed859f9b14dc4c1778b174aa476ab53b7e8
JP-F24.05-PROFESSIONAL,candidate,Crisis Manager,JF-F24,professional,"Perform and continuously improve crisis management work within Business Continuity, Crisis & Physical Security, producing controlled, timely and decision-useful outcomes.",F24,F24.05,FR-F24.05,,4,"Crisis Management plans, decisions and controlled records | Accurate evidence of completed work and approvals | Performance, exception and corrective-action information",required,unclassified,unmapped,not-designed,not-tested,8140spitt/NuBlox-Digital-Applications,docs/architecture/job-architecture/generated/job-profiles.generated.json,1818ff2048cb3969ff588e733fd634963e0b6587,docs/architecture/job-architecture/generated/functional-roles.generated.json,26fb7ed859f9b14dc4c1778b174aa476ab53b7e8
JP-F24.06-PROFESSIONAL,candidate,Emergency Response Coordinator,JF-F24,professional,"Perform and continuously improve emergency response work within Business Continuity, Crisis & Physical Security, producing controlled, timely and decision-useful outcomes.",F24,F24.06,FR-F24.06,,4,"Emergency Response plans, decisions and controlled records | Accurate evidence of completed work and approvals | Performance, exception and corrective-action information",required,unclassified,unmapped,not-designed,not-tested,8140spitt/NuBlox-Digital-Applications,docs/architecture/job-architecture/generated/job-profiles.generated.json,1818ff2048cb3969ff588e733fd634963e0b6587,docs/architecture/job-architecture/generated/functional-roles.generated.json,26fb7ed859f9b14dc4c1778b174aa476ab53b7e8
JP-F24.07-PROFESSIONAL,candidate,Crisis Communications Manager,JF-F24,professional,"Perform and continuously improve crisis communications work within Business Continuity, Crisis & Physical Security, producing controlled, timely and decision-useful outcomes.",F24,F24.07,FR-F24.07,,3,"Crisis Communications plans, decisions and controlled records | Accurate evidence of completed work and approvals | Performance, exception and corrective-action information",required,unclassified,unmapped,not-designed,not-tested,8140spitt/NuBlox-Digital-Applications,docs/architecture/job-architecture/generated/job-profiles.generated.json,1818ff2048cb3969ff588e733fd634963e0b6587,docs/architecture/job-architecture/generated/functional-roles.generated.json,26fb7ed859f9b14dc4c1778b174aa476ab53b7e8
JP-F24.08-PROFESSIONAL,candidate,Disaster Recovery Coordinator,JF-F24,professional,"Perform and continuously improve disaster recovery coordination work within Business Continuity, Crisis & Physical Security, producing controlled, timely and decision-useful outcomes.",F24,F24.08,FR-F24.08,,3,"Disaster Recovery Coordination plans, decisions and controlled records | Accurate evidence of completed work and approvals | Performance, exception and corrective-action information",required,unclassified,unmapped,not-designed,not-tested,8140spitt/NuBlox-Digital-Applications,docs/architecture/job-architecture/generated/job-profiles.generated.json,1818ff2048cb3969ff588e733fd634963e0b6587,docs/architecture/job-architecture/generated/functional-roles.generated.json,26fb7ed859f9b14dc4c1778b174aa476ab53b7e8
JP-F24.09-PROFESSIONAL,candidate,Physical Security Manager,JF-F24,professional,"Perform and continuously improve physical security work within Business Continuity, Crisis & Physical Security, producing controlled, timely and decision-useful outcomes.",F24,F24.09,FR-F24.09,,4,"Physical Security plans, decisions and controlled records | Accurate evidence of completed work and approvals | Performance, exception and corrective-action information",required,unclassified,unmapped,not-designed,not-tested,8140spitt/NuBlox-Digital-Applications,docs/architecture/job-architecture/generated/job-profiles.generated.json,1818ff2048cb3969ff588e733fd634963e0b6587,docs/architecture/job-architecture/generated/functional-roles.generated.json,26fb7ed859f9b14dc4c1778b174aa476ab53b7e8
JP-F24.10-PROFESSIONAL,candidate,Security Operations Coordinator,JF-F24,professional,"Perform and continuously improve visitor management work within Business Continuity, Crisis & Physical Security, producing controlled, timely and decision-useful outcomes.",F24,F24.10,FR-F24.10,,4,"Visitor Management plans, decisions and controlled records | Accurate evidence of completed work and approvals | Performance, exception and corrective-action information",required,unclassified,unmapped,not-designed,not-tested,8140spitt/NuBlox-Digital-Applications,docs/architecture/job-architecture/generated/job-profiles.generated.json,1818ff2048cb3969ff588e733fd634963e0b6587,docs/architecture/job-architecture/generated/functional-roles.generated.json,26fb7ed859f9b14dc4c1778b174aa476ab53b7e8
JP-F24.11-PROFESSIONAL,candidate,Security Investigator,JF-F24,professional,"Perform and continuously improve security investigations work within Business Continuity, Crisis & Physical Security, producing controlled, timely and decision-useful outcomes.",F24,F24.11,FR-F24.11,,4,"Security Investigations plans, decisions and controlled records | Accurate evidence of completed work and approvals | Performance, exception and corrective-action information",required,unclassified,unmapped,not-designed,not-tested,8140spitt/NuBlox-Digital-Applications,docs/architecture/job-architecture/generated/job-profiles.generated.json,1818ff2048cb3969ff588e733fd634963e0b6587,docs/architecture/job-architecture/generated/functional-roles.generated.json,26fb7ed859f9b14dc4c1778b174aa476ab53b7e8
JP-F24.12-PROFESSIONAL,candidate,Travel Security Specialist,JF-F24,professional,"Perform and continuously improve travel security work within Business Continuity, Crisis & Physical Security, producing controlled, timely and decision-useful outcomes.",F24,F24.12,FR-F24.12,,4,"Travel Security plans, decisions and controlled records | Accurate evidence of completed work and approvals | Performance, exception and corrective-action information",required,unclassified,unmapped,not-designed,not-tested,8140spitt/NuBlox-Digital-Applications,docs/architecture/job-architecture/generated/job-profiles.generated.json,1818ff2048cb3969ff588e733fd634963e0b6587,docs/architecture/job-architecture/generated/functional-roles.generated.json,26fb7ed859f9b14dc4c1778b174aa476ab53b7e8
JP-F25-FUNCTION-LEAD,candidate,"Head of Communications, Public Affairs & Investor Relations",JF-F25,head,"Provide accountable leadership for Communications, Public Affairs & Investor Relations, establishing direction, governance, resources, controls and performance expectations across the function.",F25,F25.01|F25.02|F25.03|F25.04|F25.05|F25.06|F25.07|F25.08|F25.09|F25.10|F25.11|F25.12,FR-F25.01|FR-F25.02|FR-F25.03|FR-F25.04|FR-F25.05|FR-F25.06|FR-F25.07|FR-F25.08|FR-F25.09|FR-F25.10|FR-F25.11|FR-F25.12,,44,"Communications, Public Affairs & Investor Relations strategy and operating plan | Function policies, standards and governance decisions | Resource and investment priorities | Performance, risk and assurance reporting | Improvement and capability roadmap",required,unclassified,unmapped,not-designed,not-tested,8140spitt/NuBlox-Digital-Applications,docs/architecture/job-architecture/generated/job-profiles.generated.json,1818ff2048cb3969ff588e733fd634963e0b6587,docs/architecture/job-architecture/generated/functional-roles.generated.json,26fb7ed859f9b14dc4c1778b174aa476ab53b7e8
JP-F25.01-PROFESSIONAL,candidate,Corporate Communications Manager,JF-F25,professional,"Perform and continuously improve corporate communications work within Communications, Public Affairs & Investor Relations, producing controlled, timely and decision-useful outcomes.",F25,F25.01,FR-F25.01,,3,"Corporate Communications plans, decisions and controlled records | Accurate evidence of completed work and approvals | Performance, exception and corrective-action information",required,unclassified,unmapped,not-designed,not-tested,8140spitt/NuBlox-Digital-Applications,docs/architecture/job-architecture/generated/job-profiles.generated.json,1818ff2048cb3969ff588e733fd634963e0b6587,docs/architecture/job-architecture/generated/functional-roles.generated.json,26fb7ed859f9b14dc4c1778b174aa476ab53b7e8
JP-F25.02-PROFESSIONAL,candidate,Internal Communications Manager,JF-F25,professional,"Perform and continuously improve internal communications work within Communications, Public Affairs & Investor Relations, producing controlled, timely and decision-useful outcomes.",F25,F25.02,FR-F25.02,,4,"Internal Communications plans, decisions and controlled records | Accurate evidence of completed work and approvals | Performance, exception and corrective-action information",required,unclassified,unmapped,not-designed,not-tested,8140spitt/NuBlox-Digital-Applications,docs/architecture/job-architecture/generated/job-profiles.generated.json,1818ff2048cb3969ff588e733fd634963e0b6587,docs/architecture/job-architecture/generated/functional-roles.generated.json,26fb7ed859f9b14dc4c1778b174aa476ab53b7e8
JP-F25.03-PROFESSIONAL,candidate,Media Relations Manager,JF-F25,professional,"Perform and continuously improve media relations work within Communications, Public Affairs & Investor Relations, producing controlled, timely and decision-useful outcomes.",F25,F25.03,FR-F25.03,,4,"Media Relations plans, decisions and controlled records | Accurate evidence of completed work and approvals | Performance, exception and corrective-action information",required,unclassified,unmapped,not-designed,not-tested,8140spitt/NuBlox-Digital-Applications,docs/architecture/job-architecture/generated/job-profiles.generated.json,1818ff2048cb3969ff588e733fd634963e0b6587,docs/architecture/job-architecture/generated/functional-roles.generated.json,26fb7ed859f9b14dc4c1778b174aa476ab53b7e8
JP-F25.04-PROFESSIONAL,candidate,Public Relations Manager,JF-F25,professional,"Perform and continuously improve public relations work within Communications, Public Affairs & Investor Relations, producing controlled, timely and decision-useful outcomes.",F25,F25.04,FR-F25.04,,3,"Public Relations plans, decisions and controlled records | Accurate evidence of completed work and approvals | Performance, exception and corrective-action information",required,unclassified,unmapped,not-designed,not-tested,8140spitt/NuBlox-Digital-Applications,docs/architecture/job-architecture/generated/job-profiles.generated.json,1818ff2048cb3969ff588e733fd634963e0b6587,docs/architecture/job-architecture/generated/functional-roles.generated.json,26fb7ed859f9b14dc4c1778b174aa476ab53b7e8
JP-F25.05-PROFESSIONAL,candidate,Reputation Manager,JF-F25,professional,"Perform and continuously improve reputation management work within Communications, Public Affairs & Investor Relations, producing controlled, timely and decision-useful outcomes.",F25,F25.05,FR-F25.05,,4,"Reputation Management plans, decisions and controlled records | Accurate evidence of completed work and approvals | Performance, exception and corrective-action information",required,unclassified,unmapped,not-designed,not-tested,8140spitt/NuBlox-Digital-Applications,docs/architecture/job-architecture/generated/job-profiles.generated.json,1818ff2048cb3969ff588e733fd634963e0b6587,docs/architecture/job-architecture/generated/functional-roles.generated.json,26fb7ed859f9b14dc4c1778b174aa476ab53b7e8
JP-F25.06-PROFESSIONAL,candidate,Public Affairs Manager,JF-F25,professional,"Perform and continuously improve public affairs work within Communications, Public Affairs & Investor Relations, producing controlled, timely and decision-useful outcomes.",F25,F25.06,FR-F25.06,,3,"Public Affairs plans, decisions and controlled records | Accurate evidence of completed work and approvals | Performance, exception and corrective-action information",required,unclassified,unmapped,not-designed,not-tested,8140spitt/NuBlox-Digital-Applications,docs/architecture/job-architecture/generated/job-profiles.generated.json,1818ff2048cb3969ff588e733fd634963e0b6587,docs/architecture/job-architecture/generated/functional-roles.generated.json,26fb7ed859f9b14dc4c1778b174aa476ab53b7e8
JP-F25.07-PROFESSIONAL,candidate,Government Relations Manager,JF-F25,professional,"Perform and continuously improve government relations work within Communications, Public Affairs & Investor Relations, producing controlled, timely and decision-useful outcomes.",F25,F25.07,FR-F25.07,,4,"Government Relations plans, decisions and controlled records | Accurate evidence of completed work and approvals | Performance, exception and corrective-action information",required,unclassified,unmapped,not-designed,not-tested,8140spitt/NuBlox-Digital-Applications,docs/architecture/job-architecture/generated/job-profiles.generated.json,1818ff2048cb3969ff588e733fd634963e0b6587,docs/architecture/job-architecture/generated/functional-roles.generated.json,26fb7ed859f9b14dc4c1778b174aa476ab53b7e8
JP-F25.08-PROFESSIONAL,candidate,Investor Relations Manager,JF-F25,professional,"Perform and continuously improve investor relations work within Communications, Public Affairs & Investor Relations, producing controlled, timely and decision-useful outcomes.",F25,F25.08,FR-F25.08,,3,"Investor Relations plans, decisions and controlled records | Accurate evidence of completed work and approvals | Performance, exception and corrective-action information",required,unclassified,unmapped,not-designed,not-tested,8140spitt/NuBlox-Digital-Applications,docs/architecture/job-architecture/generated/job-profiles.generated.json,1818ff2048cb3969ff588e733fd634963e0b6587,docs/architecture/job-architecture/generated/functional-roles.generated.json,26fb7ed859f9b14dc4c1778b174aa476ab53b7e8
JP-F25.09-PROFESSIONAL,candidate,Annual Reporting Manager,JF-F25,professional,"Perform and continuously improve annual reporting work within Communications, Public Affairs & Investor Relations, producing controlled, timely and decision-useful outcomes.",F25,F25.09,FR-F25.09,,5,"Annual Reporting plans, decisions and controlled records | Accurate evidence of completed work and approvals | Performance, exception and corrective-action information",required,unclassified,unmapped,not-designed,not-tested,8140spitt/NuBlox-Digital-Applications,docs/architecture/job-architecture/generated/job-profiles.generated.json,1818ff2048cb3969ff588e733fd634963e0b6587,docs/architecture/job-architecture/generated/functional-roles.generated.json,26fb7ed859f9b14dc4c1778b174aa476ab53b7e8
JP-F25.10-PROFESSIONAL,candidate,Stakeholder Engagement Manager,JF-F25,professional,"Perform and continuously improve stakeholder engagement work within Communications, Public Affairs & Investor Relations, producing controlled, timely and decision-useful outcomes.",F25,F25.10,FR-F25.10,,4,"Stakeholder Engagement plans, decisions and controlled records | Accurate evidence of completed work and approvals | Performance, exception and corrective-action information",required,unclassified,unmapped,not-designed,not-tested,8140spitt/NuBlox-Digital-Applications,docs/architecture/job-architecture/generated/job-profiles.generated.json,1818ff2048cb3969ff588e733fd634963e0b6587,docs/architecture/job-architecture/generated/functional-roles.generated.json,26fb7ed859f9b14dc4c1778b174aa476ab53b7e8
JP-F25.11-PROFESSIONAL,candidate,Community Relations Manager,JF-F25,professional,"Perform and continuously improve community relations work within Communications, Public Affairs & Investor Relations, producing controlled, timely and decision-useful outcomes.",F25,F25.11,FR-F25.11,,3,"Community Relations plans, decisions and controlled records | Accurate evidence of completed work and approvals | Performance, exception and corrective-action information",required,unclassified,unmapped,not-designed,not-tested,8140spitt/NuBlox-Digital-Applications,docs/architecture/job-architecture/generated/job-profiles.generated.json,1818ff2048cb3969ff588e733fd634963e0b6587,docs/architecture/job-architecture/generated/functional-roles.generated.json,26fb7ed859f9b14dc4c1778b174aa476ab53b7e8
JP-F25.12-PROFESSIONAL,candidate,Crisis Communications Manager,JF-F25,professional,"Perform and continuously improve crisis communications work within Communications, Public Affairs & Investor Relations, producing controlled, timely and decision-useful outcomes.",F25,F25.12,FR-F25.12,,4,"Crisis Communications plans, decisions and controlled records | Accurate evidence of completed work and approvals | Performance, exception and corrective-action information",required,unclassified,unmapped,not-designed,not-tested,8140spitt/NuBlox-Digital-Applications,docs/architecture/job-architecture/generated/job-profiles.generated.json,1818ff2048cb3969ff588e733fd634963e0b6587,docs/architecture/job-architecture/generated/functional-roles.generated.json,26fb7ed859f9b14dc4c1778b174aa476ab53b7e8
JP-F26-FUNCTION-LEAD,candidate,"Head of Knowledge, Document & Records Management",JF-F26,head,"Provide accountable leadership for Knowledge, Document & Records Management, establishing direction, governance, resources, controls and performance expectations across the function.",F26,F26.01|F26.02|F26.03|F26.04|F26.05|F26.06|F26.07|F26.08|F26.09|F26.10,FR-F26.01|FR-F26.02|FR-F26.03|FR-F26.04|FR-F26.05|FR-F26.06|FR-F26.07|FR-F26.08|FR-F26.09|FR-F26.10,,43,"Knowledge, Document & Records Management strategy and operating plan | Function policies, standards and governance decisions | Resource and investment priorities | Performance, risk and assurance reporting | Improvement and capability roadmap",required,unclassified,unmapped,not-designed,not-tested,8140spitt/NuBlox-Digital-Applications,docs/architecture/job-architecture/generated/job-profiles.generated.json,1818ff2048cb3969ff588e733fd634963e0b6587,docs/architecture/job-architecture/generated/functional-roles.generated.json,26fb7ed859f9b14dc4c1778b174aa476ab53b7e8
JP-F26.01-PROFESSIONAL,candidate,Knowledge Manager,JF-F26,professional,"Perform and continuously improve knowledge strategy work within Knowledge, Document & Records Management, producing controlled, timely and decision-useful outcomes.",F26,F26.01,FR-F26.01,,3,"Knowledge Strategy plans, decisions and controlled records | Accurate evidence of completed work and approvals | Performance, exception and corrective-action information",required,unclassified,unmapped,not-designed,not-tested,8140spitt/NuBlox-Digital-Applications,docs/architecture/job-architecture/generated/job-profiles.generated.json,1818ff2048cb3969ff588e733fd634963e0b6587,docs/architecture/job-architecture/generated/functional-roles.generated.json,26fb7ed859f9b14dc4c1778b174aa476ab53b7e8
JP-F26.02-PROFESSIONAL,candidate,Knowledge Capture Specialist,JF-F26,professional,"Perform and continuously improve knowledge capture work within Knowledge, Document & Records Management, producing controlled, timely and decision-useful outcomes.",F26,F26.02,FR-F26.02,,4,"Knowledge Capture plans, decisions and controlled records | Accurate evidence of completed work and approvals | Performance, exception and corrective-action information",required,unclassified,unmapped,not-designed,not-tested,8140spitt/NuBlox-Digital-Applications,docs/architecture/job-architecture/generated/job-profiles.generated.json,1818ff2048cb3969ff588e733fd634963e0b6587,docs/architecture/job-architecture/generated/functional-roles.generated.json,26fb7ed859f9b14dc4c1778b174aa476ab53b7e8
JP-F26.03-PROFESSIONAL,candidate,Knowledge & Collaboration Specialist,JF-F26,professional,"Perform and continuously improve knowledge sharing work within Knowledge, Document & Records Management, producing controlled, timely and decision-useful outcomes.",F26,F26.03,FR-F26.03,,4,"Knowledge Sharing plans, decisions and controlled records | Accurate evidence of completed work and approvals | Performance, exception and corrective-action information",required,unclassified,unmapped,not-designed,not-tested,8140spitt/NuBlox-Digital-Applications,docs/architecture/job-architecture/generated/job-profiles.generated.json,1818ff2048cb3969ff588e733fd634963e0b6587,docs/architecture/job-architecture/generated/functional-roles.generated.json,26fb7ed859f9b14dc4c1778b174aa476ab53b7e8
JP-F26.04-PROFESSIONAL,candidate,Knowledge Curator,JF-F26,professional,"Perform and continuously improve knowledge maintenance work within Knowledge, Document & Records Management, producing controlled, timely and decision-useful outcomes.",F26,F26.04,FR-F26.04,,4,"Knowledge Maintenance plans, decisions and controlled records | Accurate evidence of completed work and approvals | Performance, exception and corrective-action information",required,unclassified,unmapped,not-designed,not-tested,8140spitt/NuBlox-Digital-Applications,docs/architecture/job-architecture/generated/job-profiles.generated.json,1818ff2048cb3969ff588e733fd634963e0b6587,docs/architecture/job-architecture/generated/functional-roles.generated.json,26fb7ed859f9b14dc4c1778b174aa476ab53b7e8
JP-F26.05-PROFESSIONAL,candidate,Document Controller,JF-F26,professional,"Perform and continuously improve document management work within Knowledge, Document & Records Management, producing controlled, timely and decision-useful outcomes.",F26,F26.05,FR-F26.05,,6,"Document Management plans, decisions and controlled records | Accurate evidence of completed work and approvals | Performance, exception and corrective-action information",required,unclassified,unmapped,not-designed,not-tested,8140spitt/NuBlox-Digital-Applications,docs/architecture/job-architecture/generated/job-profiles.generated.json,1818ff2048cb3969ff588e733fd634963e0b6587,docs/architecture/job-architecture/generated/functional-roles.generated.json,26fb7ed859f9b14dc4c1778b174aa476ab53b7e8
JP-F26.06-PROFESSIONAL,candidate,Records Manager,JF-F26,professional,"Perform and continuously improve records management work within Knowledge, Document & Records Management, producing controlled, timely and decision-useful outcomes.",F26,F26.06,FR-F26.06,,5,"Records Management plans, decisions and controlled records | Accurate evidence of completed work and approvals | Performance, exception and corrective-action information",required,unclassified,unmapped,not-designed,not-tested,8140spitt/NuBlox-Digital-Applications,docs/architecture/job-architecture/generated/job-profiles.generated.json,1818ff2048cb3969ff588e733fd634963e0b6587,docs/architecture/job-architecture/generated/functional-roles.generated.json,26fb7ed859f9b14dc4c1778b174aa476ab53b7e8
JP-F26.07-PROFESSIONAL,candidate,Controlled Documents Coordinator,JF-F26,professional,"Perform and continuously improve controlled documents work within Knowledge, Document & Records Management, producing controlled, timely and decision-useful outcomes.",F26,F26.07,FR-F26.07,,4,"Controlled Documents plans, decisions and controlled records | Accurate evidence of completed work and approvals | Performance, exception and corrective-action information",required,unclassified,unmapped,not-designed,not-tested,8140spitt/NuBlox-Digital-Applications,docs/architecture/job-architecture/generated/job-profiles.generated.json,1818ff2048cb3969ff588e733fd634963e0b6587,docs/architecture/job-architecture/generated/functional-roles.generated.json,26fb7ed859f9b14dc4c1778b174aa476ab53b7e8
JP-F26.08-PROFESSIONAL,candidate,Records Retention Specialist,JF-F26,professional,"Perform and continuously improve records retention work within Knowledge, Document & Records Management, producing controlled, timely and decision-useful outcomes.",F26,F26.08,FR-F26.08,,4,"Records Retention plans, decisions and controlled records | Accurate evidence of completed work and approvals | Performance, exception and corrective-action information",required,unclassified,unmapped,not-designed,not-tested,8140spitt/NuBlox-Digital-Applications,docs/architecture/job-architecture/generated/job-profiles.generated.json,1818ff2048cb3969ff588e733fd634963e0b6587,docs/architecture/job-architecture/generated/functional-roles.generated.json,26fb7ed859f9b14dc4c1778b174aa476ab53b7e8
JP-F26.09-PROFESSIONAL,candidate,Enterprise Search Specialist,JF-F26,professional,"Perform and continuously improve enterprise search work within Knowledge, Document & Records Management, producing controlled, timely and decision-useful outcomes.",F26,F26.09,FR-F26.09,,4,"Enterprise Search plans, decisions and controlled records | Accurate evidence of completed work and approvals | Performance, exception and corrective-action information",required,unclassified,unmapped,not-designed,not-tested,8140spitt/NuBlox-Digital-Applications,docs/architecture/job-architecture/generated/job-profiles.generated.json,1818ff2048cb3969ff588e733fd634963e0b6587,docs/architecture/job-architecture/generated/functional-roles.generated.json,26fb7ed859f9b14dc4c1778b174aa476ab53b7e8
JP-F26.10-PROFESSIONAL,candidate,Lessons Learned Coordinator,JF-F26,professional,"Perform and continuously improve lessons learned work within Knowledge, Document & Records Management, producing controlled, timely and decision-useful outcomes.",F26,F26.10,FR-F26.10,,5,"Lessons Learned plans, decisions and controlled records | Accurate evidence of completed work and approvals | Performance, exception and corrective-action information",required,unclassified,unmapped,not-designed,not-tested,8140spitt/NuBlox-Digital-Applications,docs/architecture/job-architecture/generated/job-profiles.generated.json,1818ff2048cb3969ff588e733fd634963e0b6587,docs/architecture/job-architecture/generated/functional-roles.generated.json,26fb7ed859f9b14dc4c1778b174aa476ab53b7e8
JP-F27-FUNCTION-LEAD,candidate,"Head of Portfolio, Programme & Project Management",JF-F27,head,"Provide accountable leadership for Portfolio, Programme & Project Management, establishing direction, governance, resources, controls and performance expectations across the function.",F27,F27.01|F27.02|F27.03|F27.04|F27.05|F27.06|F27.07|F27.08|F27.09|F27.10,FR-F27.01|FR-F27.02|FR-F27.03|FR-F27.04|FR-F27.05|FR-F27.06|FR-F27.07|FR-F27.08|FR-F27.09|FR-F27.10,,43,"Portfolio, Programme & Project Management strategy and operating plan | Function policies, standards and governance decisions | Resource and investment priorities | Performance, risk and assurance reporting | Improvement and capability roadmap",required,unclassified,unmapped,not-designed,not-tested,8140spitt/NuBlox-Digital-Applications,docs/architecture/job-architecture/generated/job-profiles.generated.json,1818ff2048cb3969ff588e733fd634963e0b6587,docs/architecture/job-architecture/generated/functional-roles.generated.json,26fb7ed859f9b14dc4c1778b174aa476ab53b7e8
JP-F27.01-PROFESSIONAL,candidate,Portfolio Manager,JF-F27,professional,"Perform and continuously improve portfolio management work within Portfolio, Programme & Project Management, producing controlled, timely and decision-useful outcomes.",F27,F27.01,FR-F27.01,,5,"Portfolio Management plans, decisions and controlled records | Accurate evidence of completed work and approvals | Performance, exception and corrective-action information",required,unclassified,unmapped,not-designed,not-tested,8140spitt/NuBlox-Digital-Applications,docs/architecture/job-architecture/generated/job-profiles.generated.json,1818ff2048cb3969ff588e733fd634963e0b6587,docs/architecture/job-architecture/generated/functional-roles.generated.json,26fb7ed859f9b14dc4c1778b174aa476ab53b7e8
JP-F27.02-PROFESSIONAL,candidate,Investment Governance Manager,JF-F27,professional,"Perform and continuously improve investment governance work within Portfolio, Programme & Project Management, producing controlled, timely and decision-useful outcomes.",F27,F27.02,FR-F27.02,,4,"Investment Governance plans, decisions and controlled records | Accurate evidence of completed work and approvals | Performance, exception and corrective-action information",required,unclassified,unmapped,not-designed,not-tested,8140spitt/NuBlox-Digital-Applications,docs/architecture/job-architecture/generated/job-profiles.generated.json,1818ff2048cb3969ff588e733fd634963e0b6587,docs/architecture/job-architecture/generated/functional-roles.generated.json,26fb7ed859f9b14dc4c1778b174aa476ab53b7e8
JP-F27.03-PROFESSIONAL,candidate,Programme Manager,JF-F27,professional,"Perform and continuously improve programme management work within Portfolio, Programme & Project Management, producing controlled, timely and decision-useful outcomes.",F27,F27.03,FR-F27.03,,4,"Programme Management plans, decisions and controlled records | Accurate evidence of completed work and approvals | Performance, exception and corrective-action information",required,unclassified,unmapped,not-designed,not-tested,8140spitt/NuBlox-Digital-Applications,docs/architecture/job-architecture/generated/job-profiles.generated.json,1818ff2048cb3969ff588e733fd634963e0b6587,docs/architecture/job-architecture/generated/functional-roles.generated.json,26fb7ed859f9b14dc4c1778b174aa476ab53b7e8
JP-F27.04-PROFESSIONAL,candidate,Project Manager,JF-F27,professional,"Perform and continuously improve project initiation work within Portfolio, Programme & Project Management, producing controlled, timely and decision-useful outcomes.",F27,F27.04,FR-F27.04,,5,"Project Initiation plans, decisions and controlled records | Accurate evidence of completed work and approvals | Performance, exception and corrective-action information",required,unclassified,unmapped,not-designed,not-tested,8140spitt/NuBlox-Digital-Applications,docs/architecture/job-architecture/generated/job-profiles.generated.json,1818ff2048cb3969ff588e733fd634963e0b6587,docs/architecture/job-architecture/generated/functional-roles.generated.json,26fb7ed859f9b14dc4c1778b174aa476ab53b7e8
JP-F27.05-PROFESSIONAL,candidate,Project Planner,JF-F27,professional,"Perform and continuously improve project planning work within Portfolio, Programme & Project Management, producing controlled, timely and decision-useful outcomes.",F27,F27.05,FR-F27.05,,4,"Project Planning plans, decisions and controlled records | Accurate evidence of completed work and approvals | Performance, exception and corrective-action information",required,unclassified,unmapped,not-designed,not-tested,8140spitt/NuBlox-Digital-Applications,docs/architecture/job-architecture/generated/job-profiles.generated.json,1818ff2048cb3969ff588e733fd634963e0b6587,docs/architecture/job-architecture/generated/functional-roles.generated.json,26fb7ed859f9b14dc4c1778b174aa476ab53b7e8
JP-F27.06-PROFESSIONAL,candidate,Project Manager,JF-F27,professional,"Perform and continuously improve project execution work within Portfolio, Programme & Project Management, producing controlled, timely and decision-useful outcomes.",F27,F27.06,FR-F27.06,,4,"Project Execution plans, decisions and controlled records | Accurate evidence of completed work and approvals | Performance, exception and corrective-action information",required,unclassified,unmapped,not-designed,not-tested,8140spitt/NuBlox-Digital-Applications,docs/architecture/job-architecture/generated/job-profiles.generated.json,1818ff2048cb3969ff588e733fd634963e0b6587,docs/architecture/job-architecture/generated/functional-roles.generated.json,26fb7ed859f9b14dc4c1778b174aa476ab53b7e8
JP-F27.07-PROFESSIONAL,candidate,Project Controls Manager,JF-F27,professional,"Perform and continuously improve project control work within Portfolio, Programme & Project Management, producing controlled, timely and decision-useful outcomes.",F27,F27.07,FR-F27.07,,5,"Project Control plans, decisions and controlled records | Accurate evidence of completed work and approvals | Performance, exception and corrective-action information",required,unclassified,unmapped,not-designed,not-tested,8140spitt/NuBlox-Digital-Applications,docs/architecture/job-architecture/generated/job-profiles.generated.json,1818ff2048cb3969ff588e733fd634963e0b6587,docs/architecture/job-architecture/generated/functional-roles.generated.json,26fb7ed859f9b14dc4c1778b174aa476ab53b7e8
JP-F27.08-PROFESSIONAL,candidate,Project Manager,JF-F27,professional,"Perform and continuously improve project closure work within Portfolio, Programme & Project Management, producing controlled, timely and decision-useful outcomes.",F27,F27.08,FR-F27.08,,4,"Project Closure plans, decisions and controlled records | Accurate evidence of completed work and approvals | Performance, exception and corrective-action information",required,unclassified,unmapped,not-designed,not-tested,8140spitt/NuBlox-Digital-Applications,docs/architecture/job-architecture/generated/job-profiles.generated.json,1818ff2048cb3969ff588e733fd634963e0b6587,docs/architecture/job-architecture/generated/functional-roles.generated.json,26fb7ed859f9b14dc4c1778b174aa476ab53b7e8
JP-F27.09-PROFESSIONAL,candidate,PMO Manager,JF-F27,professional,"Perform and continuously improve pmo work within Portfolio, Programme & Project Management, producing controlled, timely and decision-useful outcomes.",F27,F27.09,FR-F27.09,,5,"PMO plans, decisions and controlled records | Accurate evidence of completed work and approvals | Performance, exception and corrective-action information",required,unclassified,unmapped,not-designed,not-tested,8140spitt/NuBlox-Digital-Applications,docs/architecture/job-architecture/generated/job-profiles.generated.json,1818ff2048cb3969ff588e733fd634963e0b6587,docs/architecture/job-architecture/generated/functional-roles.generated.json,26fb7ed859f9b14dc4c1778b174aa476ab53b7e8
JP-F27.10-PROFESSIONAL,candidate,Portfolio Resource Manager,JF-F27,professional,"Perform and continuously improve resource management work within Portfolio, Programme & Project Management, producing controlled, timely and decision-useful outcomes.",F27,F27.10,FR-F27.10,,3,"Resource Management plans, decisions and controlled records | Accurate evidence of completed work and approvals | Performance, exception and corrective-action information",required,unclassified,unmapped,not-designed,not-tested,8140spitt/NuBlox-Digital-Applications,docs/architecture/job-architecture/generated/job-profiles.generated.json,1818ff2048cb3969ff588e733fd634963e0b6587,docs/architecture/job-architecture/generated/functional-roles.generated.json,26fb7ed859f9b14dc4c1778b174aa476ab53b7e8
JP-F28-FUNCTION-LEAD,candidate,Head of Change & Transformation,JF-F28,head,"Provide accountable leadership for Change & Transformation Management, establishing direction, governance, resources, controls and performance expectations across the function.",F28,F28.01|F28.02|F28.03|F28.04|F28.05|F28.06|F28.07|F28.08,FR-F28.01|FR-F28.02|FR-F28.03|FR-F28.04|FR-F28.05|FR-F28.06|FR-F28.07|FR-F28.08,,29,"Change & Transformation Management strategy and operating plan | Function policies, standards and governance decisions | Resource and investment priorities | Performance, risk and assurance reporting | Improvement and capability roadmap",required,unclassified,unmapped,not-designed,not-tested,8140spitt/NuBlox-Digital-Applications,docs/architecture/job-architecture/generated/job-profiles.generated.json,1818ff2048cb3969ff588e733fd634963e0b6587,docs/architecture/job-architecture/generated/functional-roles.generated.json,26fb7ed859f9b14dc4c1778b174aa476ab53b7e8
JP-F28.01-PROFESSIONAL,candidate,Transformation Director,JF-F28,professional,"Perform and continuously improve transformation strategy work within Change & Transformation Management, producing controlled, timely and decision-useful outcomes.",F28,F28.01,FR-F28.01,,3,"Transformation Strategy plans, decisions and controlled records | Accurate evidence of completed work and approvals | Performance, exception and corrective-action information",required,unclassified,unmapped,not-designed,not-tested,8140spitt/NuBlox-Digital-Applications,docs/architecture/job-architecture/generated/job-profiles.generated.json,1818ff2048cb3969ff588e733fd634963e0b6587,docs/architecture/job-architecture/generated/functional-roles.generated.json,26fb7ed859f9b14dc4c1778b174aa476ab53b7e8
JP-F28.02-PROFESSIONAL,candidate,Change Analyst,JF-F28,professional,"Perform and continuously improve change impact assessment work within Change & Transformation Management, producing controlled, timely and decision-useful outcomes.",F28,F28.02,FR-F28.02,,4,"Change Impact Assessment plans, decisions and controlled records | Accurate evidence of completed work and approvals | Performance, exception and corrective-action information",required,unclassified,unmapped,not-designed,not-tested,8140spitt/NuBlox-Digital-Applications,docs/architecture/job-architecture/generated/job-profiles.generated.json,1818ff2048cb3969ff588e733fd634963e0b6587,docs/architecture/job-architecture/generated/functional-roles.generated.json,26fb7ed859f9b14dc4c1778b174aa476ab53b7e8
JP-F28.03-PROFESSIONAL,candidate,Change Stakeholder Manager,JF-F28,professional,"Perform and continuously improve stakeholder management work within Change & Transformation Management, producing controlled, timely and decision-useful outcomes.",F28,F28.03,FR-F28.03,,3,"Stakeholder Management plans, decisions and controlled records | Accurate evidence of completed work and approvals | Performance, exception and corrective-action information",required,unclassified,unmapped,not-designed,not-tested,8140spitt/NuBlox-Digital-Applications,docs/architecture/job-architecture/generated/job-profiles.generated.json,1818ff2048cb3969ff588e733fd634963e0b6587,docs/architecture/job-architecture/generated/functional-roles.generated.json,26fb7ed859f9b14dc4c1778b174aa476ab53b7e8
JP-F28.04-PROFESSIONAL,candidate,Change Communications Manager,JF-F28,professional,"Perform and continuously improve change communications work within Change & Transformation Management, producing controlled, timely and decision-useful outcomes.",F28,F28.04,FR-F28.04,,3,"Change Communications plans, decisions and controlled records | Accurate evidence of completed work and approvals | Performance, exception and corrective-action information",required,unclassified,unmapped,not-designed,not-tested,8140spitt/NuBlox-Digital-Applications,docs/architecture/job-architecture/generated/job-profiles.generated.json,1818ff2048cb3969ff588e733fd634963e0b6587,docs/architecture/job-architecture/generated/functional-roles.generated.json,26fb7ed859f9b14dc4c1778b174aa476ab53b7e8
JP-F28.05-PROFESSIONAL,candidate,Change Readiness & Training Lead,JF-F28,professional,"Perform and continuously improve training / readiness work within Change & Transformation Management, producing controlled, timely and decision-useful outcomes.",F28,F28.05,FR-F28.05,,4,"Training / Readiness plans, decisions and controlled records | Accurate evidence of completed work and approvals | Performance, exception and corrective-action information",required,unclassified,unmapped,not-designed,not-tested,8140spitt/NuBlox-Digital-Applications,docs/architecture/job-architecture/generated/job-profiles.generated.json,1818ff2048cb3969ff588e733fd634963e0b6587,docs/architecture/job-architecture/generated/functional-roles.generated.json,26fb7ed859f9b14dc4c1778b174aa476ab53b7e8
JP-F28.06-PROFESSIONAL,candidate,Adoption Manager,JF-F28,professional,"Perform and continuously improve adoption management work within Change & Transformation Management, producing controlled, timely and decision-useful outcomes.",F28,F28.06,FR-F28.06,,4,"Adoption Management plans, decisions and controlled records | Accurate evidence of completed work and approvals | Performance, exception and corrective-action information",required,unclassified,unmapped,not-designed,not-tested,8140spitt/NuBlox-Digital-Applications,docs/architecture/job-architecture/generated/job-profiles.generated.json,1818ff2048cb3969ff588e733fd634963e0b6587,docs/architecture/job-architecture/generated/functional-roles.generated.json,26fb7ed859f9b14dc4c1778b174aa476ab53b7e8
JP-F28.07-PROFESSIONAL,candidate,Organisational Transition Manager,JF-F28,professional,"Perform and continuously improve organisational transition work within Change & Transformation Management, producing controlled, timely and decision-useful outcomes.",F28,F28.07,FR-F28.07,,4,"Organisational Transition plans, decisions and controlled records | Accurate evidence of completed work and approvals | Performance, exception and corrective-action information",required,unclassified,unmapped,not-designed,not-tested,8140spitt/NuBlox-Digital-Applications,docs/architecture/job-architecture/generated/job-profiles.generated.json,1818ff2048cb3969ff588e733fd634963e0b6587,docs/architecture/job-architecture/generated/functional-roles.generated.json,26fb7ed859f9b14dc4c1778b174aa476ab53b7e8
JP-F28.08-PROFESSIONAL,candidate,Benefits Realisation Manager,JF-F28,professional,"Perform and continuously improve benefits tracking work within Change & Transformation Management, producing controlled, timely and decision-useful outcomes.",F28,F28.08,FR-F28.08,,4,"Benefits Tracking plans, decisions and controlled records | Accurate evidence of completed work and approvals | Performance, exception and corrective-action information",required,unclassified,unmapped,not-designed,not-tested,8140spitt/NuBlox-Digital-Applications,docs/architecture/job-architecture/generated/job-profiles.generated.json,1818ff2048cb3969ff588e733fd634963e0b6587,docs/architecture/job-architecture/generated/functional-roles.generated.json,26fb7ed859f9b14dc4c1778b174aa476ab53b7e8
JP-F29-FUNCTION-LEAD,candidate,Head of Business Process & Continuous Improvement,JF-F29,head,"Provide accountable leadership for Business Process & Continuous Improvement, establishing direction, governance, resources, controls and performance expectations across the function.",F29,F29.01|F29.02|F29.03|F29.04|F29.05|F29.06|F29.07|F29.08|F29.09|F29.10,FR-F29.01|FR-F29.02|FR-F29.03|FR-F29.04|FR-F29.05|FR-F29.06|FR-F29.07|FR-F29.08|FR-F29.09|FR-F29.10,,39,"Business Process & Continuous Improvement strategy and operating plan | Function policies, standards and governance decisions | Resource and investment priorities | Performance, risk and assurance reporting | Improvement and capability roadmap",required,unclassified,unmapped,not-designed,not-tested,8140spitt/NuBlox-Digital-Applications,docs/architecture/job-architecture/generated/job-profiles.generated.json,1818ff2048cb3969ff588e733fd634963e0b6587,docs/architecture/job-architecture/generated/functional-roles.generated.json,26fb7ed859f9b14dc4c1778b174aa476ab53b7e8
JP-F29.01-PROFESSIONAL,candidate,Business Process Architect,JF-F29,professional,"Perform and continuously improve process architecture work within Business Process & Continuous Improvement, producing controlled, timely and decision-useful outcomes.",F29,F29.01,FR-F29.01,,3,"Process Architecture plans, decisions and controlled records | Accurate evidence of completed work and approvals | Performance, exception and corrective-action information",required,unclassified,unmapped,not-designed,not-tested,8140spitt/NuBlox-Digital-Applications,docs/architecture/job-architecture/generated/job-profiles.generated.json,1818ff2048cb3969ff588e733fd634963e0b6587,docs/architecture/job-architecture/generated/functional-roles.generated.json,26fb7ed859f9b14dc4c1778b174aa476ab53b7e8
JP-F29.02-PROFESSIONAL,candidate,Process Governance Manager,JF-F29,professional,"Perform and continuously improve process ownership work within Business Process & Continuous Improvement, producing controlled, timely and decision-useful outcomes.",F29,F29.02,FR-F29.02,,3,"Process Ownership plans, decisions and controlled records | Accurate evidence of completed work and approvals | Performance, exception and corrective-action information",required,unclassified,unmapped,not-designed,not-tested,8140spitt/NuBlox-Digital-Applications,docs/architecture/job-architecture/generated/job-profiles.generated.json,1818ff2048cb3969ff588e733fd634963e0b6587,docs/architecture/job-architecture/generated/functional-roles.generated.json,26fb7ed859f9b14dc4c1778b174aa476ab53b7e8
JP-F29.03-PROFESSIONAL,candidate,Business Process Analyst,JF-F29,professional,"Perform and continuously improve process modelling work within Business Process & Continuous Improvement, producing controlled, timely and decision-useful outcomes.",F29,F29.03,FR-F29.03,,3,"Process Modelling plans, decisions and controlled records | Accurate evidence of completed work and approvals | Performance, exception and corrective-action information",required,unclassified,unmapped,not-designed,not-tested,8140spitt/NuBlox-Digital-Applications,docs/architecture/job-architecture/generated/job-profiles.generated.json,1818ff2048cb3969ff588e733fd634963e0b6587,docs/architecture/job-architecture/generated/functional-roles.generated.json,26fb7ed859f9b14dc4c1778b174aa476ab53b7e8
JP-F29.04-PROFESSIONAL,candidate,Business Process Analyst,JF-F29,professional,"Perform and continuously improve process analysis work within Business Process & Continuous Improvement, producing controlled, timely and decision-useful outcomes.",F29,F29.04,FR-F29.04,,5,"Process Analysis plans, decisions and controlled records | Accurate evidence of completed work and approvals | Performance, exception and corrective-action information",required,unclassified,unmapped,not-designed,not-tested,8140spitt/NuBlox-Digital-Applications,docs/architecture/job-architecture/generated/job-profiles.generated.json,1818ff2048cb3969ff588e733fd634963e0b6587,docs/architecture/job-architecture/generated/functional-roles.generated.json,26fb7ed859f9b14dc4c1778b174aa476ab53b7e8
JP-F29.05-PROFESSIONAL,candidate,Process Improvement Specialist,JF-F29,professional,"Perform and continuously improve process redesign work within Business Process & Continuous Improvement, producing controlled, timely and decision-useful outcomes.",F29,F29.05,FR-F29.05,,4,"Process Redesign plans, decisions and controlled records | Accurate evidence of completed work and approvals | Performance, exception and corrective-action information",required,unclassified,unmapped,not-designed,not-tested,8140spitt/NuBlox-Digital-Applications,docs/architecture/job-architecture/generated/job-profiles.generated.json,1818ff2048cb3969ff588e733fd634963e0b6587,docs/architecture/job-architecture/generated/functional-roles.generated.json,26fb7ed859f9b14dc4c1778b174aa476ab53b7e8
JP-F29.06-PROFESSIONAL,candidate,SOP & Process Documentation Specialist,JF-F29,professional,"Perform and continuously improve sop management work within Business Process & Continuous Improvement, producing controlled, timely and decision-useful outcomes.",F29,F29.06,FR-F29.06,,5,"SOP Management plans, decisions and controlled records | Accurate evidence of completed work and approvals | Performance, exception and corrective-action information",required,unclassified,unmapped,not-designed,not-tested,8140spitt/NuBlox-Digital-Applications,docs/architecture/job-architecture/generated/job-profiles.generated.json,1818ff2048cb3969ff588e733fd634963e0b6587,docs/architecture/job-architecture/generated/functional-roles.generated.json,26fb7ed859f9b14dc4c1778b174aa476ab53b7e8
JP-F29.07-PROFESSIONAL,candidate,Workflow Automation Specialist,JF-F29,professional,"Perform and continuously improve workflow automation work within Business Process & Continuous Improvement, producing controlled, timely and decision-useful outcomes.",F29,F29.07,FR-F29.07,,4,"Workflow Automation plans, decisions and controlled records | Accurate evidence of completed work and approvals | Performance, exception and corrective-action information",required,unclassified,unmapped,not-designed,not-tested,8140spitt/NuBlox-Digital-Applications,docs/architecture/job-architecture/generated/job-profiles.generated.json,1818ff2048cb3969ff588e733fd634963e0b6587,docs/architecture/job-architecture/generated/functional-roles.generated.json,26fb7ed859f9b14dc4c1778b174aa476ab53b7e8
JP-F29.08-PROFESSIONAL,candidate,Continuous Improvement Specialist,JF-F29,professional,"Perform and continuously improve continuous improvement work within Business Process & Continuous Improvement, producing controlled, timely and decision-useful outcomes.",F29,F29.08,FR-F29.08,,4,"Continuous Improvement plans, decisions and controlled records | Accurate evidence of completed work and approvals | Performance, exception and corrective-action information",required,unclassified,unmapped,not-designed,not-tested,8140spitt/NuBlox-Digital-Applications,docs/architecture/job-architecture/generated/job-profiles.generated.json,1818ff2048cb3969ff588e733fd634963e0b6587,docs/architecture/job-architecture/generated/functional-roles.generated.json,26fb7ed859f9b14dc4c1778b174aa476ab53b7e8
JP-F29.09-PROFESSIONAL,candidate,Process Compliance Specialist,JF-F29,professional,"Perform and continuously improve process compliance work within Business Process & Continuous Improvement, producing controlled, timely and decision-useful outcomes.",F29,F29.09,FR-F29.09,,4,"Process Compliance plans, decisions and controlled records | Accurate evidence of completed work and approvals | Performance, exception and corrective-action information",required,unclassified,unmapped,not-designed,not-tested,8140spitt/NuBlox-Digital-Applications,docs/architecture/job-architecture/generated/job-profiles.generated.json,1818ff2048cb3969ff588e733fd634963e0b6587,docs/architecture/job-architecture/generated/functional-roles.generated.json,26fb7ed859f9b14dc4c1778b174aa476ab53b7e8
JP-F29.10-PROFESSIONAL,candidate,Process Performance Analyst,JF-F29,professional,"Perform and continuously improve process performance work within Business Process & Continuous Improvement, producing controlled, timely and decision-useful outcomes.",F29,F29.10,FR-F29.10,,4,"Process Performance plans, decisions and controlled records | Accurate evidence of completed work and approvals | Performance, exception and corrective-action information",required,unclassified,unmapped,not-designed,not-tested,8140spitt/NuBlox-Digital-Applications,docs/architecture/job-architecture/generated/job-profiles.generated.json,1818ff2048cb3969ff588e733fd634963e0b6587,docs/architecture/job-architecture/generated/functional-roles.generated.json,26fb7ed859f9b14dc4c1778b174aa476ab53b7e8
