job_archetype_id,job_title,career_index,domain,internal_job_profile_ids,internal_profile_state,work_product_id,work_product_name,work_product_family,exact_activity_ids,authoring_mode_candidate,enterprise_stream,context_types,primary_functions,canonical_object_candidate,authoring_primitive_candidate,upstream_inputs,downstream_handoff,evidence_requirement,review_state
EJOB-F03.05-PROFESSIONAL,Benchmarking Specialist,,Enterprise Direction & Growth — F03,JP-F03.05-PROFESSIONAL,reconciled-employment-profile,WP-W5-F03.05-PROFESSIONAL-001,Benchmark Basis & Selection,CASE / ASSESSMENT,F03.05.A01,NATIVE,Operate,Enterprise|Performance Period|Objective|KPI,F03,Performance Target / Benchmark Basis [AGG-02-PERFORMANCE],Case Workspace|Assessment Form|Evidence Panel,strategy|objectives|KPI definitions|source performance observations,management review|strategy adjustment|corrective action|benefits decisions,"Evidence set, assessment rationale, findings, decisions/actions and closure history",candidate-explicit
EJOB-F03.05-PROFESSIONAL,Benchmarking Specialist,,Enterprise Direction & Growth — F03,JP-F03.05-PROFESSIONAL,reconciled-employment-profile,WP-W5-F03.05-PROFESSIONAL-002,Comparable Performance Dataset,REGISTER / SCHEDULE,F03.05.A02,NATIVE,Operate,Enterprise|Performance Period|Objective|KPI,F03,Performance Observation [AGG-02-PERFORMANCE],Enterprise Grid|Collection View,strategy|objectives|KPI definitions|source performance observations,management review|strategy adjustment|corrective action|benefits decisions,"Governed entries with owner, status, dates, source references and immutable change history",candidate-explicit
EJOB-F03.05-PROFESSIONAL,Benchmarking Specialist,,Enterprise Direction & Growth — F03,JP-F03.05-PROFESSIONAL,reconciled-employment-profile,WP-W5-F03.05-PROFESSIONAL-003,Benchmark Comparison,REPORT / SNAPSHOT,F03.05.A03,NATIVE,Operate,Enterprise|Performance Period|Objective|KPI,F03,Performance Snapshot [AGG-02-PERFORMANCE],Report Builder|Snapshot View,strategy|objectives|KPI definitions|source performance observations,management review|strategy adjustment|corrective action|benefits decisions,"Point-in-time/as-of snapshot with source data, calculation/filter and publication provenance",candidate-explicit
EJOB-F03.05-PROFESSIONAL,Benchmarking Specialist,,Enterprise Direction & Growth — F03,JP-F03.05-PROFESSIONAL,reconciled-employment-profile,WP-W5-F03.05-PROFESSIONAL-004,Performance Gap Assessment,CASE / ASSESSMENT,F03.05.A04,NATIVE,Operate,Enterprise|Performance Period|Objective|KPI,F03,Performance Snapshot [AGG-02-PERFORMANCE],Case Workspace|Assessment Form|Evidence Panel,strategy|objectives|KPI definitions|source performance observations,management review|strategy adjustment|corrective action|benefits decisions,"Evidence set, assessment rationale, findings, decisions/actions and closure history",candidate-explicit
EJOB-BENEFITS-REALISATION-MANAGER,Benefits Realisation Manager,,Enterprise Direction & Growth — F03,JP-F03.06-PROFESSIONAL|JP-F28.08-PROFESSIONAL,reconciled-employment-profile,WP-W5-BENEFITS-REALISATION-MANAGER-001,Benefits Register,REGISTER / SCHEDULE,F03.06.A01,NATIVE,Operate,Enterprise|Performance Period|Objective|KPI,F03,Benefit / Performance Target [AGG-02-PERFORMANCE],Enterprise Grid|Collection View,strategy|objectives|KPI definitions|source performance observations,management review|strategy adjustment|corrective action|benefits decisions,"Governed entries with owner, status, dates, source references and immutable change history",candidate-explicit
EJOB-BENEFITS-REALISATION-MANAGER,Benefits Realisation Manager,,Enterprise Direction & Growth — F03,JP-F03.06-PROFESSIONAL|JP-F28.08-PROFESSIONAL,reconciled-employment-profile,WP-W5-BENEFITS-REALISATION-MANAGER-002,Benefit Baseline,CALCULATION / MODEL,F03.06.A02,NATIVE,Operate,Enterprise|Performance Period|Objective|KPI,F03,Benefit / Performance Target [AGG-02-PERFORMANCE],Calculation Workbench|Enterprise Grid,strategy|objectives|KPI definitions|source performance observations,management review|strategy adjustment|corrective action|benefits decisions,"Versioned calculation/model with inputs, assumptions, method, scenario and result provenance",candidate-explicit
EJOB-BENEFITS-REALISATION-MANAGER,Benefits Realisation Manager,,Enterprise Direction & Growth — F03,JP-F03.06-PROFESSIONAL|JP-F28.08-PROFESSIONAL,reconciled-employment-profile,WP-W5-BENEFITS-REALISATION-MANAGER-003,Benefits Measurement Snapshot,REPORT / SNAPSHOT,F03.06.A03,NATIVE,Operate,Enterprise|Performance Period|Objective|KPI,F03,Benefit / Performance Target [AGG-02-PERFORMANCE],Report Builder|Snapshot View,strategy|objectives|KPI definitions|source performance observations,management review|strategy adjustment|corrective action|benefits decisions,"Point-in-time/as-of snapshot with source data, calculation/filter and publication provenance",candidate-explicit
EJOB-BENEFITS-REALISATION-MANAGER,Benefits Realisation Manager,,Enterprise Direction & Growth — F03,JP-F03.06-PROFESSIONAL|JP-F28.08-PROFESSIONAL,reconciled-employment-profile,WP-W5-BENEFITS-REALISATION-MANAGER-004,Benefits Validation Record,CASE / ASSESSMENT,F03.06.A04,NATIVE,Operate,Enterprise|Performance Period|Objective|KPI,F03,Benefit / Performance Target [AGG-02-PERFORMANCE],Case Workspace|Assessment Form|Evidence Panel,strategy|objectives|KPI definitions|source performance observations,management review|strategy adjustment|corrective action|benefits decisions,"Evidence set, assessment rationale, findings, decisions/actions and closure history",candidate-explicit
EJOB-BENEFITS-REALISATION-MANAGER,Benefits Realisation Manager,,Enterprise Direction & Growth — F03,JP-F03.06-PROFESSIONAL|JP-F28.08-PROFESSIONAL,reconciled-employment-profile,WP-W5-BENEFITS-REALISATION-MANAGER-005,Benefits Realisation Report,REPORT / SNAPSHOT,F03.06.A05,NATIVE,Operate,Enterprise|Performance Period|Objective|KPI,F03,Benefit / Performance Target [AGG-02-PERFORMANCE],Report Builder|Snapshot View,strategy|objectives|KPI definitions|source performance observations,management review|strategy adjustment|corrective action|benefits decisions,"Point-in-time/as-of snapshot with source data, calculation/filter and publication provenance",candidate-explicit
EJOB-F02.01-PROFESSIONAL,Board Governance Manager,,Enterprise Direction & Growth — F02,JP-F02.01-PROFESSIONAL,reconciled-employment-profile,WP-W5-F02.01-PROFESSIONAL-001,Board Meeting Calendar,REGISTER / SCHEDULE,F02.01.A01,NATIVE,Operate,Enterprise|Governance Body|Meeting|Policy,F02,Governance Body / Meeting [AGG-02-GOVERNANCE],Enterprise Grid|Collection View,corporate constitution|governance requirements|legal obligations|authority policy,enterprise decisions|policy execution|delegated authority|assurance/audit,"Governed entries with owner, status, dates, source references and immutable change history",candidate-explicit
EJOB-F02.01-PROFESSIONAL,Board Governance Manager,,Enterprise Direction & Growth — F02,JP-F02.01-PROFESSIONAL,reconciled-employment-profile,WP-W5-F02.01-PROFESSIONAL-002,Board Pack,CONTROLLED INFORMATION,F02.01.A02,NATIVE,Operate,Enterprise|Governance Body|Meeting|Policy,F02,Governance Body / Meeting [AGG-02-GOVERNANCE],Controlled Document Editor|Object Workspace,corporate constitution|governance requirements|legal obligations|authority policy,enterprise decisions|policy execution|delegated authority|assurance/audit,"Controlled revision with author, reviewer, approver, issue/effective date and supersession provenance",candidate-explicit
EJOB-F02.01-PROFESSIONAL,Board Governance Manager,,Enterprise Direction & Growth — F02,JP-F02.01-PROFESSIONAL,reconciled-employment-profile,WP-W5-F02.01-PROFESSIONAL-003,Board Minutes,EXECUTION RECORD,F02.01.A03,NATIVE,Operate,Enterprise|Governance Body|Meeting|Policy,F02,Governance Body / Meeting [AGG-02-GOVERNANCE],Execution Record|Evidence Panel,corporate constitution|governance requirements|legal obligations|authority policy,enterprise decisions|policy execution|delegated authority|assurance/audit,Attributable who/what/when/result record with source context and evidence,candidate-explicit
EJOB-F02.01-PROFESSIONAL,Board Governance Manager,,Enterprise Direction & Growth — F02,JP-F02.01-PROFESSIONAL,reconciled-employment-profile,WP-W5-F02.01-PROFESSIONAL-004,Board Resolution Register,REGISTER / SCHEDULE,F02.01.A04,NATIVE,Operate,Enterprise|Governance Body|Meeting|Policy,F02,Governance Body / Meeting [AGG-02-GOVERNANCE],Enterprise Grid|Collection View,corporate constitution|governance requirements|legal obligations|authority policy,enterprise decisions|policy execution|delegated authority|assurance/audit,"Governed entries with owner, status, dates, source references and immutable change history",candidate-explicit
EJOB-F02.01-PROFESSIONAL,Board Governance Manager,,Enterprise Direction & Growth — F02,JP-F02.01-PROFESSIONAL,reconciled-employment-profile,WP-W5-F02.01-PROFESSIONAL-005,Board Action Register,REGISTER / SCHEDULE,F02.01.A05,NATIVE,Operate,Enterprise|Governance Body|Meeting|Policy,F02,Governance Body / Meeting [AGG-02-GOVERNANCE],Enterprise Grid|Collection View,corporate constitution|governance requirements|legal obligations|authority policy,enterprise decisions|policy execution|delegated authority|assurance/audit,"Governed entries with owner, status, dates, source references and immutable change history",candidate-explicit
EJOB-F06.03-PROFESSIONAL,Brand Manager,,Enterprise Direction & Growth — F06,JP-F06.03-PROFESSIONAL,reconciled-employment-profile,WP-W5-F06.03-PROFESSIONAL-001,Brand Strategy / Definition,PLAN / STRATEGY,F06.03.A01,NATIVE,Operate,Market|Audience|Campaign|Channel|Brand,F06,Brand / Marketing Plan [AGG-25-COMMUNICATIONS],Object Workspace|Structure Browser|Enterprise Grid,marketing strategy|market/customer insight|brand rules|product/service portfolio,sales pipeline|customer engagement|brand/content channels|marketing investment decisions,"Versioned plan/strategy with assumptions, ownership, review, approval and effective-date provenance",candidate-explicit
EJOB-F06.03-PROFESSIONAL,Brand Manager,,Enterprise Direction & Growth — F06,JP-F06.03-PROFESSIONAL,reconciled-employment-profile,WP-W5-F06.03-PROFESSIONAL-002,Brand Guidelines,CONTROLLED INFORMATION,F06.03.A02,NATIVE,Operate,Market|Audience|Campaign|Channel|Brand,F06,Brand / Marketing Plan [AGG-25-COMMUNICATIONS],Controlled Document Editor|Object Workspace,marketing strategy|market/customer insight|brand rules|product/service portfolio,sales pipeline|customer engagement|brand/content channels|marketing investment decisions,"Controlled revision with author, reviewer, approver, issue/effective date and supersession provenance",candidate-explicit
EJOB-F06.03-PROFESSIONAL,Brand Manager,,Enterprise Direction & Growth — F06,JP-F06.03-PROFESSIONAL,reconciled-employment-profile,WP-W5-F06.03-PROFESSIONAL-003,Brand Asset Register,REGISTER / SCHEDULE,F06.03.A03,NATIVE,Operate,Market|Audience|Campaign|Channel|Brand,F06,Brand / Marketing Plan [AGG-25-COMMUNICATIONS],Enterprise Grid|Collection View,marketing strategy|market/customer insight|brand rules|product/service portfolio,sales pipeline|customer engagement|brand/content channels|marketing investment decisions,"Governed entries with owner, status, dates, source references and immutable change history",candidate-explicit
EJOB-F06.03-PROFESSIONAL,Brand Manager,,Enterprise Direction & Growth — F06,JP-F06.03-PROFESSIONAL,reconciled-employment-profile,WP-W5-F06.03-PROFESSIONAL-004,Brand Health Report,REPORT / SNAPSHOT,F06.03.A04,NATIVE,Operate,Market|Audience|Campaign|Channel|Brand,F06,Brand / Marketing Plan [AGG-25-COMMUNICATIONS],Report Builder|Snapshot View,marketing strategy|market/customer insight|brand rules|product/service portfolio,sales pipeline|customer engagement|brand/content channels|marketing investment decisions,"Point-in-time/as-of snapshot with source data, calculation/filter and publication provenance",candidate-explicit
EJOB-F05.04-PROFESSIONAL,Business Case Development Specialist,,Enterprise Direction & Growth — F05,JP-F05.04-PROFESSIONAL,reconciled-employment-profile,WP-W5-F05.04-PROFESSIONAL-001,Demand Forecast,CALCULATION / MODEL,F05.04.A01,NATIVE,Operate,Portfolio|Product|Service|Lifecycle Stage,F05,Product / Service Business Case [AGG-04-BUSINESS-CASE],Calculation Workbench|Enterprise Grid,portfolio strategy|market/customer need|technology/capability inputs|financial assumptions,commercialisation|sales/marketing|delivery/operations|support/retirement,"Versioned calculation/model with inputs, assumptions, method, scenario and result provenance",candidate-explicit
EJOB-F05.04-PROFESSIONAL,Business Case Development Specialist,,Enterprise Direction & Growth — F05,JP-F05.04-PROFESSIONAL,reconciled-employment-profile,WP-W5-F05.04-PROFESSIONAL-002,Cost Model,CALCULATION / MODEL,F05.04.A02,NATIVE,Operate,Portfolio|Product|Service|Lifecycle Stage,F05,Product / Service Business Case [AGG-04-BUSINESS-CASE],Calculation Workbench|Enterprise Grid,portfolio strategy|market/customer need|technology/capability inputs|financial assumptions,commercialisation|sales/marketing|delivery/operations|support/retirement,"Versioned calculation/model with inputs, assumptions, method, scenario and result provenance",candidate-explicit
EJOB-F05.04-PROFESSIONAL,Business Case Development Specialist,,Enterprise Direction & Growth — F05,JP-F05.04-PROFESSIONAL,reconciled-employment-profile,WP-W5-F05.04-PROFESSIONAL-003,ROI / Financial Appraisal,CALCULATION / MODEL,F05.04.A03,NATIVE,Operate,Portfolio|Product|Service|Lifecycle Stage,F05,Product / Service Business Case [AGG-04-BUSINESS-CASE],Calculation Workbench|Enterprise Grid,portfolio strategy|market/customer need|technology/capability inputs|financial assumptions,commercialisation|sales/marketing|delivery/operations|support/retirement,"Versioned calculation/model with inputs, assumptions, method, scenario and result provenance",candidate-explicit
EJOB-F05.04-PROFESSIONAL,Business Case Development Specialist,,Enterprise Direction & Growth — F05,JP-F05.04-PROFESSIONAL,reconciled-employment-profile,WP-W5-F05.04-PROFESSIONAL-004,Business Case Risk Assessment,CASE / ASSESSMENT,F05.04.A04,NATIVE,Operate,Portfolio|Product|Service|Lifecycle Stage,F05,Product / Service Business Case [AGG-04-BUSINESS-CASE],Case Workspace|Assessment Form|Evidence Panel,portfolio strategy|market/customer need|technology/capability inputs|financial assumptions,commercialisation|sales/marketing|delivery/operations|support/retirement,"Evidence set, assessment rationale, findings, decisions/actions and closure history",candidate-explicit
EJOB-F05.04-PROFESSIONAL,Business Case Development Specialist,,Enterprise Direction & Growth — F05,JP-F05.04-PROFESSIONAL,reconciled-employment-profile,WP-W5-F05.04-PROFESSIONAL-005,Product / Service Investment Business Case,DECISION / APPROVAL,F05.04.A01|F05.04.A02|F05.04.A03|F05.04.A04|F05.04.A05,NATIVE,Operate,Portfolio|Product|Service|Lifecycle Stage,F05,Product / Service Business Case [AGG-04-BUSINESS-CASE],Decision Workspace|Approval Panel,portfolio strategy|market/customer need|technology/capability inputs|financial assumptions,commercialisation|sales/marketing|delivery/operations|support/retirement,"Decision, approver/authority, rationale, conditions, date and affected objects",candidate-explicit
EJOB-F01.04-PROFESSIONAL,Business Planning Manager,,Enterprise Direction & Growth — F01,JP-F01.04-PROFESSIONAL,reconciled-employment-profile,WP-W5-F01.04-PROFESSIONAL-001,Annual Business Plan,PLAN / STRATEGY,F01.04.A01,NATIVE,Operate,Enterprise|Strategy Cycle|Planning Period,F01,Strategy / Business Planning [AGG-02-STRATEGY],Object Workspace|Structure Browser|Enterprise Grid,enterprise purpose|external evidence|approved assumptions|performance history,governance|portfolio/investment|business planning|performance management,"Versioned plan/strategy with assumptions, ownership, review, approval and effective-date provenance",candidate-explicit
EJOB-F01.04-PROFESSIONAL,Business Planning Manager,,Enterprise Direction & Growth — F01,JP-F01.04-PROFESSIONAL,reconciled-employment-profile,WP-W5-F01.04-PROFESSIONAL-002,Business Unit Plan,PLAN / STRATEGY,F01.04.A02,NATIVE,Operate,Enterprise|Strategy Cycle|Planning Period,F01,Strategy / Business Planning [AGG-02-STRATEGY],Object Workspace|Structure Browser|Enterprise Grid,enterprise purpose|external evidence|approved assumptions|performance history,governance|portfolio/investment|business planning|performance management,"Versioned plan/strategy with assumptions, ownership, review, approval and effective-date provenance",candidate-explicit
EJOB-F01.04-PROFESSIONAL,Business Planning Manager,,Enterprise Direction & Growth — F01,JP-F01.04-PROFESSIONAL,reconciled-employment-profile,WP-W5-F01.04-PROFESSIONAL-003,Strategic Initiative & Ownership Register,REGISTER / SCHEDULE,F01.04.A03|F01.04.A04,NATIVE,Operate,Enterprise|Strategy Cycle|Planning Period,F01,Strategy / Business Planning [AGG-02-STRATEGY],Enterprise Grid|Collection View,enterprise purpose|external evidence|approved assumptions|performance history,governance|portfolio/investment|business planning|performance management,"Governed entries with owner, status, dates, source references and immutable change history",candidate-explicit
EJOB-F01.04-PROFESSIONAL,Business Planning Manager,,Enterprise Direction & Growth — F01,JP-F01.04-PROFESSIONAL,reconciled-employment-profile,WP-W5-F01.04-PROFESSIONAL-004,Business Plan Approval Record,DECISION / APPROVAL,F01.04.A05,NATIVE,Operate,Enterprise|Strategy Cycle|Planning Period,F01,Strategy / Business Planning [AGG-02-STRATEGY],Decision Workspace|Approval Panel,enterprise purpose|external evidence|approved assumptions|performance history,governance|portfolio/investment|business planning|performance management,"Decision, approver/authority, rationale, conditions, date and affected objects",candidate-explicit
EJOB-F06.05-PROFESSIONAL,Campaign Manager,,Enterprise Direction & Growth — F06,JP-F06.05-PROFESSIONAL,reconciled-employment-profile,WP-W5-F06.05-PROFESSIONAL-001,Campaign Brief / Plan,PLAN / STRATEGY,F06.05.A01,NATIVE,Operate,Market|Audience|Campaign|Channel|Brand,F06,Marketing / Communications Campaign [AGG-25-COMMS-CAMPAIGN],Object Workspace|Structure Browser|Enterprise Grid,marketing strategy|market/customer insight|brand rules|product/service portfolio,sales pipeline|customer engagement|brand/content channels|marketing investment decisions,"Versioned plan/strategy with assumptions, ownership, review, approval and effective-date provenance",candidate-explicit
EJOB-F06.05-PROFESSIONAL,Campaign Manager,,Enterprise Direction & Growth — F06,JP-F06.05-PROFESSIONAL,reconciled-employment-profile,WP-W5-F06.05-PROFESSIONAL-002,Campaign Content / Asset Set,CONTROLLED INFORMATION,F06.05.A02,NATIVE,Operate,Market|Audience|Campaign|Channel|Brand,F06,Marketing / Communications Campaign [AGG-25-COMMS-CAMPAIGN],Controlled Document Editor|Object Workspace,marketing strategy|market/customer insight|brand rules|product/service portfolio,sales pipeline|customer engagement|brand/content channels|marketing investment decisions,"Controlled revision with author, reviewer, approver, issue/effective date and supersession provenance",candidate-explicit
EJOB-F06.05-PROFESSIONAL,Campaign Manager,,Enterprise Direction & Growth — F06,JP-F06.05-PROFESSIONAL,reconciled-employment-profile,WP-W5-F06.05-PROFESSIONAL-003,Campaign Approval Record,DECISION / APPROVAL,F06.05.A03,NATIVE,Operate,Market|Audience|Campaign|Channel|Brand,F06,Marketing / Communications Campaign [AGG-25-COMMS-CAMPAIGN],Decision Workspace|Approval Panel,marketing strategy|market/customer insight|brand rules|product/service portfolio,sales pipeline|customer engagement|brand/content channels|marketing investment decisions,"Decision, approver/authority, rationale, conditions, date and affected objects",candidate-explicit
EJOB-F06.05-PROFESSIONAL,Campaign Manager,,Enterprise Direction & Growth — F06,JP-F06.05-PROFESSIONAL,reconciled-employment-profile,WP-W5-F06.05-PROFESSIONAL-004,Campaign Execution Record,EXECUTION RECORD,F06.05.A04,NATIVE,Operate,Market|Audience|Campaign|Channel|Brand,F06,Marketing / Communications Campaign [AGG-25-COMMS-CAMPAIGN],Execution Record|Evidence Panel,marketing strategy|market/customer insight|brand rules|product/service portfolio,sales pipeline|customer engagement|brand/content channels|marketing investment decisions,Attributable who/what/when/result record with source context and evidence,candidate-explicit
EJOB-F06.05-PROFESSIONAL,Campaign Manager,,Enterprise Direction & Growth — F06,JP-F06.05-PROFESSIONAL,reconciled-employment-profile,WP-W5-F06.05-PROFESSIONAL-005,Campaign Performance & Optimisation Report,REPORT / SNAPSHOT,F06.05.A05|F06.05.A06,NATIVE,Operate,Market|Audience|Campaign|Channel|Brand,F06,Marketing / Communications Campaign [AGG-25-COMMS-CAMPAIGN],Report Builder|Snapshot View,marketing strategy|market/customer insight|brand rules|product/service portfolio,sales pipeline|customer engagement|brand/content channels|marketing investment decisions,"Point-in-time/as-of snapshot with source data, calculation/filter and publication provenance",candidate-explicit
EJOB-F02.05-PROFESSIONAL,Committee Governance Specialist,,Enterprise Direction & Growth — F02,JP-F02.05-PROFESSIONAL,reconciled-employment-profile,WP-W5-F02.05-PROFESSIONAL-001,Committee Charter / Terms of Reference,CONTROLLED INFORMATION,F02.05.A01|F02.05.A02,NATIVE,Operate,Enterprise|Governance Body|Meeting|Policy,F02,Governance Body / Meeting [AGG-02-GOVERNANCE],Controlled Document Editor|Object Workspace,corporate constitution|governance requirements|legal obligations|authority policy,enterprise decisions|policy execution|delegated authority|assurance/audit,"Controlled revision with author, reviewer, approver, issue/effective date and supersession provenance",candidate-explicit
EJOB-F02.05-PROFESSIONAL,Committee Governance Specialist,,Enterprise Direction & Growth — F02,JP-F02.05-PROFESSIONAL,reconciled-employment-profile,WP-W5-F02.05-PROFESSIONAL-002,Committee Meeting Calendar,REGISTER / SCHEDULE,F02.05.A03,NATIVE,Operate,Enterprise|Governance Body|Meeting|Policy,F02,Governance Body / Meeting [AGG-02-GOVERNANCE],Enterprise Grid|Collection View,corporate constitution|governance requirements|legal obligations|authority policy,enterprise decisions|policy execution|delegated authority|assurance/audit,"Governed entries with owner, status, dates, source references and immutable change history",candidate-explicit
EJOB-F02.05-PROFESSIONAL,Committee Governance Specialist,,Enterprise Direction & Growth — F02,JP-F02.05-PROFESSIONAL,reconciled-employment-profile,WP-W5-F02.05-PROFESSIONAL-003,Committee Decision Record,DECISION / APPROVAL,F02.05.A04,NATIVE,Operate,Enterprise|Governance Body|Meeting|Policy,F02,Governance Body / Meeting [AGG-02-GOVERNANCE],Decision Workspace|Approval Panel,corporate constitution|governance requirements|legal obligations|authority policy,enterprise decisions|policy execution|delegated authority|assurance/audit,"Decision, approver/authority, rationale, conditions, date and affected objects",candidate-explicit
EJOB-F02.05-PROFESSIONAL,Committee Governance Specialist,,Enterprise Direction & Growth — F02,JP-F02.05-PROFESSIONAL,reconciled-employment-profile,WP-W5-F02.05-PROFESSIONAL-004,Committee Action Register,REGISTER / SCHEDULE,F02.05.A05,NATIVE,Operate,Enterprise|Governance Body|Meeting|Policy,F02,Governance Body / Meeting [AGG-02-GOVERNANCE],Enterprise Grid|Collection View,corporate constitution|governance requirements|legal obligations|authority policy,enterprise decisions|policy execution|delegated authority|assurance/audit,"Governed entries with owner, status, dates, source references and immutable change history",candidate-explicit
EJOB-F06.07-PROFESSIONAL,Content Marketing Specialist,,Enterprise Direction & Growth — F06,JP-F06.07-PROFESSIONAL,reconciled-employment-profile,WP-W5-F06.07-PROFESSIONAL-001,Content Strategy,PLAN / STRATEGY,F06.07.A01,NATIVE,Operate,Market|Audience|Campaign|Channel|Brand,F06,Marketing / Communications Campaign [AGG-25-COMMS-CAMPAIGN],Object Workspace|Structure Browser|Enterprise Grid,marketing strategy|market/customer insight|brand rules|product/service portfolio,sales pipeline|customer engagement|brand/content channels|marketing investment decisions,"Versioned plan/strategy with assumptions, ownership, review, approval and effective-date provenance",candidate-explicit
EJOB-F06.07-PROFESSIONAL,Content Marketing Specialist,,Enterprise Direction & Growth — F06,JP-F06.07-PROFESSIONAL,reconciled-employment-profile,WP-W5-F06.07-PROFESSIONAL-002,Content Asset,CONTROLLED INFORMATION,F06.07.A02,NATIVE,Operate,Market|Audience|Campaign|Channel|Brand,F06,Marketing / Communications Campaign [AGG-25-COMMS-CAMPAIGN],Controlled Document Editor|Object Workspace,marketing strategy|market/customer insight|brand rules|product/service portfolio,sales pipeline|customer engagement|brand/content channels|marketing investment decisions,"Controlled revision with author, reviewer, approver, issue/effective date and supersession provenance",candidate-explicit
EJOB-F06.07-PROFESSIONAL,Content Marketing Specialist,,Enterprise Direction & Growth — F06,JP-F06.07-PROFESSIONAL,reconciled-employment-profile,WP-W5-F06.07-PROFESSIONAL-003,Content Approval Record,DECISION / APPROVAL,F06.07.A03,NATIVE,Operate,Market|Audience|Campaign|Channel|Brand,F06,Marketing / Communications Campaign [AGG-25-COMMS-CAMPAIGN],Decision Workspace|Approval Panel,marketing strategy|market/customer insight|brand rules|product/service portfolio,sales pipeline|customer engagement|brand/content channels|marketing investment decisions,"Decision, approver/authority, rationale, conditions, date and affected objects",candidate-explicit
EJOB-F06.07-PROFESSIONAL,Content Marketing Specialist,,Enterprise Direction & Growth — F06,JP-F06.07-PROFESSIONAL,reconciled-employment-profile,WP-W5-F06.07-PROFESSIONAL-004,Publication Record,EXECUTION RECORD,F06.07.A04,NATIVE,Operate,Market|Audience|Campaign|Channel|Brand,F06,Marketing / Communications Campaign [AGG-25-COMMS-CAMPAIGN],Execution Record|Evidence Panel,marketing strategy|market/customer insight|brand rules|product/service portfolio,sales pipeline|customer engagement|brand/content channels|marketing investment decisions,Attributable who/what/when/result record with source context and evidence,candidate-explicit
EJOB-F06.07-PROFESSIONAL,Content Marketing Specialist,,Enterprise Direction & Growth — F06,JP-F06.07-PROFESSIONAL,reconciled-employment-profile,WP-W5-F06.07-PROFESSIONAL-005,Content Library Register,REGISTER / SCHEDULE,F06.07.A05,NATIVE,Operate,Market|Audience|Campaign|Channel|Brand,F06,Marketing / Communications Campaign [AGG-25-COMMS-CAMPAIGN],Enterprise Grid|Collection View,marketing strategy|market/customer insight|brand rules|product/service portfolio,sales pipeline|customer engagement|brand/content channels|marketing investment decisions,"Governed entries with owner, status, dates, source references and immutable change history",candidate-explicit
EJOB-F05.02-PROFESSIONAL,Customer & Market Insights Specialist,,Enterprise Direction & Growth — F05,JP-F05.02-PROFESSIONAL,reconciled-employment-profile,WP-W5-F05.02-PROFESSIONAL-001,Market / Customer Research Study,REPORT / SNAPSHOT,F05.02.A01,NATIVE,Operate,Portfolio|Product|Service|Lifecycle Stage,F05,Market / Customer Need [AGG-03-MARKET-INSIGHT],Report Builder|Snapshot View,portfolio strategy|market/customer need|technology/capability inputs|financial assumptions,commercialisation|sales/marketing|delivery/operations|support/retirement,"Point-in-time/as-of snapshot with source data, calculation/filter and publication provenance",candidate-explicit
EJOB-F05.02-PROFESSIONAL,Customer & Market Insights Specialist,,Enterprise Direction & Growth — F05,JP-F05.02-PROFESSIONAL,reconciled-employment-profile,WP-W5-F05.02-PROFESSIONAL-002,Customer Requirement & Need Register,REGISTER / SCHEDULE,F05.02.A02,NATIVE,Operate,Portfolio|Product|Service|Lifecycle Stage,F05,Market / Customer Need [AGG-03-MARKET-INSIGHT],Enterprise Grid|Collection View,portfolio strategy|market/customer need|technology/capability inputs|financial assumptions,commercialisation|sales/marketing|delivery/operations|support/retirement,"Governed entries with owner, status, dates, source references and immutable change history",candidate-explicit
EJOB-F05.02-PROFESSIONAL,Customer & Market Insights Specialist,,Enterprise Direction & Growth — F05,JP-F05.02-PROFESSIONAL,reconciled-employment-profile,WP-W5-F05.02-PROFESSIONAL-003,Customer Problem / Unmet Need Assessment,CASE / ASSESSMENT,F05.02.A03|F05.02.A04,NATIVE,Operate,Portfolio|Product|Service|Lifecycle Stage,F05,Market / Customer Need [AGG-03-MARKET-INSIGHT],Case Workspace|Assessment Form|Evidence Panel,portfolio strategy|market/customer need|technology/capability inputs|financial assumptions,commercialisation|sales/marketing|delivery/operations|support/retirement,"Evidence set, assessment rationale, findings, decisions/actions and closure history",candidate-explicit
EJOB-F06.02-PROFESSIONAL,Customer Segmentation Specialist,,Enterprise Direction & Growth — F06,JP-F06.02-PROFESSIONAL,reconciled-employment-profile,WP-W5-F06.02-PROFESSIONAL-001,Customer Segmentation Model,CALCULATION / MODEL,F06.02.A01,NATIVE,Operate,Market|Audience|Campaign|Channel|Brand,F06,Market Insight / Segment [AGG-03-MARKET-INSIGHT],Calculation Workbench|Enterprise Grid,marketing strategy|market/customer insight|brand rules|product/service portfolio,sales pipeline|customer engagement|brand/content channels|marketing investment decisions,"Versioned calculation/model with inputs, assumptions, method, scenario and result provenance",candidate-explicit
EJOB-F06.02-PROFESSIONAL,Customer Segmentation Specialist,,Enterprise Direction & Growth — F06,JP-F06.02-PROFESSIONAL,reconciled-employment-profile,WP-W5-F06.02-PROFESSIONAL-002,Audience Profiles,CONTROLLED INFORMATION,F06.02.A02,NATIVE,Operate,Market|Audience|Campaign|Channel|Brand,F06,Market Insight / Segment [AGG-03-MARKET-INSIGHT],Controlled Document Editor|Object Workspace,marketing strategy|market/customer insight|brand rules|product/service portfolio,sales pipeline|customer engagement|brand/content channels|marketing investment decisions,"Controlled revision with author, reviewer, approver, issue/effective date and supersession provenance",candidate-explicit
EJOB-F06.02-PROFESSIONAL,Customer Segmentation Specialist,,Enterprise Direction & Growth — F06,JP-F06.02-PROFESSIONAL,reconciled-employment-profile,WP-W5-F06.02-PROFESSIONAL-003,Segment Value Assessment,CASE / ASSESSMENT,F06.02.A03,NATIVE,Operate,Market|Audience|Campaign|Channel|Brand,F06,Market Insight / Segment [AGG-03-MARKET-INSIGHT],Case Workspace|Assessment Form|Evidence Panel,marketing strategy|market/customer insight|brand rules|product/service portfolio,sales pipeline|customer engagement|brand/content channels|marketing investment decisions,"Evidence set, assessment rationale, findings, decisions/actions and closure history",candidate-explicit
EJOB-F06.02-PROFESSIONAL,Customer Segmentation Specialist,,Enterprise Direction & Growth — F06,JP-F06.02-PROFESSIONAL,reconciled-employment-profile,WP-W5-F06.02-PROFESSIONAL-004,Segmentation Release / Change Record,CHANGE,F06.02.A04,NATIVE,Operate,Market|Audience|Campaign|Channel|Brand,F06,Market Insight / Segment [AGG-03-MARKET-INSIGHT],Change Workspace|Impact Assessment,marketing strategy|market/customer insight|brand rules|product/service portfolio,sales pipeline|customer engagement|brand/content channels|marketing investment decisions,"Baseline, impact assessment, authority decision, implementation and verification evidence",candidate-explicit
EJOB-F02.03-PROFESSIONAL,Delegation of Authority Specialist,,Enterprise Direction & Growth — F02,JP-F02.03-PROFESSIONAL,reconciled-employment-profile,WP-W5-F02.03-PROFESSIONAL-001,Approval Threshold Schedule,REGISTER / SCHEDULE,F02.03.A01,NATIVE,Operate,Enterprise|Governance Body|Meeting|Policy,F02,Delegated Authority [AGG-01-AUTHORITY],Enterprise Grid|Collection View,corporate constitution|governance requirements|legal obligations|authority policy,enterprise decisions|policy execution|delegated authority|assurance/audit,"Governed entries with owner, status, dates, source references and immutable change history",candidate-explicit
EJOB-F02.03-PROFESSIONAL,Delegation of Authority Specialist,,Enterprise Direction & Growth — F02,JP-F02.03-PROFESSIONAL,reconciled-employment-profile,WP-W5-F02.03-PROFESSIONAL-002,Delegated Authority Matrix,STRUCTURE / BREAKDOWN,F02.03.A02|F02.03.A03,NATIVE,Operate,Enterprise|Governance Body|Meeting|Policy,F02,Delegated Authority [AGG-01-AUTHORITY],Structure Browser|Enterprise Grid,corporate constitution|governance requirements|legal obligations|authority policy,enterprise decisions|policy execution|delegated authority|assurance/audit,"Versioned hierarchy/structure with element identity, relationships, effectivity and approval provenance",candidate-explicit
EJOB-F02.03-PROFESSIONAL,Delegation of Authority Specialist,,Enterprise Direction & Growth — F02,JP-F02.03-PROFESSIONAL,reconciled-employment-profile,WP-W5-F02.03-PROFESSIONAL-003,Delegated Authority Compliance Review,REPORT / SNAPSHOT,F02.03.A04,NATIVE,Operate,Enterprise|Governance Body|Meeting|Policy,F02,Delegated Authority [AGG-01-AUTHORITY],Report Builder|Snapshot View,corporate constitution|governance requirements|legal obligations|authority policy,enterprise decisions|policy execution|delegated authority|assurance/audit,"Point-in-time/as-of snapshot with source data, calculation/filter and publication provenance",candidate-explicit
EJOB-F06.09-PROFESSIONAL,Demand Generation Specialist,,Enterprise Direction & Growth — F06,JP-F06.09-PROFESSIONAL,reconciled-employment-profile,WP-W5-F06.09-PROFESSIONAL-001,Lead Capture Record,EXECUTION RECORD,F06.09.A01,NATIVE,Operate,Market|Audience|Campaign|Channel|Brand,F06,Lead [AGG-03-LEAD],Execution Record|Evidence Panel,marketing strategy|market/customer insight|brand rules|product/service portfolio,sales pipeline|customer engagement|brand/content channels|marketing investment decisions,Attributable who/what/when/result record with source context and evidence,candidate-explicit
EJOB-F06.09-PROFESSIONAL,Demand Generation Specialist,,Enterprise Direction & Growth — F06,JP-F06.09-PROFESSIONAL,reconciled-employment-profile,WP-W5-F06.09-PROFESSIONAL-002,Lead Profile,CONTROLLED INFORMATION,F06.09.A02,NATIVE,Operate,Market|Audience|Campaign|Channel|Brand,F06,Lead [AGG-03-LEAD],Controlled Document Editor|Object Workspace,marketing strategy|market/customer insight|brand rules|product/service portfolio,sales pipeline|customer engagement|brand/content channels|marketing investment decisions,"Controlled revision with author, reviewer, approver, issue/effective date and supersession provenance",candidate-explicit
EJOB-F06.09-PROFESSIONAL,Demand Generation Specialist,,Enterprise Direction & Growth — F06,JP-F06.09-PROFESSIONAL,reconciled-employment-profile,WP-W5-F06.09-PROFESSIONAL-003,Lead Score,CALCULATION / MODEL,F06.09.A03,NATIVE,Operate,Market|Audience|Campaign|Channel|Brand,F06,Lead [AGG-03-LEAD],Calculation Workbench|Enterprise Grid,marketing strategy|market/customer insight|brand rules|product/service portfolio,sales pipeline|customer engagement|brand/content channels|marketing investment decisions,"Versioned calculation/model with inputs, assumptions, method, scenario and result provenance",candidate-explicit
EJOB-F06.09-PROFESSIONAL,Demand Generation Specialist,,Enterprise Direction & Growth — F06,JP-F06.09-PROFESSIONAL,reconciled-employment-profile,WP-W5-F06.09-PROFESSIONAL-004,Lead Nurture Journey,PLAN / STRATEGY,F06.09.A04,NATIVE,Operate,Market|Audience|Campaign|Channel|Brand,F06,Lead [AGG-03-LEAD],Object Workspace|Structure Browser|Enterprise Grid,marketing strategy|market/customer insight|brand rules|product/service portfolio,sales pipeline|customer engagement|brand/content channels|marketing investment decisions,"Versioned plan/strategy with assumptions, ownership, review, approval and effective-date provenance",candidate-explicit
EJOB-F06.09-PROFESSIONAL,Demand Generation Specialist,,Enterprise Direction & Growth — F06,JP-F06.09-PROFESSIONAL,reconciled-employment-profile,WP-W5-F06.09-PROFESSIONAL-005,Qualified Lead Handoff,HANDOVER / CLOSEOUT PACKAGE,F06.09.A05,NATIVE,Operate,Market|Audience|Campaign|Channel|Brand,F06,Lead [AGG-03-LEAD],Package Workspace|Completeness Checklist,marketing strategy|market/customer insight|brand rules|product/service portfolio,sales pipeline|customer engagement|brand/content channels|marketing investment decisions,"Controlled completeness set with acceptance, outstanding items, evidence and closure provenance",candidate-explicit
EJOB-F05.06-PROFESSIONAL,Development Specialist,,Enterprise Direction & Growth — F05,JP-F05.06-PROFESSIONAL,reconciled-employment-profile,WP-W5-F05.06-PROFESSIONAL-001,Build / Configuration Baseline,CONTROLLED INFORMATION,F05.06.A01|F05.06.A02,NATIVE,Operate,Portfolio|Product|Service|Lifecycle Stage,F05,Product / Service Definition [AGG-10-CONFIGURATION],Controlled Document Editor|Object Workspace,portfolio strategy|market/customer need|technology/capability inputs|financial assumptions,commercialisation|sales/marketing|delivery/operations|support/retirement,"Controlled revision with author, reviewer, approver, issue/effective date and supersession provenance",candidate-explicit
EJOB-F05.06-PROFESSIONAL,Development Specialist,,Enterprise Direction & Growth — F05,JP-F05.06-PROFESSIONAL,reconciled-employment-profile,WP-W5-F05.06-PROFESSIONAL-002,Product / Service Trial Record,INSPECTION / TEST,F05.06.A03,NATIVE,Operate,Portfolio|Product|Service|Lifecycle Stage,F05,Product / Service Definition [AGG-10-CONFIGURATION],Test / Inspection Workbench|Evidence Panel,portfolio strategy|market/customer need|technology/capability inputs|financial assumptions,commercialisation|sales/marketing|delivery/operations|support/retirement,"Test/inspection basis, method, result, evidence, performer/reviewer and acceptance status",candidate-explicit
EJOB-F05.06-PROFESSIONAL,Development Specialist,,Enterprise Direction & Growth — F05,JP-F05.06-PROFESSIONAL,reconciled-employment-profile,WP-W5-F05.06-PROFESSIONAL-003,Requirements Validation Report,INSPECTION / TEST,F05.06.A04,NATIVE,Operate,Portfolio|Product|Service|Lifecycle Stage,F05,Product / Service Definition [AGG-10-CONFIGURATION],Test / Inspection Workbench|Evidence Panel,portfolio strategy|market/customer need|technology/capability inputs|financial assumptions,commercialisation|sales/marketing|delivery/operations|support/retirement,"Test/inspection basis, method, result, evidence, performer/reviewer and acceptance status",candidate-explicit
EJOB-F06.06-PROFESSIONAL,Digital Marketing Specialist,,Enterprise Direction & Growth — F06,JP-F06.06-PROFESSIONAL,reconciled-employment-profile,WP-W5-F06.06-PROFESSIONAL-001,Digital Channel Configuration / Content Plan,PLAN / STRATEGY,F06.06.A01,NATIVE,Operate,Market|Audience|Campaign|Channel|Brand,F06,Marketing / Communications Campaign [AGG-25-COMMS-CAMPAIGN],Object Workspace|Structure Browser|Enterprise Grid,marketing strategy|market/customer insight|brand rules|product/service portfolio,sales pipeline|customer engagement|brand/content channels|marketing investment decisions,"Versioned plan/strategy with assumptions, ownership, review, approval and effective-date provenance",candidate-explicit
EJOB-F06.06-PROFESSIONAL,Digital Marketing Specialist,,Enterprise Direction & Growth — F06,JP-F06.06-PROFESSIONAL,reconciled-employment-profile,WP-W5-F06.06-PROFESSIONAL-002,SEO Plan & Performance Record,PLAN / STRATEGY,F06.06.A02,NATIVE,Operate,Market|Audience|Campaign|Channel|Brand,F06,Marketing / Communications Campaign [AGG-25-COMMS-CAMPAIGN],Object Workspace|Structure Browser|Enterprise Grid,marketing strategy|market/customer insight|brand rules|product/service portfolio,sales pipeline|customer engagement|brand/content channels|marketing investment decisions,"Versioned plan/strategy with assumptions, ownership, review, approval and effective-date provenance",candidate-explicit
EJOB-F06.06-PROFESSIONAL,Digital Marketing Specialist,,Enterprise Direction & Growth — F06,JP-F06.06-PROFESSIONAL,reconciled-employment-profile,WP-W5-F06.06-PROFESSIONAL-003,Paid Media Plan / Placement Record,TRANSACTION / COMMITMENT,F06.06.A03,NATIVE,Operate,Market|Audience|Campaign|Channel|Brand,F06,Marketing / Communications Campaign [AGG-25-COMMS-CAMPAIGN],Transaction Workspace|Approval Panel,marketing strategy|market/customer insight|brand rules|product/service portfolio,sales pipeline|customer engagement|brand/content channels|marketing investment decisions,"Counterparty/terms/authority with immutable issue, execution, amendment and completion history",candidate-explicit
EJOB-F06.06-PROFESSIONAL,Digital Marketing Specialist,,Enterprise Direction & Growth — F06,JP-F06.06-PROFESSIONAL,reconciled-employment-profile,WP-W5-F06.06-PROFESSIONAL-004,Social Media Content Schedule,REGISTER / SCHEDULE,F06.06.A04,NATIVE,Operate,Market|Audience|Campaign|Channel|Brand,F06,Marketing / Communications Campaign [AGG-25-COMMS-CAMPAIGN],Enterprise Grid|Collection View,marketing strategy|market/customer insight|brand rules|product/service portfolio,sales pipeline|customer engagement|brand/content channels|marketing investment decisions,"Governed entries with owner, status, dates, source references and immutable change history",candidate-explicit
EJOB-F06.06-PROFESSIONAL,Digital Marketing Specialist,,Enterprise Direction & Growth — F06,JP-F06.06-PROFESSIONAL,reconciled-employment-profile,WP-W5-F06.06-PROFESSIONAL-005,Email Campaign / Journey,CONTROLLED INFORMATION,F06.06.A05,NATIVE,Operate,Market|Audience|Campaign|Channel|Brand,F06,Marketing / Communications Campaign [AGG-25-COMMS-CAMPAIGN],Controlled Document Editor|Object Workspace,marketing strategy|market/customer insight|brand rules|product/service portfolio,sales pipeline|customer engagement|brand/content channels|marketing investment decisions,"Controlled revision with author, reviewer, approver, issue/effective date and supersession provenance",candidate-explicit
EJOB-F06.06-PROFESSIONAL,Digital Marketing Specialist,,Enterprise Direction & Growth — F06,JP-F06.06-PROFESSIONAL,reconciled-employment-profile,WP-W5-F06.06-PROFESSIONAL-006,Marketing Automation Workflow,STRUCTURE / BREAKDOWN,F06.06.A06,NATIVE,Operate,Market|Audience|Campaign|Channel|Brand,F06,Marketing / Communications Campaign [AGG-25-COMMS-CAMPAIGN],Structure Browser|Enterprise Grid,marketing strategy|market/customer insight|brand rules|product/service portfolio,sales pipeline|customer engagement|brand/content channels|marketing investment decisions,"Versioned hierarchy/structure with element identity, relationships, effectivity and approval provenance",candidate-explicit
EJOB-F04.06-PROFESSIONAL,Divestiture Specialist,,Enterprise Direction & Growth — F04,JP-F04.06-PROFESSIONAL,reconciled-employment-profile,WP-W5-F04.06-PROFESSIONAL-001,Separation Perimeter,STRUCTURE / BREAKDOWN,F04.06.A01,NATIVE,Operate,Enterprise|Transaction|Target|Investment,F04,Investment / Transaction Business Case [AGG-04-BUSINESS-CASE],Structure Browser|Enterprise Grid,strategy|market intelligence|target information|financial/legal evidence,investment decision|legal/finance due diligence|integration/transformation|portfolio strategy,"Versioned hierarchy/structure with element identity, relationships, effectivity and approval provenance",candidate-explicit
EJOB-F04.06-PROFESSIONAL,Divestiture Specialist,,Enterprise Direction & Growth — F04,JP-F04.06-PROFESSIONAL,reconciled-employment-profile,WP-W5-F04.06-PROFESSIONAL-002,Carve-out Plan,PLAN / STRATEGY,F04.06.A02,NATIVE,Operate,Enterprise|Transaction|Target|Investment,F04,Investment / Transaction Business Case [AGG-04-BUSINESS-CASE],Object Workspace|Structure Browser|Enterprise Grid,strategy|market intelligence|target information|financial/legal evidence,investment decision|legal/finance due diligence|integration/transformation|portfolio strategy,"Versioned plan/strategy with assumptions, ownership, review, approval and effective-date provenance",candidate-explicit
EJOB-F04.06-PROFESSIONAL,Divestiture Specialist,,Enterprise Direction & Growth — F04,JP-F04.06-PROFESSIONAL,reconciled-employment-profile,WP-W5-F04.06-PROFESSIONAL-003,Asset Transfer Schedule,REGISTER / SCHEDULE,F04.06.A03,NATIVE,Operate,Enterprise|Transaction|Target|Investment,F04,Investment / Transaction Business Case [AGG-04-BUSINESS-CASE],Enterprise Grid|Collection View,strategy|market intelligence|target information|financial/legal evidence,investment decision|legal/finance due diligence|integration/transformation|portfolio strategy,"Governed entries with owner, status, dates, source references and immutable change history",candidate-explicit
EJOB-F04.06-PROFESSIONAL,Divestiture Specialist,,Enterprise Direction & Growth — F04,JP-F04.06-PROFESSIONAL,reconciled-employment-profile,WP-W5-F04.06-PROFESSIONAL-004,Systems Separation Plan,PLAN / STRATEGY,F04.06.A04,NATIVE,Operate,Enterprise|Transaction|Target|Investment,F04,Investment / Transaction Business Case [AGG-04-BUSINESS-CASE],Object Workspace|Structure Browser|Enterprise Grid,strategy|market intelligence|target information|financial/legal evidence,investment decision|legal/finance due diligence|integration/transformation|portfolio strategy,"Versioned plan/strategy with assumptions, ownership, review, approval and effective-date provenance",candidate-explicit
EJOB-F04.06-PROFESSIONAL,Divestiture Specialist,,Enterprise Direction & Growth — F04,JP-F04.06-PROFESSIONAL,reconciled-employment-profile,WP-W5-F04.06-PROFESSIONAL-005,Disposal Completion Pack,HANDOVER / CLOSEOUT PACKAGE,F04.06.A05,NATIVE,Operate,Enterprise|Transaction|Target|Investment,F04,Investment / Transaction Business Case [AGG-04-BUSINESS-CASE],Package Workspace|Completeness Checklist,strategy|market intelligence|target information|financial/legal evidence,investment decision|legal/finance due diligence|integration/transformation|portfolio strategy,"Controlled completeness set with acceptance, outstanding items, evidence and closure provenance",candidate-explicit
EJOB-F04.03-PROFESSIONAL,Due Diligence Specialist,,Enterprise Direction & Growth — F04,JP-F04.03-PROFESSIONAL,reconciled-employment-profile,WP-W5-F04.03-PROFESSIONAL-001,Due Diligence Scope & Request List,PLAN / STRATEGY,F04.03.A01|F04.03.A02|F04.03.A03|F04.03.A04|F04.03.A05|F04.03.A06|F04.03.A07,NATIVE,Operate,Enterprise|Transaction|Target|Investment,F04,Due Diligence Matter [AGG-22-LEGAL],Object Workspace|Structure Browser|Enterprise Grid,strategy|market intelligence|target information|financial/legal evidence,investment decision|legal/finance due diligence|integration/transformation|portfolio strategy,"Versioned plan/strategy with assumptions, ownership, review, approval and effective-date provenance",candidate-explicit
EJOB-F04.03-PROFESSIONAL,Due Diligence Specialist,,Enterprise Direction & Growth — F04,JP-F04.03-PROFESSIONAL,reconciled-employment-profile,WP-W5-F04.03-PROFESSIONAL-002,Due Diligence Findings Register,REGISTER / SCHEDULE,F04.03.A01|F04.03.A02|F04.03.A03|F04.03.A04|F04.03.A05|F04.03.A06|F04.03.A07,NATIVE,Operate,Enterprise|Transaction|Target|Investment,F04,Due Diligence Matter [AGG-22-LEGAL],Enterprise Grid|Collection View,strategy|market intelligence|target information|financial/legal evidence,investment decision|legal/finance due diligence|integration/transformation|portfolio strategy,"Governed entries with owner, status, dates, source references and immutable change history",candidate-explicit
EJOB-F04.03-PROFESSIONAL,Due Diligence Specialist,,Enterprise Direction & Growth — F04,JP-F04.03-PROFESSIONAL,reconciled-employment-profile,WP-W5-F04.03-PROFESSIONAL-003,Due Diligence Report / Risk Assessment,CASE / ASSESSMENT,F04.03.A01|F04.03.A02|F04.03.A03|F04.03.A04|F04.03.A05|F04.03.A06|F04.03.A07,NATIVE,Operate,Enterprise|Transaction|Target|Investment,F04,Due Diligence Matter [AGG-22-LEGAL],Case Workspace|Assessment Form|Evidence Panel,strategy|market intelligence|target information|financial/legal evidence,investment decision|legal/finance due diligence|integration/transformation|portfolio strategy,"Evidence set, assessment rationale, findings, decisions/actions and closure history",candidate-explicit
EJOB-F02.07-PROFESSIONAL,Ethics Governance Specialist,,Enterprise Direction & Growth — F02,JP-F02.07-PROFESSIONAL,reconciled-employment-profile,WP-W5-F02.07-PROFESSIONAL-001,Code of Conduct,CONTROLLED INFORMATION,F02.07.A01,NATIVE,Operate,Enterprise|Governance Body|Meeting|Policy,F02,Integrity / Ethics Case [AGG-21-CASE],Controlled Document Editor|Object Workspace,corporate constitution|governance requirements|legal obligations|authority policy,enterprise decisions|policy execution|delegated authority|assurance/audit,"Controlled revision with author, reviewer, approver, issue/effective date and supersession provenance",candidate-explicit
EJOB-F02.07-PROFESSIONAL,Ethics Governance Specialist,,Enterprise Direction & Growth — F02,JP-F02.07-PROFESSIONAL,reconciled-employment-profile,WP-W5-F02.07-PROFESSIONAL-002,Ethics Declaration Register,REGISTER / SCHEDULE,F02.07.A02,NATIVE,Operate,Enterprise|Governance Body|Meeting|Policy,F02,Integrity / Ethics Case [AGG-21-CASE],Enterprise Grid|Collection View,corporate constitution|governance requirements|legal obligations|authority policy,enterprise decisions|policy execution|delegated authority|assurance/audit,"Governed entries with owner, status, dates, source references and immutable change history",candidate-explicit
EJOB-F02.07-PROFESSIONAL,Ethics Governance Specialist,,Enterprise Direction & Growth — F02,JP-F02.07-PROFESSIONAL,reconciled-employment-profile,WP-W5-F02.07-PROFESSIONAL-003,Ethics Monitoring Report,REPORT / SNAPSHOT,F02.07.A03,NATIVE,Operate,Enterprise|Governance Body|Meeting|Policy,F02,Integrity / Ethics Case [AGG-21-CASE],Report Builder|Snapshot View,corporate constitution|governance requirements|legal obligations|authority policy,enterprise decisions|policy execution|delegated authority|assurance/audit,"Point-in-time/as-of snapshot with source data, calculation/filter and publication provenance",candidate-explicit
EJOB-F02.07-PROFESSIONAL,Ethics Governance Specialist,,Enterprise Direction & Growth — F02,JP-F02.07-PROFESSIONAL,reconciled-employment-profile,WP-W5-F02.07-PROFESSIONAL-004,Ethics Investigation Case,CASE / ASSESSMENT,F02.07.A04,NATIVE,Operate,Enterprise|Governance Body|Meeting|Policy,F02,Integrity / Ethics Case [AGG-21-CASE],Case Workspace|Assessment Form|Evidence Panel,corporate constitution|governance requirements|legal obligations|authority policy,enterprise decisions|policy execution|delegated authority|assurance/audit,"Evidence set, assessment rationale, findings, decisions/actions and closure history",candidate-explicit
EJOB-F06.08-PROFESSIONAL,Events Specialist,,Enterprise Direction & Growth — F06,JP-F06.08-PROFESSIONAL,reconciled-employment-profile,WP-W5-F06.08-PROFESSIONAL-001,Event Plan,PLAN / STRATEGY,F06.08.A01,NATIVE,Operate,Market|Audience|Campaign|Channel|Brand,F06,Marketing / Communications Campaign [AGG-25-COMMS-CAMPAIGN],Object Workspace|Structure Browser|Enterprise Grid,marketing strategy|market/customer insight|brand rules|product/service portfolio,sales pipeline|customer engagement|brand/content channels|marketing investment decisions,"Versioned plan/strategy with assumptions, ownership, review, approval and effective-date provenance",candidate-explicit
EJOB-F06.08-PROFESSIONAL,Events Specialist,,Enterprise Direction & Growth — F06,JP-F06.08-PROFESSIONAL,reconciled-employment-profile,WP-W5-F06.08-PROFESSIONAL-002,Event Registration Register,REGISTER / SCHEDULE,F06.08.A02,NATIVE,Operate,Market|Audience|Campaign|Channel|Brand,F06,Marketing / Communications Campaign [AGG-25-COMMS-CAMPAIGN],Enterprise Grid|Collection View,marketing strategy|market/customer insight|brand rules|product/service portfolio,sales pipeline|customer engagement|brand/content channels|marketing investment decisions,"Governed entries with owner, status, dates, source references and immutable change history",candidate-explicit
EJOB-F06.08-PROFESSIONAL,Events Specialist,,Enterprise Direction & Growth — F06,JP-F06.08-PROFESSIONAL,reconciled-employment-profile,WP-W5-F06.08-PROFESSIONAL-003,Event Supplier / Logistics Plan,PLAN / STRATEGY,F06.08.A03,NATIVE,Operate,Market|Audience|Campaign|Channel|Brand,F06,Marketing / Communications Campaign [AGG-25-COMMS-CAMPAIGN],Object Workspace|Structure Browser|Enterprise Grid,marketing strategy|market/customer insight|brand rules|product/service portfolio,sales pipeline|customer engagement|brand/content channels|marketing investment decisions,"Versioned plan/strategy with assumptions, ownership, review, approval and effective-date provenance",candidate-explicit
EJOB-F06.08-PROFESSIONAL,Events Specialist,,Enterprise Direction & Growth — F06,JP-F06.08-PROFESSIONAL,reconciled-employment-profile,WP-W5-F06.08-PROFESSIONAL-004,Event Delivery Record,EXECUTION RECORD,F06.08.A04,NATIVE,Operate,Market|Audience|Campaign|Channel|Brand,F06,Marketing / Communications Campaign [AGG-25-COMMS-CAMPAIGN],Execution Record|Evidence Panel,marketing strategy|market/customer insight|brand rules|product/service portfolio,sales pipeline|customer engagement|brand/content channels|marketing investment decisions,Attributable who/what/when/result record with source context and evidence,candidate-explicit
EJOB-F06.08-PROFESSIONAL,Events Specialist,,Enterprise Direction & Growth — F06,JP-F06.08-PROFESSIONAL,reconciled-employment-profile,WP-W5-F06.08-PROFESSIONAL-005,Event Outcome Report,REPORT / SNAPSHOT,F06.08.A05,NATIVE,Operate,Market|Audience|Campaign|Channel|Brand,F06,Marketing / Communications Campaign [AGG-25-COMMS-CAMPAIGN],Report Builder|Snapshot View,marketing strategy|market/customer insight|brand rules|product/service portfolio,sales pipeline|customer engagement|brand/content channels|marketing investment decisions,"Point-in-time/as-of snapshot with source data, calculation/filter and publication provenance",candidate-explicit
EJOB-F02.04-PROFESSIONAL,Executive Governance Manager,,Enterprise Direction & Growth — F02,JP-F02.04-PROFESSIONAL,reconciled-employment-profile,WP-W5-F02.04-PROFESSIONAL-001,Executive Review Pack,REPORT / SNAPSHOT,F02.04.A01,NATIVE,Operate,Enterprise|Governance Body|Meeting|Policy,F02,Executive Governance / Decision [AGG-02-GOVERNANCE-MEETING],Report Builder|Snapshot View,corporate constitution|governance requirements|legal obligations|authority policy,enterprise decisions|policy execution|delegated authority|assurance/audit,"Point-in-time/as-of snapshot with source data, calculation/filter and publication provenance",candidate-explicit
EJOB-F02.04-PROFESSIONAL,Executive Governance Manager,,Enterprise Direction & Growth — F02,JP-F02.04-PROFESSIONAL,reconciled-employment-profile,WP-W5-F02.04-PROFESSIONAL-002,Enterprise Decision Record,DECISION / APPROVAL,F02.04.A02,NATIVE,Operate,Enterprise|Governance Body|Meeting|Policy,F02,Executive Governance / Decision [AGG-02-GOVERNANCE-MEETING],Decision Workspace|Approval Panel,corporate constitution|governance requirements|legal obligations|authority policy,enterprise decisions|policy execution|delegated authority|assurance/audit,"Decision, approver/authority, rationale, conditions, date and affected objects",candidate-explicit
EJOB-F02.04-PROFESSIONAL,Executive Governance Manager,,Enterprise Direction & Growth — F02,JP-F02.04-PROFESSIONAL,reconciled-employment-profile,WP-W5-F02.04-PROFESSIONAL-003,Escalation Resolution Record,DECISION / APPROVAL,F02.04.A03,NATIVE,Operate,Enterprise|Governance Body|Meeting|Policy,F02,Executive Governance / Decision [AGG-02-GOVERNANCE-MEETING],Decision Workspace|Approval Panel,corporate constitution|governance requirements|legal obligations|authority policy,enterprise decisions|policy execution|delegated authority|assurance/audit,"Decision, approver/authority, rationale, conditions, date and affected objects",candidate-explicit
EJOB-F02.04-PROFESSIONAL,Executive Governance Manager,,Enterprise Direction & Growth — F02,JP-F02.04-PROFESSIONAL,reconciled-employment-profile,WP-W5-F02.04-PROFESSIONAL-004,Investment Approval Record,DECISION / APPROVAL,F02.04.A04,NATIVE,Operate,Enterprise|Governance Body|Meeting|Policy,F02,Executive Governance / Decision [AGG-02-GOVERNANCE-MEETING],Decision Workspace|Approval Panel,corporate constitution|governance requirements|legal obligations|authority policy,enterprise decisions|policy execution|delegated authority|assurance/audit,"Decision, approver/authority, rationale, conditions, date and affected objects",candidate-explicit
EJOB-F02.02-PROFESSIONAL,Governance Framework Specialist,,Enterprise Direction & Growth — F02,JP-F02.02-PROFESSIONAL,reconciled-employment-profile,WP-W5-F02.02-PROFESSIONAL-001,Corporate Governance Framework,PLAN / STRATEGY,F02.02.A01|F02.02.A04,NATIVE,Operate,Enterprise|Governance Body|Meeting|Policy,F02,Governance / Authority Framework [AGG-02-AUTHORITY-FRAMEWORK],Object Workspace|Structure Browser|Enterprise Grid,corporate constitution|governance requirements|legal obligations|authority policy,enterprise decisions|policy execution|delegated authority|assurance/audit,"Versioned plan/strategy with assumptions, ownership, review, approval and effective-date provenance",candidate-explicit
EJOB-F02.02-PROFESSIONAL,Governance Framework Specialist,,Enterprise Direction & Growth — F02,JP-F02.02-PROFESSIONAL,reconciled-employment-profile,WP-W5-F02.02-PROFESSIONAL-002,Decision Rights Model,STRUCTURE / BREAKDOWN,F02.02.A02|F02.02.A03,NATIVE,Operate,Enterprise|Governance Body|Meeting|Policy,F02,Governance / Authority Framework [AGG-02-AUTHORITY-FRAMEWORK],Structure Browser|Enterprise Grid,corporate constitution|governance requirements|legal obligations|authority policy,enterprise decisions|policy execution|delegated authority|assurance/audit,"Versioned hierarchy/structure with element identity, relationships, effectivity and approval provenance",candidate-explicit
EJOB-F02.02-PROFESSIONAL,Governance Framework Specialist,,Enterprise Direction & Growth — F02,JP-F02.02-PROFESSIONAL,reconciled-employment-profile,WP-W5-F02.02-PROFESSIONAL-003,Governance Structure,STRUCTURE / BREAKDOWN,F02.02.A04,NATIVE,Operate,Enterprise|Governance Body|Meeting|Policy,F02,Governance / Authority Framework [AGG-02-AUTHORITY-FRAMEWORK],Structure Browser|Enterprise Grid,corporate constitution|governance requirements|legal obligations|authority policy,enterprise decisions|policy execution|delegated authority|assurance/audit,"Versioned hierarchy/structure with element identity, relationships, effectivity and approval provenance",candidate-explicit
EJOB-F05.10-PROFESSIONAL,Innovation Manager,,Enterprise Direction & Growth — F05,JP-F05.10-PROFESSIONAL,reconciled-employment-profile,WP-W5-F05.10-PROFESSIONAL-001,Innovation Pipeline,REGISTER / SCHEDULE,F05.10.A01,NATIVE,Operate,Portfolio|Product|Service|Lifecycle Stage,F05,Product / Service Business Case [AGG-04-BUSINESS-CASE],Enterprise Grid|Collection View,portfolio strategy|market/customer need|technology/capability inputs|financial assumptions,commercialisation|sales/marketing|delivery/operations|support/retirement,"Governed entries with owner, status, dates, source references and immutable change history",candidate-explicit
EJOB-F05.10-PROFESSIONAL,Innovation Manager,,Enterprise Direction & Growth — F05,JP-F05.10-PROFESSIONAL,reconciled-employment-profile,WP-W5-F05.10-PROFESSIONAL-002,Experiment Brief & Result,INSPECTION / TEST,F05.10.A02,NATIVE,Operate,Portfolio|Product|Service|Lifecycle Stage,F05,Product / Service Business Case [AGG-04-BUSINESS-CASE],Test / Inspection Workbench|Evidence Panel,portfolio strategy|market/customer need|technology/capability inputs|financial assumptions,commercialisation|sales/marketing|delivery/operations|support/retirement,"Test/inspection basis, method, result, evidence, performer/reviewer and acceptance status",candidate-explicit
EJOB-F05.10-PROFESSIONAL,Innovation Manager,,Enterprise Direction & Growth — F05,JP-F05.10-PROFESSIONAL,reconciled-employment-profile,WP-W5-F05.10-PROFESSIONAL-003,Concept Incubation Plan / Status,PLAN / STRATEGY,F05.10.A03,NATIVE,Operate,Portfolio|Product|Service|Lifecycle Stage,F05,Product / Service Business Case [AGG-04-BUSINESS-CASE],Object Workspace|Structure Browser|Enterprise Grid,portfolio strategy|market/customer need|technology/capability inputs|financial assumptions,commercialisation|sales/marketing|delivery/operations|support/retirement,"Versioned plan/strategy with assumptions, ownership, review, approval and effective-date provenance",candidate-explicit
EJOB-F05.10-PROFESSIONAL,Innovation Manager,,Enterprise Direction & Growth — F05,JP-F05.10-PROFESSIONAL,reconciled-employment-profile,WP-W5-F05.10-PROFESSIONAL-004,Innovation Funding Allocation,DECISION / APPROVAL,F05.10.A04,NATIVE,Operate,Portfolio|Product|Service|Lifecycle Stage,F05,Product / Service Business Case [AGG-04-BUSINESS-CASE],Decision Workspace|Approval Panel,portfolio strategy|market/customer need|technology/capability inputs|financial assumptions,commercialisation|sales/marketing|delivery/operations|support/retirement,"Decision, approver/authority, rationale, conditions, date and affected objects",candidate-explicit
EJOB-F04.05-PROFESSIONAL,Integration Specialist,,Enterprise Direction & Growth — F04,JP-F04.05-PROFESSIONAL,reconciled-employment-profile,WP-W5-F04.05-PROFESSIONAL-001,Integration Plan,PLAN / STRATEGY,F04.05.A01,NATIVE,Operate,Enterprise|Transaction|Target|Investment,F04,Integration / Transformation Initiative [AGG-26-TRANSFORMATION],Object Workspace|Structure Browser|Enterprise Grid,strategy|market intelligence|target information|financial/legal evidence,investment decision|legal/finance due diligence|integration/transformation|portfolio strategy,"Versioned plan/strategy with assumptions, ownership, review, approval and effective-date provenance",candidate-explicit
EJOB-F04.05-PROFESSIONAL,Integration Specialist,,Enterprise Direction & Growth — F04,JP-F04.05-PROFESSIONAL,reconciled-employment-profile,WP-W5-F04.05-PROFESSIONAL-002,Organisation Integration Tracker,REGISTER / SCHEDULE,F04.05.A02,NATIVE,Operate,Enterprise|Transaction|Target|Investment,F04,Integration / Transformation Initiative [AGG-26-TRANSFORMATION],Enterprise Grid|Collection View,strategy|market intelligence|target information|financial/legal evidence,investment decision|legal/finance due diligence|integration/transformation|portfolio strategy,"Governed entries with owner, status, dates, source references and immutable change history",candidate-explicit
EJOB-F04.05-PROFESSIONAL,Integration Specialist,,Enterprise Direction & Growth — F04,JP-F04.05-PROFESSIONAL,reconciled-employment-profile,WP-W5-F04.05-PROFESSIONAL-003,Systems Consolidation Plan,PLAN / STRATEGY,F04.05.A03,NATIVE,Operate,Enterprise|Transaction|Target|Investment,F04,Integration / Transformation Initiative [AGG-26-TRANSFORMATION],Object Workspace|Structure Browser|Enterprise Grid,strategy|market intelligence|target information|financial/legal evidence,investment decision|legal/finance due diligence|integration/transformation|portfolio strategy,"Versioned plan/strategy with assumptions, ownership, review, approval and effective-date provenance",candidate-explicit
EJOB-F04.05-PROFESSIONAL,Integration Specialist,,Enterprise Direction & Growth — F04,JP-F04.05-PROFESSIONAL,reconciled-employment-profile,WP-W5-F04.05-PROFESSIONAL-004,Policy Harmonisation Register,REGISTER / SCHEDULE,F04.05.A04,NATIVE,Operate,Enterprise|Transaction|Target|Investment,F04,Integration / Transformation Initiative [AGG-26-TRANSFORMATION],Enterprise Grid|Collection View,strategy|market intelligence|target information|financial/legal evidence,investment decision|legal/finance due diligence|integration/transformation|portfolio strategy,"Governed entries with owner, status, dates, source references and immutable change history",candidate-explicit
EJOB-F05.07-PROFESSIONAL,Launch Manager,,Enterprise Direction & Growth — F05,JP-F05.07-PROFESSIONAL,reconciled-employment-profile,WP-W5-F05.07-PROFESSIONAL-001,Launch Plan,PLAN / STRATEGY,F05.07.A01,NATIVE,Operate,Portfolio|Product|Service|Lifecycle Stage,F05,Item / Offering [AGG-10-ITEM],Object Workspace|Structure Browser|Enterprise Grid,portfolio strategy|market/customer need|technology/capability inputs|financial assumptions,commercialisation|sales/marketing|delivery/operations|support/retirement,"Versioned plan/strategy with assumptions, ownership, review, approval and effective-date provenance",candidate-explicit
EJOB-F05.07-PROFESSIONAL,Launch Manager,,Enterprise Direction & Growth — F05,JP-F05.07-PROFESSIONAL,reconciled-employment-profile,WP-W5-F05.07-PROFESSIONAL-002,Channel Readiness Plan,PLAN / STRATEGY,F05.07.A02,NATIVE,Operate,Portfolio|Product|Service|Lifecycle Stage,F05,Item / Offering [AGG-10-ITEM],Object Workspace|Structure Browser|Enterprise Grid,portfolio strategy|market/customer need|technology/capability inputs|financial assumptions,commercialisation|sales/marketing|delivery/operations|support/retirement,"Versioned plan/strategy with assumptions, ownership, review, approval and effective-date provenance",candidate-explicit
EJOB-F05.07-PROFESSIONAL,Launch Manager,,Enterprise Direction & Growth — F05,JP-F05.07-PROFESSIONAL,reconciled-employment-profile,WP-W5-F05.07-PROFESSIONAL-003,Launch Training / Readiness Pack,CONTROLLED INFORMATION,F05.07.A03,NATIVE,Operate,Portfolio|Product|Service|Lifecycle Stage,F05,Item / Offering [AGG-10-ITEM],Controlled Document Editor|Object Workspace,portfolio strategy|market/customer need|technology/capability inputs|financial assumptions,commercialisation|sales/marketing|delivery/operations|support/retirement,"Controlled revision with author, reviewer, approver, issue/effective date and supersession provenance",candidate-explicit
EJOB-F05.07-PROFESSIONAL,Launch Manager,,Enterprise Direction & Growth — F05,JP-F05.07-PROFESSIONAL,reconciled-employment-profile,WP-W5-F05.07-PROFESSIONAL-004,Launch Pricing Definition,CONTROLLED INFORMATION,F05.07.A04,NATIVE,Operate,Portfolio|Product|Service|Lifecycle Stage,F05,Item / Offering [AGG-10-ITEM],Controlled Document Editor|Object Workspace,portfolio strategy|market/customer need|technology/capability inputs|financial assumptions,commercialisation|sales/marketing|delivery/operations|support/retirement,"Controlled revision with author, reviewer, approver, issue/effective date and supersession provenance",candidate-explicit
EJOB-F05.07-PROFESSIONAL,Launch Manager,,Enterprise Direction & Growth — F05,JP-F05.07-PROFESSIONAL,reconciled-employment-profile,WP-W5-F05.07-PROFESSIONAL-005,Offering Launch Record,EXECUTION RECORD,F05.07.A05,NATIVE,Operate,Portfolio|Product|Service|Lifecycle Stage,F05,Item / Offering [AGG-10-ITEM],Execution Record|Evidence Panel,portfolio strategy|market/customer need|technology/capability inputs|financial assumptions,commercialisation|sales/marketing|delivery/operations|support/retirement,Attributable who/what/when/result record with source context and evidence,candidate-explicit
EJOB-F05.08-PROFESSIONAL,Lifecycle Manager,,Enterprise Direction & Growth — F05,JP-F05.08-PROFESSIONAL,reconciled-employment-profile,WP-W5-F05.08-PROFESSIONAL-001,Adoption / Usage Performance Snapshot,REPORT / SNAPSHOT,F05.08.A01,NATIVE,Operate,Portfolio|Product|Service|Lifecycle Stage,F05,Item Lifecycle [AGG-10-ITEM],Report Builder|Snapshot View,portfolio strategy|market/customer need|technology/capability inputs|financial assumptions,commercialisation|sales/marketing|delivery/operations|support/retirement,"Point-in-time/as-of snapshot with source data, calculation/filter and publication provenance",candidate-explicit
EJOB-F05.08-PROFESSIONAL,Lifecycle Manager,,Enterprise Direction & Growth — F05,JP-F05.08-PROFESSIONAL,reconciled-employment-profile,WP-W5-F05.08-PROFESSIONAL-002,Enhancement Backlog,REGISTER / SCHEDULE,F05.08.A02,NATIVE,Operate,Portfolio|Product|Service|Lifecycle Stage,F05,Item Lifecycle [AGG-10-ITEM],Enterprise Grid|Collection View,portfolio strategy|market/customer need|technology/capability inputs|financial assumptions,commercialisation|sales/marketing|delivery/operations|support/retirement,"Governed entries with owner, status, dates, source references and immutable change history",candidate-explicit
EJOB-F05.08-PROFESSIONAL,Lifecycle Manager,,Enterprise Direction & Growth — F05,JP-F05.08-PROFESSIONAL,reconciled-employment-profile,WP-W5-F05.08-PROFESSIONAL-003,Specification Change,CHANGE,F05.08.A03,NATIVE,Operate,Portfolio|Product|Service|Lifecycle Stage,F05,Item Lifecycle [AGG-10-ITEM],Change Workspace|Impact Assessment,portfolio strategy|market/customer need|technology/capability inputs|financial assumptions,commercialisation|sales/marketing|delivery/operations|support/retirement,"Baseline, impact assessment, authority decision, implementation and verification evidence",candidate-explicit
EJOB-F05.08-PROFESSIONAL,Lifecycle Manager,,Enterprise Direction & Growth — F05,JP-F05.08-PROFESSIONAL,reconciled-employment-profile,WP-W5-F05.08-PROFESSIONAL-004,Lifecycle / Portfolio Optimisation Review,REPORT / SNAPSHOT,F05.08.A04,NATIVE,Operate,Portfolio|Product|Service|Lifecycle Stage,F05,Item Lifecycle [AGG-10-ITEM],Report Builder|Snapshot View,portfolio strategy|market/customer need|technology/capability inputs|financial assumptions,commercialisation|sales/marketing|delivery/operations|support/retirement,"Point-in-time/as-of snapshot with source data, calculation/filter and publication provenance",candidate-explicit
EJOB-F03.04-PROFESSIONAL,Management Review Specialist,,Enterprise Direction & Growth — F03,JP-F03.04-PROFESSIONAL,reconciled-employment-profile,WP-W5-F03.04-PROFESSIONAL-001,Management Review Pack,REPORT / SNAPSHOT,F03.04.A01|F03.04.A02|F03.04.A03,NATIVE,Operate,Enterprise|Performance Period|Objective|KPI,F03,Management Review [AGG-02-GOVERNANCE-MEETING],Report Builder|Snapshot View,strategy|objectives|KPI definitions|source performance observations,management review|strategy adjustment|corrective action|benefits decisions,"Point-in-time/as-of snapshot with source data, calculation/filter and publication provenance",candidate-explicit
EJOB-F03.04-PROFESSIONAL,Management Review Specialist,,Enterprise Direction & Growth — F03,JP-F03.04-PROFESSIONAL,reconciled-employment-profile,WP-W5-F03.04-PROFESSIONAL-002,Management Review Decision Record,DECISION / APPROVAL,F03.04.A04,NATIVE,Operate,Enterprise|Performance Period|Objective|KPI,F03,Management Review [AGG-02-GOVERNANCE-MEETING],Decision Workspace|Approval Panel,strategy|objectives|KPI definitions|source performance observations,management review|strategy adjustment|corrective action|benefits decisions,"Decision, approver/authority, rationale, conditions, date and affected objects",candidate-explicit
EJOB-F06.11-PROFESSIONAL,Market Communications Specialist,,Enterprise Direction & Growth — F06,JP-F06.11-PROFESSIONAL,reconciled-employment-profile,WP-W5-F06.11-PROFESSIONAL-001,Marketing Collateral Pack,CONTROLLED INFORMATION,F06.11.A01,NATIVE,Operate,Market|Audience|Campaign|Channel|Brand,F06,Marketing / Communications Campaign [AGG-25-COMMS-CAMPAIGN],Controlled Document Editor|Object Workspace,marketing strategy|market/customer insight|brand rules|product/service portfolio,sales pipeline|customer engagement|brand/content channels|marketing investment decisions,"Controlled revision with author, reviewer, approver, issue/effective date and supersession provenance",candidate-explicit
EJOB-F06.11-PROFESSIONAL,Market Communications Specialist,,Enterprise Direction & Growth — F06,JP-F06.11-PROFESSIONAL,reconciled-employment-profile,WP-W5-F06.11-PROFESSIONAL-002,Advertising Plan / Placement Register,REGISTER / SCHEDULE,F06.11.A02,NATIVE,Operate,Market|Audience|Campaign|Channel|Brand,F06,Marketing / Communications Campaign [AGG-25-COMMS-CAMPAIGN],Enterprise Grid|Collection View,marketing strategy|market/customer insight|brand rules|product/service portfolio,sales pipeline|customer engagement|brand/content channels|marketing investment decisions,"Governed entries with owner, status, dates, source references and immutable change history",candidate-explicit
EJOB-F06.11-PROFESSIONAL,Market Communications Specialist,,Enterprise Direction & Growth — F06,JP-F06.11-PROFESSIONAL,reconciled-employment-profile,WP-W5-F06.11-PROFESSIONAL-003,Communications Calendar,REGISTER / SCHEDULE,F06.11.A03,NATIVE,Operate,Market|Audience|Campaign|Channel|Brand,F06,Marketing / Communications Campaign [AGG-25-COMMS-CAMPAIGN],Enterprise Grid|Collection View,marketing strategy|market/customer insight|brand rules|product/service portfolio,sales pipeline|customer engagement|brand/content channels|marketing investment decisions,"Governed entries with owner, status, dates, source references and immutable change history",candidate-explicit
EJOB-F06.11-PROFESSIONAL,Market Communications Specialist,,Enterprise Direction & Growth — F06,JP-F06.11-PROFESSIONAL,reconciled-employment-profile,WP-W5-F06.11-PROFESSIONAL-004,Messaging Framework,CONTROLLED INFORMATION,F06.11.A04,NATIVE,Operate,Market|Audience|Campaign|Channel|Brand,F06,Marketing / Communications Campaign [AGG-25-COMMS-CAMPAIGN],Controlled Document Editor|Object Workspace,marketing strategy|market/customer insight|brand rules|product/service portfolio,sales pipeline|customer engagement|brand/content channels|marketing investment decisions,"Controlled revision with author, reviewer, approver, issue/effective date and supersession provenance",candidate-explicit
EJOB-F06.01-PROFESSIONAL,Market Intelligence Specialist,,Enterprise Direction & Growth — F06,JP-F06.01-PROFESSIONAL,reconciled-employment-profile,WP-W5-F06.01-PROFESSIONAL-001,Market Intelligence Report,REPORT / SNAPSHOT,F06.01.A01,NATIVE,Operate,Market|Audience|Campaign|Channel|Brand,F06,Market Insight / Segment [AGG-03-MARKET-INSIGHT],Report Builder|Snapshot View,marketing strategy|market/customer insight|brand rules|product/service portfolio,sales pipeline|customer engagement|brand/content channels|marketing investment decisions,"Point-in-time/as-of snapshot with source data, calculation/filter and publication provenance",candidate-explicit
EJOB-F06.01-PROFESSIONAL,Market Intelligence Specialist,,Enterprise Direction & Growth — F06,JP-F06.01-PROFESSIONAL,reconciled-employment-profile,WP-W5-F06.01-PROFESSIONAL-002,Market Segment Analysis,CASE / ASSESSMENT,F06.01.A02,NATIVE,Operate,Market|Audience|Campaign|Channel|Brand,F06,Market Insight / Segment [AGG-03-MARKET-INSIGHT],Case Workspace|Assessment Form|Evidence Panel,marketing strategy|market/customer insight|brand rules|product/service portfolio,sales pipeline|customer engagement|brand/content channels|marketing investment decisions,"Evidence set, assessment rationale, findings, decisions/actions and closure history",candidate-explicit
EJOB-F06.01-PROFESSIONAL,Market Intelligence Specialist,,Enterprise Direction & Growth — F06,JP-F06.01-PROFESSIONAL,reconciled-employment-profile,WP-W5-F06.01-PROFESSIONAL-003,Competitor Intelligence Tracker,REGISTER / SCHEDULE,F06.01.A03,NATIVE,Operate,Market|Audience|Campaign|Channel|Brand,F06,Market Insight / Segment [AGG-03-MARKET-INSIGHT],Enterprise Grid|Collection View,marketing strategy|market/customer insight|brand rules|product/service portfolio,sales pipeline|customer engagement|brand/content channels|marketing investment decisions,"Governed entries with owner, status, dates, source references and immutable change history",candidate-explicit
EJOB-F06.01-PROFESSIONAL,Market Intelligence Specialist,,Enterprise Direction & Growth — F06,JP-F06.01-PROFESSIONAL,reconciled-employment-profile,WP-W5-F06.01-PROFESSIONAL-004,Market Trend Forecast,CALCULATION / MODEL,F06.01.A04,NATIVE,Operate,Market|Audience|Campaign|Channel|Brand,F06,Market Insight / Segment [AGG-03-MARKET-INSIGHT],Calculation Workbench|Enterprise Grid,marketing strategy|market/customer insight|brand rules|product/service portfolio,sales pipeline|customer engagement|brand/content channels|marketing investment decisions,"Versioned calculation/model with inputs, assumptions, method, scenario and result provenance",candidate-explicit
EJOB-F06.10-PROFESSIONAL,Marketing Analyst,,Enterprise Direction & Growth — F06,JP-F06.10-PROFESSIONAL,reconciled-employment-profile,WP-W5-F06.10-PROFESSIONAL-001,Marketing Performance Dashboard,REPORT / SNAPSHOT,F06.10.A01|F06.10.A03|F06.10.A06,NATIVE,Operate,Market|Audience|Campaign|Channel|Brand,F06,Market Insight / Segment [AGG-03-MARKET-INSIGHT],Report Builder|Snapshot View,marketing strategy|market/customer insight|brand rules|product/service portfolio,sales pipeline|customer engagement|brand/content channels|marketing investment decisions,"Point-in-time/as-of snapshot with source data, calculation/filter and publication provenance",candidate-explicit
EJOB-F06.10-PROFESSIONAL,Marketing Analyst,,Enterprise Direction & Growth — F06,JP-F06.10-PROFESSIONAL,reconciled-employment-profile,WP-W5-F06.10-PROFESSIONAL-002,Attribution Model,CALCULATION / MODEL,F06.10.A02,NATIVE,Operate,Market|Audience|Campaign|Channel|Brand,F06,Market Insight / Segment [AGG-03-MARKET-INSIGHT],Calculation Workbench|Enterprise Grid,marketing strategy|market/customer insight|brand rules|product/service portfolio,sales pipeline|customer engagement|brand/content channels|marketing investment decisions,"Versioned calculation/model with inputs, assumptions, method, scenario and result provenance",candidate-explicit
EJOB-F06.10-PROFESSIONAL,Marketing Analyst,,Enterprise Direction & Growth — F06,JP-F06.10-PROFESSIONAL,reconciled-employment-profile,WP-W5-F06.10-PROFESSIONAL-003,Customer Acquisition Economics Report,CALCULATION / MODEL,F06.10.A04|F06.10.A05,NATIVE,Operate,Market|Audience|Campaign|Channel|Brand,F06,Market Insight / Segment [AGG-03-MARKET-INSIGHT],Calculation Workbench|Enterprise Grid,marketing strategy|market/customer insight|brand rules|product/service portfolio,sales pipeline|customer engagement|brand/content channels|marketing investment decisions,"Versioned calculation/model with inputs, assumptions, method, scenario and result provenance",candidate-explicit
EJOB-F06.10-PROFESSIONAL,Marketing Analyst,,Enterprise Direction & Growth — F06,JP-F06.10-PROFESSIONAL,reconciled-employment-profile,WP-W5-F06.10-PROFESSIONAL-004,Campaign Performance Analysis,REPORT / SNAPSHOT,F06.10.A06,NATIVE,Operate,Market|Audience|Campaign|Channel|Brand,F06,Market Insight / Segment [AGG-03-MARKET-INSIGHT],Report Builder|Snapshot View,marketing strategy|market/customer insight|brand rules|product/service portfolio,sales pipeline|customer engagement|brand/content channels|marketing investment decisions,"Point-in-time/as-of snapshot with source data, calculation/filter and publication provenance",candidate-explicit
EJOB-F06.04-PROFESSIONAL,Marketing Strategy Specialist,,Enterprise Direction & Growth — F06,JP-F06.04-PROFESSIONAL,reconciled-employment-profile,WP-W5-F06.04-PROFESSIONAL-001,Marketing Strategy,PLAN / STRATEGY,F06.04.A01|F06.04.A04,NATIVE,Operate,Market|Audience|Campaign|Channel|Brand,F06,Brand / Marketing Plan [AGG-25-COMMUNICATIONS],Object Workspace|Structure Browser|Enterprise Grid,marketing strategy|market/customer insight|brand rules|product/service portfolio,sales pipeline|customer engagement|brand/content channels|marketing investment decisions,"Versioned plan/strategy with assumptions, ownership, review, approval and effective-date provenance",candidate-explicit
EJOB-F06.04-PROFESSIONAL,Marketing Strategy Specialist,,Enterprise Direction & Growth — F06,JP-F06.04-PROFESSIONAL,reconciled-employment-profile,WP-W5-F06.04-PROFESSIONAL-002,Target Market Decision,DECISION / APPROVAL,F06.04.A02,NATIVE,Operate,Market|Audience|Campaign|Channel|Brand,F06,Brand / Marketing Plan [AGG-25-COMMUNICATIONS],Decision Workspace|Approval Panel,marketing strategy|market/customer insight|brand rules|product/service portfolio,sales pipeline|customer engagement|brand/content channels|marketing investment decisions,"Decision, approver/authority, rationale, conditions, date and affected objects",candidate-explicit
EJOB-F06.04-PROFESSIONAL,Marketing Strategy Specialist,,Enterprise Direction & Growth — F06,JP-F06.04-PROFESSIONAL,reconciled-employment-profile,WP-W5-F06.04-PROFESSIONAL-003,Market Positioning Statement,CONTROLLED INFORMATION,F06.04.A03,NATIVE,Operate,Market|Audience|Campaign|Channel|Brand,F06,Brand / Marketing Plan [AGG-25-COMMUNICATIONS],Controlled Document Editor|Object Workspace,marketing strategy|market/customer insight|brand rules|product/service portfolio,sales pipeline|customer engagement|brand/content channels|marketing investment decisions,"Controlled revision with author, reviewer, approver, issue/effective date and supersession provenance",candidate-explicit
EJOB-F06.04-PROFESSIONAL,Marketing Strategy Specialist,,Enterprise Direction & Growth — F06,JP-F06.04-PROFESSIONAL,reconciled-employment-profile,WP-W5-F06.04-PROFESSIONAL-004,Channel Strategy,PLAN / STRATEGY,F06.04.A04,NATIVE,Operate,Market|Audience|Campaign|Channel|Brand,F06,Brand / Marketing Plan [AGG-25-COMMUNICATIONS],Object Workspace|Structure Browser|Enterprise Grid,marketing strategy|market/customer insight|brand rules|product/service portfolio,sales pipeline|customer engagement|brand/content channels|marketing investment decisions,"Versioned plan/strategy with assumptions, ownership, review, approval and effective-date provenance",candidate-explicit
EJOB-F01.05-PROFESSIONAL,Operating Model Specialist,,Enterprise Direction & Growth — F01,JP-F01.05-PROFESSIONAL,reconciled-employment-profile,WP-W5-F01.05-PROFESSIONAL-001,Enterprise Capability Model,STRUCTURE / BREAKDOWN,F01.05.A01,NATIVE,Operate,Enterprise|Strategy Cycle|Planning Period,F01,Strategy / Business Planning [AGG-02-STRATEGY],Structure Browser|Enterprise Grid,enterprise purpose|external evidence|approved assumptions|performance history,governance|portfolio/investment|business planning|performance management,"Versioned hierarchy/structure with element identity, relationships, effectivity and approval provenance",candidate-explicit
EJOB-F01.05-PROFESSIONAL,Operating Model Specialist,,Enterprise Direction & Growth — F01,JP-F01.05-PROFESSIONAL,reconciled-employment-profile,WP-W5-F01.05-PROFESSIONAL-002,Operating Model Design,PLAN / STRATEGY,F01.05.A02|F01.05.A03,NATIVE,Operate,Enterprise|Strategy Cycle|Planning Period,F01,Strategy / Business Planning [AGG-02-STRATEGY],Object Workspace|Structure Browser|Enterprise Grid,enterprise purpose|external evidence|approved assumptions|performance history,governance|portfolio/investment|business planning|performance management,"Versioned plan/strategy with assumptions, ownership, review, approval and effective-date provenance",candidate-explicit
EJOB-F01.05-PROFESSIONAL,Operating Model Specialist,,Enterprise Direction & Growth — F01,JP-F01.05-PROFESSIONAL,reconciled-employment-profile,WP-W5-F01.05-PROFESSIONAL-003,Shared Services Design,PLAN / STRATEGY,F01.05.A04,NATIVE,Operate,Enterprise|Strategy Cycle|Planning Period,F01,Strategy / Business Planning [AGG-02-STRATEGY],Object Workspace|Structure Browser|Enterprise Grid,enterprise purpose|external evidence|approved assumptions|performance history,governance|portfolio/investment|business planning|performance management,"Versioned plan/strategy with assumptions, ownership, review, approval and effective-date provenance",candidate-explicit
EJOB-F01.05-PROFESSIONAL,Operating Model Specialist,,Enterprise Direction & Growth — F01,JP-F01.05-PROFESSIONAL,reconciled-employment-profile,WP-W5-F01.05-PROFESSIONAL-004,Accountability Model,STRUCTURE / BREAKDOWN,F01.05.A05,NATIVE,Operate,Enterprise|Strategy Cycle|Planning Period,F01,Strategy / Business Planning [AGG-02-STRATEGY],Structure Browser|Enterprise Grid,enterprise purpose|external evidence|approved assumptions|performance history,governance|portfolio/investment|business planning|performance management,"Versioned hierarchy/structure with element identity, relationships, effectivity and approval provenance",candidate-explicit
EJOB-F04.01-PROFESSIONAL,Opportunity Identification Specialist,,Enterprise Direction & Growth — F04,JP-F04.01-PROFESSIONAL,reconciled-employment-profile,WP-W5-F04.01-PROFESSIONAL-001,Corporate Development Opportunity Register,REGISTER / SCHEDULE,F04.01.A01,NATIVE,Operate,Enterprise|Transaction|Target|Investment,F04,Corporate Development Opportunity [AGG-04-DEVELOPMENT],Enterprise Grid|Collection View,strategy|market intelligence|target information|financial/legal evidence,investment decision|legal/finance due diligence|integration/transformation|portfolio strategy,"Governed entries with owner, status, dates, source references and immutable change history",candidate-explicit
EJOB-F04.01-PROFESSIONAL,Opportunity Identification Specialist,,Enterprise Direction & Growth — F04,JP-F04.01-PROFESSIONAL,reconciled-employment-profile,WP-W5-F04.01-PROFESSIONAL-002,Target Screening Assessment,CASE / ASSESSMENT,F04.01.A02,NATIVE,Operate,Enterprise|Transaction|Target|Investment,F04,Corporate Development Opportunity [AGG-04-DEVELOPMENT],Case Workspace|Assessment Form|Evidence Panel,strategy|market intelligence|target information|financial/legal evidence,investment decision|legal/finance due diligence|integration/transformation|portfolio strategy,"Evidence set, assessment rationale, findings, decisions/actions and closure history",candidate-explicit
EJOB-F04.01-PROFESSIONAL,Opportunity Identification Specialist,,Enterprise Direction & Growth — F04,JP-F04.01-PROFESSIONAL,reconciled-employment-profile,WP-W5-F04.01-PROFESSIONAL-003,Strategic Fit Assessment,CASE / ASSESSMENT,F04.01.A03,NATIVE,Operate,Enterprise|Transaction|Target|Investment,F04,Corporate Development Opportunity [AGG-04-DEVELOPMENT],Case Workspace|Assessment Form|Evidence Panel,strategy|market intelligence|target information|financial/legal evidence,investment decision|legal/finance due diligence|integration/transformation|portfolio strategy,"Evidence set, assessment rationale, findings, decisions/actions and closure history",candidate-explicit
EJOB-F01.06-PROFESSIONAL,Performance & KPI Manager,,Enterprise Direction & Growth — F01,JP-F01.06-PROFESSIONAL,reconciled-employment-profile,WP-W5-F01.06-PROFESSIONAL-001,KPI Framework,STRUCTURE / BREAKDOWN,F01.06.A01,NATIVE,Operate,Enterprise|Strategy Cycle|Planning Period,F01,KPI / Performance [AGG-02-PERFORMANCE],Structure Browser|Enterprise Grid,enterprise purpose|external evidence|approved assumptions|performance history,governance|portfolio/investment|business planning|performance management,"Versioned hierarchy/structure with element identity, relationships, effectivity and approval provenance",candidate-explicit
EJOB-F01.06-PROFESSIONAL,Performance & KPI Manager,,Enterprise Direction & Growth — F01,JP-F01.06-PROFESSIONAL,reconciled-employment-profile,WP-W5-F01.06-PROFESSIONAL-002,Target & Baseline Register,REGISTER / SCHEDULE,F01.06.A02|F01.06.A03,NATIVE,Operate,Enterprise|Strategy Cycle|Planning Period,F01,KPI / Performance [AGG-02-PERFORMANCE],Enterprise Grid|Collection View,enterprise purpose|external evidence|approved assumptions|performance history,governance|portfolio/investment|business planning|performance management,"Governed entries with owner, status, dates, source references and immutable change history",candidate-explicit
EJOB-F01.06-PROFESSIONAL,Performance & KPI Manager,,Enterprise Direction & Growth — F01,JP-F01.06-PROFESSIONAL,reconciled-employment-profile,WP-W5-F01.06-PROFESSIONAL-003,Enterprise Performance Snapshot,REPORT / SNAPSHOT,F01.06.A04|F01.06.A05,NATIVE,Operate,Enterprise|Strategy Cycle|Planning Period,F01,KPI / Performance [AGG-02-PERFORMANCE],Report Builder|Snapshot View,enterprise purpose|external evidence|approved assumptions|performance history,governance|portfolio/investment|business planning|performance management,"Point-in-time/as-of snapshot with source data, calculation/filter and publication provenance",candidate-explicit
EJOB-F01.06-PROFESSIONAL,Performance & KPI Manager,,Enterprise Direction & Growth — F01,JP-F01.06-PROFESSIONAL,reconciled-employment-profile,WP-W5-F01.06-PROFESSIONAL-004,Performance Corrective Action,CHANGE,F01.06.A06,NATIVE,Operate,Enterprise|Strategy Cycle|Planning Period,F01,KPI / Performance [AGG-02-PERFORMANCE],Change Workspace|Impact Assessment,enterprise purpose|external evidence|approved assumptions|performance history,governance|portfolio/investment|business planning|performance management,"Baseline, impact assessment, authority decision, implementation and verification evidence",candidate-explicit
EJOB-F03.01-PROFESSIONAL,Performance Framework Specialist,,Enterprise Direction & Growth — F03,JP-F03.01-PROFESSIONAL,reconciled-employment-profile,WP-W5-F03.01-PROFESSIONAL-001,Enterprise Scorecard Framework,STRUCTURE / BREAKDOWN,F03.01.A01,NATIVE,Operate,Enterprise|Performance Period|Objective|KPI,F03,Performance Framework / KPI [AGG-02-PERFORMANCE],Structure Browser|Enterprise Grid,strategy|objectives|KPI definitions|source performance observations,management review|strategy adjustment|corrective action|benefits decisions,"Versioned hierarchy/structure with element identity, relationships, effectivity and approval provenance",candidate-explicit
EJOB-F03.01-PROFESSIONAL,Performance Framework Specialist,,Enterprise Direction & Growth — F03,JP-F03.01-PROFESSIONAL,reconciled-employment-profile,WP-W5-F03.01-PROFESSIONAL-002,Performance Hierarchy,STRUCTURE / BREAKDOWN,F03.01.A02,NATIVE,Operate,Enterprise|Performance Period|Objective|KPI,F03,Performance Framework / KPI [AGG-02-PERFORMANCE],Structure Browser|Enterprise Grid,strategy|objectives|KPI definitions|source performance observations,management review|strategy adjustment|corrective action|benefits decisions,"Versioned hierarchy/structure with element identity, relationships, effectivity and approval provenance",candidate-explicit
EJOB-F03.01-PROFESSIONAL,Performance Framework Specialist,,Enterprise Direction & Growth — F03,JP-F03.01-PROFESSIONAL,reconciled-employment-profile,WP-W5-F03.01-PROFESSIONAL-003,KPI-to-Objective Map,STRUCTURE / BREAKDOWN,F03.01.A03,NATIVE,Operate,Enterprise|Performance Period|Objective|KPI,F03,Performance Framework / KPI [AGG-02-PERFORMANCE],Structure Browser|Enterprise Grid,strategy|objectives|KPI definitions|source performance observations,management review|strategy adjustment|corrective action|benefits decisions,"Versioned hierarchy/structure with element identity, relationships, effectivity and approval provenance",candidate-explicit
EJOB-F03.02-PROFESSIONAL,Performance Reporting Specialist,,Enterprise Direction & Growth — F03,JP-F03.02-PROFESSIONAL,reconciled-employment-profile,WP-W5-F03.02-PROFESSIONAL-001,Performance Observation Dataset,REGISTER / SCHEDULE,F03.02.A01,NATIVE,Operate,Enterprise|Performance Period|Objective|KPI,F03,Performance Observation [AGG-02-PERFORMANCE],Enterprise Grid|Collection View,strategy|objectives|KPI definitions|source performance observations,management review|strategy adjustment|corrective action|benefits decisions,"Governed entries with owner, status, dates, source references and immutable change history",candidate-explicit
EJOB-F03.02-PROFESSIONAL,Performance Reporting Specialist,,Enterprise Direction & Growth — F03,JP-F03.02-PROFESSIONAL,reconciled-employment-profile,WP-W5-F03.02-PROFESSIONAL-002,KPI Calculation Run,CALCULATION / MODEL,F03.02.A02,NATIVE,Operate,Enterprise|Performance Period|Objective|KPI,F03,Performance Snapshot [AGG-02-PERFORMANCE],Calculation Workbench|Enterprise Grid,strategy|objectives|KPI definitions|source performance observations,management review|strategy adjustment|corrective action|benefits decisions,"Versioned calculation/model with inputs, assumptions, method, scenario and result provenance",candidate-explicit
EJOB-F03.02-PROFESSIONAL,Performance Reporting Specialist,,Enterprise Direction & Growth — F03,JP-F03.02-PROFESSIONAL,reconciled-employment-profile,WP-W5-F03.02-PROFESSIONAL-003,Performance Dashboard,REPORT / SNAPSHOT,F03.02.A03,NATIVE,Operate,Enterprise|Performance Period|Objective|KPI,F03,Performance Snapshot [AGG-02-PERFORMANCE],Report Builder|Snapshot View,strategy|objectives|KPI definitions|source performance observations,management review|strategy adjustment|corrective action|benefits decisions,"Point-in-time/as-of snapshot with source data, calculation/filter and publication provenance",candidate-explicit
EJOB-F03.02-PROFESSIONAL,Performance Reporting Specialist,,Enterprise Direction & Growth — F03,JP-F03.02-PROFESSIONAL,reconciled-employment-profile,WP-W5-F03.02-PROFESSIONAL-004,Period Performance Report,REPORT / SNAPSHOT,F03.02.A04,NATIVE,Operate,Enterprise|Performance Period|Objective|KPI,F03,Performance Snapshot [AGG-02-PERFORMANCE],Report Builder|Snapshot View,strategy|objectives|KPI definitions|source performance observations,management review|strategy adjustment|corrective action|benefits decisions,"Point-in-time/as-of snapshot with source data, calculation/filter and publication provenance",candidate-explicit
EJOB-F02.06-PROFESSIONAL,Policy Governance Specialist,,Enterprise Direction & Growth — F02,JP-F02.06-PROFESSIONAL,reconciled-employment-profile,WP-W5-F02.06-PROFESSIONAL-001,Corporate Policy,CONTROLLED INFORMATION,F02.06.A01|F02.06.A02|F02.06.A03|F02.06.A04,NATIVE,Operate,Enterprise|Governance Body|Meeting|Policy,F02,Policy [AGG-02-POLICY],Controlled Document Editor|Object Workspace,corporate constitution|governance requirements|legal obligations|authority policy,enterprise decisions|policy execution|delegated authority|assurance/audit,"Controlled revision with author, reviewer, approver, issue/effective date and supersession provenance",candidate-explicit
EJOB-F02.06-PROFESSIONAL,Policy Governance Specialist,,Enterprise Direction & Growth — F02,JP-F02.06-PROFESSIONAL,reconciled-employment-profile,WP-W5-F02.06-PROFESSIONAL-002,Policy Approval Record,DECISION / APPROVAL,F02.06.A03,NATIVE,Operate,Enterprise|Governance Body|Meeting|Policy,F02,Policy [AGG-02-POLICY],Decision Workspace|Approval Panel,corporate constitution|governance requirements|legal obligations|authority policy,enterprise decisions|policy execution|delegated authority|assurance/audit,"Decision, approver/authority, rationale, conditions, date and affected objects",candidate-explicit
EJOB-F02.06-PROFESSIONAL,Policy Governance Specialist,,Enterprise Direction & Growth — F02,JP-F02.06-PROFESSIONAL,reconciled-employment-profile,WP-W5-F02.06-PROFESSIONAL-003,Policy Adherence Review,REPORT / SNAPSHOT,F02.06.A05,NATIVE,Operate,Enterprise|Governance Body|Meeting|Policy,F02,Policy [AGG-02-POLICY],Report Builder|Snapshot View,corporate constitution|governance requirements|legal obligations|authority policy,enterprise decisions|policy execution|delegated authority|assurance/audit,"Point-in-time/as-of snapshot with source data, calculation/filter and publication provenance",candidate-explicit
EJOB-F05.01-PROFESSIONAL,Portfolio Strategy Specialist,,Enterprise Direction & Growth — F05,JP-F05.01-PROFESSIONAL,reconciled-employment-profile,WP-W5-F05.01-PROFESSIONAL-001,Product / Service Portfolio Register,REGISTER / SCHEDULE,F05.01.A01|F05.01.A02,NATIVE,Operate,Portfolio|Product|Service|Lifecycle Stage,F05,Product / Service Business Case [AGG-04-BUSINESS-CASE],Enterprise Grid|Collection View,portfolio strategy|market/customer need|technology/capability inputs|financial assumptions,commercialisation|sales/marketing|delivery/operations|support/retirement,"Governed entries with owner, status, dates, source references and immutable change history",candidate-explicit
EJOB-F05.01-PROFESSIONAL,Portfolio Strategy Specialist,,Enterprise Direction & Growth — F05,JP-F05.01-PROFESSIONAL,reconciled-employment-profile,WP-W5-F05.01-PROFESSIONAL-002,Portfolio Performance Review,REPORT / SNAPSHOT,F05.01.A03,NATIVE,Operate,Portfolio|Product|Service|Lifecycle Stage,F05,Product / Service Business Case [AGG-04-BUSINESS-CASE],Report Builder|Snapshot View,portfolio strategy|market/customer need|technology/capability inputs|financial assumptions,commercialisation|sales/marketing|delivery/operations|support/retirement,"Point-in-time/as-of snapshot with source data, calculation/filter and publication provenance",candidate-explicit
EJOB-F05.01-PROFESSIONAL,Portfolio Strategy Specialist,,Enterprise Direction & Growth — F05,JP-F05.01-PROFESSIONAL,reconciled-employment-profile,WP-W5-F05.01-PROFESSIONAL-003,Portfolio Gap Assessment,CASE / ASSESSMENT,F05.01.A04,NATIVE,Operate,Portfolio|Product|Service|Lifecycle Stage,F05,Product / Service Business Case [AGG-04-BUSINESS-CASE],Case Workspace|Assessment Form|Evidence Panel,portfolio strategy|market/customer need|technology/capability inputs|financial assumptions,commercialisation|sales/marketing|delivery/operations|support/retirement,"Evidence set, assessment rationale, findings, decisions/actions and closure history",candidate-explicit
EJOB-F05.01-PROFESSIONAL,Portfolio Strategy Specialist,,Enterprise Direction & Growth — F05,JP-F05.01-PROFESSIONAL,reconciled-employment-profile,WP-W5-F05.01-PROFESSIONAL-004,Portfolio Investment Prioritisation,DECISION / APPROVAL,F05.01.A05,NATIVE,Operate,Portfolio|Product|Service|Lifecycle Stage,F05,Product / Service Business Case [AGG-04-BUSINESS-CASE],Decision Workspace|Approval Panel,portfolio strategy|market/customer need|technology/capability inputs|financial assumptions,commercialisation|sales/marketing|delivery/operations|support/retirement,"Decision, approver/authority, rationale, conditions, date and affected objects",candidate-explicit
EJOB-F05.05-PROFESSIONAL,Product / Service Designer,,Enterprise Direction & Growth — F05,JP-F05.05-PROFESSIONAL,reconciled-employment-profile,WP-W5-F05.05-PROFESSIONAL-001,Product / Service Requirements Specification,CONTROLLED INFORMATION,F05.05.A01,NATIVE,Operate,Portfolio|Product|Service|Lifecycle Stage,F05,Product / Service Definition [AGG-10-CONFIGURATION],Controlled Document Editor|Object Workspace,portfolio strategy|market/customer need|technology/capability inputs|financial assumptions,commercialisation|sales/marketing|delivery/operations|support/retirement,"Controlled revision with author, reviewer, approver, issue/effective date and supersession provenance",candidate-explicit
EJOB-F05.05-PROFESSIONAL,Product / Service Designer,,Enterprise Direction & Growth — F05,JP-F05.05-PROFESSIONAL,reconciled-employment-profile,WP-W5-F05.05-PROFESSIONAL-002,Product / Service Design Definition,CONTROLLED INFORMATION,F05.05.A02|F05.05.A03,NATIVE,Operate,Portfolio|Product|Service|Lifecycle Stage,F05,Product / Service Definition [AGG-10-CONFIGURATION],Controlled Document Editor|Object Workspace,portfolio strategy|market/customer need|technology/capability inputs|financial assumptions,commercialisation|sales/marketing|delivery/operations|support/retirement,"Controlled revision with author, reviewer, approver, issue/effective date and supersession provenance",candidate-explicit
EJOB-F05.05-PROFESSIONAL,Product / Service Designer,,Enterprise Direction & Growth — F05,JP-F05.05-PROFESSIONAL,reconciled-employment-profile,WP-W5-F05.05-PROFESSIONAL-003,Prototype,EXECUTION RECORD,F05.05.A04,NATIVE,Operate,Portfolio|Product|Service|Lifecycle Stage,F05,Product / Service Definition [AGG-10-CONFIGURATION],Execution Record|Evidence Panel,portfolio strategy|market/customer need|technology/capability inputs|financial assumptions,commercialisation|sales/marketing|delivery/operations|support/retirement,Attributable who/what/when/result record with source context and evidence,candidate-explicit
EJOB-F05.05-PROFESSIONAL,Product / Service Designer,,Enterprise Direction & Growth — F05,JP-F05.05-PROFESSIONAL,reconciled-employment-profile,WP-W5-F05.05-PROFESSIONAL-004,Design Verification / Test Report,INSPECTION / TEST,F05.05.A05,NATIVE,Operate,Portfolio|Product|Service|Lifecycle Stage,F05,Product / Service Definition [AGG-10-CONFIGURATION],Test / Inspection Workbench|Evidence Panel,portfolio strategy|market/customer need|technology/capability inputs|financial assumptions,commercialisation|sales/marketing|delivery/operations|support/retirement,"Test/inspection basis, method, result, evidence, performer/reviewer and acceptance status",candidate-explicit
EJOB-F05.03-PROFESSIONAL,Product Innovation Specialist,,Enterprise Direction & Growth — F05,JP-F05.03-PROFESSIONAL,reconciled-employment-profile,WP-W5-F05.03-PROFESSIONAL-001,Idea / Concept Register,REGISTER / SCHEDULE,F05.03.A01,NATIVE,Operate,Portfolio|Product|Service|Lifecycle Stage,F05,Product / Service Concept [AGG-10-ITEM],Enterprise Grid|Collection View,portfolio strategy|market/customer need|technology/capability inputs|financial assumptions,commercialisation|sales/marketing|delivery/operations|support/retirement,"Governed entries with owner, status, dates, source references and immutable change history",candidate-explicit
EJOB-F05.03-PROFESSIONAL,Product Innovation Specialist,,Enterprise Direction & Growth — F05,JP-F05.03-PROFESSIONAL,reconciled-employment-profile,WP-W5-F05.03-PROFESSIONAL-002,Concept Opportunity Assessment,CASE / ASSESSMENT,F05.03.A02,NATIVE,Operate,Portfolio|Product|Service|Lifecycle Stage,F05,Product / Service Concept [AGG-10-ITEM],Case Workspace|Assessment Form|Evidence Panel,portfolio strategy|market/customer need|technology/capability inputs|financial assumptions,commercialisation|sales/marketing|delivery/operations|support/retirement,"Evidence set, assessment rationale, findings, decisions/actions and closure history",candidate-explicit
EJOB-F05.03-PROFESSIONAL,Product Innovation Specialist,,Enterprise Direction & Growth — F05,JP-F05.03-PROFESSIONAL,reconciled-employment-profile,WP-W5-F05.03-PROFESSIONAL-003,Concept Feasibility Assessment,CASE / ASSESSMENT,F05.03.A03,NATIVE,Operate,Portfolio|Product|Service|Lifecycle Stage,F05,Product / Service Concept [AGG-10-ITEM],Case Workspace|Assessment Form|Evidence Panel,portfolio strategy|market/customer need|technology/capability inputs|financial assumptions,commercialisation|sales/marketing|delivery/operations|support/retirement,"Evidence set, assessment rationale, findings, decisions/actions and closure history",candidate-explicit
EJOB-F05.03-PROFESSIONAL,Product Innovation Specialist,,Enterprise Direction & Growth — F05,JP-F05.03-PROFESSIONAL,reconciled-employment-profile,WP-W5-F05.03-PROFESSIONAL-004,Idea Scorecard,CALCULATION / MODEL,F05.03.A04,NATIVE,Operate,Portfolio|Product|Service|Lifecycle Stage,F05,Product / Service Concept [AGG-10-ITEM],Calculation Workbench|Enterprise Grid,portfolio strategy|market/customer need|technology/capability inputs|financial assumptions,commercialisation|sales/marketing|delivery/operations|support/retirement,"Versioned calculation/model with inputs, assumptions, method, scenario and result provenance",candidate-explicit
EJOB-F05.03-PROFESSIONAL,Product Innovation Specialist,,Enterprise Direction & Growth — F05,JP-F05.03-PROFESSIONAL,reconciled-employment-profile,WP-W5-F05.03-PROFESSIONAL-005,Concept Selection Decision,DECISION / APPROVAL,F05.03.A05,NATIVE,Operate,Portfolio|Product|Service|Lifecycle Stage,F05,Product / Service Concept [AGG-10-ITEM],Decision Workspace|Approval Panel,portfolio strategy|market/customer need|technology/capability inputs|financial assumptions,commercialisation|sales/marketing|delivery/operations|support/retirement,"Decision, approver/authority, rationale, conditions, date and affected objects",candidate-explicit
EJOB-F05.09-PROFESSIONAL,Product Retirement Specialist,,Enterprise Direction & Growth — F05,JP-F05.09-PROFESSIONAL,reconciled-employment-profile,WP-W5-F05.09-PROFESSIONAL-001,End-of-Life Assessment & Decision,DECISION / APPROVAL,F05.09.A01,NATIVE,Operate,Portfolio|Product|Service|Lifecycle Stage,F05,Item Lifecycle [AGG-10-ITEM],Decision Workspace|Approval Panel,portfolio strategy|market/customer need|technology/capability inputs|financial assumptions,commercialisation|sales/marketing|delivery/operations|support/retirement,"Decision, approver/authority, rationale, conditions, date and affected objects",candidate-explicit
EJOB-F05.09-PROFESSIONAL,Product Retirement Specialist,,Enterprise Direction & Growth — F05,JP-F05.09-PROFESSIONAL,reconciled-employment-profile,WP-W5-F05.09-PROFESSIONAL-002,Retirement Communication Pack,CONTROLLED INFORMATION,F05.09.A02,NATIVE,Operate,Portfolio|Product|Service|Lifecycle Stage,F05,Item Lifecycle [AGG-10-ITEM],Controlled Document Editor|Object Workspace,portfolio strategy|market/customer need|technology/capability inputs|financial assumptions,commercialisation|sales/marketing|delivery/operations|support/retirement,"Controlled revision with author, reviewer, approver, issue/effective date and supersession provenance",candidate-explicit
EJOB-F05.09-PROFESSIONAL,Product Retirement Specialist,,Enterprise Direction & Growth — F05,JP-F05.09-PROFESSIONAL,reconciled-employment-profile,WP-W5-F05.09-PROFESSIONAL-003,Customer Migration Plan,PLAN / STRATEGY,F05.09.A03,NATIVE,Operate,Portfolio|Product|Service|Lifecycle Stage,F05,Item Lifecycle [AGG-10-ITEM],Object Workspace|Structure Browser|Enterprise Grid,portfolio strategy|market/customer need|technology/capability inputs|financial assumptions,commercialisation|sales/marketing|delivery/operations|support/retirement,"Versioned plan/strategy with assumptions, ownership, review, approval and effective-date provenance",candidate-explicit
EJOB-F05.09-PROFESSIONAL,Product Retirement Specialist,,Enterprise Direction & Growth — F05,JP-F05.09-PROFESSIONAL,reconciled-employment-profile,WP-W5-F05.09-PROFESSIONAL-004,Support Discontinuation Plan,PLAN / STRATEGY,F05.09.A04,NATIVE,Operate,Portfolio|Product|Service|Lifecycle Stage,F05,Item Lifecycle [AGG-10-ITEM],Object Workspace|Structure Browser|Enterprise Grid,portfolio strategy|market/customer need|technology/capability inputs|financial assumptions,commercialisation|sales/marketing|delivery/operations|support/retirement,"Versioned plan/strategy with assumptions, ownership, review, approval and effective-date provenance",candidate-explicit
EJOB-F05.09-PROFESSIONAL,Product Retirement Specialist,,Enterprise Direction & Growth — F05,JP-F05.09-PROFESSIONAL,reconciled-employment-profile,WP-W5-F05.09-PROFESSIONAL-005,Product Retirement / Archive Record,HANDOVER / CLOSEOUT PACKAGE,F05.09.A05,NATIVE,Operate,Portfolio|Product|Service|Lifecycle Stage,F05,Item Lifecycle [AGG-10-ITEM],Package Workspace|Completeness Checklist,portfolio strategy|market/customer need|technology/capability inputs|financial assumptions,commercialisation|sales/marketing|delivery/operations|support/retirement,"Controlled completeness set with acceptance, outstanding items, evidence and closure provenance",candidate-explicit
EJOB-F01.08-PROFESSIONAL,Scenario & Foresight Specialist,,Enterprise Direction & Growth — F01,JP-F01.08-PROFESSIONAL,reconciled-employment-profile,WP-W5-F01.08-PROFESSIONAL-001,Strategic Scenario Set,PLAN / STRATEGY,F01.08.A01,NATIVE,Operate,Enterprise|Strategy Cycle|Planning Period,F01,Scenario / Assumption [AGG-02-SCENARIO],Object Workspace|Structure Browser|Enterprise Grid,enterprise purpose|external evidence|approved assumptions|performance history,governance|portfolio/investment|business planning|performance management,"Versioned plan/strategy with assumptions, ownership, review, approval and effective-date provenance",candidate-explicit
EJOB-F01.08-PROFESSIONAL,Scenario & Foresight Specialist,,Enterprise Direction & Growth — F01,JP-F01.08-PROFESSIONAL,reconciled-employment-profile,WP-W5-F01.08-PROFESSIONAL-002,Future Conditions Model,CALCULATION / MODEL,F01.08.A02,NATIVE,Operate,Enterprise|Strategy Cycle|Planning Period,F01,Scenario / Assumption [AGG-02-SCENARIO],Calculation Workbench|Enterprise Grid,enterprise purpose|external evidence|approved assumptions|performance history,governance|portfolio/investment|business planning|performance management,"Versioned calculation/model with inputs, assumptions, method, scenario and result provenance",candidate-explicit
EJOB-F01.08-PROFESSIONAL,Scenario & Foresight Specialist,,Enterprise Direction & Growth — F01,JP-F01.08-PROFESSIONAL,reconciled-employment-profile,WP-W5-F01.08-PROFESSIONAL-003,Scenario Sensitivity Analysis,CALCULATION / MODEL,F01.08.A03,NATIVE,Operate,Enterprise|Strategy Cycle|Planning Period,F01,Scenario / Assumption [AGG-02-SCENARIO],Calculation Workbench|Enterprise Grid,enterprise purpose|external evidence|approved assumptions|performance history,governance|portfolio/investment|business planning|performance management,"Versioned calculation/model with inputs, assumptions, method, scenario and result provenance",candidate-explicit
EJOB-F01.08-PROFESSIONAL,Scenario & Foresight Specialist,,Enterprise Direction & Growth — F01,JP-F01.08-PROFESSIONAL,reconciled-employment-profile,WP-W5-F01.08-PROFESSIONAL-004,Contingency Strategy,PLAN / STRATEGY,F01.08.A04,NATIVE,Operate,Enterprise|Strategy Cycle|Planning Period,F01,Scenario / Assumption [AGG-02-SCENARIO],Object Workspace|Structure Browser|Enterprise Grid,enterprise purpose|external evidence|approved assumptions|performance history,governance|portfolio/investment|business planning|performance management,"Versioned plan/strategy with assumptions, ownership, review, approval and effective-date provenance",candidate-explicit
EJOB-F01.02-PROFESSIONAL,Strategic Analysis Specialist,,Enterprise Direction & Growth — F01,JP-F01.02-PROFESSIONAL,reconciled-employment-profile,WP-W5-F01.02-PROFESSIONAL-001,Strategic Assumption & External Evidence Register,REGISTER / SCHEDULE,F01.02.A01|F01.02.A03|F01.02.A04|F01.02.A05,NATIVE,Operate,Enterprise|Strategy Cycle|Planning Period,F01,Strategic Assumption / External Evidence [AGG-02-ASSUMPTION],Enterprise Grid|Collection View,enterprise purpose|external evidence|approved assumptions|performance history,governance|portfolio/investment|business planning|performance management,"Governed entries with owner, status, dates, source references and immutable change history",candidate-explicit
EJOB-F01.02-PROFESSIONAL,Strategic Analysis Specialist,,Enterprise Direction & Growth — F01,JP-F01.02-PROFESSIONAL,reconciled-employment-profile,WP-W5-F01.02-PROFESSIONAL-002,Competitor / Market / Technology Analysis,CASE / ASSESSMENT,F01.02.A02|F01.02.A03|F01.02.A04,NATIVE,Operate,Enterprise|Strategy Cycle|Planning Period,F01,Strategic Assumption / External Evidence [AGG-02-ASSUMPTION],Case Workspace|Assessment Form|Evidence Panel,enterprise purpose|external evidence|approved assumptions|performance history,governance|portfolio/investment|business planning|performance management,"Evidence set, assessment rationale, findings, decisions/actions and closure history",candidate-explicit
EJOB-F01.02-PROFESSIONAL,Strategic Analysis Specialist,,Enterprise Direction & Growth — F01,JP-F01.02-PROFESSIONAL,reconciled-employment-profile,WP-W5-F01.02-PROFESSIONAL-003,Opportunity & Threat Assessment,CASE / ASSESSMENT,F01.02.A06,NATIVE,Operate,Enterprise|Strategy Cycle|Planning Period,F01,Strategic Assumption / External Evidence [AGG-02-ASSUMPTION],Case Workspace|Assessment Form|Evidence Panel,enterprise purpose|external evidence|approved assumptions|performance history,governance|portfolio/investment|business planning|performance management,"Evidence set, assessment rationale, findings, decisions/actions and closure history",candidate-explicit
EJOB-F04.07-PROFESSIONAL,Strategic Partnerships Specialist,,Enterprise Direction & Growth — F04,JP-F04.07-PROFESSIONAL,reconciled-employment-profile,WP-W5-F04.07-PROFESSIONAL-001,Strategic Partner Longlist,REGISTER / SCHEDULE,F04.07.A01,NATIVE,Operate,Enterprise|Transaction|Target|Investment,F04,Investment / Transaction Business Case [AGG-04-BUSINESS-CASE],Enterprise Grid|Collection View,strategy|market intelligence|target information|financial/legal evidence,investment decision|legal/finance due diligence|integration/transformation|portfolio strategy,"Governed entries with owner, status, dates, source references and immutable change history",candidate-explicit
EJOB-F04.07-PROFESSIONAL,Strategic Partnerships Specialist,,Enterprise Direction & Growth — F04,JP-F04.07-PROFESSIONAL,reconciled-employment-profile,WP-W5-F04.07-PROFESSIONAL-002,Partner Fit Assessment,CASE / ASSESSMENT,F04.07.A02,NATIVE,Operate,Enterprise|Transaction|Target|Investment,F04,Investment / Transaction Business Case [AGG-04-BUSINESS-CASE],Case Workspace|Assessment Form|Evidence Panel,strategy|market intelligence|target information|financial/legal evidence,investment decision|legal/finance due diligence|integration/transformation|portfolio strategy,"Evidence set, assessment rationale, findings, decisions/actions and closure history",candidate-explicit
EJOB-F04.07-PROFESSIONAL,Strategic Partnerships Specialist,,Enterprise Direction & Growth — F04,JP-F04.07-PROFESSIONAL,reconciled-employment-profile,WP-W5-F04.07-PROFESSIONAL-003,Alliance Terms / Agreement Basis,TRANSACTION / COMMITMENT,F04.07.A03,NATIVE,Operate,Enterprise|Transaction|Target|Investment,F04,Investment / Transaction Business Case [AGG-04-BUSINESS-CASE],Transaction Workspace|Approval Panel,strategy|market intelligence|target information|financial/legal evidence,investment decision|legal/finance due diligence|integration/transformation|portfolio strategy,"Counterparty/terms/authority with immutable issue, execution, amendment and completion history",candidate-explicit
EJOB-F04.07-PROFESSIONAL,Strategic Partnerships Specialist,,Enterprise Direction & Growth — F04,JP-F04.07-PROFESSIONAL,reconciled-employment-profile,WP-W5-F04.07-PROFESSIONAL-004,Partnership Governance Framework,PLAN / STRATEGY,F04.07.A04,NATIVE,Operate,Enterprise|Transaction|Target|Investment,F04,Investment / Transaction Business Case [AGG-04-BUSINESS-CASE],Object Workspace|Structure Browser|Enterprise Grid,strategy|market intelligence|target information|financial/legal evidence,investment decision|legal/finance due diligence|integration/transformation|portfolio strategy,"Versioned plan/strategy with assumptions, ownership, review, approval and effective-date provenance",candidate-explicit
EJOB-F04.07-PROFESSIONAL,Strategic Partnerships Specialist,,Enterprise Direction & Growth — F04,JP-F04.07-PROFESSIONAL,reconciled-employment-profile,WP-W5-F04.07-PROFESSIONAL-005,Partnership Performance Review,REPORT / SNAPSHOT,F04.07.A05,NATIVE,Operate,Enterprise|Transaction|Target|Investment,F04,Investment / Transaction Business Case [AGG-04-BUSINESS-CASE],Report Builder|Snapshot View,strategy|market intelligence|target information|financial/legal evidence,investment decision|legal/finance due diligence|integration/transformation|portfolio strategy,"Point-in-time/as-of snapshot with source data, calculation/filter and publication provenance",candidate-explicit
EJOB-F01.03-PROFESSIONAL,Strategic Planning Manager,,Enterprise Direction & Growth — F01,JP-F01.03-PROFESSIONAL,reconciled-employment-profile,WP-W5-F01.03-PROFESSIONAL-001,Strategic Objectives & Priorities,PLAN / STRATEGY,F01.03.A01|F01.03.A05,NATIVE,Operate,Enterprise|Strategy Cycle|Planning Period,F01,Strategy / Business Planning [AGG-02-STRATEGY],Object Workspace|Structure Browser|Enterprise Grid,enterprise purpose|external evidence|approved assumptions|performance history,governance|portfolio/investment|business planning|performance management,"Versioned plan/strategy with assumptions, ownership, review, approval and effective-date provenance",candidate-explicit
EJOB-F01.03-PROFESSIONAL,Strategic Planning Manager,,Enterprise Direction & Growth — F01,JP-F01.03-PROFESSIONAL,reconciled-employment-profile,WP-W5-F01.03-PROFESSIONAL-002,Strategic Options Appraisal,CASE / ASSESSMENT,F01.03.A02|F01.03.A03,NATIVE,Operate,Enterprise|Strategy Cycle|Planning Period,F01,Strategy / Business Planning [AGG-02-STRATEGY],Case Workspace|Assessment Form|Evidence Panel,enterprise purpose|external evidence|approved assumptions|performance history,governance|portfolio/investment|business planning|performance management,"Evidence set, assessment rationale, findings, decisions/actions and closure history",candidate-explicit
EJOB-F01.03-PROFESSIONAL,Strategic Planning Manager,,Enterprise Direction & Growth — F01,JP-F01.03-PROFESSIONAL,reconciled-employment-profile,WP-W5-F01.03-PROFESSIONAL-003,Approved Strategy Decision,DECISION / APPROVAL,F01.03.A04,NATIVE,Operate,Enterprise|Strategy Cycle|Planning Period,F01,Strategy / Business Planning [AGG-02-STRATEGY],Decision Workspace|Approval Panel,enterprise purpose|external evidence|approved assumptions|performance history,governance|portfolio/investment|business planning|performance management,"Decision, approver/authority, rationale, conditions, date and affected objects",candidate-explicit
EJOB-F01.01-PROFESSIONAL,Strategy & Purpose Specialist,,Enterprise Direction & Growth — F01,JP-F01.01-PROFESSIONAL,reconciled-employment-profile,WP-W5-F01.01-PROFESSIONAL-001,"Purpose, Vision & Mission Statement",PLAN / STRATEGY,F01.01.A01|F01.01.A02|F01.01.A03,NATIVE,Operate,Enterprise|Strategy Cycle|Planning Period,F01,Strategy / Business Planning [AGG-02-STRATEGY],Object Workspace|Structure Browser|Enterprise Grid,enterprise purpose|external evidence|approved assumptions|performance history,governance|portfolio/investment|business planning|performance management,"Versioned plan/strategy with assumptions, ownership, review, approval and effective-date provenance",candidate-explicit
EJOB-F01.01-PROFESSIONAL,Strategy & Purpose Specialist,,Enterprise Direction & Growth — F01,JP-F01.01-PROFESSIONAL,reconciled-employment-profile,WP-W5-F01.01-PROFESSIONAL-002,Strategic Direction Communication Pack,CONTROLLED INFORMATION,F01.01.A04,NATIVE,Operate,Enterprise|Strategy Cycle|Planning Period,F01,Strategy / Business Planning [AGG-02-STRATEGY],Controlled Document Editor|Object Workspace,enterprise purpose|external evidence|approved assumptions|performance history,governance|portfolio/investment|business planning|performance management,"Controlled revision with author, reviewer, approver, issue/effective date and supersession provenance",candidate-explicit
EJOB-F01.01-PROFESSIONAL,Strategy & Purpose Specialist,,Enterprise Direction & Growth — F01,JP-F01.01-PROFESSIONAL,reconciled-employment-profile,WP-W5-F01.01-PROFESSIONAL-003,Purpose / Vision Relevance Review,REPORT / SNAPSHOT,F01.01.A05,NATIVE,Operate,Enterprise|Strategy Cycle|Planning Period,F01,Strategy / Business Planning [AGG-02-STRATEGY],Report Builder|Snapshot View,enterprise purpose|external evidence|approved assumptions|performance history,governance|portfolio/investment|business planning|performance management,"Point-in-time/as-of snapshot with source data, calculation/filter and publication provenance",candidate-explicit
EJOB-F01.07-PROFESSIONAL,Strategy Performance Manager,,Enterprise Direction & Growth — F01,JP-F01.07-PROFESSIONAL,reconciled-employment-profile,WP-W5-F01.07-PROFESSIONAL-001,Strategic Review Pack,REPORT / SNAPSHOT,F01.07.A01|F01.07.A03,NATIVE,Operate,Enterprise|Strategy Cycle|Planning Period,F01,Strategic Review / Decision [AGG-02-GOVERNANCE-MEETING],Report Builder|Snapshot View,enterprise purpose|external evidence|approved assumptions|performance history,governance|portfolio/investment|business planning|performance management,"Point-in-time/as-of snapshot with source data, calculation/filter and publication provenance",candidate-explicit
EJOB-F01.07-PROFESSIONAL,Strategy Performance Manager,,Enterprise Direction & Growth — F01,JP-F01.07-PROFESSIONAL,reconciled-employment-profile,WP-W5-F01.07-PROFESSIONAL-002,Strategic Assumption Reassessment,CASE / ASSESSMENT,F01.07.A02,NATIVE,Operate,Enterprise|Strategy Cycle|Planning Period,F01,Strategic Review / Decision [AGG-02-GOVERNANCE-MEETING],Case Workspace|Assessment Form|Evidence Panel,enterprise purpose|external evidence|approved assumptions|performance history,governance|portfolio/investment|business planning|performance management,"Evidence set, assessment rationale, findings, decisions/actions and closure history",candidate-explicit
EJOB-F01.07-PROFESSIONAL,Strategy Performance Manager,,Enterprise Direction & Growth — F01,JP-F01.07-PROFESSIONAL,reconciled-employment-profile,WP-W5-F01.07-PROFESSIONAL-003,Strategic Priority Change Decision,DECISION / APPROVAL,F01.07.A04,NATIVE,Operate,Enterprise|Strategy Cycle|Planning Period,F01,Strategic Review / Decision [AGG-02-GOVERNANCE-MEETING],Decision Workspace|Approval Panel,enterprise purpose|external evidence|approved assumptions|performance history,governance|portfolio/investment|business planning|performance management,"Decision, approver/authority, rationale, conditions, date and affected objects",candidate-explicit
EJOB-F01.07-PROFESSIONAL,Strategy Performance Manager,,Enterprise Direction & Growth — F01,JP-F01.07-PROFESSIONAL,reconciled-employment-profile,WP-W5-F01.07-PROFESSIONAL-004,Strategy Revision,CHANGE,F01.07.A05,NATIVE,Operate,Enterprise|Strategy Cycle|Planning Period,F01,Strategic Review / Decision [AGG-02-GOVERNANCE-MEETING],Change Workspace|Impact Assessment,enterprise purpose|external evidence|approved assumptions|performance history,governance|portfolio/investment|business planning|performance management,"Baseline, impact assessment, authority decision, implementation and verification evidence",candidate-explicit
EJOB-F04.04-PROFESSIONAL,Transaction Manager,,Enterprise Direction & Growth — F04,JP-F04.04-PROFESSIONAL,reconciled-employment-profile,WP-W5-F04.04-PROFESSIONAL-001,Transaction Structure Paper,PLAN / STRATEGY,F04.04.A01,NATIVE,Operate,Enterprise|Transaction|Target|Investment,F04,Investment / Transaction Business Case [AGG-04-BUSINESS-CASE],Object Workspace|Structure Browser|Enterprise Grid,strategy|market intelligence|target information|financial/legal evidence,investment decision|legal/finance due diligence|integration/transformation|portfolio strategy,"Versioned plan/strategy with assumptions, ownership, review, approval and effective-date provenance",candidate-explicit
EJOB-F04.04-PROFESSIONAL,Transaction Manager,,Enterprise Direction & Growth — F04,JP-F04.04-PROFESSIONAL,reconciled-employment-profile,WP-W5-F04.04-PROFESSIONAL-002,Negotiated Heads of Terms,TRANSACTION / COMMITMENT,F04.04.A02,NATIVE,Operate,Enterprise|Transaction|Target|Investment,F04,Investment / Transaction Business Case [AGG-04-BUSINESS-CASE],Transaction Workspace|Approval Panel,strategy|market intelligence|target information|financial/legal evidence,investment decision|legal/finance due diligence|integration/transformation|portfolio strategy,"Counterparty/terms/authority with immutable issue, execution, amendment and completion history",candidate-explicit
EJOB-F04.04-PROFESSIONAL,Transaction Manager,,Enterprise Direction & Growth — F04,JP-F04.04-PROFESSIONAL,reconciled-employment-profile,WP-W5-F04.04-PROFESSIONAL-003,Transaction Approval Pack,DECISION / APPROVAL,F04.04.A03,NATIVE,Operate,Enterprise|Transaction|Target|Investment,F04,Investment / Transaction Business Case [AGG-04-BUSINESS-CASE],Decision Workspace|Approval Panel,strategy|market intelligence|target information|financial/legal evidence,investment decision|legal/finance due diligence|integration/transformation|portfolio strategy,"Decision, approver/authority, rationale, conditions, date and affected objects",candidate-explicit
EJOB-F04.04-PROFESSIONAL,Transaction Manager,,Enterprise Direction & Growth — F04,JP-F04.04-PROFESSIONAL,reconciled-employment-profile,WP-W5-F04.04-PROFESSIONAL-004,Executed Transaction Agreement Set,TRANSACTION / COMMITMENT,F04.04.A04,NATIVE,Operate,Enterprise|Transaction|Target|Investment,F04,Investment / Transaction Business Case [AGG-04-BUSINESS-CASE],Transaction Workspace|Approval Panel,strategy|market intelligence|target information|financial/legal evidence,investment decision|legal/finance due diligence|integration/transformation|portfolio strategy,"Counterparty/terms/authority with immutable issue, execution, amendment and completion history",candidate-explicit
EJOB-F04.04-PROFESSIONAL,Transaction Manager,,Enterprise Direction & Growth — F04,JP-F04.04-PROFESSIONAL,reconciled-employment-profile,WP-W5-F04.04-PROFESSIONAL-005,Transaction Completion Record,HANDOVER / CLOSEOUT PACKAGE,F04.04.A05,NATIVE,Operate,Enterprise|Transaction|Target|Investment,F04,Investment / Transaction Business Case [AGG-04-BUSINESS-CASE],Package Workspace|Completeness Checklist,strategy|market intelligence|target information|financial/legal evidence,investment decision|legal/finance due diligence|integration/transformation|portfolio strategy,"Controlled completeness set with acceptance, outstanding items, evidence and closure provenance",candidate-explicit
EJOB-F04.02-PROFESSIONAL,Valuation Specialist,,Enterprise Direction & Growth — F04,JP-F04.02-PROFESSIONAL,reconciled-employment-profile,WP-W5-F04.02-PROFESSIONAL-001,Valuation Financial Model,CALCULATION / MODEL,F04.02.A01,NATIVE,Operate,Enterprise|Transaction|Target|Investment,F04,Investment / Development Appraisal [AGG-04-DEVELOPMENT],Calculation Workbench|Enterprise Grid,strategy|market intelligence|target information|financial/legal evidence,investment decision|legal/finance due diligence|integration/transformation|portfolio strategy,"Versioned calculation/model with inputs, assumptions, method, scenario and result provenance",candidate-explicit
EJOB-F04.02-PROFESSIONAL,Valuation Specialist,,Enterprise Direction & Growth — F04,JP-F04.02-PROFESSIONAL,reconciled-employment-profile,WP-W5-F04.02-PROFESSIONAL-002,Synergy Assessment,CALCULATION / MODEL,F04.02.A02,NATIVE,Operate,Enterprise|Transaction|Target|Investment,F04,Investment / Development Appraisal [AGG-04-DEVELOPMENT],Calculation Workbench|Enterprise Grid,strategy|market intelligence|target information|financial/legal evidence,investment decision|legal/finance due diligence|integration/transformation|portfolio strategy,"Versioned calculation/model with inputs, assumptions, method, scenario and result provenance",candidate-explicit
EJOB-F04.02-PROFESSIONAL,Valuation Specialist,,Enterprise Direction & Growth — F04,JP-F04.02-PROFESSIONAL,reconciled-employment-profile,WP-W5-F04.02-PROFESSIONAL-003,Business / Asset Valuation Report,REPORT / SNAPSHOT,F04.02.A03,NATIVE,Operate,Enterprise|Transaction|Target|Investment,F04,Investment / Development Appraisal [AGG-04-DEVELOPMENT],Report Builder|Snapshot View,strategy|market intelligence|target information|financial/legal evidence,investment decision|legal/finance due diligence|integration/transformation|portfolio strategy,"Point-in-time/as-of snapshot with source data, calculation/filter and publication provenance",candidate-explicit
EJOB-F04.02-PROFESSIONAL,Valuation Specialist,,Enterprise Direction & Growth — F04,JP-F04.02-PROFESSIONAL,reconciled-employment-profile,WP-W5-F04.02-PROFESSIONAL-004,Valuation Scenario Analysis,CALCULATION / MODEL,F04.02.A04,NATIVE,Operate,Enterprise|Transaction|Target|Investment,F04,Investment / Development Appraisal [AGG-04-DEVELOPMENT],Calculation Workbench|Enterprise Grid,strategy|market intelligence|target information|financial/legal evidence,investment decision|legal/finance due diligence|integration/transformation|portfolio strategy,"Versioned calculation/model with inputs, assumptions, method, scenario and result provenance",candidate-explicit
EJOB-F03.03-PROFESSIONAL,Variance Manager,,Enterprise Direction & Growth — F03,JP-F03.03-PROFESSIONAL,reconciled-employment-profile,WP-W5-F03.03-PROFESSIONAL-001,Performance Variance Case,CASE / ASSESSMENT,F03.03.A01|F03.03.A02,NATIVE,Operate,Enterprise|Performance Period|Objective|KPI,F03,Performance Observation / Variance [AGG-02-PERFORMANCE],Case Workspace|Assessment Form|Evidence Panel,strategy|objectives|KPI definitions|source performance observations,management review|strategy adjustment|corrective action|benefits decisions,"Evidence set, assessment rationale, findings, decisions/actions and closure history",candidate-explicit
EJOB-F03.03-PROFESSIONAL,Variance Manager,,Enterprise Direction & Growth — F03,JP-F03.03-PROFESSIONAL,reconciled-employment-profile,WP-W5-F03.03-PROFESSIONAL-002,Corrective Action Plan,CHANGE,F03.03.A03,NATIVE,Operate,Enterprise|Performance Period|Objective|KPI,F03,Performance Observation / Variance [AGG-02-PERFORMANCE],Change Workspace|Impact Assessment,strategy|objectives|KPI definitions|source performance observations,management review|strategy adjustment|corrective action|benefits decisions,"Baseline, impact assessment, authority decision, implementation and verification evidence",candidate-explicit
EJOB-F03.03-PROFESSIONAL,Variance Manager,,Enterprise Direction & Growth — F03,JP-F03.03-PROFESSIONAL,reconciled-employment-profile,WP-W5-F03.03-PROFESSIONAL-003,Recovery Status Report,REPORT / SNAPSHOT,F03.03.A04,NATIVE,Operate,Enterprise|Performance Period|Objective|KPI,F03,Performance Observation / Variance [AGG-02-PERFORMANCE],Report Builder|Snapshot View,strategy|objectives|KPI definitions|source performance observations,management review|strategy adjustment|corrective action|benefits decisions,"Point-in-time/as-of snapshot with source data, calculation/filter and publication provenance",candidate-explicit
