capability_id,function_code,function_name,l2_id,l2_name,activity_sequence,activity_name,work_pattern,native_engine_ids,shared_platform_engine_ids,canonical_object_mapping_status,implementation_reconciliation_status,effective_date
"NCC-F01.01-001","F01","Strategy & Enterprise Planning","F01.01","Vision & purpose","1","Define purpose","AUTHOR_CREATE","NTE-011;NTE-013","NTE-002;NTE-003;NTE-004;NTE-005;NTE-007;NTE-008;NTE-009","CANONICAL_OBJECT_MAPPING_PENDING","IMPLEMENTATION_RECONCILIATION_PENDING","2026-09-21"
"NCC-F01.01-002","F01","Strategy & Enterprise Planning","F01.01","Vision & purpose","2","define vision","AUTHOR_CREATE","NTE-011;NTE-013","NTE-002;NTE-003;NTE-004;NTE-005;NTE-007;NTE-008;NTE-009","CANONICAL_OBJECT_MAPPING_PENDING","IMPLEMENTATION_RECONCILIATION_PENDING","2026-09-21"
"NCC-F01.01-003","F01","Strategy & Enterprise Planning","F01.01","Vision & purpose","3","establish mission","AUTHOR_CREATE","NTE-011;NTE-013","NTE-002;NTE-003;NTE-004;NTE-005;NTE-007;NTE-008;NTE-009","CANONICAL_OBJECT_MAPPING_PENDING","IMPLEMENTATION_RECONCILIATION_PENDING","2026-09-21"
"NCC-F01.01-004","F01","Strategy & Enterprise Planning","F01.01","Vision & purpose","4","communicate direction","COMMUNICATE_PUBLISH","NTE-011;NTE-013","NTE-002;NTE-003;NTE-004;NTE-005;NTE-007;NTE-008;NTE-009","CANONICAL_OBJECT_MAPPING_PENDING","IMPLEMENTATION_RECONCILIATION_PENDING","2026-09-21"
"NCC-F01.01-005","F01","Strategy & Enterprise Planning","F01.01","Vision & purpose","5","review relevance","OPERATE","NTE-011;NTE-013","NTE-002;NTE-003;NTE-004;NTE-005;NTE-007;NTE-008;NTE-009","CANONICAL_OBJECT_MAPPING_PENDING","IMPLEMENTATION_RECONCILIATION_PENDING","2026-09-21"
"NCC-F01.02-001","F01","Strategy & Enterprise Planning","F01.02","Environmental analysis","1","Monitor economic conditions","ANALYSE","NTE-011;NTE-013","NTE-002;NTE-003;NTE-004;NTE-005;NTE-007;NTE-008;NTE-009","CANONICAL_OBJECT_MAPPING_PENDING","IMPLEMENTATION_RECONCILIATION_PENDING","2026-09-21"
"NCC-F01.02-002","F01","Strategy & Enterprise Planning","F01.02","Environmental analysis","2","analyse competitors","ANALYSE","NTE-011;NTE-013","NTE-002;NTE-003;NTE-004;NTE-005;NTE-007;NTE-008;NTE-009","CANONICAL_OBJECT_MAPPING_PENDING","IMPLEMENTATION_RECONCILIATION_PENDING","2026-09-21"
"NCC-F01.02-003","F01","Strategy & Enterprise Planning","F01.02","Environmental analysis","3","assess markets","ANALYSE","NTE-011;NTE-013","NTE-002;NTE-003;NTE-004;NTE-005;NTE-007;NTE-008;NTE-009","CANONICAL_OBJECT_MAPPING_PENDING","IMPLEMENTATION_RECONCILIATION_PENDING","2026-09-21"
"NCC-F01.02-004","F01","Strategy & Enterprise Planning","F01.02","Environmental analysis","4","analyse technology trends","ANALYSE","NTE-011;NTE-013","NTE-002;NTE-003;NTE-004;NTE-005;NTE-007;NTE-008;NTE-009","CANONICAL_OBJECT_MAPPING_PENDING","IMPLEMENTATION_RECONCILIATION_PENDING","2026-09-21"
"NCC-F01.02-005","F01","Strategy & Enterprise Planning","F01.02","Environmental analysis","5","analyse regulatory environment","ANALYSE","NTE-011;NTE-013","NTE-002;NTE-003;NTE-004;NTE-005;NTE-007;NTE-008;NTE-009","CANONICAL_OBJECT_MAPPING_PENDING","IMPLEMENTATION_RECONCILIATION_PENDING","2026-09-21"
"NCC-F01.02-006","F01","Strategy & Enterprise Planning","F01.02","Environmental analysis","6","identify opportunities/threats","OPERATE","NTE-011;NTE-013","NTE-002;NTE-003;NTE-004;NTE-005;NTE-007;NTE-008;NTE-009","CANONICAL_OBJECT_MAPPING_PENDING","IMPLEMENTATION_RECONCILIATION_PENDING","2026-09-21"
"NCC-F01.03-001","F01","Strategy & Enterprise Planning","F01.03","Strategic planning","1","Define objectives","AUTHOR_CREATE","NTE-011;NTE-013","NTE-002;NTE-003;NTE-004;NTE-005;NTE-007;NTE-008;NTE-009","CANONICAL_OBJECT_MAPPING_PENDING","IMPLEMENTATION_RECONCILIATION_PENDING","2026-09-21"
"NCC-F01.03-002","F01","Strategy & Enterprise Planning","F01.03","Strategic planning","2","develop strategic options","AUTHOR_CREATE","NTE-011;NTE-013","NTE-002;NTE-003;NTE-004;NTE-005;NTE-007;NTE-008;NTE-009","CANONICAL_OBJECT_MAPPING_PENDING","IMPLEMENTATION_RECONCILIATION_PENDING","2026-09-21"
"NCC-F01.03-003","F01","Strategy & Enterprise Planning","F01.03","Strategic planning","3","evaluate scenarios","PLAN_OPTIMISE","NTE-011;NTE-013","NTE-002;NTE-003;NTE-004;NTE-005;NTE-007;NTE-008;NTE-009","CANONICAL_OBJECT_MAPPING_PENDING","IMPLEMENTATION_RECONCILIATION_PENDING","2026-09-21"
"NCC-F01.03-004","F01","Strategy & Enterprise Planning","F01.03","Strategic planning","4","select strategy","OPERATE","NTE-011;NTE-013","NTE-002;NTE-003;NTE-004;NTE-005;NTE-007;NTE-008;NTE-009","CANONICAL_OBJECT_MAPPING_PENDING","IMPLEMENTATION_RECONCILIATION_PENDING","2026-09-21"
"NCC-F01.03-005","F01","Strategy & Enterprise Planning","F01.03","Strategic planning","5","establish strategic priorities","PLAN_OPTIMISE","NTE-011;NTE-013","NTE-002;NTE-003;NTE-004;NTE-005;NTE-007;NTE-008;NTE-009","CANONICAL_OBJECT_MAPPING_PENDING","IMPLEMENTATION_RECONCILIATION_PENDING","2026-09-21"
"NCC-F01.04-001","F01","Strategy & Enterprise Planning","F01.04","Business planning","1","Create annual plans","PLAN_OPTIMISE","NTE-011;NTE-013","NTE-002;NTE-003;NTE-004;NTE-005;NTE-007;NTE-008;NTE-009","CANONICAL_OBJECT_MAPPING_PENDING","IMPLEMENTATION_RECONCILIATION_PENDING","2026-09-21"
"NCC-F01.04-002","F01","Strategy & Enterprise Planning","F01.04","Business planning","2","establish business-unit plans","PLAN_OPTIMISE","NTE-011;NTE-013","NTE-002;NTE-003;NTE-004;NTE-005;NTE-007;NTE-008;NTE-009","CANONICAL_OBJECT_MAPPING_PENDING","IMPLEMENTATION_RECONCILIATION_PENDING","2026-09-21"
"NCC-F01.04-003","F01","Strategy & Enterprise Planning","F01.04","Business planning","3","define initiatives","AUTHOR_CREATE","NTE-011;NTE-013","NTE-002;NTE-003;NTE-004;NTE-005;NTE-007;NTE-008;NTE-009","CANONICAL_OBJECT_MAPPING_PENDING","IMPLEMENTATION_RECONCILIATION_PENDING","2026-09-21"
"NCC-F01.04-004","F01","Strategy & Enterprise Planning","F01.04","Business planning","4","assign ownership","OPERATE","NTE-011;NTE-013","NTE-002;NTE-003;NTE-004;NTE-005;NTE-007;NTE-008;NTE-009","CANONICAL_OBJECT_MAPPING_PENDING","IMPLEMENTATION_RECONCILIATION_PENDING","2026-09-21"
"NCC-F01.04-005","F01","Strategy & Enterprise Planning","F01.04","Business planning","5","approve plans","GOVERN_DECIDE","NTE-011;NTE-013","NTE-002;NTE-003;NTE-004;NTE-005;NTE-007;NTE-008;NTE-009","CANONICAL_OBJECT_MAPPING_PENDING","IMPLEMENTATION_RECONCILIATION_PENDING","2026-09-21"
"NCC-F01.05-001","F01","Strategy & Enterprise Planning","F01.05","Operating model","1","Define organisational capabilities","AUTHOR_CREATE","NTE-011;NTE-013","NTE-002;NTE-003;NTE-004;NTE-005;NTE-007;NTE-008;NTE-009","CANONICAL_OBJECT_MAPPING_PENDING","IMPLEMENTATION_RECONCILIATION_PENDING","2026-09-21"
"NCC-F01.05-002","F01","Strategy & Enterprise Planning","F01.05","Operating model","2","design structures","AUTHOR_CREATE","NTE-011;NTE-013","NTE-002;NTE-003;NTE-004;NTE-005;NTE-007;NTE-008;NTE-009","CANONICAL_OBJECT_MAPPING_PENDING","IMPLEMENTATION_RECONCILIATION_PENDING","2026-09-21"
"NCC-F01.05-003","F01","Strategy & Enterprise Planning","F01.05","Operating model","3","determine centralisation/decentralisation","OPERATE","NTE-011;NTE-013","NTE-002;NTE-003;NTE-004;NTE-005;NTE-007;NTE-008;NTE-009","CANONICAL_OBJECT_MAPPING_PENDING","IMPLEMENTATION_RECONCILIATION_PENDING","2026-09-21"
"NCC-F01.05-004","F01","Strategy & Enterprise Planning","F01.05","Operating model","4","establish shared services","AUTHOR_CREATE","NTE-011;NTE-013","NTE-002;NTE-003;NTE-004;NTE-005;NTE-007;NTE-008;NTE-009","CANONICAL_OBJECT_MAPPING_PENDING","IMPLEMENTATION_RECONCILIATION_PENDING","2026-09-21"
"NCC-F01.05-005","F01","Strategy & Enterprise Planning","F01.05","Operating model","5","define accountabilities","AUTHOR_CREATE","NTE-011;NTE-013","NTE-002;NTE-003;NTE-004;NTE-005;NTE-007;NTE-008;NTE-009","CANONICAL_OBJECT_MAPPING_PENDING","IMPLEMENTATION_RECONCILIATION_PENDING","2026-09-21"
"NCC-F01.06-001","F01","Strategy & Enterprise Planning","F01.06","Goal & KPI management","1","Define KPIs","AUTHOR_CREATE","NTE-011;NTE-013;NTE-033","NTE-002;NTE-003;NTE-004;NTE-005;NTE-007;NTE-008;NTE-009","CANONICAL_OBJECT_MAPPING_PENDING","IMPLEMENTATION_RECONCILIATION_PENDING","2026-09-21"
"NCC-F01.06-002","F01","Strategy & Enterprise Planning","F01.06","Goal & KPI management","2","set targets","OPERATE","NTE-011;NTE-013;NTE-033","NTE-002;NTE-003;NTE-004;NTE-005;NTE-007;NTE-008;NTE-009","CANONICAL_OBJECT_MAPPING_PENDING","IMPLEMENTATION_RECONCILIATION_PENDING","2026-09-21"
"NCC-F01.06-003","F01","Strategy & Enterprise Planning","F01.06","Goal & KPI management","3","establish baselines","AUTHOR_CREATE","NTE-011;NTE-013;NTE-033","NTE-002;NTE-003;NTE-004;NTE-005;NTE-007;NTE-008;NTE-009","CANONICAL_OBJECT_MAPPING_PENDING","IMPLEMENTATION_RECONCILIATION_PENDING","2026-09-21"
"NCC-F01.06-004","F01","Strategy & Enterprise Planning","F01.06","Goal & KPI management","4","monitor performance","ANALYSE","NTE-011;NTE-013;NTE-033","NTE-002;NTE-003;NTE-004;NTE-005;NTE-007;NTE-008;NTE-009","CANONICAL_OBJECT_MAPPING_PENDING","IMPLEMENTATION_RECONCILIATION_PENDING","2026-09-21"
"NCC-F01.06-005","F01","Strategy & Enterprise Planning","F01.06","Goal & KPI management","5","analyse variance","ANALYSE","NTE-011;NTE-013;NTE-033","NTE-002;NTE-003;NTE-004;NTE-005;NTE-007;NTE-008;NTE-009","CANONICAL_OBJECT_MAPPING_PENDING","IMPLEMENTATION_RECONCILIATION_PENDING","2026-09-21"
"NCC-F01.06-006","F01","Strategy & Enterprise Planning","F01.06","Goal & KPI management","6","initiate corrective action","EXCEPTION_IMPROVE","NTE-011;NTE-013;NTE-033","NTE-002;NTE-003;NTE-004;NTE-005;NTE-007;NTE-008;NTE-009","CANONICAL_OBJECT_MAPPING_PENDING","IMPLEMENTATION_RECONCILIATION_PENDING","2026-09-21"
"NCC-F01.07-001","F01","Strategy & Enterprise Planning","F01.07","Strategic review","1","Conduct strategy reviews","OPERATE","NTE-011;NTE-013","NTE-002;NTE-003;NTE-004;NTE-005;NTE-007;NTE-008;NTE-009","CANONICAL_OBJECT_MAPPING_PENDING","IMPLEMENTATION_RECONCILIATION_PENDING","2026-09-21"
"NCC-F01.07-002","F01","Strategy & Enterprise Planning","F01.07","Strategic review","2","reassess assumptions","ANALYSE","NTE-011;NTE-013","NTE-002;NTE-003;NTE-004;NTE-005;NTE-007;NTE-008;NTE-009","CANONICAL_OBJECT_MAPPING_PENDING","IMPLEMENTATION_RECONCILIATION_PENDING","2026-09-21"
"NCC-F01.07-003","F01","Strategy & Enterprise Planning","F01.07","Strategic review","3","evaluate progress","ANALYSE","NTE-011;NTE-013","NTE-002;NTE-003;NTE-004;NTE-005;NTE-007;NTE-008;NTE-009","CANONICAL_OBJECT_MAPPING_PENDING","IMPLEMENTATION_RECONCILIATION_PENDING","2026-09-21"
"NCC-F01.07-004","F01","Strategy & Enterprise Planning","F01.07","Strategic review","4","reprioritise initiatives","PLAN_OPTIMISE","NTE-011;NTE-013","NTE-002;NTE-003;NTE-004;NTE-005;NTE-007;NTE-008;NTE-009","CANONICAL_OBJECT_MAPPING_PENDING","IMPLEMENTATION_RECONCILIATION_PENDING","2026-09-21"
"NCC-F01.07-005","F01","Strategy & Enterprise Planning","F01.07","Strategic review","5","adjust strategy","OPERATE","NTE-011;NTE-013","NTE-002;NTE-003;NTE-004;NTE-005;NTE-007;NTE-008;NTE-009","CANONICAL_OBJECT_MAPPING_PENDING","IMPLEMENTATION_RECONCILIATION_PENDING","2026-09-21"
"NCC-F01.08-001","F01","Strategy & Enterprise Planning","F01.08","Scenario & foresight planning","1","Develop scenarios","PLAN_OPTIMISE","NTE-011;NTE-013","NTE-002;NTE-003;NTE-004;NTE-005;NTE-007;NTE-008;NTE-009","CANONICAL_OBJECT_MAPPING_PENDING","IMPLEMENTATION_RECONCILIATION_PENDING","2026-09-21"
"NCC-F01.08-002","F01","Strategy & Enterprise Planning","F01.08","Scenario & foresight planning","2","model future conditions","OPERATE","NTE-011;NTE-013","NTE-002;NTE-003;NTE-004;NTE-005;NTE-007;NTE-008;NTE-009","CANONICAL_OBJECT_MAPPING_PENDING","IMPLEMENTATION_RECONCILIATION_PENDING","2026-09-21"
"NCC-F01.08-003","F01","Strategy & Enterprise Planning","F01.08","Scenario & foresight planning","3","conduct sensitivity analysis","OPERATE","NTE-011;NTE-013","NTE-002;NTE-003;NTE-004;NTE-005;NTE-007;NTE-008;NTE-009","CANONICAL_OBJECT_MAPPING_PENDING","IMPLEMENTATION_RECONCILIATION_PENDING","2026-09-21"
"NCC-F01.08-004","F01","Strategy & Enterprise Planning","F01.08","Scenario & foresight planning","4","develop contingency strategies","AUTHOR_CREATE","NTE-011;NTE-013","NTE-002;NTE-003;NTE-004;NTE-005;NTE-007;NTE-008;NTE-009","CANONICAL_OBJECT_MAPPING_PENDING","IMPLEMENTATION_RECONCILIATION_PENDING","2026-09-21"
"NCC-F02.01-001","F02","Corporate Governance","F02.01","Board governance","1","Schedule meetings","PLAN_OPTIMISE","NTE-012;NTE-002;NTE-004","NTE-002;NTE-003;NTE-004;NTE-005;NTE-007;NTE-008;NTE-009","CANONICAL_OBJECT_MAPPING_PENDING","IMPLEMENTATION_RECONCILIATION_PENDING","2026-09-21"
"NCC-F02.01-002","F02","Corporate Governance","F02.01","Board governance","2","prepare board packs","AUTHOR_CREATE","NTE-012;NTE-002;NTE-004","NTE-002;NTE-003;NTE-004;NTE-005;NTE-007;NTE-008;NTE-009","CANONICAL_OBJECT_MAPPING_PENDING","IMPLEMENTATION_RECONCILIATION_PENDING","2026-09-21"
"NCC-F02.01-003","F02","Corporate Governance","F02.01","Board governance","3","record minutes","OPERATE","NTE-012;NTE-002;NTE-004","NTE-002;NTE-003;NTE-004;NTE-005;NTE-007;NTE-008;NTE-009","CANONICAL_OBJECT_MAPPING_PENDING","IMPLEMENTATION_RECONCILIATION_PENDING","2026-09-21"
"NCC-F02.01-004","F02","Corporate Governance","F02.01","Board governance","4","manage resolutions","OPERATE","NTE-012;NTE-002;NTE-004","NTE-002;NTE-003;NTE-004;NTE-005;NTE-007;NTE-008;NTE-009","CANONICAL_OBJECT_MAPPING_PENDING","IMPLEMENTATION_RECONCILIATION_PENDING","2026-09-21"
"NCC-F02.01-005","F02","Corporate Governance","F02.01","Board governance","5","monitor actions","ANALYSE","NTE-012;NTE-002;NTE-004","NTE-002;NTE-003;NTE-004;NTE-005;NTE-007;NTE-008;NTE-009","CANONICAL_OBJECT_MAPPING_PENDING","IMPLEMENTATION_RECONCILIATION_PENDING","2026-09-21"
"NCC-F02.02-001","F02","Corporate Governance","F02.02","Governance framework","1","Establish governance policies","AUTHOR_CREATE","NTE-012;NTE-002;NTE-004","NTE-002;NTE-003;NTE-004;NTE-005;NTE-007;NTE-008;NTE-009","CANONICAL_OBJECT_MAPPING_PENDING","IMPLEMENTATION_RECONCILIATION_PENDING","2026-09-21"
"NCC-F02.02-002","F02","Corporate Governance","F02.02","Governance framework","2","define authorities","AUTHOR_CREATE","NTE-012;NTE-002;NTE-004","NTE-002;NTE-003;NTE-004;NTE-005;NTE-007;NTE-008;NTE-009","CANONICAL_OBJECT_MAPPING_PENDING","IMPLEMENTATION_RECONCILIATION_PENDING","2026-09-21"
"NCC-F02.02-003","F02","Corporate Governance","F02.02","Governance framework","3","assign decision rights","GOVERN_DECIDE","NTE-012;NTE-002;NTE-004","NTE-002;NTE-003;NTE-004;NTE-005;NTE-007;NTE-008;NTE-009","CANONICAL_OBJECT_MAPPING_PENDING","IMPLEMENTATION_RECONCILIATION_PENDING","2026-09-21"
"NCC-F02.02-004","F02","Corporate Governance","F02.02","Governance framework","4","maintain governance structure","OPERATE","NTE-012;NTE-002;NTE-004","NTE-002;NTE-003;NTE-004;NTE-005;NTE-007;NTE-008;NTE-009","CANONICAL_OBJECT_MAPPING_PENDING","IMPLEMENTATION_RECONCILIATION_PENDING","2026-09-21"
"NCC-F02.03-001","F02","Corporate Governance","F02.03","Delegation of authority","1","Define approval thresholds","AUTHOR_CREATE","NTE-012;NTE-002;NTE-004","NTE-002;NTE-003;NTE-004;NTE-005;NTE-007;NTE-008;NTE-009","CANONICAL_OBJECT_MAPPING_PENDING","IMPLEMENTATION_RECONCILIATION_PENDING","2026-09-21"
"NCC-F02.03-002","F02","Corporate Governance","F02.03","Delegation of authority","2","assign authorities","OPERATE","NTE-012;NTE-002;NTE-004","NTE-002;NTE-003;NTE-004;NTE-005;NTE-007;NTE-008;NTE-009","CANONICAL_OBJECT_MAPPING_PENDING","IMPLEMENTATION_RECONCILIATION_PENDING","2026-09-21"
"NCC-F02.03-003","F02","Corporate Governance","F02.03","Delegation of authority","3","maintain delegation matrix","OPERATE","NTE-012;NTE-002;NTE-004","NTE-002;NTE-003;NTE-004;NTE-005;NTE-007;NTE-008;NTE-009","CANONICAL_OBJECT_MAPPING_PENDING","IMPLEMENTATION_RECONCILIATION_PENDING","2026-09-21"
"NCC-F02.03-004","F02","Corporate Governance","F02.03","Delegation of authority","4","monitor compliance","ANALYSE","NTE-012;NTE-002;NTE-004","NTE-002;NTE-003;NTE-004;NTE-005;NTE-007;NTE-008;NTE-009","CANONICAL_OBJECT_MAPPING_PENDING","IMPLEMENTATION_RECONCILIATION_PENDING","2026-09-21"
"NCC-F02.04-001","F02","Corporate Governance","F02.04","Executive management","1","Conduct executive reviews","OPERATE","NTE-012;NTE-002;NTE-004","NTE-002;NTE-003;NTE-004;NTE-005;NTE-007;NTE-008;NTE-009","CANONICAL_OBJECT_MAPPING_PENDING","IMPLEMENTATION_RECONCILIATION_PENDING","2026-09-21"
"NCC-F02.04-002","F02","Corporate Governance","F02.04","Executive management","2","make enterprise decisions","GOVERN_DECIDE","NTE-012;NTE-002;NTE-004","NTE-002;NTE-003;NTE-004;NTE-005;NTE-007;NTE-008;NTE-009","CANONICAL_OBJECT_MAPPING_PENDING","IMPLEMENTATION_RECONCILIATION_PENDING","2026-09-21"
"NCC-F02.04-003","F02","Corporate Governance","F02.04","Executive management","3","resolve escalations","EXCEPTION_IMPROVE","NTE-012;NTE-002;NTE-004","NTE-002;NTE-003;NTE-004;NTE-005;NTE-007;NTE-008;NTE-009","CANONICAL_OBJECT_MAPPING_PENDING","IMPLEMENTATION_RECONCILIATION_PENDING","2026-09-21"
"NCC-F02.04-004","F02","Corporate Governance","F02.04","Executive management","4","approve investments","GOVERN_DECIDE","NTE-012;NTE-002;NTE-004","NTE-002;NTE-003;NTE-004;NTE-005;NTE-007;NTE-008;NTE-009","CANONICAL_OBJECT_MAPPING_PENDING","IMPLEMENTATION_RECONCILIATION_PENDING","2026-09-21"
"NCC-F02.05-001","F02","Corporate Governance","F02.05","Committee governance","1","Establish committees","AUTHOR_CREATE","NTE-012;NTE-002;NTE-004","NTE-002;NTE-003;NTE-004;NTE-005;NTE-007;NTE-008;NTE-009","CANONICAL_OBJECT_MAPPING_PENDING","IMPLEMENTATION_RECONCILIATION_PENDING","2026-09-21"
"NCC-F02.05-002","F02","Corporate Governance","F02.05","Committee governance","2","define terms of reference","AUTHOR_CREATE","NTE-012;NTE-002;NTE-004","NTE-002;NTE-003;NTE-004;NTE-005;NTE-007;NTE-008;NTE-009","CANONICAL_OBJECT_MAPPING_PENDING","IMPLEMENTATION_RECONCILIATION_PENDING","2026-09-21"
"NCC-F02.05-003","F02","Corporate Governance","F02.05","Committee governance","3","schedule meetings","PLAN_OPTIMISE","NTE-012;NTE-002;NTE-004","NTE-002;NTE-003;NTE-004;NTE-005;NTE-007;NTE-008;NTE-009","CANONICAL_OBJECT_MAPPING_PENDING","IMPLEMENTATION_RECONCILIATION_PENDING","2026-09-21"
"NCC-F02.05-004","F02","Corporate Governance","F02.05","Committee governance","4","record decisions","GOVERN_DECIDE","NTE-012;NTE-002;NTE-004","NTE-002;NTE-003;NTE-004;NTE-005;NTE-007;NTE-008;NTE-009","CANONICAL_OBJECT_MAPPING_PENDING","IMPLEMENTATION_RECONCILIATION_PENDING","2026-09-21"
"NCC-F02.05-005","F02","Corporate Governance","F02.05","Committee governance","5","track actions","ANALYSE","NTE-012;NTE-002;NTE-004","NTE-002;NTE-003;NTE-004;NTE-005;NTE-007;NTE-008;NTE-009","CANONICAL_OBJECT_MAPPING_PENDING","IMPLEMENTATION_RECONCILIATION_PENDING","2026-09-21"
"NCC-F02.06-001","F02","Corporate Governance","F02.06","Policy governance","1","Draft policies","AUTHOR_CREATE","NTE-012;NTE-002;NTE-004;NTE-043","NTE-002;NTE-003;NTE-004;NTE-005;NTE-007;NTE-008;NTE-009","CANONICAL_OBJECT_MAPPING_PENDING","IMPLEMENTATION_RECONCILIATION_PENDING","2026-09-21"
"NCC-F02.06-002","F02","Corporate Governance","F02.06","Policy governance","2","review policies","OPERATE","NTE-012;NTE-002;NTE-004;NTE-043","NTE-002;NTE-003;NTE-004;NTE-005;NTE-007;NTE-008;NTE-009","CANONICAL_OBJECT_MAPPING_PENDING","IMPLEMENTATION_RECONCILIATION_PENDING","2026-09-21"
"NCC-F02.06-003","F02","Corporate Governance","F02.06","Policy governance","3","obtain approvals","OPERATE","NTE-012;NTE-002;NTE-004;NTE-043","NTE-002;NTE-003;NTE-004;NTE-005;NTE-007;NTE-008;NTE-009","CANONICAL_OBJECT_MAPPING_PENDING","IMPLEMENTATION_RECONCILIATION_PENDING","2026-09-21"
"NCC-F02.06-004","F02","Corporate Governance","F02.06","Policy governance","4","publish policies","COMMUNICATE_PUBLISH","NTE-012;NTE-002;NTE-004;NTE-043","NTE-002;NTE-003;NTE-004;NTE-005;NTE-007;NTE-008;NTE-009","CANONICAL_OBJECT_MAPPING_PENDING","IMPLEMENTATION_RECONCILIATION_PENDING","2026-09-21"
"NCC-F02.06-005","F02","Corporate Governance","F02.06","Policy governance","5","monitor adherence","ANALYSE","NTE-012;NTE-002;NTE-004;NTE-043","NTE-002;NTE-003;NTE-004;NTE-005;NTE-007;NTE-008;NTE-009","CANONICAL_OBJECT_MAPPING_PENDING","IMPLEMENTATION_RECONCILIATION_PENDING","2026-09-21"
"NCC-F02.07-001","F02","Corporate Governance","F02.07","Ethics governance","1","Establish code of conduct","AUTHOR_CREATE","NTE-012;NTE-002;NTE-004;NTE-037","NTE-002;NTE-003;NTE-004;NTE-005;NTE-007;NTE-008;NTE-009","CANONICAL_OBJECT_MAPPING_PENDING","IMPLEMENTATION_RECONCILIATION_PENDING","2026-09-21"
"NCC-F02.07-002","F02","Corporate Governance","F02.07","Ethics governance","2","manage declarations","OPERATE","NTE-012;NTE-002;NTE-004;NTE-037","NTE-002;NTE-003;NTE-004;NTE-005;NTE-007;NTE-008;NTE-009","CANONICAL_OBJECT_MAPPING_PENDING","IMPLEMENTATION_RECONCILIATION_PENDING","2026-09-21"
"NCC-F02.07-003","F02","Corporate Governance","F02.07","Ethics governance","3","monitor ethical issues","ANALYSE","NTE-012;NTE-002;NTE-004;NTE-037","NTE-002;NTE-003;NTE-004;NTE-005;NTE-007;NTE-008;NTE-009","CANONICAL_OBJECT_MAPPING_PENDING","IMPLEMENTATION_RECONCILIATION_PENDING","2026-09-21"
"NCC-F02.07-004","F02","Corporate Governance","F02.07","Ethics governance","4","investigate breaches","EXCEPTION_IMPROVE","NTE-012;NTE-002;NTE-004;NTE-037","NTE-002;NTE-003;NTE-004;NTE-005;NTE-007;NTE-008;NTE-009","CANONICAL_OBJECT_MAPPING_PENDING","IMPLEMENTATION_RECONCILIATION_PENDING","2026-09-21"
"NCC-F03.01-001","F03","Enterprise Performance Management","F03.01","Performance framework","1","Establish scorecards","ANALYSE","NTE-013;NTE-033","NTE-002;NTE-003;NTE-004;NTE-005;NTE-007;NTE-008;NTE-009","CANONICAL_OBJECT_MAPPING_PENDING","IMPLEMENTATION_RECONCILIATION_PENDING","2026-09-21"
"NCC-F03.01-002","F03","Enterprise Performance Management","F03.01","Performance framework","2","define performance hierarchy","AUTHOR_CREATE","NTE-013;NTE-033","NTE-002;NTE-003;NTE-004;NTE-005;NTE-007;NTE-008;NTE-009","CANONICAL_OBJECT_MAPPING_PENDING","IMPLEMENTATION_RECONCILIATION_PENDING","2026-09-21"
"NCC-F03.01-003","F03","Enterprise Performance Management","F03.01","Performance framework","3","map KPIs to objectives","AUTHOR_CREATE","NTE-013;NTE-033","NTE-002;NTE-003;NTE-004;NTE-005;NTE-007;NTE-008;NTE-009","CANONICAL_OBJECT_MAPPING_PENDING","IMPLEMENTATION_RECONCILIATION_PENDING","2026-09-21"
"NCC-F03.02-001","F03","Enterprise Performance Management","F03.02","Performance reporting","1","Collect performance data","OPERATE","NTE-013;NTE-033","NTE-002;NTE-003;NTE-004;NTE-005;NTE-007;NTE-008;NTE-009","CANONICAL_OBJECT_MAPPING_PENDING","IMPLEMENTATION_RECONCILIATION_PENDING","2026-09-21"
"NCC-F03.02-002","F03","Enterprise Performance Management","F03.02","Performance reporting","2","calculate metrics","ANALYSE","NTE-013;NTE-033","NTE-002;NTE-003;NTE-004;NTE-005;NTE-007;NTE-008;NTE-009","CANONICAL_OBJECT_MAPPING_PENDING","IMPLEMENTATION_RECONCILIATION_PENDING","2026-09-21"
"NCC-F03.02-003","F03","Enterprise Performance Management","F03.02","Performance reporting","3","publish dashboards","COMMUNICATE_PUBLISH","NTE-013;NTE-033","NTE-002;NTE-003;NTE-004;NTE-005;NTE-007;NTE-008;NTE-009","CANONICAL_OBJECT_MAPPING_PENDING","IMPLEMENTATION_RECONCILIATION_PENDING","2026-09-21"
"NCC-F03.02-004","F03","Enterprise Performance Management","F03.02","Performance reporting","4","distribute reports","COMMUNICATE_PUBLISH","NTE-013;NTE-033","NTE-002;NTE-003;NTE-004;NTE-005;NTE-007;NTE-008;NTE-009","CANONICAL_OBJECT_MAPPING_PENDING","IMPLEMENTATION_RECONCILIATION_PENDING","2026-09-21"
"NCC-F03.03-001","F03","Enterprise Performance Management","F03.03","Variance management","1","Identify variance","OPERATE","NTE-013;NTE-033","NTE-002;NTE-003;NTE-004;NTE-005;NTE-007;NTE-008;NTE-009","CANONICAL_OBJECT_MAPPING_PENDING","IMPLEMENTATION_RECONCILIATION_PENDING","2026-09-21"
"NCC-F03.03-002","F03","Enterprise Performance Management","F03.03","Variance management","2","analyse root cause","EXCEPTION_IMPROVE","NTE-013;NTE-033","NTE-002;NTE-003;NTE-004;NTE-005;NTE-007;NTE-008;NTE-009","CANONICAL_OBJECT_MAPPING_PENDING","IMPLEMENTATION_RECONCILIATION_PENDING","2026-09-21"
"NCC-F03.03-003","F03","Enterprise Performance Management","F03.03","Variance management","3","assign corrective action","EXCEPTION_IMPROVE","NTE-013;NTE-033","NTE-002;NTE-003;NTE-004;NTE-005;NTE-007;NTE-008;NTE-009","CANONICAL_OBJECT_MAPPING_PENDING","IMPLEMENTATION_RECONCILIATION_PENDING","2026-09-21"
"NCC-F03.03-004","F03","Enterprise Performance Management","F03.03","Variance management","4","monitor recovery","EXCEPTION_IMPROVE","NTE-013;NTE-033","NTE-002;NTE-003;NTE-004;NTE-005;NTE-007;NTE-008;NTE-009","CANONICAL_OBJECT_MAPPING_PENDING","IMPLEMENTATION_RECONCILIATION_PENDING","2026-09-21"
"NCC-F03.04-001","F03","Enterprise Performance Management","F03.04","Management review","1","Conduct operational reviews","OPERATE","NTE-013;NTE-033","NTE-002;NTE-003;NTE-004;NTE-005;NTE-007;NTE-008;NTE-009","CANONICAL_OBJECT_MAPPING_PENDING","IMPLEMENTATION_RECONCILIATION_PENDING","2026-09-21"
"NCC-F03.04-002","F03","Enterprise Performance Management","F03.04","Management review","2","review forecasts","PLAN_OPTIMISE","NTE-013;NTE-033","NTE-002;NTE-003;NTE-004;NTE-005;NTE-007;NTE-008;NTE-009","CANONICAL_OBJECT_MAPPING_PENDING","IMPLEMENTATION_RECONCILIATION_PENDING","2026-09-21"
"NCC-F03.04-003","F03","Enterprise Performance Management","F03.04","Management review","3","challenge performance","GOVERN_DECIDE","NTE-013;NTE-033","NTE-002;NTE-003;NTE-004;NTE-005;NTE-007;NTE-008;NTE-009","CANONICAL_OBJECT_MAPPING_PENDING","IMPLEMENTATION_RECONCILIATION_PENDING","2026-09-21"
"NCC-F03.04-004","F03","Enterprise Performance Management","F03.04","Management review","4","record decisions","GOVERN_DECIDE","NTE-013;NTE-033","NTE-002;NTE-003;NTE-004;NTE-005;NTE-007;NTE-008;NTE-009","CANONICAL_OBJECT_MAPPING_PENDING","IMPLEMENTATION_RECONCILIATION_PENDING","2026-09-21"
"NCC-F03.05-001","F03","Enterprise Performance Management","F03.05","Benchmarking","1","Select benchmarks","OPERATE","NTE-013;NTE-033","NTE-002;NTE-003;NTE-004;NTE-005;NTE-007;NTE-008;NTE-009","CANONICAL_OBJECT_MAPPING_PENDING","IMPLEMENTATION_RECONCILIATION_PENDING","2026-09-21"
"NCC-F03.05-002","F03","Enterprise Performance Management","F03.05","Benchmarking","2","collect comparable data","OPERATE","NTE-013;NTE-033","NTE-002;NTE-003;NTE-004;NTE-005;NTE-007;NTE-008;NTE-009","CANONICAL_OBJECT_MAPPING_PENDING","IMPLEMENTATION_RECONCILIATION_PENDING","2026-09-21"
"NCC-F03.05-003","F03","Enterprise Performance Management","F03.05","Benchmarking","3","compare performance","ANALYSE","NTE-013;NTE-033","NTE-002;NTE-003;NTE-004;NTE-005;NTE-007;NTE-008;NTE-009","CANONICAL_OBJECT_MAPPING_PENDING","IMPLEMENTATION_RECONCILIATION_PENDING","2026-09-21"
"NCC-F03.05-004","F03","Enterprise Performance Management","F03.05","Benchmarking","4","identify performance gaps","OPERATE","NTE-013;NTE-033","NTE-002;NTE-003;NTE-004;NTE-005;NTE-007;NTE-008;NTE-009","CANONICAL_OBJECT_MAPPING_PENDING","IMPLEMENTATION_RECONCILIATION_PENDING","2026-09-21"
"NCC-F03.06-001","F03","Enterprise Performance Management","F03.06","Benefits realisation","1","Define benefits","AUTHOR_CREATE","NTE-013;NTE-033","NTE-002;NTE-003;NTE-004;NTE-005;NTE-007;NTE-008;NTE-009","CANONICAL_OBJECT_MAPPING_PENDING","IMPLEMENTATION_RECONCILIATION_PENDING","2026-09-21"
"NCC-F03.06-002","F03","Enterprise Performance Management","F03.06","Benefits realisation","2","establish baselines","AUTHOR_CREATE","NTE-013;NTE-033","NTE-002;NTE-003;NTE-004;NTE-005;NTE-007;NTE-008;NTE-009","CANONICAL_OBJECT_MAPPING_PENDING","IMPLEMENTATION_RECONCILIATION_PENDING","2026-09-21"
"NCC-F03.06-003","F03","Enterprise Performance Management","F03.06","Benefits realisation","3","measure benefits","ANALYSE","NTE-013;NTE-033","NTE-002;NTE-003;NTE-004;NTE-005;NTE-007;NTE-008;NTE-009","CANONICAL_OBJECT_MAPPING_PENDING","IMPLEMENTATION_RECONCILIATION_PENDING","2026-09-21"
"NCC-F03.06-004","F03","Enterprise Performance Management","F03.06","Benefits realisation","4","validate outcomes","ASSURE_VERIFY","NTE-013;NTE-033","NTE-002;NTE-003;NTE-004;NTE-005;NTE-007;NTE-008;NTE-009","CANONICAL_OBJECT_MAPPING_PENDING","IMPLEMENTATION_RECONCILIATION_PENDING","2026-09-21"
"NCC-F03.06-005","F03","Enterprise Performance Management","F03.06","Benefits realisation","5","report realised value","OPERATE","NTE-013;NTE-033","NTE-002;NTE-003;NTE-004;NTE-005;NTE-007;NTE-008;NTE-009","CANONICAL_OBJECT_MAPPING_PENDING","IMPLEMENTATION_RECONCILIATION_PENDING","2026-09-21"
"NCC-F04.01-001","F04","Corporate Development & M&A","F04.01","Opportunity identification","1","Identify acquisition/merger/divestment opportunities","OPERATE","NTE-014","NTE-002;NTE-003;NTE-004;NTE-005;NTE-007;NTE-008;NTE-009","CANONICAL_OBJECT_MAPPING_PENDING","IMPLEMENTATION_RECONCILIATION_PENDING","2026-09-21"
"NCC-F04.01-002","F04","Corporate Development & M&A","F04.01","Opportunity identification","2","screen targets","OPERATE","NTE-014","NTE-002;NTE-003;NTE-004;NTE-005;NTE-007;NTE-008;NTE-009","CANONICAL_OBJECT_MAPPING_PENDING","IMPLEMENTATION_RECONCILIATION_PENDING","2026-09-21"
"NCC-F04.01-003","F04","Corporate Development & M&A","F04.01","Opportunity identification","3","evaluate strategic fit","ANALYSE","NTE-014","NTE-002;NTE-003;NTE-004;NTE-005;NTE-007;NTE-008;NTE-009","CANONICAL_OBJECT_MAPPING_PENDING","IMPLEMENTATION_RECONCILIATION_PENDING","2026-09-21"
"NCC-F04.02-001","F04","Corporate Development & M&A","F04.02","Valuation","1","Develop financial models","AUTHOR_CREATE","NTE-014;NTE-026","NTE-002;NTE-003;NTE-004;NTE-005;NTE-007;NTE-008;NTE-009","CANONICAL_OBJECT_MAPPING_PENDING","IMPLEMENTATION_RECONCILIATION_PENDING","2026-09-21"
"NCC-F04.02-002","F04","Corporate Development & M&A","F04.02","Valuation","2","estimate synergies","OPERATE","NTE-014;NTE-026","NTE-002;NTE-003;NTE-004;NTE-005;NTE-007;NTE-008;NTE-009","CANONICAL_OBJECT_MAPPING_PENDING","IMPLEMENTATION_RECONCILIATION_PENDING","2026-09-21"
"NCC-F04.02-003","F04","Corporate Development & M&A","F04.02","Valuation","3","value businesses/assets","OPERATE","NTE-014;NTE-026","NTE-002;NTE-003;NTE-004;NTE-005;NTE-007;NTE-008;NTE-009","CANONICAL_OBJECT_MAPPING_PENDING","IMPLEMENTATION_RECONCILIATION_PENDING","2026-09-21"
"NCC-F04.02-004","F04","Corporate Development & M&A","F04.02","Valuation","4","assess scenarios","PLAN_OPTIMISE","NTE-014;NTE-026","NTE-002;NTE-003;NTE-004;NTE-005;NTE-007;NTE-008;NTE-009","CANONICAL_OBJECT_MAPPING_PENDING","IMPLEMENTATION_RECONCILIATION_PENDING","2026-09-21"
"NCC-F04.03-001","F04","Corporate Development & M&A","F04.03","Due diligence","1","Review finance","OPERATE","NTE-014;NTE-037;NTE-043","NTE-002;NTE-003;NTE-004;NTE-005;NTE-007;NTE-008;NTE-009","CANONICAL_OBJECT_MAPPING_PENDING","IMPLEMENTATION_RECONCILIATION_PENDING","2026-09-21"
"NCC-F04.03-002","F04","Corporate Development & M&A","F04.03","Due diligence","2","operations","OPERATE","NTE-014;NTE-037;NTE-043","NTE-002;NTE-003;NTE-004;NTE-005;NTE-007;NTE-008;NTE-009","CANONICAL_OBJECT_MAPPING_PENDING","IMPLEMENTATION_RECONCILIATION_PENDING","2026-09-21"
"NCC-F04.03-003","F04","Corporate Development & M&A","F04.03","Due diligence","3","technology","OPERATE","NTE-014;NTE-037;NTE-043","NTE-002;NTE-003;NTE-004;NTE-005;NTE-007;NTE-008;NTE-009","CANONICAL_OBJECT_MAPPING_PENDING","IMPLEMENTATION_RECONCILIATION_PENDING","2026-09-21"
"NCC-F04.03-004","F04","Corporate Development & M&A","F04.03","Due diligence","4","people","OPERATE","NTE-014;NTE-037;NTE-043","NTE-002;NTE-003;NTE-004;NTE-005;NTE-007;NTE-008;NTE-009","CANONICAL_OBJECT_MAPPING_PENDING","IMPLEMENTATION_RECONCILIATION_PENDING","2026-09-21"
"NCC-F04.03-005","F04","Corporate Development & M&A","F04.03","Due diligence","5","legal","OPERATE","NTE-014;NTE-037;NTE-043","NTE-002;NTE-003;NTE-004;NTE-005;NTE-007;NTE-008;NTE-009","CANONICAL_OBJECT_MAPPING_PENDING","IMPLEMENTATION_RECONCILIATION_PENDING","2026-09-21"
"NCC-F04.03-006","F04","Corporate Development & M&A","F04.03","Due diligence","6","tax","OPERATE","NTE-014;NTE-037;NTE-043","NTE-002;NTE-003;NTE-004;NTE-005;NTE-007;NTE-008;NTE-009","CANONICAL_OBJECT_MAPPING_PENDING","IMPLEMENTATION_RECONCILIATION_PENDING","2026-09-21"
"NCC-F04.03-007","F04","Corporate Development & M&A","F04.03","Due diligence","7","commercial and risk information","OPERATE","NTE-014;NTE-037;NTE-043","NTE-002;NTE-003;NTE-004;NTE-005;NTE-007;NTE-008;NTE-009","CANONICAL_OBJECT_MAPPING_PENDING","IMPLEMENTATION_RECONCILIATION_PENDING","2026-09-21"
"NCC-F04.04-001","F04","Corporate Development & M&A","F04.04","Transaction management","1","Structure transaction","OPERATE","NTE-014","NTE-002;NTE-003;NTE-004;NTE-005;NTE-007;NTE-008;NTE-009","CANONICAL_OBJECT_MAPPING_PENDING","IMPLEMENTATION_RECONCILIATION_PENDING","2026-09-21"
"NCC-F04.04-002","F04","Corporate Development & M&A","F04.04","Transaction management","2","negotiate terms","OPERATE","NTE-014","NTE-002;NTE-003;NTE-004;NTE-005;NTE-007;NTE-008;NTE-009","CANONICAL_OBJECT_MAPPING_PENDING","IMPLEMENTATION_RECONCILIATION_PENDING","2026-09-21"
"NCC-F04.04-003","F04","Corporate Development & M&A","F04.04","Transaction management","3","obtain approvals","OPERATE","NTE-014","NTE-002;NTE-003;NTE-004;NTE-005;NTE-007;NTE-008;NTE-009","CANONICAL_OBJECT_MAPPING_PENDING","IMPLEMENTATION_RECONCILIATION_PENDING","2026-09-21"
"NCC-F04.04-004","F04","Corporate Development & M&A","F04.04","Transaction management","4","execute agreements","TRANSACT_EXECUTE","NTE-014","NTE-002;NTE-003;NTE-004;NTE-005;NTE-007;NTE-008;NTE-009","CANONICAL_OBJECT_MAPPING_PENDING","IMPLEMENTATION_RECONCILIATION_PENDING","2026-09-21"
"NCC-F04.04-005","F04","Corporate Development & M&A","F04.04","Transaction management","5","complete transaction","OPERATE","NTE-014","NTE-002;NTE-003;NTE-004;NTE-005;NTE-007;NTE-008;NTE-009","CANONICAL_OBJECT_MAPPING_PENDING","IMPLEMENTATION_RECONCILIATION_PENDING","2026-09-21"
"NCC-F04.05-001","F04","Corporate Development & M&A","F04.05","Integration","1","Develop integration plan","PLAN_OPTIMISE","NTE-014;NTE-046","NTE-002;NTE-003;NTE-004;NTE-005;NTE-007;NTE-008;NTE-009","CANONICAL_OBJECT_MAPPING_PENDING","IMPLEMENTATION_RECONCILIATION_PENDING","2026-09-21"
"NCC-F04.05-002","F04","Corporate Development & M&A","F04.05","Integration","2","integrate organisations","OPERATE","NTE-014;NTE-046","NTE-002;NTE-003;NTE-004;NTE-005;NTE-007;NTE-008;NTE-009","CANONICAL_OBJECT_MAPPING_PENDING","IMPLEMENTATION_RECONCILIATION_PENDING","2026-09-21"
"NCC-F04.05-003","F04","Corporate Development & M&A","F04.05","Integration","3","consolidate systems","OPERATE","NTE-014;NTE-046","NTE-002;NTE-003;NTE-004;NTE-005;NTE-007;NTE-008;NTE-009","CANONICAL_OBJECT_MAPPING_PENDING","IMPLEMENTATION_RECONCILIATION_PENDING","2026-09-21"
"NCC-F04.05-004","F04","Corporate Development & M&A","F04.05","Integration","4","harmonise policies","OPERATE","NTE-014;NTE-046","NTE-002;NTE-003;NTE-004;NTE-005;NTE-007;NTE-008;NTE-009","CANONICAL_OBJECT_MAPPING_PENDING","IMPLEMENTATION_RECONCILIATION_PENDING","2026-09-21"
"NCC-F04.06-001","F04","Corporate Development & M&A","F04.06","Divestiture","1","Define separation perimeter","AUTHOR_CREATE","NTE-014;NTE-046","NTE-002;NTE-003;NTE-004;NTE-005;NTE-007;NTE-008;NTE-009","CANONICAL_OBJECT_MAPPING_PENDING","IMPLEMENTATION_RECONCILIATION_PENDING","2026-09-21"
"NCC-F04.06-002","F04","Corporate Development & M&A","F04.06","Divestiture","2","prepare carve-out","AUTHOR_CREATE","NTE-014;NTE-046","NTE-002;NTE-003;NTE-004;NTE-005;NTE-007;NTE-008;NTE-009","CANONICAL_OBJECT_MAPPING_PENDING","IMPLEMENTATION_RECONCILIATION_PENDING","2026-09-21"
"NCC-F04.06-003","F04","Corporate Development & M&A","F04.06","Divestiture","3","transfer assets","TRANSACT_EXECUTE","NTE-014;NTE-046","NTE-002;NTE-003;NTE-004;NTE-005;NTE-007;NTE-008;NTE-009","CANONICAL_OBJECT_MAPPING_PENDING","IMPLEMENTATION_RECONCILIATION_PENDING","2026-09-21"
"NCC-F04.06-004","F04","Corporate Development & M&A","F04.06","Divestiture","4","separate systems","OPERATE","NTE-014;NTE-046","NTE-002;NTE-003;NTE-004;NTE-005;NTE-007;NTE-008;NTE-009","CANONICAL_OBJECT_MAPPING_PENDING","IMPLEMENTATION_RECONCILIATION_PENDING","2026-09-21"
"NCC-F04.06-005","F04","Corporate Development & M&A","F04.06","Divestiture","5","complete disposal","OPERATE","NTE-014;NTE-046","NTE-002;NTE-003;NTE-004;NTE-005;NTE-007;NTE-008;NTE-009","CANONICAL_OBJECT_MAPPING_PENDING","IMPLEMENTATION_RECONCILIATION_PENDING","2026-09-21"
"NCC-F04.07-001","F04","Corporate Development & M&A","F04.07","Strategic partnerships","1","Identify partners","OPERATE","NTE-014","NTE-002;NTE-003;NTE-004;NTE-005;NTE-007;NTE-008;NTE-009","CANONICAL_OBJECT_MAPPING_PENDING","IMPLEMENTATION_RECONCILIATION_PENDING","2026-09-21"
"NCC-F04.07-002","F04","Corporate Development & M&A","F04.07","Strategic partnerships","2","assess fit","ANALYSE","NTE-014","NTE-002;NTE-003;NTE-004;NTE-005;NTE-007;NTE-008;NTE-009","CANONICAL_OBJECT_MAPPING_PENDING","IMPLEMENTATION_RECONCILIATION_PENDING","2026-09-21"
"NCC-F04.07-003","F04","Corporate Development & M&A","F04.07","Strategic partnerships","3","negotiate alliance","OPERATE","NTE-014","NTE-002;NTE-003;NTE-004;NTE-005;NTE-007;NTE-008;NTE-009","CANONICAL_OBJECT_MAPPING_PENDING","IMPLEMENTATION_RECONCILIATION_PENDING","2026-09-21"
"NCC-F04.07-004","F04","Corporate Development & M&A","F04.07","Strategic partnerships","4","establish governance","AUTHOR_CREATE","NTE-014","NTE-002;NTE-003;NTE-004;NTE-005;NTE-007;NTE-008;NTE-009","CANONICAL_OBJECT_MAPPING_PENDING","IMPLEMENTATION_RECONCILIATION_PENDING","2026-09-21"
"NCC-F04.07-005","F04","Corporate Development & M&A","F04.07","Strategic partnerships","5","monitor partnership","ANALYSE","NTE-014","NTE-002;NTE-003;NTE-004;NTE-005;NTE-007;NTE-008;NTE-009","CANONICAL_OBJECT_MAPPING_PENDING","IMPLEMENTATION_RECONCILIATION_PENDING","2026-09-21"
"NCC-F05.01-001","F05","Product, Service & Innovation Management","F05.01","Portfolio strategy","1","Define portfolio","AUTHOR_CREATE","NTE-015;NTE-006","NTE-002;NTE-003;NTE-004;NTE-005;NTE-007;NTE-008;NTE-009","CANONICAL_OBJECT_MAPPING_PENDING","IMPLEMENTATION_RECONCILIATION_PENDING","2026-09-21"
"NCC-F05.01-002","F05","Product, Service & Innovation Management","F05.01","Portfolio strategy","2","classify offerings","OPERATE","NTE-015;NTE-006","NTE-002;NTE-003;NTE-004;NTE-005;NTE-007;NTE-008;NTE-009","CANONICAL_OBJECT_MAPPING_PENDING","IMPLEMENTATION_RECONCILIATION_PENDING","2026-09-21"
"NCC-F05.01-003","F05","Product, Service & Innovation Management","F05.01","Portfolio strategy","3","analyse portfolio performance","ANALYSE","NTE-015;NTE-006","NTE-002;NTE-003;NTE-004;NTE-005;NTE-007;NTE-008;NTE-009","CANONICAL_OBJECT_MAPPING_PENDING","IMPLEMENTATION_RECONCILIATION_PENDING","2026-09-21"
"NCC-F05.01-004","F05","Product, Service & Innovation Management","F05.01","Portfolio strategy","4","identify gaps","OPERATE","NTE-015;NTE-006","NTE-002;NTE-003;NTE-004;NTE-005;NTE-007;NTE-008;NTE-009","CANONICAL_OBJECT_MAPPING_PENDING","IMPLEMENTATION_RECONCILIATION_PENDING","2026-09-21"
"NCC-F05.01-005","F05","Product, Service & Innovation Management","F05.01","Portfolio strategy","5","prioritise investment","PLAN_OPTIMISE","NTE-015;NTE-006","NTE-002;NTE-003;NTE-004;NTE-005;NTE-007;NTE-008;NTE-009","CANONICAL_OBJECT_MAPPING_PENDING","IMPLEMENTATION_RECONCILIATION_PENDING","2026-09-21"
"NCC-F05.02-001","F05","Product, Service & Innovation Management","F05.02","Market/customer needs","1","Conduct research","OPERATE","NTE-015;NTE-006","NTE-002;NTE-003;NTE-004;NTE-005;NTE-007;NTE-008;NTE-009","CANONICAL_OBJECT_MAPPING_PENDING","IMPLEMENTATION_RECONCILIATION_PENDING","2026-09-21"
"NCC-F05.02-002","F05","Product, Service & Innovation Management","F05.02","Market/customer needs","2","gather requirements","OPERATE","NTE-015;NTE-006","NTE-002;NTE-003;NTE-004;NTE-005;NTE-007;NTE-008;NTE-009","CANONICAL_OBJECT_MAPPING_PENDING","IMPLEMENTATION_RECONCILIATION_PENDING","2026-09-21"
"NCC-F05.02-003","F05","Product, Service & Innovation Management","F05.02","Market/customer needs","3","analyse customer problems","ANALYSE","NTE-015;NTE-006","NTE-002;NTE-003;NTE-004;NTE-005;NTE-007;NTE-008;NTE-009","CANONICAL_OBJECT_MAPPING_PENDING","IMPLEMENTATION_RECONCILIATION_PENDING","2026-09-21"
"NCC-F05.02-004","F05","Product, Service & Innovation Management","F05.02","Market/customer needs","4","identify unmet needs","OPERATE","NTE-015;NTE-006","NTE-002;NTE-003;NTE-004;NTE-005;NTE-007;NTE-008;NTE-009","CANONICAL_OBJECT_MAPPING_PENDING","IMPLEMENTATION_RECONCILIATION_PENDING","2026-09-21"
"NCC-F05.03-001","F05","Product, Service & Innovation Management","F05.03","Product/service ideation","1","Capture ideas","AUTHOR_CREATE","NTE-015;NTE-006","NTE-002;NTE-003;NTE-004;NTE-005;NTE-007;NTE-008;NTE-009","CANONICAL_OBJECT_MAPPING_PENDING","IMPLEMENTATION_RECONCILIATION_PENDING","2026-09-21"
"NCC-F05.03-002","F05","Product, Service & Innovation Management","F05.03","Product/service ideation","2","assess opportunities","ANALYSE","NTE-015;NTE-006","NTE-002;NTE-003;NTE-004;NTE-005;NTE-007;NTE-008;NTE-009","CANONICAL_OBJECT_MAPPING_PENDING","IMPLEMENTATION_RECONCILIATION_PENDING","2026-09-21"
"NCC-F05.03-003","F05","Product, Service & Innovation Management","F05.03","Product/service ideation","3","evaluate feasibility","ANALYSE","NTE-015;NTE-006","NTE-002;NTE-003;NTE-004;NTE-005;NTE-007;NTE-008;NTE-009","CANONICAL_OBJECT_MAPPING_PENDING","IMPLEMENTATION_RECONCILIATION_PENDING","2026-09-21"
"NCC-F05.03-004","F05","Product, Service & Innovation Management","F05.03","Product/service ideation","4","score ideas","ANALYSE","NTE-015;NTE-006","NTE-002;NTE-003;NTE-004;NTE-005;NTE-007;NTE-008;NTE-009","CANONICAL_OBJECT_MAPPING_PENDING","IMPLEMENTATION_RECONCILIATION_PENDING","2026-09-21"
"NCC-F05.03-005","F05","Product, Service & Innovation Management","F05.03","Product/service ideation","5","select concepts","OPERATE","NTE-015;NTE-006","NTE-002;NTE-003;NTE-004;NTE-005;NTE-007;NTE-008;NTE-009","CANONICAL_OBJECT_MAPPING_PENDING","IMPLEMENTATION_RECONCILIATION_PENDING","2026-09-21"
"NCC-F05.04-001","F05","Product, Service & Innovation Management","F05.04","Business case development","1","Forecast demand","PLAN_OPTIMISE","NTE-015;NTE-006","NTE-002;NTE-003;NTE-004;NTE-005;NTE-007;NTE-008;NTE-009","CANONICAL_OBJECT_MAPPING_PENDING","IMPLEMENTATION_RECONCILIATION_PENDING","2026-09-21"
"NCC-F05.04-002","F05","Product, Service & Innovation Management","F05.04","Business case development","2","estimate costs","OPERATE","NTE-015;NTE-006","NTE-002;NTE-003;NTE-004;NTE-005;NTE-007;NTE-008;NTE-009","CANONICAL_OBJECT_MAPPING_PENDING","IMPLEMENTATION_RECONCILIATION_PENDING","2026-09-21"
"NCC-F05.04-003","F05","Product, Service & Innovation Management","F05.04","Business case development","3","calculate ROI","ANALYSE","NTE-015;NTE-006","NTE-002;NTE-003;NTE-004;NTE-005;NTE-007;NTE-008;NTE-009","CANONICAL_OBJECT_MAPPING_PENDING","IMPLEMENTATION_RECONCILIATION_PENDING","2026-09-21"
"NCC-F05.04-004","F05","Product, Service & Innovation Management","F05.04","Business case development","4","assess risk","ANALYSE","NTE-015;NTE-006","NTE-002;NTE-003;NTE-004;NTE-005;NTE-007;NTE-008;NTE-009","CANONICAL_OBJECT_MAPPING_PENDING","IMPLEMENTATION_RECONCILIATION_PENDING","2026-09-21"
"NCC-F05.04-005","F05","Product, Service & Innovation Management","F05.04","Business case development","5","approve investment","GOVERN_DECIDE","NTE-015;NTE-006","NTE-002;NTE-003;NTE-004;NTE-005;NTE-007;NTE-008;NTE-009","CANONICAL_OBJECT_MAPPING_PENDING","IMPLEMENTATION_RECONCILIATION_PENDING","2026-09-21"
"NCC-F05.05-001","F05","Product, Service & Innovation Management","F05.05","Product/service design","1","Define requirements","AUTHOR_CREATE","NTE-015;NTE-006","NTE-002;NTE-003;NTE-004;NTE-005;NTE-007;NTE-008;NTE-009","CANONICAL_OBJECT_MAPPING_PENDING","IMPLEMENTATION_RECONCILIATION_PENDING","2026-09-21"
"NCC-F05.05-002","F05","Product, Service & Innovation Management","F05.05","Product/service design","2","design offering","AUTHOR_CREATE","NTE-015;NTE-006","NTE-002;NTE-003;NTE-004;NTE-005;NTE-007;NTE-008;NTE-009","CANONICAL_OBJECT_MAPPING_PENDING","IMPLEMENTATION_RECONCILIATION_PENDING","2026-09-21"
"NCC-F05.05-003","F05","Product, Service & Innovation Management","F05.05","Product/service design","3","create specifications","AUTHOR_CREATE","NTE-015;NTE-006","NTE-002;NTE-003;NTE-004;NTE-005;NTE-007;NTE-008;NTE-009","CANONICAL_OBJECT_MAPPING_PENDING","IMPLEMENTATION_RECONCILIATION_PENDING","2026-09-21"
"NCC-F05.05-004","F05","Product, Service & Innovation Management","F05.05","Product/service design","4","prototype","OPERATE","NTE-015;NTE-006","NTE-002;NTE-003;NTE-004;NTE-005;NTE-007;NTE-008;NTE-009","CANONICAL_OBJECT_MAPPING_PENDING","IMPLEMENTATION_RECONCILIATION_PENDING","2026-09-21"
"NCC-F05.05-005","F05","Product, Service & Innovation Management","F05.05","Product/service design","5","test","ASSURE_VERIFY","NTE-015;NTE-006","NTE-002;NTE-003;NTE-004;NTE-005;NTE-007;NTE-008;NTE-009","CANONICAL_OBJECT_MAPPING_PENDING","IMPLEMENTATION_RECONCILIATION_PENDING","2026-09-21"
"NCC-F05.06-001","F05","Product, Service & Innovation Management","F05.06","Development","1","Build product/service","AUTHOR_CREATE","NTE-015;NTE-006","NTE-002;NTE-003;NTE-004;NTE-005;NTE-007;NTE-008;NTE-009","CANONICAL_OBJECT_MAPPING_PENDING","IMPLEMENTATION_RECONCILIATION_PENDING","2026-09-21"
"NCC-F05.06-002","F05","Product, Service & Innovation Management","F05.06","Development","2","configure solution","AUTHOR_CREATE","NTE-015;NTE-006","NTE-002;NTE-003;NTE-004;NTE-005;NTE-007;NTE-008;NTE-009","CANONICAL_OBJECT_MAPPING_PENDING","IMPLEMENTATION_RECONCILIATION_PENDING","2026-09-21"
"NCC-F05.06-003","F05","Product, Service & Innovation Management","F05.06","Development","3","conduct trials","OPERATE","NTE-015;NTE-006","NTE-002;NTE-003;NTE-004;NTE-005;NTE-007;NTE-008;NTE-009","CANONICAL_OBJECT_MAPPING_PENDING","IMPLEMENTATION_RECONCILIATION_PENDING","2026-09-21"
"NCC-F05.06-004","F05","Product, Service & Innovation Management","F05.06","Development","4","validate requirements","ASSURE_VERIFY","NTE-015;NTE-006","NTE-002;NTE-003;NTE-004;NTE-005;NTE-007;NTE-008;NTE-009","CANONICAL_OBJECT_MAPPING_PENDING","IMPLEMENTATION_RECONCILIATION_PENDING","2026-09-21"
"NCC-F05.07-001","F05","Product, Service & Innovation Management","F05.07","Launch management","1","Develop launch plan","PLAN_OPTIMISE","NTE-015;NTE-006","NTE-002;NTE-003;NTE-004;NTE-005;NTE-007;NTE-008;NTE-009","CANONICAL_OBJECT_MAPPING_PENDING","IMPLEMENTATION_RECONCILIATION_PENDING","2026-09-21"
"NCC-F05.07-002","F05","Product, Service & Innovation Management","F05.07","Launch management","2","prepare channels","AUTHOR_CREATE","NTE-015;NTE-006","NTE-002;NTE-003;NTE-004;NTE-005;NTE-007;NTE-008;NTE-009","CANONICAL_OBJECT_MAPPING_PENDING","IMPLEMENTATION_RECONCILIATION_PENDING","2026-09-21"
"NCC-F05.07-003","F05","Product, Service & Innovation Management","F05.07","Launch management","3","train teams","OPERATE","NTE-015;NTE-006","NTE-002;NTE-003;NTE-004;NTE-005;NTE-007;NTE-008;NTE-009","CANONICAL_OBJECT_MAPPING_PENDING","IMPLEMENTATION_RECONCILIATION_PENDING","2026-09-21"
"NCC-F05.07-004","F05","Product, Service & Innovation Management","F05.07","Launch management","4","establish pricing","AUTHOR_CREATE","NTE-015;NTE-006","NTE-002;NTE-003;NTE-004;NTE-005;NTE-007;NTE-008;NTE-009","CANONICAL_OBJECT_MAPPING_PENDING","IMPLEMENTATION_RECONCILIATION_PENDING","2026-09-21"
"NCC-F05.07-005","F05","Product, Service & Innovation Management","F05.07","Launch management","5","launch offering","OPERATE","NTE-015;NTE-006","NTE-002;NTE-003;NTE-004;NTE-005;NTE-007;NTE-008;NTE-009","CANONICAL_OBJECT_MAPPING_PENDING","IMPLEMENTATION_RECONCILIATION_PENDING","2026-09-21"
"NCC-F05.08-001","F05","Product, Service & Innovation Management","F05.08","Lifecycle management","1","Monitor adoption","ANALYSE","NTE-015;NTE-006","NTE-002;NTE-003;NTE-004;NTE-005;NTE-007;NTE-008;NTE-009","CANONICAL_OBJECT_MAPPING_PENDING","IMPLEMENTATION_RECONCILIATION_PENDING","2026-09-21"
"NCC-F05.08-002","F05","Product, Service & Innovation Management","F05.08","Lifecycle management","2","manage enhancements","OPERATE","NTE-015;NTE-006","NTE-002;NTE-003;NTE-004;NTE-005;NTE-007;NTE-008;NTE-009","CANONICAL_OBJECT_MAPPING_PENDING","IMPLEMENTATION_RECONCILIATION_PENDING","2026-09-21"
"NCC-F05.08-003","F05","Product, Service & Innovation Management","F05.08","Lifecycle management","3","change specifications","OPERATE","NTE-015;NTE-006","NTE-002;NTE-003;NTE-004;NTE-005;NTE-007;NTE-008;NTE-009","CANONICAL_OBJECT_MAPPING_PENDING","IMPLEMENTATION_RECONCILIATION_PENDING","2026-09-21"
"NCC-F05.08-004","F05","Product, Service & Innovation Management","F05.08","Lifecycle management","4","optimise portfolio","PLAN_OPTIMISE","NTE-015;NTE-006","NTE-002;NTE-003;NTE-004;NTE-005;NTE-007;NTE-008;NTE-009","CANONICAL_OBJECT_MAPPING_PENDING","IMPLEMENTATION_RECONCILIATION_PENDING","2026-09-21"
"NCC-F05.09-001","F05","Product, Service & Innovation Management","F05.09","Product retirement","1","Determine end-of-life","OPERATE","NTE-015;NTE-006","NTE-002;NTE-003;NTE-004;NTE-005;NTE-007;NTE-008;NTE-009","CANONICAL_OBJECT_MAPPING_PENDING","IMPLEMENTATION_RECONCILIATION_PENDING","2026-09-21"
"NCC-F05.09-002","F05","Product, Service & Innovation Management","F05.09","Product retirement","2","notify stakeholders","COMMUNICATE_PUBLISH","NTE-015;NTE-006","NTE-002;NTE-003;NTE-004;NTE-005;NTE-007;NTE-008;NTE-009","CANONICAL_OBJECT_MAPPING_PENDING","IMPLEMENTATION_RECONCILIATION_PENDING","2026-09-21"
"NCC-F05.09-003","F05","Product, Service & Innovation Management","F05.09","Product retirement","3","migrate customers","OPERATE","NTE-015;NTE-006","NTE-002;NTE-003;NTE-004;NTE-005;NTE-007;NTE-008;NTE-009","CANONICAL_OBJECT_MAPPING_PENDING","IMPLEMENTATION_RECONCILIATION_PENDING","2026-09-21"
"NCC-F05.09-004","F05","Product, Service & Innovation Management","F05.09","Product retirement","4","discontinue support","OPERATE","NTE-015;NTE-006","NTE-002;NTE-003;NTE-004;NTE-005;NTE-007;NTE-008;NTE-009","CANONICAL_OBJECT_MAPPING_PENDING","IMPLEMENTATION_RECONCILIATION_PENDING","2026-09-21"
"NCC-F05.09-005","F05","Product, Service & Innovation Management","F05.09","Product retirement","5","archive records","OPERATE","NTE-015;NTE-006","NTE-002;NTE-003;NTE-004;NTE-005;NTE-007;NTE-008;NTE-009","CANONICAL_OBJECT_MAPPING_PENDING","IMPLEMENTATION_RECONCILIATION_PENDING","2026-09-21"
"NCC-F05.10-001","F05","Product, Service & Innovation Management","F05.10","Innovation management","1","Maintain innovation pipeline","OPERATE","NTE-015;NTE-006","NTE-002;NTE-003;NTE-004;NTE-005;NTE-007;NTE-008;NTE-009","CANONICAL_OBJECT_MAPPING_PENDING","IMPLEMENTATION_RECONCILIATION_PENDING","2026-09-21"
"NCC-F05.10-002","F05","Product, Service & Innovation Management","F05.10","Innovation management","2","run experiments","OPERATE","NTE-015;NTE-006","NTE-002;NTE-003;NTE-004;NTE-005;NTE-007;NTE-008;NTE-009","CANONICAL_OBJECT_MAPPING_PENDING","IMPLEMENTATION_RECONCILIATION_PENDING","2026-09-21"
"NCC-F05.10-003","F05","Product, Service & Innovation Management","F05.10","Innovation management","3","incubate concepts","OPERATE","NTE-015;NTE-006","NTE-002;NTE-003;NTE-004;NTE-005;NTE-007;NTE-008;NTE-009","CANONICAL_OBJECT_MAPPING_PENDING","IMPLEMENTATION_RECONCILIATION_PENDING","2026-09-21"
"NCC-F05.10-004","F05","Product, Service & Innovation Management","F05.10","Innovation management","4","manage innovation funding","OPERATE","NTE-015;NTE-006","NTE-002;NTE-003;NTE-004;NTE-005;NTE-007;NTE-008;NTE-009","CANONICAL_OBJECT_MAPPING_PENDING","IMPLEMENTATION_RECONCILIATION_PENDING","2026-09-21"
"NCC-F06.01-001","F06","Marketing & Brand","F06.01","Market intelligence","1","Research markets","OPERATE","NTE-016","NTE-002;NTE-003;NTE-004;NTE-005;NTE-007;NTE-008;NTE-009","CANONICAL_OBJECT_MAPPING_PENDING","IMPLEMENTATION_RECONCILIATION_PENDING","2026-09-21"
"NCC-F06.01-002","F06","Marketing & Brand","F06.01","Market intelligence","2","analyse segments","ANALYSE","NTE-016","NTE-002;NTE-003;NTE-004;NTE-005;NTE-007;NTE-008;NTE-009","CANONICAL_OBJECT_MAPPING_PENDING","IMPLEMENTATION_RECONCILIATION_PENDING","2026-09-21"
"NCC-F06.01-003","F06","Marketing & Brand","F06.01","Market intelligence","3","monitor competitors","ANALYSE","NTE-016","NTE-002;NTE-003;NTE-004;NTE-005;NTE-007;NTE-008;NTE-009","CANONICAL_OBJECT_MAPPING_PENDING","IMPLEMENTATION_RECONCILIATION_PENDING","2026-09-21"
"NCC-F06.01-004","F06","Marketing & Brand","F06.01","Market intelligence","4","forecast trends","PLAN_OPTIMISE","NTE-016","NTE-002;NTE-003;NTE-004;NTE-005;NTE-007;NTE-008;NTE-009","CANONICAL_OBJECT_MAPPING_PENDING","IMPLEMENTATION_RECONCILIATION_PENDING","2026-09-21"
"NCC-F06.02-001","F06","Marketing & Brand","F06.02","Customer segmentation","1","Define segments","AUTHOR_CREATE","NTE-016","NTE-002;NTE-003;NTE-004;NTE-005;NTE-007;NTE-008;NTE-009","CANONICAL_OBJECT_MAPPING_PENDING","IMPLEMENTATION_RECONCILIATION_PENDING","2026-09-21"
"NCC-F06.02-002","F06","Marketing & Brand","F06.02","Customer segmentation","2","profile audiences","OPERATE","NTE-016","NTE-002;NTE-003;NTE-004;NTE-005;NTE-007;NTE-008;NTE-009","CANONICAL_OBJECT_MAPPING_PENDING","IMPLEMENTATION_RECONCILIATION_PENDING","2026-09-21"
"NCC-F06.02-003","F06","Marketing & Brand","F06.02","Customer segmentation","3","evaluate segment value","ANALYSE","NTE-016","NTE-002;NTE-003;NTE-004;NTE-005;NTE-007;NTE-008;NTE-009","CANONICAL_OBJECT_MAPPING_PENDING","IMPLEMENTATION_RECONCILIATION_PENDING","2026-09-21"
"NCC-F06.02-004","F06","Marketing & Brand","F06.02","Customer segmentation","4","maintain segmentation","OPERATE","NTE-016","NTE-002;NTE-003;NTE-004;NTE-005;NTE-007;NTE-008;NTE-009","CANONICAL_OBJECT_MAPPING_PENDING","IMPLEMENTATION_RECONCILIATION_PENDING","2026-09-21"
"NCC-F06.03-001","F06","Marketing & Brand","F06.03","Brand management","1","Define brand","AUTHOR_CREATE","NTE-016","NTE-002;NTE-003;NTE-004;NTE-005;NTE-007;NTE-008;NTE-009","CANONICAL_OBJECT_MAPPING_PENDING","IMPLEMENTATION_RECONCILIATION_PENDING","2026-09-21"
"NCC-F06.03-002","F06","Marketing & Brand","F06.03","Brand management","2","establish guidelines","AUTHOR_CREATE","NTE-016","NTE-002;NTE-003;NTE-004;NTE-005;NTE-007;NTE-008;NTE-009","CANONICAL_OBJECT_MAPPING_PENDING","IMPLEMENTATION_RECONCILIATION_PENDING","2026-09-21"
"NCC-F06.03-003","F06","Marketing & Brand","F06.03","Brand management","3","manage brand assets","OPERATE","NTE-016","NTE-002;NTE-003;NTE-004;NTE-005;NTE-007;NTE-008;NTE-009","CANONICAL_OBJECT_MAPPING_PENDING","IMPLEMENTATION_RECONCILIATION_PENDING","2026-09-21"
"NCC-F06.03-004","F06","Marketing & Brand","F06.03","Brand management","4","monitor brand perception","ANALYSE","NTE-016","NTE-002;NTE-003;NTE-004;NTE-005;NTE-007;NTE-008;NTE-009","CANONICAL_OBJECT_MAPPING_PENDING","IMPLEMENTATION_RECONCILIATION_PENDING","2026-09-21"
"NCC-F06.04-001","F06","Marketing & Brand","F06.04","Marketing strategy","1","Define objectives","AUTHOR_CREATE","NTE-016","NTE-002;NTE-003;NTE-004;NTE-005;NTE-007;NTE-008;NTE-009","CANONICAL_OBJECT_MAPPING_PENDING","IMPLEMENTATION_RECONCILIATION_PENDING","2026-09-21"
"NCC-F06.04-002","F06","Marketing & Brand","F06.04","Marketing strategy","2","select markets","OPERATE","NTE-016","NTE-002;NTE-003;NTE-004;NTE-005;NTE-007;NTE-008;NTE-009","CANONICAL_OBJECT_MAPPING_PENDING","IMPLEMENTATION_RECONCILIATION_PENDING","2026-09-21"
"NCC-F06.04-003","F06","Marketing & Brand","F06.04","Marketing strategy","3","determine positioning","OPERATE","NTE-016","NTE-002;NTE-003;NTE-004;NTE-005;NTE-007;NTE-008;NTE-009","CANONICAL_OBJECT_MAPPING_PENDING","IMPLEMENTATION_RECONCILIATION_PENDING","2026-09-21"
"NCC-F06.04-004","F06","Marketing & Brand","F06.04","Marketing strategy","4","establish channel strategy","AUTHOR_CREATE","NTE-016","NTE-002;NTE-003;NTE-004;NTE-005;NTE-007;NTE-008;NTE-009","CANONICAL_OBJECT_MAPPING_PENDING","IMPLEMENTATION_RECONCILIATION_PENDING","2026-09-21"
"NCC-F06.05-001","F06","Marketing & Brand","F06.05","Campaign management","1","Plan campaigns","PLAN_OPTIMISE","NTE-016","NTE-002;NTE-003;NTE-004;NTE-005;NTE-007;NTE-008;NTE-009","CANONICAL_OBJECT_MAPPING_PENDING","IMPLEMENTATION_RECONCILIATION_PENDING","2026-09-21"
"NCC-F06.05-002","F06","Marketing & Brand","F06.05","Campaign management","2","create content","AUTHOR_CREATE","NTE-016","NTE-002;NTE-003;NTE-004;NTE-005;NTE-007;NTE-008;NTE-009","CANONICAL_OBJECT_MAPPING_PENDING","IMPLEMENTATION_RECONCILIATION_PENDING","2026-09-21"
"NCC-F06.05-003","F06","Marketing & Brand","F06.05","Campaign management","3","approve campaigns","GOVERN_DECIDE","NTE-016","NTE-002;NTE-003;NTE-004;NTE-005;NTE-007;NTE-008;NTE-009","CANONICAL_OBJECT_MAPPING_PENDING","IMPLEMENTATION_RECONCILIATION_PENDING","2026-09-21"
"NCC-F06.05-004","F06","Marketing & Brand","F06.05","Campaign management","4","execute","TRANSACT_EXECUTE","NTE-016","NTE-002;NTE-003;NTE-004;NTE-005;NTE-007;NTE-008;NTE-009","CANONICAL_OBJECT_MAPPING_PENDING","IMPLEMENTATION_RECONCILIATION_PENDING","2026-09-21"
"NCC-F06.05-005","F06","Marketing & Brand","F06.05","Campaign management","5","monitor","ANALYSE","NTE-016","NTE-002;NTE-003;NTE-004;NTE-005;NTE-007;NTE-008;NTE-009","CANONICAL_OBJECT_MAPPING_PENDING","IMPLEMENTATION_RECONCILIATION_PENDING","2026-09-21"
"NCC-F06.05-006","F06","Marketing & Brand","F06.05","Campaign management","6","optimise","PLAN_OPTIMISE","NTE-016","NTE-002;NTE-003;NTE-004;NTE-005;NTE-007;NTE-008;NTE-009","CANONICAL_OBJECT_MAPPING_PENDING","IMPLEMENTATION_RECONCILIATION_PENDING","2026-09-21"
"NCC-F06.06-001","F06","Marketing & Brand","F06.06","Digital marketing","1","Manage websites","OPERATE","NTE-016","NTE-002;NTE-003;NTE-004;NTE-005;NTE-007;NTE-008;NTE-009","CANONICAL_OBJECT_MAPPING_PENDING","IMPLEMENTATION_RECONCILIATION_PENDING","2026-09-21"
"NCC-F06.06-002","F06","Marketing & Brand","F06.06","Digital marketing","2","SEO","OPERATE","NTE-016","NTE-002;NTE-003;NTE-004;NTE-005;NTE-007;NTE-008;NTE-009","CANONICAL_OBJECT_MAPPING_PENDING","IMPLEMENTATION_RECONCILIATION_PENDING","2026-09-21"
"NCC-F06.06-003","F06","Marketing & Brand","F06.06","Digital marketing","3","paid media","OPERATE","NTE-016","NTE-002;NTE-003;NTE-004;NTE-005;NTE-007;NTE-008;NTE-009","CANONICAL_OBJECT_MAPPING_PENDING","IMPLEMENTATION_RECONCILIATION_PENDING","2026-09-21"
"NCC-F06.06-004","F06","Marketing & Brand","F06.06","Digital marketing","4","social media","OPERATE","NTE-016","NTE-002;NTE-003;NTE-004;NTE-005;NTE-007;NTE-008;NTE-009","CANONICAL_OBJECT_MAPPING_PENDING","IMPLEMENTATION_RECONCILIATION_PENDING","2026-09-21"
"NCC-F06.06-005","F06","Marketing & Brand","F06.06","Digital marketing","5","email","OPERATE","NTE-016","NTE-002;NTE-003;NTE-004;NTE-005;NTE-007;NTE-008;NTE-009","CANONICAL_OBJECT_MAPPING_PENDING","IMPLEMENTATION_RECONCILIATION_PENDING","2026-09-21"
"NCC-F06.06-006","F06","Marketing & Brand","F06.06","Digital marketing","6","marketing automation","OPERATE","NTE-016","NTE-002;NTE-003;NTE-004;NTE-005;NTE-007;NTE-008;NTE-009","CANONICAL_OBJECT_MAPPING_PENDING","IMPLEMENTATION_RECONCILIATION_PENDING","2026-09-21"
"NCC-F06.07-001","F06","Marketing & Brand","F06.07","Content marketing","1","Define content strategy","AUTHOR_CREATE","NTE-016","NTE-002;NTE-003;NTE-004;NTE-005;NTE-007;NTE-008;NTE-009","CANONICAL_OBJECT_MAPPING_PENDING","IMPLEMENTATION_RECONCILIATION_PENDING","2026-09-21"
"NCC-F06.07-002","F06","Marketing & Brand","F06.07","Content marketing","2","create assets","AUTHOR_CREATE","NTE-016","NTE-002;NTE-003;NTE-004;NTE-005;NTE-007;NTE-008;NTE-009","CANONICAL_OBJECT_MAPPING_PENDING","IMPLEMENTATION_RECONCILIATION_PENDING","2026-09-21"
"NCC-F06.07-003","F06","Marketing & Brand","F06.07","Content marketing","3","approve content","GOVERN_DECIDE","NTE-016","NTE-002;NTE-003;NTE-004;NTE-005;NTE-007;NTE-008;NTE-009","CANONICAL_OBJECT_MAPPING_PENDING","IMPLEMENTATION_RECONCILIATION_PENDING","2026-09-21"
"NCC-F06.07-004","F06","Marketing & Brand","F06.07","Content marketing","4","publish","COMMUNICATE_PUBLISH","NTE-016","NTE-002;NTE-003;NTE-004;NTE-005;NTE-007;NTE-008;NTE-009","CANONICAL_OBJECT_MAPPING_PENDING","IMPLEMENTATION_RECONCILIATION_PENDING","2026-09-21"
"NCC-F06.07-005","F06","Marketing & Brand","F06.07","Content marketing","5","maintain content library","OPERATE","NTE-016","NTE-002;NTE-003;NTE-004;NTE-005;NTE-007;NTE-008;NTE-009","CANONICAL_OBJECT_MAPPING_PENDING","IMPLEMENTATION_RECONCILIATION_PENDING","2026-09-21"
"NCC-F06.08-001","F06","Marketing & Brand","F06.08","Events","1","Plan events","PLAN_OPTIMISE","NTE-016","NTE-002;NTE-003;NTE-004;NTE-005;NTE-007;NTE-008;NTE-009","CANONICAL_OBJECT_MAPPING_PENDING","IMPLEMENTATION_RECONCILIATION_PENDING","2026-09-21"
"NCC-F06.08-002","F06","Marketing & Brand","F06.08","Events","2","manage registrations","OPERATE","NTE-016","NTE-002;NTE-003;NTE-004;NTE-005;NTE-007;NTE-008;NTE-009","CANONICAL_OBJECT_MAPPING_PENDING","IMPLEMENTATION_RECONCILIATION_PENDING","2026-09-21"
"NCC-F06.08-003","F06","Marketing & Brand","F06.08","Events","3","coordinate suppliers","OPERATE","NTE-016","NTE-002;NTE-003;NTE-004;NTE-005;NTE-007;NTE-008;NTE-009","CANONICAL_OBJECT_MAPPING_PENDING","IMPLEMENTATION_RECONCILIATION_PENDING","2026-09-21"
"NCC-F06.08-004","F06","Marketing & Brand","F06.08","Events","4","deliver events","OPERATE","NTE-016","NTE-002;NTE-003;NTE-004;NTE-005;NTE-007;NTE-008;NTE-009","CANONICAL_OBJECT_MAPPING_PENDING","IMPLEMENTATION_RECONCILIATION_PENDING","2026-09-21"
"NCC-F06.08-005","F06","Marketing & Brand","F06.08","Events","5","evaluate outcomes","ANALYSE","NTE-016","NTE-002;NTE-003;NTE-004;NTE-005;NTE-007;NTE-008;NTE-009","CANONICAL_OBJECT_MAPPING_PENDING","IMPLEMENTATION_RECONCILIATION_PENDING","2026-09-21"
"NCC-F06.09-001","F06","Marketing & Brand","F06.09","Lead generation","1","Capture leads","AUTHOR_CREATE","NTE-016","NTE-002;NTE-003;NTE-004;NTE-005;NTE-007;NTE-008;NTE-009","CANONICAL_OBJECT_MAPPING_PENDING","IMPLEMENTATION_RECONCILIATION_PENDING","2026-09-21"
"NCC-F06.09-002","F06","Marketing & Brand","F06.09","Lead generation","2","enrich data","OPERATE","NTE-016","NTE-002;NTE-003;NTE-004;NTE-005;NTE-007;NTE-008;NTE-009","CANONICAL_OBJECT_MAPPING_PENDING","IMPLEMENTATION_RECONCILIATION_PENDING","2026-09-21"
"NCC-F06.09-003","F06","Marketing & Brand","F06.09","Lead generation","3","score leads","ANALYSE","NTE-016","NTE-002;NTE-003;NTE-004;NTE-005;NTE-007;NTE-008;NTE-009","CANONICAL_OBJECT_MAPPING_PENDING","IMPLEMENTATION_RECONCILIATION_PENDING","2026-09-21"
"NCC-F06.09-004","F06","Marketing & Brand","F06.09","Lead generation","4","nurture prospects","OPERATE","NTE-016","NTE-002;NTE-003;NTE-004;NTE-005;NTE-007;NTE-008;NTE-009","CANONICAL_OBJECT_MAPPING_PENDING","IMPLEMENTATION_RECONCILIATION_PENDING","2026-09-21"
"NCC-F06.09-005","F06","Marketing & Brand","F06.09","Lead generation","5","transfer qualified leads","TRANSACT_EXECUTE","NTE-016","NTE-002;NTE-003;NTE-004;NTE-005;NTE-007;NTE-008;NTE-009","CANONICAL_OBJECT_MAPPING_PENDING","IMPLEMENTATION_RECONCILIATION_PENDING","2026-09-21"
"NCC-F06.10-001","F06","Marketing & Brand","F06.10","Marketing analytics","1","Measure reach","ANALYSE","NTE-016;NTE-033","NTE-002;NTE-003;NTE-004;NTE-005;NTE-007;NTE-008;NTE-009","CANONICAL_OBJECT_MAPPING_PENDING","IMPLEMENTATION_RECONCILIATION_PENDING","2026-09-21"
"NCC-F06.10-002","F06","Marketing & Brand","F06.10","Marketing analytics","2","attribution","OPERATE","NTE-016;NTE-033","NTE-002;NTE-003;NTE-004;NTE-005;NTE-007;NTE-008;NTE-009","CANONICAL_OBJECT_MAPPING_PENDING","IMPLEMENTATION_RECONCILIATION_PENDING","2026-09-21"
"NCC-F06.10-003","F06","Marketing & Brand","F06.10","Marketing analytics","3","conversion","OPERATE","NTE-016;NTE-033","NTE-002;NTE-003;NTE-004;NTE-005;NTE-007;NTE-008;NTE-009","CANONICAL_OBJECT_MAPPING_PENDING","IMPLEMENTATION_RECONCILIATION_PENDING","2026-09-21"
"NCC-F06.10-004","F06","Marketing & Brand","F06.10","Marketing analytics","4","CAC","OPERATE","NTE-016;NTE-033","NTE-002;NTE-003;NTE-004;NTE-005;NTE-007;NTE-008;NTE-009","CANONICAL_OBJECT_MAPPING_PENDING","IMPLEMENTATION_RECONCILIATION_PENDING","2026-09-21"
"NCC-F06.10-005","F06","Marketing & Brand","F06.10","Marketing analytics","5","ROI","OPERATE","NTE-016;NTE-033","NTE-002;NTE-003;NTE-004;NTE-005;NTE-007;NTE-008;NTE-009","CANONICAL_OBJECT_MAPPING_PENDING","IMPLEMENTATION_RECONCILIATION_PENDING","2026-09-21"
"NCC-F06.10-006","F06","Marketing & Brand","F06.10","Marketing analytics","6","campaign performance","OPERATE","NTE-016;NTE-033","NTE-002;NTE-003;NTE-004;NTE-005;NTE-007;NTE-008;NTE-009","CANONICAL_OBJECT_MAPPING_PENDING","IMPLEMENTATION_RECONCILIATION_PENDING","2026-09-21"
"NCC-F06.11-001","F06","Marketing & Brand","F06.11","Market communications","1","Prepare collateral","AUTHOR_CREATE","NTE-016","NTE-002;NTE-003;NTE-004;NTE-005;NTE-007;NTE-008;NTE-009","CANONICAL_OBJECT_MAPPING_PENDING","IMPLEMENTATION_RECONCILIATION_PENDING","2026-09-21"
"NCC-F06.11-002","F06","Marketing & Brand","F06.11","Market communications","2","manage advertising","OPERATE","NTE-016","NTE-002;NTE-003;NTE-004;NTE-005;NTE-007;NTE-008;NTE-009","CANONICAL_OBJECT_MAPPING_PENDING","IMPLEMENTATION_RECONCILIATION_PENDING","2026-09-21"
"NCC-F06.11-003","F06","Marketing & Brand","F06.11","Market communications","3","coordinate communications","COMMUNICATE_PUBLISH","NTE-016","NTE-002;NTE-003;NTE-004;NTE-005;NTE-007;NTE-008;NTE-009","CANONICAL_OBJECT_MAPPING_PENDING","IMPLEMENTATION_RECONCILIATION_PENDING","2026-09-21"
"NCC-F06.11-004","F06","Marketing & Brand","F06.11","Market communications","4","maintain messaging","OPERATE","NTE-016","NTE-002;NTE-003;NTE-004;NTE-005;NTE-007;NTE-008;NTE-009","CANONICAL_OBJECT_MAPPING_PENDING","IMPLEMENTATION_RECONCILIATION_PENDING","2026-09-21"
"NCC-F07.01-001","F07","Sales & Commercial Management","F07.01","Sales strategy","1","Define sales model","AUTHOR_CREATE","NTE-017;NTE-018","NTE-002;NTE-003;NTE-004;NTE-005;NTE-007;NTE-008;NTE-009","CANONICAL_OBJECT_MAPPING_PENDING","IMPLEMENTATION_RECONCILIATION_PENDING","2026-09-21"
"NCC-F07.01-002","F07","Sales & Commercial Management","F07.01","Sales strategy","2","territories","OPERATE","NTE-017;NTE-018","NTE-002;NTE-003;NTE-004;NTE-005;NTE-007;NTE-008;NTE-009","CANONICAL_OBJECT_MAPPING_PENDING","IMPLEMENTATION_RECONCILIATION_PENDING","2026-09-21"
"NCC-F07.01-003","F07","Sales & Commercial Management","F07.01","Sales strategy","3","channels","OPERATE","NTE-017;NTE-018","NTE-002;NTE-003;NTE-004;NTE-005;NTE-007;NTE-008;NTE-009","CANONICAL_OBJECT_MAPPING_PENDING","IMPLEMENTATION_RECONCILIATION_PENDING","2026-09-21"
"NCC-F07.01-004","F07","Sales & Commercial Management","F07.01","Sales strategy","4","targets","OPERATE","NTE-017;NTE-018","NTE-002;NTE-003;NTE-004;NTE-005;NTE-007;NTE-008;NTE-009","CANONICAL_OBJECT_MAPPING_PENDING","IMPLEMENTATION_RECONCILIATION_PENDING","2026-09-21"
"NCC-F07.01-005","F07","Sales & Commercial Management","F07.01","Sales strategy","5","quotas","OPERATE","NTE-017;NTE-018","NTE-002;NTE-003;NTE-004;NTE-005;NTE-007;NTE-008;NTE-009","CANONICAL_OBJECT_MAPPING_PENDING","IMPLEMENTATION_RECONCILIATION_PENDING","2026-09-21"
"NCC-F07.01-006","F07","Sales & Commercial Management","F07.01","Sales strategy","6","coverage","OPERATE","NTE-017;NTE-018","NTE-002;NTE-003;NTE-004;NTE-005;NTE-007;NTE-008;NTE-009","CANONICAL_OBJECT_MAPPING_PENDING","IMPLEMENTATION_RECONCILIATION_PENDING","2026-09-21"
"NCC-F07.02-001","F07","Sales & Commercial Management","F07.02","Account management","1","Create accounts","AUTHOR_CREATE","NTE-017;NTE-018","NTE-002;NTE-003;NTE-004;NTE-005;NTE-007;NTE-008;NTE-009","CANONICAL_OBJECT_MAPPING_PENDING","IMPLEMENTATION_RECONCILIATION_PENDING","2026-09-21"
"NCC-F07.02-002","F07","Sales & Commercial Management","F07.02","Account management","2","classify accounts","OPERATE","NTE-017;NTE-018","NTE-002;NTE-003;NTE-004;NTE-005;NTE-007;NTE-008;NTE-009","CANONICAL_OBJECT_MAPPING_PENDING","IMPLEMENTATION_RECONCILIATION_PENDING","2026-09-21"
"NCC-F07.02-003","F07","Sales & Commercial Management","F07.02","Account management","3","maintain account plans","PLAN_OPTIMISE","NTE-017;NTE-018","NTE-002;NTE-003;NTE-004;NTE-005;NTE-007;NTE-008;NTE-009","CANONICAL_OBJECT_MAPPING_PENDING","IMPLEMENTATION_RECONCILIATION_PENDING","2026-09-21"
"NCC-F07.02-004","F07","Sales & Commercial Management","F07.02","Account management","4","manage relationships","OPERATE","NTE-017;NTE-018","NTE-002;NTE-003;NTE-004;NTE-005;NTE-007;NTE-008;NTE-009","CANONICAL_OBJECT_MAPPING_PENDING","IMPLEMENTATION_RECONCILIATION_PENDING","2026-09-21"
"NCC-F07.03-001","F07","Sales & Commercial Management","F07.03","Opportunity management","1","Identify opportunity","OPERATE","NTE-017;NTE-018","NTE-002;NTE-003;NTE-004;NTE-005;NTE-007;NTE-008;NTE-009","CANONICAL_OBJECT_MAPPING_PENDING","IMPLEMENTATION_RECONCILIATION_PENDING","2026-09-21"
"NCC-F07.03-002","F07","Sales & Commercial Management","F07.03","Opportunity management","2","qualify","OPERATE","NTE-017;NTE-018","NTE-002;NTE-003;NTE-004;NTE-005;NTE-007;NTE-008;NTE-009","CANONICAL_OBJECT_MAPPING_PENDING","IMPLEMENTATION_RECONCILIATION_PENDING","2026-09-21"
"NCC-F07.03-003","F07","Sales & Commercial Management","F07.03","Opportunity management","3","assign","OPERATE","NTE-017;NTE-018","NTE-002;NTE-003;NTE-004;NTE-005;NTE-007;NTE-008;NTE-009","CANONICAL_OBJECT_MAPPING_PENDING","IMPLEMENTATION_RECONCILIATION_PENDING","2026-09-21"
"NCC-F07.03-004","F07","Sales & Commercial Management","F07.03","Opportunity management","4","progress stages","OPERATE","NTE-017;NTE-018","NTE-002;NTE-003;NTE-004;NTE-005;NTE-007;NTE-008;NTE-009","CANONICAL_OBJECT_MAPPING_PENDING","IMPLEMENTATION_RECONCILIATION_PENDING","2026-09-21"
"NCC-F07.03-005","F07","Sales & Commercial Management","F07.03","Opportunity management","5","forecast","PLAN_OPTIMISE","NTE-017;NTE-018","NTE-002;NTE-003;NTE-004;NTE-005;NTE-007;NTE-008;NTE-009","CANONICAL_OBJECT_MAPPING_PENDING","IMPLEMENTATION_RECONCILIATION_PENDING","2026-09-21"
"NCC-F07.03-006","F07","Sales & Commercial Management","F07.03","Opportunity management","6","close","TRANSACT_EXECUTE","NTE-017;NTE-018","NTE-002;NTE-003;NTE-004;NTE-005;NTE-007;NTE-008;NTE-009","CANONICAL_OBJECT_MAPPING_PENDING","IMPLEMENTATION_RECONCILIATION_PENDING","2026-09-21"
"NCC-F07.04-001","F07","Sales & Commercial Management","F07.04","Pipeline management","1","Monitor pipeline","ANALYSE","NTE-017;NTE-018","NTE-002;NTE-003;NTE-004;NTE-005;NTE-007;NTE-008;NTE-009","CANONICAL_OBJECT_MAPPING_PENDING","IMPLEMENTATION_RECONCILIATION_PENDING","2026-09-21"
"NCC-F07.04-002","F07","Sales & Commercial Management","F07.04","Pipeline management","2","assess coverage","ANALYSE","NTE-017;NTE-018","NTE-002;NTE-003;NTE-004;NTE-005;NTE-007;NTE-008;NTE-009","CANONICAL_OBJECT_MAPPING_PENDING","IMPLEMENTATION_RECONCILIATION_PENDING","2026-09-21"
"NCC-F07.04-003","F07","Sales & Commercial Management","F07.04","Pipeline management","3","identify risks","OPERATE","NTE-017;NTE-018","NTE-002;NTE-003;NTE-004;NTE-005;NTE-007;NTE-008;NTE-009","CANONICAL_OBJECT_MAPPING_PENDING","IMPLEMENTATION_RECONCILIATION_PENDING","2026-09-21"
"NCC-F07.04-004","F07","Sales & Commercial Management","F07.04","Pipeline management","4","reprioritise opportunities","PLAN_OPTIMISE","NTE-017;NTE-018","NTE-002;NTE-003;NTE-004;NTE-005;NTE-007;NTE-008;NTE-009","CANONICAL_OBJECT_MAPPING_PENDING","IMPLEMENTATION_RECONCILIATION_PENDING","2026-09-21"
"NCC-F07.05-001","F07","Sales & Commercial Management","F07.05","Pricing","1","Establish price lists","AUTHOR_CREATE","NTE-017;NTE-018","NTE-002;NTE-003;NTE-004;NTE-005;NTE-007;NTE-008;NTE-009","CANONICAL_OBJECT_MAPPING_PENDING","IMPLEMENTATION_RECONCILIATION_PENDING","2026-09-21"
"NCC-F07.05-002","F07","Sales & Commercial Management","F07.05","Pricing","2","calculate price","ANALYSE","NTE-017;NTE-018","NTE-002;NTE-003;NTE-004;NTE-005;NTE-007;NTE-008;NTE-009","CANONICAL_OBJECT_MAPPING_PENDING","IMPLEMENTATION_RECONCILIATION_PENDING","2026-09-21"
"NCC-F07.05-003","F07","Sales & Commercial Management","F07.05","Pricing","3","manage discounts","OPERATE","NTE-017;NTE-018","NTE-002;NTE-003;NTE-004;NTE-005;NTE-007;NTE-008;NTE-009","CANONICAL_OBJECT_MAPPING_PENDING","IMPLEMENTATION_RECONCILIATION_PENDING","2026-09-21"
"NCC-F07.05-004","F07","Sales & Commercial Management","F07.05","Pricing","4","approve exceptions","GOVERN_DECIDE","NTE-017;NTE-018","NTE-002;NTE-003;NTE-004;NTE-005;NTE-007;NTE-008;NTE-009","CANONICAL_OBJECT_MAPPING_PENDING","IMPLEMENTATION_RECONCILIATION_PENDING","2026-09-21"
"NCC-F07.05-005","F07","Sales & Commercial Management","F07.05","Pricing","5","review pricing","OPERATE","NTE-017;NTE-018","NTE-002;NTE-003;NTE-004;NTE-005;NTE-007;NTE-008;NTE-009","CANONICAL_OBJECT_MAPPING_PENDING","IMPLEMENTATION_RECONCILIATION_PENDING","2026-09-21"
"NCC-F07.06-001","F07","Sales & Commercial Management","F07.06","Quotation","1","Capture requirements","AUTHOR_CREATE","NTE-017;NTE-018","NTE-002;NTE-003;NTE-004;NTE-005;NTE-007;NTE-008;NTE-009","CANONICAL_OBJECT_MAPPING_PENDING","IMPLEMENTATION_RECONCILIATION_PENDING","2026-09-21"
"NCC-F07.06-002","F07","Sales & Commercial Management","F07.06","Quotation","2","configure offering","AUTHOR_CREATE","NTE-017;NTE-018","NTE-002;NTE-003;NTE-004;NTE-005;NTE-007;NTE-008;NTE-009","CANONICAL_OBJECT_MAPPING_PENDING","IMPLEMENTATION_RECONCILIATION_PENDING","2026-09-21"
"NCC-F07.06-003","F07","Sales & Commercial Management","F07.06","Quotation","3","calculate quote","ANALYSE","NTE-017;NTE-018","NTE-002;NTE-003;NTE-004;NTE-005;NTE-007;NTE-008;NTE-009","CANONICAL_OBJECT_MAPPING_PENDING","IMPLEMENTATION_RECONCILIATION_PENDING","2026-09-21"
"NCC-F07.06-004","F07","Sales & Commercial Management","F07.06","Quotation","4","approve","GOVERN_DECIDE","NTE-017;NTE-018","NTE-002;NTE-003;NTE-004;NTE-005;NTE-007;NTE-008;NTE-009","CANONICAL_OBJECT_MAPPING_PENDING","IMPLEMENTATION_RECONCILIATION_PENDING","2026-09-21"
"NCC-F07.06-005","F07","Sales & Commercial Management","F07.06","Quotation","5","issue quote","OPERATE","NTE-017;NTE-018","NTE-002;NTE-003;NTE-004;NTE-005;NTE-007;NTE-008;NTE-009","CANONICAL_OBJECT_MAPPING_PENDING","IMPLEMENTATION_RECONCILIATION_PENDING","2026-09-21"
"NCC-F07.07-001","F07","Sales & Commercial Management","F07.07","Proposal/bid management","1","Review tender","OPERATE","NTE-017;NTE-018","NTE-002;NTE-003;NTE-004;NTE-005;NTE-007;NTE-008;NTE-009","CANONICAL_OBJECT_MAPPING_PENDING","IMPLEMENTATION_RECONCILIATION_PENDING","2026-09-21"
"NCC-F07.07-002","F07","Sales & Commercial Management","F07.07","Proposal/bid management","2","bid/no-bid decision","GOVERN_DECIDE","NTE-017;NTE-018","NTE-002;NTE-003;NTE-004;NTE-005;NTE-007;NTE-008;NTE-009","CANONICAL_OBJECT_MAPPING_PENDING","IMPLEMENTATION_RECONCILIATION_PENDING","2026-09-21"
"NCC-F07.07-003","F07","Sales & Commercial Management","F07.07","Proposal/bid management","3","develop response","AUTHOR_CREATE","NTE-017;NTE-018","NTE-002;NTE-003;NTE-004;NTE-005;NTE-007;NTE-008;NTE-009","CANONICAL_OBJECT_MAPPING_PENDING","IMPLEMENTATION_RECONCILIATION_PENDING","2026-09-21"
"NCC-F07.07-004","F07","Sales & Commercial Management","F07.07","Proposal/bid management","4","approve proposal","GOVERN_DECIDE","NTE-017;NTE-018","NTE-002;NTE-003;NTE-004;NTE-005;NTE-007;NTE-008;NTE-009","CANONICAL_OBJECT_MAPPING_PENDING","IMPLEMENTATION_RECONCILIATION_PENDING","2026-09-21"
"NCC-F07.07-005","F07","Sales & Commercial Management","F07.07","Proposal/bid management","5","submit","TRANSACT_EXECUTE","NTE-017;NTE-018","NTE-002;NTE-003;NTE-004;NTE-005;NTE-007;NTE-008;NTE-009","CANONICAL_OBJECT_MAPPING_PENDING","IMPLEMENTATION_RECONCILIATION_PENDING","2026-09-21"
"NCC-F07.08-001","F07","Sales & Commercial Management","F07.08","Contract negotiation","1","Negotiate scope","OPERATE","NTE-017;NTE-018;NTE-036","NTE-002;NTE-003;NTE-004;NTE-005;NTE-007;NTE-008;NTE-009","CANONICAL_OBJECT_MAPPING_PENDING","IMPLEMENTATION_RECONCILIATION_PENDING","2026-09-21"
"NCC-F07.08-002","F07","Sales & Commercial Management","F07.08","Contract negotiation","2","price","OPERATE","NTE-017;NTE-018;NTE-036","NTE-002;NTE-003;NTE-004;NTE-005;NTE-007;NTE-008;NTE-009","CANONICAL_OBJECT_MAPPING_PENDING","IMPLEMENTATION_RECONCILIATION_PENDING","2026-09-21"
"NCC-F07.08-003","F07","Sales & Commercial Management","F07.08","Contract negotiation","3","terms","OPERATE","NTE-017;NTE-018;NTE-036","NTE-002;NTE-003;NTE-004;NTE-005;NTE-007;NTE-008;NTE-009","CANONICAL_OBJECT_MAPPING_PENDING","IMPLEMENTATION_RECONCILIATION_PENDING","2026-09-21"
"NCC-F07.08-004","F07","Sales & Commercial Management","F07.08","Contract negotiation","4","SLA","OPERATE","NTE-017;NTE-018;NTE-036","NTE-002;NTE-003;NTE-004;NTE-005;NTE-007;NTE-008;NTE-009","CANONICAL_OBJECT_MAPPING_PENDING","IMPLEMENTATION_RECONCILIATION_PENDING","2026-09-21"
"NCC-F07.08-005","F07","Sales & Commercial Management","F07.08","Contract negotiation","5","liabilities","OPERATE","NTE-017;NTE-018;NTE-036","NTE-002;NTE-003;NTE-004;NTE-005;NTE-007;NTE-008;NTE-009","CANONICAL_OBJECT_MAPPING_PENDING","IMPLEMENTATION_RECONCILIATION_PENDING","2026-09-21"
"NCC-F07.08-006","F07","Sales & Commercial Management","F07.08","Contract negotiation","6","obtain approval","OPERATE","NTE-017;NTE-018;NTE-036","NTE-002;NTE-003;NTE-004;NTE-005;NTE-007;NTE-008;NTE-009","CANONICAL_OBJECT_MAPPING_PENDING","IMPLEMENTATION_RECONCILIATION_PENDING","2026-09-21"
"NCC-F07.09-001","F07","Sales & Commercial Management","F07.09","Sales order management","1","Capture order","AUTHOR_CREATE","NTE-017;NTE-018","NTE-002;NTE-003;NTE-004;NTE-005;NTE-007;NTE-008;NTE-009","CANONICAL_OBJECT_MAPPING_PENDING","IMPLEMENTATION_RECONCILIATION_PENDING","2026-09-21"
"NCC-F07.09-002","F07","Sales & Commercial Management","F07.09","Sales order management","2","validate","ASSURE_VERIFY","NTE-017;NTE-018","NTE-002;NTE-003;NTE-004;NTE-005;NTE-007;NTE-008;NTE-009","CANONICAL_OBJECT_MAPPING_PENDING","IMPLEMENTATION_RECONCILIATION_PENDING","2026-09-21"
"NCC-F07.09-003","F07","Sales & Commercial Management","F07.09","Sales order management","3","approve","GOVERN_DECIDE","NTE-017;NTE-018","NTE-002;NTE-003;NTE-004;NTE-005;NTE-007;NTE-008;NTE-009","CANONICAL_OBJECT_MAPPING_PENDING","IMPLEMENTATION_RECONCILIATION_PENDING","2026-09-21"
"NCC-F07.09-004","F07","Sales & Commercial Management","F07.09","Sales order management","4","amend","OPERATE","NTE-017;NTE-018","NTE-002;NTE-003;NTE-004;NTE-005;NTE-007;NTE-008;NTE-009","CANONICAL_OBJECT_MAPPING_PENDING","IMPLEMENTATION_RECONCILIATION_PENDING","2026-09-21"
"NCC-F07.09-005","F07","Sales & Commercial Management","F07.09","Sales order management","5","cancel","OPERATE","NTE-017;NTE-018","NTE-002;NTE-003;NTE-004;NTE-005;NTE-007;NTE-008;NTE-009","CANONICAL_OBJECT_MAPPING_PENDING","IMPLEMENTATION_RECONCILIATION_PENDING","2026-09-21"
"NCC-F07.09-006","F07","Sales & Commercial Management","F07.09","Sales order management","6","transfer for fulfilment","TRANSACT_EXECUTE","NTE-017;NTE-018","NTE-002;NTE-003;NTE-004;NTE-005;NTE-007;NTE-008;NTE-009","CANONICAL_OBJECT_MAPPING_PENDING","IMPLEMENTATION_RECONCILIATION_PENDING","2026-09-21"
"NCC-F07.10-001","F07","Sales & Commercial Management","F07.10","Channel/partner sales","1","Recruit partners","OPERATE","NTE-017;NTE-018","NTE-002;NTE-003;NTE-004;NTE-005;NTE-007;NTE-008;NTE-009","CANONICAL_OBJECT_MAPPING_PENDING","IMPLEMENTATION_RECONCILIATION_PENDING","2026-09-21"
"NCC-F07.10-002","F07","Sales & Commercial Management","F07.10","Channel/partner sales","2","onboard","OPERATE","NTE-017;NTE-018","NTE-002;NTE-003;NTE-004;NTE-005;NTE-007;NTE-008;NTE-009","CANONICAL_OBJECT_MAPPING_PENDING","IMPLEMENTATION_RECONCILIATION_PENDING","2026-09-21"
"NCC-F07.10-003","F07","Sales & Commercial Management","F07.10","Channel/partner sales","3","establish terms","AUTHOR_CREATE","NTE-017;NTE-018","NTE-002;NTE-003;NTE-004;NTE-005;NTE-007;NTE-008;NTE-009","CANONICAL_OBJECT_MAPPING_PENDING","IMPLEMENTATION_RECONCILIATION_PENDING","2026-09-21"
"NCC-F07.10-004","F07","Sales & Commercial Management","F07.10","Channel/partner sales","4","manage pipeline","OPERATE","NTE-017;NTE-018","NTE-002;NTE-003;NTE-004;NTE-005;NTE-007;NTE-008;NTE-009","CANONICAL_OBJECT_MAPPING_PENDING","IMPLEMENTATION_RECONCILIATION_PENDING","2026-09-21"
"NCC-F07.10-005","F07","Sales & Commercial Management","F07.10","Channel/partner sales","5","calculate incentives","ANALYSE","NTE-017;NTE-018","NTE-002;NTE-003;NTE-004;NTE-005;NTE-007;NTE-008;NTE-009","CANONICAL_OBJECT_MAPPING_PENDING","IMPLEMENTATION_RECONCILIATION_PENDING","2026-09-21"
"NCC-F07.11-001","F07","Sales & Commercial Management","F07.11","Sales compensation","1","Define incentives","AUTHOR_CREATE","NTE-017;NTE-018","NTE-002;NTE-003;NTE-004;NTE-005;NTE-007;NTE-008;NTE-009","CANONICAL_OBJECT_MAPPING_PENDING","IMPLEMENTATION_RECONCILIATION_PENDING","2026-09-21"
"NCC-F07.11-002","F07","Sales & Commercial Management","F07.11","Sales compensation","2","calculate commission","ANALYSE","NTE-017;NTE-018","NTE-002;NTE-003;NTE-004;NTE-005;NTE-007;NTE-008;NTE-009","CANONICAL_OBJECT_MAPPING_PENDING","IMPLEMENTATION_RECONCILIATION_PENDING","2026-09-21"
"NCC-F07.11-003","F07","Sales & Commercial Management","F07.11","Sales compensation","3","review exceptions","OPERATE","NTE-017;NTE-018","NTE-002;NTE-003;NTE-004;NTE-005;NTE-007;NTE-008;NTE-009","CANONICAL_OBJECT_MAPPING_PENDING","IMPLEMENTATION_RECONCILIATION_PENDING","2026-09-21"
"NCC-F07.11-004","F07","Sales & Commercial Management","F07.11","Sales compensation","4","approve payment","GOVERN_DECIDE","NTE-017;NTE-018","NTE-002;NTE-003;NTE-004;NTE-005;NTE-007;NTE-008;NTE-009","CANONICAL_OBJECT_MAPPING_PENDING","IMPLEMENTATION_RECONCILIATION_PENDING","2026-09-21"
"NCC-F07.12-001","F07","Sales & Commercial Management","F07.12","Sales forecasting","1","Collect forecasts","PLAN_OPTIMISE","NTE-017;NTE-018;NTE-033","NTE-002;NTE-003;NTE-004;NTE-005;NTE-007;NTE-008;NTE-009","CANONICAL_OBJECT_MAPPING_PENDING","IMPLEMENTATION_RECONCILIATION_PENDING","2026-09-21"
"NCC-F07.12-002","F07","Sales & Commercial Management","F07.12","Sales forecasting","2","assess probability","ANALYSE","NTE-017;NTE-018;NTE-033","NTE-002;NTE-003;NTE-004;NTE-005;NTE-007;NTE-008;NTE-009","CANONICAL_OBJECT_MAPPING_PENDING","IMPLEMENTATION_RECONCILIATION_PENDING","2026-09-21"
"NCC-F07.12-003","F07","Sales & Commercial Management","F07.12","Sales forecasting","3","consolidate forecast","PLAN_OPTIMISE","NTE-017;NTE-018;NTE-033","NTE-002;NTE-003;NTE-004;NTE-005;NTE-007;NTE-008;NTE-009","CANONICAL_OBJECT_MAPPING_PENDING","IMPLEMENTATION_RECONCILIATION_PENDING","2026-09-21"
"NCC-F07.12-004","F07","Sales & Commercial Management","F07.12","Sales forecasting","4","challenge assumptions","GOVERN_DECIDE","NTE-017;NTE-018;NTE-033","NTE-002;NTE-003;NTE-004;NTE-005;NTE-007;NTE-008;NTE-009","CANONICAL_OBJECT_MAPPING_PENDING","IMPLEMENTATION_RECONCILIATION_PENDING","2026-09-21"
"NCC-F07.13-001","F07","Sales & Commercial Management","F07.13","Sales performance","1","Monitor revenue","ANALYSE","NTE-017;NTE-018;NTE-033","NTE-002;NTE-003;NTE-004;NTE-005;NTE-007;NTE-008;NTE-009","CANONICAL_OBJECT_MAPPING_PENDING","IMPLEMENTATION_RECONCILIATION_PENDING","2026-09-21"
"NCC-F07.13-002","F07","Sales & Commercial Management","F07.13","Sales performance","2","conversion","OPERATE","NTE-017;NTE-018;NTE-033","NTE-002;NTE-003;NTE-004;NTE-005;NTE-007;NTE-008;NTE-009","CANONICAL_OBJECT_MAPPING_PENDING","IMPLEMENTATION_RECONCILIATION_PENDING","2026-09-21"
"NCC-F07.13-003","F07","Sales & Commercial Management","F07.13","Sales performance","3","margin","OPERATE","NTE-017;NTE-018;NTE-033","NTE-002;NTE-003;NTE-004;NTE-005;NTE-007;NTE-008;NTE-009","CANONICAL_OBJECT_MAPPING_PENDING","IMPLEMENTATION_RECONCILIATION_PENDING","2026-09-21"
"NCC-F07.13-004","F07","Sales & Commercial Management","F07.13","Sales performance","4","win rate","OPERATE","NTE-017;NTE-018;NTE-033","NTE-002;NTE-003;NTE-004;NTE-005;NTE-007;NTE-008;NTE-009","CANONICAL_OBJECT_MAPPING_PENDING","IMPLEMENTATION_RECONCILIATION_PENDING","2026-09-21"
"NCC-F07.13-005","F07","Sales & Commercial Management","F07.13","Sales performance","5","productivity","OPERATE","NTE-017;NTE-018;NTE-033","NTE-002;NTE-003;NTE-004;NTE-005;NTE-007;NTE-008;NTE-009","CANONICAL_OBJECT_MAPPING_PENDING","IMPLEMENTATION_RECONCILIATION_PENDING","2026-09-21"
"NCC-F07.13-006","F07","Sales & Commercial Management","F07.13","Sales performance","6","corrective action","EXCEPTION_IMPROVE","NTE-017;NTE-018;NTE-033","NTE-002;NTE-003;NTE-004;NTE-005;NTE-007;NTE-008;NTE-009","CANONICAL_OBJECT_MAPPING_PENDING","IMPLEMENTATION_RECONCILIATION_PENDING","2026-09-21"
"NCC-F08.01-001","F08","Customer Service, Experience & Success","F08.01","Customer onboarding","1","Verify customer","ASSURE_VERIFY","NTE-019","NTE-002;NTE-003;NTE-004;NTE-005;NTE-007;NTE-008;NTE-009","CANONICAL_OBJECT_MAPPING_PENDING","IMPLEMENTATION_RECONCILIATION_PENDING","2026-09-21"
"NCC-F08.01-002","F08","Customer Service, Experience & Success","F08.01","Customer onboarding","2","configure account","AUTHOR_CREATE","NTE-019","NTE-002;NTE-003;NTE-004;NTE-005;NTE-007;NTE-008;NTE-009","CANONICAL_OBJECT_MAPPING_PENDING","IMPLEMENTATION_RECONCILIATION_PENDING","2026-09-21"
"NCC-F08.01-003","F08","Customer Service, Experience & Success","F08.01","Customer onboarding","3","capture preferences","AUTHOR_CREATE","NTE-019","NTE-002;NTE-003;NTE-004;NTE-005;NTE-007;NTE-008;NTE-009","CANONICAL_OBJECT_MAPPING_PENDING","IMPLEMENTATION_RECONCILIATION_PENDING","2026-09-21"
"NCC-F08.01-004","F08","Customer Service, Experience & Success","F08.01","Customer onboarding","4","train customer","OPERATE","NTE-019","NTE-002;NTE-003;NTE-004;NTE-005;NTE-007;NTE-008;NTE-009","CANONICAL_OBJECT_MAPPING_PENDING","IMPLEMENTATION_RECONCILIATION_PENDING","2026-09-21"
"NCC-F08.01-005","F08","Customer Service, Experience & Success","F08.01","Customer onboarding","5","activate service","TRANSACT_EXECUTE","NTE-019","NTE-002;NTE-003;NTE-004;NTE-005;NTE-007;NTE-008;NTE-009","CANONICAL_OBJECT_MAPPING_PENDING","IMPLEMENTATION_RECONCILIATION_PENDING","2026-09-21"
"NCC-F08.02-001","F08","Customer Service, Experience & Success","F08.02","Customer enquiry management","1","Receive enquiry","TRANSACT_EXECUTE","NTE-019","NTE-002;NTE-003;NTE-004;NTE-005;NTE-007;NTE-008;NTE-009","CANONICAL_OBJECT_MAPPING_PENDING","IMPLEMENTATION_RECONCILIATION_PENDING","2026-09-21"
"NCC-F08.02-002","F08","Customer Service, Experience & Success","F08.02","Customer enquiry management","2","classify","OPERATE","NTE-019","NTE-002;NTE-003;NTE-004;NTE-005;NTE-007;NTE-008;NTE-009","CANONICAL_OBJECT_MAPPING_PENDING","IMPLEMENTATION_RECONCILIATION_PENDING","2026-09-21"
"NCC-F08.02-003","F08","Customer Service, Experience & Success","F08.02","Customer enquiry management","3","route","OPERATE","NTE-019","NTE-002;NTE-003;NTE-004;NTE-005;NTE-007;NTE-008;NTE-009","CANONICAL_OBJECT_MAPPING_PENDING","IMPLEMENTATION_RECONCILIATION_PENDING","2026-09-21"
"NCC-F08.02-004","F08","Customer Service, Experience & Success","F08.02","Customer enquiry management","4","respond","OPERATE","NTE-019","NTE-002;NTE-003;NTE-004;NTE-005;NTE-007;NTE-008;NTE-009","CANONICAL_OBJECT_MAPPING_PENDING","IMPLEMENTATION_RECONCILIATION_PENDING","2026-09-21"
"NCC-F08.02-005","F08","Customer Service, Experience & Success","F08.02","Customer enquiry management","5","resolve","EXCEPTION_IMPROVE","NTE-019","NTE-002;NTE-003;NTE-004;NTE-005;NTE-007;NTE-008;NTE-009","CANONICAL_OBJECT_MAPPING_PENDING","IMPLEMENTATION_RECONCILIATION_PENDING","2026-09-21"
"NCC-F08.02-006","F08","Customer Service, Experience & Success","F08.02","Customer enquiry management","6","close","TRANSACT_EXECUTE","NTE-019","NTE-002;NTE-003;NTE-004;NTE-005;NTE-007;NTE-008;NTE-009","CANONICAL_OBJECT_MAPPING_PENDING","IMPLEMENTATION_RECONCILIATION_PENDING","2026-09-21"
"NCC-F08.03-001","F08","Customer Service, Experience & Success","F08.03","Case management","1","Create case","AUTHOR_CREATE","NTE-019","NTE-002;NTE-003;NTE-004;NTE-005;NTE-007;NTE-008;NTE-009","CANONICAL_OBJECT_MAPPING_PENDING","IMPLEMENTATION_RECONCILIATION_PENDING","2026-09-21"
"NCC-F08.03-002","F08","Customer Service, Experience & Success","F08.03","Case management","2","assign","OPERATE","NTE-019","NTE-002;NTE-003;NTE-004;NTE-005;NTE-007;NTE-008;NTE-009","CANONICAL_OBJECT_MAPPING_PENDING","IMPLEMENTATION_RECONCILIATION_PENDING","2026-09-21"
"NCC-F08.03-003","F08","Customer Service, Experience & Success","F08.03","Case management","3","investigate","EXCEPTION_IMPROVE","NTE-019","NTE-002;NTE-003;NTE-004;NTE-005;NTE-007;NTE-008;NTE-009","CANONICAL_OBJECT_MAPPING_PENDING","IMPLEMENTATION_RECONCILIATION_PENDING","2026-09-21"
"NCC-F08.03-004","F08","Customer Service, Experience & Success","F08.03","Case management","4","resolve","EXCEPTION_IMPROVE","NTE-019","NTE-002;NTE-003;NTE-004;NTE-005;NTE-007;NTE-008;NTE-009","CANONICAL_OBJECT_MAPPING_PENDING","IMPLEMENTATION_RECONCILIATION_PENDING","2026-09-21"
"NCC-F08.03-005","F08","Customer Service, Experience & Success","F08.03","Case management","5","document","AUTHOR_CREATE","NTE-019","NTE-002;NTE-003;NTE-004;NTE-005;NTE-007;NTE-008;NTE-009","CANONICAL_OBJECT_MAPPING_PENDING","IMPLEMENTATION_RECONCILIATION_PENDING","2026-09-21"
"NCC-F08.03-006","F08","Customer Service, Experience & Success","F08.03","Case management","6","close","TRANSACT_EXECUTE","NTE-019","NTE-002;NTE-003;NTE-004;NTE-005;NTE-007;NTE-008;NTE-009","CANONICAL_OBJECT_MAPPING_PENDING","IMPLEMENTATION_RECONCILIATION_PENDING","2026-09-21"
"NCC-F08.04-001","F08","Customer Service, Experience & Success","F08.04","Complaint management","1","Record complaint","OPERATE","NTE-019","NTE-002;NTE-003;NTE-004;NTE-005;NTE-007;NTE-008;NTE-009","CANONICAL_OBJECT_MAPPING_PENDING","IMPLEMENTATION_RECONCILIATION_PENDING","2026-09-21"
"NCC-F08.04-002","F08","Customer Service, Experience & Success","F08.04","Complaint management","2","investigate","EXCEPTION_IMPROVE","NTE-019","NTE-002;NTE-003;NTE-004;NTE-005;NTE-007;NTE-008;NTE-009","CANONICAL_OBJECT_MAPPING_PENDING","IMPLEMENTATION_RECONCILIATION_PENDING","2026-09-21"
"NCC-F08.04-003","F08","Customer Service, Experience & Success","F08.04","Complaint management","3","communicate resolution","COMMUNICATE_PUBLISH","NTE-019","NTE-002;NTE-003;NTE-004;NTE-005;NTE-007;NTE-008;NTE-009","CANONICAL_OBJECT_MAPPING_PENDING","IMPLEMENTATION_RECONCILIATION_PENDING","2026-09-21"
"NCC-F08.04-004","F08","Customer Service, Experience & Success","F08.04","Complaint management","4","compensate/remediate","EXCEPTION_IMPROVE","NTE-019","NTE-002;NTE-003;NTE-004;NTE-005;NTE-007;NTE-008;NTE-009","CANONICAL_OBJECT_MAPPING_PENDING","IMPLEMENTATION_RECONCILIATION_PENDING","2026-09-21"
"NCC-F08.04-005","F08","Customer Service, Experience & Success","F08.04","Complaint management","5","analyse cause","ANALYSE","NTE-019","NTE-002;NTE-003;NTE-004;NTE-005;NTE-007;NTE-008;NTE-009","CANONICAL_OBJECT_MAPPING_PENDING","IMPLEMENTATION_RECONCILIATION_PENDING","2026-09-21"
"NCC-F08.05-001","F08","Customer Service, Experience & Success","F08.05","Technical support","1","Diagnose issue","OPERATE","NTE-019","NTE-002;NTE-003;NTE-004;NTE-005;NTE-007;NTE-008;NTE-009","CANONICAL_OBJECT_MAPPING_PENDING","IMPLEMENTATION_RECONCILIATION_PENDING","2026-09-21"
"NCC-F08.05-002","F08","Customer Service, Experience & Success","F08.05","Technical support","2","troubleshoot","OPERATE","NTE-019","NTE-002;NTE-003;NTE-004;NTE-005;NTE-007;NTE-008;NTE-009","CANONICAL_OBJECT_MAPPING_PENDING","IMPLEMENTATION_RECONCILIATION_PENDING","2026-09-21"
"NCC-F08.05-003","F08","Customer Service, Experience & Success","F08.05","Technical support","3","escalate","OPERATE","NTE-019","NTE-002;NTE-003;NTE-004;NTE-005;NTE-007;NTE-008;NTE-009","CANONICAL_OBJECT_MAPPING_PENDING","IMPLEMENTATION_RECONCILIATION_PENDING","2026-09-21"
"NCC-F08.05-004","F08","Customer Service, Experience & Success","F08.05","Technical support","4","resolve","EXCEPTION_IMPROVE","NTE-019","NTE-002;NTE-003;NTE-004;NTE-005;NTE-007;NTE-008;NTE-009","CANONICAL_OBJECT_MAPPING_PENDING","IMPLEMENTATION_RECONCILIATION_PENDING","2026-09-21"
"NCC-F08.05-005","F08","Customer Service, Experience & Success","F08.05","Technical support","5","document solution","AUTHOR_CREATE","NTE-019","NTE-002;NTE-003;NTE-004;NTE-005;NTE-007;NTE-008;NTE-009","CANONICAL_OBJECT_MAPPING_PENDING","IMPLEMENTATION_RECONCILIATION_PENDING","2026-09-21"
"NCC-F08.06-001","F08","Customer Service, Experience & Success","F08.06","Returns/refunds","1","Authorise return","GOVERN_DECIDE","NTE-019","NTE-002;NTE-003;NTE-004;NTE-005;NTE-007;NTE-008;NTE-009","CANONICAL_OBJECT_MAPPING_PENDING","IMPLEMENTATION_RECONCILIATION_PENDING","2026-09-21"
"NCC-F08.06-002","F08","Customer Service, Experience & Success","F08.06","Returns/refunds","2","receive goods","TRANSACT_EXECUTE","NTE-019","NTE-002;NTE-003;NTE-004;NTE-005;NTE-007;NTE-008;NTE-009","CANONICAL_OBJECT_MAPPING_PENDING","IMPLEMENTATION_RECONCILIATION_PENDING","2026-09-21"
"NCC-F08.06-003","F08","Customer Service, Experience & Success","F08.06","Returns/refunds","3","inspect","ASSURE_VERIFY","NTE-019","NTE-002;NTE-003;NTE-004;NTE-005;NTE-007;NTE-008;NTE-009","CANONICAL_OBJECT_MAPPING_PENDING","IMPLEMENTATION_RECONCILIATION_PENDING","2026-09-21"
"NCC-F08.06-004","F08","Customer Service, Experience & Success","F08.06","Returns/refunds","4","approve refund/replacement","GOVERN_DECIDE","NTE-019","NTE-002;NTE-003;NTE-004;NTE-005;NTE-007;NTE-008;NTE-009","CANONICAL_OBJECT_MAPPING_PENDING","IMPLEMENTATION_RECONCILIATION_PENDING","2026-09-21"
"NCC-F08.06-005","F08","Customer Service, Experience & Success","F08.06","Returns/refunds","5","process credit","OPERATE","NTE-019","NTE-002;NTE-003;NTE-004;NTE-005;NTE-007;NTE-008;NTE-009","CANONICAL_OBJECT_MAPPING_PENDING","IMPLEMENTATION_RECONCILIATION_PENDING","2026-09-21"
"NCC-F08.07-001","F08","Customer Service, Experience & Success","F08.07","Warranty","1","Validate warranty","ASSURE_VERIFY","NTE-019","NTE-002;NTE-003;NTE-004;NTE-005;NTE-007;NTE-008;NTE-009","CANONICAL_OBJECT_MAPPING_PENDING","IMPLEMENTATION_RECONCILIATION_PENDING","2026-09-21"
"NCC-F08.07-002","F08","Customer Service, Experience & Success","F08.07","Warranty","2","approve claim","GOVERN_DECIDE","NTE-019","NTE-002;NTE-003;NTE-004;NTE-005;NTE-007;NTE-008;NTE-009","CANONICAL_OBJECT_MAPPING_PENDING","IMPLEMENTATION_RECONCILIATION_PENDING","2026-09-21"
"NCC-F08.07-003","F08","Customer Service, Experience & Success","F08.07","Warranty","3","repair/replace","OPERATE","NTE-019","NTE-002;NTE-003;NTE-004;NTE-005;NTE-007;NTE-008;NTE-009","CANONICAL_OBJECT_MAPPING_PENDING","IMPLEMENTATION_RECONCILIATION_PENDING","2026-09-21"
"NCC-F08.07-004","F08","Customer Service, Experience & Success","F08.07","Warranty","4","recover supplier cost","EXCEPTION_IMPROVE","NTE-019","NTE-002;NTE-003;NTE-004;NTE-005;NTE-007;NTE-008;NTE-009","CANONICAL_OBJECT_MAPPING_PENDING","IMPLEMENTATION_RECONCILIATION_PENDING","2026-09-21"
"NCC-F08.08-001","F08","Customer Service, Experience & Success","F08.08","Customer success","1","Monitor adoption","ANALYSE","NTE-019","NTE-002;NTE-003;NTE-004;NTE-005;NTE-007;NTE-008;NTE-009","CANONICAL_OBJECT_MAPPING_PENDING","IMPLEMENTATION_RECONCILIATION_PENDING","2026-09-21"
"NCC-F08.08-002","F08","Customer Service, Experience & Success","F08.08","Customer success","2","conduct reviews","OPERATE","NTE-019","NTE-002;NTE-003;NTE-004;NTE-005;NTE-007;NTE-008;NTE-009","CANONICAL_OBJECT_MAPPING_PENDING","IMPLEMENTATION_RECONCILIATION_PENDING","2026-09-21"
"NCC-F08.08-003","F08","Customer Service, Experience & Success","F08.08","Customer success","3","identify risks","OPERATE","NTE-019","NTE-002;NTE-003;NTE-004;NTE-005;NTE-007;NTE-008;NTE-009","CANONICAL_OBJECT_MAPPING_PENDING","IMPLEMENTATION_RECONCILIATION_PENDING","2026-09-21"
"NCC-F08.08-004","F08","Customer Service, Experience & Success","F08.08","Customer success","4","drive value realisation","OPERATE","NTE-019","NTE-002;NTE-003;NTE-004;NTE-005;NTE-007;NTE-008;NTE-009","CANONICAL_OBJECT_MAPPING_PENDING","IMPLEMENTATION_RECONCILIATION_PENDING","2026-09-21"
"NCC-F08.09-001","F08","Customer Service, Experience & Success","F08.09","Retention","1","Identify churn risk","OPERATE","NTE-019","NTE-002;NTE-003;NTE-004;NTE-005;NTE-007;NTE-008;NTE-009","CANONICAL_OBJECT_MAPPING_PENDING","IMPLEMENTATION_RECONCILIATION_PENDING","2026-09-21"
"NCC-F08.09-002","F08","Customer Service, Experience & Success","F08.09","Retention","2","develop retention offer","AUTHOR_CREATE","NTE-019","NTE-002;NTE-003;NTE-004;NTE-005;NTE-007;NTE-008;NTE-009","CANONICAL_OBJECT_MAPPING_PENDING","IMPLEMENTATION_RECONCILIATION_PENDING","2026-09-21"
"NCC-F08.09-003","F08","Customer Service, Experience & Success","F08.09","Retention","3","engage customer","OPERATE","NTE-019","NTE-002;NTE-003;NTE-004;NTE-005;NTE-007;NTE-008;NTE-009","CANONICAL_OBJECT_MAPPING_PENDING","IMPLEMENTATION_RECONCILIATION_PENDING","2026-09-21"
"NCC-F08.09-004","F08","Customer Service, Experience & Success","F08.09","Retention","4","monitor outcome","ANALYSE","NTE-019","NTE-002;NTE-003;NTE-004;NTE-005;NTE-007;NTE-008;NTE-009","CANONICAL_OBJECT_MAPPING_PENDING","IMPLEMENTATION_RECONCILIATION_PENDING","2026-09-21"
"NCC-F08.10-001","F08","Customer Service, Experience & Success","F08.10","Customer feedback","1","Conduct surveys","OPERATE","NTE-019","NTE-002;NTE-003;NTE-004;NTE-005;NTE-007;NTE-008;NTE-009","CANONICAL_OBJECT_MAPPING_PENDING","IMPLEMENTATION_RECONCILIATION_PENDING","2026-09-21"
"NCC-F08.10-002","F08","Customer Service, Experience & Success","F08.10","Customer feedback","2","measure NPS/CSAT","ANALYSE","NTE-019","NTE-002;NTE-003;NTE-004;NTE-005;NTE-007;NTE-008;NTE-009","CANONICAL_OBJECT_MAPPING_PENDING","IMPLEMENTATION_RECONCILIATION_PENDING","2026-09-21"
"NCC-F08.10-003","F08","Customer Service, Experience & Success","F08.10","Customer feedback","3","analyse feedback","ANALYSE","NTE-019","NTE-002;NTE-003;NTE-004;NTE-005;NTE-007;NTE-008;NTE-009","CANONICAL_OBJECT_MAPPING_PENDING","IMPLEMENTATION_RECONCILIATION_PENDING","2026-09-21"
"NCC-F08.10-004","F08","Customer Service, Experience & Success","F08.10","Customer feedback","4","assign improvements","OPERATE","NTE-019","NTE-002;NTE-003;NTE-004;NTE-005;NTE-007;NTE-008;NTE-009","CANONICAL_OBJECT_MAPPING_PENDING","IMPLEMENTATION_RECONCILIATION_PENDING","2026-09-21"
"NCC-F08.11-001","F08","Customer Service, Experience & Success","F08.11","Customer knowledge","1","Maintain FAQs","OPERATE","NTE-019;NTE-043","NTE-002;NTE-003;NTE-004;NTE-005;NTE-007;NTE-008;NTE-009","CANONICAL_OBJECT_MAPPING_PENDING","IMPLEMENTATION_RECONCILIATION_PENDING","2026-09-21"
"NCC-F08.11-002","F08","Customer Service, Experience & Success","F08.11","Customer knowledge","2","knowledge articles","OPERATE","NTE-019;NTE-043","NTE-002;NTE-003;NTE-004;NTE-005;NTE-007;NTE-008;NTE-009","CANONICAL_OBJECT_MAPPING_PENDING","IMPLEMENTATION_RECONCILIATION_PENDING","2026-09-21"
"NCC-F08.11-003","F08","Customer Service, Experience & Success","F08.11","Customer knowledge","3","scripts","OPERATE","NTE-019;NTE-043","NTE-002;NTE-003;NTE-004;NTE-005;NTE-007;NTE-008;NTE-009","CANONICAL_OBJECT_MAPPING_PENDING","IMPLEMENTATION_RECONCILIATION_PENDING","2026-09-21"
"NCC-F08.11-004","F08","Customer Service, Experience & Success","F08.11","Customer knowledge","4","troubleshooting guides","OPERATE","NTE-019;NTE-043","NTE-002;NTE-003;NTE-004;NTE-005;NTE-007;NTE-008;NTE-009","CANONICAL_OBJECT_MAPPING_PENDING","IMPLEMENTATION_RECONCILIATION_PENDING","2026-09-21"
"NCC-F08.12-001","F08","Customer Service, Experience & Success","F08.12","Service-level management","1","Define SLA","AUTHOR_CREATE","NTE-019","NTE-002;NTE-003;NTE-004;NTE-005;NTE-007;NTE-008;NTE-009","CANONICAL_OBJECT_MAPPING_PENDING","IMPLEMENTATION_RECONCILIATION_PENDING","2026-09-21"
"NCC-F08.12-002","F08","Customer Service, Experience & Success","F08.12","Service-level management","2","measure performance","ANALYSE","NTE-019","NTE-002;NTE-003;NTE-004;NTE-005;NTE-007;NTE-008;NTE-009","CANONICAL_OBJECT_MAPPING_PENDING","IMPLEMENTATION_RECONCILIATION_PENDING","2026-09-21"
"NCC-F08.12-003","F08","Customer Service, Experience & Success","F08.12","Service-level management","3","investigate breaches","EXCEPTION_IMPROVE","NTE-019","NTE-002;NTE-003;NTE-004;NTE-005;NTE-007;NTE-008;NTE-009","CANONICAL_OBJECT_MAPPING_PENDING","IMPLEMENTATION_RECONCILIATION_PENDING","2026-09-21"
"NCC-F08.12-004","F08","Customer Service, Experience & Success","F08.12","Service-level management","4","report results","OPERATE","NTE-019","NTE-002;NTE-003;NTE-004;NTE-005;NTE-007;NTE-008;NTE-009","CANONICAL_OBJECT_MAPPING_PENDING","IMPLEMENTATION_RECONCILIATION_PENDING","2026-09-21"
"NCC-F09.01-001","F09","Procurement & Supplier Management","F09.01","Procurement strategy","1","Analyse spend","ANALYSE","NTE-020","NTE-002;NTE-003;NTE-004;NTE-005;NTE-007;NTE-008;NTE-009","CANONICAL_OBJECT_MAPPING_PENDING","IMPLEMENTATION_RECONCILIATION_PENDING","2026-09-21"
"NCC-F09.01-002","F09","Procurement & Supplier Management","F09.01","Procurement strategy","2","define categories","AUTHOR_CREATE","NTE-020","NTE-002;NTE-003;NTE-004;NTE-005;NTE-007;NTE-008;NTE-009","CANONICAL_OBJECT_MAPPING_PENDING","IMPLEMENTATION_RECONCILIATION_PENDING","2026-09-21"
"NCC-F09.01-003","F09","Procurement & Supplier Management","F09.01","Procurement strategy","3","determine sourcing strategy","OPERATE","NTE-020","NTE-002;NTE-003;NTE-004;NTE-005;NTE-007;NTE-008;NTE-009","CANONICAL_OBJECT_MAPPING_PENDING","IMPLEMENTATION_RECONCILIATION_PENDING","2026-09-21"
"NCC-F09.01-004","F09","Procurement & Supplier Management","F09.01","Procurement strategy","4","establish procurement policy","AUTHOR_CREATE","NTE-020","NTE-002;NTE-003;NTE-004;NTE-005;NTE-007;NTE-008;NTE-009","CANONICAL_OBJECT_MAPPING_PENDING","IMPLEMENTATION_RECONCILIATION_PENDING","2026-09-21"
"NCC-F09.02-001","F09","Procurement & Supplier Management","F09.02","Category management","1","Segment spend","OPERATE","NTE-020","NTE-002;NTE-003;NTE-004;NTE-005;NTE-007;NTE-008;NTE-009","CANONICAL_OBJECT_MAPPING_PENDING","IMPLEMENTATION_RECONCILIATION_PENDING","2026-09-21"
"NCC-F09.02-002","F09","Procurement & Supplier Management","F09.02","Category management","2","analyse markets","ANALYSE","NTE-020","NTE-002;NTE-003;NTE-004;NTE-005;NTE-007;NTE-008;NTE-009","CANONICAL_OBJECT_MAPPING_PENDING","IMPLEMENTATION_RECONCILIATION_PENDING","2026-09-21"
"NCC-F09.02-003","F09","Procurement & Supplier Management","F09.02","Category management","3","develop category plans","PLAN_OPTIMISE","NTE-020","NTE-002;NTE-003;NTE-004;NTE-005;NTE-007;NTE-008;NTE-009","CANONICAL_OBJECT_MAPPING_PENDING","IMPLEMENTATION_RECONCILIATION_PENDING","2026-09-21"
"NCC-F09.02-004","F09","Procurement & Supplier Management","F09.02","Category management","4","identify savings","OPERATE","NTE-020","NTE-002;NTE-003;NTE-004;NTE-005;NTE-007;NTE-008;NTE-009","CANONICAL_OBJECT_MAPPING_PENDING","IMPLEMENTATION_RECONCILIATION_PENDING","2026-09-21"
"NCC-F09.03-001","F09","Procurement & Supplier Management","F09.03","Supplier discovery","1","Identify suppliers","OPERATE","NTE-020","NTE-002;NTE-003;NTE-004;NTE-005;NTE-007;NTE-008;NTE-009","CANONICAL_OBJECT_MAPPING_PENDING","IMPLEMENTATION_RECONCILIATION_PENDING","2026-09-21"
"NCC-F09.03-002","F09","Procurement & Supplier Management","F09.03","Supplier discovery","2","collect information","OPERATE","NTE-020","NTE-002;NTE-003;NTE-004;NTE-005;NTE-007;NTE-008;NTE-009","CANONICAL_OBJECT_MAPPING_PENDING","IMPLEMENTATION_RECONCILIATION_PENDING","2026-09-21"
"NCC-F09.03-003","F09","Procurement & Supplier Management","F09.03","Supplier discovery","3","pre-qualify","OPERATE","NTE-020","NTE-002;NTE-003;NTE-004;NTE-005;NTE-007;NTE-008;NTE-009","CANONICAL_OBJECT_MAPPING_PENDING","IMPLEMENTATION_RECONCILIATION_PENDING","2026-09-21"
"NCC-F09.03-004","F09","Procurement & Supplier Management","F09.03","Supplier discovery","4","maintain supplier database","OPERATE","NTE-020","NTE-002;NTE-003;NTE-004;NTE-005;NTE-007;NTE-008;NTE-009","CANONICAL_OBJECT_MAPPING_PENDING","IMPLEMENTATION_RECONCILIATION_PENDING","2026-09-21"
"NCC-F09.04-001","F09","Procurement & Supplier Management","F09.04","Sourcing","1","Issue RFI/RFQ/RFP","OPERATE","NTE-020","NTE-002;NTE-003;NTE-004;NTE-005;NTE-007;NTE-008;NTE-009","CANONICAL_OBJECT_MAPPING_PENDING","IMPLEMENTATION_RECONCILIATION_PENDING","2026-09-21"
"NCC-F09.04-002","F09","Procurement & Supplier Management","F09.04","Sourcing","2","evaluate responses","ANALYSE","NTE-020","NTE-002;NTE-003;NTE-004;NTE-005;NTE-007;NTE-008;NTE-009","CANONICAL_OBJECT_MAPPING_PENDING","IMPLEMENTATION_RECONCILIATION_PENDING","2026-09-21"
"NCC-F09.04-003","F09","Procurement & Supplier Management","F09.04","Sourcing","3","conduct auctions","OPERATE","NTE-020","NTE-002;NTE-003;NTE-004;NTE-005;NTE-007;NTE-008;NTE-009","CANONICAL_OBJECT_MAPPING_PENDING","IMPLEMENTATION_RECONCILIATION_PENDING","2026-09-21"
"NCC-F09.04-004","F09","Procurement & Supplier Management","F09.04","Sourcing","4","select supplier","OPERATE","NTE-020","NTE-002;NTE-003;NTE-004;NTE-005;NTE-007;NTE-008;NTE-009","CANONICAL_OBJECT_MAPPING_PENDING","IMPLEMENTATION_RECONCILIATION_PENDING","2026-09-21"
"NCC-F09.05-001","F09","Procurement & Supplier Management","F09.05","Supplier negotiation","1","Negotiate price","OPERATE","NTE-020","NTE-002;NTE-003;NTE-004;NTE-005;NTE-007;NTE-008;NTE-009","CANONICAL_OBJECT_MAPPING_PENDING","IMPLEMENTATION_RECONCILIATION_PENDING","2026-09-21"
"NCC-F09.05-002","F09","Procurement & Supplier Management","F09.05","Supplier negotiation","2","terms","OPERATE","NTE-020","NTE-002;NTE-003;NTE-004;NTE-005;NTE-007;NTE-008;NTE-009","CANONICAL_OBJECT_MAPPING_PENDING","IMPLEMENTATION_RECONCILIATION_PENDING","2026-09-21"
"NCC-F09.05-003","F09","Procurement & Supplier Management","F09.05","Supplier negotiation","3","service","OPERATE","NTE-020","NTE-002;NTE-003;NTE-004;NTE-005;NTE-007;NTE-008;NTE-009","CANONICAL_OBJECT_MAPPING_PENDING","IMPLEMENTATION_RECONCILIATION_PENDING","2026-09-21"
"NCC-F09.05-004","F09","Procurement & Supplier Management","F09.05","Supplier negotiation","4","risk provisions","OPERATE","NTE-020","NTE-002;NTE-003;NTE-004;NTE-005;NTE-007;NTE-008;NTE-009","CANONICAL_OBJECT_MAPPING_PENDING","IMPLEMENTATION_RECONCILIATION_PENDING","2026-09-21"
"NCC-F09.05-005","F09","Procurement & Supplier Management","F09.05","Supplier negotiation","5","incentives","OPERATE","NTE-020","NTE-002;NTE-003;NTE-004;NTE-005;NTE-007;NTE-008;NTE-009","CANONICAL_OBJECT_MAPPING_PENDING","IMPLEMENTATION_RECONCILIATION_PENDING","2026-09-21"
"NCC-F09.06-001","F09","Procurement & Supplier Management","F09.06","Contracting","1","Draft contract","AUTHOR_CREATE","NTE-020;NTE-036","NTE-002;NTE-003;NTE-004;NTE-005;NTE-007;NTE-008;NTE-009","CANONICAL_OBJECT_MAPPING_PENDING","IMPLEMENTATION_RECONCILIATION_PENDING","2026-09-21"
"NCC-F09.06-002","F09","Procurement & Supplier Management","F09.06","Contracting","2","review","OPERATE","NTE-020;NTE-036","NTE-002;NTE-003;NTE-004;NTE-005;NTE-007;NTE-008;NTE-009","CANONICAL_OBJECT_MAPPING_PENDING","IMPLEMENTATION_RECONCILIATION_PENDING","2026-09-21"
"NCC-F09.06-003","F09","Procurement & Supplier Management","F09.06","Contracting","3","approve","GOVERN_DECIDE","NTE-020;NTE-036","NTE-002;NTE-003;NTE-004;NTE-005;NTE-007;NTE-008;NTE-009","CANONICAL_OBJECT_MAPPING_PENDING","IMPLEMENTATION_RECONCILIATION_PENDING","2026-09-21"
"NCC-F09.06-004","F09","Procurement & Supplier Management","F09.06","Contracting","4","execute","TRANSACT_EXECUTE","NTE-020;NTE-036","NTE-002;NTE-003;NTE-004;NTE-005;NTE-007;NTE-008;NTE-009","CANONICAL_OBJECT_MAPPING_PENDING","IMPLEMENTATION_RECONCILIATION_PENDING","2026-09-21"
"NCC-F09.06-005","F09","Procurement & Supplier Management","F09.06","Contracting","5","store","OPERATE","NTE-020;NTE-036","NTE-002;NTE-003;NTE-004;NTE-005;NTE-007;NTE-008;NTE-009","CANONICAL_OBJECT_MAPPING_PENDING","IMPLEMENTATION_RECONCILIATION_PENDING","2026-09-21"
"NCC-F09.06-006","F09","Procurement & Supplier Management","F09.06","Contracting","6","renew","OPERATE","NTE-020;NTE-036","NTE-002;NTE-003;NTE-004;NTE-005;NTE-007;NTE-008;NTE-009","CANONICAL_OBJECT_MAPPING_PENDING","IMPLEMENTATION_RECONCILIATION_PENDING","2026-09-21"
"NCC-F09.07-001","F09","Procurement & Supplier Management","F09.07","Supplier onboarding","1","Verify supplier","ASSURE_VERIFY","NTE-020","NTE-002;NTE-003;NTE-004;NTE-005;NTE-007;NTE-008;NTE-009","CANONICAL_OBJECT_MAPPING_PENDING","IMPLEMENTATION_RECONCILIATION_PENDING","2026-09-21"
"NCC-F09.07-002","F09","Procurement & Supplier Management","F09.07","Supplier onboarding","2","collect tax/bank information","OPERATE","NTE-020","NTE-002;NTE-003;NTE-004;NTE-005;NTE-007;NTE-008;NTE-009","CANONICAL_OBJECT_MAPPING_PENDING","IMPLEMENTATION_RECONCILIATION_PENDING","2026-09-21"
"NCC-F09.07-003","F09","Procurement & Supplier Management","F09.07","Supplier onboarding","3","perform due diligence","OPERATE","NTE-020","NTE-002;NTE-003;NTE-004;NTE-005;NTE-007;NTE-008;NTE-009","CANONICAL_OBJECT_MAPPING_PENDING","IMPLEMENTATION_RECONCILIATION_PENDING","2026-09-21"
"NCC-F09.07-004","F09","Procurement & Supplier Management","F09.07","Supplier onboarding","4","activate","TRANSACT_EXECUTE","NTE-020","NTE-002;NTE-003;NTE-004;NTE-005;NTE-007;NTE-008;NTE-009","CANONICAL_OBJECT_MAPPING_PENDING","IMPLEMENTATION_RECONCILIATION_PENDING","2026-09-21"
"NCC-F09.08-001","F09","Procurement & Supplier Management","F09.08","Requisitioning","1","Create requisition","AUTHOR_CREATE","NTE-020","NTE-002;NTE-003;NTE-004;NTE-005;NTE-007;NTE-008;NTE-009","CANONICAL_OBJECT_MAPPING_PENDING","IMPLEMENTATION_RECONCILIATION_PENDING","2026-09-21"
"NCC-F09.08-002","F09","Procurement & Supplier Management","F09.08","Requisitioning","2","validate","ASSURE_VERIFY","NTE-020","NTE-002;NTE-003;NTE-004;NTE-005;NTE-007;NTE-008;NTE-009","CANONICAL_OBJECT_MAPPING_PENDING","IMPLEMENTATION_RECONCILIATION_PENDING","2026-09-21"
"NCC-F09.08-003","F09","Procurement & Supplier Management","F09.08","Requisitioning","3","route for approval","OPERATE","NTE-020","NTE-002;NTE-003;NTE-004;NTE-005;NTE-007;NTE-008;NTE-009","CANONICAL_OBJECT_MAPPING_PENDING","IMPLEMENTATION_RECONCILIATION_PENDING","2026-09-21"
"NCC-F09.08-004","F09","Procurement & Supplier Management","F09.08","Requisitioning","4","convert to purchase order","TRANSACT_EXECUTE","NTE-020","NTE-002;NTE-003;NTE-004;NTE-005;NTE-007;NTE-008;NTE-009","CANONICAL_OBJECT_MAPPING_PENDING","IMPLEMENTATION_RECONCILIATION_PENDING","2026-09-21"
"NCC-F09.09-001","F09","Procurement & Supplier Management","F09.09","Purchase ordering","1","Create PO","AUTHOR_CREATE","NTE-020","NTE-002;NTE-003;NTE-004;NTE-005;NTE-007;NTE-008;NTE-009","CANONICAL_OBJECT_MAPPING_PENDING","IMPLEMENTATION_RECONCILIATION_PENDING","2026-09-21"
"NCC-F09.09-002","F09","Procurement & Supplier Management","F09.09","Purchase ordering","2","approve","GOVERN_DECIDE","NTE-020","NTE-002;NTE-003;NTE-004;NTE-005;NTE-007;NTE-008;NTE-009","CANONICAL_OBJECT_MAPPING_PENDING","IMPLEMENTATION_RECONCILIATION_PENDING","2026-09-21"
"NCC-F09.09-003","F09","Procurement & Supplier Management","F09.09","Purchase ordering","3","issue","OPERATE","NTE-020","NTE-002;NTE-003;NTE-004;NTE-005;NTE-007;NTE-008;NTE-009","CANONICAL_OBJECT_MAPPING_PENDING","IMPLEMENTATION_RECONCILIATION_PENDING","2026-09-21"
"NCC-F09.09-004","F09","Procurement & Supplier Management","F09.09","Purchase ordering","4","amend","OPERATE","NTE-020","NTE-002;NTE-003;NTE-004;NTE-005;NTE-007;NTE-008;NTE-009","CANONICAL_OBJECT_MAPPING_PENDING","IMPLEMENTATION_RECONCILIATION_PENDING","2026-09-21"
"NCC-F09.09-005","F09","Procurement & Supplier Management","F09.09","Purchase ordering","5","close","TRANSACT_EXECUTE","NTE-020","NTE-002;NTE-003;NTE-004;NTE-005;NTE-007;NTE-008;NTE-009","CANONICAL_OBJECT_MAPPING_PENDING","IMPLEMENTATION_RECONCILIATION_PENDING","2026-09-21"
"NCC-F09.10-001","F09","Procurement & Supplier Management","F09.10","Supplier performance","1","Define KPIs","AUTHOR_CREATE","NTE-020;NTE-033","NTE-002;NTE-003;NTE-004;NTE-005;NTE-007;NTE-008;NTE-009","CANONICAL_OBJECT_MAPPING_PENDING","IMPLEMENTATION_RECONCILIATION_PENDING","2026-09-21"
"NCC-F09.10-002","F09","Procurement & Supplier Management","F09.10","Supplier performance","2","collect results","OPERATE","NTE-020;NTE-033","NTE-002;NTE-003;NTE-004;NTE-005;NTE-007;NTE-008;NTE-009","CANONICAL_OBJECT_MAPPING_PENDING","IMPLEMENTATION_RECONCILIATION_PENDING","2026-09-21"
"NCC-F09.10-003","F09","Procurement & Supplier Management","F09.10","Supplier performance","3","score supplier","ANALYSE","NTE-020;NTE-033","NTE-002;NTE-003;NTE-004;NTE-005;NTE-007;NTE-008;NTE-009","CANONICAL_OBJECT_MAPPING_PENDING","IMPLEMENTATION_RECONCILIATION_PENDING","2026-09-21"
"NCC-F09.10-004","F09","Procurement & Supplier Management","F09.10","Supplier performance","4","conduct reviews","OPERATE","NTE-020;NTE-033","NTE-002;NTE-003;NTE-004;NTE-005;NTE-007;NTE-008;NTE-009","CANONICAL_OBJECT_MAPPING_PENDING","IMPLEMENTATION_RECONCILIATION_PENDING","2026-09-21"
"NCC-F09.10-005","F09","Procurement & Supplier Management","F09.10","Supplier performance","5","corrective action","EXCEPTION_IMPROVE","NTE-020;NTE-033","NTE-002;NTE-003;NTE-004;NTE-005;NTE-007;NTE-008;NTE-009","CANONICAL_OBJECT_MAPPING_PENDING","IMPLEMENTATION_RECONCILIATION_PENDING","2026-09-21"
"NCC-F09.11-001","F09","Procurement & Supplier Management","F09.11","Supplier risk","1","Assess financial/operational/ESG/cyber risk","ANALYSE","NTE-020;NTE-037","NTE-002;NTE-003;NTE-004;NTE-005;NTE-007;NTE-008;NTE-009","CANONICAL_OBJECT_MAPPING_PENDING","IMPLEMENTATION_RECONCILIATION_PENDING","2026-09-21"
"NCC-F09.11-002","F09","Procurement & Supplier Management","F09.11","Supplier risk","2","monitor changes","ANALYSE","NTE-020;NTE-037","NTE-002;NTE-003;NTE-004;NTE-005;NTE-007;NTE-008;NTE-009","CANONICAL_OBJECT_MAPPING_PENDING","IMPLEMENTATION_RECONCILIATION_PENDING","2026-09-21"
"NCC-F09.11-003","F09","Procurement & Supplier Management","F09.11","Supplier risk","3","mitigate risk","OPERATE","NTE-020;NTE-037","NTE-002;NTE-003;NTE-004;NTE-005;NTE-007;NTE-008;NTE-009","CANONICAL_OBJECT_MAPPING_PENDING","IMPLEMENTATION_RECONCILIATION_PENDING","2026-09-21"
"NCC-F09.12-001","F09","Procurement & Supplier Management","F09.12","Supplier relationship management","1","Segment strategic suppliers","OPERATE","NTE-020","NTE-002;NTE-003;NTE-004;NTE-005;NTE-007;NTE-008;NTE-009","CANONICAL_OBJECT_MAPPING_PENDING","IMPLEMENTATION_RECONCILIATION_PENDING","2026-09-21"
"NCC-F09.12-002","F09","Procurement & Supplier Management","F09.12","Supplier relationship management","2","conduct reviews","OPERATE","NTE-020","NTE-002;NTE-003;NTE-004;NTE-005;NTE-007;NTE-008;NTE-009","CANONICAL_OBJECT_MAPPING_PENDING","IMPLEMENTATION_RECONCILIATION_PENDING","2026-09-21"
"NCC-F09.12-003","F09","Procurement & Supplier Management","F09.12","Supplier relationship management","3","collaborate","OPERATE","NTE-020","NTE-002;NTE-003;NTE-004;NTE-005;NTE-007;NTE-008;NTE-009","CANONICAL_OBJECT_MAPPING_PENDING","IMPLEMENTATION_RECONCILIATION_PENDING","2026-09-21"
"NCC-F09.12-004","F09","Procurement & Supplier Management","F09.12","Supplier relationship management","4","resolve disputes","EXCEPTION_IMPROVE","NTE-020","NTE-002;NTE-003;NTE-004;NTE-005;NTE-007;NTE-008;NTE-009","CANONICAL_OBJECT_MAPPING_PENDING","IMPLEMENTATION_RECONCILIATION_PENDING","2026-09-21"
"NCC-F09.13-001","F09","Procurement & Supplier Management","F09.13","Procurement analytics","1","Analyse spend","ANALYSE","NTE-020;NTE-033","NTE-002;NTE-003;NTE-004;NTE-005;NTE-007;NTE-008;NTE-009","CANONICAL_OBJECT_MAPPING_PENDING","IMPLEMENTATION_RECONCILIATION_PENDING","2026-09-21"
"NCC-F09.13-002","F09","Procurement & Supplier Management","F09.13","Procurement analytics","2","savings","OPERATE","NTE-020;NTE-033","NTE-002;NTE-003;NTE-004;NTE-005;NTE-007;NTE-008;NTE-009","CANONICAL_OBJECT_MAPPING_PENDING","IMPLEMENTATION_RECONCILIATION_PENDING","2026-09-21"
"NCC-F09.13-003","F09","Procurement & Supplier Management","F09.13","Procurement analytics","3","compliance","OPERATE","NTE-020;NTE-033","NTE-002;NTE-003;NTE-004;NTE-005;NTE-007;NTE-008;NTE-009","CANONICAL_OBJECT_MAPPING_PENDING","IMPLEMENTATION_RECONCILIATION_PENDING","2026-09-21"
"NCC-F09.13-004","F09","Procurement & Supplier Management","F09.13","Procurement analytics","4","supplier concentration","OPERATE","NTE-020;NTE-033","NTE-002;NTE-003;NTE-004;NTE-005;NTE-007;NTE-008;NTE-009","CANONICAL_OBJECT_MAPPING_PENDING","IMPLEMENTATION_RECONCILIATION_PENDING","2026-09-21"
"NCC-F09.13-005","F09","Procurement & Supplier Management","F09.13","Procurement analytics","5","maverick spend","OPERATE","NTE-020;NTE-033","NTE-002;NTE-003;NTE-004;NTE-005;NTE-007;NTE-008;NTE-009","CANONICAL_OBJECT_MAPPING_PENDING","IMPLEMENTATION_RECONCILIATION_PENDING","2026-09-21"
"NCC-F10.01-001","F10","Demand, Supply Chain & Logistics","F10.01","Demand planning","1","Collect demand signals","OPERATE","NTE-021;NTE-022","NTE-002;NTE-003;NTE-004;NTE-005;NTE-007;NTE-008;NTE-009","CANONICAL_OBJECT_MAPPING_PENDING","IMPLEMENTATION_RECONCILIATION_PENDING","2026-09-21"
"NCC-F10.01-002","F10","Demand, Supply Chain & Logistics","F10.01","Demand planning","2","generate forecast","PLAN_OPTIMISE","NTE-021;NTE-022","NTE-002;NTE-003;NTE-004;NTE-005;NTE-007;NTE-008;NTE-009","CANONICAL_OBJECT_MAPPING_PENDING","IMPLEMENTATION_RECONCILIATION_PENDING","2026-09-21"
"NCC-F10.01-003","F10","Demand, Supply Chain & Logistics","F10.01","Demand planning","3","review assumptions","OPERATE","NTE-021;NTE-022","NTE-002;NTE-003;NTE-004;NTE-005;NTE-007;NTE-008;NTE-009","CANONICAL_OBJECT_MAPPING_PENDING","IMPLEMENTATION_RECONCILIATION_PENDING","2026-09-21"
"NCC-F10.01-004","F10","Demand, Supply Chain & Logistics","F10.01","Demand planning","4","approve forecast","GOVERN_DECIDE","NTE-021;NTE-022","NTE-002;NTE-003;NTE-004;NTE-005;NTE-007;NTE-008;NTE-009","CANONICAL_OBJECT_MAPPING_PENDING","IMPLEMENTATION_RECONCILIATION_PENDING","2026-09-21"
"NCC-F10.02-001","F10","Demand, Supply Chain & Logistics","F10.02","Sales & operations planning","1","Reconcile demand/supply","OPERATE","NTE-021;NTE-022","NTE-002;NTE-003;NTE-004;NTE-005;NTE-007;NTE-008;NTE-009","CANONICAL_OBJECT_MAPPING_PENDING","IMPLEMENTATION_RECONCILIATION_PENDING","2026-09-21"
"NCC-F10.02-002","F10","Demand, Supply Chain & Logistics","F10.02","Sales & operations planning","2","evaluate capacity","ANALYSE","NTE-021;NTE-022","NTE-002;NTE-003;NTE-004;NTE-005;NTE-007;NTE-008;NTE-009","CANONICAL_OBJECT_MAPPING_PENDING","IMPLEMENTATION_RECONCILIATION_PENDING","2026-09-21"
"NCC-F10.02-003","F10","Demand, Supply Chain & Logistics","F10.02","Sales & operations planning","3","model scenarios","PLAN_OPTIMISE","NTE-021;NTE-022","NTE-002;NTE-003;NTE-004;NTE-005;NTE-007;NTE-008;NTE-009","CANONICAL_OBJECT_MAPPING_PENDING","IMPLEMENTATION_RECONCILIATION_PENDING","2026-09-21"
"NCC-F10.02-004","F10","Demand, Supply Chain & Logistics","F10.02","Sales & operations planning","4","approve plan","GOVERN_DECIDE","NTE-021;NTE-022","NTE-002;NTE-003;NTE-004;NTE-005;NTE-007;NTE-008;NTE-009","CANONICAL_OBJECT_MAPPING_PENDING","IMPLEMENTATION_RECONCILIATION_PENDING","2026-09-21"
"NCC-F10.03-001","F10","Demand, Supply Chain & Logistics","F10.03","Supply planning","1","Calculate requirements","ANALYSE","NTE-021;NTE-022","NTE-002;NTE-003;NTE-004;NTE-005;NTE-007;NTE-008;NTE-009","CANONICAL_OBJECT_MAPPING_PENDING","IMPLEMENTATION_RECONCILIATION_PENDING","2026-09-21"
"NCC-F10.03-002","F10","Demand, Supply Chain & Logistics","F10.03","Supply planning","2","determine supply plan","PLAN_OPTIMISE","NTE-021;NTE-022","NTE-002;NTE-003;NTE-004;NTE-005;NTE-007;NTE-008;NTE-009","CANONICAL_OBJECT_MAPPING_PENDING","IMPLEMENTATION_RECONCILIATION_PENDING","2026-09-21"
"NCC-F10.03-003","F10","Demand, Supply Chain & Logistics","F10.03","Supply planning","3","allocate resources","PLAN_OPTIMISE","NTE-021;NTE-022","NTE-002;NTE-003;NTE-004;NTE-005;NTE-007;NTE-008;NTE-009","CANONICAL_OBJECT_MAPPING_PENDING","IMPLEMENTATION_RECONCILIATION_PENDING","2026-09-21"
"NCC-F10.04-001","F10","Demand, Supply Chain & Logistics","F10.04","Inventory planning","1","Set safety stock","OPERATE","NTE-021;NTE-022","NTE-002;NTE-003;NTE-004;NTE-005;NTE-007;NTE-008;NTE-009","CANONICAL_OBJECT_MAPPING_PENDING","IMPLEMENTATION_RECONCILIATION_PENDING","2026-09-21"
"NCC-F10.04-002","F10","Demand, Supply Chain & Logistics","F10.04","Inventory planning","2","reorder points","TRANSACT_EXECUTE","NTE-021;NTE-022","NTE-002;NTE-003;NTE-004;NTE-005;NTE-007;NTE-008;NTE-009","CANONICAL_OBJECT_MAPPING_PENDING","IMPLEMENTATION_RECONCILIATION_PENDING","2026-09-21"
"NCC-F10.04-003","F10","Demand, Supply Chain & Logistics","F10.04","Inventory planning","3","target stock levels","OPERATE","NTE-021;NTE-022","NTE-002;NTE-003;NTE-004;NTE-005;NTE-007;NTE-008;NTE-009","CANONICAL_OBJECT_MAPPING_PENDING","IMPLEMENTATION_RECONCILIATION_PENDING","2026-09-21"
"NCC-F10.04-004","F10","Demand, Supply Chain & Logistics","F10.04","Inventory planning","4","optimise inventory","PLAN_OPTIMISE","NTE-021;NTE-022","NTE-002;NTE-003;NTE-004;NTE-005;NTE-007;NTE-008;NTE-009","CANONICAL_OBJECT_MAPPING_PENDING","IMPLEMENTATION_RECONCILIATION_PENDING","2026-09-21"
"NCC-F10.05-001","F10","Demand, Supply Chain & Logistics","F10.05","Material requirements","1","Calculate requirements","ANALYSE","NTE-021;NTE-022","NTE-002;NTE-003;NTE-004;NTE-005;NTE-007;NTE-008;NTE-009","CANONICAL_OBJECT_MAPPING_PENDING","IMPLEMENTATION_RECONCILIATION_PENDING","2026-09-21"
"NCC-F10.05-002","F10","Demand, Supply Chain & Logistics","F10.05","Material requirements","2","schedule replenishment","PLAN_OPTIMISE","NTE-021;NTE-022","NTE-002;NTE-003;NTE-004;NTE-005;NTE-007;NTE-008;NTE-009","CANONICAL_OBJECT_MAPPING_PENDING","IMPLEMENTATION_RECONCILIATION_PENDING","2026-09-21"
"NCC-F10.05-003","F10","Demand, Supply Chain & Logistics","F10.05","Material requirements","3","release purchase/production requirements","TRANSACT_EXECUTE","NTE-021;NTE-022","NTE-002;NTE-003;NTE-004;NTE-005;NTE-007;NTE-008;NTE-009","CANONICAL_OBJECT_MAPPING_PENDING","IMPLEMENTATION_RECONCILIATION_PENDING","2026-09-21"
"NCC-F10.06-001","F10","Demand, Supply Chain & Logistics","F10.06","Warehouse management","1","Receive","TRANSACT_EXECUTE","NTE-021;NTE-022","NTE-002;NTE-003;NTE-004;NTE-005;NTE-007;NTE-008;NTE-009","CANONICAL_OBJECT_MAPPING_PENDING","IMPLEMENTATION_RECONCILIATION_PENDING","2026-09-21"
"NCC-F10.06-002","F10","Demand, Supply Chain & Logistics","F10.06","Warehouse management","2","inspect","ASSURE_VERIFY","NTE-021;NTE-022","NTE-002;NTE-003;NTE-004;NTE-005;NTE-007;NTE-008;NTE-009","CANONICAL_OBJECT_MAPPING_PENDING","IMPLEMENTATION_RECONCILIATION_PENDING","2026-09-21"
"NCC-F10.06-003","F10","Demand, Supply Chain & Logistics","F10.06","Warehouse management","3","put away","OPERATE","NTE-021;NTE-022","NTE-002;NTE-003;NTE-004;NTE-005;NTE-007;NTE-008;NTE-009","CANONICAL_OBJECT_MAPPING_PENDING","IMPLEMENTATION_RECONCILIATION_PENDING","2026-09-21"
"NCC-F10.06-004","F10","Demand, Supply Chain & Logistics","F10.06","Warehouse management","4","move","OPERATE","NTE-021;NTE-022","NTE-002;NTE-003;NTE-004;NTE-005;NTE-007;NTE-008;NTE-009","CANONICAL_OBJECT_MAPPING_PENDING","IMPLEMENTATION_RECONCILIATION_PENDING","2026-09-21"
"NCC-F10.06-005","F10","Demand, Supply Chain & Logistics","F10.06","Warehouse management","5","pick","OPERATE","NTE-021;NTE-022","NTE-002;NTE-003;NTE-004;NTE-005;NTE-007;NTE-008;NTE-009","CANONICAL_OBJECT_MAPPING_PENDING","IMPLEMENTATION_RECONCILIATION_PENDING","2026-09-21"
"NCC-F10.06-006","F10","Demand, Supply Chain & Logistics","F10.06","Warehouse management","6","pack","OPERATE","NTE-021;NTE-022","NTE-002;NTE-003;NTE-004;NTE-005;NTE-007;NTE-008;NTE-009","CANONICAL_OBJECT_MAPPING_PENDING","IMPLEMENTATION_RECONCILIATION_PENDING","2026-09-21"
"NCC-F10.06-007","F10","Demand, Supply Chain & Logistics","F10.06","Warehouse management","7","dispatch","TRANSACT_EXECUTE","NTE-021;NTE-022","NTE-002;NTE-003;NTE-004;NTE-005;NTE-007;NTE-008;NTE-009","CANONICAL_OBJECT_MAPPING_PENDING","IMPLEMENTATION_RECONCILIATION_PENDING","2026-09-21"
"NCC-F10.07-001","F10","Demand, Supply Chain & Logistics","F10.07","Inventory control","1","Count inventory","OPERATE","NTE-021;NTE-022;NTE-037","NTE-002;NTE-003;NTE-004;NTE-005;NTE-007;NTE-008;NTE-009","CANONICAL_OBJECT_MAPPING_PENDING","IMPLEMENTATION_RECONCILIATION_PENDING","2026-09-21"
"NCC-F10.07-002","F10","Demand, Supply Chain & Logistics","F10.07","Inventory control","2","reconcile variance","OPERATE","NTE-021;NTE-022;NTE-037","NTE-002;NTE-003;NTE-004;NTE-005;NTE-007;NTE-008;NTE-009","CANONICAL_OBJECT_MAPPING_PENDING","IMPLEMENTATION_RECONCILIATION_PENDING","2026-09-21"
"NCC-F10.07-003","F10","Demand, Supply Chain & Logistics","F10.07","Inventory control","3","manage adjustments","OPERATE","NTE-021;NTE-022;NTE-037","NTE-002;NTE-003;NTE-004;NTE-005;NTE-007;NTE-008;NTE-009","CANONICAL_OBJECT_MAPPING_PENDING","IMPLEMENTATION_RECONCILIATION_PENDING","2026-09-21"
"NCC-F10.07-004","F10","Demand, Supply Chain & Logistics","F10.07","Inventory control","4","quarantine stock","OPERATE","NTE-021;NTE-022;NTE-037","NTE-002;NTE-003;NTE-004;NTE-005;NTE-007;NTE-008;NTE-009","CANONICAL_OBJECT_MAPPING_PENDING","IMPLEMENTATION_RECONCILIATION_PENDING","2026-09-21"
"NCC-F10.08-001","F10","Demand, Supply Chain & Logistics","F10.08","Transport management","1","Plan routes","PLAN_OPTIMISE","NTE-021;NTE-022","NTE-002;NTE-003;NTE-004;NTE-005;NTE-007;NTE-008;NTE-009","CANONICAL_OBJECT_MAPPING_PENDING","IMPLEMENTATION_RECONCILIATION_PENDING","2026-09-21"
"NCC-F10.08-002","F10","Demand, Supply Chain & Logistics","F10.08","Transport management","2","select carrier","OPERATE","NTE-021;NTE-022","NTE-002;NTE-003;NTE-004;NTE-005;NTE-007;NTE-008;NTE-009","CANONICAL_OBJECT_MAPPING_PENDING","IMPLEMENTATION_RECONCILIATION_PENDING","2026-09-21"
"NCC-F10.08-003","F10","Demand, Supply Chain & Logistics","F10.08","Transport management","3","tender loads","OPERATE","NTE-021;NTE-022","NTE-002;NTE-003;NTE-004;NTE-005;NTE-007;NTE-008;NTE-009","CANONICAL_OBJECT_MAPPING_PENDING","IMPLEMENTATION_RECONCILIATION_PENDING","2026-09-21"
"NCC-F10.08-004","F10","Demand, Supply Chain & Logistics","F10.08","Transport management","4","track delivery","ANALYSE","NTE-021;NTE-022","NTE-002;NTE-003;NTE-004;NTE-005;NTE-007;NTE-008;NTE-009","CANONICAL_OBJECT_MAPPING_PENDING","IMPLEMENTATION_RECONCILIATION_PENDING","2026-09-21"
"NCC-F10.08-005","F10","Demand, Supply Chain & Logistics","F10.08","Transport management","5","reconcile freight","OPERATE","NTE-021;NTE-022","NTE-002;NTE-003;NTE-004;NTE-005;NTE-007;NTE-008;NTE-009","CANONICAL_OBJECT_MAPPING_PENDING","IMPLEMENTATION_RECONCILIATION_PENDING","2026-09-21"
"NCC-F10.09-001","F10","Demand, Supply Chain & Logistics","F10.09","Distribution","1","Allocate orders","PLAN_OPTIMISE","NTE-021;NTE-022","NTE-002;NTE-003;NTE-004;NTE-005;NTE-007;NTE-008;NTE-009","CANONICAL_OBJECT_MAPPING_PENDING","IMPLEMENTATION_RECONCILIATION_PENDING","2026-09-21"
"NCC-F10.09-002","F10","Demand, Supply Chain & Logistics","F10.09","Distribution","2","schedule dispatch","PLAN_OPTIMISE","NTE-021;NTE-022","NTE-002;NTE-003;NTE-004;NTE-005;NTE-007;NTE-008;NTE-009","CANONICAL_OBJECT_MAPPING_PENDING","IMPLEMENTATION_RECONCILIATION_PENDING","2026-09-21"
"NCC-F10.09-003","F10","Demand, Supply Chain & Logistics","F10.09","Distribution","3","fulfil deliveries","OPERATE","NTE-021;NTE-022","NTE-002;NTE-003;NTE-004;NTE-005;NTE-007;NTE-008;NTE-009","CANONICAL_OBJECT_MAPPING_PENDING","IMPLEMENTATION_RECONCILIATION_PENDING","2026-09-21"
"NCC-F10.09-004","F10","Demand, Supply Chain & Logistics","F10.09","Distribution","4","confirm receipt","OPERATE","NTE-021;NTE-022","NTE-002;NTE-003;NTE-004;NTE-005;NTE-007;NTE-008;NTE-009","CANONICAL_OBJECT_MAPPING_PENDING","IMPLEMENTATION_RECONCILIATION_PENDING","2026-09-21"
"NCC-F10.10-001","F10","Demand, Supply Chain & Logistics","F10.10","Import/export","1","Classify goods","OPERATE","NTE-021;NTE-022","NTE-002;NTE-003;NTE-004;NTE-005;NTE-007;NTE-008;NTE-009","CANONICAL_OBJECT_MAPPING_PENDING","IMPLEMENTATION_RECONCILIATION_PENDING","2026-09-21"
"NCC-F10.10-002","F10","Demand, Supply Chain & Logistics","F10.10","Import/export","2","prepare customs documentation","AUTHOR_CREATE","NTE-021;NTE-022","NTE-002;NTE-003;NTE-004;NTE-005;NTE-007;NTE-008;NTE-009","CANONICAL_OBJECT_MAPPING_PENDING","IMPLEMENTATION_RECONCILIATION_PENDING","2026-09-21"
"NCC-F10.10-003","F10","Demand, Supply Chain & Logistics","F10.10","Import/export","3","obtain licences","OPERATE","NTE-021;NTE-022","NTE-002;NTE-003;NTE-004;NTE-005;NTE-007;NTE-008;NTE-009","CANONICAL_OBJECT_MAPPING_PENDING","IMPLEMENTATION_RECONCILIATION_PENDING","2026-09-21"
"NCC-F10.10-004","F10","Demand, Supply Chain & Logistics","F10.10","Import/export","4","clear customs","OPERATE","NTE-021;NTE-022","NTE-002;NTE-003;NTE-004;NTE-005;NTE-007;NTE-008;NTE-009","CANONICAL_OBJECT_MAPPING_PENDING","IMPLEMENTATION_RECONCILIATION_PENDING","2026-09-21"
"NCC-F10.11-001","F10","Demand, Supply Chain & Logistics","F10.11","Reverse logistics","1","Receive returns","TRANSACT_EXECUTE","NTE-021;NTE-022","NTE-002;NTE-003;NTE-004;NTE-005;NTE-007;NTE-008;NTE-009","CANONICAL_OBJECT_MAPPING_PENDING","IMPLEMENTATION_RECONCILIATION_PENDING","2026-09-21"
"NCC-F10.11-002","F10","Demand, Supply Chain & Logistics","F10.11","Reverse logistics","2","inspect","ASSURE_VERIFY","NTE-021;NTE-022","NTE-002;NTE-003;NTE-004;NTE-005;NTE-007;NTE-008;NTE-009","CANONICAL_OBJECT_MAPPING_PENDING","IMPLEMENTATION_RECONCILIATION_PENDING","2026-09-21"
"NCC-F10.11-003","F10","Demand, Supply Chain & Logistics","F10.11","Reverse logistics","3","refurbish","OPERATE","NTE-021;NTE-022","NTE-002;NTE-003;NTE-004;NTE-005;NTE-007;NTE-008;NTE-009","CANONICAL_OBJECT_MAPPING_PENDING","IMPLEMENTATION_RECONCILIATION_PENDING","2026-09-21"
"NCC-F10.11-004","F10","Demand, Supply Chain & Logistics","F10.11","Reverse logistics","4","recycle","OPERATE","NTE-021;NTE-022","NTE-002;NTE-003;NTE-004;NTE-005;NTE-007;NTE-008;NTE-009","CANONICAL_OBJECT_MAPPING_PENDING","IMPLEMENTATION_RECONCILIATION_PENDING","2026-09-21"
"NCC-F10.11-005","F10","Demand, Supply Chain & Logistics","F10.11","Reverse logistics","5","dispose","OPERATE","NTE-021;NTE-022","NTE-002;NTE-003;NTE-004;NTE-005;NTE-007;NTE-008;NTE-009","CANONICAL_OBJECT_MAPPING_PENDING","IMPLEMENTATION_RECONCILIATION_PENDING","2026-09-21"
"NCC-F10.11-006","F10","Demand, Supply Chain & Logistics","F10.11","Reverse logistics","6","return to supplier","OPERATE","NTE-021;NTE-022","NTE-002;NTE-003;NTE-004;NTE-005;NTE-007;NTE-008;NTE-009","CANONICAL_OBJECT_MAPPING_PENDING","IMPLEMENTATION_RECONCILIATION_PENDING","2026-09-21"
"NCC-F10.12-001","F10","Demand, Supply Chain & Logistics","F10.12","Supply chain analytics","1","Monitor OTIF","ANALYSE","NTE-021;NTE-022;NTE-033","NTE-002;NTE-003;NTE-004;NTE-005;NTE-007;NTE-008;NTE-009","CANONICAL_OBJECT_MAPPING_PENDING","IMPLEMENTATION_RECONCILIATION_PENDING","2026-09-21"
"NCC-F10.12-002","F10","Demand, Supply Chain & Logistics","F10.12","Supply chain analytics","2","inventory turns","OPERATE","NTE-021;NTE-022;NTE-033","NTE-002;NTE-003;NTE-004;NTE-005;NTE-007;NTE-008;NTE-009","CANONICAL_OBJECT_MAPPING_PENDING","IMPLEMENTATION_RECONCILIATION_PENDING","2026-09-21"
"NCC-F10.12-003","F10","Demand, Supply Chain & Logistics","F10.12","Supply chain analytics","3","lead time","OPERATE","NTE-021;NTE-022;NTE-033","NTE-002;NTE-003;NTE-004;NTE-005;NTE-007;NTE-008;NTE-009","CANONICAL_OBJECT_MAPPING_PENDING","IMPLEMENTATION_RECONCILIATION_PENDING","2026-09-21"
"NCC-F10.12-004","F10","Demand, Supply Chain & Logistics","F10.12","Supply chain analytics","4","capacity","OPERATE","NTE-021;NTE-022;NTE-033","NTE-002;NTE-003;NTE-004;NTE-005;NTE-007;NTE-008;NTE-009","CANONICAL_OBJECT_MAPPING_PENDING","IMPLEMENTATION_RECONCILIATION_PENDING","2026-09-21"
"NCC-F10.12-005","F10","Demand, Supply Chain & Logistics","F10.12","Supply chain analytics","5","logistics costs","OPERATE","NTE-021;NTE-022;NTE-033","NTE-002;NTE-003;NTE-004;NTE-005;NTE-007;NTE-008;NTE-009","CANONICAL_OBJECT_MAPPING_PENDING","IMPLEMENTATION_RECONCILIATION_PENDING","2026-09-21"
"NCC-F10.13-001","F10","Demand, Supply Chain & Logistics","F10.13","Supply chain risk","1","Identify dependencies","OPERATE","NTE-021;NTE-022;NTE-037","NTE-002;NTE-003;NTE-004;NTE-005;NTE-007;NTE-008;NTE-009","CANONICAL_OBJECT_MAPPING_PENDING","IMPLEMENTATION_RECONCILIATION_PENDING","2026-09-21"
"NCC-F10.13-002","F10","Demand, Supply Chain & Logistics","F10.13","Supply chain risk","2","monitor disruption","ANALYSE","NTE-021;NTE-022;NTE-037","NTE-002;NTE-003;NTE-004;NTE-005;NTE-007;NTE-008;NTE-009","CANONICAL_OBJECT_MAPPING_PENDING","IMPLEMENTATION_RECONCILIATION_PENDING","2026-09-21"
"NCC-F10.13-003","F10","Demand, Supply Chain & Logistics","F10.13","Supply chain risk","3","qualify alternatives","OPERATE","NTE-021;NTE-022;NTE-037","NTE-002;NTE-003;NTE-004;NTE-005;NTE-007;NTE-008;NTE-009","CANONICAL_OBJECT_MAPPING_PENDING","IMPLEMENTATION_RECONCILIATION_PENDING","2026-09-21"
"NCC-F10.13-004","F10","Demand, Supply Chain & Logistics","F10.13","Supply chain risk","4","activate contingencies","TRANSACT_EXECUTE","NTE-021;NTE-022;NTE-037","NTE-002;NTE-003;NTE-004;NTE-005;NTE-007;NTE-008;NTE-009","CANONICAL_OBJECT_MAPPING_PENDING","IMPLEMENTATION_RECONCILIATION_PENDING","2026-09-21"
"NCC-F11.01-001","F11","Manufacturing / Production Operations","F11.01","Production planning","1","Translate demand","OPERATE","NTE-023","NTE-002;NTE-003;NTE-004;NTE-005;NTE-007;NTE-008;NTE-009","CANONICAL_OBJECT_MAPPING_PENDING","IMPLEMENTATION_RECONCILIATION_PENDING","2026-09-21"
"NCC-F11.01-002","F11","Manufacturing / Production Operations","F11.01","Production planning","2","create production plan","PLAN_OPTIMISE","NTE-023","NTE-002;NTE-003;NTE-004;NTE-005;NTE-007;NTE-008;NTE-009","CANONICAL_OBJECT_MAPPING_PENDING","IMPLEMENTATION_RECONCILIATION_PENDING","2026-09-21"
"NCC-F11.01-003","F11","Manufacturing / Production Operations","F11.01","Production planning","3","determine capacity","OPERATE","NTE-023","NTE-002;NTE-003;NTE-004;NTE-005;NTE-007;NTE-008;NTE-009","CANONICAL_OBJECT_MAPPING_PENDING","IMPLEMENTATION_RECONCILIATION_PENDING","2026-09-21"
"NCC-F11.01-004","F11","Manufacturing / Production Operations","F11.01","Production planning","4","schedule production","PLAN_OPTIMISE","NTE-023","NTE-002;NTE-003;NTE-004;NTE-005;NTE-007;NTE-008;NTE-009","CANONICAL_OBJECT_MAPPING_PENDING","IMPLEMENTATION_RECONCILIATION_PENDING","2026-09-21"
"NCC-F11.02-001","F11","Manufacturing / Production Operations","F11.02","Production scheduling","1","Sequence jobs","PLAN_OPTIMISE","NTE-023","NTE-002;NTE-003;NTE-004;NTE-005;NTE-007;NTE-008;NTE-009","CANONICAL_OBJECT_MAPPING_PENDING","IMPLEMENTATION_RECONCILIATION_PENDING","2026-09-21"
"NCC-F11.02-002","F11","Manufacturing / Production Operations","F11.02","Production scheduling","2","allocate machines","PLAN_OPTIMISE","NTE-023","NTE-002;NTE-003;NTE-004;NTE-005;NTE-007;NTE-008;NTE-009","CANONICAL_OBJECT_MAPPING_PENDING","IMPLEMENTATION_RECONCILIATION_PENDING","2026-09-21"
"NCC-F11.02-003","F11","Manufacturing / Production Operations","F11.02","Production scheduling","3","allocate labour","PLAN_OPTIMISE","NTE-023","NTE-002;NTE-003;NTE-004;NTE-005;NTE-007;NTE-008;NTE-009","CANONICAL_OBJECT_MAPPING_PENDING","IMPLEMENTATION_RECONCILIATION_PENDING","2026-09-21"
"NCC-F11.02-004","F11","Manufacturing / Production Operations","F11.02","Production scheduling","4","release work orders","TRANSACT_EXECUTE","NTE-023","NTE-002;NTE-003;NTE-004;NTE-005;NTE-007;NTE-008;NTE-009","CANONICAL_OBJECT_MAPPING_PENDING","IMPLEMENTATION_RECONCILIATION_PENDING","2026-09-21"
"NCC-F11.03-001","F11","Manufacturing / Production Operations","F11.03","Material staging","1","Pick materials","OPERATE","NTE-023","NTE-002;NTE-003;NTE-004;NTE-005;NTE-007;NTE-008;NTE-009","CANONICAL_OBJECT_MAPPING_PENDING","IMPLEMENTATION_RECONCILIATION_PENDING","2026-09-21"
"NCC-F11.03-002","F11","Manufacturing / Production Operations","F11.03","Material staging","2","issue to production","OPERATE","NTE-023","NTE-002;NTE-003;NTE-004;NTE-005;NTE-007;NTE-008;NTE-009","CANONICAL_OBJECT_MAPPING_PENDING","IMPLEMENTATION_RECONCILIATION_PENDING","2026-09-21"
"NCC-F11.03-003","F11","Manufacturing / Production Operations","F11.03","Material staging","3","verify availability","ASSURE_VERIFY","NTE-023","NTE-002;NTE-003;NTE-004;NTE-005;NTE-007;NTE-008;NTE-009","CANONICAL_OBJECT_MAPPING_PENDING","IMPLEMENTATION_RECONCILIATION_PENDING","2026-09-21"
"NCC-F11.03-004","F11","Manufacturing / Production Operations","F11.03","Material staging","4","record consumption","OPERATE","NTE-023","NTE-002;NTE-003;NTE-004;NTE-005;NTE-007;NTE-008;NTE-009","CANONICAL_OBJECT_MAPPING_PENDING","IMPLEMENTATION_RECONCILIATION_PENDING","2026-09-21"
"NCC-F11.04-001","F11","Manufacturing / Production Operations","F11.04","Production execution","1","Set up equipment","OPERATE","NTE-023","NTE-002;NTE-003;NTE-004;NTE-005;NTE-007;NTE-008;NTE-009","CANONICAL_OBJECT_MAPPING_PENDING","IMPLEMENTATION_RECONCILIATION_PENDING","2026-09-21"
"NCC-F11.04-002","F11","Manufacturing / Production Operations","F11.04","Production execution","2","perform operation","OPERATE","NTE-023","NTE-002;NTE-003;NTE-004;NTE-005;NTE-007;NTE-008;NTE-009","CANONICAL_OBJECT_MAPPING_PENDING","IMPLEMENTATION_RECONCILIATION_PENDING","2026-09-21"
"NCC-F11.04-003","F11","Manufacturing / Production Operations","F11.04","Production execution","3","record output","OPERATE","NTE-023","NTE-002;NTE-003;NTE-004;NTE-005;NTE-007;NTE-008;NTE-009","CANONICAL_OBJECT_MAPPING_PENDING","IMPLEMENTATION_RECONCILIATION_PENDING","2026-09-21"
"NCC-F11.04-004","F11","Manufacturing / Production Operations","F11.04","Production execution","4","report downtime","OPERATE","NTE-023","NTE-002;NTE-003;NTE-004;NTE-005;NTE-007;NTE-008;NTE-009","CANONICAL_OBJECT_MAPPING_PENDING","IMPLEMENTATION_RECONCILIATION_PENDING","2026-09-21"
"NCC-F11.05-001","F11","Manufacturing / Production Operations","F11.05","Process control","1","Monitor parameters","ANALYSE","NTE-023;NTE-037","NTE-002;NTE-003;NTE-004;NTE-005;NTE-007;NTE-008;NTE-009","CANONICAL_OBJECT_MAPPING_PENDING","IMPLEMENTATION_RECONCILIATION_PENDING","2026-09-21"
"NCC-F11.05-002","F11","Manufacturing / Production Operations","F11.05","Process control","2","inspect output","ASSURE_VERIFY","NTE-023;NTE-037","NTE-002;NTE-003;NTE-004;NTE-005;NTE-007;NTE-008;NTE-009","CANONICAL_OBJECT_MAPPING_PENDING","IMPLEMENTATION_RECONCILIATION_PENDING","2026-09-21"
"NCC-F11.05-003","F11","Manufacturing / Production Operations","F11.05","Process control","3","adjust equipment/process","OPERATE","NTE-023;NTE-037","NTE-002;NTE-003;NTE-004;NTE-005;NTE-007;NTE-008;NTE-009","CANONICAL_OBJECT_MAPPING_PENDING","IMPLEMENTATION_RECONCILIATION_PENDING","2026-09-21"
"NCC-F11.06-001","F11","Manufacturing / Production Operations","F11.06","Work-in-progress","1","Track WIP","ANALYSE","NTE-023","NTE-002;NTE-003;NTE-004;NTE-005;NTE-007;NTE-008;NTE-009","CANONICAL_OBJECT_MAPPING_PENDING","IMPLEMENTATION_RECONCILIATION_PENDING","2026-09-21"
"NCC-F11.06-002","F11","Manufacturing / Production Operations","F11.06","Work-in-progress","2","move materials","OPERATE","NTE-023","NTE-002;NTE-003;NTE-004;NTE-005;NTE-007;NTE-008;NTE-009","CANONICAL_OBJECT_MAPPING_PENDING","IMPLEMENTATION_RECONCILIATION_PENDING","2026-09-21"
"NCC-F11.06-003","F11","Manufacturing / Production Operations","F11.06","Work-in-progress","3","manage queues","OPERATE","NTE-023","NTE-002;NTE-003;NTE-004;NTE-005;NTE-007;NTE-008;NTE-009","CANONICAL_OBJECT_MAPPING_PENDING","IMPLEMENTATION_RECONCILIATION_PENDING","2026-09-21"
"NCC-F11.06-004","F11","Manufacturing / Production Operations","F11.06","Work-in-progress","4","reconcile quantities","OPERATE","NTE-023","NTE-002;NTE-003;NTE-004;NTE-005;NTE-007;NTE-008;NTE-009","CANONICAL_OBJECT_MAPPING_PENDING","IMPLEMENTATION_RECONCILIATION_PENDING","2026-09-21"
"NCC-F11.07-001","F11","Manufacturing / Production Operations","F11.07","Packaging","1","Pack","OPERATE","NTE-023","NTE-002;NTE-003;NTE-004;NTE-005;NTE-007;NTE-008;NTE-009","CANONICAL_OBJECT_MAPPING_PENDING","IMPLEMENTATION_RECONCILIATION_PENDING","2026-09-21"
"NCC-F11.07-002","F11","Manufacturing / Production Operations","F11.07","Packaging","2","label","OPERATE","NTE-023","NTE-002;NTE-003;NTE-004;NTE-005;NTE-007;NTE-008;NTE-009","CANONICAL_OBJECT_MAPPING_PENDING","IMPLEMENTATION_RECONCILIATION_PENDING","2026-09-21"
"NCC-F11.07-003","F11","Manufacturing / Production Operations","F11.07","Packaging","3","verify","ASSURE_VERIFY","NTE-023","NTE-002;NTE-003;NTE-004;NTE-005;NTE-007;NTE-008;NTE-009","CANONICAL_OBJECT_MAPPING_PENDING","IMPLEMENTATION_RECONCILIATION_PENDING","2026-09-21"
"NCC-F11.07-004","F11","Manufacturing / Production Operations","F11.07","Packaging","4","palletise","OPERATE","NTE-023","NTE-002;NTE-003;NTE-004;NTE-005;NTE-007;NTE-008;NTE-009","CANONICAL_OBJECT_MAPPING_PENDING","IMPLEMENTATION_RECONCILIATION_PENDING","2026-09-21"
"NCC-F11.07-005","F11","Manufacturing / Production Operations","F11.07","Packaging","5","stage finished goods","OPERATE","NTE-023","NTE-002;NTE-003;NTE-004;NTE-005;NTE-007;NTE-008;NTE-009","CANONICAL_OBJECT_MAPPING_PENDING","IMPLEMENTATION_RECONCILIATION_PENDING","2026-09-21"
"NCC-F11.08-001","F11","Manufacturing / Production Operations","F11.08","Production reporting","1","Record yield","OPERATE","NTE-023;NTE-033","NTE-002;NTE-003;NTE-004;NTE-005;NTE-007;NTE-008;NTE-009","CANONICAL_OBJECT_MAPPING_PENDING","IMPLEMENTATION_RECONCILIATION_PENDING","2026-09-21"
"NCC-F11.08-002","F11","Manufacturing / Production Operations","F11.08","Production reporting","2","scrap","OPERATE","NTE-023;NTE-033","NTE-002;NTE-003;NTE-004;NTE-005;NTE-007;NTE-008;NTE-009","CANONICAL_OBJECT_MAPPING_PENDING","IMPLEMENTATION_RECONCILIATION_PENDING","2026-09-21"
"NCC-F11.08-003","F11","Manufacturing / Production Operations","F11.08","Production reporting","3","downtime","OPERATE","NTE-023;NTE-033","NTE-002;NTE-003;NTE-004;NTE-005;NTE-007;NTE-008;NTE-009","CANONICAL_OBJECT_MAPPING_PENDING","IMPLEMENTATION_RECONCILIATION_PENDING","2026-09-21"
"NCC-F11.08-004","F11","Manufacturing / Production Operations","F11.08","Production reporting","4","labour","OPERATE","NTE-023;NTE-033","NTE-002;NTE-003;NTE-004;NTE-005;NTE-007;NTE-008;NTE-009","CANONICAL_OBJECT_MAPPING_PENDING","IMPLEMENTATION_RECONCILIATION_PENDING","2026-09-21"
"NCC-F11.08-005","F11","Manufacturing / Production Operations","F11.08","Production reporting","5","throughput","OPERATE","NTE-023;NTE-033","NTE-002;NTE-003;NTE-004;NTE-005;NTE-007;NTE-008;NTE-009","CANONICAL_OBJECT_MAPPING_PENDING","IMPLEMENTATION_RECONCILIATION_PENDING","2026-09-21"
"NCC-F11.08-006","F11","Manufacturing / Production Operations","F11.08","Production reporting","6","efficiency","OPERATE","NTE-023;NTE-033","NTE-002;NTE-003;NTE-004;NTE-005;NTE-007;NTE-008;NTE-009","CANONICAL_OBJECT_MAPPING_PENDING","IMPLEMENTATION_RECONCILIATION_PENDING","2026-09-21"
"NCC-F11.09-001","F11","Manufacturing / Production Operations","F11.09","Capacity management","1","Calculate capacity","ANALYSE","NTE-023","NTE-002;NTE-003;NTE-004;NTE-005;NTE-007;NTE-008;NTE-009","CANONICAL_OBJECT_MAPPING_PENDING","IMPLEMENTATION_RECONCILIATION_PENDING","2026-09-21"
"NCC-F11.09-002","F11","Manufacturing / Production Operations","F11.09","Capacity management","2","identify constraints","OPERATE","NTE-023","NTE-002;NTE-003;NTE-004;NTE-005;NTE-007;NTE-008;NTE-009","CANONICAL_OBJECT_MAPPING_PENDING","IMPLEMENTATION_RECONCILIATION_PENDING","2026-09-21"
"NCC-F11.09-003","F11","Manufacturing / Production Operations","F11.09","Capacity management","3","balance loads","PLAN_OPTIMISE","NTE-023","NTE-002;NTE-003;NTE-004;NTE-005;NTE-007;NTE-008;NTE-009","CANONICAL_OBJECT_MAPPING_PENDING","IMPLEMENTATION_RECONCILIATION_PENDING","2026-09-21"
"NCC-F11.09-004","F11","Manufacturing / Production Operations","F11.09","Capacity management","4","increase/decrease capacity","OPERATE","NTE-023","NTE-002;NTE-003;NTE-004;NTE-005;NTE-007;NTE-008;NTE-009","CANONICAL_OBJECT_MAPPING_PENDING","IMPLEMENTATION_RECONCILIATION_PENDING","2026-09-21"
"NCC-F11.10-001","F11","Manufacturing / Production Operations","F11.10","Maintenance coordination","1","Schedule equipment access","PLAN_OPTIMISE","NTE-023","NTE-002;NTE-003;NTE-004;NTE-005;NTE-007;NTE-008;NTE-009","CANONICAL_OBJECT_MAPPING_PENDING","IMPLEMENTATION_RECONCILIATION_PENDING","2026-09-21"
"NCC-F11.10-002","F11","Manufacturing / Production Operations","F11.10","Maintenance coordination","2","report faults","OPERATE","NTE-023","NTE-002;NTE-003;NTE-004;NTE-005;NTE-007;NTE-008;NTE-009","CANONICAL_OBJECT_MAPPING_PENDING","IMPLEMENTATION_RECONCILIATION_PENDING","2026-09-21"
"NCC-F11.10-003","F11","Manufacturing / Production Operations","F11.10","Maintenance coordination","3","coordinate planned maintenance","PLAN_OPTIMISE","NTE-023","NTE-002;NTE-003;NTE-004;NTE-005;NTE-007;NTE-008;NTE-009","CANONICAL_OBJECT_MAPPING_PENDING","IMPLEMENTATION_RECONCILIATION_PENDING","2026-09-21"
"NCC-F11.11-001","F11","Manufacturing / Production Operations","F11.11","Lean operations","1","Identify waste","OPERATE","NTE-023","NTE-002;NTE-003;NTE-004;NTE-005;NTE-007;NTE-008;NTE-009","CANONICAL_OBJECT_MAPPING_PENDING","IMPLEMENTATION_RECONCILIATION_PENDING","2026-09-21"
"NCC-F11.11-002","F11","Manufacturing / Production Operations","F11.11","Lean operations","2","improve flow","OPERATE","NTE-023","NTE-002;NTE-003;NTE-004;NTE-005;NTE-007;NTE-008;NTE-009","CANONICAL_OBJECT_MAPPING_PENDING","IMPLEMENTATION_RECONCILIATION_PENDING","2026-09-21"
"NCC-F11.11-003","F11","Manufacturing / Production Operations","F11.11","Lean operations","3","standardise work","OPERATE","NTE-023","NTE-002;NTE-003;NTE-004;NTE-005;NTE-007;NTE-008;NTE-009","CANONICAL_OBJECT_MAPPING_PENDING","IMPLEMENTATION_RECONCILIATION_PENDING","2026-09-21"
"NCC-F11.11-004","F11","Manufacturing / Production Operations","F11.11","Lean operations","4","conduct Kaizen","OPERATE","NTE-023","NTE-002;NTE-003;NTE-004;NTE-005;NTE-007;NTE-008;NTE-009","CANONICAL_OBJECT_MAPPING_PENDING","IMPLEMENTATION_RECONCILIATION_PENDING","2026-09-21"
"NCC-F12.01-001","F12","Service Delivery & Field Operations","F12.01","Service planning","1","Define delivery model","AUTHOR_CREATE","NTE-024","NTE-002;NTE-003;NTE-004;NTE-005;NTE-007;NTE-008;NTE-009","CANONICAL_OBJECT_MAPPING_PENDING","IMPLEMENTATION_RECONCILIATION_PENDING","2026-09-21"
"NCC-F12.01-002","F12","Service Delivery & Field Operations","F12.01","Service planning","2","resource requirements","OPERATE","NTE-024","NTE-002;NTE-003;NTE-004;NTE-005;NTE-007;NTE-008;NTE-009","CANONICAL_OBJECT_MAPPING_PENDING","IMPLEMENTATION_RECONCILIATION_PENDING","2026-09-21"
"NCC-F12.01-003","F12","Service Delivery & Field Operations","F12.01","Service planning","3","standards","OPERATE","NTE-024","NTE-002;NTE-003;NTE-004;NTE-005;NTE-007;NTE-008;NTE-009","CANONICAL_OBJECT_MAPPING_PENDING","IMPLEMENTATION_RECONCILIATION_PENDING","2026-09-21"
"NCC-F12.01-004","F12","Service Delivery & Field Operations","F12.01","Service planning","4","capacity","OPERATE","NTE-024","NTE-002;NTE-003;NTE-004;NTE-005;NTE-007;NTE-008;NTE-009","CANONICAL_OBJECT_MAPPING_PENDING","IMPLEMENTATION_RECONCILIATION_PENDING","2026-09-21"
"NCC-F12.02-001","F12","Service Delivery & Field Operations","F12.02","Service scheduling","1","Schedule appointments/jobs","PLAN_OPTIMISE","NTE-024","NTE-002;NTE-003;NTE-004;NTE-005;NTE-007;NTE-008;NTE-009","CANONICAL_OBJECT_MAPPING_PENDING","IMPLEMENTATION_RECONCILIATION_PENDING","2026-09-21"
"NCC-F12.02-002","F12","Service Delivery & Field Operations","F12.02","Service scheduling","2","assign personnel","OPERATE","NTE-024","NTE-002;NTE-003;NTE-004;NTE-005;NTE-007;NTE-008;NTE-009","CANONICAL_OBJECT_MAPPING_PENDING","IMPLEMENTATION_RECONCILIATION_PENDING","2026-09-21"
"NCC-F12.02-003","F12","Service Delivery & Field Operations","F12.02","Service scheduling","3","optimise resources","PLAN_OPTIMISE","NTE-024","NTE-002;NTE-003;NTE-004;NTE-005;NTE-007;NTE-008;NTE-009","CANONICAL_OBJECT_MAPPING_PENDING","IMPLEMENTATION_RECONCILIATION_PENDING","2026-09-21"
"NCC-F12.03-001","F12","Service Delivery & Field Operations","F12.03","Resource dispatch","1","Select resource","OPERATE","NTE-024;NTE-035","NTE-002;NTE-003;NTE-004;NTE-005;NTE-007;NTE-008;NTE-009","CANONICAL_OBJECT_MAPPING_PENDING","IMPLEMENTATION_RECONCILIATION_PENDING","2026-09-21"
"NCC-F12.03-002","F12","Service Delivery & Field Operations","F12.03","Resource dispatch","2","issue work","OPERATE","NTE-024;NTE-035","NTE-002;NTE-003;NTE-004;NTE-005;NTE-007;NTE-008;NTE-009","CANONICAL_OBJECT_MAPPING_PENDING","IMPLEMENTATION_RECONCILIATION_PENDING","2026-09-21"
"NCC-F12.03-003","F12","Service Delivery & Field Operations","F12.03","Resource dispatch","3","route resource","OPERATE","NTE-024;NTE-035","NTE-002;NTE-003;NTE-004;NTE-005;NTE-007;NTE-008;NTE-009","CANONICAL_OBJECT_MAPPING_PENDING","IMPLEMENTATION_RECONCILIATION_PENDING","2026-09-21"
"NCC-F12.03-004","F12","Service Delivery & Field Operations","F12.03","Resource dispatch","4","monitor progress","ANALYSE","NTE-024;NTE-035","NTE-002;NTE-003;NTE-004;NTE-005;NTE-007;NTE-008;NTE-009","CANONICAL_OBJECT_MAPPING_PENDING","IMPLEMENTATION_RECONCILIATION_PENDING","2026-09-21"
"NCC-F12.04-001","F12","Service Delivery & Field Operations","F12.04","Service execution","1","Perform service","OPERATE","NTE-024","NTE-002;NTE-003;NTE-004;NTE-005;NTE-007;NTE-008;NTE-009","CANONICAL_OBJECT_MAPPING_PENDING","IMPLEMENTATION_RECONCILIATION_PENDING","2026-09-21"
"NCC-F12.04-002","F12","Service Delivery & Field Operations","F12.04","Service execution","2","record work","OPERATE","NTE-024","NTE-002;NTE-003;NTE-004;NTE-005;NTE-007;NTE-008;NTE-009","CANONICAL_OBJECT_MAPPING_PENDING","IMPLEMENTATION_RECONCILIATION_PENDING","2026-09-21"
"NCC-F12.04-003","F12","Service Delivery & Field Operations","F12.04","Service execution","3","capture evidence","AUTHOR_CREATE","NTE-024","NTE-002;NTE-003;NTE-004;NTE-005;NTE-007;NTE-008;NTE-009","CANONICAL_OBJECT_MAPPING_PENDING","IMPLEMENTATION_RECONCILIATION_PENDING","2026-09-21"
"NCC-F12.04-004","F12","Service Delivery & Field Operations","F12.04","Service execution","4","complete service","OPERATE","NTE-024","NTE-002;NTE-003;NTE-004;NTE-005;NTE-007;NTE-008;NTE-009","CANONICAL_OBJECT_MAPPING_PENDING","IMPLEMENTATION_RECONCILIATION_PENDING","2026-09-21"
"NCC-F12.05-001","F12","Service Delivery & Field Operations","F12.05","Field service","1","Travel to site","OPERATE","NTE-024","NTE-002;NTE-003;NTE-004;NTE-005;NTE-007;NTE-008;NTE-009","CANONICAL_OBJECT_MAPPING_PENDING","IMPLEMENTATION_RECONCILIATION_PENDING","2026-09-21"
"NCC-F12.05-002","F12","Service Delivery & Field Operations","F12.05","Field service","2","inspect","ASSURE_VERIFY","NTE-024","NTE-002;NTE-003;NTE-004;NTE-005;NTE-007;NTE-008;NTE-009","CANONICAL_OBJECT_MAPPING_PENDING","IMPLEMENTATION_RECONCILIATION_PENDING","2026-09-21"
"NCC-F12.05-003","F12","Service Delivery & Field Operations","F12.05","Field service","3","repair/install","OPERATE","NTE-024","NTE-002;NTE-003;NTE-004;NTE-005;NTE-007;NTE-008;NTE-009","CANONICAL_OBJECT_MAPPING_PENDING","IMPLEMENTATION_RECONCILIATION_PENDING","2026-09-21"
"NCC-F12.05-004","F12","Service Delivery & Field Operations","F12.05","Field service","4","test","ASSURE_VERIFY","NTE-024","NTE-002;NTE-003;NTE-004;NTE-005;NTE-007;NTE-008;NTE-009","CANONICAL_OBJECT_MAPPING_PENDING","IMPLEMENTATION_RECONCILIATION_PENDING","2026-09-21"
"NCC-F12.05-005","F12","Service Delivery & Field Operations","F12.05","Field service","5","obtain customer acceptance","OPERATE","NTE-024","NTE-002;NTE-003;NTE-004;NTE-005;NTE-007;NTE-008;NTE-009","CANONICAL_OBJECT_MAPPING_PENDING","IMPLEMENTATION_RECONCILIATION_PENDING","2026-09-21"
"NCC-F12.06-001","F12","Service Delivery & Field Operations","F12.06","Professional services","1","Define engagement","AUTHOR_CREATE","NTE-024","NTE-002;NTE-003;NTE-004;NTE-005;NTE-007;NTE-008;NTE-009","CANONICAL_OBJECT_MAPPING_PENDING","IMPLEMENTATION_RECONCILIATION_PENDING","2026-09-21"
"NCC-F12.06-002","F12","Service Delivery & Field Operations","F12.06","Professional services","2","plan resources","PLAN_OPTIMISE","NTE-024","NTE-002;NTE-003;NTE-004;NTE-005;NTE-007;NTE-008;NTE-009","CANONICAL_OBJECT_MAPPING_PENDING","IMPLEMENTATION_RECONCILIATION_PENDING","2026-09-21"
"NCC-F12.06-003","F12","Service Delivery & Field Operations","F12.06","Professional services","3","perform work","OPERATE","NTE-024","NTE-002;NTE-003;NTE-004;NTE-005;NTE-007;NTE-008;NTE-009","CANONICAL_OBJECT_MAPPING_PENDING","IMPLEMENTATION_RECONCILIATION_PENDING","2026-09-21"
"NCC-F12.06-004","F12","Service Delivery & Field Operations","F12.06","Professional services","4","deliver outputs","OPERATE","NTE-024","NTE-002;NTE-003;NTE-004;NTE-005;NTE-007;NTE-008;NTE-009","CANONICAL_OBJECT_MAPPING_PENDING","IMPLEMENTATION_RECONCILIATION_PENDING","2026-09-21"
"NCC-F12.07-001","F12","Service Delivery & Field Operations","F12.07","Service acceptance","1","Validate completion","ASSURE_VERIFY","NTE-024","NTE-002;NTE-003;NTE-004;NTE-005;NTE-007;NTE-008;NTE-009","CANONICAL_OBJECT_MAPPING_PENDING","IMPLEMENTATION_RECONCILIATION_PENDING","2026-09-21"
"NCC-F12.07-002","F12","Service Delivery & Field Operations","F12.07","Service acceptance","2","obtain sign-off","GOVERN_DECIDE","NTE-024","NTE-002;NTE-003;NTE-004;NTE-005;NTE-007;NTE-008;NTE-009","CANONICAL_OBJECT_MAPPING_PENDING","IMPLEMENTATION_RECONCILIATION_PENDING","2026-09-21"
"NCC-F12.07-003","F12","Service Delivery & Field Operations","F12.07","Service acceptance","3","close order","TRANSACT_EXECUTE","NTE-024","NTE-002;NTE-003;NTE-004;NTE-005;NTE-007;NTE-008;NTE-009","CANONICAL_OBJECT_MAPPING_PENDING","IMPLEMENTATION_RECONCILIATION_PENDING","2026-09-21"
"NCC-F12.07-004","F12","Service Delivery & Field Operations","F12.07","Service acceptance","4","trigger billing","OPERATE","NTE-024","NTE-002;NTE-003;NTE-004;NTE-005;NTE-007;NTE-008;NTE-009","CANONICAL_OBJECT_MAPPING_PENDING","IMPLEMENTATION_RECONCILIATION_PENDING","2026-09-21"
"NCC-F12.08-001","F12","Service Delivery & Field Operations","F12.08","Service quality","1","Monitor SLA","ANALYSE","NTE-024","NTE-002;NTE-003;NTE-004;NTE-005;NTE-007;NTE-008;NTE-009","CANONICAL_OBJECT_MAPPING_PENDING","IMPLEMENTATION_RECONCILIATION_PENDING","2026-09-21"
"NCC-F12.08-002","F12","Service Delivery & Field Operations","F12.08","Service quality","2","assess quality","ANALYSE","NTE-024","NTE-002;NTE-003;NTE-004;NTE-005;NTE-007;NTE-008;NTE-009","CANONICAL_OBJECT_MAPPING_PENDING","IMPLEMENTATION_RECONCILIATION_PENDING","2026-09-21"
"NCC-F12.08-003","F12","Service Delivery & Field Operations","F12.08","Service quality","3","resolve deficiencies","EXCEPTION_IMPROVE","NTE-024","NTE-002;NTE-003;NTE-004;NTE-005;NTE-007;NTE-008;NTE-009","CANONICAL_OBJECT_MAPPING_PENDING","IMPLEMENTATION_RECONCILIATION_PENDING","2026-09-21"
"NCC-F12.09-001","F12","Service Delivery & Field Operations","F12.09","Service capacity","1","Forecast workload","PLAN_OPTIMISE","NTE-024","NTE-002;NTE-003;NTE-004;NTE-005;NTE-007;NTE-008;NTE-009","CANONICAL_OBJECT_MAPPING_PENDING","IMPLEMENTATION_RECONCILIATION_PENDING","2026-09-21"
"NCC-F12.09-002","F12","Service Delivery & Field Operations","F12.09","Service capacity","2","plan workforce","PLAN_OPTIMISE","NTE-024","NTE-002;NTE-003;NTE-004;NTE-005;NTE-007;NTE-008;NTE-009","CANONICAL_OBJECT_MAPPING_PENDING","IMPLEMENTATION_RECONCILIATION_PENDING","2026-09-21"
"NCC-F12.09-003","F12","Service Delivery & Field Operations","F12.09","Service capacity","3","balance demand and capacity","PLAN_OPTIMISE","NTE-024","NTE-002;NTE-003;NTE-004;NTE-005;NTE-007;NTE-008;NTE-009","CANONICAL_OBJECT_MAPPING_PENDING","IMPLEMENTATION_RECONCILIATION_PENDING","2026-09-21"
"NCC-F12.10-001","F12","Service Delivery & Field Operations","F12.10","Service performance","1","Measure productivity","ANALYSE","NTE-024;NTE-033","NTE-002;NTE-003;NTE-004;NTE-005;NTE-007;NTE-008;NTE-009","CANONICAL_OBJECT_MAPPING_PENDING","IMPLEMENTATION_RECONCILIATION_PENDING","2026-09-21"
"NCC-F12.10-002","F12","Service Delivery & Field Operations","F12.10","Service performance","2","utilisation","OPERATE","NTE-024;NTE-033","NTE-002;NTE-003;NTE-004;NTE-005;NTE-007;NTE-008;NTE-009","CANONICAL_OBJECT_MAPPING_PENDING","IMPLEMENTATION_RECONCILIATION_PENDING","2026-09-21"
"NCC-F12.10-003","F12","Service Delivery & Field Operations","F12.10","Service performance","3","SLA","OPERATE","NTE-024;NTE-033","NTE-002;NTE-003;NTE-004;NTE-005;NTE-007;NTE-008;NTE-009","CANONICAL_OBJECT_MAPPING_PENDING","IMPLEMENTATION_RECONCILIATION_PENDING","2026-09-21"
"NCC-F12.10-004","F12","Service Delivery & Field Operations","F12.10","Service performance","4","first-time-fix","OPERATE","NTE-024;NTE-033","NTE-002;NTE-003;NTE-004;NTE-005;NTE-007;NTE-008;NTE-009","CANONICAL_OBJECT_MAPPING_PENDING","IMPLEMENTATION_RECONCILIATION_PENDING","2026-09-21"
"NCC-F12.10-005","F12","Service Delivery & Field Operations","F12.10","Service performance","5","cost-to-serve","OPERATE","NTE-024;NTE-033","NTE-002;NTE-003;NTE-004;NTE-005;NTE-007;NTE-008;NTE-009","CANONICAL_OBJECT_MAPPING_PENDING","IMPLEMENTATION_RECONCILIATION_PENDING","2026-09-21"
"NCC-F13.01-001","F13","Quality Management","F13.01","Quality strategy","1","Establish quality objectives","AUTHOR_CREATE","NTE-025","NTE-002;NTE-003;NTE-004;NTE-005;NTE-007;NTE-008;NTE-009","CANONICAL_OBJECT_MAPPING_PENDING","IMPLEMENTATION_RECONCILIATION_PENDING","2026-09-21"
"NCC-F13.01-002","F13","Quality Management","F13.01","Quality strategy","2","policies","OPERATE","NTE-025","NTE-002;NTE-003;NTE-004;NTE-005;NTE-007;NTE-008;NTE-009","CANONICAL_OBJECT_MAPPING_PENDING","IMPLEMENTATION_RECONCILIATION_PENDING","2026-09-21"
"NCC-F13.01-003","F13","Quality Management","F13.01","Quality strategy","3","governance","OPERATE","NTE-025","NTE-002;NTE-003;NTE-004;NTE-005;NTE-007;NTE-008;NTE-009","CANONICAL_OBJECT_MAPPING_PENDING","IMPLEMENTATION_RECONCILIATION_PENDING","2026-09-21"
"NCC-F13.01-004","F13","Quality Management","F13.01","Quality strategy","4","standards","OPERATE","NTE-025","NTE-002;NTE-003;NTE-004;NTE-005;NTE-007;NTE-008;NTE-009","CANONICAL_OBJECT_MAPPING_PENDING","IMPLEMENTATION_RECONCILIATION_PENDING","2026-09-21"
"NCC-F13.02-001","F13","Quality Management","F13.02","Quality planning","1","Define quality requirements","AUTHOR_CREATE","NTE-025","NTE-002;NTE-003;NTE-004;NTE-005;NTE-007;NTE-008;NTE-009","CANONICAL_OBJECT_MAPPING_PENDING","IMPLEMENTATION_RECONCILIATION_PENDING","2026-09-21"
"NCC-F13.02-002","F13","Quality Management","F13.02","Quality planning","2","inspection plans","ASSURE_VERIFY","NTE-025","NTE-002;NTE-003;NTE-004;NTE-005;NTE-007;NTE-008;NTE-009","CANONICAL_OBJECT_MAPPING_PENDING","IMPLEMENTATION_RECONCILIATION_PENDING","2026-09-21"
"NCC-F13.02-003","F13","Quality Management","F13.02","Quality planning","3","acceptance criteria","OPERATE","NTE-025","NTE-002;NTE-003;NTE-004;NTE-005;NTE-007;NTE-008;NTE-009","CANONICAL_OBJECT_MAPPING_PENDING","IMPLEMENTATION_RECONCILIATION_PENDING","2026-09-21"
"NCC-F13.03-001","F13","Quality Management","F13.03","Quality assurance","1","Audit processes","ASSURE_VERIFY","NTE-025;NTE-037","NTE-002;NTE-003;NTE-004;NTE-005;NTE-007;NTE-008;NTE-009","CANONICAL_OBJECT_MAPPING_PENDING","IMPLEMENTATION_RECONCILIATION_PENDING","2026-09-21"
"NCC-F13.03-002","F13","Quality Management","F13.03","Quality assurance","2","review compliance","OPERATE","NTE-025;NTE-037","NTE-002;NTE-003;NTE-004;NTE-005;NTE-007;NTE-008;NTE-009","CANONICAL_OBJECT_MAPPING_PENDING","IMPLEMENTATION_RECONCILIATION_PENDING","2026-09-21"
"NCC-F13.03-003","F13","Quality Management","F13.03","Quality assurance","3","verify controls","ASSURE_VERIFY","NTE-025;NTE-037","NTE-002;NTE-003;NTE-004;NTE-005;NTE-007;NTE-008;NTE-009","CANONICAL_OBJECT_MAPPING_PENDING","IMPLEMENTATION_RECONCILIATION_PENDING","2026-09-21"
"NCC-F13.04-001","F13","Quality Management","F13.04","Quality control","1","Inspect","ASSURE_VERIFY","NTE-025;NTE-037","NTE-002;NTE-003;NTE-004;NTE-005;NTE-007;NTE-008;NTE-009","CANONICAL_OBJECT_MAPPING_PENDING","IMPLEMENTATION_RECONCILIATION_PENDING","2026-09-21"
"NCC-F13.04-002","F13","Quality Management","F13.04","Quality control","2","test","ASSURE_VERIFY","NTE-025;NTE-037","NTE-002;NTE-003;NTE-004;NTE-005;NTE-007;NTE-008;NTE-009","CANONICAL_OBJECT_MAPPING_PENDING","IMPLEMENTATION_RECONCILIATION_PENDING","2026-09-21"
"NCC-F13.04-003","F13","Quality Management","F13.04","Quality control","3","sample","ASSURE_VERIFY","NTE-025;NTE-037","NTE-002;NTE-003;NTE-004;NTE-005;NTE-007;NTE-008;NTE-009","CANONICAL_OBJECT_MAPPING_PENDING","IMPLEMENTATION_RECONCILIATION_PENDING","2026-09-21"
"NCC-F13.04-004","F13","Quality Management","F13.04","Quality control","4","accept/reject","GOVERN_DECIDE","NTE-025;NTE-037","NTE-002;NTE-003;NTE-004;NTE-005;NTE-007;NTE-008;NTE-009","CANONICAL_OBJECT_MAPPING_PENDING","IMPLEMENTATION_RECONCILIATION_PENDING","2026-09-21"
"NCC-F13.04-005","F13","Quality Management","F13.04","Quality control","5","quarantine","OPERATE","NTE-025;NTE-037","NTE-002;NTE-003;NTE-004;NTE-005;NTE-007;NTE-008;NTE-009","CANONICAL_OBJECT_MAPPING_PENDING","IMPLEMENTATION_RECONCILIATION_PENDING","2026-09-21"
"NCC-F13.05-001","F13","Quality Management","F13.05","Non-conformance","1","Record defect","OPERATE","NTE-025","NTE-002;NTE-003;NTE-004;NTE-005;NTE-007;NTE-008;NTE-009","CANONICAL_OBJECT_MAPPING_PENDING","IMPLEMENTATION_RECONCILIATION_PENDING","2026-09-21"
"NCC-F13.05-002","F13","Quality Management","F13.05","Non-conformance","2","contain issue","EXCEPTION_IMPROVE","NTE-025","NTE-002;NTE-003;NTE-004;NTE-005;NTE-007;NTE-008;NTE-009","CANONICAL_OBJECT_MAPPING_PENDING","IMPLEMENTATION_RECONCILIATION_PENDING","2026-09-21"
"NCC-F13.05-003","F13","Quality Management","F13.05","Non-conformance","3","classify","OPERATE","NTE-025","NTE-002;NTE-003;NTE-004;NTE-005;NTE-007;NTE-008;NTE-009","CANONICAL_OBJECT_MAPPING_PENDING","IMPLEMENTATION_RECONCILIATION_PENDING","2026-09-21"
"NCC-F13.05-004","F13","Quality Management","F13.05","Non-conformance","4","investigate","EXCEPTION_IMPROVE","NTE-025","NTE-002;NTE-003;NTE-004;NTE-005;NTE-007;NTE-008;NTE-009","CANONICAL_OBJECT_MAPPING_PENDING","IMPLEMENTATION_RECONCILIATION_PENDING","2026-09-21"
"NCC-F13.05-005","F13","Quality Management","F13.05","Non-conformance","5","disposition","OPERATE","NTE-025","NTE-002;NTE-003;NTE-004;NTE-005;NTE-007;NTE-008;NTE-009","CANONICAL_OBJECT_MAPPING_PENDING","IMPLEMENTATION_RECONCILIATION_PENDING","2026-09-21"
"NCC-F13.06-001","F13","Quality Management","F13.06","Corrective/preventive action","1","Root-cause analysis","OPERATE","NTE-025","NTE-002;NTE-003;NTE-004;NTE-005;NTE-007;NTE-008;NTE-009","CANONICAL_OBJECT_MAPPING_PENDING","IMPLEMENTATION_RECONCILIATION_PENDING","2026-09-21"
"NCC-F13.06-002","F13","Quality Management","F13.06","Corrective/preventive action","2","define CAPA","AUTHOR_CREATE","NTE-025","NTE-002;NTE-003;NTE-004;NTE-005;NTE-007;NTE-008;NTE-009","CANONICAL_OBJECT_MAPPING_PENDING","IMPLEMENTATION_RECONCILIATION_PENDING","2026-09-21"
"NCC-F13.06-003","F13","Quality Management","F13.06","Corrective/preventive action","3","implement","OPERATE","NTE-025","NTE-002;NTE-003;NTE-004;NTE-005;NTE-007;NTE-008;NTE-009","CANONICAL_OBJECT_MAPPING_PENDING","IMPLEMENTATION_RECONCILIATION_PENDING","2026-09-21"
"NCC-F13.06-004","F13","Quality Management","F13.06","Corrective/preventive action","4","verify effectiveness","ASSURE_VERIFY","NTE-025","NTE-002;NTE-003;NTE-004;NTE-005;NTE-007;NTE-008;NTE-009","CANONICAL_OBJECT_MAPPING_PENDING","IMPLEMENTATION_RECONCILIATION_PENDING","2026-09-21"
"NCC-F13.07-001","F13","Quality Management","F13.07","Supplier quality","1","Audit supplier","ASSURE_VERIFY","NTE-025","NTE-002;NTE-003;NTE-004;NTE-005;NTE-007;NTE-008;NTE-009","CANONICAL_OBJECT_MAPPING_PENDING","IMPLEMENTATION_RECONCILIATION_PENDING","2026-09-21"
"NCC-F13.07-002","F13","Quality Management","F13.07","Supplier quality","2","inspect incoming goods","ASSURE_VERIFY","NTE-025","NTE-002;NTE-003;NTE-004;NTE-005;NTE-007;NTE-008;NTE-009","CANONICAL_OBJECT_MAPPING_PENDING","IMPLEMENTATION_RECONCILIATION_PENDING","2026-09-21"
"NCC-F13.07-003","F13","Quality Management","F13.07","Supplier quality","3","manage supplier corrective actions","EXCEPTION_IMPROVE","NTE-025","NTE-002;NTE-003;NTE-004;NTE-005;NTE-007;NTE-008;NTE-009","CANONICAL_OBJECT_MAPPING_PENDING","IMPLEMENTATION_RECONCILIATION_PENDING","2026-09-21"
"NCC-F13.08-001","F13","Quality Management","F13.08","Quality documentation","1","Maintain specifications","OPERATE","NTE-025;NTE-043","NTE-002;NTE-003;NTE-004;NTE-005;NTE-007;NTE-008;NTE-009","CANONICAL_OBJECT_MAPPING_PENDING","IMPLEMENTATION_RECONCILIATION_PENDING","2026-09-21"
"NCC-F13.08-002","F13","Quality Management","F13.08","Quality documentation","2","procedures","OPERATE","NTE-025;NTE-043","NTE-002;NTE-003;NTE-004;NTE-005;NTE-007;NTE-008;NTE-009","CANONICAL_OBJECT_MAPPING_PENDING","IMPLEMENTATION_RECONCILIATION_PENDING","2026-09-21"
"NCC-F13.08-003","F13","Quality Management","F13.08","Quality documentation","3","inspection records","ASSURE_VERIFY","NTE-025;NTE-043","NTE-002;NTE-003;NTE-004;NTE-005;NTE-007;NTE-008;NTE-009","CANONICAL_OBJECT_MAPPING_PENDING","IMPLEMENTATION_RECONCILIATION_PENDING","2026-09-21"
"NCC-F13.08-004","F13","Quality Management","F13.08","Quality documentation","4","certificates","OPERATE","NTE-025;NTE-043","NTE-002;NTE-003;NTE-004;NTE-005;NTE-007;NTE-008;NTE-009","CANONICAL_OBJECT_MAPPING_PENDING","IMPLEMENTATION_RECONCILIATION_PENDING","2026-09-21"
"NCC-F13.09-001","F13","Quality Management","F13.09","Continuous improvement","1","Identify opportunities","OPERATE","NTE-025","NTE-002;NTE-003;NTE-004;NTE-005;NTE-007;NTE-008;NTE-009","CANONICAL_OBJECT_MAPPING_PENDING","IMPLEMENTATION_RECONCILIATION_PENDING","2026-09-21"
"NCC-F13.09-002","F13","Quality Management","F13.09","Continuous improvement","2","analyse process","ANALYSE","NTE-025","NTE-002;NTE-003;NTE-004;NTE-005;NTE-007;NTE-008;NTE-009","CANONICAL_OBJECT_MAPPING_PENDING","IMPLEMENTATION_RECONCILIATION_PENDING","2026-09-21"
"NCC-F13.09-003","F13","Quality Management","F13.09","Continuous improvement","3","implement improvement","OPERATE","NTE-025","NTE-002;NTE-003;NTE-004;NTE-005;NTE-007;NTE-008;NTE-009","CANONICAL_OBJECT_MAPPING_PENDING","IMPLEMENTATION_RECONCILIATION_PENDING","2026-09-21"
"NCC-F13.09-004","F13","Quality Management","F13.09","Continuous improvement","4","measure results","ANALYSE","NTE-025","NTE-002;NTE-003;NTE-004;NTE-005;NTE-007;NTE-008;NTE-009","CANONICAL_OBJECT_MAPPING_PENDING","IMPLEMENTATION_RECONCILIATION_PENDING","2026-09-21"
"NCC-F13.10-001","F13","Quality Management","F13.10","Quality analytics","1","Monitor defects","ANALYSE","NTE-025;NTE-033","NTE-002;NTE-003;NTE-004;NTE-005;NTE-007;NTE-008;NTE-009","CANONICAL_OBJECT_MAPPING_PENDING","IMPLEMENTATION_RECONCILIATION_PENDING","2026-09-21"
"NCC-F13.10-002","F13","Quality Management","F13.10","Quality analytics","2","yield","OPERATE","NTE-025;NTE-033","NTE-002;NTE-003;NTE-004;NTE-005;NTE-007;NTE-008;NTE-009","CANONICAL_OBJECT_MAPPING_PENDING","IMPLEMENTATION_RECONCILIATION_PENDING","2026-09-21"
"NCC-F13.10-003","F13","Quality Management","F13.10","Quality analytics","3","complaints","OPERATE","NTE-025;NTE-033","NTE-002;NTE-003;NTE-004;NTE-005;NTE-007;NTE-008;NTE-009","CANONICAL_OBJECT_MAPPING_PENDING","IMPLEMENTATION_RECONCILIATION_PENDING","2026-09-21"
"NCC-F13.10-004","F13","Quality Management","F13.10","Quality analytics","4","cost of quality","OPERATE","NTE-025;NTE-033","NTE-002;NTE-003;NTE-004;NTE-005;NTE-007;NTE-008;NTE-009","CANONICAL_OBJECT_MAPPING_PENDING","IMPLEMENTATION_RECONCILIATION_PENDING","2026-09-21"
"NCC-F13.10-005","F13","Quality Management","F13.10","Quality analytics","5","trends","OPERATE","NTE-025;NTE-033","NTE-002;NTE-003;NTE-004;NTE-005;NTE-007;NTE-008;NTE-009","CANONICAL_OBJECT_MAPPING_PENDING","IMPLEMENTATION_RECONCILIATION_PENDING","2026-09-21"
"NCC-F14.01-001","F14","Finance, Accounting, Treasury & Tax","F14.01","Financial strategy","1","Establish finance policies","AUTHOR_CREATE","NTE-026;NTE-027","NTE-002;NTE-003;NTE-004;NTE-005;NTE-007;NTE-008;NTE-009","CANONICAL_OBJECT_MAPPING_PENDING","IMPLEMENTATION_RECONCILIATION_PENDING","2026-09-21"
"NCC-F14.01-002","F14","Finance, Accounting, Treasury & Tax","F14.01","Financial strategy","2","capital strategy","OPERATE","NTE-026;NTE-027","NTE-002;NTE-003;NTE-004;NTE-005;NTE-007;NTE-008;NTE-009","CANONICAL_OBJECT_MAPPING_PENDING","IMPLEMENTATION_RECONCILIATION_PENDING","2026-09-21"
"NCC-F14.01-003","F14","Finance, Accounting, Treasury & Tax","F14.01","Financial strategy","3","financial objectives","OPERATE","NTE-026;NTE-027","NTE-002;NTE-003;NTE-004;NTE-005;NTE-007;NTE-008;NTE-009","CANONICAL_OBJECT_MAPPING_PENDING","IMPLEMENTATION_RECONCILIATION_PENDING","2026-09-21"
"NCC-F14.02-001","F14","Finance, Accounting, Treasury & Tax","F14.02","Budgeting","1","Collect assumptions","OPERATE","NTE-026;NTE-027","NTE-002;NTE-003;NTE-004;NTE-005;NTE-007;NTE-008;NTE-009","CANONICAL_OBJECT_MAPPING_PENDING","IMPLEMENTATION_RECONCILIATION_PENDING","2026-09-21"
"NCC-F14.02-002","F14","Finance, Accounting, Treasury & Tax","F14.02","Budgeting","2","prepare budgets","AUTHOR_CREATE","NTE-026;NTE-027","NTE-002;NTE-003;NTE-004;NTE-005;NTE-007;NTE-008;NTE-009","CANONICAL_OBJECT_MAPPING_PENDING","IMPLEMENTATION_RECONCILIATION_PENDING","2026-09-21"
"NCC-F14.02-003","F14","Finance, Accounting, Treasury & Tax","F14.02","Budgeting","3","review","OPERATE","NTE-026;NTE-027","NTE-002;NTE-003;NTE-004;NTE-005;NTE-007;NTE-008;NTE-009","CANONICAL_OBJECT_MAPPING_PENDING","IMPLEMENTATION_RECONCILIATION_PENDING","2026-09-21"
"NCC-F14.02-004","F14","Finance, Accounting, Treasury & Tax","F14.02","Budgeting","4","approve","GOVERN_DECIDE","NTE-026;NTE-027","NTE-002;NTE-003;NTE-004;NTE-005;NTE-007;NTE-008;NTE-009","CANONICAL_OBJECT_MAPPING_PENDING","IMPLEMENTATION_RECONCILIATION_PENDING","2026-09-21"
"NCC-F14.02-005","F14","Finance, Accounting, Treasury & Tax","F14.02","Budgeting","5","revise","OPERATE","NTE-026;NTE-027","NTE-002;NTE-003;NTE-004;NTE-005;NTE-007;NTE-008;NTE-009","CANONICAL_OBJECT_MAPPING_PENDING","IMPLEMENTATION_RECONCILIATION_PENDING","2026-09-21"
"NCC-F14.03-001","F14","Finance, Accounting, Treasury & Tax","F14.03","Forecasting","1","Produce rolling forecast","PLAN_OPTIMISE","NTE-026;NTE-027;NTE-033","NTE-002;NTE-003;NTE-004;NTE-005;NTE-007;NTE-008;NTE-009","CANONICAL_OBJECT_MAPPING_PENDING","IMPLEMENTATION_RECONCILIATION_PENDING","2026-09-21"
"NCC-F14.03-002","F14","Finance, Accounting, Treasury & Tax","F14.03","Forecasting","2","model scenarios","PLAN_OPTIMISE","NTE-026;NTE-027;NTE-033","NTE-002;NTE-003;NTE-004;NTE-005;NTE-007;NTE-008;NTE-009","CANONICAL_OBJECT_MAPPING_PENDING","IMPLEMENTATION_RECONCILIATION_PENDING","2026-09-21"
"NCC-F14.03-003","F14","Finance, Accounting, Treasury & Tax","F14.03","Forecasting","3","update outlook","OPERATE","NTE-026;NTE-027;NTE-033","NTE-002;NTE-003;NTE-004;NTE-005;NTE-007;NTE-008;NTE-009","CANONICAL_OBJECT_MAPPING_PENDING","IMPLEMENTATION_RECONCILIATION_PENDING","2026-09-21"
"NCC-F14.04-001","F14","Finance, Accounting, Treasury & Tax","F14.04","General ledger","1","Maintain chart of accounts","OPERATE","NTE-026;NTE-027","NTE-002;NTE-003;NTE-004;NTE-005;NTE-007;NTE-008;NTE-009","CANONICAL_OBJECT_MAPPING_PENDING","IMPLEMENTATION_RECONCILIATION_PENDING","2026-09-21"
"NCC-F14.04-002","F14","Finance, Accounting, Treasury & Tax","F14.04","General ledger","2","post journals","TRANSACT_EXECUTE","NTE-026;NTE-027","NTE-002;NTE-003;NTE-004;NTE-005;NTE-007;NTE-008;NTE-009","CANONICAL_OBJECT_MAPPING_PENDING","IMPLEMENTATION_RECONCILIATION_PENDING","2026-09-21"
"NCC-F14.04-003","F14","Finance, Accounting, Treasury & Tax","F14.04","General ledger","3","reconcile","OPERATE","NTE-026;NTE-027","NTE-002;NTE-003;NTE-004;NTE-005;NTE-007;NTE-008;NTE-009","CANONICAL_OBJECT_MAPPING_PENDING","IMPLEMENTATION_RECONCILIATION_PENDING","2026-09-21"
"NCC-F14.04-004","F14","Finance, Accounting, Treasury & Tax","F14.04","General ledger","4","close periods","TRANSACT_EXECUTE","NTE-026;NTE-027","NTE-002;NTE-003;NTE-004;NTE-005;NTE-007;NTE-008;NTE-009","CANONICAL_OBJECT_MAPPING_PENDING","IMPLEMENTATION_RECONCILIATION_PENDING","2026-09-21"
"NCC-F14.05-001","F14","Finance, Accounting, Treasury & Tax","F14.05","Accounts payable","1","Receive invoice","TRANSACT_EXECUTE","NTE-026;NTE-027","NTE-002;NTE-003;NTE-004;NTE-005;NTE-007;NTE-008;NTE-009","CANONICAL_OBJECT_MAPPING_PENDING","IMPLEMENTATION_RECONCILIATION_PENDING","2026-09-21"
"NCC-F14.05-002","F14","Finance, Accounting, Treasury & Tax","F14.05","Accounts payable","2","validate","ASSURE_VERIFY","NTE-026;NTE-027","NTE-002;NTE-003;NTE-004;NTE-005;NTE-007;NTE-008;NTE-009","CANONICAL_OBJECT_MAPPING_PENDING","IMPLEMENTATION_RECONCILIATION_PENDING","2026-09-21"
"NCC-F14.05-003","F14","Finance, Accounting, Treasury & Tax","F14.05","Accounts payable","3","match","OPERATE","NTE-026;NTE-027","NTE-002;NTE-003;NTE-004;NTE-005;NTE-007;NTE-008;NTE-009","CANONICAL_OBJECT_MAPPING_PENDING","IMPLEMENTATION_RECONCILIATION_PENDING","2026-09-21"
"NCC-F14.05-004","F14","Finance, Accounting, Treasury & Tax","F14.05","Accounts payable","4","approve","GOVERN_DECIDE","NTE-026;NTE-027","NTE-002;NTE-003;NTE-004;NTE-005;NTE-007;NTE-008;NTE-009","CANONICAL_OBJECT_MAPPING_PENDING","IMPLEMENTATION_RECONCILIATION_PENDING","2026-09-21"
"NCC-F14.05-005","F14","Finance, Accounting, Treasury & Tax","F14.05","Accounts payable","5","pay","TRANSACT_EXECUTE","NTE-026;NTE-027","NTE-002;NTE-003;NTE-004;NTE-005;NTE-007;NTE-008;NTE-009","CANONICAL_OBJECT_MAPPING_PENDING","IMPLEMENTATION_RECONCILIATION_PENDING","2026-09-21"
"NCC-F14.05-006","F14","Finance, Accounting, Treasury & Tax","F14.05","Accounts payable","6","reconcile","OPERATE","NTE-026;NTE-027","NTE-002;NTE-003;NTE-004;NTE-005;NTE-007;NTE-008;NTE-009","CANONICAL_OBJECT_MAPPING_PENDING","IMPLEMENTATION_RECONCILIATION_PENDING","2026-09-21"
"NCC-F14.06-001","F14","Finance, Accounting, Treasury & Tax","F14.06","Accounts receivable","1","Generate invoice","TRANSACT_EXECUTE","NTE-026;NTE-027","NTE-002;NTE-003;NTE-004;NTE-005;NTE-007;NTE-008;NTE-009","CANONICAL_OBJECT_MAPPING_PENDING","IMPLEMENTATION_RECONCILIATION_PENDING","2026-09-21"
"NCC-F14.06-002","F14","Finance, Accounting, Treasury & Tax","F14.06","Accounts receivable","2","post receivable","TRANSACT_EXECUTE","NTE-026;NTE-027","NTE-002;NTE-003;NTE-004;NTE-005;NTE-007;NTE-008;NTE-009","CANONICAL_OBJECT_MAPPING_PENDING","IMPLEMENTATION_RECONCILIATION_PENDING","2026-09-21"
"NCC-F14.06-003","F14","Finance, Accounting, Treasury & Tax","F14.06","Accounts receivable","3","collect payment","TRANSACT_EXECUTE","NTE-026;NTE-027","NTE-002;NTE-003;NTE-004;NTE-005;NTE-007;NTE-008;NTE-009","CANONICAL_OBJECT_MAPPING_PENDING","IMPLEMENTATION_RECONCILIATION_PENDING","2026-09-21"
"NCC-F14.06-004","F14","Finance, Accounting, Treasury & Tax","F14.06","Accounts receivable","4","allocate cash","PLAN_OPTIMISE","NTE-026;NTE-027","NTE-002;NTE-003;NTE-004;NTE-005;NTE-007;NTE-008;NTE-009","CANONICAL_OBJECT_MAPPING_PENDING","IMPLEMENTATION_RECONCILIATION_PENDING","2026-09-21"
"NCC-F14.07-001","F14","Finance, Accounting, Treasury & Tax","F14.07","Credit management","1","Assess creditworthiness","ANALYSE","NTE-026;NTE-027","NTE-002;NTE-003;NTE-004;NTE-005;NTE-007;NTE-008;NTE-009","CANONICAL_OBJECT_MAPPING_PENDING","IMPLEMENTATION_RECONCILIATION_PENDING","2026-09-21"
"NCC-F14.07-002","F14","Finance, Accounting, Treasury & Tax","F14.07","Credit management","2","set limits","OPERATE","NTE-026;NTE-027","NTE-002;NTE-003;NTE-004;NTE-005;NTE-007;NTE-008;NTE-009","CANONICAL_OBJECT_MAPPING_PENDING","IMPLEMENTATION_RECONCILIATION_PENDING","2026-09-21"
"NCC-F14.07-003","F14","Finance, Accounting, Treasury & Tax","F14.07","Credit management","3","monitor exposure","ANALYSE","NTE-026;NTE-027","NTE-002;NTE-003;NTE-004;NTE-005;NTE-007;NTE-008;NTE-009","CANONICAL_OBJECT_MAPPING_PENDING","IMPLEMENTATION_RECONCILIATION_PENDING","2026-09-21"
"NCC-F14.07-004","F14","Finance, Accounting, Treasury & Tax","F14.07","Credit management","4","suspend/release accounts","TRANSACT_EXECUTE","NTE-026;NTE-027","NTE-002;NTE-003;NTE-004;NTE-005;NTE-007;NTE-008;NTE-009","CANONICAL_OBJECT_MAPPING_PENDING","IMPLEMENTATION_RECONCILIATION_PENDING","2026-09-21"
"NCC-F14.08-001","F14","Finance, Accounting, Treasury & Tax","F14.08","Collections","1","Identify overdue debt","OPERATE","NTE-026;NTE-027","NTE-002;NTE-003;NTE-004;NTE-005;NTE-007;NTE-008;NTE-009","CANONICAL_OBJECT_MAPPING_PENDING","IMPLEMENTATION_RECONCILIATION_PENDING","2026-09-21"
"NCC-F14.08-002","F14","Finance, Accounting, Treasury & Tax","F14.08","Collections","2","contact customer","OPERATE","NTE-026;NTE-027","NTE-002;NTE-003;NTE-004;NTE-005;NTE-007;NTE-008;NTE-009","CANONICAL_OBJECT_MAPPING_PENDING","IMPLEMENTATION_RECONCILIATION_PENDING","2026-09-21"
"NCC-F14.08-003","F14","Finance, Accounting, Treasury & Tax","F14.08","Collections","3","negotiate payment","TRANSACT_EXECUTE","NTE-026;NTE-027","NTE-002;NTE-003;NTE-004;NTE-005;NTE-007;NTE-008;NTE-009","CANONICAL_OBJECT_MAPPING_PENDING","IMPLEMENTATION_RECONCILIATION_PENDING","2026-09-21"
"NCC-F14.08-004","F14","Finance, Accounting, Treasury & Tax","F14.08","Collections","4","escalate","OPERATE","NTE-026;NTE-027","NTE-002;NTE-003;NTE-004;NTE-005;NTE-007;NTE-008;NTE-009","CANONICAL_OBJECT_MAPPING_PENDING","IMPLEMENTATION_RECONCILIATION_PENDING","2026-09-21"
"NCC-F14.08-005","F14","Finance, Accounting, Treasury & Tax","F14.08","Collections","5","write off","OPERATE","NTE-026;NTE-027","NTE-002;NTE-003;NTE-004;NTE-005;NTE-007;NTE-008;NTE-009","CANONICAL_OBJECT_MAPPING_PENDING","IMPLEMENTATION_RECONCILIATION_PENDING","2026-09-21"
"NCC-F14.09-001","F14","Finance, Accounting, Treasury & Tax","F14.09","Expense management","1","Submit expenses","TRANSACT_EXECUTE","NTE-026;NTE-027","NTE-002;NTE-003;NTE-004;NTE-005;NTE-007;NTE-008;NTE-009","CANONICAL_OBJECT_MAPPING_PENDING","IMPLEMENTATION_RECONCILIATION_PENDING","2026-09-21"
"NCC-F14.09-002","F14","Finance, Accounting, Treasury & Tax","F14.09","Expense management","2","validate","ASSURE_VERIFY","NTE-026;NTE-027","NTE-002;NTE-003;NTE-004;NTE-005;NTE-007;NTE-008;NTE-009","CANONICAL_OBJECT_MAPPING_PENDING","IMPLEMENTATION_RECONCILIATION_PENDING","2026-09-21"
"NCC-F14.09-003","F14","Finance, Accounting, Treasury & Tax","F14.09","Expense management","3","approve","GOVERN_DECIDE","NTE-026;NTE-027","NTE-002;NTE-003;NTE-004;NTE-005;NTE-007;NTE-008;NTE-009","CANONICAL_OBJECT_MAPPING_PENDING","IMPLEMENTATION_RECONCILIATION_PENDING","2026-09-21"
"NCC-F14.09-004","F14","Finance, Accounting, Treasury & Tax","F14.09","Expense management","4","reimburse","OPERATE","NTE-026;NTE-027","NTE-002;NTE-003;NTE-004;NTE-005;NTE-007;NTE-008;NTE-009","CANONICAL_OBJECT_MAPPING_PENDING","IMPLEMENTATION_RECONCILIATION_PENDING","2026-09-21"
"NCC-F14.09-005","F14","Finance, Accounting, Treasury & Tax","F14.09","Expense management","5","audit","ASSURE_VERIFY","NTE-026;NTE-027","NTE-002;NTE-003;NTE-004;NTE-005;NTE-007;NTE-008;NTE-009","CANONICAL_OBJECT_MAPPING_PENDING","IMPLEMENTATION_RECONCILIATION_PENDING","2026-09-21"
"NCC-F14.10-001","F14","Finance, Accounting, Treasury & Tax","F14.10","Fixed asset accounting","1","Capitalise asset","OPERATE","NTE-026;NTE-027","NTE-002;NTE-003;NTE-004;NTE-005;NTE-007;NTE-008;NTE-009","CANONICAL_OBJECT_MAPPING_PENDING","IMPLEMENTATION_RECONCILIATION_PENDING","2026-09-21"
"NCC-F14.10-002","F14","Finance, Accounting, Treasury & Tax","F14.10","Fixed asset accounting","2","depreciate","OPERATE","NTE-026;NTE-027","NTE-002;NTE-003;NTE-004;NTE-005;NTE-007;NTE-008;NTE-009","CANONICAL_OBJECT_MAPPING_PENDING","IMPLEMENTATION_RECONCILIATION_PENDING","2026-09-21"
"NCC-F14.10-003","F14","Finance, Accounting, Treasury & Tax","F14.10","Fixed asset accounting","3","transfer","TRANSACT_EXECUTE","NTE-026;NTE-027","NTE-002;NTE-003;NTE-004;NTE-005;NTE-007;NTE-008;NTE-009","CANONICAL_OBJECT_MAPPING_PENDING","IMPLEMENTATION_RECONCILIATION_PENDING","2026-09-21"
"NCC-F14.10-004","F14","Finance, Accounting, Treasury & Tax","F14.10","Fixed asset accounting","4","impair","OPERATE","NTE-026;NTE-027","NTE-002;NTE-003;NTE-004;NTE-005;NTE-007;NTE-008;NTE-009","CANONICAL_OBJECT_MAPPING_PENDING","IMPLEMENTATION_RECONCILIATION_PENDING","2026-09-21"
"NCC-F14.10-005","F14","Finance, Accounting, Treasury & Tax","F14.10","Fixed asset accounting","5","dispose","OPERATE","NTE-026;NTE-027","NTE-002;NTE-003;NTE-004;NTE-005;NTE-007;NTE-008;NTE-009","CANONICAL_OBJECT_MAPPING_PENDING","IMPLEMENTATION_RECONCILIATION_PENDING","2026-09-21"
"NCC-F14.11-001","F14","Finance, Accounting, Treasury & Tax","F14.11","Cost accounting","1","Calculate product/service cost","ANALYSE","NTE-026;NTE-027","NTE-002;NTE-003;NTE-004;NTE-005;NTE-007;NTE-008;NTE-009","CANONICAL_OBJECT_MAPPING_PENDING","IMPLEMENTATION_RECONCILIATION_PENDING","2026-09-21"
"NCC-F14.11-002","F14","Finance, Accounting, Treasury & Tax","F14.11","Cost accounting","2","allocate overhead","PLAN_OPTIMISE","NTE-026;NTE-027","NTE-002;NTE-003;NTE-004;NTE-005;NTE-007;NTE-008;NTE-009","CANONICAL_OBJECT_MAPPING_PENDING","IMPLEMENTATION_RECONCILIATION_PENDING","2026-09-21"
"NCC-F14.11-003","F14","Finance, Accounting, Treasury & Tax","F14.11","Cost accounting","3","analyse variance","ANALYSE","NTE-026;NTE-027","NTE-002;NTE-003;NTE-004;NTE-005;NTE-007;NTE-008;NTE-009","CANONICAL_OBJECT_MAPPING_PENDING","IMPLEMENTATION_RECONCILIATION_PENDING","2026-09-21"
"NCC-F14.12-001","F14","Finance, Accounting, Treasury & Tax","F14.12","Financial close","1","Reconcile accounts","OPERATE","NTE-026;NTE-027","NTE-002;NTE-003;NTE-004;NTE-005;NTE-007;NTE-008;NTE-009","CANONICAL_OBJECT_MAPPING_PENDING","IMPLEMENTATION_RECONCILIATION_PENDING","2026-09-21"
"NCC-F14.12-002","F14","Finance, Accounting, Treasury & Tax","F14.12","Financial close","2","post adjustments","TRANSACT_EXECUTE","NTE-026;NTE-027","NTE-002;NTE-003;NTE-004;NTE-005;NTE-007;NTE-008;NTE-009","CANONICAL_OBJECT_MAPPING_PENDING","IMPLEMENTATION_RECONCILIATION_PENDING","2026-09-21"
"NCC-F14.12-003","F14","Finance, Accounting, Treasury & Tax","F14.12","Financial close","3","consolidate","OPERATE","NTE-026;NTE-027","NTE-002;NTE-003;NTE-004;NTE-005;NTE-007;NTE-008;NTE-009","CANONICAL_OBJECT_MAPPING_PENDING","IMPLEMENTATION_RECONCILIATION_PENDING","2026-09-21"
"NCC-F14.12-004","F14","Finance, Accounting, Treasury & Tax","F14.12","Financial close","4","close period","TRANSACT_EXECUTE","NTE-026;NTE-027","NTE-002;NTE-003;NTE-004;NTE-005;NTE-007;NTE-008;NTE-009","CANONICAL_OBJECT_MAPPING_PENDING","IMPLEMENTATION_RECONCILIATION_PENDING","2026-09-21"
"NCC-F14.13-001","F14","Finance, Accounting, Treasury & Tax","F14.13","Consolidation","1","Collect entity results","OPERATE","NTE-026;NTE-027","NTE-002;NTE-003;NTE-004;NTE-005;NTE-007;NTE-008;NTE-009","CANONICAL_OBJECT_MAPPING_PENDING","IMPLEMENTATION_RECONCILIATION_PENDING","2026-09-21"
"NCC-F14.13-002","F14","Finance, Accounting, Treasury & Tax","F14.13","Consolidation","2","eliminate intercompany","OPERATE","NTE-026;NTE-027","NTE-002;NTE-003;NTE-004;NTE-005;NTE-007;NTE-008;NTE-009","CANONICAL_OBJECT_MAPPING_PENDING","IMPLEMENTATION_RECONCILIATION_PENDING","2026-09-21"
"NCC-F14.13-003","F14","Finance, Accounting, Treasury & Tax","F14.13","Consolidation","3","translate currency","OPERATE","NTE-026;NTE-027","NTE-002;NTE-003;NTE-004;NTE-005;NTE-007;NTE-008;NTE-009","CANONICAL_OBJECT_MAPPING_PENDING","IMPLEMENTATION_RECONCILIATION_PENDING","2026-09-21"
"NCC-F14.13-004","F14","Finance, Accounting, Treasury & Tax","F14.13","Consolidation","4","consolidate","OPERATE","NTE-026;NTE-027","NTE-002;NTE-003;NTE-004;NTE-005;NTE-007;NTE-008;NTE-009","CANONICAL_OBJECT_MAPPING_PENDING","IMPLEMENTATION_RECONCILIATION_PENDING","2026-09-21"
"NCC-F14.14-001","F14","Finance, Accounting, Treasury & Tax","F14.14","Financial reporting","1","Prepare P&L","AUTHOR_CREATE","NTE-026;NTE-027;NTE-033","NTE-002;NTE-003;NTE-004;NTE-005;NTE-007;NTE-008;NTE-009","CANONICAL_OBJECT_MAPPING_PENDING","IMPLEMENTATION_RECONCILIATION_PENDING","2026-09-21"
"NCC-F14.14-002","F14","Finance, Accounting, Treasury & Tax","F14.14","Financial reporting","2","balance sheet","PLAN_OPTIMISE","NTE-026;NTE-027;NTE-033","NTE-002;NTE-003;NTE-004;NTE-005;NTE-007;NTE-008;NTE-009","CANONICAL_OBJECT_MAPPING_PENDING","IMPLEMENTATION_RECONCILIATION_PENDING","2026-09-21"
"NCC-F14.14-003","F14","Finance, Accounting, Treasury & Tax","F14.14","Financial reporting","3","cash flow","OPERATE","NTE-026;NTE-027;NTE-033","NTE-002;NTE-003;NTE-004;NTE-005;NTE-007;NTE-008;NTE-009","CANONICAL_OBJECT_MAPPING_PENDING","IMPLEMENTATION_RECONCILIATION_PENDING","2026-09-21"
"NCC-F14.14-004","F14","Finance, Accounting, Treasury & Tax","F14.14","Financial reporting","4","management accounts","OPERATE","NTE-026;NTE-027;NTE-033","NTE-002;NTE-003;NTE-004;NTE-005;NTE-007;NTE-008;NTE-009","CANONICAL_OBJECT_MAPPING_PENDING","IMPLEMENTATION_RECONCILIATION_PENDING","2026-09-21"
"NCC-F14.14-005","F14","Finance, Accounting, Treasury & Tax","F14.14","Financial reporting","5","statutory reports","OPERATE","NTE-026;NTE-027;NTE-033","NTE-002;NTE-003;NTE-004;NTE-005;NTE-007;NTE-008;NTE-009","CANONICAL_OBJECT_MAPPING_PENDING","IMPLEMENTATION_RECONCILIATION_PENDING","2026-09-21"
"NCC-F14.15-001","F14","Finance, Accounting, Treasury & Tax","F14.15","Treasury","1","Manage cash","OPERATE","NTE-026;NTE-027","NTE-002;NTE-003;NTE-004;NTE-005;NTE-007;NTE-008;NTE-009","CANONICAL_OBJECT_MAPPING_PENDING","IMPLEMENTATION_RECONCILIATION_PENDING","2026-09-21"
"NCC-F14.15-002","F14","Finance, Accounting, Treasury & Tax","F14.15","Treasury","2","liquidity","OPERATE","NTE-026;NTE-027","NTE-002;NTE-003;NTE-004;NTE-005;NTE-007;NTE-008;NTE-009","CANONICAL_OBJECT_MAPPING_PENDING","IMPLEMENTATION_RECONCILIATION_PENDING","2026-09-21"
"NCC-F14.15-003","F14","Finance, Accounting, Treasury & Tax","F14.15","Treasury","3","bank accounts","OPERATE","NTE-026;NTE-027","NTE-002;NTE-003;NTE-004;NTE-005;NTE-007;NTE-008;NTE-009","CANONICAL_OBJECT_MAPPING_PENDING","IMPLEMENTATION_RECONCILIATION_PENDING","2026-09-21"
"NCC-F14.15-004","F14","Finance, Accounting, Treasury & Tax","F14.15","Treasury","4","funding","OPERATE","NTE-026;NTE-027","NTE-002;NTE-003;NTE-004;NTE-005;NTE-007;NTE-008;NTE-009","CANONICAL_OBJECT_MAPPING_PENDING","IMPLEMENTATION_RECONCILIATION_PENDING","2026-09-21"
"NCC-F14.15-005","F14","Finance, Accounting, Treasury & Tax","F14.15","Treasury","5","investments","OPERATE","NTE-026;NTE-027","NTE-002;NTE-003;NTE-004;NTE-005;NTE-007;NTE-008;NTE-009","CANONICAL_OBJECT_MAPPING_PENDING","IMPLEMENTATION_RECONCILIATION_PENDING","2026-09-21"
"NCC-F14.16-001","F14","Finance, Accounting, Treasury & Tax","F14.16","Payments","1","Create payment run","AUTHOR_CREATE","NTE-026;NTE-027","NTE-002;NTE-003;NTE-004;NTE-005;NTE-007;NTE-008;NTE-009","CANONICAL_OBJECT_MAPPING_PENDING","IMPLEMENTATION_RECONCILIATION_PENDING","2026-09-21"
"NCC-F14.16-002","F14","Finance, Accounting, Treasury & Tax","F14.16","Payments","2","approve","GOVERN_DECIDE","NTE-026;NTE-027","NTE-002;NTE-003;NTE-004;NTE-005;NTE-007;NTE-008;NTE-009","CANONICAL_OBJECT_MAPPING_PENDING","IMPLEMENTATION_RECONCILIATION_PENDING","2026-09-21"
"NCC-F14.16-003","F14","Finance, Accounting, Treasury & Tax","F14.16","Payments","3","transmit","OPERATE","NTE-026;NTE-027","NTE-002;NTE-003;NTE-004;NTE-005;NTE-007;NTE-008;NTE-009","CANONICAL_OBJECT_MAPPING_PENDING","IMPLEMENTATION_RECONCILIATION_PENDING","2026-09-21"
"NCC-F14.16-004","F14","Finance, Accounting, Treasury & Tax","F14.16","Payments","4","confirm","OPERATE","NTE-026;NTE-027","NTE-002;NTE-003;NTE-004;NTE-005;NTE-007;NTE-008;NTE-009","CANONICAL_OBJECT_MAPPING_PENDING","IMPLEMENTATION_RECONCILIATION_PENDING","2026-09-21"
"NCC-F14.16-005","F14","Finance, Accounting, Treasury & Tax","F14.16","Payments","5","reconcile","OPERATE","NTE-026;NTE-027","NTE-002;NTE-003;NTE-004;NTE-005;NTE-007;NTE-008;NTE-009","CANONICAL_OBJECT_MAPPING_PENDING","IMPLEMENTATION_RECONCILIATION_PENDING","2026-09-21"
"NCC-F14.17-001","F14","Finance, Accounting, Treasury & Tax","F14.17","Foreign exchange","1","Forecast exposure","PLAN_OPTIMISE","NTE-026;NTE-027","NTE-002;NTE-003;NTE-004;NTE-005;NTE-007;NTE-008;NTE-009","CANONICAL_OBJECT_MAPPING_PENDING","IMPLEMENTATION_RECONCILIATION_PENDING","2026-09-21"
"NCC-F14.17-002","F14","Finance, Accounting, Treasury & Tax","F14.17","Foreign exchange","2","execute hedges","TRANSACT_EXECUTE","NTE-026;NTE-027","NTE-002;NTE-003;NTE-004;NTE-005;NTE-007;NTE-008;NTE-009","CANONICAL_OBJECT_MAPPING_PENDING","IMPLEMENTATION_RECONCILIATION_PENDING","2026-09-21"
"NCC-F14.17-003","F14","Finance, Accounting, Treasury & Tax","F14.17","Foreign exchange","3","settle","OPERATE","NTE-026;NTE-027","NTE-002;NTE-003;NTE-004;NTE-005;NTE-007;NTE-008;NTE-009","CANONICAL_OBJECT_MAPPING_PENDING","IMPLEMENTATION_RECONCILIATION_PENDING","2026-09-21"
"NCC-F14.17-004","F14","Finance, Accounting, Treasury & Tax","F14.17","Foreign exchange","4","monitor positions","ANALYSE","NTE-026;NTE-027","NTE-002;NTE-003;NTE-004;NTE-005;NTE-007;NTE-008;NTE-009","CANONICAL_OBJECT_MAPPING_PENDING","IMPLEMENTATION_RECONCILIATION_PENDING","2026-09-21"
"NCC-F14.18-001","F14","Finance, Accounting, Treasury & Tax","F14.18","Debt & financing","1","Arrange facilities","OPERATE","NTE-026;NTE-027","NTE-002;NTE-003;NTE-004;NTE-005;NTE-007;NTE-008;NTE-009","CANONICAL_OBJECT_MAPPING_PENDING","IMPLEMENTATION_RECONCILIATION_PENDING","2026-09-21"
"NCC-F14.18-002","F14","Finance, Accounting, Treasury & Tax","F14.18","Debt & financing","2","draw funds","OPERATE","NTE-026;NTE-027","NTE-002;NTE-003;NTE-004;NTE-005;NTE-007;NTE-008;NTE-009","CANONICAL_OBJECT_MAPPING_PENDING","IMPLEMENTATION_RECONCILIATION_PENDING","2026-09-21"
"NCC-F14.18-003","F14","Finance, Accounting, Treasury & Tax","F14.18","Debt & financing","3","repay","TRANSACT_EXECUTE","NTE-026;NTE-027","NTE-002;NTE-003;NTE-004;NTE-005;NTE-007;NTE-008;NTE-009","CANONICAL_OBJECT_MAPPING_PENDING","IMPLEMENTATION_RECONCILIATION_PENDING","2026-09-21"
"NCC-F14.18-004","F14","Finance, Accounting, Treasury & Tax","F14.18","Debt & financing","4","monitor covenants","ANALYSE","NTE-026;NTE-027","NTE-002;NTE-003;NTE-004;NTE-005;NTE-007;NTE-008;NTE-009","CANONICAL_OBJECT_MAPPING_PENDING","IMPLEMENTATION_RECONCILIATION_PENDING","2026-09-21"
"NCC-F14.19-001","F14","Finance, Accounting, Treasury & Tax","F14.19","Tax","1","Calculate taxes","ANALYSE","NTE-026;NTE-027","NTE-002;NTE-003;NTE-004;NTE-005;NTE-007;NTE-008;NTE-009","CANONICAL_OBJECT_MAPPING_PENDING","IMPLEMENTATION_RECONCILIATION_PENDING","2026-09-21"
"NCC-F14.19-002","F14","Finance, Accounting, Treasury & Tax","F14.19","Tax","2","file returns","OPERATE","NTE-026;NTE-027","NTE-002;NTE-003;NTE-004;NTE-005;NTE-007;NTE-008;NTE-009","CANONICAL_OBJECT_MAPPING_PENDING","IMPLEMENTATION_RECONCILIATION_PENDING","2026-09-21"
"NCC-F14.19-003","F14","Finance, Accounting, Treasury & Tax","F14.19","Tax","3","manage VAT/GST","OPERATE","NTE-026;NTE-027","NTE-002;NTE-003;NTE-004;NTE-005;NTE-007;NTE-008;NTE-009","CANONICAL_OBJECT_MAPPING_PENDING","IMPLEMENTATION_RECONCILIATION_PENDING","2026-09-21"
"NCC-F14.19-004","F14","Finance, Accounting, Treasury & Tax","F14.19","Tax","4","corporation tax","OPERATE","NTE-026;NTE-027","NTE-002;NTE-003;NTE-004;NTE-005;NTE-007;NTE-008;NTE-009","CANONICAL_OBJECT_MAPPING_PENDING","IMPLEMENTATION_RECONCILIATION_PENDING","2026-09-21"
"NCC-F14.19-005","F14","Finance, Accounting, Treasury & Tax","F14.19","Tax","5","withholding","OPERATE","NTE-026;NTE-027","NTE-002;NTE-003;NTE-004;NTE-005;NTE-007;NTE-008;NTE-009","CANONICAL_OBJECT_MAPPING_PENDING","IMPLEMENTATION_RECONCILIATION_PENDING","2026-09-21"
"NCC-F14.19-006","F14","Finance, Accounting, Treasury & Tax","F14.19","Tax","6","transfer pricing","TRANSACT_EXECUTE","NTE-026;NTE-027","NTE-002;NTE-003;NTE-004;NTE-005;NTE-007;NTE-008;NTE-009","CANONICAL_OBJECT_MAPPING_PENDING","IMPLEMENTATION_RECONCILIATION_PENDING","2026-09-21"
"NCC-F14.20-001","F14","Finance, Accounting, Treasury & Tax","F14.20","Financial controls","1","Define controls","AUTHOR_CREATE","NTE-026;NTE-027;NTE-037","NTE-002;NTE-003;NTE-004;NTE-005;NTE-007;NTE-008;NTE-009","CANONICAL_OBJECT_MAPPING_PENDING","IMPLEMENTATION_RECONCILIATION_PENDING","2026-09-21"
"NCC-F14.20-002","F14","Finance, Accounting, Treasury & Tax","F14.20","Financial controls","2","perform reconciliations","OPERATE","NTE-026;NTE-027;NTE-037","NTE-002;NTE-003;NTE-004;NTE-005;NTE-007;NTE-008;NTE-009","CANONICAL_OBJECT_MAPPING_PENDING","IMPLEMENTATION_RECONCILIATION_PENDING","2026-09-21"
"NCC-F14.20-003","F14","Finance, Accounting, Treasury & Tax","F14.20","Financial controls","3","review exceptions","OPERATE","NTE-026;NTE-027;NTE-037","NTE-002;NTE-003;NTE-004;NTE-005;NTE-007;NTE-008;NTE-009","CANONICAL_OBJECT_MAPPING_PENDING","IMPLEMENTATION_RECONCILIATION_PENDING","2026-09-21"
"NCC-F14.20-004","F14","Finance, Accounting, Treasury & Tax","F14.20","Financial controls","4","certify controls","OPERATE","NTE-026;NTE-027;NTE-037","NTE-002;NTE-003;NTE-004;NTE-005;NTE-007;NTE-008;NTE-009","CANONICAL_OBJECT_MAPPING_PENDING","IMPLEMENTATION_RECONCILIATION_PENDING","2026-09-21"
"NCC-F14.21-001","F14","Finance, Accounting, Treasury & Tax","F14.21","Profitability analysis","1","Calculate margin","ANALYSE","NTE-026;NTE-027","NTE-002;NTE-003;NTE-004;NTE-005;NTE-007;NTE-008;NTE-009","CANONICAL_OBJECT_MAPPING_PENDING","IMPLEMENTATION_RECONCILIATION_PENDING","2026-09-21"
"NCC-F14.21-002","F14","Finance, Accounting, Treasury & Tax","F14.21","Profitability analysis","2","customer/product profitability","OPERATE","NTE-026;NTE-027","NTE-002;NTE-003;NTE-004;NTE-005;NTE-007;NTE-008;NTE-009","CANONICAL_OBJECT_MAPPING_PENDING","IMPLEMENTATION_RECONCILIATION_PENDING","2026-09-21"
"NCC-F14.21-003","F14","Finance, Accounting, Treasury & Tax","F14.21","Profitability analysis","3","cost-to-serve","OPERATE","NTE-026;NTE-027","NTE-002;NTE-003;NTE-004;NTE-005;NTE-007;NTE-008;NTE-009","CANONICAL_OBJECT_MAPPING_PENDING","IMPLEMENTATION_RECONCILIATION_PENDING","2026-09-21"
"NCC-F14.22-001","F14","Finance, Accounting, Treasury & Tax","F14.22","Capital expenditure","1","Submit request","TRANSACT_EXECUTE","NTE-026;NTE-027","NTE-002;NTE-003;NTE-004;NTE-005;NTE-007;NTE-008;NTE-009","CANONICAL_OBJECT_MAPPING_PENDING","IMPLEMENTATION_RECONCILIATION_PENDING","2026-09-21"
"NCC-F14.22-002","F14","Finance, Accounting, Treasury & Tax","F14.22","Capital expenditure","2","evaluate investment","ANALYSE","NTE-026;NTE-027","NTE-002;NTE-003;NTE-004;NTE-005;NTE-007;NTE-008;NTE-009","CANONICAL_OBJECT_MAPPING_PENDING","IMPLEMENTATION_RECONCILIATION_PENDING","2026-09-21"
"NCC-F14.22-003","F14","Finance, Accounting, Treasury & Tax","F14.22","Capital expenditure","3","approve","GOVERN_DECIDE","NTE-026;NTE-027","NTE-002;NTE-003;NTE-004;NTE-005;NTE-007;NTE-008;NTE-009","CANONICAL_OBJECT_MAPPING_PENDING","IMPLEMENTATION_RECONCILIATION_PENDING","2026-09-21"
"NCC-F14.22-004","F14","Finance, Accounting, Treasury & Tax","F14.22","Capital expenditure","4","track spend","ANALYSE","NTE-026;NTE-027","NTE-002;NTE-003;NTE-004;NTE-005;NTE-007;NTE-008;NTE-009","CANONICAL_OBJECT_MAPPING_PENDING","IMPLEMENTATION_RECONCILIATION_PENDING","2026-09-21"
"NCC-F14.22-005","F14","Finance, Accounting, Treasury & Tax","F14.22","Capital expenditure","5","review benefits","OPERATE","NTE-026;NTE-027","NTE-002;NTE-003;NTE-004;NTE-005;NTE-007;NTE-008;NTE-009","CANONICAL_OBJECT_MAPPING_PENDING","IMPLEMENTATION_RECONCILIATION_PENDING","2026-09-21"
"NCC-F15.01-001","F15","Human Resources / Human Capital","F15.01","People strategy","1","Define workforce strategy","AUTHOR_CREATE","NTE-028","NTE-002;NTE-003;NTE-004;NTE-005;NTE-007;NTE-008;NTE-009","CANONICAL_OBJECT_MAPPING_PENDING","IMPLEMENTATION_RECONCILIATION_PENDING","2026-09-21"
"NCC-F15.01-002","F15","Human Resources / Human Capital","F15.01","People strategy","2","policies","OPERATE","NTE-028","NTE-002;NTE-003;NTE-004;NTE-005;NTE-007;NTE-008;NTE-009","CANONICAL_OBJECT_MAPPING_PENDING","IMPLEMENTATION_RECONCILIATION_PENDING","2026-09-21"
"NCC-F15.01-003","F15","Human Resources / Human Capital","F15.01","People strategy","3","operating model","OPERATE","NTE-028","NTE-002;NTE-003;NTE-004;NTE-005;NTE-007;NTE-008;NTE-009","CANONICAL_OBJECT_MAPPING_PENDING","IMPLEMENTATION_RECONCILIATION_PENDING","2026-09-21"
"NCC-F15.01-004","F15","Human Resources / Human Capital","F15.01","People strategy","4","priorities","PLAN_OPTIMISE","NTE-028","NTE-002;NTE-003;NTE-004;NTE-005;NTE-007;NTE-008;NTE-009","CANONICAL_OBJECT_MAPPING_PENDING","IMPLEMENTATION_RECONCILIATION_PENDING","2026-09-21"
"NCC-F15.02-001","F15","Human Resources / Human Capital","F15.02","Workforce planning","1","Forecast demand","PLAN_OPTIMISE","NTE-028","NTE-002;NTE-003;NTE-004;NTE-005;NTE-007;NTE-008;NTE-009","CANONICAL_OBJECT_MAPPING_PENDING","IMPLEMENTATION_RECONCILIATION_PENDING","2026-09-21"
"NCC-F15.02-002","F15","Human Resources / Human Capital","F15.02","Workforce planning","2","analyse capacity","ANALYSE","NTE-028","NTE-002;NTE-003;NTE-004;NTE-005;NTE-007;NTE-008;NTE-009","CANONICAL_OBJECT_MAPPING_PENDING","IMPLEMENTATION_RECONCILIATION_PENDING","2026-09-21"
"NCC-F15.02-003","F15","Human Resources / Human Capital","F15.02","Workforce planning","3","identify skills gaps","OPERATE","NTE-028","NTE-002;NTE-003;NTE-004;NTE-005;NTE-007;NTE-008;NTE-009","CANONICAL_OBJECT_MAPPING_PENDING","IMPLEMENTATION_RECONCILIATION_PENDING","2026-09-21"
"NCC-F15.02-004","F15","Human Resources / Human Capital","F15.02","Workforce planning","4","develop workforce plan","PLAN_OPTIMISE","NTE-028","NTE-002;NTE-003;NTE-004;NTE-005;NTE-007;NTE-008;NTE-009","CANONICAL_OBJECT_MAPPING_PENDING","IMPLEMENTATION_RECONCILIATION_PENDING","2026-09-21"
"NCC-F15.03-001","F15","Human Resources / Human Capital","F15.03","Organisation design","1","Design organisation","AUTHOR_CREATE","NTE-028","NTE-002;NTE-003;NTE-004;NTE-005;NTE-007;NTE-008;NTE-009","CANONICAL_OBJECT_MAPPING_PENDING","IMPLEMENTATION_RECONCILIATION_PENDING","2026-09-21"
"NCC-F15.03-002","F15","Human Resources / Human Capital","F15.03","Organisation design","2","roles","OPERATE","NTE-028","NTE-002;NTE-003;NTE-004;NTE-005;NTE-007;NTE-008;NTE-009","CANONICAL_OBJECT_MAPPING_PENDING","IMPLEMENTATION_RECONCILIATION_PENDING","2026-09-21"
"NCC-F15.03-003","F15","Human Resources / Human Capital","F15.03","Organisation design","3","reporting structures","OPERATE","NTE-028","NTE-002;NTE-003;NTE-004;NTE-005;NTE-007;NTE-008;NTE-009","CANONICAL_OBJECT_MAPPING_PENDING","IMPLEMENTATION_RECONCILIATION_PENDING","2026-09-21"
"NCC-F15.03-004","F15","Human Resources / Human Capital","F15.03","Organisation design","4","spans/layers","OPERATE","NTE-028","NTE-002;NTE-003;NTE-004;NTE-005;NTE-007;NTE-008;NTE-009","CANONICAL_OBJECT_MAPPING_PENDING","IMPLEMENTATION_RECONCILIATION_PENDING","2026-09-21"
"NCC-F15.04-001","F15","Human Resources / Human Capital","F15.04","Job architecture","1","Define jobs","AUTHOR_CREATE","NTE-028","NTE-002;NTE-003;NTE-004;NTE-005;NTE-007;NTE-008;NTE-009","CANONICAL_OBJECT_MAPPING_PENDING","IMPLEMENTATION_RECONCILIATION_PENDING","2026-09-21"
"NCC-F15.04-002","F15","Human Resources / Human Capital","F15.04","Job architecture","2","grades","OPERATE","NTE-028","NTE-002;NTE-003;NTE-004;NTE-005;NTE-007;NTE-008;NTE-009","CANONICAL_OBJECT_MAPPING_PENDING","IMPLEMENTATION_RECONCILIATION_PENDING","2026-09-21"
"NCC-F15.04-003","F15","Human Resources / Human Capital","F15.04","Job architecture","3","competencies","OPERATE","NTE-028","NTE-002;NTE-003;NTE-004;NTE-005;NTE-007;NTE-008;NTE-009","CANONICAL_OBJECT_MAPPING_PENDING","IMPLEMENTATION_RECONCILIATION_PENDING","2026-09-21"
"NCC-F15.04-004","F15","Human Resources / Human Capital","F15.04","Job architecture","4","career paths","OPERATE","NTE-028","NTE-002;NTE-003;NTE-004;NTE-005;NTE-007;NTE-008;NTE-009","CANONICAL_OBJECT_MAPPING_PENDING","IMPLEMENTATION_RECONCILIATION_PENDING","2026-09-21"
"NCC-F15.05-001","F15","Human Resources / Human Capital","F15.05","Recruitment","1","Create requisition","AUTHOR_CREATE","NTE-028","NTE-002;NTE-003;NTE-004;NTE-005;NTE-007;NTE-008;NTE-009","CANONICAL_OBJECT_MAPPING_PENDING","IMPLEMENTATION_RECONCILIATION_PENDING","2026-09-21"
"NCC-F15.05-002","F15","Human Resources / Human Capital","F15.05","Recruitment","2","advertise","OPERATE","NTE-028","NTE-002;NTE-003;NTE-004;NTE-005;NTE-007;NTE-008;NTE-009","CANONICAL_OBJECT_MAPPING_PENDING","IMPLEMENTATION_RECONCILIATION_PENDING","2026-09-21"
"NCC-F15.05-003","F15","Human Resources / Human Capital","F15.05","Recruitment","3","source","OPERATE","NTE-028","NTE-002;NTE-003;NTE-004;NTE-005;NTE-007;NTE-008;NTE-009","CANONICAL_OBJECT_MAPPING_PENDING","IMPLEMENTATION_RECONCILIATION_PENDING","2026-09-21"
"NCC-F15.05-004","F15","Human Resources / Human Capital","F15.05","Recruitment","4","screen","OPERATE","NTE-028","NTE-002;NTE-003;NTE-004;NTE-005;NTE-007;NTE-008;NTE-009","CANONICAL_OBJECT_MAPPING_PENDING","IMPLEMENTATION_RECONCILIATION_PENDING","2026-09-21"
"NCC-F15.05-005","F15","Human Resources / Human Capital","F15.05","Recruitment","5","interview","OPERATE","NTE-028","NTE-002;NTE-003;NTE-004;NTE-005;NTE-007;NTE-008;NTE-009","CANONICAL_OBJECT_MAPPING_PENDING","IMPLEMENTATION_RECONCILIATION_PENDING","2026-09-21"
"NCC-F15.05-006","F15","Human Resources / Human Capital","F15.05","Recruitment","6","select","OPERATE","NTE-028","NTE-002;NTE-003;NTE-004;NTE-005;NTE-007;NTE-008;NTE-009","CANONICAL_OBJECT_MAPPING_PENDING","IMPLEMENTATION_RECONCILIATION_PENDING","2026-09-21"
"NCC-F15.05-007","F15","Human Resources / Human Capital","F15.05","Recruitment","7","offer","OPERATE","NTE-028","NTE-002;NTE-003;NTE-004;NTE-005;NTE-007;NTE-008;NTE-009","CANONICAL_OBJECT_MAPPING_PENDING","IMPLEMENTATION_RECONCILIATION_PENDING","2026-09-21"
"NCC-F15.06-001","F15","Human Resources / Human Capital","F15.06","Pre-employment","1","Verify identity","ASSURE_VERIFY","NTE-028","NTE-002;NTE-003;NTE-004;NTE-005;NTE-007;NTE-008;NTE-009","CANONICAL_OBJECT_MAPPING_PENDING","IMPLEMENTATION_RECONCILIATION_PENDING","2026-09-21"
"NCC-F15.06-002","F15","Human Resources / Human Capital","F15.06","Pre-employment","2","references","OPERATE","NTE-028","NTE-002;NTE-003;NTE-004;NTE-005;NTE-007;NTE-008;NTE-009","CANONICAL_OBJECT_MAPPING_PENDING","IMPLEMENTATION_RECONCILIATION_PENDING","2026-09-21"
"NCC-F15.06-003","F15","Human Resources / Human Capital","F15.06","Pre-employment","3","qualifications","OPERATE","NTE-028","NTE-002;NTE-003;NTE-004;NTE-005;NTE-007;NTE-008;NTE-009","CANONICAL_OBJECT_MAPPING_PENDING","IMPLEMENTATION_RECONCILIATION_PENDING","2026-09-21"
"NCC-F15.06-004","F15","Human Resources / Human Capital","F15.06","Pre-employment","4","background checks","OPERATE","NTE-028","NTE-002;NTE-003;NTE-004;NTE-005;NTE-007;NTE-008;NTE-009","CANONICAL_OBJECT_MAPPING_PENDING","IMPLEMENTATION_RECONCILIATION_PENDING","2026-09-21"
"NCC-F15.07-001","F15","Human Resources / Human Capital","F15.07","Onboarding","1","Create employee record","AUTHOR_CREATE","NTE-028","NTE-002;NTE-003;NTE-004;NTE-005;NTE-007;NTE-008;NTE-009","CANONICAL_OBJECT_MAPPING_PENDING","IMPLEMENTATION_RECONCILIATION_PENDING","2026-09-21"
"NCC-F15.07-002","F15","Human Resources / Human Capital","F15.07","Onboarding","2","issue equipment","OPERATE","NTE-028","NTE-002;NTE-003;NTE-004;NTE-005;NTE-007;NTE-008;NTE-009","CANONICAL_OBJECT_MAPPING_PENDING","IMPLEMENTATION_RECONCILIATION_PENDING","2026-09-21"
"NCC-F15.07-003","F15","Human Resources / Human Capital","F15.07","Onboarding","3","induction","OPERATE","NTE-028","NTE-002;NTE-003;NTE-004;NTE-005;NTE-007;NTE-008;NTE-009","CANONICAL_OBJECT_MAPPING_PENDING","IMPLEMENTATION_RECONCILIATION_PENDING","2026-09-21"
"NCC-F15.07-004","F15","Human Resources / Human Capital","F15.07","Onboarding","4","mandatory training","OPERATE","NTE-028","NTE-002;NTE-003;NTE-004;NTE-005;NTE-007;NTE-008;NTE-009","CANONICAL_OBJECT_MAPPING_PENDING","IMPLEMENTATION_RECONCILIATION_PENDING","2026-09-21"
"NCC-F15.08-001","F15","Human Resources / Human Capital","F15.08","Employee administration","1","Maintain personal/job information","OPERATE","NTE-028","NTE-002;NTE-003;NTE-004;NTE-005;NTE-007;NTE-008;NTE-009","CANONICAL_OBJECT_MAPPING_PENDING","IMPLEMENTATION_RECONCILIATION_PENDING","2026-09-21"
"NCC-F15.08-002","F15","Human Resources / Human Capital","F15.08","Employee administration","2","process transfers","TRANSACT_EXECUTE","NTE-028","NTE-002;NTE-003;NTE-004;NTE-005;NTE-007;NTE-008;NTE-009","CANONICAL_OBJECT_MAPPING_PENDING","IMPLEMENTATION_RECONCILIATION_PENDING","2026-09-21"
"NCC-F15.08-003","F15","Human Resources / Human Capital","F15.08","Employee administration","3","promotions","OPERATE","NTE-028","NTE-002;NTE-003;NTE-004;NTE-005;NTE-007;NTE-008;NTE-009","CANONICAL_OBJECT_MAPPING_PENDING","IMPLEMENTATION_RECONCILIATION_PENDING","2026-09-21"
"NCC-F15.08-004","F15","Human Resources / Human Capital","F15.08","Employee administration","4","status changes","OPERATE","NTE-028","NTE-002;NTE-003;NTE-004;NTE-005;NTE-007;NTE-008;NTE-009","CANONICAL_OBJECT_MAPPING_PENDING","IMPLEMENTATION_RECONCILIATION_PENDING","2026-09-21"
"NCC-F15.09-001","F15","Human Resources / Human Capital","F15.09","Time & attendance","1","Record hours","OPERATE","NTE-028","NTE-002;NTE-003;NTE-004;NTE-005;NTE-007;NTE-008;NTE-009","CANONICAL_OBJECT_MAPPING_PENDING","IMPLEMENTATION_RECONCILIATION_PENDING","2026-09-21"
"NCC-F15.09-002","F15","Human Resources / Human Capital","F15.09","Time & attendance","2","shifts","OPERATE","NTE-028","NTE-002;NTE-003;NTE-004;NTE-005;NTE-007;NTE-008;NTE-009","CANONICAL_OBJECT_MAPPING_PENDING","IMPLEMENTATION_RECONCILIATION_PENDING","2026-09-21"
"NCC-F15.09-003","F15","Human Resources / Human Capital","F15.09","Time & attendance","3","overtime","OPERATE","NTE-028","NTE-002;NTE-003;NTE-004;NTE-005;NTE-007;NTE-008;NTE-009","CANONICAL_OBJECT_MAPPING_PENDING","IMPLEMENTATION_RECONCILIATION_PENDING","2026-09-21"
"NCC-F15.09-004","F15","Human Resources / Human Capital","F15.09","Time & attendance","4","absence","OPERATE","NTE-028","NTE-002;NTE-003;NTE-004;NTE-005;NTE-007;NTE-008;NTE-009","CANONICAL_OBJECT_MAPPING_PENDING","IMPLEMENTATION_RECONCILIATION_PENDING","2026-09-21"
"NCC-F15.09-005","F15","Human Resources / Human Capital","F15.09","Time & attendance","5","approve timesheets","GOVERN_DECIDE","NTE-028","NTE-002;NTE-003;NTE-004;NTE-005;NTE-007;NTE-008;NTE-009","CANONICAL_OBJECT_MAPPING_PENDING","IMPLEMENTATION_RECONCILIATION_PENDING","2026-09-21"
"NCC-F15.10-001","F15","Human Resources / Human Capital","F15.10","Payroll","1","Calculate pay","ANALYSE","NTE-028","NTE-002;NTE-003;NTE-004;NTE-005;NTE-007;NTE-008;NTE-009","CANONICAL_OBJECT_MAPPING_PENDING","IMPLEMENTATION_RECONCILIATION_PENDING","2026-09-21"
"NCC-F15.10-002","F15","Human Resources / Human Capital","F15.10","Payroll","2","deductions","OPERATE","NTE-028","NTE-002;NTE-003;NTE-004;NTE-005;NTE-007;NTE-008;NTE-009","CANONICAL_OBJECT_MAPPING_PENDING","IMPLEMENTATION_RECONCILIATION_PENDING","2026-09-21"
"NCC-F15.10-003","F15","Human Resources / Human Capital","F15.10","Payroll","3","tax","OPERATE","NTE-028","NTE-002;NTE-003;NTE-004;NTE-005;NTE-007;NTE-008;NTE-009","CANONICAL_OBJECT_MAPPING_PENDING","IMPLEMENTATION_RECONCILIATION_PENDING","2026-09-21"
"NCC-F15.10-004","F15","Human Resources / Human Capital","F15.10","Payroll","4","approve","GOVERN_DECIDE","NTE-028","NTE-002;NTE-003;NTE-004;NTE-005;NTE-007;NTE-008;NTE-009","CANONICAL_OBJECT_MAPPING_PENDING","IMPLEMENTATION_RECONCILIATION_PENDING","2026-09-21"
"NCC-F15.10-005","F15","Human Resources / Human Capital","F15.10","Payroll","5","pay employee","TRANSACT_EXECUTE","NTE-028","NTE-002;NTE-003;NTE-004;NTE-005;NTE-007;NTE-008;NTE-009","CANONICAL_OBJECT_MAPPING_PENDING","IMPLEMENTATION_RECONCILIATION_PENDING","2026-09-21"
"NCC-F15.10-006","F15","Human Resources / Human Capital","F15.10","Payroll","6","reconcile","OPERATE","NTE-028","NTE-002;NTE-003;NTE-004;NTE-005;NTE-007;NTE-008;NTE-009","CANONICAL_OBJECT_MAPPING_PENDING","IMPLEMENTATION_RECONCILIATION_PENDING","2026-09-21"
"NCC-F15.11-001","F15","Human Resources / Human Capital","F15.11","Compensation","1","Benchmark roles","OPERATE","NTE-028","NTE-002;NTE-003;NTE-004;NTE-005;NTE-007;NTE-008;NTE-009","CANONICAL_OBJECT_MAPPING_PENDING","IMPLEMENTATION_RECONCILIATION_PENDING","2026-09-21"
"NCC-F15.11-002","F15","Human Resources / Human Capital","F15.11","Compensation","2","establish salary ranges","AUTHOR_CREATE","NTE-028","NTE-002;NTE-003;NTE-004;NTE-005;NTE-007;NTE-008;NTE-009","CANONICAL_OBJECT_MAPPING_PENDING","IMPLEMENTATION_RECONCILIATION_PENDING","2026-09-21"
"NCC-F15.11-003","F15","Human Resources / Human Capital","F15.11","Compensation","3","review salaries","OPERATE","NTE-028","NTE-002;NTE-003;NTE-004;NTE-005;NTE-007;NTE-008;NTE-009","CANONICAL_OBJECT_MAPPING_PENDING","IMPLEMENTATION_RECONCILIATION_PENDING","2026-09-21"
"NCC-F15.11-004","F15","Human Resources / Human Capital","F15.11","Compensation","4","administer bonuses","OPERATE","NTE-028","NTE-002;NTE-003;NTE-004;NTE-005;NTE-007;NTE-008;NTE-009","CANONICAL_OBJECT_MAPPING_PENDING","IMPLEMENTATION_RECONCILIATION_PENDING","2026-09-21"
"NCC-F15.12-001","F15","Human Resources / Human Capital","F15.12","Benefits","1","Enrol employees","OPERATE","NTE-028;NTE-013","NTE-002;NTE-003;NTE-004;NTE-005;NTE-007;NTE-008;NTE-009","CANONICAL_OBJECT_MAPPING_PENDING","IMPLEMENTATION_RECONCILIATION_PENDING","2026-09-21"
"NCC-F15.12-002","F15","Human Resources / Human Capital","F15.12","Benefits","2","administer pensions/insurance/benefits","OPERATE","NTE-028;NTE-013","NTE-002;NTE-003;NTE-004;NTE-005;NTE-007;NTE-008;NTE-009","CANONICAL_OBJECT_MAPPING_PENDING","IMPLEMENTATION_RECONCILIATION_PENDING","2026-09-21"
"NCC-F15.12-003","F15","Human Resources / Human Capital","F15.12","Benefits","3","process changes","OPERATE","NTE-028;NTE-013","NTE-002;NTE-003;NTE-004;NTE-005;NTE-007;NTE-008;NTE-009","CANONICAL_OBJECT_MAPPING_PENDING","IMPLEMENTATION_RECONCILIATION_PENDING","2026-09-21"
"NCC-F15.13-001","F15","Human Resources / Human Capital","F15.13","Performance management","1","Set objectives","OPERATE","NTE-028;NTE-033","NTE-002;NTE-003;NTE-004;NTE-005;NTE-007;NTE-008;NTE-009","CANONICAL_OBJECT_MAPPING_PENDING","IMPLEMENTATION_RECONCILIATION_PENDING","2026-09-21"
"NCC-F15.13-002","F15","Human Resources / Human Capital","F15.13","Performance management","2","check-in","OPERATE","NTE-028;NTE-033","NTE-002;NTE-003;NTE-004;NTE-005;NTE-007;NTE-008;NTE-009","CANONICAL_OBJECT_MAPPING_PENDING","IMPLEMENTATION_RECONCILIATION_PENDING","2026-09-21"
"NCC-F15.13-003","F15","Human Resources / Human Capital","F15.13","Performance management","3","assess performance","ANALYSE","NTE-028;NTE-033","NTE-002;NTE-003;NTE-004;NTE-005;NTE-007;NTE-008;NTE-009","CANONICAL_OBJECT_MAPPING_PENDING","IMPLEMENTATION_RECONCILIATION_PENDING","2026-09-21"
"NCC-F15.13-004","F15","Human Resources / Human Capital","F15.13","Performance management","4","calibrate","OPERATE","NTE-028;NTE-033","NTE-002;NTE-003;NTE-004;NTE-005;NTE-007;NTE-008;NTE-009","CANONICAL_OBJECT_MAPPING_PENDING","IMPLEMENTATION_RECONCILIATION_PENDING","2026-09-21"
"NCC-F15.13-005","F15","Human Resources / Human Capital","F15.13","Performance management","5","rate performance","OPERATE","NTE-028;NTE-033","NTE-002;NTE-003;NTE-004;NTE-005;NTE-007;NTE-008;NTE-009","CANONICAL_OBJECT_MAPPING_PENDING","IMPLEMENTATION_RECONCILIATION_PENDING","2026-09-21"
"NCC-F15.14-001","F15","Human Resources / Human Capital","F15.14","Learning & development","1","Identify needs","OPERATE","NTE-028","NTE-002;NTE-003;NTE-004;NTE-005;NTE-007;NTE-008;NTE-009","CANONICAL_OBJECT_MAPPING_PENDING","IMPLEMENTATION_RECONCILIATION_PENDING","2026-09-21"
"NCC-F15.14-002","F15","Human Resources / Human Capital","F15.14","Learning & development","2","create courses","AUTHOR_CREATE","NTE-028","NTE-002;NTE-003;NTE-004;NTE-005;NTE-007;NTE-008;NTE-009","CANONICAL_OBJECT_MAPPING_PENDING","IMPLEMENTATION_RECONCILIATION_PENDING","2026-09-21"
"NCC-F15.14-003","F15","Human Resources / Human Capital","F15.14","Learning & development","3","enrol learners","OPERATE","NTE-028","NTE-002;NTE-003;NTE-004;NTE-005;NTE-007;NTE-008;NTE-009","CANONICAL_OBJECT_MAPPING_PENDING","IMPLEMENTATION_RECONCILIATION_PENDING","2026-09-21"
"NCC-F15.14-004","F15","Human Resources / Human Capital","F15.14","Learning & development","4","deliver training","OPERATE","NTE-028","NTE-002;NTE-003;NTE-004;NTE-005;NTE-007;NTE-008;NTE-009","CANONICAL_OBJECT_MAPPING_PENDING","IMPLEMENTATION_RECONCILIATION_PENDING","2026-09-21"
"NCC-F15.14-005","F15","Human Resources / Human Capital","F15.14","Learning & development","5","assess competence","ANALYSE","NTE-028","NTE-002;NTE-003;NTE-004;NTE-005;NTE-007;NTE-008;NTE-009","CANONICAL_OBJECT_MAPPING_PENDING","IMPLEMENTATION_RECONCILIATION_PENDING","2026-09-21"
"NCC-F15.15-001","F15","Human Resources / Human Capital","F15.15","Talent management","1","Identify talent","OPERATE","NTE-028","NTE-002;NTE-003;NTE-004;NTE-005;NTE-007;NTE-008;NTE-009","CANONICAL_OBJECT_MAPPING_PENDING","IMPLEMENTATION_RECONCILIATION_PENDING","2026-09-21"
"NCC-F15.15-002","F15","Human Resources / Human Capital","F15.15","Talent management","2","succession planning","PLAN_OPTIMISE","NTE-028","NTE-002;NTE-003;NTE-004;NTE-005;NTE-007;NTE-008;NTE-009","CANONICAL_OBJECT_MAPPING_PENDING","IMPLEMENTATION_RECONCILIATION_PENDING","2026-09-21"
"NCC-F15.15-003","F15","Human Resources / Human Capital","F15.15","Talent management","3","career development","AUTHOR_CREATE","NTE-028","NTE-002;NTE-003;NTE-004;NTE-005;NTE-007;NTE-008;NTE-009","CANONICAL_OBJECT_MAPPING_PENDING","IMPLEMENTATION_RECONCILIATION_PENDING","2026-09-21"
"NCC-F15.15-004","F15","Human Resources / Human Capital","F15.15","Talent management","4","mobility","OPERATE","NTE-028","NTE-002;NTE-003;NTE-004;NTE-005;NTE-007;NTE-008;NTE-009","CANONICAL_OBJECT_MAPPING_PENDING","IMPLEMENTATION_RECONCILIATION_PENDING","2026-09-21"
"NCC-F15.16-001","F15","Human Resources / Human Capital","F15.16","Employee engagement","1","Conduct surveys","OPERATE","NTE-028","NTE-002;NTE-003;NTE-004;NTE-005;NTE-007;NTE-008;NTE-009","CANONICAL_OBJECT_MAPPING_PENDING","IMPLEMENTATION_RECONCILIATION_PENDING","2026-09-21"
"NCC-F15.16-002","F15","Human Resources / Human Capital","F15.16","Employee engagement","2","analyse sentiment","ANALYSE","NTE-028","NTE-002;NTE-003;NTE-004;NTE-005;NTE-007;NTE-008;NTE-009","CANONICAL_OBJECT_MAPPING_PENDING","IMPLEMENTATION_RECONCILIATION_PENDING","2026-09-21"
"NCC-F15.16-003","F15","Human Resources / Human Capital","F15.16","Employee engagement","3","develop engagement actions","AUTHOR_CREATE","NTE-028","NTE-002;NTE-003;NTE-004;NTE-005;NTE-007;NTE-008;NTE-009","CANONICAL_OBJECT_MAPPING_PENDING","IMPLEMENTATION_RECONCILIATION_PENDING","2026-09-21"
"NCC-F15.17-001","F15","Human Resources / Human Capital","F15.17","Employee relations","1","Manage grievances","OPERATE","NTE-028","NTE-002;NTE-003;NTE-004;NTE-005;NTE-007;NTE-008;NTE-009","CANONICAL_OBJECT_MAPPING_PENDING","IMPLEMENTATION_RECONCILIATION_PENDING","2026-09-21"
"NCC-F15.17-002","F15","Human Resources / Human Capital","F15.17","Employee relations","2","disciplinary action","OPERATE","NTE-028","NTE-002;NTE-003;NTE-004;NTE-005;NTE-007;NTE-008;NTE-009","CANONICAL_OBJECT_MAPPING_PENDING","IMPLEMENTATION_RECONCILIATION_PENDING","2026-09-21"
"NCC-F15.17-003","F15","Human Resources / Human Capital","F15.17","Employee relations","3","disputes","OPERATE","NTE-028","NTE-002;NTE-003;NTE-004;NTE-005;NTE-007;NTE-008;NTE-009","CANONICAL_OBJECT_MAPPING_PENDING","IMPLEMENTATION_RECONCILIATION_PENDING","2026-09-21"
"NCC-F15.17-004","F15","Human Resources / Human Capital","F15.17","Employee relations","4","consultation","OPERATE","NTE-028","NTE-002;NTE-003;NTE-004;NTE-005;NTE-007;NTE-008;NTE-009","CANONICAL_OBJECT_MAPPING_PENDING","IMPLEMENTATION_RECONCILIATION_PENDING","2026-09-21"
"NCC-F15.18-001","F15","Human Resources / Human Capital","F15.18","Absence management","1","Record absence","OPERATE","NTE-028","NTE-002;NTE-003;NTE-004;NTE-005;NTE-007;NTE-008;NTE-009","CANONICAL_OBJECT_MAPPING_PENDING","IMPLEMENTATION_RECONCILIATION_PENDING","2026-09-21"
"NCC-F15.18-002","F15","Human Resources / Human Capital","F15.18","Absence management","2","manage return-to-work","OPERATE","NTE-028","NTE-002;NTE-003;NTE-004;NTE-005;NTE-007;NTE-008;NTE-009","CANONICAL_OBJECT_MAPPING_PENDING","IMPLEMENTATION_RECONCILIATION_PENDING","2026-09-21"
"NCC-F15.18-003","F15","Human Resources / Human Capital","F15.18","Absence management","3","monitor trends","ANALYSE","NTE-028","NTE-002;NTE-003;NTE-004;NTE-005;NTE-007;NTE-008;NTE-009","CANONICAL_OBJECT_MAPPING_PENDING","IMPLEMENTATION_RECONCILIATION_PENDING","2026-09-21"
"NCC-F15.19-001","F15","Human Resources / Human Capital","F15.19","Offboarding","1","Record resignation","OPERATE","NTE-028","NTE-002;NTE-003;NTE-004;NTE-005;NTE-007;NTE-008;NTE-009","CANONICAL_OBJECT_MAPPING_PENDING","IMPLEMENTATION_RECONCILIATION_PENDING","2026-09-21"
"NCC-F15.19-002","F15","Human Resources / Human Capital","F15.19","Offboarding","2","retrieve assets","OPERATE","NTE-028","NTE-002;NTE-003;NTE-004;NTE-005;NTE-007;NTE-008;NTE-009","CANONICAL_OBJECT_MAPPING_PENDING","IMPLEMENTATION_RECONCILIATION_PENDING","2026-09-21"
"NCC-F15.19-003","F15","Human Resources / Human Capital","F15.19","Offboarding","3","revoke access","OPERATE","NTE-028","NTE-002;NTE-003;NTE-004;NTE-005;NTE-007;NTE-008;NTE-009","CANONICAL_OBJECT_MAPPING_PENDING","IMPLEMENTATION_RECONCILIATION_PENDING","2026-09-21"
"NCC-F15.19-004","F15","Human Resources / Human Capital","F15.19","Offboarding","4","final pay","TRANSACT_EXECUTE","NTE-028","NTE-002;NTE-003;NTE-004;NTE-005;NTE-007;NTE-008;NTE-009","CANONICAL_OBJECT_MAPPING_PENDING","IMPLEMENTATION_RECONCILIATION_PENDING","2026-09-21"
"NCC-F15.19-005","F15","Human Resources / Human Capital","F15.19","Offboarding","5","exit interview","OPERATE","NTE-028","NTE-002;NTE-003;NTE-004;NTE-005;NTE-007;NTE-008;NTE-009","CANONICAL_OBJECT_MAPPING_PENDING","IMPLEMENTATION_RECONCILIATION_PENDING","2026-09-21"
"NCC-F15.20-001","F15","Human Resources / Human Capital","F15.20","HR analytics","1","Analyse headcount","ANALYSE","NTE-028;NTE-033","NTE-002;NTE-003;NTE-004;NTE-005;NTE-007;NTE-008;NTE-009","CANONICAL_OBJECT_MAPPING_PENDING","IMPLEMENTATION_RECONCILIATION_PENDING","2026-09-21"
"NCC-F15.20-002","F15","Human Resources / Human Capital","F15.20","HR analytics","2","turnover","OPERATE","NTE-028;NTE-033","NTE-002;NTE-003;NTE-004;NTE-005;NTE-007;NTE-008;NTE-009","CANONICAL_OBJECT_MAPPING_PENDING","IMPLEMENTATION_RECONCILIATION_PENDING","2026-09-21"
"NCC-F15.20-003","F15","Human Resources / Human Capital","F15.20","HR analytics","3","absence","OPERATE","NTE-028;NTE-033","NTE-002;NTE-003;NTE-004;NTE-005;NTE-007;NTE-008;NTE-009","CANONICAL_OBJECT_MAPPING_PENDING","IMPLEMENTATION_RECONCILIATION_PENDING","2026-09-21"
"NCC-F15.20-004","F15","Human Resources / Human Capital","F15.20","HR analytics","4","diversity","OPERATE","NTE-028;NTE-033","NTE-002;NTE-003;NTE-004;NTE-005;NTE-007;NTE-008;NTE-009","CANONICAL_OBJECT_MAPPING_PENDING","IMPLEMENTATION_RECONCILIATION_PENDING","2026-09-21"
"NCC-F15.20-005","F15","Human Resources / Human Capital","F15.20","HR analytics","5","productivity","OPERATE","NTE-028;NTE-033","NTE-002;NTE-003;NTE-004;NTE-005;NTE-007;NTE-008;NTE-009","CANONICAL_OBJECT_MAPPING_PENDING","IMPLEMENTATION_RECONCILIATION_PENDING","2026-09-21"
"NCC-F15.20-006","F15","Human Resources / Human Capital","F15.20","HR analytics","6","workforce cost","OPERATE","NTE-028;NTE-033","NTE-002;NTE-003;NTE-004;NTE-005;NTE-007;NTE-008;NTE-009","CANONICAL_OBJECT_MAPPING_PENDING","IMPLEMENTATION_RECONCILIATION_PENDING","2026-09-21"
"NCC-F16.01-001","F16","Information Technology","F16.01","IT strategy","1","Define technology strategy","AUTHOR_CREATE","NTE-029;NTE-030","NTE-002;NTE-003;NTE-004;NTE-005;NTE-007;NTE-008;NTE-009","CANONICAL_OBJECT_MAPPING_PENDING","IMPLEMENTATION_RECONCILIATION_PENDING","2026-09-21"
"NCC-F16.01-002","F16","Information Technology","F16.01","IT strategy","2","principles","OPERATE","NTE-029;NTE-030","NTE-002;NTE-003;NTE-004;NTE-005;NTE-007;NTE-008;NTE-009","CANONICAL_OBJECT_MAPPING_PENDING","IMPLEMENTATION_RECONCILIATION_PENDING","2026-09-21"
"NCC-F16.01-003","F16","Information Technology","F16.01","IT strategy","3","roadmap","AUTHOR_CREATE","NTE-029;NTE-030","NTE-002;NTE-003;NTE-004;NTE-005;NTE-007;NTE-008;NTE-009","CANONICAL_OBJECT_MAPPING_PENDING","IMPLEMENTATION_RECONCILIATION_PENDING","2026-09-21"
"NCC-F16.01-004","F16","Information Technology","F16.01","IT strategy","4","investment priorities","PLAN_OPTIMISE","NTE-029;NTE-030","NTE-002;NTE-003;NTE-004;NTE-005;NTE-007;NTE-008;NTE-009","CANONICAL_OBJECT_MAPPING_PENDING","IMPLEMENTATION_RECONCILIATION_PENDING","2026-09-21"
"NCC-F16.02-001","F16","Information Technology","F16.02","Enterprise architecture","1","Define business/data/application/technology architecture","AUTHOR_CREATE","NTE-029;NTE-030","NTE-002;NTE-003;NTE-004;NTE-005;NTE-007;NTE-008;NTE-009","CANONICAL_OBJECT_MAPPING_PENDING","IMPLEMENTATION_RECONCILIATION_PENDING","2026-09-21"
"NCC-F16.02-002","F16","Information Technology","F16.02","Enterprise architecture","2","standards","OPERATE","NTE-029;NTE-030","NTE-002;NTE-003;NTE-004;NTE-005;NTE-007;NTE-008;NTE-009","CANONICAL_OBJECT_MAPPING_PENDING","IMPLEMENTATION_RECONCILIATION_PENDING","2026-09-21"
"NCC-F16.02-003","F16","Information Technology","F16.02","Enterprise architecture","3","target state","OPERATE","NTE-029;NTE-030","NTE-002;NTE-003;NTE-004;NTE-005;NTE-007;NTE-008;NTE-009","CANONICAL_OBJECT_MAPPING_PENDING","IMPLEMENTATION_RECONCILIATION_PENDING","2026-09-21"
"NCC-F16.03-001","F16","Information Technology","F16.03","Solution architecture","1","Assess requirements","ANALYSE","NTE-029;NTE-030","NTE-002;NTE-003;NTE-004;NTE-005;NTE-007;NTE-008;NTE-009","CANONICAL_OBJECT_MAPPING_PENDING","IMPLEMENTATION_RECONCILIATION_PENDING","2026-09-21"
"NCC-F16.03-002","F16","Information Technology","F16.03","Solution architecture","2","design solution","AUTHOR_CREATE","NTE-029;NTE-030","NTE-002;NTE-003;NTE-004;NTE-005;NTE-007;NTE-008;NTE-009","CANONICAL_OBJECT_MAPPING_PENDING","IMPLEMENTATION_RECONCILIATION_PENDING","2026-09-21"
"NCC-F16.03-003","F16","Information Technology","F16.03","Solution architecture","3","review architecture","OPERATE","NTE-029;NTE-030","NTE-002;NTE-003;NTE-004;NTE-005;NTE-007;NTE-008;NTE-009","CANONICAL_OBJECT_MAPPING_PENDING","IMPLEMENTATION_RECONCILIATION_PENDING","2026-09-21"
"NCC-F16.03-004","F16","Information Technology","F16.03","Solution architecture","4","approve design","GOVERN_DECIDE","NTE-029;NTE-030","NTE-002;NTE-003;NTE-004;NTE-005;NTE-007;NTE-008;NTE-009","CANONICAL_OBJECT_MAPPING_PENDING","IMPLEMENTATION_RECONCILIATION_PENDING","2026-09-21"
"NCC-F16.04-001","F16","Information Technology","F16.04","Application management","1","Acquire/build","AUTHOR_CREATE","NTE-029;NTE-030","NTE-002;NTE-003;NTE-004;NTE-005;NTE-007;NTE-008;NTE-009","CANONICAL_OBJECT_MAPPING_PENDING","IMPLEMENTATION_RECONCILIATION_PENDING","2026-09-21"
"NCC-F16.04-002","F16","Information Technology","F16.04","Application management","2","configure","AUTHOR_CREATE","NTE-029;NTE-030","NTE-002;NTE-003;NTE-004;NTE-005;NTE-007;NTE-008;NTE-009","CANONICAL_OBJECT_MAPPING_PENDING","IMPLEMENTATION_RECONCILIATION_PENDING","2026-09-21"
"NCC-F16.04-003","F16","Information Technology","F16.04","Application management","3","test","ASSURE_VERIFY","NTE-029;NTE-030","NTE-002;NTE-003;NTE-004;NTE-005;NTE-007;NTE-008;NTE-009","CANONICAL_OBJECT_MAPPING_PENDING","IMPLEMENTATION_RECONCILIATION_PENDING","2026-09-21"
"NCC-F16.04-004","F16","Information Technology","F16.04","Application management","4","deploy","OPERATE","NTE-029;NTE-030","NTE-002;NTE-003;NTE-004;NTE-005;NTE-007;NTE-008;NTE-009","CANONICAL_OBJECT_MAPPING_PENDING","IMPLEMENTATION_RECONCILIATION_PENDING","2026-09-21"
"NCC-F16.04-005","F16","Information Technology","F16.04","Application management","5","maintain","OPERATE","NTE-029;NTE-030","NTE-002;NTE-003;NTE-004;NTE-005;NTE-007;NTE-008;NTE-009","CANONICAL_OBJECT_MAPPING_PENDING","IMPLEMENTATION_RECONCILIATION_PENDING","2026-09-21"
"NCC-F16.04-006","F16","Information Technology","F16.04","Application management","6","retire applications","OPERATE","NTE-029;NTE-030","NTE-002;NTE-003;NTE-004;NTE-005;NTE-007;NTE-008;NTE-009","CANONICAL_OBJECT_MAPPING_PENDING","IMPLEMENTATION_RECONCILIATION_PENDING","2026-09-21"
"NCC-F16.05-001","F16","Information Technology","F16.05","Software development","1","Analyse requirements","ANALYSE","NTE-029;NTE-030","NTE-002;NTE-003;NTE-004;NTE-005;NTE-007;NTE-008;NTE-009","CANONICAL_OBJECT_MAPPING_PENDING","IMPLEMENTATION_RECONCILIATION_PENDING","2026-09-21"
"NCC-F16.05-002","F16","Information Technology","F16.05","Software development","2","code","OPERATE","NTE-029;NTE-030","NTE-002;NTE-003;NTE-004;NTE-005;NTE-007;NTE-008;NTE-009","CANONICAL_OBJECT_MAPPING_PENDING","IMPLEMENTATION_RECONCILIATION_PENDING","2026-09-21"
"NCC-F16.05-003","F16","Information Technology","F16.05","Software development","3","review","OPERATE","NTE-029;NTE-030","NTE-002;NTE-003;NTE-004;NTE-005;NTE-007;NTE-008;NTE-009","CANONICAL_OBJECT_MAPPING_PENDING","IMPLEMENTATION_RECONCILIATION_PENDING","2026-09-21"
"NCC-F16.05-004","F16","Information Technology","F16.05","Software development","4","test","ASSURE_VERIFY","NTE-029;NTE-030","NTE-002;NTE-003;NTE-004;NTE-005;NTE-007;NTE-008;NTE-009","CANONICAL_OBJECT_MAPPING_PENDING","IMPLEMENTATION_RECONCILIATION_PENDING","2026-09-21"
"NCC-F16.05-005","F16","Information Technology","F16.05","Software development","5","release","TRANSACT_EXECUTE","NTE-029;NTE-030","NTE-002;NTE-003;NTE-004;NTE-005;NTE-007;NTE-008;NTE-009","CANONICAL_OBJECT_MAPPING_PENDING","IMPLEMENTATION_RECONCILIATION_PENDING","2026-09-21"
"NCC-F16.05-006","F16","Information Technology","F16.05","Software development","6","maintain","OPERATE","NTE-029;NTE-030","NTE-002;NTE-003;NTE-004;NTE-005;NTE-007;NTE-008;NTE-009","CANONICAL_OBJECT_MAPPING_PENDING","IMPLEMENTATION_RECONCILIATION_PENDING","2026-09-21"
"NCC-F16.06-001","F16","Information Technology","F16.06","DevOps","1","Build pipelines","AUTHOR_CREATE","NTE-029;NTE-030","NTE-002;NTE-003;NTE-004;NTE-005;NTE-007;NTE-008;NTE-009","CANONICAL_OBJECT_MAPPING_PENDING","IMPLEMENTATION_RECONCILIATION_PENDING","2026-09-21"
"NCC-F16.06-002","F16","Information Technology","F16.06","DevOps","2","automate tests","ASSURE_VERIFY","NTE-029;NTE-030","NTE-002;NTE-003;NTE-004;NTE-005;NTE-007;NTE-008;NTE-009","CANONICAL_OBJECT_MAPPING_PENDING","IMPLEMENTATION_RECONCILIATION_PENDING","2026-09-21"
"NCC-F16.06-003","F16","Information Technology","F16.06","DevOps","3","deploy releases","TRANSACT_EXECUTE","NTE-029;NTE-030","NTE-002;NTE-003;NTE-004;NTE-005;NTE-007;NTE-008;NTE-009","CANONICAL_OBJECT_MAPPING_PENDING","IMPLEMENTATION_RECONCILIATION_PENDING","2026-09-21"
"NCC-F16.06-004","F16","Information Technology","F16.06","DevOps","4","manage environments","OPERATE","NTE-029;NTE-030","NTE-002;NTE-003;NTE-004;NTE-005;NTE-007;NTE-008;NTE-009","CANONICAL_OBJECT_MAPPING_PENDING","IMPLEMENTATION_RECONCILIATION_PENDING","2026-09-21"
"NCC-F16.07-001","F16","Information Technology","F16.07","Infrastructure","1","Provision servers/cloud/network/storage","OPERATE","NTE-029;NTE-030","NTE-002;NTE-003;NTE-004;NTE-005;NTE-007;NTE-008;NTE-009","CANONICAL_OBJECT_MAPPING_PENDING","IMPLEMENTATION_RECONCILIATION_PENDING","2026-09-21"
"NCC-F16.07-002","F16","Information Technology","F16.07","Infrastructure","2","configure","AUTHOR_CREATE","NTE-029;NTE-030","NTE-002;NTE-003;NTE-004;NTE-005;NTE-007;NTE-008;NTE-009","CANONICAL_OBJECT_MAPPING_PENDING","IMPLEMENTATION_RECONCILIATION_PENDING","2026-09-21"
"NCC-F16.07-003","F16","Information Technology","F16.07","Infrastructure","3","monitor","ANALYSE","NTE-029;NTE-030","NTE-002;NTE-003;NTE-004;NTE-005;NTE-007;NTE-008;NTE-009","CANONICAL_OBJECT_MAPPING_PENDING","IMPLEMENTATION_RECONCILIATION_PENDING","2026-09-21"
"NCC-F16.07-004","F16","Information Technology","F16.07","Infrastructure","4","maintain","OPERATE","NTE-029;NTE-030","NTE-002;NTE-003;NTE-004;NTE-005;NTE-007;NTE-008;NTE-009","CANONICAL_OBJECT_MAPPING_PENDING","IMPLEMENTATION_RECONCILIATION_PENDING","2026-09-21"
"NCC-F16.08-001","F16","Information Technology","F16.08","Cloud management","1","Provision services","OPERATE","NTE-029;NTE-030","NTE-002;NTE-003;NTE-004;NTE-005;NTE-007;NTE-008;NTE-009","CANONICAL_OBJECT_MAPPING_PENDING","IMPLEMENTATION_RECONCILIATION_PENDING","2026-09-21"
"NCC-F16.08-002","F16","Information Technology","F16.08","Cloud management","2","govern subscriptions","OPERATE","NTE-029;NTE-030","NTE-002;NTE-003;NTE-004;NTE-005;NTE-007;NTE-008;NTE-009","CANONICAL_OBJECT_MAPPING_PENDING","IMPLEMENTATION_RECONCILIATION_PENDING","2026-09-21"
"NCC-F16.08-003","F16","Information Technology","F16.08","Cloud management","3","manage cost","OPERATE","NTE-029;NTE-030","NTE-002;NTE-003;NTE-004;NTE-005;NTE-007;NTE-008;NTE-009","CANONICAL_OBJECT_MAPPING_PENDING","IMPLEMENTATION_RECONCILIATION_PENDING","2026-09-21"
"NCC-F16.08-004","F16","Information Technology","F16.08","Cloud management","4","optimise resources","PLAN_OPTIMISE","NTE-029;NTE-030","NTE-002;NTE-003;NTE-004;NTE-005;NTE-007;NTE-008;NTE-009","CANONICAL_OBJECT_MAPPING_PENDING","IMPLEMENTATION_RECONCILIATION_PENDING","2026-09-21"
"NCC-F16.09-001","F16","Information Technology","F16.09","Network management","1","Configure network","AUTHOR_CREATE","NTE-029;NTE-030","NTE-002;NTE-003;NTE-004;NTE-005;NTE-007;NTE-008;NTE-009","CANONICAL_OBJECT_MAPPING_PENDING","IMPLEMENTATION_RECONCILIATION_PENDING","2026-09-21"
"NCC-F16.09-002","F16","Information Technology","F16.09","Network management","2","monitor availability","ANALYSE","NTE-029;NTE-030","NTE-002;NTE-003;NTE-004;NTE-005;NTE-007;NTE-008;NTE-009","CANONICAL_OBJECT_MAPPING_PENDING","IMPLEMENTATION_RECONCILIATION_PENDING","2026-09-21"
"NCC-F16.09-003","F16","Information Technology","F16.09","Network management","3","troubleshoot","OPERATE","NTE-029;NTE-030","NTE-002;NTE-003;NTE-004;NTE-005;NTE-007;NTE-008;NTE-009","CANONICAL_OBJECT_MAPPING_PENDING","IMPLEMENTATION_RECONCILIATION_PENDING","2026-09-21"
"NCC-F16.09-004","F16","Information Technology","F16.09","Network management","4","optimise","PLAN_OPTIMISE","NTE-029;NTE-030","NTE-002;NTE-003;NTE-004;NTE-005;NTE-007;NTE-008;NTE-009","CANONICAL_OBJECT_MAPPING_PENDING","IMPLEMENTATION_RECONCILIATION_PENDING","2026-09-21"
"NCC-F16.10-001","F16","Information Technology","F16.10","Endpoint management","1","Provision devices","OPERATE","NTE-029;NTE-030","NTE-002;NTE-003;NTE-004;NTE-005;NTE-007;NTE-008;NTE-009","CANONICAL_OBJECT_MAPPING_PENDING","IMPLEMENTATION_RECONCILIATION_PENDING","2026-09-21"
"NCC-F16.10-002","F16","Information Technology","F16.10","Endpoint management","2","configure","AUTHOR_CREATE","NTE-029;NTE-030","NTE-002;NTE-003;NTE-004;NTE-005;NTE-007;NTE-008;NTE-009","CANONICAL_OBJECT_MAPPING_PENDING","IMPLEMENTATION_RECONCILIATION_PENDING","2026-09-21"
"NCC-F16.10-003","F16","Information Technology","F16.10","Endpoint management","3","patch","OPERATE","NTE-029;NTE-030","NTE-002;NTE-003;NTE-004;NTE-005;NTE-007;NTE-008;NTE-009","CANONICAL_OBJECT_MAPPING_PENDING","IMPLEMENTATION_RECONCILIATION_PENDING","2026-09-21"
"NCC-F16.10-004","F16","Information Technology","F16.10","Endpoint management","4","monitor","ANALYSE","NTE-029;NTE-030","NTE-002;NTE-003;NTE-004;NTE-005;NTE-007;NTE-008;NTE-009","CANONICAL_OBJECT_MAPPING_PENDING","IMPLEMENTATION_RECONCILIATION_PENDING","2026-09-21"
"NCC-F16.10-005","F16","Information Technology","F16.10","Endpoint management","5","retire","OPERATE","NTE-029;NTE-030","NTE-002;NTE-003;NTE-004;NTE-005;NTE-007;NTE-008;NTE-009","CANONICAL_OBJECT_MAPPING_PENDING","IMPLEMENTATION_RECONCILIATION_PENDING","2026-09-21"
"NCC-F16.11-001","F16","Information Technology","F16.11","Identity administration","1","Create account","AUTHOR_CREATE","NTE-029;NTE-030","NTE-002;NTE-003;NTE-004;NTE-005;NTE-007;NTE-008;NTE-009","CANONICAL_OBJECT_MAPPING_PENDING","IMPLEMENTATION_RECONCILIATION_PENDING","2026-09-21"
"NCC-F16.11-002","F16","Information Technology","F16.11","Identity administration","2","assign access","OPERATE","NTE-029;NTE-030","NTE-002;NTE-003;NTE-004;NTE-005;NTE-007;NTE-008;NTE-009","CANONICAL_OBJECT_MAPPING_PENDING","IMPLEMENTATION_RECONCILIATION_PENDING","2026-09-21"
"NCC-F16.11-003","F16","Information Technology","F16.11","Identity administration","3","modify","OPERATE","NTE-029;NTE-030","NTE-002;NTE-003;NTE-004;NTE-005;NTE-007;NTE-008;NTE-009","CANONICAL_OBJECT_MAPPING_PENDING","IMPLEMENTATION_RECONCILIATION_PENDING","2026-09-21"
"NCC-F16.11-004","F16","Information Technology","F16.11","Identity administration","4","disable","OPERATE","NTE-029;NTE-030","NTE-002;NTE-003;NTE-004;NTE-005;NTE-007;NTE-008;NTE-009","CANONICAL_OBJECT_MAPPING_PENDING","IMPLEMENTATION_RECONCILIATION_PENDING","2026-09-21"
"NCC-F16.11-005","F16","Information Technology","F16.11","Identity administration","5","periodically review","OPERATE","NTE-029;NTE-030","NTE-002;NTE-003;NTE-004;NTE-005;NTE-007;NTE-008;NTE-009","CANONICAL_OBJECT_MAPPING_PENDING","IMPLEMENTATION_RECONCILIATION_PENDING","2026-09-21"
"NCC-F16.12-001","F16","Information Technology","F16.12","IT service desk","1","Log ticket","OPERATE","NTE-029;NTE-030","NTE-002;NTE-003;NTE-004;NTE-005;NTE-007;NTE-008;NTE-009","CANONICAL_OBJECT_MAPPING_PENDING","IMPLEMENTATION_RECONCILIATION_PENDING","2026-09-21"
"NCC-F16.12-002","F16","Information Technology","F16.12","IT service desk","2","classify","OPERATE","NTE-029;NTE-030","NTE-002;NTE-003;NTE-004;NTE-005;NTE-007;NTE-008;NTE-009","CANONICAL_OBJECT_MAPPING_PENDING","IMPLEMENTATION_RECONCILIATION_PENDING","2026-09-21"
"NCC-F16.12-003","F16","Information Technology","F16.12","IT service desk","3","prioritise","PLAN_OPTIMISE","NTE-029;NTE-030","NTE-002;NTE-003;NTE-004;NTE-005;NTE-007;NTE-008;NTE-009","CANONICAL_OBJECT_MAPPING_PENDING","IMPLEMENTATION_RECONCILIATION_PENDING","2026-09-21"
"NCC-F16.12-004","F16","Information Technology","F16.12","IT service desk","4","resolve","EXCEPTION_IMPROVE","NTE-029;NTE-030","NTE-002;NTE-003;NTE-004;NTE-005;NTE-007;NTE-008;NTE-009","CANONICAL_OBJECT_MAPPING_PENDING","IMPLEMENTATION_RECONCILIATION_PENDING","2026-09-21"
"NCC-F16.12-005","F16","Information Technology","F16.12","IT service desk","5","escalate","OPERATE","NTE-029;NTE-030","NTE-002;NTE-003;NTE-004;NTE-005;NTE-007;NTE-008;NTE-009","CANONICAL_OBJECT_MAPPING_PENDING","IMPLEMENTATION_RECONCILIATION_PENDING","2026-09-21"
"NCC-F16.12-006","F16","Information Technology","F16.12","IT service desk","6","close","TRANSACT_EXECUTE","NTE-029;NTE-030","NTE-002;NTE-003;NTE-004;NTE-005;NTE-007;NTE-008;NTE-009","CANONICAL_OBJECT_MAPPING_PENDING","IMPLEMENTATION_RECONCILIATION_PENDING","2026-09-21"
"NCC-F16.13-001","F16","Information Technology","F16.13","Incident management","1","Detect incident","OPERATE","NTE-029;NTE-030","NTE-002;NTE-003;NTE-004;NTE-005;NTE-007;NTE-008;NTE-009","CANONICAL_OBJECT_MAPPING_PENDING","IMPLEMENTATION_RECONCILIATION_PENDING","2026-09-21"
"NCC-F16.13-002","F16","Information Technology","F16.13","Incident management","2","restore service","OPERATE","NTE-029;NTE-030","NTE-002;NTE-003;NTE-004;NTE-005;NTE-007;NTE-008;NTE-009","CANONICAL_OBJECT_MAPPING_PENDING","IMPLEMENTATION_RECONCILIATION_PENDING","2026-09-21"
"NCC-F16.13-003","F16","Information Technology","F16.13","Incident management","3","communicate","COMMUNICATE_PUBLISH","NTE-029;NTE-030","NTE-002;NTE-003;NTE-004;NTE-005;NTE-007;NTE-008;NTE-009","CANONICAL_OBJECT_MAPPING_PENDING","IMPLEMENTATION_RECONCILIATION_PENDING","2026-09-21"
"NCC-F16.13-004","F16","Information Technology","F16.13","Incident management","4","close","TRANSACT_EXECUTE","NTE-029;NTE-030","NTE-002;NTE-003;NTE-004;NTE-005;NTE-007;NTE-008;NTE-009","CANONICAL_OBJECT_MAPPING_PENDING","IMPLEMENTATION_RECONCILIATION_PENDING","2026-09-21"
"NCC-F16.14-001","F16","Information Technology","F16.14","Problem management","1","Identify recurring issue","OPERATE","NTE-029;NTE-030","NTE-002;NTE-003;NTE-004;NTE-005;NTE-007;NTE-008;NTE-009","CANONICAL_OBJECT_MAPPING_PENDING","IMPLEMENTATION_RECONCILIATION_PENDING","2026-09-21"
"NCC-F16.14-002","F16","Information Technology","F16.14","Problem management","2","root-cause analysis","OPERATE","NTE-029;NTE-030","NTE-002;NTE-003;NTE-004;NTE-005;NTE-007;NTE-008;NTE-009","CANONICAL_OBJECT_MAPPING_PENDING","IMPLEMENTATION_RECONCILIATION_PENDING","2026-09-21"
"NCC-F16.14-003","F16","Information Technology","F16.14","Problem management","3","develop permanent fix","AUTHOR_CREATE","NTE-029;NTE-030","NTE-002;NTE-003;NTE-004;NTE-005;NTE-007;NTE-008;NTE-009","CANONICAL_OBJECT_MAPPING_PENDING","IMPLEMENTATION_RECONCILIATION_PENDING","2026-09-21"
"NCC-F16.15-001","F16","Information Technology","F16.15","Change management","1","Request change","OPERATE","NTE-029;NTE-030","NTE-002;NTE-003;NTE-004;NTE-005;NTE-007;NTE-008;NTE-009","CANONICAL_OBJECT_MAPPING_PENDING","IMPLEMENTATION_RECONCILIATION_PENDING","2026-09-21"
"NCC-F16.15-002","F16","Information Technology","F16.15","Change management","2","assess impact","ANALYSE","NTE-029;NTE-030","NTE-002;NTE-003;NTE-004;NTE-005;NTE-007;NTE-008;NTE-009","CANONICAL_OBJECT_MAPPING_PENDING","IMPLEMENTATION_RECONCILIATION_PENDING","2026-09-21"
"NCC-F16.15-003","F16","Information Technology","F16.15","Change management","3","approve","GOVERN_DECIDE","NTE-029;NTE-030","NTE-002;NTE-003;NTE-004;NTE-005;NTE-007;NTE-008;NTE-009","CANONICAL_OBJECT_MAPPING_PENDING","IMPLEMENTATION_RECONCILIATION_PENDING","2026-09-21"
"NCC-F16.15-004","F16","Information Technology","F16.15","Change management","4","schedule","PLAN_OPTIMISE","NTE-029;NTE-030","NTE-002;NTE-003;NTE-004;NTE-005;NTE-007;NTE-008;NTE-009","CANONICAL_OBJECT_MAPPING_PENDING","IMPLEMENTATION_RECONCILIATION_PENDING","2026-09-21"
"NCC-F16.15-005","F16","Information Technology","F16.15","Change management","5","implement","OPERATE","NTE-029;NTE-030","NTE-002;NTE-003;NTE-004;NTE-005;NTE-007;NTE-008;NTE-009","CANONICAL_OBJECT_MAPPING_PENDING","IMPLEMENTATION_RECONCILIATION_PENDING","2026-09-21"
"NCC-F16.15-006","F16","Information Technology","F16.15","Change management","6","review","OPERATE","NTE-029;NTE-030","NTE-002;NTE-003;NTE-004;NTE-005;NTE-007;NTE-008;NTE-009","CANONICAL_OBJECT_MAPPING_PENDING","IMPLEMENTATION_RECONCILIATION_PENDING","2026-09-21"
"NCC-F16.16-001","F16","Information Technology","F16.16","Release management","1","Plan release","PLAN_OPTIMISE","NTE-029;NTE-030","NTE-002;NTE-003;NTE-004;NTE-005;NTE-007;NTE-008;NTE-009","CANONICAL_OBJECT_MAPPING_PENDING","IMPLEMENTATION_RECONCILIATION_PENDING","2026-09-21"
"NCC-F16.16-002","F16","Information Technology","F16.16","Release management","2","package","OPERATE","NTE-029;NTE-030","NTE-002;NTE-003;NTE-004;NTE-005;NTE-007;NTE-008;NTE-009","CANONICAL_OBJECT_MAPPING_PENDING","IMPLEMENTATION_RECONCILIATION_PENDING","2026-09-21"
"NCC-F16.16-003","F16","Information Technology","F16.16","Release management","3","test","ASSURE_VERIFY","NTE-029;NTE-030","NTE-002;NTE-003;NTE-004;NTE-005;NTE-007;NTE-008;NTE-009","CANONICAL_OBJECT_MAPPING_PENDING","IMPLEMENTATION_RECONCILIATION_PENDING","2026-09-21"
"NCC-F16.16-004","F16","Information Technology","F16.16","Release management","4","approve","GOVERN_DECIDE","NTE-029;NTE-030","NTE-002;NTE-003;NTE-004;NTE-005;NTE-007;NTE-008;NTE-009","CANONICAL_OBJECT_MAPPING_PENDING","IMPLEMENTATION_RECONCILIATION_PENDING","2026-09-21"
"NCC-F16.16-005","F16","Information Technology","F16.16","Release management","5","deploy","OPERATE","NTE-029;NTE-030","NTE-002;NTE-003;NTE-004;NTE-005;NTE-007;NTE-008;NTE-009","CANONICAL_OBJECT_MAPPING_PENDING","IMPLEMENTATION_RECONCILIATION_PENDING","2026-09-21"
"NCC-F16.17-001","F16","Information Technology","F16.17","Configuration management","1","Identify assets/configuration items","OPERATE","NTE-029;NTE-030","NTE-002;NTE-003;NTE-004;NTE-005;NTE-007;NTE-008;NTE-009","CANONICAL_OBJECT_MAPPING_PENDING","IMPLEMENTATION_RECONCILIATION_PENDING","2026-09-21"
"NCC-F16.17-002","F16","Information Technology","F16.17","Configuration management","2","record relationships","OPERATE","NTE-029;NTE-030","NTE-002;NTE-003;NTE-004;NTE-005;NTE-007;NTE-008;NTE-009","CANONICAL_OBJECT_MAPPING_PENDING","IMPLEMENTATION_RECONCILIATION_PENDING","2026-09-21"
"NCC-F16.17-003","F16","Information Technology","F16.17","Configuration management","3","audit configuration","ASSURE_VERIFY","NTE-029;NTE-030","NTE-002;NTE-003;NTE-004;NTE-005;NTE-007;NTE-008;NTE-009","CANONICAL_OBJECT_MAPPING_PENDING","IMPLEMENTATION_RECONCILIATION_PENDING","2026-09-21"
"NCC-F16.18-001","F16","Information Technology","F16.18","IT asset management","1","Procure","TRANSACT_EXECUTE","NTE-029;NTE-030","NTE-002;NTE-003;NTE-004;NTE-005;NTE-007;NTE-008;NTE-009","CANONICAL_OBJECT_MAPPING_PENDING","IMPLEMENTATION_RECONCILIATION_PENDING","2026-09-21"
"NCC-F16.18-002","F16","Information Technology","F16.18","IT asset management","2","assign","OPERATE","NTE-029;NTE-030","NTE-002;NTE-003;NTE-004;NTE-005;NTE-007;NTE-008;NTE-009","CANONICAL_OBJECT_MAPPING_PENDING","IMPLEMENTATION_RECONCILIATION_PENDING","2026-09-21"
"NCC-F16.18-003","F16","Information Technology","F16.18","IT asset management","3","inventory","OPERATE","NTE-029;NTE-030","NTE-002;NTE-003;NTE-004;NTE-005;NTE-007;NTE-008;NTE-009","CANONICAL_OBJECT_MAPPING_PENDING","IMPLEMENTATION_RECONCILIATION_PENDING","2026-09-21"
"NCC-F16.18-004","F16","Information Technology","F16.18","IT asset management","4","licence","OPERATE","NTE-029;NTE-030","NTE-002;NTE-003;NTE-004;NTE-005;NTE-007;NTE-008;NTE-009","CANONICAL_OBJECT_MAPPING_PENDING","IMPLEMENTATION_RECONCILIATION_PENDING","2026-09-21"
"NCC-F16.18-005","F16","Information Technology","F16.18","IT asset management","5","recover","EXCEPTION_IMPROVE","NTE-029;NTE-030","NTE-002;NTE-003;NTE-004;NTE-005;NTE-007;NTE-008;NTE-009","CANONICAL_OBJECT_MAPPING_PENDING","IMPLEMENTATION_RECONCILIATION_PENDING","2026-09-21"
"NCC-F16.18-006","F16","Information Technology","F16.18","IT asset management","6","dispose","OPERATE","NTE-029;NTE-030","NTE-002;NTE-003;NTE-004;NTE-005;NTE-007;NTE-008;NTE-009","CANONICAL_OBJECT_MAPPING_PENDING","IMPLEMENTATION_RECONCILIATION_PENDING","2026-09-21"
"NCC-F16.19-001","F16","Information Technology","F16.19","Availability/capacity","1","Monitor performance","ANALYSE","NTE-029;NTE-030","NTE-002;NTE-003;NTE-004;NTE-005;NTE-007;NTE-008;NTE-009","CANONICAL_OBJECT_MAPPING_PENDING","IMPLEMENTATION_RECONCILIATION_PENDING","2026-09-21"
"NCC-F16.19-002","F16","Information Technology","F16.19","Availability/capacity","2","forecast capacity","PLAN_OPTIMISE","NTE-029;NTE-030","NTE-002;NTE-003;NTE-004;NTE-005;NTE-007;NTE-008;NTE-009","CANONICAL_OBJECT_MAPPING_PENDING","IMPLEMENTATION_RECONCILIATION_PENDING","2026-09-21"
"NCC-F16.19-003","F16","Information Technology","F16.19","Availability/capacity","3","resolve constraints","EXCEPTION_IMPROVE","NTE-029;NTE-030","NTE-002;NTE-003;NTE-004;NTE-005;NTE-007;NTE-008;NTE-009","CANONICAL_OBJECT_MAPPING_PENDING","IMPLEMENTATION_RECONCILIATION_PENDING","2026-09-21"
"NCC-F16.20-001","F16","Information Technology","F16.20","Disaster recovery","1","Establish recovery requirements","EXCEPTION_IMPROVE","NTE-029;NTE-030","NTE-002;NTE-003;NTE-004;NTE-005;NTE-007;NTE-008;NTE-009","CANONICAL_OBJECT_MAPPING_PENDING","IMPLEMENTATION_RECONCILIATION_PENDING","2026-09-21"
"NCC-F16.20-002","F16","Information Technology","F16.20","Disaster recovery","2","backup","OPERATE","NTE-029;NTE-030","NTE-002;NTE-003;NTE-004;NTE-005;NTE-007;NTE-008;NTE-009","CANONICAL_OBJECT_MAPPING_PENDING","IMPLEMENTATION_RECONCILIATION_PENDING","2026-09-21"
"NCC-F16.20-003","F16","Information Technology","F16.20","Disaster recovery","3","replicate","OPERATE","NTE-029;NTE-030","NTE-002;NTE-003;NTE-004;NTE-005;NTE-007;NTE-008;NTE-009","CANONICAL_OBJECT_MAPPING_PENDING","IMPLEMENTATION_RECONCILIATION_PENDING","2026-09-21"
"NCC-F16.20-004","F16","Information Technology","F16.20","Disaster recovery","4","test recovery","ASSURE_VERIFY","NTE-029;NTE-030","NTE-002;NTE-003;NTE-004;NTE-005;NTE-007;NTE-008;NTE-009","CANONICAL_OBJECT_MAPPING_PENDING","IMPLEMENTATION_RECONCILIATION_PENDING","2026-09-21"
"NCC-F16.20-005","F16","Information Technology","F16.20","Disaster recovery","5","restore","OPERATE","NTE-029;NTE-030","NTE-002;NTE-003;NTE-004;NTE-005;NTE-007;NTE-008;NTE-009","CANONICAL_OBJECT_MAPPING_PENDING","IMPLEMENTATION_RECONCILIATION_PENDING","2026-09-21"
"NCC-F16.21-001","F16","Information Technology","F16.21","Technology vendor management","1","Select vendor","OPERATE","NTE-029;NTE-030","NTE-002;NTE-003;NTE-004;NTE-005;NTE-007;NTE-008;NTE-009","CANONICAL_OBJECT_MAPPING_PENDING","IMPLEMENTATION_RECONCILIATION_PENDING","2026-09-21"
"NCC-F16.21-002","F16","Information Technology","F16.21","Technology vendor management","2","manage licence","OPERATE","NTE-029;NTE-030","NTE-002;NTE-003;NTE-004;NTE-005;NTE-007;NTE-008;NTE-009","CANONICAL_OBJECT_MAPPING_PENDING","IMPLEMENTATION_RECONCILIATION_PENDING","2026-09-21"
"NCC-F16.21-003","F16","Information Technology","F16.21","Technology vendor management","3","contract","OPERATE","NTE-029;NTE-030","NTE-002;NTE-003;NTE-004;NTE-005;NTE-007;NTE-008;NTE-009","CANONICAL_OBJECT_MAPPING_PENDING","IMPLEMENTATION_RECONCILIATION_PENDING","2026-09-21"
"NCC-F16.21-004","F16","Information Technology","F16.21","Technology vendor management","4","SLA","OPERATE","NTE-029;NTE-030","NTE-002;NTE-003;NTE-004;NTE-005;NTE-007;NTE-008;NTE-009","CANONICAL_OBJECT_MAPPING_PENDING","IMPLEMENTATION_RECONCILIATION_PENDING","2026-09-21"
"NCC-F16.21-005","F16","Information Technology","F16.21","Technology vendor management","5","renewal","OPERATE","NTE-029;NTE-030","NTE-002;NTE-003;NTE-004;NTE-005;NTE-007;NTE-008;NTE-009","CANONICAL_OBJECT_MAPPING_PENDING","IMPLEMENTATION_RECONCILIATION_PENDING","2026-09-21"
"NCC-F17.01-001","F17","Data, Analytics & AI","F17.01","Data strategy","1","Define data vision","AUTHOR_CREATE","NTE-031;NTE-032;NTE-033;NTE-034","NTE-002;NTE-003;NTE-004;NTE-005;NTE-007;NTE-008;NTE-009","CANONICAL_OBJECT_MAPPING_PENDING","IMPLEMENTATION_RECONCILIATION_PENDING","2026-09-21"
"NCC-F17.01-002","F17","Data, Analytics & AI","F17.01","Data strategy","2","priorities","PLAN_OPTIMISE","NTE-031;NTE-032;NTE-033;NTE-034","NTE-002;NTE-003;NTE-004;NTE-005;NTE-007;NTE-008;NTE-009","CANONICAL_OBJECT_MAPPING_PENDING","IMPLEMENTATION_RECONCILIATION_PENDING","2026-09-21"
"NCC-F17.01-003","F17","Data, Analytics & AI","F17.01","Data strategy","3","architecture","OPERATE","NTE-031;NTE-032;NTE-033;NTE-034","NTE-002;NTE-003;NTE-004;NTE-005;NTE-007;NTE-008;NTE-009","CANONICAL_OBJECT_MAPPING_PENDING","IMPLEMENTATION_RECONCILIATION_PENDING","2026-09-21"
"NCC-F17.01-004","F17","Data, Analytics & AI","F17.01","Data strategy","4","operating model","OPERATE","NTE-031;NTE-032;NTE-033;NTE-034","NTE-002;NTE-003;NTE-004;NTE-005;NTE-007;NTE-008;NTE-009","CANONICAL_OBJECT_MAPPING_PENDING","IMPLEMENTATION_RECONCILIATION_PENDING","2026-09-21"
"NCC-F17.02-001","F17","Data, Analytics & AI","F17.02","Data governance","1","Establish owners/stewards","AUTHOR_CREATE","NTE-031;NTE-032;NTE-033;NTE-034","NTE-002;NTE-003;NTE-004;NTE-005;NTE-007;NTE-008;NTE-009","CANONICAL_OBJECT_MAPPING_PENDING","IMPLEMENTATION_RECONCILIATION_PENDING","2026-09-21"
"NCC-F17.02-002","F17","Data, Analytics & AI","F17.02","Data governance","2","policies","OPERATE","NTE-031;NTE-032;NTE-033;NTE-034","NTE-002;NTE-003;NTE-004;NTE-005;NTE-007;NTE-008;NTE-009","CANONICAL_OBJECT_MAPPING_PENDING","IMPLEMENTATION_RECONCILIATION_PENDING","2026-09-21"
"NCC-F17.02-003","F17","Data, Analytics & AI","F17.02","Data governance","3","standards","OPERATE","NTE-031;NTE-032;NTE-033;NTE-034","NTE-002;NTE-003;NTE-004;NTE-005;NTE-007;NTE-008;NTE-009","CANONICAL_OBJECT_MAPPING_PENDING","IMPLEMENTATION_RECONCILIATION_PENDING","2026-09-21"
"NCC-F17.02-004","F17","Data, Analytics & AI","F17.02","Data governance","4","governance forums","OPERATE","NTE-031;NTE-032;NTE-033;NTE-034","NTE-002;NTE-003;NTE-004;NTE-005;NTE-007;NTE-008;NTE-009","CANONICAL_OBJECT_MAPPING_PENDING","IMPLEMENTATION_RECONCILIATION_PENDING","2026-09-21"
"NCC-F17.03-001","F17","Data, Analytics & AI","F17.03","Data architecture","1","Model domains","OPERATE","NTE-031;NTE-032;NTE-033;NTE-034","NTE-002;NTE-003;NTE-004;NTE-005;NTE-007;NTE-008;NTE-009","CANONICAL_OBJECT_MAPPING_PENDING","IMPLEMENTATION_RECONCILIATION_PENDING","2026-09-21"
"NCC-F17.03-002","F17","Data, Analytics & AI","F17.03","Data architecture","2","integrations","OPERATE","NTE-031;NTE-032;NTE-033;NTE-034","NTE-002;NTE-003;NTE-004;NTE-005;NTE-007;NTE-008;NTE-009","CANONICAL_OBJECT_MAPPING_PENDING","IMPLEMENTATION_RECONCILIATION_PENDING","2026-09-21"
"NCC-F17.03-003","F17","Data, Analytics & AI","F17.03","Data architecture","3","stores","OPERATE","NTE-031;NTE-032;NTE-033;NTE-034","NTE-002;NTE-003;NTE-004;NTE-005;NTE-007;NTE-008;NTE-009","CANONICAL_OBJECT_MAPPING_PENDING","IMPLEMENTATION_RECONCILIATION_PENDING","2026-09-21"
"NCC-F17.03-004","F17","Data, Analytics & AI","F17.03","Data architecture","4","flows","OPERATE","NTE-031;NTE-032;NTE-033;NTE-034","NTE-002;NTE-003;NTE-004;NTE-005;NTE-007;NTE-008;NTE-009","CANONICAL_OBJECT_MAPPING_PENDING","IMPLEMENTATION_RECONCILIATION_PENDING","2026-09-21"
"NCC-F17.03-005","F17","Data, Analytics & AI","F17.03","Data architecture","5","canonical models","OPERATE","NTE-031;NTE-032;NTE-033;NTE-034","NTE-002;NTE-003;NTE-004;NTE-005;NTE-007;NTE-008;NTE-009","CANONICAL_OBJECT_MAPPING_PENDING","IMPLEMENTATION_RECONCILIATION_PENDING","2026-09-21"
"NCC-F17.04-001","F17","Data, Analytics & AI","F17.04","Master data management","1","Create master record","AUTHOR_CREATE","NTE-031;NTE-032;NTE-033;NTE-034","NTE-002;NTE-003;NTE-004;NTE-005;NTE-007;NTE-008;NTE-009","CANONICAL_OBJECT_MAPPING_PENDING","IMPLEMENTATION_RECONCILIATION_PENDING","2026-09-21"
"NCC-F17.04-002","F17","Data, Analytics & AI","F17.04","Master data management","2","validate","ASSURE_VERIFY","NTE-031;NTE-032;NTE-033;NTE-034","NTE-002;NTE-003;NTE-004;NTE-005;NTE-007;NTE-008;NTE-009","CANONICAL_OBJECT_MAPPING_PENDING","IMPLEMENTATION_RECONCILIATION_PENDING","2026-09-21"
"NCC-F17.04-003","F17","Data, Analytics & AI","F17.04","Master data management","3","match","OPERATE","NTE-031;NTE-032;NTE-033;NTE-034","NTE-002;NTE-003;NTE-004;NTE-005;NTE-007;NTE-008;NTE-009","CANONICAL_OBJECT_MAPPING_PENDING","IMPLEMENTATION_RECONCILIATION_PENDING","2026-09-21"
"NCC-F17.04-004","F17","Data, Analytics & AI","F17.04","Master data management","4","merge","OPERATE","NTE-031;NTE-032;NTE-033;NTE-034","NTE-002;NTE-003;NTE-004;NTE-005;NTE-007;NTE-008;NTE-009","CANONICAL_OBJECT_MAPPING_PENDING","IMPLEMENTATION_RECONCILIATION_PENDING","2026-09-21"
"NCC-F17.04-005","F17","Data, Analytics & AI","F17.04","Master data management","5","enrich","OPERATE","NTE-031;NTE-032;NTE-033;NTE-034","NTE-002;NTE-003;NTE-004;NTE-005;NTE-007;NTE-008;NTE-009","CANONICAL_OBJECT_MAPPING_PENDING","IMPLEMENTATION_RECONCILIATION_PENDING","2026-09-21"
"NCC-F17.04-006","F17","Data, Analytics & AI","F17.04","Master data management","6","retire","OPERATE","NTE-031;NTE-032;NTE-033;NTE-034","NTE-002;NTE-003;NTE-004;NTE-005;NTE-007;NTE-008;NTE-009","CANONICAL_OBJECT_MAPPING_PENDING","IMPLEMENTATION_RECONCILIATION_PENDING","2026-09-21"
"NCC-F17.05-001","F17","Data, Analytics & AI","F17.05","Reference data","1","Define codes","AUTHOR_CREATE","NTE-031;NTE-032;NTE-033;NTE-034","NTE-002;NTE-003;NTE-004;NTE-005;NTE-007;NTE-008;NTE-009","CANONICAL_OBJECT_MAPPING_PENDING","IMPLEMENTATION_RECONCILIATION_PENDING","2026-09-21"
"NCC-F17.05-002","F17","Data, Analytics & AI","F17.05","Reference data","2","classifications","OPERATE","NTE-031;NTE-032;NTE-033;NTE-034","NTE-002;NTE-003;NTE-004;NTE-005;NTE-007;NTE-008;NTE-009","CANONICAL_OBJECT_MAPPING_PENDING","IMPLEMENTATION_RECONCILIATION_PENDING","2026-09-21"
"NCC-F17.05-003","F17","Data, Analytics & AI","F17.05","Reference data","3","hierarchies","OPERATE","NTE-031;NTE-032;NTE-033;NTE-034","NTE-002;NTE-003;NTE-004;NTE-005;NTE-007;NTE-008;NTE-009","CANONICAL_OBJECT_MAPPING_PENDING","IMPLEMENTATION_RECONCILIATION_PENDING","2026-09-21"
"NCC-F17.05-004","F17","Data, Analytics & AI","F17.05","Reference data","4","publish changes","COMMUNICATE_PUBLISH","NTE-031;NTE-032;NTE-033;NTE-034","NTE-002;NTE-003;NTE-004;NTE-005;NTE-007;NTE-008;NTE-009","CANONICAL_OBJECT_MAPPING_PENDING","IMPLEMENTATION_RECONCILIATION_PENDING","2026-09-21"
"NCC-F17.06-001","F17","Data, Analytics & AI","F17.06","Data quality","1","Define rules","AUTHOR_CREATE","NTE-031;NTE-032;NTE-033;NTE-034","NTE-002;NTE-003;NTE-004;NTE-005;NTE-007;NTE-008;NTE-009","CANONICAL_OBJECT_MAPPING_PENDING","IMPLEMENTATION_RECONCILIATION_PENDING","2026-09-21"
"NCC-F17.06-002","F17","Data, Analytics & AI","F17.06","Data quality","2","profile data","OPERATE","NTE-031;NTE-032;NTE-033;NTE-034","NTE-002;NTE-003;NTE-004;NTE-005;NTE-007;NTE-008;NTE-009","CANONICAL_OBJECT_MAPPING_PENDING","IMPLEMENTATION_RECONCILIATION_PENDING","2026-09-21"
"NCC-F17.06-003","F17","Data, Analytics & AI","F17.06","Data quality","3","detect defects","OPERATE","NTE-031;NTE-032;NTE-033;NTE-034","NTE-002;NTE-003;NTE-004;NTE-005;NTE-007;NTE-008;NTE-009","CANONICAL_OBJECT_MAPPING_PENDING","IMPLEMENTATION_RECONCILIATION_PENDING","2026-09-21"
"NCC-F17.06-004","F17","Data, Analytics & AI","F17.06","Data quality","4","remediate","EXCEPTION_IMPROVE","NTE-031;NTE-032;NTE-033;NTE-034","NTE-002;NTE-003;NTE-004;NTE-005;NTE-007;NTE-008;NTE-009","CANONICAL_OBJECT_MAPPING_PENDING","IMPLEMENTATION_RECONCILIATION_PENDING","2026-09-21"
"NCC-F17.06-005","F17","Data, Analytics & AI","F17.06","Data quality","5","monitor","ANALYSE","NTE-031;NTE-032;NTE-033;NTE-034","NTE-002;NTE-003;NTE-004;NTE-005;NTE-007;NTE-008;NTE-009","CANONICAL_OBJECT_MAPPING_PENDING","IMPLEMENTATION_RECONCILIATION_PENDING","2026-09-21"
"NCC-F17.07-001","F17","Data, Analytics & AI","F17.07","Data engineering","1","Extract","OPERATE","NTE-031;NTE-032;NTE-033;NTE-034","NTE-002;NTE-003;NTE-004;NTE-005;NTE-007;NTE-008;NTE-009","CANONICAL_OBJECT_MAPPING_PENDING","IMPLEMENTATION_RECONCILIATION_PENDING","2026-09-21"
"NCC-F17.07-002","F17","Data, Analytics & AI","F17.07","Data engineering","2","transform","OPERATE","NTE-031;NTE-032;NTE-033;NTE-034","NTE-002;NTE-003;NTE-004;NTE-005;NTE-007;NTE-008;NTE-009","CANONICAL_OBJECT_MAPPING_PENDING","IMPLEMENTATION_RECONCILIATION_PENDING","2026-09-21"
"NCC-F17.07-003","F17","Data, Analytics & AI","F17.07","Data engineering","3","load","OPERATE","NTE-031;NTE-032;NTE-033;NTE-034","NTE-002;NTE-003;NTE-004;NTE-005;NTE-007;NTE-008;NTE-009","CANONICAL_OBJECT_MAPPING_PENDING","IMPLEMENTATION_RECONCILIATION_PENDING","2026-09-21"
"NCC-F17.07-004","F17","Data, Analytics & AI","F17.07","Data engineering","4","integrate","OPERATE","NTE-031;NTE-032;NTE-033;NTE-034","NTE-002;NTE-003;NTE-004;NTE-005;NTE-007;NTE-008;NTE-009","CANONICAL_OBJECT_MAPPING_PENDING","IMPLEMENTATION_RECONCILIATION_PENDING","2026-09-21"
"NCC-F17.07-005","F17","Data, Analytics & AI","F17.07","Data engineering","5","orchestrate pipelines","OPERATE","NTE-031;NTE-032;NTE-033;NTE-034","NTE-002;NTE-003;NTE-004;NTE-005;NTE-007;NTE-008;NTE-009","CANONICAL_OBJECT_MAPPING_PENDING","IMPLEMENTATION_RECONCILIATION_PENDING","2026-09-21"
"NCC-F17.08-001","F17","Data, Analytics & AI","F17.08","Data platform","1","Provision warehouses/lakes","OPERATE","NTE-031;NTE-032;NTE-033;NTE-034","NTE-002;NTE-003;NTE-004;NTE-005;NTE-007;NTE-008;NTE-009","CANONICAL_OBJECT_MAPPING_PENDING","IMPLEMENTATION_RECONCILIATION_PENDING","2026-09-21"
"NCC-F17.08-002","F17","Data, Analytics & AI","F17.08","Data platform","2","manage compute/storage","OPERATE","NTE-031;NTE-032;NTE-033;NTE-034","NTE-002;NTE-003;NTE-004;NTE-005;NTE-007;NTE-008;NTE-009","CANONICAL_OBJECT_MAPPING_PENDING","IMPLEMENTATION_RECONCILIATION_PENDING","2026-09-21"
"NCC-F17.08-003","F17","Data, Analytics & AI","F17.08","Data platform","3","optimise performance","PLAN_OPTIMISE","NTE-031;NTE-032;NTE-033;NTE-034","NTE-002;NTE-003;NTE-004;NTE-005;NTE-007;NTE-008;NTE-009","CANONICAL_OBJECT_MAPPING_PENDING","IMPLEMENTATION_RECONCILIATION_PENDING","2026-09-21"
"NCC-F17.09-001","F17","Data, Analytics & AI","F17.09","BI/reporting","1","Capture requirements","AUTHOR_CREATE","NTE-031;NTE-032;NTE-033;NTE-034","NTE-002;NTE-003;NTE-004;NTE-005;NTE-007;NTE-008;NTE-009","CANONICAL_OBJECT_MAPPING_PENDING","IMPLEMENTATION_RECONCILIATION_PENDING","2026-09-21"
"NCC-F17.09-002","F17","Data, Analytics & AI","F17.09","BI/reporting","2","build reports","AUTHOR_CREATE","NTE-031;NTE-032;NTE-033;NTE-034","NTE-002;NTE-003;NTE-004;NTE-005;NTE-007;NTE-008;NTE-009","CANONICAL_OBJECT_MAPPING_PENDING","IMPLEMENTATION_RECONCILIATION_PENDING","2026-09-21"
"NCC-F17.09-003","F17","Data, Analytics & AI","F17.09","BI/reporting","3","validate","ASSURE_VERIFY","NTE-031;NTE-032;NTE-033;NTE-034","NTE-002;NTE-003;NTE-004;NTE-005;NTE-007;NTE-008;NTE-009","CANONICAL_OBJECT_MAPPING_PENDING","IMPLEMENTATION_RECONCILIATION_PENDING","2026-09-21"
"NCC-F17.09-004","F17","Data, Analytics & AI","F17.09","BI/reporting","4","publish","COMMUNICATE_PUBLISH","NTE-031;NTE-032;NTE-033;NTE-034","NTE-002;NTE-003;NTE-004;NTE-005;NTE-007;NTE-008;NTE-009","CANONICAL_OBJECT_MAPPING_PENDING","IMPLEMENTATION_RECONCILIATION_PENDING","2026-09-21"
"NCC-F17.09-005","F17","Data, Analytics & AI","F17.09","BI/reporting","5","maintain","OPERATE","NTE-031;NTE-032;NTE-033;NTE-034","NTE-002;NTE-003;NTE-004;NTE-005;NTE-007;NTE-008;NTE-009","CANONICAL_OBJECT_MAPPING_PENDING","IMPLEMENTATION_RECONCILIATION_PENDING","2026-09-21"
"NCC-F17.10-001","F17","Data, Analytics & AI","F17.10","Analytics","1","Analyse data","ANALYSE","NTE-031;NTE-032;NTE-033;NTE-034","NTE-002;NTE-003;NTE-004;NTE-005;NTE-007;NTE-008;NTE-009","CANONICAL_OBJECT_MAPPING_PENDING","IMPLEMENTATION_RECONCILIATION_PENDING","2026-09-21"
"NCC-F17.10-002","F17","Data, Analytics & AI","F17.10","Analytics","2","identify patterns","OPERATE","NTE-031;NTE-032;NTE-033;NTE-034","NTE-002;NTE-003;NTE-004;NTE-005;NTE-007;NTE-008;NTE-009","CANONICAL_OBJECT_MAPPING_PENDING","IMPLEMENTATION_RECONCILIATION_PENDING","2026-09-21"
"NCC-F17.10-003","F17","Data, Analytics & AI","F17.10","Analytics","3","model scenarios","PLAN_OPTIMISE","NTE-031;NTE-032;NTE-033;NTE-034","NTE-002;NTE-003;NTE-004;NTE-005;NTE-007;NTE-008;NTE-009","CANONICAL_OBJECT_MAPPING_PENDING","IMPLEMENTATION_RECONCILIATION_PENDING","2026-09-21"
"NCC-F17.10-004","F17","Data, Analytics & AI","F17.10","Analytics","4","communicate insights","COMMUNICATE_PUBLISH","NTE-031;NTE-032;NTE-033;NTE-034","NTE-002;NTE-003;NTE-004;NTE-005;NTE-007;NTE-008;NTE-009","CANONICAL_OBJECT_MAPPING_PENDING","IMPLEMENTATION_RECONCILIATION_PENDING","2026-09-21"
"NCC-F17.11-001","F17","Data, Analytics & AI","F17.11","Data science","1","Prepare data","AUTHOR_CREATE","NTE-031;NTE-032;NTE-033;NTE-034","NTE-002;NTE-003;NTE-004;NTE-005;NTE-007;NTE-008;NTE-009","CANONICAL_OBJECT_MAPPING_PENDING","IMPLEMENTATION_RECONCILIATION_PENDING","2026-09-21"
"NCC-F17.11-002","F17","Data, Analytics & AI","F17.11","Data science","2","engineer features","OPERATE","NTE-031;NTE-032;NTE-033;NTE-034","NTE-002;NTE-003;NTE-004;NTE-005;NTE-007;NTE-008;NTE-009","CANONICAL_OBJECT_MAPPING_PENDING","IMPLEMENTATION_RECONCILIATION_PENDING","2026-09-21"
"NCC-F17.11-003","F17","Data, Analytics & AI","F17.11","Data science","3","train models","OPERATE","NTE-031;NTE-032;NTE-033;NTE-034","NTE-002;NTE-003;NTE-004;NTE-005;NTE-007;NTE-008;NTE-009","CANONICAL_OBJECT_MAPPING_PENDING","IMPLEMENTATION_RECONCILIATION_PENDING","2026-09-21"
"NCC-F17.11-004","F17","Data, Analytics & AI","F17.11","Data science","4","validate models","ASSURE_VERIFY","NTE-031;NTE-032;NTE-033;NTE-034","NTE-002;NTE-003;NTE-004;NTE-005;NTE-007;NTE-008;NTE-009","CANONICAL_OBJECT_MAPPING_PENDING","IMPLEMENTATION_RECONCILIATION_PENDING","2026-09-21"
"NCC-F17.12-001","F17","Data, Analytics & AI","F17.12","AI development","1","Select use case","OPERATE","NTE-031;NTE-032;NTE-033;NTE-034","NTE-002;NTE-003;NTE-004;NTE-005;NTE-007;NTE-008;NTE-009","CANONICAL_OBJECT_MAPPING_PENDING","IMPLEMENTATION_RECONCILIATION_PENDING","2026-09-21"
"NCC-F17.12-002","F17","Data, Analytics & AI","F17.12","AI development","2","develop model/system","AUTHOR_CREATE","NTE-031;NTE-032;NTE-033;NTE-034","NTE-002;NTE-003;NTE-004;NTE-005;NTE-007;NTE-008;NTE-009","CANONICAL_OBJECT_MAPPING_PENDING","IMPLEMENTATION_RECONCILIATION_PENDING","2026-09-21"
"NCC-F17.12-003","F17","Data, Analytics & AI","F17.12","AI development","3","evaluate","ANALYSE","NTE-031;NTE-032;NTE-033;NTE-034","NTE-002;NTE-003;NTE-004;NTE-005;NTE-007;NTE-008;NTE-009","CANONICAL_OBJECT_MAPPING_PENDING","IMPLEMENTATION_RECONCILIATION_PENDING","2026-09-21"
"NCC-F17.12-004","F17","Data, Analytics & AI","F17.12","AI development","4","deploy","OPERATE","NTE-031;NTE-032;NTE-033;NTE-034","NTE-002;NTE-003;NTE-004;NTE-005;NTE-007;NTE-008;NTE-009","CANONICAL_OBJECT_MAPPING_PENDING","IMPLEMENTATION_RECONCILIATION_PENDING","2026-09-21"
"NCC-F17.13-001","F17","Data, Analytics & AI","F17.13","AI governance","1","Register models","AUTHOR_CREATE","NTE-031;NTE-032;NTE-033;NTE-034","NTE-002;NTE-003;NTE-004;NTE-005;NTE-007;NTE-008;NTE-009","CANONICAL_OBJECT_MAPPING_PENDING","IMPLEMENTATION_RECONCILIATION_PENDING","2026-09-21"
"NCC-F17.13-002","F17","Data, Analytics & AI","F17.13","AI governance","2","assess risk","ANALYSE","NTE-031;NTE-032;NTE-033;NTE-034","NTE-002;NTE-003;NTE-004;NTE-005;NTE-007;NTE-008;NTE-009","CANONICAL_OBJECT_MAPPING_PENDING","IMPLEMENTATION_RECONCILIATION_PENDING","2026-09-21"
"NCC-F17.13-003","F17","Data, Analytics & AI","F17.13","AI governance","3","approve use","GOVERN_DECIDE","NTE-031;NTE-032;NTE-033;NTE-034","NTE-002;NTE-003;NTE-004;NTE-005;NTE-007;NTE-008;NTE-009","CANONICAL_OBJECT_MAPPING_PENDING","IMPLEMENTATION_RECONCILIATION_PENDING","2026-09-21"
"NCC-F17.13-004","F17","Data, Analytics & AI","F17.13","AI governance","4","monitor performance","ANALYSE","NTE-031;NTE-032;NTE-033;NTE-034","NTE-002;NTE-003;NTE-004;NTE-005;NTE-007;NTE-008;NTE-009","CANONICAL_OBJECT_MAPPING_PENDING","IMPLEMENTATION_RECONCILIATION_PENDING","2026-09-21"
"NCC-F17.13-005","F17","Data, Analytics & AI","F17.13","AI governance","5","review bias","OPERATE","NTE-031;NTE-032;NTE-033;NTE-034","NTE-002;NTE-003;NTE-004;NTE-005;NTE-007;NTE-008;NTE-009","CANONICAL_OBJECT_MAPPING_PENDING","IMPLEMENTATION_RECONCILIATION_PENDING","2026-09-21"
"NCC-F17.14-001","F17","Data, Analytics & AI","F17.14","Model operations","1","Deploy model","OPERATE","NTE-031;NTE-032;NTE-033;NTE-034","NTE-002;NTE-003;NTE-004;NTE-005;NTE-007;NTE-008;NTE-009","CANONICAL_OBJECT_MAPPING_PENDING","IMPLEMENTATION_RECONCILIATION_PENDING","2026-09-21"
"NCC-F17.14-002","F17","Data, Analytics & AI","F17.14","Model operations","2","monitor drift","ANALYSE","NTE-031;NTE-032;NTE-033;NTE-034","NTE-002;NTE-003;NTE-004;NTE-005;NTE-007;NTE-008;NTE-009","CANONICAL_OBJECT_MAPPING_PENDING","IMPLEMENTATION_RECONCILIATION_PENDING","2026-09-21"
"NCC-F17.14-003","F17","Data, Analytics & AI","F17.14","Model operations","3","retrain","OPERATE","NTE-031;NTE-032;NTE-033;NTE-034","NTE-002;NTE-003;NTE-004;NTE-005;NTE-007;NTE-008;NTE-009","CANONICAL_OBJECT_MAPPING_PENDING","IMPLEMENTATION_RECONCILIATION_PENDING","2026-09-21"
"NCC-F17.14-004","F17","Data, Analytics & AI","F17.14","Model operations","4","version","OPERATE","NTE-031;NTE-032;NTE-033;NTE-034","NTE-002;NTE-003;NTE-004;NTE-005;NTE-007;NTE-008;NTE-009","CANONICAL_OBJECT_MAPPING_PENDING","IMPLEMENTATION_RECONCILIATION_PENDING","2026-09-21"
"NCC-F17.14-005","F17","Data, Analytics & AI","F17.14","Model operations","5","retire","OPERATE","NTE-031;NTE-032;NTE-033;NTE-034","NTE-002;NTE-003;NTE-004;NTE-005;NTE-007;NTE-008;NTE-009","CANONICAL_OBJECT_MAPPING_PENDING","IMPLEMENTATION_RECONCILIATION_PENDING","2026-09-21"
"NCC-F17.15-001","F17","Data, Analytics & AI","F17.15","Metadata/catalogue","1","Catalogue datasets","OPERATE","NTE-031;NTE-032;NTE-033;NTE-034","NTE-002;NTE-003;NTE-004;NTE-005;NTE-007;NTE-008;NTE-009","CANONICAL_OBJECT_MAPPING_PENDING","IMPLEMENTATION_RECONCILIATION_PENDING","2026-09-21"
"NCC-F17.15-002","F17","Data, Analytics & AI","F17.15","Metadata/catalogue","2","define lineage","AUTHOR_CREATE","NTE-031;NTE-032;NTE-033;NTE-034","NTE-002;NTE-003;NTE-004;NTE-005;NTE-007;NTE-008;NTE-009","CANONICAL_OBJECT_MAPPING_PENDING","IMPLEMENTATION_RECONCILIATION_PENDING","2026-09-21"
"NCC-F17.15-003","F17","Data, Analytics & AI","F17.15","Metadata/catalogue","3","classify","OPERATE","NTE-031;NTE-032;NTE-033;NTE-034","NTE-002;NTE-003;NTE-004;NTE-005;NTE-007;NTE-008;NTE-009","CANONICAL_OBJECT_MAPPING_PENDING","IMPLEMENTATION_RECONCILIATION_PENDING","2026-09-21"
"NCC-F17.15-004","F17","Data, Analytics & AI","F17.15","Metadata/catalogue","4","maintain business glossary","OPERATE","NTE-031;NTE-032;NTE-033;NTE-034","NTE-002;NTE-003;NTE-004;NTE-005;NTE-007;NTE-008;NTE-009","CANONICAL_OBJECT_MAPPING_PENDING","IMPLEMENTATION_RECONCILIATION_PENDING","2026-09-21"
"NCC-F17.16-001","F17","Data, Analytics & AI","F17.16","Data access","1","Request access","OPERATE","NTE-031;NTE-032;NTE-033;NTE-034","NTE-002;NTE-003;NTE-004;NTE-005;NTE-007;NTE-008;NTE-009","CANONICAL_OBJECT_MAPPING_PENDING","IMPLEMENTATION_RECONCILIATION_PENDING","2026-09-21"
"NCC-F17.16-002","F17","Data, Analytics & AI","F17.16","Data access","2","approve","GOVERN_DECIDE","NTE-031;NTE-032;NTE-033;NTE-034","NTE-002;NTE-003;NTE-004;NTE-005;NTE-007;NTE-008;NTE-009","CANONICAL_OBJECT_MAPPING_PENDING","IMPLEMENTATION_RECONCILIATION_PENDING","2026-09-21"
"NCC-F17.16-003","F17","Data, Analytics & AI","F17.16","Data access","3","provision","OPERATE","NTE-031;NTE-032;NTE-033;NTE-034","NTE-002;NTE-003;NTE-004;NTE-005;NTE-007;NTE-008;NTE-009","CANONICAL_OBJECT_MAPPING_PENDING","IMPLEMENTATION_RECONCILIATION_PENDING","2026-09-21"
"NCC-F17.16-004","F17","Data, Analytics & AI","F17.16","Data access","4","review","OPERATE","NTE-031;NTE-032;NTE-033;NTE-034","NTE-002;NTE-003;NTE-004;NTE-005;NTE-007;NTE-008;NTE-009","CANONICAL_OBJECT_MAPPING_PENDING","IMPLEMENTATION_RECONCILIATION_PENDING","2026-09-21"
"NCC-F17.16-005","F17","Data, Analytics & AI","F17.16","Data access","5","revoke","OPERATE","NTE-031;NTE-032;NTE-033;NTE-034","NTE-002;NTE-003;NTE-004;NTE-005;NTE-007;NTE-008;NTE-009","CANONICAL_OBJECT_MAPPING_PENDING","IMPLEMENTATION_RECONCILIATION_PENDING","2026-09-21"
"NCC-F17.17-001","F17","Data, Analytics & AI","F17.17","Data lifecycle","1","Create","AUTHOR_CREATE","NTE-031;NTE-032;NTE-033;NTE-034","NTE-002;NTE-003;NTE-004;NTE-005;NTE-007;NTE-008;NTE-009","CANONICAL_OBJECT_MAPPING_PENDING","IMPLEMENTATION_RECONCILIATION_PENDING","2026-09-21"
"NCC-F17.17-002","F17","Data, Analytics & AI","F17.17","Data lifecycle","2","retain","OPERATE","NTE-031;NTE-032;NTE-033;NTE-034","NTE-002;NTE-003;NTE-004;NTE-005;NTE-007;NTE-008;NTE-009","CANONICAL_OBJECT_MAPPING_PENDING","IMPLEMENTATION_RECONCILIATION_PENDING","2026-09-21"
"NCC-F17.17-003","F17","Data, Analytics & AI","F17.17","Data lifecycle","3","archive","OPERATE","NTE-031;NTE-032;NTE-033;NTE-034","NTE-002;NTE-003;NTE-004;NTE-005;NTE-007;NTE-008;NTE-009","CANONICAL_OBJECT_MAPPING_PENDING","IMPLEMENTATION_RECONCILIATION_PENDING","2026-09-21"
"NCC-F17.17-004","F17","Data, Analytics & AI","F17.17","Data lifecycle","4","delete","OPERATE","NTE-031;NTE-032;NTE-033;NTE-034","NTE-002;NTE-003;NTE-004;NTE-005;NTE-007;NTE-008;NTE-009","CANONICAL_OBJECT_MAPPING_PENDING","IMPLEMENTATION_RECONCILIATION_PENDING","2026-09-21"
"NCC-F17.17-005","F17","Data, Analytics & AI","F17.17","Data lifecycle","5","dispose","OPERATE","NTE-031;NTE-032;NTE-033;NTE-034","NTE-002;NTE-003;NTE-004;NTE-005;NTE-007;NTE-008;NTE-009","CANONICAL_OBJECT_MAPPING_PENDING","IMPLEMENTATION_RECONCILIATION_PENDING","2026-09-21"
"NCC-F18.01-001","F18","Cybersecurity & Information Security","F18.01","Security strategy","1","Define security objectives","AUTHOR_CREATE","NTE-035","NTE-002;NTE-003;NTE-004;NTE-005;NTE-007;NTE-008;NTE-009","CANONICAL_OBJECT_MAPPING_PENDING","IMPLEMENTATION_RECONCILIATION_PENDING","2026-09-21"
"NCC-F18.01-002","F18","Cybersecurity & Information Security","F18.01","Security strategy","2","roadmap","AUTHOR_CREATE","NTE-035","NTE-002;NTE-003;NTE-004;NTE-005;NTE-007;NTE-008;NTE-009","CANONICAL_OBJECT_MAPPING_PENDING","IMPLEMENTATION_RECONCILIATION_PENDING","2026-09-21"
"NCC-F18.01-003","F18","Cybersecurity & Information Security","F18.01","Security strategy","3","governance","OPERATE","NTE-035","NTE-002;NTE-003;NTE-004;NTE-005;NTE-007;NTE-008;NTE-009","CANONICAL_OBJECT_MAPPING_PENDING","IMPLEMENTATION_RECONCILIATION_PENDING","2026-09-21"
"NCC-F18.01-004","F18","Cybersecurity & Information Security","F18.01","Security strategy","4","funding","OPERATE","NTE-035","NTE-002;NTE-003;NTE-004;NTE-005;NTE-007;NTE-008;NTE-009","CANONICAL_OBJECT_MAPPING_PENDING","IMPLEMENTATION_RECONCILIATION_PENDING","2026-09-21"
"NCC-F18.02-001","F18","Cybersecurity & Information Security","F18.02","Security policy","1","Create standards","AUTHOR_CREATE","NTE-035;NTE-043","NTE-002;NTE-003;NTE-004;NTE-005;NTE-007;NTE-008;NTE-009","CANONICAL_OBJECT_MAPPING_PENDING","IMPLEMENTATION_RECONCILIATION_PENDING","2026-09-21"
"NCC-F18.02-002","F18","Cybersecurity & Information Security","F18.02","Security policy","2","approve","GOVERN_DECIDE","NTE-035;NTE-043","NTE-002;NTE-003;NTE-004;NTE-005;NTE-007;NTE-008;NTE-009","CANONICAL_OBJECT_MAPPING_PENDING","IMPLEMENTATION_RECONCILIATION_PENDING","2026-09-21"
"NCC-F18.02-003","F18","Cybersecurity & Information Security","F18.02","Security policy","3","publish","COMMUNICATE_PUBLISH","NTE-035;NTE-043","NTE-002;NTE-003;NTE-004;NTE-005;NTE-007;NTE-008;NTE-009","CANONICAL_OBJECT_MAPPING_PENDING","IMPLEMENTATION_RECONCILIATION_PENDING","2026-09-21"
"NCC-F18.02-004","F18","Cybersecurity & Information Security","F18.02","Security policy","4","review compliance","OPERATE","NTE-035;NTE-043","NTE-002;NTE-003;NTE-004;NTE-005;NTE-007;NTE-008;NTE-009","CANONICAL_OBJECT_MAPPING_PENDING","IMPLEMENTATION_RECONCILIATION_PENDING","2026-09-21"
"NCC-F18.03-001","F18","Cybersecurity & Information Security","F18.03","Security architecture","1","Define controls","AUTHOR_CREATE","NTE-035","NTE-002;NTE-003;NTE-004;NTE-005;NTE-007;NTE-008;NTE-009","CANONICAL_OBJECT_MAPPING_PENDING","IMPLEMENTATION_RECONCILIATION_PENDING","2026-09-21"
"NCC-F18.03-002","F18","Cybersecurity & Information Security","F18.03","Security architecture","2","review solution architecture","OPERATE","NTE-035","NTE-002;NTE-003;NTE-004;NTE-005;NTE-007;NTE-008;NTE-009","CANONICAL_OBJECT_MAPPING_PENDING","IMPLEMENTATION_RECONCILIATION_PENDING","2026-09-21"
"NCC-F18.03-003","F18","Cybersecurity & Information Security","F18.03","Security architecture","3","approve exceptions","GOVERN_DECIDE","NTE-035","NTE-002;NTE-003;NTE-004;NTE-005;NTE-007;NTE-008;NTE-009","CANONICAL_OBJECT_MAPPING_PENDING","IMPLEMENTATION_RECONCILIATION_PENDING","2026-09-21"
"NCC-F18.04-001","F18","Cybersecurity & Information Security","F18.04","Identity & access security","1","Authenticate users","OPERATE","NTE-035","NTE-002;NTE-003;NTE-004;NTE-005;NTE-007;NTE-008;NTE-009","CANONICAL_OBJECT_MAPPING_PENDING","IMPLEMENTATION_RECONCILIATION_PENDING","2026-09-21"
"NCC-F18.04-002","F18","Cybersecurity & Information Security","F18.04","Identity & access security","2","authorise access","GOVERN_DECIDE","NTE-035","NTE-002;NTE-003;NTE-004;NTE-005;NTE-007;NTE-008;NTE-009","CANONICAL_OBJECT_MAPPING_PENDING","IMPLEMENTATION_RECONCILIATION_PENDING","2026-09-21"
"NCC-F18.04-003","F18","Cybersecurity & Information Security","F18.04","Identity & access security","3","privileged access","OPERATE","NTE-035","NTE-002;NTE-003;NTE-004;NTE-005;NTE-007;NTE-008;NTE-009","CANONICAL_OBJECT_MAPPING_PENDING","IMPLEMENTATION_RECONCILIATION_PENDING","2026-09-21"
"NCC-F18.04-004","F18","Cybersecurity & Information Security","F18.04","Identity & access security","4","access reviews","OPERATE","NTE-035","NTE-002;NTE-003;NTE-004;NTE-005;NTE-007;NTE-008;NTE-009","CANONICAL_OBJECT_MAPPING_PENDING","IMPLEMENTATION_RECONCILIATION_PENDING","2026-09-21"
"NCC-F18.05-001","F18","Cybersecurity & Information Security","F18.05","Vulnerability management","1","Discover assets","OPERATE","NTE-035","NTE-002;NTE-003;NTE-004;NTE-005;NTE-007;NTE-008;NTE-009","CANONICAL_OBJECT_MAPPING_PENDING","IMPLEMENTATION_RECONCILIATION_PENDING","2026-09-21"
"NCC-F18.05-002","F18","Cybersecurity & Information Security","F18.05","Vulnerability management","2","scan","OPERATE","NTE-035","NTE-002;NTE-003;NTE-004;NTE-005;NTE-007;NTE-008;NTE-009","CANONICAL_OBJECT_MAPPING_PENDING","IMPLEMENTATION_RECONCILIATION_PENDING","2026-09-21"
"NCC-F18.05-003","F18","Cybersecurity & Information Security","F18.05","Vulnerability management","3","prioritise vulnerabilities","PLAN_OPTIMISE","NTE-035","NTE-002;NTE-003;NTE-004;NTE-005;NTE-007;NTE-008;NTE-009","CANONICAL_OBJECT_MAPPING_PENDING","IMPLEMENTATION_RECONCILIATION_PENDING","2026-09-21"
"NCC-F18.05-004","F18","Cybersecurity & Information Security","F18.05","Vulnerability management","4","remediate","EXCEPTION_IMPROVE","NTE-035","NTE-002;NTE-003;NTE-004;NTE-005;NTE-007;NTE-008;NTE-009","CANONICAL_OBJECT_MAPPING_PENDING","IMPLEMENTATION_RECONCILIATION_PENDING","2026-09-21"
"NCC-F18.05-005","F18","Cybersecurity & Information Security","F18.05","Vulnerability management","5","verify","ASSURE_VERIFY","NTE-035","NTE-002;NTE-003;NTE-004;NTE-005;NTE-007;NTE-008;NTE-009","CANONICAL_OBJECT_MAPPING_PENDING","IMPLEMENTATION_RECONCILIATION_PENDING","2026-09-21"
"NCC-F18.06-001","F18","Cybersecurity & Information Security","F18.06","Patch security","1","Identify patches","OPERATE","NTE-035","NTE-002;NTE-003;NTE-004;NTE-005;NTE-007;NTE-008;NTE-009","CANONICAL_OBJECT_MAPPING_PENDING","IMPLEMENTATION_RECONCILIATION_PENDING","2026-09-21"
"NCC-F18.06-002","F18","Cybersecurity & Information Security","F18.06","Patch security","2","assess risk","ANALYSE","NTE-035","NTE-002;NTE-003;NTE-004;NTE-005;NTE-007;NTE-008;NTE-009","CANONICAL_OBJECT_MAPPING_PENDING","IMPLEMENTATION_RECONCILIATION_PENDING","2026-09-21"
"NCC-F18.06-003","F18","Cybersecurity & Information Security","F18.06","Patch security","3","test","ASSURE_VERIFY","NTE-035","NTE-002;NTE-003;NTE-004;NTE-005;NTE-007;NTE-008;NTE-009","CANONICAL_OBJECT_MAPPING_PENDING","IMPLEMENTATION_RECONCILIATION_PENDING","2026-09-21"
"NCC-F18.06-004","F18","Cybersecurity & Information Security","F18.06","Patch security","4","deploy","OPERATE","NTE-035","NTE-002;NTE-003;NTE-004;NTE-005;NTE-007;NTE-008;NTE-009","CANONICAL_OBJECT_MAPPING_PENDING","IMPLEMENTATION_RECONCILIATION_PENDING","2026-09-21"
"NCC-F18.06-005","F18","Cybersecurity & Information Security","F18.06","Patch security","5","verify","ASSURE_VERIFY","NTE-035","NTE-002;NTE-003;NTE-004;NTE-005;NTE-007;NTE-008;NTE-009","CANONICAL_OBJECT_MAPPING_PENDING","IMPLEMENTATION_RECONCILIATION_PENDING","2026-09-21"
"NCC-F18.07-001","F18","Cybersecurity & Information Security","F18.07","Security monitoring","1","Collect logs","OPERATE","NTE-035","NTE-002;NTE-003;NTE-004;NTE-005;NTE-007;NTE-008;NTE-009","CANONICAL_OBJECT_MAPPING_PENDING","IMPLEMENTATION_RECONCILIATION_PENDING","2026-09-21"
"NCC-F18.07-002","F18","Cybersecurity & Information Security","F18.07","Security monitoring","2","correlate events","OPERATE","NTE-035","NTE-002;NTE-003;NTE-004;NTE-005;NTE-007;NTE-008;NTE-009","CANONICAL_OBJECT_MAPPING_PENDING","IMPLEMENTATION_RECONCILIATION_PENDING","2026-09-21"
"NCC-F18.07-003","F18","Cybersecurity & Information Security","F18.07","Security monitoring","3","detect anomalies","OPERATE","NTE-035","NTE-002;NTE-003;NTE-004;NTE-005;NTE-007;NTE-008;NTE-009","CANONICAL_OBJECT_MAPPING_PENDING","IMPLEMENTATION_RECONCILIATION_PENDING","2026-09-21"
"NCC-F18.07-004","F18","Cybersecurity & Information Security","F18.07","Security monitoring","4","investigate alerts","EXCEPTION_IMPROVE","NTE-035","NTE-002;NTE-003;NTE-004;NTE-005;NTE-007;NTE-008;NTE-009","CANONICAL_OBJECT_MAPPING_PENDING","IMPLEMENTATION_RECONCILIATION_PENDING","2026-09-21"
"NCC-F18.08-001","F18","Cybersecurity & Information Security","F18.08","Security incident response","1","Detect","OPERATE","NTE-035","NTE-002;NTE-003;NTE-004;NTE-005;NTE-007;NTE-008;NTE-009","CANONICAL_OBJECT_MAPPING_PENDING","IMPLEMENTATION_RECONCILIATION_PENDING","2026-09-21"
"NCC-F18.08-002","F18","Cybersecurity & Information Security","F18.08","Security incident response","2","triage","OPERATE","NTE-035","NTE-002;NTE-003;NTE-004;NTE-005;NTE-007;NTE-008;NTE-009","CANONICAL_OBJECT_MAPPING_PENDING","IMPLEMENTATION_RECONCILIATION_PENDING","2026-09-21"
"NCC-F18.08-003","F18","Cybersecurity & Information Security","F18.08","Security incident response","3","contain","EXCEPTION_IMPROVE","NTE-035","NTE-002;NTE-003;NTE-004;NTE-005;NTE-007;NTE-008;NTE-009","CANONICAL_OBJECT_MAPPING_PENDING","IMPLEMENTATION_RECONCILIATION_PENDING","2026-09-21"
"NCC-F18.08-004","F18","Cybersecurity & Information Security","F18.08","Security incident response","4","eradicate","OPERATE","NTE-035","NTE-002;NTE-003;NTE-004;NTE-005;NTE-007;NTE-008;NTE-009","CANONICAL_OBJECT_MAPPING_PENDING","IMPLEMENTATION_RECONCILIATION_PENDING","2026-09-21"
"NCC-F18.08-005","F18","Cybersecurity & Information Security","F18.08","Security incident response","5","recover","EXCEPTION_IMPROVE","NTE-035","NTE-002;NTE-003;NTE-004;NTE-005;NTE-007;NTE-008;NTE-009","CANONICAL_OBJECT_MAPPING_PENDING","IMPLEMENTATION_RECONCILIATION_PENDING","2026-09-21"
"NCC-F18.08-006","F18","Cybersecurity & Information Security","F18.08","Security incident response","6","review","OPERATE","NTE-035","NTE-002;NTE-003;NTE-004;NTE-005;NTE-007;NTE-008;NTE-009","CANONICAL_OBJECT_MAPPING_PENDING","IMPLEMENTATION_RECONCILIATION_PENDING","2026-09-21"
"NCC-F18.09-001","F18","Cybersecurity & Information Security","F18.09","Threat intelligence","1","Collect intelligence","OPERATE","NTE-035","NTE-002;NTE-003;NTE-004;NTE-005;NTE-007;NTE-008;NTE-009","CANONICAL_OBJECT_MAPPING_PENDING","IMPLEMENTATION_RECONCILIATION_PENDING","2026-09-21"
"NCC-F18.09-002","F18","Cybersecurity & Information Security","F18.09","Threat intelligence","2","assess threats","ANALYSE","NTE-035","NTE-002;NTE-003;NTE-004;NTE-005;NTE-007;NTE-008;NTE-009","CANONICAL_OBJECT_MAPPING_PENDING","IMPLEMENTATION_RECONCILIATION_PENDING","2026-09-21"
"NCC-F18.09-003","F18","Cybersecurity & Information Security","F18.09","Threat intelligence","3","create indicators","AUTHOR_CREATE","NTE-035","NTE-002;NTE-003;NTE-004;NTE-005;NTE-007;NTE-008;NTE-009","CANONICAL_OBJECT_MAPPING_PENDING","IMPLEMENTATION_RECONCILIATION_PENDING","2026-09-21"
"NCC-F18.09-004","F18","Cybersecurity & Information Security","F18.09","Threat intelligence","4","distribute alerts","COMMUNICATE_PUBLISH","NTE-035","NTE-002;NTE-003;NTE-004;NTE-005;NTE-007;NTE-008;NTE-009","CANONICAL_OBJECT_MAPPING_PENDING","IMPLEMENTATION_RECONCILIATION_PENDING","2026-09-21"
"NCC-F18.10-001","F18","Cybersecurity & Information Security","F18.10","Penetration testing","1","Define scope","AUTHOR_CREATE","NTE-035","NTE-002;NTE-003;NTE-004;NTE-005;NTE-007;NTE-008;NTE-009","CANONICAL_OBJECT_MAPPING_PENDING","IMPLEMENTATION_RECONCILIATION_PENDING","2026-09-21"
"NCC-F18.10-002","F18","Cybersecurity & Information Security","F18.10","Penetration testing","2","test","ASSURE_VERIFY","NTE-035","NTE-002;NTE-003;NTE-004;NTE-005;NTE-007;NTE-008;NTE-009","CANONICAL_OBJECT_MAPPING_PENDING","IMPLEMENTATION_RECONCILIATION_PENDING","2026-09-21"
"NCC-F18.10-003","F18","Cybersecurity & Information Security","F18.10","Penetration testing","3","document findings","AUTHOR_CREATE","NTE-035","NTE-002;NTE-003;NTE-004;NTE-005;NTE-007;NTE-008;NTE-009","CANONICAL_OBJECT_MAPPING_PENDING","IMPLEMENTATION_RECONCILIATION_PENDING","2026-09-21"
"NCC-F18.10-004","F18","Cybersecurity & Information Security","F18.10","Penetration testing","4","remediate","EXCEPTION_IMPROVE","NTE-035","NTE-002;NTE-003;NTE-004;NTE-005;NTE-007;NTE-008;NTE-009","CANONICAL_OBJECT_MAPPING_PENDING","IMPLEMENTATION_RECONCILIATION_PENDING","2026-09-21"
"NCC-F18.10-005","F18","Cybersecurity & Information Security","F18.10","Penetration testing","5","retest","ASSURE_VERIFY","NTE-035","NTE-002;NTE-003;NTE-004;NTE-005;NTE-007;NTE-008;NTE-009","CANONICAL_OBJECT_MAPPING_PENDING","IMPLEMENTATION_RECONCILIATION_PENDING","2026-09-21"
"NCC-F18.11-001","F18","Cybersecurity & Information Security","F18.11","Application security","1","Threat model","OPERATE","NTE-035","NTE-002;NTE-003;NTE-004;NTE-005;NTE-007;NTE-008;NTE-009","CANONICAL_OBJECT_MAPPING_PENDING","IMPLEMENTATION_RECONCILIATION_PENDING","2026-09-21"
"NCC-F18.11-002","F18","Cybersecurity & Information Security","F18.11","Application security","2","code scan","OPERATE","NTE-035","NTE-002;NTE-003;NTE-004;NTE-005;NTE-007;NTE-008;NTE-009","CANONICAL_OBJECT_MAPPING_PENDING","IMPLEMENTATION_RECONCILIATION_PENDING","2026-09-21"
"NCC-F18.11-003","F18","Cybersecurity & Information Security","F18.11","Application security","3","dependency scan","OPERATE","NTE-035","NTE-002;NTE-003;NTE-004;NTE-005;NTE-007;NTE-008;NTE-009","CANONICAL_OBJECT_MAPPING_PENDING","IMPLEMENTATION_RECONCILIATION_PENDING","2026-09-21"
"NCC-F18.11-004","F18","Cybersecurity & Information Security","F18.11","Application security","4","test","ASSURE_VERIFY","NTE-035","NTE-002;NTE-003;NTE-004;NTE-005;NTE-007;NTE-008;NTE-009","CANONICAL_OBJECT_MAPPING_PENDING","IMPLEMENTATION_RECONCILIATION_PENDING","2026-09-21"
"NCC-F18.11-005","F18","Cybersecurity & Information Security","F18.11","Application security","5","remediate","EXCEPTION_IMPROVE","NTE-035","NTE-002;NTE-003;NTE-004;NTE-005;NTE-007;NTE-008;NTE-009","CANONICAL_OBJECT_MAPPING_PENDING","IMPLEMENTATION_RECONCILIATION_PENDING","2026-09-21"
"NCC-F18.12-001","F18","Cybersecurity & Information Security","F18.12","Third-party security","1","Assess supplier","ANALYSE","NTE-035","NTE-002;NTE-003;NTE-004;NTE-005;NTE-007;NTE-008;NTE-009","CANONICAL_OBJECT_MAPPING_PENDING","IMPLEMENTATION_RECONCILIATION_PENDING","2026-09-21"
"NCC-F18.12-002","F18","Cybersecurity & Information Security","F18.12","Third-party security","2","review controls","OPERATE","NTE-035","NTE-002;NTE-003;NTE-004;NTE-005;NTE-007;NTE-008;NTE-009","CANONICAL_OBJECT_MAPPING_PENDING","IMPLEMENTATION_RECONCILIATION_PENDING","2026-09-21"
"NCC-F18.12-003","F18","Cybersecurity & Information Security","F18.12","Third-party security","3","monitor risk","ANALYSE","NTE-035","NTE-002;NTE-003;NTE-004;NTE-005;NTE-007;NTE-008;NTE-009","CANONICAL_OBJECT_MAPPING_PENDING","IMPLEMENTATION_RECONCILIATION_PENDING","2026-09-21"
"NCC-F18.12-004","F18","Cybersecurity & Information Security","F18.12","Third-party security","4","manage remediation","EXCEPTION_IMPROVE","NTE-035","NTE-002;NTE-003;NTE-004;NTE-005;NTE-007;NTE-008;NTE-009","CANONICAL_OBJECT_MAPPING_PENDING","IMPLEMENTATION_RECONCILIATION_PENDING","2026-09-21"
"NCC-F18.13-001","F18","Cybersecurity & Information Security","F18.13","Security awareness","1","Develop training","AUTHOR_CREATE","NTE-035","NTE-002;NTE-003;NTE-004;NTE-005;NTE-007;NTE-008;NTE-009","CANONICAL_OBJECT_MAPPING_PENDING","IMPLEMENTATION_RECONCILIATION_PENDING","2026-09-21"
"NCC-F18.13-002","F18","Cybersecurity & Information Security","F18.13","Security awareness","2","conduct phishing simulations","OPERATE","NTE-035","NTE-002;NTE-003;NTE-004;NTE-005;NTE-007;NTE-008;NTE-009","CANONICAL_OBJECT_MAPPING_PENDING","IMPLEMENTATION_RECONCILIATION_PENDING","2026-09-21"
"NCC-F18.13-003","F18","Cybersecurity & Information Security","F18.13","Security awareness","3","track completion","ANALYSE","NTE-035","NTE-002;NTE-003;NTE-004;NTE-005;NTE-007;NTE-008;NTE-009","CANONICAL_OBJECT_MAPPING_PENDING","IMPLEMENTATION_RECONCILIATION_PENDING","2026-09-21"
"NCC-F18.14-001","F18","Cybersecurity & Information Security","F18.14","Cryptography","1","Manage keys","OPERATE","NTE-035","NTE-002;NTE-003;NTE-004;NTE-005;NTE-007;NTE-008;NTE-009","CANONICAL_OBJECT_MAPPING_PENDING","IMPLEMENTATION_RECONCILIATION_PENDING","2026-09-21"
"NCC-F18.14-002","F18","Cybersecurity & Information Security","F18.14","Cryptography","2","certificates","OPERATE","NTE-035","NTE-002;NTE-003;NTE-004;NTE-005;NTE-007;NTE-008;NTE-009","CANONICAL_OBJECT_MAPPING_PENDING","IMPLEMENTATION_RECONCILIATION_PENDING","2026-09-21"
"NCC-F18.14-003","F18","Cybersecurity & Information Security","F18.14","Cryptography","3","encryption policies","OPERATE","NTE-035","NTE-002;NTE-003;NTE-004;NTE-005;NTE-007;NTE-008;NTE-009","CANONICAL_OBJECT_MAPPING_PENDING","IMPLEMENTATION_RECONCILIATION_PENDING","2026-09-21"
"NCC-F18.14-004","F18","Cybersecurity & Information Security","F18.14","Cryptography","4","certificate lifecycle","OPERATE","NTE-035","NTE-002;NTE-003;NTE-004;NTE-005;NTE-007;NTE-008;NTE-009","CANONICAL_OBJECT_MAPPING_PENDING","IMPLEMENTATION_RECONCILIATION_PENDING","2026-09-21"
"NCC-F18.15-001","F18","Cybersecurity & Information Security","F18.15","Security compliance","1","Map controls","AUTHOR_CREATE","NTE-035;NTE-037","NTE-002;NTE-003;NTE-004;NTE-005;NTE-007;NTE-008;NTE-009","CANONICAL_OBJECT_MAPPING_PENDING","IMPLEMENTATION_RECONCILIATION_PENDING","2026-09-21"
"NCC-F18.15-002","F18","Cybersecurity & Information Security","F18.15","Security compliance","2","collect evidence","OPERATE","NTE-035;NTE-037","NTE-002;NTE-003;NTE-004;NTE-005;NTE-007;NTE-008;NTE-009","CANONICAL_OBJECT_MAPPING_PENDING","IMPLEMENTATION_RECONCILIATION_PENDING","2026-09-21"
"NCC-F18.15-003","F18","Cybersecurity & Information Security","F18.15","Security compliance","3","test compliance","ASSURE_VERIFY","NTE-035;NTE-037","NTE-002;NTE-003;NTE-004;NTE-005;NTE-007;NTE-008;NTE-009","CANONICAL_OBJECT_MAPPING_PENDING","IMPLEMENTATION_RECONCILIATION_PENDING","2026-09-21"
"NCC-F18.15-004","F18","Cybersecurity & Information Security","F18.15","Security compliance","4","remediate gaps","EXCEPTION_IMPROVE","NTE-035;NTE-037","NTE-002;NTE-003;NTE-004;NTE-005;NTE-007;NTE-008;NTE-009","CANONICAL_OBJECT_MAPPING_PENDING","IMPLEMENTATION_RECONCILIATION_PENDING","2026-09-21"
"NCC-F19.01-001","F19","Legal & Corporate Secretariat","F19.01","Legal advisory","1","Interpret law","OPERATE","NTE-036","NTE-002;NTE-003;NTE-004;NTE-005;NTE-007;NTE-008;NTE-009","CANONICAL_OBJECT_MAPPING_PENDING","IMPLEMENTATION_RECONCILIATION_PENDING","2026-09-21"
"NCC-F19.01-002","F19","Legal & Corporate Secretariat","F19.01","Legal advisory","2","provide advice","OPERATE","NTE-036","NTE-002;NTE-003;NTE-004;NTE-005;NTE-007;NTE-008;NTE-009","CANONICAL_OBJECT_MAPPING_PENDING","IMPLEMENTATION_RECONCILIATION_PENDING","2026-09-21"
"NCC-F19.01-003","F19","Legal & Corporate Secretariat","F19.01","Legal advisory","3","review business decisions","GOVERN_DECIDE","NTE-036","NTE-002;NTE-003;NTE-004;NTE-005;NTE-007;NTE-008;NTE-009","CANONICAL_OBJECT_MAPPING_PENDING","IMPLEMENTATION_RECONCILIATION_PENDING","2026-09-21"
"NCC-F19.02-001","F19","Legal & Corporate Secretariat","F19.02","Contract management","1","Draft","AUTHOR_CREATE","NTE-036","NTE-002;NTE-003;NTE-004;NTE-005;NTE-007;NTE-008;NTE-009","CANONICAL_OBJECT_MAPPING_PENDING","IMPLEMENTATION_RECONCILIATION_PENDING","2026-09-21"
"NCC-F19.02-002","F19","Legal & Corporate Secretariat","F19.02","Contract management","2","review","OPERATE","NTE-036","NTE-002;NTE-003;NTE-004;NTE-005;NTE-007;NTE-008;NTE-009","CANONICAL_OBJECT_MAPPING_PENDING","IMPLEMENTATION_RECONCILIATION_PENDING","2026-09-21"
"NCC-F19.02-003","F19","Legal & Corporate Secretariat","F19.02","Contract management","3","negotiate","OPERATE","NTE-036","NTE-002;NTE-003;NTE-004;NTE-005;NTE-007;NTE-008;NTE-009","CANONICAL_OBJECT_MAPPING_PENDING","IMPLEMENTATION_RECONCILIATION_PENDING","2026-09-21"
"NCC-F19.02-004","F19","Legal & Corporate Secretariat","F19.02","Contract management","4","approve","GOVERN_DECIDE","NTE-036","NTE-002;NTE-003;NTE-004;NTE-005;NTE-007;NTE-008;NTE-009","CANONICAL_OBJECT_MAPPING_PENDING","IMPLEMENTATION_RECONCILIATION_PENDING","2026-09-21"
"NCC-F19.02-005","F19","Legal & Corporate Secretariat","F19.02","Contract management","5","execute","TRANSACT_EXECUTE","NTE-036","NTE-002;NTE-003;NTE-004;NTE-005;NTE-007;NTE-008;NTE-009","CANONICAL_OBJECT_MAPPING_PENDING","IMPLEMENTATION_RECONCILIATION_PENDING","2026-09-21"
"NCC-F19.02-006","F19","Legal & Corporate Secretariat","F19.02","Contract management","6","amend","OPERATE","NTE-036","NTE-002;NTE-003;NTE-004;NTE-005;NTE-007;NTE-008;NTE-009","CANONICAL_OBJECT_MAPPING_PENDING","IMPLEMENTATION_RECONCILIATION_PENDING","2026-09-21"
"NCC-F19.02-007","F19","Legal & Corporate Secretariat","F19.02","Contract management","7","renew","OPERATE","NTE-036","NTE-002;NTE-003;NTE-004;NTE-005;NTE-007;NTE-008;NTE-009","CANONICAL_OBJECT_MAPPING_PENDING","IMPLEMENTATION_RECONCILIATION_PENDING","2026-09-21"
"NCC-F19.02-008","F19","Legal & Corporate Secretariat","F19.02","Contract management","8","terminate","OPERATE","NTE-036","NTE-002;NTE-003;NTE-004;NTE-005;NTE-007;NTE-008;NTE-009","CANONICAL_OBJECT_MAPPING_PENDING","IMPLEMENTATION_RECONCILIATION_PENDING","2026-09-21"
"NCC-F19.03-001","F19","Legal & Corporate Secretariat","F19.03","Contract repository","1","Store agreements","OPERATE","NTE-036","NTE-002;NTE-003;NTE-004;NTE-005;NTE-007;NTE-008;NTE-009","CANONICAL_OBJECT_MAPPING_PENDING","IMPLEMENTATION_RECONCILIATION_PENDING","2026-09-21"
"NCC-F19.03-002","F19","Legal & Corporate Secretariat","F19.03","Contract repository","2","extract obligations","OPERATE","NTE-036","NTE-002;NTE-003;NTE-004;NTE-005;NTE-007;NTE-008;NTE-009","CANONICAL_OBJECT_MAPPING_PENDING","IMPLEMENTATION_RECONCILIATION_PENDING","2026-09-21"
"NCC-F19.03-003","F19","Legal & Corporate Secretariat","F19.03","Contract repository","3","monitor milestones","ANALYSE","NTE-036","NTE-002;NTE-003;NTE-004;NTE-005;NTE-007;NTE-008;NTE-009","CANONICAL_OBJECT_MAPPING_PENDING","IMPLEMENTATION_RECONCILIATION_PENDING","2026-09-21"
"NCC-F19.03-004","F19","Legal & Corporate Secretariat","F19.03","Contract repository","4","archive","OPERATE","NTE-036","NTE-002;NTE-003;NTE-004;NTE-005;NTE-007;NTE-008;NTE-009","CANONICAL_OBJECT_MAPPING_PENDING","IMPLEMENTATION_RECONCILIATION_PENDING","2026-09-21"
"NCC-F19.04-001","F19","Legal & Corporate Secretariat","F19.04","Corporate legal","1","Establish entities","AUTHOR_CREATE","NTE-036","NTE-002;NTE-003;NTE-004;NTE-005;NTE-007;NTE-008;NTE-009","CANONICAL_OBJECT_MAPPING_PENDING","IMPLEMENTATION_RECONCILIATION_PENDING","2026-09-21"
"NCC-F19.04-002","F19","Legal & Corporate Secretariat","F19.04","Corporate legal","2","maintain registrations","OPERATE","NTE-036","NTE-002;NTE-003;NTE-004;NTE-005;NTE-007;NTE-008;NTE-009","CANONICAL_OBJECT_MAPPING_PENDING","IMPLEMENTATION_RECONCILIATION_PENDING","2026-09-21"
"NCC-F19.04-003","F19","Legal & Corporate Secretariat","F19.04","Corporate legal","3","statutory filings","OPERATE","NTE-036","NTE-002;NTE-003;NTE-004;NTE-005;NTE-007;NTE-008;NTE-009","CANONICAL_OBJECT_MAPPING_PENDING","IMPLEMENTATION_RECONCILIATION_PENDING","2026-09-21"
"NCC-F19.04-004","F19","Legal & Corporate Secretariat","F19.04","Corporate legal","4","corporate records","OPERATE","NTE-036","NTE-002;NTE-003;NTE-004;NTE-005;NTE-007;NTE-008;NTE-009","CANONICAL_OBJECT_MAPPING_PENDING","IMPLEMENTATION_RECONCILIATION_PENDING","2026-09-21"
"NCC-F19.05-001","F19","Legal & Corporate Secretariat","F19.05","Company secretariat","1","Manage board governance","OPERATE","NTE-036;NTE-043","NTE-002;NTE-003;NTE-004;NTE-005;NTE-007;NTE-008;NTE-009","CANONICAL_OBJECT_MAPPING_PENDING","IMPLEMENTATION_RECONCILIATION_PENDING","2026-09-21"
"NCC-F19.05-002","F19","Legal & Corporate Secretariat","F19.05","Company secretariat","2","resolutions","OPERATE","NTE-036;NTE-043","NTE-002;NTE-003;NTE-004;NTE-005;NTE-007;NTE-008;NTE-009","CANONICAL_OBJECT_MAPPING_PENDING","IMPLEMENTATION_RECONCILIATION_PENDING","2026-09-21"
"NCC-F19.05-003","F19","Legal & Corporate Secretariat","F19.05","Company secretariat","3","statutory books","OPERATE","NTE-036;NTE-043","NTE-002;NTE-003;NTE-004;NTE-005;NTE-007;NTE-008;NTE-009","CANONICAL_OBJECT_MAPPING_PENDING","IMPLEMENTATION_RECONCILIATION_PENDING","2026-09-21"
"NCC-F19.05-004","F19","Legal & Corporate Secretariat","F19.05","Company secretariat","4","filings","OPERATE","NTE-036;NTE-043","NTE-002;NTE-003;NTE-004;NTE-005;NTE-007;NTE-008;NTE-009","CANONICAL_OBJECT_MAPPING_PENDING","IMPLEMENTATION_RECONCILIATION_PENDING","2026-09-21"
"NCC-F19.06-001","F19","Legal & Corporate Secretariat","F19.06","Intellectual property","1","Register trademarks/patents","AUTHOR_CREATE","NTE-036","NTE-002;NTE-003;NTE-004;NTE-005;NTE-007;NTE-008;NTE-009","CANONICAL_OBJECT_MAPPING_PENDING","IMPLEMENTATION_RECONCILIATION_PENDING","2026-09-21"
"NCC-F19.06-002","F19","Legal & Corporate Secretariat","F19.06","Intellectual property","2","maintain rights","OPERATE","NTE-036","NTE-002;NTE-003;NTE-004;NTE-005;NTE-007;NTE-008;NTE-009","CANONICAL_OBJECT_MAPPING_PENDING","IMPLEMENTATION_RECONCILIATION_PENDING","2026-09-21"
"NCC-F19.06-003","F19","Legal & Corporate Secretariat","F19.06","Intellectual property","3","licence IP","OPERATE","NTE-036","NTE-002;NTE-003;NTE-004;NTE-005;NTE-007;NTE-008;NTE-009","CANONICAL_OBJECT_MAPPING_PENDING","IMPLEMENTATION_RECONCILIATION_PENDING","2026-09-21"
"NCC-F19.06-004","F19","Legal & Corporate Secretariat","F19.06","Intellectual property","4","enforce rights","OPERATE","NTE-036","NTE-002;NTE-003;NTE-004;NTE-005;NTE-007;NTE-008;NTE-009","CANONICAL_OBJECT_MAPPING_PENDING","IMPLEMENTATION_RECONCILIATION_PENDING","2026-09-21"
"NCC-F19.07-001","F19","Legal & Corporate Secretariat","F19.07","Litigation","1","Assess claim","ANALYSE","NTE-036","NTE-002;NTE-003;NTE-004;NTE-005;NTE-007;NTE-008;NTE-009","CANONICAL_OBJECT_MAPPING_PENDING","IMPLEMENTATION_RECONCILIATION_PENDING","2026-09-21"
"NCC-F19.07-002","F19","Legal & Corporate Secretariat","F19.07","Litigation","2","appoint counsel","OPERATE","NTE-036","NTE-002;NTE-003;NTE-004;NTE-005;NTE-007;NTE-008;NTE-009","CANONICAL_OBJECT_MAPPING_PENDING","IMPLEMENTATION_RECONCILIATION_PENDING","2026-09-21"
"NCC-F19.07-003","F19","Legal & Corporate Secretariat","F19.07","Litigation","3","manage evidence","OPERATE","NTE-036","NTE-002;NTE-003;NTE-004;NTE-005;NTE-007;NTE-008;NTE-009","CANONICAL_OBJECT_MAPPING_PENDING","IMPLEMENTATION_RECONCILIATION_PENDING","2026-09-21"
"NCC-F19.07-004","F19","Legal & Corporate Secretariat","F19.07","Litigation","4","negotiate settlement","OPERATE","NTE-036","NTE-002;NTE-003;NTE-004;NTE-005;NTE-007;NTE-008;NTE-009","CANONICAL_OBJECT_MAPPING_PENDING","IMPLEMENTATION_RECONCILIATION_PENDING","2026-09-21"
"NCC-F19.07-005","F19","Legal & Corporate Secretariat","F19.07","Litigation","5","litigate","OPERATE","NTE-036","NTE-002;NTE-003;NTE-004;NTE-005;NTE-007;NTE-008;NTE-009","CANONICAL_OBJECT_MAPPING_PENDING","IMPLEMENTATION_RECONCILIATION_PENDING","2026-09-21"
"NCC-F19.08-001","F19","Legal & Corporate Secretariat","F19.08","Regulatory legal","1","Interpret regulation","OPERATE","NTE-036","NTE-002;NTE-003;NTE-004;NTE-005;NTE-007;NTE-008;NTE-009","CANONICAL_OBJECT_MAPPING_PENDING","IMPLEMENTATION_RECONCILIATION_PENDING","2026-09-21"
"NCC-F19.08-002","F19","Legal & Corporate Secretariat","F19.08","Regulatory legal","2","assess changes","ANALYSE","NTE-036","NTE-002;NTE-003;NTE-004;NTE-005;NTE-007;NTE-008;NTE-009","CANONICAL_OBJECT_MAPPING_PENDING","IMPLEMENTATION_RECONCILIATION_PENDING","2026-09-21"
"NCC-F19.08-003","F19","Legal & Corporate Secretariat","F19.08","Regulatory legal","3","advise implementation","OPERATE","NTE-036","NTE-002;NTE-003;NTE-004;NTE-005;NTE-007;NTE-008;NTE-009","CANONICAL_OBJECT_MAPPING_PENDING","IMPLEMENTATION_RECONCILIATION_PENDING","2026-09-21"
"NCC-F19.09-001","F19","Legal & Corporate Secretariat","F19.09","Employment legal","1","Review contracts","OPERATE","NTE-036","NTE-002;NTE-003;NTE-004;NTE-005;NTE-007;NTE-008;NTE-009","CANONICAL_OBJECT_MAPPING_PENDING","IMPLEMENTATION_RECONCILIATION_PENDING","2026-09-21"
"NCC-F19.09-002","F19","Legal & Corporate Secretariat","F19.09","Employment legal","2","disputes","OPERATE","NTE-036","NTE-002;NTE-003;NTE-004;NTE-005;NTE-007;NTE-008;NTE-009","CANONICAL_OBJECT_MAPPING_PENDING","IMPLEMENTATION_RECONCILIATION_PENDING","2026-09-21"
"NCC-F19.09-003","F19","Legal & Corporate Secretariat","F19.09","Employment legal","3","restructuring","OPERATE","NTE-036","NTE-002;NTE-003;NTE-004;NTE-005;NTE-007;NTE-008;NTE-009","CANONICAL_OBJECT_MAPPING_PENDING","IMPLEMENTATION_RECONCILIATION_PENDING","2026-09-21"
"NCC-F19.09-004","F19","Legal & Corporate Secretariat","F19.09","Employment legal","4","employee matters","OPERATE","NTE-036","NTE-002;NTE-003;NTE-004;NTE-005;NTE-007;NTE-008;NTE-009","CANONICAL_OBJECT_MAPPING_PENDING","IMPLEMENTATION_RECONCILIATION_PENDING","2026-09-21"
"NCC-F19.10-001","F19","Legal & Corporate Secretariat","F19.10","Legal spend","1","Appoint law firms","OPERATE","NTE-036","NTE-002;NTE-003;NTE-004;NTE-005;NTE-007;NTE-008;NTE-009","CANONICAL_OBJECT_MAPPING_PENDING","IMPLEMENTATION_RECONCILIATION_PENDING","2026-09-21"
"NCC-F19.10-002","F19","Legal & Corporate Secretariat","F19.10","Legal spend","2","approve matters","GOVERN_DECIDE","NTE-036","NTE-002;NTE-003;NTE-004;NTE-005;NTE-007;NTE-008;NTE-009","CANONICAL_OBJECT_MAPPING_PENDING","IMPLEMENTATION_RECONCILIATION_PENDING","2026-09-21"
"NCC-F19.10-003","F19","Legal & Corporate Secretariat","F19.10","Legal spend","3","review invoices","TRANSACT_EXECUTE","NTE-036","NTE-002;NTE-003;NTE-004;NTE-005;NTE-007;NTE-008;NTE-009","CANONICAL_OBJECT_MAPPING_PENDING","IMPLEMENTATION_RECONCILIATION_PENDING","2026-09-21"
"NCC-F19.10-004","F19","Legal & Corporate Secretariat","F19.10","Legal spend","4","monitor spend","ANALYSE","NTE-036","NTE-002;NTE-003;NTE-004;NTE-005;NTE-007;NTE-008;NTE-009","CANONICAL_OBJECT_MAPPING_PENDING","IMPLEMENTATION_RECONCILIATION_PENDING","2026-09-21"
"NCC-F19.11-001","F19","Legal & Corporate Secretariat","F19.11","Legal hold/eDiscovery","1","Issue hold","OPERATE","NTE-036;NTE-043;NTE-038","NTE-002;NTE-003;NTE-004;NTE-005;NTE-007;NTE-008;NTE-009","CANONICAL_OBJECT_MAPPING_PENDING","IMPLEMENTATION_RECONCILIATION_PENDING","2026-09-21"
"NCC-F19.11-002","F19","Legal & Corporate Secretariat","F19.11","Legal hold/eDiscovery","2","preserve information","OPERATE","NTE-036;NTE-043;NTE-038","NTE-002;NTE-003;NTE-004;NTE-005;NTE-007;NTE-008;NTE-009","CANONICAL_OBJECT_MAPPING_PENDING","IMPLEMENTATION_RECONCILIATION_PENDING","2026-09-21"
"NCC-F19.11-003","F19","Legal & Corporate Secretariat","F19.11","Legal hold/eDiscovery","3","search","OPERATE","NTE-036;NTE-043;NTE-038","NTE-002;NTE-003;NTE-004;NTE-005;NTE-007;NTE-008;NTE-009","CANONICAL_OBJECT_MAPPING_PENDING","IMPLEMENTATION_RECONCILIATION_PENDING","2026-09-21"
"NCC-F19.11-004","F19","Legal & Corporate Secretariat","F19.11","Legal hold/eDiscovery","4","collect","OPERATE","NTE-036;NTE-043;NTE-038","NTE-002;NTE-003;NTE-004;NTE-005;NTE-007;NTE-008;NTE-009","CANONICAL_OBJECT_MAPPING_PENDING","IMPLEMENTATION_RECONCILIATION_PENDING","2026-09-21"
"NCC-F19.11-005","F19","Legal & Corporate Secretariat","F19.11","Legal hold/eDiscovery","5","disclose","TRANSACT_EXECUTE","NTE-036;NTE-043;NTE-038","NTE-002;NTE-003;NTE-004;NTE-005;NTE-007;NTE-008;NTE-009","CANONICAL_OBJECT_MAPPING_PENDING","IMPLEMENTATION_RECONCILIATION_PENDING","2026-09-21"
"NCC-F19.12-001","F19","Legal & Corporate Secretariat","F19.12","Legal obligations","1","Identify obligations","OPERATE","NTE-036","NTE-002;NTE-003;NTE-004;NTE-005;NTE-007;NTE-008;NTE-009","CANONICAL_OBJECT_MAPPING_PENDING","IMPLEMENTATION_RECONCILIATION_PENDING","2026-09-21"
"NCC-F19.12-002","F19","Legal & Corporate Secretariat","F19.12","Legal obligations","2","assign owners","OPERATE","NTE-036","NTE-002;NTE-003;NTE-004;NTE-005;NTE-007;NTE-008;NTE-009","CANONICAL_OBJECT_MAPPING_PENDING","IMPLEMENTATION_RECONCILIATION_PENDING","2026-09-21"
"NCC-F19.12-003","F19","Legal & Corporate Secretariat","F19.12","Legal obligations","3","monitor compliance","ANALYSE","NTE-036","NTE-002;NTE-003;NTE-004;NTE-005;NTE-007;NTE-008;NTE-009","CANONICAL_OBJECT_MAPPING_PENDING","IMPLEMENTATION_RECONCILIATION_PENDING","2026-09-21"
"NCC-F20.01-001","F20","Risk, Compliance, Internal Control & Audit","F20.01","Risk framework","1","Establish taxonomy","AUTHOR_CREATE","NTE-037","NTE-002;NTE-003;NTE-004;NTE-005;NTE-007;NTE-008;NTE-009","CANONICAL_OBJECT_MAPPING_PENDING","IMPLEMENTATION_RECONCILIATION_PENDING","2026-09-21"
"NCC-F20.01-002","F20","Risk, Compliance, Internal Control & Audit","F20.01","Risk framework","2","appetite","OPERATE","NTE-037","NTE-002;NTE-003;NTE-004;NTE-005;NTE-007;NTE-008;NTE-009","CANONICAL_OBJECT_MAPPING_PENDING","IMPLEMENTATION_RECONCILIATION_PENDING","2026-09-21"
"NCC-F20.01-003","F20","Risk, Compliance, Internal Control & Audit","F20.01","Risk framework","3","methodology","OPERATE","NTE-037","NTE-002;NTE-003;NTE-004;NTE-005;NTE-007;NTE-008;NTE-009","CANONICAL_OBJECT_MAPPING_PENDING","IMPLEMENTATION_RECONCILIATION_PENDING","2026-09-21"
"NCC-F20.01-004","F20","Risk, Compliance, Internal Control & Audit","F20.01","Risk framework","4","governance","OPERATE","NTE-037","NTE-002;NTE-003;NTE-004;NTE-005;NTE-007;NTE-008;NTE-009","CANONICAL_OBJECT_MAPPING_PENDING","IMPLEMENTATION_RECONCILIATION_PENDING","2026-09-21"
"NCC-F20.02-001","F20","Risk, Compliance, Internal Control & Audit","F20.02","Risk identification","1","Identify risks","OPERATE","NTE-037","NTE-002;NTE-003;NTE-004;NTE-005;NTE-007;NTE-008;NTE-009","CANONICAL_OBJECT_MAPPING_PENDING","IMPLEMENTATION_RECONCILIATION_PENDING","2026-09-21"
"NCC-F20.02-002","F20","Risk, Compliance, Internal Control & Audit","F20.02","Risk identification","2","describe causes/events/impacts","OPERATE","NTE-037","NTE-002;NTE-003;NTE-004;NTE-005;NTE-007;NTE-008;NTE-009","CANONICAL_OBJECT_MAPPING_PENDING","IMPLEMENTATION_RECONCILIATION_PENDING","2026-09-21"
"NCC-F20.02-003","F20","Risk, Compliance, Internal Control & Audit","F20.02","Risk identification","3","assign owner","OPERATE","NTE-037","NTE-002;NTE-003;NTE-004;NTE-005;NTE-007;NTE-008;NTE-009","CANONICAL_OBJECT_MAPPING_PENDING","IMPLEMENTATION_RECONCILIATION_PENDING","2026-09-21"
"NCC-F20.03-001","F20","Risk, Compliance, Internal Control & Audit","F20.03","Risk assessment","1","Assess likelihood","ANALYSE","NTE-037","NTE-002;NTE-003;NTE-004;NTE-005;NTE-007;NTE-008;NTE-009","CANONICAL_OBJECT_MAPPING_PENDING","IMPLEMENTATION_RECONCILIATION_PENDING","2026-09-21"
"NCC-F20.03-002","F20","Risk, Compliance, Internal Control & Audit","F20.03","Risk assessment","2","impact","OPERATE","NTE-037","NTE-002;NTE-003;NTE-004;NTE-005;NTE-007;NTE-008;NTE-009","CANONICAL_OBJECT_MAPPING_PENDING","IMPLEMENTATION_RECONCILIATION_PENDING","2026-09-21"
"NCC-F20.03-003","F20","Risk, Compliance, Internal Control & Audit","F20.03","Risk assessment","3","inherent/residual risk","OPERATE","NTE-037","NTE-002;NTE-003;NTE-004;NTE-005;NTE-007;NTE-008;NTE-009","CANONICAL_OBJECT_MAPPING_PENDING","IMPLEMENTATION_RECONCILIATION_PENDING","2026-09-21"
"NCC-F20.03-004","F20","Risk, Compliance, Internal Control & Audit","F20.03","Risk assessment","4","control effectiveness","OPERATE","NTE-037","NTE-002;NTE-003;NTE-004;NTE-005;NTE-007;NTE-008;NTE-009","CANONICAL_OBJECT_MAPPING_PENDING","IMPLEMENTATION_RECONCILIATION_PENDING","2026-09-21"
"NCC-F20.04-001","F20","Risk, Compliance, Internal Control & Audit","F20.04","Risk treatment","1","Avoid","OPERATE","NTE-037","NTE-002;NTE-003;NTE-004;NTE-005;NTE-007;NTE-008;NTE-009","CANONICAL_OBJECT_MAPPING_PENDING","IMPLEMENTATION_RECONCILIATION_PENDING","2026-09-21"
"NCC-F20.04-002","F20","Risk, Compliance, Internal Control & Audit","F20.04","Risk treatment","2","reduce","OPERATE","NTE-037","NTE-002;NTE-003;NTE-004;NTE-005;NTE-007;NTE-008;NTE-009","CANONICAL_OBJECT_MAPPING_PENDING","IMPLEMENTATION_RECONCILIATION_PENDING","2026-09-21"
"NCC-F20.04-003","F20","Risk, Compliance, Internal Control & Audit","F20.04","Risk treatment","3","transfer","TRANSACT_EXECUTE","NTE-037","NTE-002;NTE-003;NTE-004;NTE-005;NTE-007;NTE-008;NTE-009","CANONICAL_OBJECT_MAPPING_PENDING","IMPLEMENTATION_RECONCILIATION_PENDING","2026-09-21"
"NCC-F20.04-004","F20","Risk, Compliance, Internal Control & Audit","F20.04","Risk treatment","4","accept","OPERATE","NTE-037","NTE-002;NTE-003;NTE-004;NTE-005;NTE-007;NTE-008;NTE-009","CANONICAL_OBJECT_MAPPING_PENDING","IMPLEMENTATION_RECONCILIATION_PENDING","2026-09-21"
"NCC-F20.04-005","F20","Risk, Compliance, Internal Control & Audit","F20.04","Risk treatment","5","develop treatment plan","PLAN_OPTIMISE","NTE-037","NTE-002;NTE-003;NTE-004;NTE-005;NTE-007;NTE-008;NTE-009","CANONICAL_OBJECT_MAPPING_PENDING","IMPLEMENTATION_RECONCILIATION_PENDING","2026-09-21"
"NCC-F20.05-001","F20","Risk, Compliance, Internal Control & Audit","F20.05","Risk monitoring","1","Track KRIs","ANALYSE","NTE-037","NTE-002;NTE-003;NTE-004;NTE-005;NTE-007;NTE-008;NTE-009","CANONICAL_OBJECT_MAPPING_PENDING","IMPLEMENTATION_RECONCILIATION_PENDING","2026-09-21"
"NCC-F20.05-002","F20","Risk, Compliance, Internal Control & Audit","F20.05","Risk monitoring","2","reassess risk","ANALYSE","NTE-037","NTE-002;NTE-003;NTE-004;NTE-005;NTE-007;NTE-008;NTE-009","CANONICAL_OBJECT_MAPPING_PENDING","IMPLEMENTATION_RECONCILIATION_PENDING","2026-09-21"
"NCC-F20.05-003","F20","Risk, Compliance, Internal Control & Audit","F20.05","Risk monitoring","3","identify emerging risks","OPERATE","NTE-037","NTE-002;NTE-003;NTE-004;NTE-005;NTE-007;NTE-008;NTE-009","CANONICAL_OBJECT_MAPPING_PENDING","IMPLEMENTATION_RECONCILIATION_PENDING","2026-09-21"
"NCC-F20.05-004","F20","Risk, Compliance, Internal Control & Audit","F20.05","Risk monitoring","4","escalate","OPERATE","NTE-037","NTE-002;NTE-003;NTE-004;NTE-005;NTE-007;NTE-008;NTE-009","CANONICAL_OBJECT_MAPPING_PENDING","IMPLEMENTATION_RECONCILIATION_PENDING","2026-09-21"
"NCC-F20.06-001","F20","Risk, Compliance, Internal Control & Audit","F20.06","Regulatory compliance","1","Identify regulation","OPERATE","NTE-037","NTE-002;NTE-003;NTE-004;NTE-005;NTE-007;NTE-008;NTE-009","CANONICAL_OBJECT_MAPPING_PENDING","IMPLEMENTATION_RECONCILIATION_PENDING","2026-09-21"
"NCC-F20.06-002","F20","Risk, Compliance, Internal Control & Audit","F20.06","Regulatory compliance","2","interpret requirements","OPERATE","NTE-037","NTE-002;NTE-003;NTE-004;NTE-005;NTE-007;NTE-008;NTE-009","CANONICAL_OBJECT_MAPPING_PENDING","IMPLEMENTATION_RECONCILIATION_PENDING","2026-09-21"
"NCC-F20.06-003","F20","Risk, Compliance, Internal Control & Audit","F20.06","Regulatory compliance","3","implement controls","OPERATE","NTE-037","NTE-002;NTE-003;NTE-004;NTE-005;NTE-007;NTE-008;NTE-009","CANONICAL_OBJECT_MAPPING_PENDING","IMPLEMENTATION_RECONCILIATION_PENDING","2026-09-21"
"NCC-F20.06-004","F20","Risk, Compliance, Internal Control & Audit","F20.06","Regulatory compliance","4","attest compliance","ASSURE_VERIFY","NTE-037","NTE-002;NTE-003;NTE-004;NTE-005;NTE-007;NTE-008;NTE-009","CANONICAL_OBJECT_MAPPING_PENDING","IMPLEMENTATION_RECONCILIATION_PENDING","2026-09-21"
"NCC-F20.07-001","F20","Risk, Compliance, Internal Control & Audit","F20.07","Compliance monitoring","1","Test compliance","ASSURE_VERIFY","NTE-037","NTE-002;NTE-003;NTE-004;NTE-005;NTE-007;NTE-008;NTE-009","CANONICAL_OBJECT_MAPPING_PENDING","IMPLEMENTATION_RECONCILIATION_PENDING","2026-09-21"
"NCC-F20.07-002","F20","Risk, Compliance, Internal Control & Audit","F20.07","Compliance monitoring","2","detect breaches","OPERATE","NTE-037","NTE-002;NTE-003;NTE-004;NTE-005;NTE-007;NTE-008;NTE-009","CANONICAL_OBJECT_MAPPING_PENDING","IMPLEMENTATION_RECONCILIATION_PENDING","2026-09-21"
"NCC-F20.07-003","F20","Risk, Compliance, Internal Control & Audit","F20.07","Compliance monitoring","3","record exceptions","OPERATE","NTE-037","NTE-002;NTE-003;NTE-004;NTE-005;NTE-007;NTE-008;NTE-009","CANONICAL_OBJECT_MAPPING_PENDING","IMPLEMENTATION_RECONCILIATION_PENDING","2026-09-21"
"NCC-F20.07-004","F20","Risk, Compliance, Internal Control & Audit","F20.07","Compliance monitoring","4","remediate","EXCEPTION_IMPROVE","NTE-037","NTE-002;NTE-003;NTE-004;NTE-005;NTE-007;NTE-008;NTE-009","CANONICAL_OBJECT_MAPPING_PENDING","IMPLEMENTATION_RECONCILIATION_PENDING","2026-09-21"
"NCC-F20.08-001","F20","Risk, Compliance, Internal Control & Audit","F20.08","Control management","1","Define controls","AUTHOR_CREATE","NTE-037","NTE-002;NTE-003;NTE-004;NTE-005;NTE-007;NTE-008;NTE-009","CANONICAL_OBJECT_MAPPING_PENDING","IMPLEMENTATION_RECONCILIATION_PENDING","2026-09-21"
"NCC-F20.08-002","F20","Risk, Compliance, Internal Control & Audit","F20.08","Control management","2","assign owners","OPERATE","NTE-037","NTE-002;NTE-003;NTE-004;NTE-005;NTE-007;NTE-008;NTE-009","CANONICAL_OBJECT_MAPPING_PENDING","IMPLEMENTATION_RECONCILIATION_PENDING","2026-09-21"
"NCC-F20.08-003","F20","Risk, Compliance, Internal Control & Audit","F20.08","Control management","3","execute control","TRANSACT_EXECUTE","NTE-037","NTE-002;NTE-003;NTE-004;NTE-005;NTE-007;NTE-008;NTE-009","CANONICAL_OBJECT_MAPPING_PENDING","IMPLEMENTATION_RECONCILIATION_PENDING","2026-09-21"
"NCC-F20.08-004","F20","Risk, Compliance, Internal Control & Audit","F20.08","Control management","4","retain evidence","OPERATE","NTE-037","NTE-002;NTE-003;NTE-004;NTE-005;NTE-007;NTE-008;NTE-009","CANONICAL_OBJECT_MAPPING_PENDING","IMPLEMENTATION_RECONCILIATION_PENDING","2026-09-21"
"NCC-F20.09-001","F20","Risk, Compliance, Internal Control & Audit","F20.09","Control testing","1","Select sample","ASSURE_VERIFY","NTE-037","NTE-002;NTE-003;NTE-004;NTE-005;NTE-007;NTE-008;NTE-009","CANONICAL_OBJECT_MAPPING_PENDING","IMPLEMENTATION_RECONCILIATION_PENDING","2026-09-21"
"NCC-F20.09-002","F20","Risk, Compliance, Internal Control & Audit","F20.09","Control testing","2","test design","ASSURE_VERIFY","NTE-037","NTE-002;NTE-003;NTE-004;NTE-005;NTE-007;NTE-008;NTE-009","CANONICAL_OBJECT_MAPPING_PENDING","IMPLEMENTATION_RECONCILIATION_PENDING","2026-09-21"
"NCC-F20.09-003","F20","Risk, Compliance, Internal Control & Audit","F20.09","Control testing","3","test operation","ASSURE_VERIFY","NTE-037","NTE-002;NTE-003;NTE-004;NTE-005;NTE-007;NTE-008;NTE-009","CANONICAL_OBJECT_MAPPING_PENDING","IMPLEMENTATION_RECONCILIATION_PENDING","2026-09-21"
"NCC-F20.09-004","F20","Risk, Compliance, Internal Control & Audit","F20.09","Control testing","4","record deficiency","OPERATE","NTE-037","NTE-002;NTE-003;NTE-004;NTE-005;NTE-007;NTE-008;NTE-009","CANONICAL_OBJECT_MAPPING_PENDING","IMPLEMENTATION_RECONCILIATION_PENDING","2026-09-21"
"NCC-F20.10-001","F20","Risk, Compliance, Internal Control & Audit","F20.10","Internal audit planning","1","Define audit universe","ASSURE_VERIFY","NTE-037","NTE-002;NTE-003;NTE-004;NTE-005;NTE-007;NTE-008;NTE-009","CANONICAL_OBJECT_MAPPING_PENDING","IMPLEMENTATION_RECONCILIATION_PENDING","2026-09-21"
"NCC-F20.10-002","F20","Risk, Compliance, Internal Control & Audit","F20.10","Internal audit planning","2","assess risk","ANALYSE","NTE-037","NTE-002;NTE-003;NTE-004;NTE-005;NTE-007;NTE-008;NTE-009","CANONICAL_OBJECT_MAPPING_PENDING","IMPLEMENTATION_RECONCILIATION_PENDING","2026-09-21"
"NCC-F20.10-003","F20","Risk, Compliance, Internal Control & Audit","F20.10","Internal audit planning","3","establish audit plan","ASSURE_VERIFY","NTE-037","NTE-002;NTE-003;NTE-004;NTE-005;NTE-007;NTE-008;NTE-009","CANONICAL_OBJECT_MAPPING_PENDING","IMPLEMENTATION_RECONCILIATION_PENDING","2026-09-21"
"NCC-F20.11-001","F20","Risk, Compliance, Internal Control & Audit","F20.11","Audit execution","1","Define scope","AUTHOR_CREATE","NTE-037","NTE-002;NTE-003;NTE-004;NTE-005;NTE-007;NTE-008;NTE-009","CANONICAL_OBJECT_MAPPING_PENDING","IMPLEMENTATION_RECONCILIATION_PENDING","2026-09-21"
"NCC-F20.11-002","F20","Risk, Compliance, Internal Control & Audit","F20.11","Audit execution","2","collect evidence","OPERATE","NTE-037","NTE-002;NTE-003;NTE-004;NTE-005;NTE-007;NTE-008;NTE-009","CANONICAL_OBJECT_MAPPING_PENDING","IMPLEMENTATION_RECONCILIATION_PENDING","2026-09-21"
"NCC-F20.11-003","F20","Risk, Compliance, Internal Control & Audit","F20.11","Audit execution","3","test","ASSURE_VERIFY","NTE-037","NTE-002;NTE-003;NTE-004;NTE-005;NTE-007;NTE-008;NTE-009","CANONICAL_OBJECT_MAPPING_PENDING","IMPLEMENTATION_RECONCILIATION_PENDING","2026-09-21"
"NCC-F20.11-004","F20","Risk, Compliance, Internal Control & Audit","F20.11","Audit execution","4","interview","OPERATE","NTE-037","NTE-002;NTE-003;NTE-004;NTE-005;NTE-007;NTE-008;NTE-009","CANONICAL_OBJECT_MAPPING_PENDING","IMPLEMENTATION_RECONCILIATION_PENDING","2026-09-21"
"NCC-F20.11-005","F20","Risk, Compliance, Internal Control & Audit","F20.11","Audit execution","5","document findings","AUTHOR_CREATE","NTE-037","NTE-002;NTE-003;NTE-004;NTE-005;NTE-007;NTE-008;NTE-009","CANONICAL_OBJECT_MAPPING_PENDING","IMPLEMENTATION_RECONCILIATION_PENDING","2026-09-21"
"NCC-F20.12-001","F20","Risk, Compliance, Internal Control & Audit","F20.12","Audit reporting","1","Classify findings","OPERATE","NTE-037;NTE-033","NTE-002;NTE-003;NTE-004;NTE-005;NTE-007;NTE-008;NTE-009","CANONICAL_OBJECT_MAPPING_PENDING","IMPLEMENTATION_RECONCILIATION_PENDING","2026-09-21"
"NCC-F20.12-002","F20","Risk, Compliance, Internal Control & Audit","F20.12","Audit reporting","2","issue report","OPERATE","NTE-037;NTE-033","NTE-002;NTE-003;NTE-004;NTE-005;NTE-007;NTE-008;NTE-009","CANONICAL_OBJECT_MAPPING_PENDING","IMPLEMENTATION_RECONCILIATION_PENDING","2026-09-21"
"NCC-F20.12-003","F20","Risk, Compliance, Internal Control & Audit","F20.12","Audit reporting","3","agree actions","OPERATE","NTE-037;NTE-033","NTE-002;NTE-003;NTE-004;NTE-005;NTE-007;NTE-008;NTE-009","CANONICAL_OBJECT_MAPPING_PENDING","IMPLEMENTATION_RECONCILIATION_PENDING","2026-09-21"
"NCC-F20.12-004","F20","Risk, Compliance, Internal Control & Audit","F20.12","Audit reporting","4","report to committee","OPERATE","NTE-037;NTE-033","NTE-002;NTE-003;NTE-004;NTE-005;NTE-007;NTE-008;NTE-009","CANONICAL_OBJECT_MAPPING_PENDING","IMPLEMENTATION_RECONCILIATION_PENDING","2026-09-21"
"NCC-F20.13-001","F20","Risk, Compliance, Internal Control & Audit","F20.13","Issue/remediation","1","Register issue","AUTHOR_CREATE","NTE-037","NTE-002;NTE-003;NTE-004;NTE-005;NTE-007;NTE-008;NTE-009","CANONICAL_OBJECT_MAPPING_PENDING","IMPLEMENTATION_RECONCILIATION_PENDING","2026-09-21"
"NCC-F20.13-002","F20","Risk, Compliance, Internal Control & Audit","F20.13","Issue/remediation","2","assign action","OPERATE","NTE-037","NTE-002;NTE-003;NTE-004;NTE-005;NTE-007;NTE-008;NTE-009","CANONICAL_OBJECT_MAPPING_PENDING","IMPLEMENTATION_RECONCILIATION_PENDING","2026-09-21"
"NCC-F20.13-003","F20","Risk, Compliance, Internal Control & Audit","F20.13","Issue/remediation","3","set due date","OPERATE","NTE-037","NTE-002;NTE-003;NTE-004;NTE-005;NTE-007;NTE-008;NTE-009","CANONICAL_OBJECT_MAPPING_PENDING","IMPLEMENTATION_RECONCILIATION_PENDING","2026-09-21"
"NCC-F20.13-004","F20","Risk, Compliance, Internal Control & Audit","F20.13","Issue/remediation","4","monitor","ANALYSE","NTE-037","NTE-002;NTE-003;NTE-004;NTE-005;NTE-007;NTE-008;NTE-009","CANONICAL_OBJECT_MAPPING_PENDING","IMPLEMENTATION_RECONCILIATION_PENDING","2026-09-21"
"NCC-F20.13-005","F20","Risk, Compliance, Internal Control & Audit","F20.13","Issue/remediation","5","validate closure","ASSURE_VERIFY","NTE-037","NTE-002;NTE-003;NTE-004;NTE-005;NTE-007;NTE-008;NTE-009","CANONICAL_OBJECT_MAPPING_PENDING","IMPLEMENTATION_RECONCILIATION_PENDING","2026-09-21"
"NCC-F20.14-001","F20","Risk, Compliance, Internal Control & Audit","F20.14","Fraud risk","1","Assess fraud scenarios","PLAN_OPTIMISE","NTE-037","NTE-002;NTE-003;NTE-004;NTE-005;NTE-007;NTE-008;NTE-009","CANONICAL_OBJECT_MAPPING_PENDING","IMPLEMENTATION_RECONCILIATION_PENDING","2026-09-21"
"NCC-F20.14-002","F20","Risk, Compliance, Internal Control & Audit","F20.14","Fraud risk","2","monitor indicators","ANALYSE","NTE-037","NTE-002;NTE-003;NTE-004;NTE-005;NTE-007;NTE-008;NTE-009","CANONICAL_OBJECT_MAPPING_PENDING","IMPLEMENTATION_RECONCILIATION_PENDING","2026-09-21"
"NCC-F20.14-003","F20","Risk, Compliance, Internal Control & Audit","F20.14","Fraud risk","3","investigate suspected fraud","EXCEPTION_IMPROVE","NTE-037","NTE-002;NTE-003;NTE-004;NTE-005;NTE-007;NTE-008;NTE-009","CANONICAL_OBJECT_MAPPING_PENDING","IMPLEMENTATION_RECONCILIATION_PENDING","2026-09-21"
"NCC-F20.15-001","F20","Risk, Compliance, Internal Control & Audit","F20.15","Ethics & conduct","1","Manage declarations","OPERATE","NTE-037","NTE-002;NTE-003;NTE-004;NTE-005;NTE-007;NTE-008;NTE-009","CANONICAL_OBJECT_MAPPING_PENDING","IMPLEMENTATION_RECONCILIATION_PENDING","2026-09-21"
"NCC-F20.15-002","F20","Risk, Compliance, Internal Control & Audit","F20.15","Ethics & conduct","2","conflicts","OPERATE","NTE-037","NTE-002;NTE-003;NTE-004;NTE-005;NTE-007;NTE-008;NTE-009","CANONICAL_OBJECT_MAPPING_PENDING","IMPLEMENTATION_RECONCILIATION_PENDING","2026-09-21"
"NCC-F20.15-003","F20","Risk, Compliance, Internal Control & Audit","F20.15","Ethics & conduct","3","gifts/hospitality","OPERATE","NTE-037","NTE-002;NTE-003;NTE-004;NTE-005;NTE-007;NTE-008;NTE-009","CANONICAL_OBJECT_MAPPING_PENDING","IMPLEMENTATION_RECONCILIATION_PENDING","2026-09-21"
"NCC-F20.15-004","F20","Risk, Compliance, Internal Control & Audit","F20.15","Ethics & conduct","4","whistleblowing","OPERATE","NTE-037","NTE-002;NTE-003;NTE-004;NTE-005;NTE-007;NTE-008;NTE-009","CANONICAL_OBJECT_MAPPING_PENDING","IMPLEMENTATION_RECONCILIATION_PENDING","2026-09-21"
"NCC-F20.16-001","F20","Risk, Compliance, Internal Control & Audit","F20.16","Assurance coordination","1","Map assurance providers","AUTHOR_CREATE","NTE-037","NTE-002;NTE-003;NTE-004;NTE-005;NTE-007;NTE-008;NTE-009","CANONICAL_OBJECT_MAPPING_PENDING","IMPLEMENTATION_RECONCILIATION_PENDING","2026-09-21"
"NCC-F20.16-002","F20","Risk, Compliance, Internal Control & Audit","F20.16","Assurance coordination","2","coordinate testing","ASSURE_VERIFY","NTE-037","NTE-002;NTE-003;NTE-004;NTE-005;NTE-007;NTE-008;NTE-009","CANONICAL_OBJECT_MAPPING_PENDING","IMPLEMENTATION_RECONCILIATION_PENDING","2026-09-21"
"NCC-F20.16-003","F20","Risk, Compliance, Internal Control & Audit","F20.16","Assurance coordination","3","reduce duplication","OPERATE","NTE-037","NTE-002;NTE-003;NTE-004;NTE-005;NTE-007;NTE-008;NTE-009","CANONICAL_OBJECT_MAPPING_PENDING","IMPLEMENTATION_RECONCILIATION_PENDING","2026-09-21"
"NCC-F21.01-001","F21","Privacy & Information Governance","F21.01","Privacy governance","1","Establish policies","AUTHOR_CREATE","NTE-038","NTE-002;NTE-003;NTE-004;NTE-005;NTE-007;NTE-008;NTE-009","CANONICAL_OBJECT_MAPPING_PENDING","IMPLEMENTATION_RECONCILIATION_PENDING","2026-09-21"
"NCC-F21.01-002","F21","Privacy & Information Governance","F21.01","Privacy governance","2","appoint responsibilities","OPERATE","NTE-038","NTE-002;NTE-003;NTE-004;NTE-005;NTE-007;NTE-008;NTE-009","CANONICAL_OBJECT_MAPPING_PENDING","IMPLEMENTATION_RECONCILIATION_PENDING","2026-09-21"
"NCC-F21.01-003","F21","Privacy & Information Governance","F21.01","Privacy governance","3","maintain privacy framework","OPERATE","NTE-038","NTE-002;NTE-003;NTE-004;NTE-005;NTE-007;NTE-008;NTE-009","CANONICAL_OBJECT_MAPPING_PENDING","IMPLEMENTATION_RECONCILIATION_PENDING","2026-09-21"
"NCC-F21.02-001","F21","Privacy & Information Governance","F21.02","Processing inventory","1","Record processing activity","OPERATE","NTE-038","NTE-002;NTE-003;NTE-004;NTE-005;NTE-007;NTE-008;NTE-009","CANONICAL_OBJECT_MAPPING_PENDING","IMPLEMENTATION_RECONCILIATION_PENDING","2026-09-21"
"NCC-F21.02-002","F21","Privacy & Information Governance","F21.02","Processing inventory","2","data categories","OPERATE","NTE-038","NTE-002;NTE-003;NTE-004;NTE-005;NTE-007;NTE-008;NTE-009","CANONICAL_OBJECT_MAPPING_PENDING","IMPLEMENTATION_RECONCILIATION_PENDING","2026-09-21"
"NCC-F21.02-003","F21","Privacy & Information Governance","F21.02","Processing inventory","3","purpose","OPERATE","NTE-038","NTE-002;NTE-003;NTE-004;NTE-005;NTE-007;NTE-008;NTE-009","CANONICAL_OBJECT_MAPPING_PENDING","IMPLEMENTATION_RECONCILIATION_PENDING","2026-09-21"
"NCC-F21.02-004","F21","Privacy & Information Governance","F21.02","Processing inventory","4","recipients","OPERATE","NTE-038","NTE-002;NTE-003;NTE-004;NTE-005;NTE-007;NTE-008;NTE-009","CANONICAL_OBJECT_MAPPING_PENDING","IMPLEMENTATION_RECONCILIATION_PENDING","2026-09-21"
"NCC-F21.02-005","F21","Privacy & Information Governance","F21.02","Processing inventory","5","retention","OPERATE","NTE-038","NTE-002;NTE-003;NTE-004;NTE-005;NTE-007;NTE-008;NTE-009","CANONICAL_OBJECT_MAPPING_PENDING","IMPLEMENTATION_RECONCILIATION_PENDING","2026-09-21"
"NCC-F21.03-001","F21","Privacy & Information Governance","F21.03","Privacy impact assessment","1","Identify processing","OPERATE","NTE-038","NTE-002;NTE-003;NTE-004;NTE-005;NTE-007;NTE-008;NTE-009","CANONICAL_OBJECT_MAPPING_PENDING","IMPLEMENTATION_RECONCILIATION_PENDING","2026-09-21"
"NCC-F21.03-002","F21","Privacy & Information Governance","F21.03","Privacy impact assessment","2","assess risk","ANALYSE","NTE-038","NTE-002;NTE-003;NTE-004;NTE-005;NTE-007;NTE-008;NTE-009","CANONICAL_OBJECT_MAPPING_PENDING","IMPLEMENTATION_RECONCILIATION_PENDING","2026-09-21"
"NCC-F21.03-003","F21","Privacy & Information Governance","F21.03","Privacy impact assessment","3","establish controls","AUTHOR_CREATE","NTE-038","NTE-002;NTE-003;NTE-004;NTE-005;NTE-007;NTE-008;NTE-009","CANONICAL_OBJECT_MAPPING_PENDING","IMPLEMENTATION_RECONCILIATION_PENDING","2026-09-21"
"NCC-F21.03-004","F21","Privacy & Information Governance","F21.03","Privacy impact assessment","4","approve","GOVERN_DECIDE","NTE-038","NTE-002;NTE-003;NTE-004;NTE-005;NTE-007;NTE-008;NTE-009","CANONICAL_OBJECT_MAPPING_PENDING","IMPLEMENTATION_RECONCILIATION_PENDING","2026-09-21"
"NCC-F21.04-001","F21","Privacy & Information Governance","F21.04","Consent/preferences","1","Capture consent","AUTHOR_CREATE","NTE-038","NTE-002;NTE-003;NTE-004;NTE-005;NTE-007;NTE-008;NTE-009","CANONICAL_OBJECT_MAPPING_PENDING","IMPLEMENTATION_RECONCILIATION_PENDING","2026-09-21"
"NCC-F21.04-002","F21","Privacy & Information Governance","F21.04","Consent/preferences","2","maintain preferences","OPERATE","NTE-038","NTE-002;NTE-003;NTE-004;NTE-005;NTE-007;NTE-008;NTE-009","CANONICAL_OBJECT_MAPPING_PENDING","IMPLEMENTATION_RECONCILIATION_PENDING","2026-09-21"
"NCC-F21.04-003","F21","Privacy & Information Governance","F21.04","Consent/preferences","3","withdraw consent","OPERATE","NTE-038","NTE-002;NTE-003;NTE-004;NTE-005;NTE-007;NTE-008;NTE-009","CANONICAL_OBJECT_MAPPING_PENDING","IMPLEMENTATION_RECONCILIATION_PENDING","2026-09-21"
"NCC-F21.05-001","F21","Privacy & Information Governance","F21.05","Data subject rights","1","Receive request","TRANSACT_EXECUTE","NTE-038","NTE-002;NTE-003;NTE-004;NTE-005;NTE-007;NTE-008;NTE-009","CANONICAL_OBJECT_MAPPING_PENDING","IMPLEMENTATION_RECONCILIATION_PENDING","2026-09-21"
"NCC-F21.05-002","F21","Privacy & Information Governance","F21.05","Data subject rights","2","verify identity","ASSURE_VERIFY","NTE-038","NTE-002;NTE-003;NTE-004;NTE-005;NTE-007;NTE-008;NTE-009","CANONICAL_OBJECT_MAPPING_PENDING","IMPLEMENTATION_RECONCILIATION_PENDING","2026-09-21"
"NCC-F21.05-003","F21","Privacy & Information Governance","F21.05","Data subject rights","3","search","OPERATE","NTE-038","NTE-002;NTE-003;NTE-004;NTE-005;NTE-007;NTE-008;NTE-009","CANONICAL_OBJECT_MAPPING_PENDING","IMPLEMENTATION_RECONCILIATION_PENDING","2026-09-21"
"NCC-F21.05-004","F21","Privacy & Information Governance","F21.05","Data subject rights","4","review","OPERATE","NTE-038","NTE-002;NTE-003;NTE-004;NTE-005;NTE-007;NTE-008;NTE-009","CANONICAL_OBJECT_MAPPING_PENDING","IMPLEMENTATION_RECONCILIATION_PENDING","2026-09-21"
"NCC-F21.05-005","F21","Privacy & Information Governance","F21.05","Data subject rights","5","respond","OPERATE","NTE-038","NTE-002;NTE-003;NTE-004;NTE-005;NTE-007;NTE-008;NTE-009","CANONICAL_OBJECT_MAPPING_PENDING","IMPLEMENTATION_RECONCILIATION_PENDING","2026-09-21"
"NCC-F21.06-001","F21","Privacy & Information Governance","F21.06","Privacy incidents","1","Assess breach","ANALYSE","NTE-038","NTE-002;NTE-003;NTE-004;NTE-005;NTE-007;NTE-008;NTE-009","CANONICAL_OBJECT_MAPPING_PENDING","IMPLEMENTATION_RECONCILIATION_PENDING","2026-09-21"
"NCC-F21.06-002","F21","Privacy & Information Governance","F21.06","Privacy incidents","2","contain","EXCEPTION_IMPROVE","NTE-038","NTE-002;NTE-003;NTE-004;NTE-005;NTE-007;NTE-008;NTE-009","CANONICAL_OBJECT_MAPPING_PENDING","IMPLEMENTATION_RECONCILIATION_PENDING","2026-09-21"
"NCC-F21.06-003","F21","Privacy & Information Governance","F21.06","Privacy incidents","3","investigate","EXCEPTION_IMPROVE","NTE-038","NTE-002;NTE-003;NTE-004;NTE-005;NTE-007;NTE-008;NTE-009","CANONICAL_OBJECT_MAPPING_PENDING","IMPLEMENTATION_RECONCILIATION_PENDING","2026-09-21"
"NCC-F21.06-004","F21","Privacy & Information Governance","F21.06","Privacy incidents","4","determine notification requirements","OPERATE","NTE-038","NTE-002;NTE-003;NTE-004;NTE-005;NTE-007;NTE-008;NTE-009","CANONICAL_OBJECT_MAPPING_PENDING","IMPLEMENTATION_RECONCILIATION_PENDING","2026-09-21"
"NCC-F21.07-001","F21","Privacy & Information Governance","F21.07","International transfers","1","Assess transfer","ANALYSE","NTE-038","NTE-002;NTE-003;NTE-004;NTE-005;NTE-007;NTE-008;NTE-009","CANONICAL_OBJECT_MAPPING_PENDING","IMPLEMENTATION_RECONCILIATION_PENDING","2026-09-21"
"NCC-F21.07-002","F21","Privacy & Information Governance","F21.07","International transfers","2","establish safeguards","AUTHOR_CREATE","NTE-038","NTE-002;NTE-003;NTE-004;NTE-005;NTE-007;NTE-008;NTE-009","CANONICAL_OBJECT_MAPPING_PENDING","IMPLEMENTATION_RECONCILIATION_PENDING","2026-09-21"
"NCC-F21.07-003","F21","Privacy & Information Governance","F21.07","International transfers","3","document decision","GOVERN_DECIDE","NTE-038","NTE-002;NTE-003;NTE-004;NTE-005;NTE-007;NTE-008;NTE-009","CANONICAL_OBJECT_MAPPING_PENDING","IMPLEMENTATION_RECONCILIATION_PENDING","2026-09-21"
"NCC-F21.08-001","F21","Privacy & Information Governance","F21.08","Retention","1","Define retention schedule","PLAN_OPTIMISE","NTE-038","NTE-002;NTE-003;NTE-004;NTE-005;NTE-007;NTE-008;NTE-009","CANONICAL_OBJECT_MAPPING_PENDING","IMPLEMENTATION_RECONCILIATION_PENDING","2026-09-21"
"NCC-F21.08-002","F21","Privacy & Information Governance","F21.08","Retention","2","apply retention","OPERATE","NTE-038","NTE-002;NTE-003;NTE-004;NTE-005;NTE-007;NTE-008;NTE-009","CANONICAL_OBJECT_MAPPING_PENDING","IMPLEMENTATION_RECONCILIATION_PENDING","2026-09-21"
"NCC-F21.08-003","F21","Privacy & Information Governance","F21.08","Retention","3","destroy information","OPERATE","NTE-038","NTE-002;NTE-003;NTE-004;NTE-005;NTE-007;NTE-008;NTE-009","CANONICAL_OBJECT_MAPPING_PENDING","IMPLEMENTATION_RECONCILIATION_PENDING","2026-09-21"
"NCC-F21.09-001","F21","Privacy & Information Governance","F21.09","Privacy assurance","1","Conduct reviews","OPERATE","NTE-038;NTE-037","NTE-002;NTE-003;NTE-004;NTE-005;NTE-007;NTE-008;NTE-009","CANONICAL_OBJECT_MAPPING_PENDING","IMPLEMENTATION_RECONCILIATION_PENDING","2026-09-21"
"NCC-F21.09-002","F21","Privacy & Information Governance","F21.09","Privacy assurance","2","monitor controls","ANALYSE","NTE-038;NTE-037","NTE-002;NTE-003;NTE-004;NTE-005;NTE-007;NTE-008;NTE-009","CANONICAL_OBJECT_MAPPING_PENDING","IMPLEMENTATION_RECONCILIATION_PENDING","2026-09-21"
"NCC-F21.09-003","F21","Privacy & Information Governance","F21.09","Privacy assurance","3","report compliance","OPERATE","NTE-038;NTE-037","NTE-002;NTE-003;NTE-004;NTE-005;NTE-007;NTE-008;NTE-009","CANONICAL_OBJECT_MAPPING_PENDING","IMPLEMENTATION_RECONCILIATION_PENDING","2026-09-21"
"NCC-F22.01-001","F22","Property, Facilities & Physical Assets","F22.01","Asset strategy","1","Define asset requirements","AUTHOR_CREATE","NTE-039","NTE-002;NTE-003;NTE-004;NTE-005;NTE-007;NTE-008;NTE-009","CANONICAL_OBJECT_MAPPING_PENDING","IMPLEMENTATION_RECONCILIATION_PENDING","2026-09-21"
"NCC-F22.01-002","F22","Property, Facilities & Physical Assets","F22.01","Asset strategy","2","lifecycle strategy","OPERATE","NTE-039","NTE-002;NTE-003;NTE-004;NTE-005;NTE-007;NTE-008;NTE-009","CANONICAL_OBJECT_MAPPING_PENDING","IMPLEMENTATION_RECONCILIATION_PENDING","2026-09-21"
"NCC-F22.01-003","F22","Property, Facilities & Physical Assets","F22.01","Asset strategy","3","replacement policy","OPERATE","NTE-039","NTE-002;NTE-003;NTE-004;NTE-005;NTE-007;NTE-008;NTE-009","CANONICAL_OBJECT_MAPPING_PENDING","IMPLEMENTATION_RECONCILIATION_PENDING","2026-09-21"
"NCC-F22.02-001","F22","Property, Facilities & Physical Assets","F22.02","Capital planning","1","Identify need","OPERATE","NTE-039","NTE-002;NTE-003;NTE-004;NTE-005;NTE-007;NTE-008;NTE-009","CANONICAL_OBJECT_MAPPING_PENDING","IMPLEMENTATION_RECONCILIATION_PENDING","2026-09-21"
"NCC-F22.02-002","F22","Property, Facilities & Physical Assets","F22.02","Capital planning","2","develop business case","AUTHOR_CREATE","NTE-039","NTE-002;NTE-003;NTE-004;NTE-005;NTE-007;NTE-008;NTE-009","CANONICAL_OBJECT_MAPPING_PENDING","IMPLEMENTATION_RECONCILIATION_PENDING","2026-09-21"
"NCC-F22.02-003","F22","Property, Facilities & Physical Assets","F22.02","Capital planning","3","prioritise investment","PLAN_OPTIMISE","NTE-039","NTE-002;NTE-003;NTE-004;NTE-005;NTE-007;NTE-008;NTE-009","CANONICAL_OBJECT_MAPPING_PENDING","IMPLEMENTATION_RECONCILIATION_PENDING","2026-09-21"
"NCC-F22.03-001","F22","Property, Facilities & Physical Assets","F22.03","Asset acquisition","1","Specify asset","OPERATE","NTE-039","NTE-002;NTE-003;NTE-004;NTE-005;NTE-007;NTE-008;NTE-009","CANONICAL_OBJECT_MAPPING_PENDING","IMPLEMENTATION_RECONCILIATION_PENDING","2026-09-21"
"NCC-F22.03-002","F22","Property, Facilities & Physical Assets","F22.03","Asset acquisition","2","procure","TRANSACT_EXECUTE","NTE-039","NTE-002;NTE-003;NTE-004;NTE-005;NTE-007;NTE-008;NTE-009","CANONICAL_OBJECT_MAPPING_PENDING","IMPLEMENTATION_RECONCILIATION_PENDING","2026-09-21"
"NCC-F22.03-003","F22","Property, Facilities & Physical Assets","F22.03","Asset acquisition","3","receive","TRANSACT_EXECUTE","NTE-039","NTE-002;NTE-003;NTE-004;NTE-005;NTE-007;NTE-008;NTE-009","CANONICAL_OBJECT_MAPPING_PENDING","IMPLEMENTATION_RECONCILIATION_PENDING","2026-09-21"
"NCC-F22.03-004","F22","Property, Facilities & Physical Assets","F22.03","Asset acquisition","4","commission","OPERATE","NTE-039","NTE-002;NTE-003;NTE-004;NTE-005;NTE-007;NTE-008;NTE-009","CANONICAL_OBJECT_MAPPING_PENDING","IMPLEMENTATION_RECONCILIATION_PENDING","2026-09-21"
"NCC-F22.03-005","F22","Property, Facilities & Physical Assets","F22.03","Asset acquisition","5","capitalise","OPERATE","NTE-039","NTE-002;NTE-003;NTE-004;NTE-005;NTE-007;NTE-008;NTE-009","CANONICAL_OBJECT_MAPPING_PENDING","IMPLEMENTATION_RECONCILIATION_PENDING","2026-09-21"
"NCC-F22.04-001","F22","Property, Facilities & Physical Assets","F22.04","Property acquisition","1","Search property","OPERATE","NTE-039","NTE-002;NTE-003;NTE-004;NTE-005;NTE-007;NTE-008;NTE-009","CANONICAL_OBJECT_MAPPING_PENDING","IMPLEMENTATION_RECONCILIATION_PENDING","2026-09-21"
"NCC-F22.04-002","F22","Property, Facilities & Physical Assets","F22.04","Property acquisition","2","assess","ANALYSE","NTE-039","NTE-002;NTE-003;NTE-004;NTE-005;NTE-007;NTE-008;NTE-009","CANONICAL_OBJECT_MAPPING_PENDING","IMPLEMENTATION_RECONCILIATION_PENDING","2026-09-21"
"NCC-F22.04-003","F22","Property, Facilities & Physical Assets","F22.04","Property acquisition","3","negotiate","OPERATE","NTE-039","NTE-002;NTE-003;NTE-004;NTE-005;NTE-007;NTE-008;NTE-009","CANONICAL_OBJECT_MAPPING_PENDING","IMPLEMENTATION_RECONCILIATION_PENDING","2026-09-21"
"NCC-F22.04-004","F22","Property, Facilities & Physical Assets","F22.04","Property acquisition","4","acquire/lease","OPERATE","NTE-039","NTE-002;NTE-003;NTE-004;NTE-005;NTE-007;NTE-008;NTE-009","CANONICAL_OBJECT_MAPPING_PENDING","IMPLEMENTATION_RECONCILIATION_PENDING","2026-09-21"
"NCC-F22.05-001","F22","Property, Facilities & Physical Assets","F22.05","Construction/project delivery","1","Design","AUTHOR_CREATE","NTE-039","NTE-002;NTE-003;NTE-004;NTE-005;NTE-007;NTE-008;NTE-009","CANONICAL_OBJECT_MAPPING_PENDING","IMPLEMENTATION_RECONCILIATION_PENDING","2026-09-21"
"NCC-F22.05-002","F22","Property, Facilities & Physical Assets","F22.05","Construction/project delivery","2","permit","OPERATE","NTE-039","NTE-002;NTE-003;NTE-004;NTE-005;NTE-007;NTE-008;NTE-009","CANONICAL_OBJECT_MAPPING_PENDING","IMPLEMENTATION_RECONCILIATION_PENDING","2026-09-21"
"NCC-F22.05-003","F22","Property, Facilities & Physical Assets","F22.05","Construction/project delivery","3","construct","OPERATE","NTE-039","NTE-002;NTE-003;NTE-004;NTE-005;NTE-007;NTE-008;NTE-009","CANONICAL_OBJECT_MAPPING_PENDING","IMPLEMENTATION_RECONCILIATION_PENDING","2026-09-21"
"NCC-F22.05-004","F22","Property, Facilities & Physical Assets","F22.05","Construction/project delivery","4","inspect","ASSURE_VERIFY","NTE-039","NTE-002;NTE-003;NTE-004;NTE-005;NTE-007;NTE-008;NTE-009","CANONICAL_OBJECT_MAPPING_PENDING","IMPLEMENTATION_RECONCILIATION_PENDING","2026-09-21"
"NCC-F22.05-005","F22","Property, Facilities & Physical Assets","F22.05","Construction/project delivery","5","commission","OPERATE","NTE-039","NTE-002;NTE-003;NTE-004;NTE-005;NTE-007;NTE-008;NTE-009","CANONICAL_OBJECT_MAPPING_PENDING","IMPLEMENTATION_RECONCILIATION_PENDING","2026-09-21"
"NCC-F22.05-006","F22","Property, Facilities & Physical Assets","F22.05","Construction/project delivery","6","hand over","OPERATE","NTE-039","NTE-002;NTE-003;NTE-004;NTE-005;NTE-007;NTE-008;NTE-009","CANONICAL_OBJECT_MAPPING_PENDING","IMPLEMENTATION_RECONCILIATION_PENDING","2026-09-21"
"NCC-F22.06-001","F22","Property, Facilities & Physical Assets","F22.06","Asset register","1","Create asset record","AUTHOR_CREATE","NTE-039","NTE-002;NTE-003;NTE-004;NTE-005;NTE-007;NTE-008;NTE-009","CANONICAL_OBJECT_MAPPING_PENDING","IMPLEMENTATION_RECONCILIATION_PENDING","2026-09-21"
"NCC-F22.06-002","F22","Property, Facilities & Physical Assets","F22.06","Asset register","2","tag","OPERATE","NTE-039","NTE-002;NTE-003;NTE-004;NTE-005;NTE-007;NTE-008;NTE-009","CANONICAL_OBJECT_MAPPING_PENDING","IMPLEMENTATION_RECONCILIATION_PENDING","2026-09-21"
"NCC-F22.06-003","F22","Property, Facilities & Physical Assets","F22.06","Asset register","3","classify","OPERATE","NTE-039","NTE-002;NTE-003;NTE-004;NTE-005;NTE-007;NTE-008;NTE-009","CANONICAL_OBJECT_MAPPING_PENDING","IMPLEMENTATION_RECONCILIATION_PENDING","2026-09-21"
"NCC-F22.06-004","F22","Property, Facilities & Physical Assets","F22.06","Asset register","4","locate","OPERATE","NTE-039","NTE-002;NTE-003;NTE-004;NTE-005;NTE-007;NTE-008;NTE-009","CANONICAL_OBJECT_MAPPING_PENDING","IMPLEMENTATION_RECONCILIATION_PENDING","2026-09-21"
"NCC-F22.06-005","F22","Property, Facilities & Physical Assets","F22.06","Asset register","5","update","OPERATE","NTE-039","NTE-002;NTE-003;NTE-004;NTE-005;NTE-007;NTE-008;NTE-009","CANONICAL_OBJECT_MAPPING_PENDING","IMPLEMENTATION_RECONCILIATION_PENDING","2026-09-21"
"NCC-F22.07-001","F22","Property, Facilities & Physical Assets","F22.07","Preventive maintenance","1","Develop maintenance plan","PLAN_OPTIMISE","NTE-039","NTE-002;NTE-003;NTE-004;NTE-005;NTE-007;NTE-008;NTE-009","CANONICAL_OBJECT_MAPPING_PENDING","IMPLEMENTATION_RECONCILIATION_PENDING","2026-09-21"
"NCC-F22.07-002","F22","Property, Facilities & Physical Assets","F22.07","Preventive maintenance","2","schedule","PLAN_OPTIMISE","NTE-039","NTE-002;NTE-003;NTE-004;NTE-005;NTE-007;NTE-008;NTE-009","CANONICAL_OBJECT_MAPPING_PENDING","IMPLEMENTATION_RECONCILIATION_PENDING","2026-09-21"
"NCC-F22.07-003","F22","Property, Facilities & Physical Assets","F22.07","Preventive maintenance","3","perform","OPERATE","NTE-039","NTE-002;NTE-003;NTE-004;NTE-005;NTE-007;NTE-008;NTE-009","CANONICAL_OBJECT_MAPPING_PENDING","IMPLEMENTATION_RECONCILIATION_PENDING","2026-09-21"
"NCC-F22.07-004","F22","Property, Facilities & Physical Assets","F22.07","Preventive maintenance","4","record","OPERATE","NTE-039","NTE-002;NTE-003;NTE-004;NTE-005;NTE-007;NTE-008;NTE-009","CANONICAL_OBJECT_MAPPING_PENDING","IMPLEMENTATION_RECONCILIATION_PENDING","2026-09-21"
"NCC-F22.08-001","F22","Property, Facilities & Physical Assets","F22.08","Reactive maintenance","1","Report fault","OPERATE","NTE-039","NTE-002;NTE-003;NTE-004;NTE-005;NTE-007;NTE-008;NTE-009","CANONICAL_OBJECT_MAPPING_PENDING","IMPLEMENTATION_RECONCILIATION_PENDING","2026-09-21"
"NCC-F22.08-002","F22","Property, Facilities & Physical Assets","F22.08","Reactive maintenance","2","diagnose","OPERATE","NTE-039","NTE-002;NTE-003;NTE-004;NTE-005;NTE-007;NTE-008;NTE-009","CANONICAL_OBJECT_MAPPING_PENDING","IMPLEMENTATION_RECONCILIATION_PENDING","2026-09-21"
"NCC-F22.08-003","F22","Property, Facilities & Physical Assets","F22.08","Reactive maintenance","3","repair","OPERATE","NTE-039","NTE-002;NTE-003;NTE-004;NTE-005;NTE-007;NTE-008;NTE-009","CANONICAL_OBJECT_MAPPING_PENDING","IMPLEMENTATION_RECONCILIATION_PENDING","2026-09-21"
"NCC-F22.08-004","F22","Property, Facilities & Physical Assets","F22.08","Reactive maintenance","4","test","ASSURE_VERIFY","NTE-039","NTE-002;NTE-003;NTE-004;NTE-005;NTE-007;NTE-008;NTE-009","CANONICAL_OBJECT_MAPPING_PENDING","IMPLEMENTATION_RECONCILIATION_PENDING","2026-09-21"
"NCC-F22.08-005","F22","Property, Facilities & Physical Assets","F22.08","Reactive maintenance","5","close","TRANSACT_EXECUTE","NTE-039","NTE-002;NTE-003;NTE-004;NTE-005;NTE-007;NTE-008;NTE-009","CANONICAL_OBJECT_MAPPING_PENDING","IMPLEMENTATION_RECONCILIATION_PENDING","2026-09-21"
"NCC-F22.09-001","F22","Property, Facilities & Physical Assets","F22.09","Reliability","1","Analyse failures","ANALYSE","NTE-039","NTE-002;NTE-003;NTE-004;NTE-005;NTE-007;NTE-008;NTE-009","CANONICAL_OBJECT_MAPPING_PENDING","IMPLEMENTATION_RECONCILIATION_PENDING","2026-09-21"
"NCC-F22.09-002","F22","Property, Facilities & Physical Assets","F22.09","Reliability","2","monitor condition","ANALYSE","NTE-039","NTE-002;NTE-003;NTE-004;NTE-005;NTE-007;NTE-008;NTE-009","CANONICAL_OBJECT_MAPPING_PENDING","IMPLEMENTATION_RECONCILIATION_PENDING","2026-09-21"
"NCC-F22.09-003","F22","Property, Facilities & Physical Assets","F22.09","Reliability","3","predict maintenance","OPERATE","NTE-039","NTE-002;NTE-003;NTE-004;NTE-005;NTE-007;NTE-008;NTE-009","CANONICAL_OBJECT_MAPPING_PENDING","IMPLEMENTATION_RECONCILIATION_PENDING","2026-09-21"
"NCC-F22.10-001","F22","Property, Facilities & Physical Assets","F22.10","Facilities operations","1","Manage cleaning","OPERATE","NTE-039","NTE-002;NTE-003;NTE-004;NTE-005;NTE-007;NTE-008;NTE-009","CANONICAL_OBJECT_MAPPING_PENDING","IMPLEMENTATION_RECONCILIATION_PENDING","2026-09-21"
"NCC-F22.10-002","F22","Property, Facilities & Physical Assets","F22.10","Facilities operations","2","utilities","OPERATE","NTE-039","NTE-002;NTE-003;NTE-004;NTE-005;NTE-007;NTE-008;NTE-009","CANONICAL_OBJECT_MAPPING_PENDING","IMPLEMENTATION_RECONCILIATION_PENDING","2026-09-21"
"NCC-F22.10-003","F22","Property, Facilities & Physical Assets","F22.10","Facilities operations","3","workplace","OPERATE","NTE-039","NTE-002;NTE-003;NTE-004;NTE-005;NTE-007;NTE-008;NTE-009","CANONICAL_OBJECT_MAPPING_PENDING","IMPLEMENTATION_RECONCILIATION_PENDING","2026-09-21"
"NCC-F22.10-004","F22","Property, Facilities & Physical Assets","F22.10","Facilities operations","4","catering","OPERATE","NTE-039","NTE-002;NTE-003;NTE-004;NTE-005;NTE-007;NTE-008;NTE-009","CANONICAL_OBJECT_MAPPING_PENDING","IMPLEMENTATION_RECONCILIATION_PENDING","2026-09-21"
"NCC-F22.10-005","F22","Property, Facilities & Physical Assets","F22.10","Facilities operations","5","grounds","OPERATE","NTE-039","NTE-002;NTE-003;NTE-004;NTE-005;NTE-007;NTE-008;NTE-009","CANONICAL_OBJECT_MAPPING_PENDING","IMPLEMENTATION_RECONCILIATION_PENDING","2026-09-21"
"NCC-F22.11-001","F22","Property, Facilities & Physical Assets","F22.11","Space management","1","Allocate space","PLAN_OPTIMISE","NTE-039","NTE-002;NTE-003;NTE-004;NTE-005;NTE-007;NTE-008;NTE-009","CANONICAL_OBJECT_MAPPING_PENDING","IMPLEMENTATION_RECONCILIATION_PENDING","2026-09-21"
"NCC-F22.11-002","F22","Property, Facilities & Physical Assets","F22.11","Space management","2","manage occupancy","OPERATE","NTE-039","NTE-002;NTE-003;NTE-004;NTE-005;NTE-007;NTE-008;NTE-009","CANONICAL_OBJECT_MAPPING_PENDING","IMPLEMENTATION_RECONCILIATION_PENDING","2026-09-21"
"NCC-F22.11-003","F22","Property, Facilities & Physical Assets","F22.11","Space management","3","moves/adds/changes","OPERATE","NTE-039","NTE-002;NTE-003;NTE-004;NTE-005;NTE-007;NTE-008;NTE-009","CANONICAL_OBJECT_MAPPING_PENDING","IMPLEMENTATION_RECONCILIATION_PENDING","2026-09-21"
"NCC-F22.12-001","F22","Property, Facilities & Physical Assets","F22.12","Lease management","1","Maintain lease","OPERATE","NTE-039","NTE-002;NTE-003;NTE-004;NTE-005;NTE-007;NTE-008;NTE-009","CANONICAL_OBJECT_MAPPING_PENDING","IMPLEMENTATION_RECONCILIATION_PENDING","2026-09-21"
"NCC-F22.12-002","F22","Property, Facilities & Physical Assets","F22.12","Lease management","2","calculate obligations","ANALYSE","NTE-039","NTE-002;NTE-003;NTE-004;NTE-005;NTE-007;NTE-008;NTE-009","CANONICAL_OBJECT_MAPPING_PENDING","IMPLEMENTATION_RECONCILIATION_PENDING","2026-09-21"
"NCC-F22.12-003","F22","Property, Facilities & Physical Assets","F22.12","Lease management","3","renew","OPERATE","NTE-039","NTE-002;NTE-003;NTE-004;NTE-005;NTE-007;NTE-008;NTE-009","CANONICAL_OBJECT_MAPPING_PENDING","IMPLEMENTATION_RECONCILIATION_PENDING","2026-09-21"
"NCC-F22.12-004","F22","Property, Facilities & Physical Assets","F22.12","Lease management","4","terminate","OPERATE","NTE-039","NTE-002;NTE-003;NTE-004;NTE-005;NTE-007;NTE-008;NTE-009","CANONICAL_OBJECT_MAPPING_PENDING","IMPLEMENTATION_RECONCILIATION_PENDING","2026-09-21"
"NCC-F22.13-001","F22","Property, Facilities & Physical Assets","F22.13","Utilities management","1","Monitor energy/water","ANALYSE","NTE-039","NTE-002;NTE-003;NTE-004;NTE-005;NTE-007;NTE-008;NTE-009","CANONICAL_OBJECT_MAPPING_PENDING","IMPLEMENTATION_RECONCILIATION_PENDING","2026-09-21"
"NCC-F22.13-002","F22","Property, Facilities & Physical Assets","F22.13","Utilities management","2","manage contracts","OPERATE","NTE-039","NTE-002;NTE-003;NTE-004;NTE-005;NTE-007;NTE-008;NTE-009","CANONICAL_OBJECT_MAPPING_PENDING","IMPLEMENTATION_RECONCILIATION_PENDING","2026-09-21"
"NCC-F22.13-003","F22","Property, Facilities & Physical Assets","F22.13","Utilities management","3","optimise consumption","PLAN_OPTIMISE","NTE-039","NTE-002;NTE-003;NTE-004;NTE-005;NTE-007;NTE-008;NTE-009","CANONICAL_OBJECT_MAPPING_PENDING","IMPLEMENTATION_RECONCILIATION_PENDING","2026-09-21"
"NCC-F22.14-001","F22","Property, Facilities & Physical Assets","F22.14","Asset disposal","1","Assess condition","ANALYSE","NTE-039","NTE-002;NTE-003;NTE-004;NTE-005;NTE-007;NTE-008;NTE-009","CANONICAL_OBJECT_MAPPING_PENDING","IMPLEMENTATION_RECONCILIATION_PENDING","2026-09-21"
"NCC-F22.14-002","F22","Property, Facilities & Physical Assets","F22.14","Asset disposal","2","approve disposal","GOVERN_DECIDE","NTE-039","NTE-002;NTE-003;NTE-004;NTE-005;NTE-007;NTE-008;NTE-009","CANONICAL_OBJECT_MAPPING_PENDING","IMPLEMENTATION_RECONCILIATION_PENDING","2026-09-21"
"NCC-F22.14-003","F22","Property, Facilities & Physical Assets","F22.14","Asset disposal","3","sell/recycle","TRANSACT_EXECUTE","NTE-039","NTE-002;NTE-003;NTE-004;NTE-005;NTE-007;NTE-008;NTE-009","CANONICAL_OBJECT_MAPPING_PENDING","IMPLEMENTATION_RECONCILIATION_PENDING","2026-09-21"
"NCC-F22.14-004","F22","Property, Facilities & Physical Assets","F22.14","Asset disposal","4","remove asset record","OPERATE","NTE-039","NTE-002;NTE-003;NTE-004;NTE-005;NTE-007;NTE-008;NTE-009","CANONICAL_OBJECT_MAPPING_PENDING","IMPLEMENTATION_RECONCILIATION_PENDING","2026-09-21"
"NCC-F23.01-001","F23","Health, Safety, Environment & Sustainability","F23.01","H&S management","1","Establish safety framework","AUTHOR_CREATE","NTE-040","NTE-002;NTE-003;NTE-004;NTE-005;NTE-007;NTE-008;NTE-009","CANONICAL_OBJECT_MAPPING_PENDING","IMPLEMENTATION_RECONCILIATION_PENDING","2026-09-21"
"NCC-F23.01-002","F23","Health, Safety, Environment & Sustainability","F23.01","H&S management","2","policies","OPERATE","NTE-040","NTE-002;NTE-003;NTE-004;NTE-005;NTE-007;NTE-008;NTE-009","CANONICAL_OBJECT_MAPPING_PENDING","IMPLEMENTATION_RECONCILIATION_PENDING","2026-09-21"
"NCC-F23.01-003","F23","Health, Safety, Environment & Sustainability","F23.01","H&S management","3","objectives","OPERATE","NTE-040","NTE-002;NTE-003;NTE-004;NTE-005;NTE-007;NTE-008;NTE-009","CANONICAL_OBJECT_MAPPING_PENDING","IMPLEMENTATION_RECONCILIATION_PENDING","2026-09-21"
"NCC-F23.01-004","F23","Health, Safety, Environment & Sustainability","F23.01","H&S management","4","responsibilities","OPERATE","NTE-040","NTE-002;NTE-003;NTE-004;NTE-005;NTE-007;NTE-008;NTE-009","CANONICAL_OBJECT_MAPPING_PENDING","IMPLEMENTATION_RECONCILIATION_PENDING","2026-09-21"
"NCC-F23.02-001","F23","Health, Safety, Environment & Sustainability","F23.02","Hazard identification","1","Identify hazards","OPERATE","NTE-040","NTE-002;NTE-003;NTE-004;NTE-005;NTE-007;NTE-008;NTE-009","CANONICAL_OBJECT_MAPPING_PENDING","IMPLEMENTATION_RECONCILIATION_PENDING","2026-09-21"
"NCC-F23.02-002","F23","Health, Safety, Environment & Sustainability","F23.02","Hazard identification","2","assess risk","ANALYSE","NTE-040","NTE-002;NTE-003;NTE-004;NTE-005;NTE-007;NTE-008;NTE-009","CANONICAL_OBJECT_MAPPING_PENDING","IMPLEMENTATION_RECONCILIATION_PENDING","2026-09-21"
"NCC-F23.02-003","F23","Health, Safety, Environment & Sustainability","F23.02","Hazard identification","3","establish controls","AUTHOR_CREATE","NTE-040","NTE-002;NTE-003;NTE-004;NTE-005;NTE-007;NTE-008;NTE-009","CANONICAL_OBJECT_MAPPING_PENDING","IMPLEMENTATION_RECONCILIATION_PENDING","2026-09-21"
"NCC-F23.03-001","F23","Health, Safety, Environment & Sustainability","F23.03","Workplace inspections","1","Schedule inspection","ASSURE_VERIFY","NTE-040","NTE-002;NTE-003;NTE-004;NTE-005;NTE-007;NTE-008;NTE-009","CANONICAL_OBJECT_MAPPING_PENDING","IMPLEMENTATION_RECONCILIATION_PENDING","2026-09-21"
"NCC-F23.03-002","F23","Health, Safety, Environment & Sustainability","F23.03","Workplace inspections","2","inspect","ASSURE_VERIFY","NTE-040","NTE-002;NTE-003;NTE-004;NTE-005;NTE-007;NTE-008;NTE-009","CANONICAL_OBJECT_MAPPING_PENDING","IMPLEMENTATION_RECONCILIATION_PENDING","2026-09-21"
"NCC-F23.03-003","F23","Health, Safety, Environment & Sustainability","F23.03","Workplace inspections","3","record findings","OPERATE","NTE-040","NTE-002;NTE-003;NTE-004;NTE-005;NTE-007;NTE-008;NTE-009","CANONICAL_OBJECT_MAPPING_PENDING","IMPLEMENTATION_RECONCILIATION_PENDING","2026-09-21"
"NCC-F23.03-004","F23","Health, Safety, Environment & Sustainability","F23.03","Workplace inspections","4","assign corrective actions","EXCEPTION_IMPROVE","NTE-040","NTE-002;NTE-003;NTE-004;NTE-005;NTE-007;NTE-008;NTE-009","CANONICAL_OBJECT_MAPPING_PENDING","IMPLEMENTATION_RECONCILIATION_PENDING","2026-09-21"
"NCC-F23.04-001","F23","Health, Safety, Environment & Sustainability","F23.04","Incident management","1","Report incident","OPERATE","NTE-040","NTE-002;NTE-003;NTE-004;NTE-005;NTE-007;NTE-008;NTE-009","CANONICAL_OBJECT_MAPPING_PENDING","IMPLEMENTATION_RECONCILIATION_PENDING","2026-09-21"
"NCC-F23.04-002","F23","Health, Safety, Environment & Sustainability","F23.04","Incident management","2","investigate","EXCEPTION_IMPROVE","NTE-040","NTE-002;NTE-003;NTE-004;NTE-005;NTE-007;NTE-008;NTE-009","CANONICAL_OBJECT_MAPPING_PENDING","IMPLEMENTATION_RECONCILIATION_PENDING","2026-09-21"
"NCC-F23.04-003","F23","Health, Safety, Environment & Sustainability","F23.04","Incident management","3","root cause","EXCEPTION_IMPROVE","NTE-040","NTE-002;NTE-003;NTE-004;NTE-005;NTE-007;NTE-008;NTE-009","CANONICAL_OBJECT_MAPPING_PENDING","IMPLEMENTATION_RECONCILIATION_PENDING","2026-09-21"
"NCC-F23.04-004","F23","Health, Safety, Environment & Sustainability","F23.04","Incident management","4","corrective action","EXCEPTION_IMPROVE","NTE-040","NTE-002;NTE-003;NTE-004;NTE-005;NTE-007;NTE-008;NTE-009","CANONICAL_OBJECT_MAPPING_PENDING","IMPLEMENTATION_RECONCILIATION_PENDING","2026-09-21"
"NCC-F23.05-001","F23","Health, Safety, Environment & Sustainability","F23.05","Occupational health","1","Assess exposure","ANALYSE","NTE-040","NTE-002;NTE-003;NTE-004;NTE-005;NTE-007;NTE-008;NTE-009","CANONICAL_OBJECT_MAPPING_PENDING","IMPLEMENTATION_RECONCILIATION_PENDING","2026-09-21"
"NCC-F23.05-002","F23","Health, Safety, Environment & Sustainability","F23.05","Occupational health","2","conduct surveillance","OPERATE","NTE-040","NTE-002;NTE-003;NTE-004;NTE-005;NTE-007;NTE-008;NTE-009","CANONICAL_OBJECT_MAPPING_PENDING","IMPLEMENTATION_RECONCILIATION_PENDING","2026-09-21"
"NCC-F23.05-003","F23","Health, Safety, Environment & Sustainability","F23.05","Occupational health","3","manage workplace health programmes","OPERATE","NTE-040","NTE-002;NTE-003;NTE-004;NTE-005;NTE-007;NTE-008;NTE-009","CANONICAL_OBJECT_MAPPING_PENDING","IMPLEMENTATION_RECONCILIATION_PENDING","2026-09-21"
"NCC-F23.06-001","F23","Health, Safety, Environment & Sustainability","F23.06","Permit-to-work","1","Request permit","OPERATE","NTE-040","NTE-002;NTE-003;NTE-004;NTE-005;NTE-007;NTE-008;NTE-009","CANONICAL_OBJECT_MAPPING_PENDING","IMPLEMENTATION_RECONCILIATION_PENDING","2026-09-21"
"NCC-F23.06-002","F23","Health, Safety, Environment & Sustainability","F23.06","Permit-to-work","2","assess hazards","ANALYSE","NTE-040","NTE-002;NTE-003;NTE-004;NTE-005;NTE-007;NTE-008;NTE-009","CANONICAL_OBJECT_MAPPING_PENDING","IMPLEMENTATION_RECONCILIATION_PENDING","2026-09-21"
"NCC-F23.06-003","F23","Health, Safety, Environment & Sustainability","F23.06","Permit-to-work","3","approve","GOVERN_DECIDE","NTE-040","NTE-002;NTE-003;NTE-004;NTE-005;NTE-007;NTE-008;NTE-009","CANONICAL_OBJECT_MAPPING_PENDING","IMPLEMENTATION_RECONCILIATION_PENDING","2026-09-21"
"NCC-F23.06-004","F23","Health, Safety, Environment & Sustainability","F23.06","Permit-to-work","4","monitor","ANALYSE","NTE-040","NTE-002;NTE-003;NTE-004;NTE-005;NTE-007;NTE-008;NTE-009","CANONICAL_OBJECT_MAPPING_PENDING","IMPLEMENTATION_RECONCILIATION_PENDING","2026-09-21"
"NCC-F23.06-005","F23","Health, Safety, Environment & Sustainability","F23.06","Permit-to-work","5","close","TRANSACT_EXECUTE","NTE-040","NTE-002;NTE-003;NTE-004;NTE-005;NTE-007;NTE-008;NTE-009","CANONICAL_OBJECT_MAPPING_PENDING","IMPLEMENTATION_RECONCILIATION_PENDING","2026-09-21"
"NCC-F23.07-001","F23","Health, Safety, Environment & Sustainability","F23.07","Environmental management","1","Identify impacts","OPERATE","NTE-040","NTE-002;NTE-003;NTE-004;NTE-005;NTE-007;NTE-008;NTE-009","CANONICAL_OBJECT_MAPPING_PENDING","IMPLEMENTATION_RECONCILIATION_PENDING","2026-09-21"
"NCC-F23.07-002","F23","Health, Safety, Environment & Sustainability","F23.07","Environmental management","2","monitor compliance","ANALYSE","NTE-040","NTE-002;NTE-003;NTE-004;NTE-005;NTE-007;NTE-008;NTE-009","CANONICAL_OBJECT_MAPPING_PENDING","IMPLEMENTATION_RECONCILIATION_PENDING","2026-09-21"
"NCC-F23.07-003","F23","Health, Safety, Environment & Sustainability","F23.07","Environmental management","3","implement controls","OPERATE","NTE-040","NTE-002;NTE-003;NTE-004;NTE-005;NTE-007;NTE-008;NTE-009","CANONICAL_OBJECT_MAPPING_PENDING","IMPLEMENTATION_RECONCILIATION_PENDING","2026-09-21"
"NCC-F23.08-001","F23","Health, Safety, Environment & Sustainability","F23.08","Waste management","1","Classify waste","OPERATE","NTE-040","NTE-002;NTE-003;NTE-004;NTE-005;NTE-007;NTE-008;NTE-009","CANONICAL_OBJECT_MAPPING_PENDING","IMPLEMENTATION_RECONCILIATION_PENDING","2026-09-21"
"NCC-F23.08-002","F23","Health, Safety, Environment & Sustainability","F23.08","Waste management","2","store","OPERATE","NTE-040","NTE-002;NTE-003;NTE-004;NTE-005;NTE-007;NTE-008;NTE-009","CANONICAL_OBJECT_MAPPING_PENDING","IMPLEMENTATION_RECONCILIATION_PENDING","2026-09-21"
"NCC-F23.08-003","F23","Health, Safety, Environment & Sustainability","F23.08","Waste management","3","transport","OPERATE","NTE-040","NTE-002;NTE-003;NTE-004;NTE-005;NTE-007;NTE-008;NTE-009","CANONICAL_OBJECT_MAPPING_PENDING","IMPLEMENTATION_RECONCILIATION_PENDING","2026-09-21"
"NCC-F23.08-004","F23","Health, Safety, Environment & Sustainability","F23.08","Waste management","4","recycle","OPERATE","NTE-040","NTE-002;NTE-003;NTE-004;NTE-005;NTE-007;NTE-008;NTE-009","CANONICAL_OBJECT_MAPPING_PENDING","IMPLEMENTATION_RECONCILIATION_PENDING","2026-09-21"
"NCC-F23.08-005","F23","Health, Safety, Environment & Sustainability","F23.08","Waste management","5","dispose","OPERATE","NTE-040","NTE-002;NTE-003;NTE-004;NTE-005;NTE-007;NTE-008;NTE-009","CANONICAL_OBJECT_MAPPING_PENDING","IMPLEMENTATION_RECONCILIATION_PENDING","2026-09-21"
"NCC-F23.08-006","F23","Health, Safety, Environment & Sustainability","F23.08","Waste management","6","record","OPERATE","NTE-040","NTE-002;NTE-003;NTE-004;NTE-005;NTE-007;NTE-008;NTE-009","CANONICAL_OBJECT_MAPPING_PENDING","IMPLEMENTATION_RECONCILIATION_PENDING","2026-09-21"
"NCC-F23.09-001","F23","Health, Safety, Environment & Sustainability","F23.09","Carbon management","1","Calculate emissions","ANALYSE","NTE-040","NTE-002;NTE-003;NTE-004;NTE-005;NTE-007;NTE-008;NTE-009","CANONICAL_OBJECT_MAPPING_PENDING","IMPLEMENTATION_RECONCILIATION_PENDING","2026-09-21"
"NCC-F23.09-002","F23","Health, Safety, Environment & Sustainability","F23.09","Carbon management","2","establish baseline","AUTHOR_CREATE","NTE-040","NTE-002;NTE-003;NTE-004;NTE-005;NTE-007;NTE-008;NTE-009","CANONICAL_OBJECT_MAPPING_PENDING","IMPLEMENTATION_RECONCILIATION_PENDING","2026-09-21"
"NCC-F23.09-003","F23","Health, Safety, Environment & Sustainability","F23.09","Carbon management","3","set target","OPERATE","NTE-040","NTE-002;NTE-003;NTE-004;NTE-005;NTE-007;NTE-008;NTE-009","CANONICAL_OBJECT_MAPPING_PENDING","IMPLEMENTATION_RECONCILIATION_PENDING","2026-09-21"
"NCC-F23.09-004","F23","Health, Safety, Environment & Sustainability","F23.09","Carbon management","4","implement reductions","OPERATE","NTE-040","NTE-002;NTE-003;NTE-004;NTE-005;NTE-007;NTE-008;NTE-009","CANONICAL_OBJECT_MAPPING_PENDING","IMPLEMENTATION_RECONCILIATION_PENDING","2026-09-21"
"NCC-F23.10-001","F23","Health, Safety, Environment & Sustainability","F23.10","Energy management","1","Measure energy","ANALYSE","NTE-040","NTE-002;NTE-003;NTE-004;NTE-005;NTE-007;NTE-008;NTE-009","CANONICAL_OBJECT_MAPPING_PENDING","IMPLEMENTATION_RECONCILIATION_PENDING","2026-09-21"
"NCC-F23.10-002","F23","Health, Safety, Environment & Sustainability","F23.10","Energy management","2","identify efficiency measures","ANALYSE","NTE-040","NTE-002;NTE-003;NTE-004;NTE-005;NTE-007;NTE-008;NTE-009","CANONICAL_OBJECT_MAPPING_PENDING","IMPLEMENTATION_RECONCILIATION_PENDING","2026-09-21"
"NCC-F23.10-003","F23","Health, Safety, Environment & Sustainability","F23.10","Energy management","3","implement","OPERATE","NTE-040","NTE-002;NTE-003;NTE-004;NTE-005;NTE-007;NTE-008;NTE-009","CANONICAL_OBJECT_MAPPING_PENDING","IMPLEMENTATION_RECONCILIATION_PENDING","2026-09-21"
"NCC-F23.10-004","F23","Health, Safety, Environment & Sustainability","F23.10","Energy management","4","verify savings","ASSURE_VERIFY","NTE-040","NTE-002;NTE-003;NTE-004;NTE-005;NTE-007;NTE-008;NTE-009","CANONICAL_OBJECT_MAPPING_PENDING","IMPLEMENTATION_RECONCILIATION_PENDING","2026-09-21"
"NCC-F23.11-001","F23","Health, Safety, Environment & Sustainability","F23.11","Sustainability strategy","1","Establish ESG objectives","AUTHOR_CREATE","NTE-040","NTE-002;NTE-003;NTE-004;NTE-005;NTE-007;NTE-008;NTE-009","CANONICAL_OBJECT_MAPPING_PENDING","IMPLEMENTATION_RECONCILIATION_PENDING","2026-09-21"
"NCC-F23.11-002","F23","Health, Safety, Environment & Sustainability","F23.11","Sustainability strategy","2","initiatives","OPERATE","NTE-040","NTE-002;NTE-003;NTE-004;NTE-005;NTE-007;NTE-008;NTE-009","CANONICAL_OBJECT_MAPPING_PENDING","IMPLEMENTATION_RECONCILIATION_PENDING","2026-09-21"
"NCC-F23.11-003","F23","Health, Safety, Environment & Sustainability","F23.11","Sustainability strategy","3","commitments","OPERATE","NTE-040","NTE-002;NTE-003;NTE-004;NTE-005;NTE-007;NTE-008;NTE-009","CANONICAL_OBJECT_MAPPING_PENDING","IMPLEMENTATION_RECONCILIATION_PENDING","2026-09-21"
"NCC-F23.12-001","F23","Health, Safety, Environment & Sustainability","F23.12","ESG reporting","1","Collect metrics","OPERATE","NTE-040;NTE-033","NTE-002;NTE-003;NTE-004;NTE-005;NTE-007;NTE-008;NTE-009","CANONICAL_OBJECT_MAPPING_PENDING","IMPLEMENTATION_RECONCILIATION_PENDING","2026-09-21"
"NCC-F23.12-002","F23","Health, Safety, Environment & Sustainability","F23.12","ESG reporting","2","validate","ASSURE_VERIFY","NTE-040;NTE-033","NTE-002;NTE-003;NTE-004;NTE-005;NTE-007;NTE-008;NTE-009","CANONICAL_OBJECT_MAPPING_PENDING","IMPLEMENTATION_RECONCILIATION_PENDING","2026-09-21"
"NCC-F23.12-003","F23","Health, Safety, Environment & Sustainability","F23.12","ESG reporting","3","calculate","ANALYSE","NTE-040;NTE-033","NTE-002;NTE-003;NTE-004;NTE-005;NTE-007;NTE-008;NTE-009","CANONICAL_OBJECT_MAPPING_PENDING","IMPLEMENTATION_RECONCILIATION_PENDING","2026-09-21"
"NCC-F23.12-004","F23","Health, Safety, Environment & Sustainability","F23.12","ESG reporting","4","disclose","TRANSACT_EXECUTE","NTE-040;NTE-033","NTE-002;NTE-003;NTE-004;NTE-005;NTE-007;NTE-008;NTE-009","CANONICAL_OBJECT_MAPPING_PENDING","IMPLEMENTATION_RECONCILIATION_PENDING","2026-09-21"
"NCC-F23.12-005","F23","Health, Safety, Environment & Sustainability","F23.12","ESG reporting","5","assure","ASSURE_VERIFY","NTE-040;NTE-033","NTE-002;NTE-003;NTE-004;NTE-005;NTE-007;NTE-008;NTE-009","CANONICAL_OBJECT_MAPPING_PENDING","IMPLEMENTATION_RECONCILIATION_PENDING","2026-09-21"
"NCC-F23.13-001","F23","Health, Safety, Environment & Sustainability","F23.13","Sustainable supply chain","1","Establish supplier requirements","AUTHOR_CREATE","NTE-040","NTE-002;NTE-003;NTE-004;NTE-005;NTE-007;NTE-008;NTE-009","CANONICAL_OBJECT_MAPPING_PENDING","IMPLEMENTATION_RECONCILIATION_PENDING","2026-09-21"
"NCC-F23.13-002","F23","Health, Safety, Environment & Sustainability","F23.13","Sustainable supply chain","2","assess supplier ESG","ANALYSE","NTE-040","NTE-002;NTE-003;NTE-004;NTE-005;NTE-007;NTE-008;NTE-009","CANONICAL_OBJECT_MAPPING_PENDING","IMPLEMENTATION_RECONCILIATION_PENDING","2026-09-21"
"NCC-F23.13-003","F23","Health, Safety, Environment & Sustainability","F23.13","Sustainable supply chain","3","remediate","EXCEPTION_IMPROVE","NTE-040","NTE-002;NTE-003;NTE-004;NTE-005;NTE-007;NTE-008;NTE-009","CANONICAL_OBJECT_MAPPING_PENDING","IMPLEMENTATION_RECONCILIATION_PENDING","2026-09-21"
"NCC-F23.14-001","F23","Health, Safety, Environment & Sustainability","F23.14","Environmental compliance","1","Monitor permits","ANALYSE","NTE-040;NTE-037","NTE-002;NTE-003;NTE-004;NTE-005;NTE-007;NTE-008;NTE-009","CANONICAL_OBJECT_MAPPING_PENDING","IMPLEMENTATION_RECONCILIATION_PENDING","2026-09-21"
"NCC-F23.14-002","F23","Health, Safety, Environment & Sustainability","F23.14","Environmental compliance","2","sample/test","ASSURE_VERIFY","NTE-040;NTE-037","NTE-002;NTE-003;NTE-004;NTE-005;NTE-007;NTE-008;NTE-009","CANONICAL_OBJECT_MAPPING_PENDING","IMPLEMENTATION_RECONCILIATION_PENDING","2026-09-21"
"NCC-F23.14-003","F23","Health, Safety, Environment & Sustainability","F23.14","Environmental compliance","3","submit returns","TRANSACT_EXECUTE","NTE-040;NTE-037","NTE-002;NTE-003;NTE-004;NTE-005;NTE-007;NTE-008;NTE-009","CANONICAL_OBJECT_MAPPING_PENDING","IMPLEMENTATION_RECONCILIATION_PENDING","2026-09-21"
"NCC-F23.14-004","F23","Health, Safety, Environment & Sustainability","F23.14","Environmental compliance","4","correct non-compliance","EXCEPTION_IMPROVE","NTE-040;NTE-037","NTE-002;NTE-003;NTE-004;NTE-005;NTE-007;NTE-008;NTE-009","CANONICAL_OBJECT_MAPPING_PENDING","IMPLEMENTATION_RECONCILIATION_PENDING","2026-09-21"
"NCC-F24.01-001","F24","Business Continuity, Crisis & Physical Security","F24.01","Business continuity governance","1","Establish BC framework","AUTHOR_CREATE","NTE-041","NTE-002;NTE-003;NTE-004;NTE-005;NTE-007;NTE-008;NTE-009","CANONICAL_OBJECT_MAPPING_PENDING","IMPLEMENTATION_RECONCILIATION_PENDING","2026-09-21"
"NCC-F24.01-002","F24","Business Continuity, Crisis & Physical Security","F24.01","Business continuity governance","2","policies","OPERATE","NTE-041","NTE-002;NTE-003;NTE-004;NTE-005;NTE-007;NTE-008;NTE-009","CANONICAL_OBJECT_MAPPING_PENDING","IMPLEMENTATION_RECONCILIATION_PENDING","2026-09-21"
"NCC-F24.01-003","F24","Business Continuity, Crisis & Physical Security","F24.01","Business continuity governance","3","ownership","OPERATE","NTE-041","NTE-002;NTE-003;NTE-004;NTE-005;NTE-007;NTE-008;NTE-009","CANONICAL_OBJECT_MAPPING_PENDING","IMPLEMENTATION_RECONCILIATION_PENDING","2026-09-21"
"NCC-F24.01-004","F24","Business Continuity, Crisis & Physical Security","F24.01","Business continuity governance","4","review cycle","OPERATE","NTE-041","NTE-002;NTE-003;NTE-004;NTE-005;NTE-007;NTE-008;NTE-009","CANONICAL_OBJECT_MAPPING_PENDING","IMPLEMENTATION_RECONCILIATION_PENDING","2026-09-21"
"NCC-F24.02-001","F24","Business Continuity, Crisis & Physical Security","F24.02","Business impact analysis","1","Identify critical activities","OPERATE","NTE-041","NTE-002;NTE-003;NTE-004;NTE-005;NTE-007;NTE-008;NTE-009","CANONICAL_OBJECT_MAPPING_PENDING","IMPLEMENTATION_RECONCILIATION_PENDING","2026-09-21"
"NCC-F24.02-002","F24","Business Continuity, Crisis & Physical Security","F24.02","Business impact analysis","2","dependencies","OPERATE","NTE-041","NTE-002;NTE-003;NTE-004;NTE-005;NTE-007;NTE-008;NTE-009","CANONICAL_OBJECT_MAPPING_PENDING","IMPLEMENTATION_RECONCILIATION_PENDING","2026-09-21"
"NCC-F24.02-003","F24","Business Continuity, Crisis & Physical Security","F24.02","Business impact analysis","3","impact","OPERATE","NTE-041","NTE-002;NTE-003;NTE-004;NTE-005;NTE-007;NTE-008;NTE-009","CANONICAL_OBJECT_MAPPING_PENDING","IMPLEMENTATION_RECONCILIATION_PENDING","2026-09-21"
"NCC-F24.02-004","F24","Business Continuity, Crisis & Physical Security","F24.02","Business impact analysis","4","recovery objectives","EXCEPTION_IMPROVE","NTE-041","NTE-002;NTE-003;NTE-004;NTE-005;NTE-007;NTE-008;NTE-009","CANONICAL_OBJECT_MAPPING_PENDING","IMPLEMENTATION_RECONCILIATION_PENDING","2026-09-21"
"NCC-F24.03-001","F24","Business Continuity, Crisis & Physical Security","F24.03","Continuity planning","1","Develop response/recovery strategies","EXCEPTION_IMPROVE","NTE-041","NTE-002;NTE-003;NTE-004;NTE-005;NTE-007;NTE-008;NTE-009","CANONICAL_OBJECT_MAPPING_PENDING","IMPLEMENTATION_RECONCILIATION_PENDING","2026-09-21"
"NCC-F24.03-002","F24","Business Continuity, Crisis & Physical Security","F24.03","Continuity planning","2","document plans","PLAN_OPTIMISE","NTE-041","NTE-002;NTE-003;NTE-004;NTE-005;NTE-007;NTE-008;NTE-009","CANONICAL_OBJECT_MAPPING_PENDING","IMPLEMENTATION_RECONCILIATION_PENDING","2026-09-21"
"NCC-F24.03-003","F24","Business Continuity, Crisis & Physical Security","F24.03","Continuity planning","3","assign roles","OPERATE","NTE-041","NTE-002;NTE-003;NTE-004;NTE-005;NTE-007;NTE-008;NTE-009","CANONICAL_OBJECT_MAPPING_PENDING","IMPLEMENTATION_RECONCILIATION_PENDING","2026-09-21"
"NCC-F24.04-001","F24","Business Continuity, Crisis & Physical Security","F24.04","Continuity testing","1","Design exercise","AUTHOR_CREATE","NTE-041","NTE-002;NTE-003;NTE-004;NTE-005;NTE-007;NTE-008;NTE-009","CANONICAL_OBJECT_MAPPING_PENDING","IMPLEMENTATION_RECONCILIATION_PENDING","2026-09-21"
"NCC-F24.04-002","F24","Business Continuity, Crisis & Physical Security","F24.04","Continuity testing","2","simulate disruption","OPERATE","NTE-041","NTE-002;NTE-003;NTE-004;NTE-005;NTE-007;NTE-008;NTE-009","CANONICAL_OBJECT_MAPPING_PENDING","IMPLEMENTATION_RECONCILIATION_PENDING","2026-09-21"
"NCC-F24.04-003","F24","Business Continuity, Crisis & Physical Security","F24.04","Continuity testing","3","evaluate response","ANALYSE","NTE-041","NTE-002;NTE-003;NTE-004;NTE-005;NTE-007;NTE-008;NTE-009","CANONICAL_OBJECT_MAPPING_PENDING","IMPLEMENTATION_RECONCILIATION_PENDING","2026-09-21"
"NCC-F24.04-004","F24","Business Continuity, Crisis & Physical Security","F24.04","Continuity testing","4","remediate gaps","EXCEPTION_IMPROVE","NTE-041","NTE-002;NTE-003;NTE-004;NTE-005;NTE-007;NTE-008;NTE-009","CANONICAL_OBJECT_MAPPING_PENDING","IMPLEMENTATION_RECONCILIATION_PENDING","2026-09-21"
"NCC-F24.05-001","F24","Business Continuity, Crisis & Physical Security","F24.05","Crisis management","1","Detect crisis","OPERATE","NTE-041","NTE-002;NTE-003;NTE-004;NTE-005;NTE-007;NTE-008;NTE-009","CANONICAL_OBJECT_MAPPING_PENDING","IMPLEMENTATION_RECONCILIATION_PENDING","2026-09-21"
"NCC-F24.05-002","F24","Business Continuity, Crisis & Physical Security","F24.05","Crisis management","2","activate team","TRANSACT_EXECUTE","NTE-041","NTE-002;NTE-003;NTE-004;NTE-005;NTE-007;NTE-008;NTE-009","CANONICAL_OBJECT_MAPPING_PENDING","IMPLEMENTATION_RECONCILIATION_PENDING","2026-09-21"
"NCC-F24.05-003","F24","Business Continuity, Crisis & Physical Security","F24.05","Crisis management","3","assess severity","ANALYSE","NTE-041","NTE-002;NTE-003;NTE-004;NTE-005;NTE-007;NTE-008;NTE-009","CANONICAL_OBJECT_MAPPING_PENDING","IMPLEMENTATION_RECONCILIATION_PENDING","2026-09-21"
"NCC-F24.05-004","F24","Business Continuity, Crisis & Physical Security","F24.05","Crisis management","4","coordinate response","OPERATE","NTE-041","NTE-002;NTE-003;NTE-004;NTE-005;NTE-007;NTE-008;NTE-009","CANONICAL_OBJECT_MAPPING_PENDING","IMPLEMENTATION_RECONCILIATION_PENDING","2026-09-21"
"NCC-F24.06-001","F24","Business Continuity, Crisis & Physical Security","F24.06","Emergency response","1","Raise alarm","OPERATE","NTE-041","NTE-002;NTE-003;NTE-004;NTE-005;NTE-007;NTE-008;NTE-009","CANONICAL_OBJECT_MAPPING_PENDING","IMPLEMENTATION_RECONCILIATION_PENDING","2026-09-21"
"NCC-F24.06-002","F24","Business Continuity, Crisis & Physical Security","F24.06","Emergency response","2","evacuate","OPERATE","NTE-041","NTE-002;NTE-003;NTE-004;NTE-005;NTE-007;NTE-008;NTE-009","CANONICAL_OBJECT_MAPPING_PENDING","IMPLEMENTATION_RECONCILIATION_PENDING","2026-09-21"
"NCC-F24.06-003","F24","Business Continuity, Crisis & Physical Security","F24.06","Emergency response","3","account for people","OPERATE","NTE-041","NTE-002;NTE-003;NTE-004;NTE-005;NTE-007;NTE-008;NTE-009","CANONICAL_OBJECT_MAPPING_PENDING","IMPLEMENTATION_RECONCILIATION_PENDING","2026-09-21"
"NCC-F24.06-004","F24","Business Continuity, Crisis & Physical Security","F24.06","Emergency response","4","contact emergency services","OPERATE","NTE-041","NTE-002;NTE-003;NTE-004;NTE-005;NTE-007;NTE-008;NTE-009","CANONICAL_OBJECT_MAPPING_PENDING","IMPLEMENTATION_RECONCILIATION_PENDING","2026-09-21"
"NCC-F24.07-001","F24","Business Continuity, Crisis & Physical Security","F24.07","Crisis communications","1","Prepare messaging","AUTHOR_CREATE","NTE-041","NTE-002;NTE-003;NTE-004;NTE-005;NTE-007;NTE-008;NTE-009","CANONICAL_OBJECT_MAPPING_PENDING","IMPLEMENTATION_RECONCILIATION_PENDING","2026-09-21"
"NCC-F24.07-002","F24","Business Continuity, Crisis & Physical Security","F24.07","Crisis communications","2","approve","GOVERN_DECIDE","NTE-041","NTE-002;NTE-003;NTE-004;NTE-005;NTE-007;NTE-008;NTE-009","CANONICAL_OBJECT_MAPPING_PENDING","IMPLEMENTATION_RECONCILIATION_PENDING","2026-09-21"
"NCC-F24.07-003","F24","Business Continuity, Crisis & Physical Security","F24.07","Crisis communications","3","notify employees/customers/media","COMMUNICATE_PUBLISH","NTE-041","NTE-002;NTE-003;NTE-004;NTE-005;NTE-007;NTE-008;NTE-009","CANONICAL_OBJECT_MAPPING_PENDING","IMPLEMENTATION_RECONCILIATION_PENDING","2026-09-21"
"NCC-F24.08-001","F24","Business Continuity, Crisis & Physical Security","F24.08","Disaster recovery coordination","1","Activate recovery","EXCEPTION_IMPROVE","NTE-041","NTE-002;NTE-003;NTE-004;NTE-005;NTE-007;NTE-008;NTE-009","CANONICAL_OBJECT_MAPPING_PENDING","IMPLEMENTATION_RECONCILIATION_PENDING","2026-09-21"
"NCC-F24.08-002","F24","Business Continuity, Crisis & Physical Security","F24.08","Disaster recovery coordination","2","restore systems/sites","OPERATE","NTE-041","NTE-002;NTE-003;NTE-004;NTE-005;NTE-007;NTE-008;NTE-009","CANONICAL_OBJECT_MAPPING_PENDING","IMPLEMENTATION_RECONCILIATION_PENDING","2026-09-21"
"NCC-F24.08-003","F24","Business Continuity, Crisis & Physical Security","F24.08","Disaster recovery coordination","3","validate service","ASSURE_VERIFY","NTE-041","NTE-002;NTE-003;NTE-004;NTE-005;NTE-007;NTE-008;NTE-009","CANONICAL_OBJECT_MAPPING_PENDING","IMPLEMENTATION_RECONCILIATION_PENDING","2026-09-21"
"NCC-F24.09-001","F24","Business Continuity, Crisis & Physical Security","F24.09","Physical security","1","Control access","OPERATE","NTE-041","NTE-002;NTE-003;NTE-004;NTE-005;NTE-007;NTE-008;NTE-009","CANONICAL_OBJECT_MAPPING_PENDING","IMPLEMENTATION_RECONCILIATION_PENDING","2026-09-21"
"NCC-F24.09-002","F24","Business Continuity, Crisis & Physical Security","F24.09","Physical security","2","monitor premises","ANALYSE","NTE-041","NTE-002;NTE-003;NTE-004;NTE-005;NTE-007;NTE-008;NTE-009","CANONICAL_OBJECT_MAPPING_PENDING","IMPLEMENTATION_RECONCILIATION_PENDING","2026-09-21"
"NCC-F24.09-003","F24","Business Continuity, Crisis & Physical Security","F24.09","Physical security","3","patrol","OPERATE","NTE-041","NTE-002;NTE-003;NTE-004;NTE-005;NTE-007;NTE-008;NTE-009","CANONICAL_OBJECT_MAPPING_PENDING","IMPLEMENTATION_RECONCILIATION_PENDING","2026-09-21"
"NCC-F24.09-004","F24","Business Continuity, Crisis & Physical Security","F24.09","Physical security","4","respond to alarms","OPERATE","NTE-041","NTE-002;NTE-003;NTE-004;NTE-005;NTE-007;NTE-008;NTE-009","CANONICAL_OBJECT_MAPPING_PENDING","IMPLEMENTATION_RECONCILIATION_PENDING","2026-09-21"
"NCC-F24.10-001","F24","Business Continuity, Crisis & Physical Security","F24.10","Visitor management","1","Register visitor","AUTHOR_CREATE","NTE-041","NTE-002;NTE-003;NTE-004;NTE-005;NTE-007;NTE-008;NTE-009","CANONICAL_OBJECT_MAPPING_PENDING","IMPLEMENTATION_RECONCILIATION_PENDING","2026-09-21"
"NCC-F24.10-002","F24","Business Continuity, Crisis & Physical Security","F24.10","Visitor management","2","verify identity","ASSURE_VERIFY","NTE-041","NTE-002;NTE-003;NTE-004;NTE-005;NTE-007;NTE-008;NTE-009","CANONICAL_OBJECT_MAPPING_PENDING","IMPLEMENTATION_RECONCILIATION_PENDING","2026-09-21"
"NCC-F24.10-003","F24","Business Continuity, Crisis & Physical Security","F24.10","Visitor management","3","approve access","GOVERN_DECIDE","NTE-041","NTE-002;NTE-003;NTE-004;NTE-005;NTE-007;NTE-008;NTE-009","CANONICAL_OBJECT_MAPPING_PENDING","IMPLEMENTATION_RECONCILIATION_PENDING","2026-09-21"
"NCC-F24.10-004","F24","Business Continuity, Crisis & Physical Security","F24.10","Visitor management","4","issue/recover pass","EXCEPTION_IMPROVE","NTE-041","NTE-002;NTE-003;NTE-004;NTE-005;NTE-007;NTE-008;NTE-009","CANONICAL_OBJECT_MAPPING_PENDING","IMPLEMENTATION_RECONCILIATION_PENDING","2026-09-21"
"NCC-F24.11-001","F24","Business Continuity, Crisis & Physical Security","F24.11","Security investigations","1","Receive allegation","TRANSACT_EXECUTE","NTE-041","NTE-002;NTE-003;NTE-004;NTE-005;NTE-007;NTE-008;NTE-009","CANONICAL_OBJECT_MAPPING_PENDING","IMPLEMENTATION_RECONCILIATION_PENDING","2026-09-21"
"NCC-F24.11-002","F24","Business Continuity, Crisis & Physical Security","F24.11","Security investigations","2","gather evidence","OPERATE","NTE-041","NTE-002;NTE-003;NTE-004;NTE-005;NTE-007;NTE-008;NTE-009","CANONICAL_OBJECT_MAPPING_PENDING","IMPLEMENTATION_RECONCILIATION_PENDING","2026-09-21"
"NCC-F24.11-003","F24","Business Continuity, Crisis & Physical Security","F24.11","Security investigations","3","interview","OPERATE","NTE-041","NTE-002;NTE-003;NTE-004;NTE-005;NTE-007;NTE-008;NTE-009","CANONICAL_OBJECT_MAPPING_PENDING","IMPLEMENTATION_RECONCILIATION_PENDING","2026-09-21"
"NCC-F24.11-004","F24","Business Continuity, Crisis & Physical Security","F24.11","Security investigations","4","determine outcome","OPERATE","NTE-041","NTE-002;NTE-003;NTE-004;NTE-005;NTE-007;NTE-008;NTE-009","CANONICAL_OBJECT_MAPPING_PENDING","IMPLEMENTATION_RECONCILIATION_PENDING","2026-09-21"
"NCC-F24.12-001","F24","Business Continuity, Crisis & Physical Security","F24.12","Travel security","1","Assess destinations","ANALYSE","NTE-041","NTE-002;NTE-003;NTE-004;NTE-005;NTE-007;NTE-008;NTE-009","CANONICAL_OBJECT_MAPPING_PENDING","IMPLEMENTATION_RECONCILIATION_PENDING","2026-09-21"
"NCC-F24.12-002","F24","Business Continuity, Crisis & Physical Security","F24.12","Travel security","2","communicate risks","COMMUNICATE_PUBLISH","NTE-041","NTE-002;NTE-003;NTE-004;NTE-005;NTE-007;NTE-008;NTE-009","CANONICAL_OBJECT_MAPPING_PENDING","IMPLEMENTATION_RECONCILIATION_PENDING","2026-09-21"
"NCC-F24.12-003","F24","Business Continuity, Crisis & Physical Security","F24.12","Travel security","3","track travellers","ANALYSE","NTE-041","NTE-002;NTE-003;NTE-004;NTE-005;NTE-007;NTE-008;NTE-009","CANONICAL_OBJECT_MAPPING_PENDING","IMPLEMENTATION_RECONCILIATION_PENDING","2026-09-21"
"NCC-F24.12-004","F24","Business Continuity, Crisis & Physical Security","F24.12","Travel security","4","respond to incidents","OPERATE","NTE-041","NTE-002;NTE-003;NTE-004;NTE-005;NTE-007;NTE-008;NTE-009","CANONICAL_OBJECT_MAPPING_PENDING","IMPLEMENTATION_RECONCILIATION_PENDING","2026-09-21"
"NCC-F25.01-001","F25","Communications, Public Affairs & Investor Relations","F25.01","Corporate communications","1","Define communication strategy","COMMUNICATE_PUBLISH","NTE-042","NTE-002;NTE-003;NTE-004;NTE-005;NTE-007;NTE-008;NTE-009","CANONICAL_OBJECT_MAPPING_PENDING","IMPLEMENTATION_RECONCILIATION_PENDING","2026-09-21"
"NCC-F25.01-002","F25","Communications, Public Affairs & Investor Relations","F25.01","Corporate communications","2","develop messaging","AUTHOR_CREATE","NTE-042","NTE-002;NTE-003;NTE-004;NTE-005;NTE-007;NTE-008;NTE-009","CANONICAL_OBJECT_MAPPING_PENDING","IMPLEMENTATION_RECONCILIATION_PENDING","2026-09-21"
"NCC-F25.01-003","F25","Communications, Public Affairs & Investor Relations","F25.01","Corporate communications","3","publish communications","COMMUNICATE_PUBLISH","NTE-042","NTE-002;NTE-003;NTE-004;NTE-005;NTE-007;NTE-008;NTE-009","CANONICAL_OBJECT_MAPPING_PENDING","IMPLEMENTATION_RECONCILIATION_PENDING","2026-09-21"
"NCC-F25.02-001","F25","Communications, Public Affairs & Investor Relations","F25.02","Internal communications","1","Prepare announcements","COMMUNICATE_PUBLISH","NTE-042","NTE-002;NTE-003;NTE-004;NTE-005;NTE-007;NTE-008;NTE-009","CANONICAL_OBJECT_MAPPING_PENDING","IMPLEMENTATION_RECONCILIATION_PENDING","2026-09-21"
"NCC-F25.02-002","F25","Communications, Public Affairs & Investor Relations","F25.02","Internal communications","2","newsletters","OPERATE","NTE-042","NTE-002;NTE-003;NTE-004;NTE-005;NTE-007;NTE-008;NTE-009","CANONICAL_OBJECT_MAPPING_PENDING","IMPLEMENTATION_RECONCILIATION_PENDING","2026-09-21"
"NCC-F25.02-003","F25","Communications, Public Affairs & Investor Relations","F25.02","Internal communications","3","intranet content","OPERATE","NTE-042","NTE-002;NTE-003;NTE-004;NTE-005;NTE-007;NTE-008;NTE-009","CANONICAL_OBJECT_MAPPING_PENDING","IMPLEMENTATION_RECONCILIATION_PENDING","2026-09-21"
"NCC-F25.02-004","F25","Communications, Public Affairs & Investor Relations","F25.02","Internal communications","4","leadership communications","COMMUNICATE_PUBLISH","NTE-042","NTE-002;NTE-003;NTE-004;NTE-005;NTE-007;NTE-008;NTE-009","CANONICAL_OBJECT_MAPPING_PENDING","IMPLEMENTATION_RECONCILIATION_PENDING","2026-09-21"
"NCC-F25.03-001","F25","Communications, Public Affairs & Investor Relations","F25.03","Media relations","1","Build media relationships","AUTHOR_CREATE","NTE-042","NTE-002;NTE-003;NTE-004;NTE-005;NTE-007;NTE-008;NTE-009","CANONICAL_OBJECT_MAPPING_PENDING","IMPLEMENTATION_RECONCILIATION_PENDING","2026-09-21"
"NCC-F25.03-002","F25","Communications, Public Affairs & Investor Relations","F25.03","Media relations","2","prepare releases","AUTHOR_CREATE","NTE-042","NTE-002;NTE-003;NTE-004;NTE-005;NTE-007;NTE-008;NTE-009","CANONICAL_OBJECT_MAPPING_PENDING","IMPLEMENTATION_RECONCILIATION_PENDING","2026-09-21"
"NCC-F25.03-003","F25","Communications, Public Affairs & Investor Relations","F25.03","Media relations","3","respond to enquiries","COMMUNICATE_PUBLISH","NTE-042","NTE-002;NTE-003;NTE-004;NTE-005;NTE-007;NTE-008;NTE-009","CANONICAL_OBJECT_MAPPING_PENDING","IMPLEMENTATION_RECONCILIATION_PENDING","2026-09-21"
"NCC-F25.03-004","F25","Communications, Public Affairs & Investor Relations","F25.03","Media relations","4","organise interviews","OPERATE","NTE-042","NTE-002;NTE-003;NTE-004;NTE-005;NTE-007;NTE-008;NTE-009","CANONICAL_OBJECT_MAPPING_PENDING","IMPLEMENTATION_RECONCILIATION_PENDING","2026-09-21"
"NCC-F25.04-001","F25","Communications, Public Affairs & Investor Relations","F25.04","Public relations","1","Plan campaigns","PLAN_OPTIMISE","NTE-042","NTE-002;NTE-003;NTE-004;NTE-005;NTE-007;NTE-008;NTE-009","CANONICAL_OBJECT_MAPPING_PENDING","IMPLEMENTATION_RECONCILIATION_PENDING","2026-09-21"
"NCC-F25.04-002","F25","Communications, Public Affairs & Investor Relations","F25.04","Public relations","2","manage reputation","OPERATE","NTE-042","NTE-002;NTE-003;NTE-004;NTE-005;NTE-007;NTE-008;NTE-009","CANONICAL_OBJECT_MAPPING_PENDING","IMPLEMENTATION_RECONCILIATION_PENDING","2026-09-21"
"NCC-F25.04-003","F25","Communications, Public Affairs & Investor Relations","F25.04","Public relations","3","coordinate external communications","COMMUNICATE_PUBLISH","NTE-042","NTE-002;NTE-003;NTE-004;NTE-005;NTE-007;NTE-008;NTE-009","CANONICAL_OBJECT_MAPPING_PENDING","IMPLEMENTATION_RECONCILIATION_PENDING","2026-09-21"
"NCC-F25.05-001","F25","Communications, Public Affairs & Investor Relations","F25.05","Reputation management","1","Monitor sentiment","ANALYSE","NTE-042","NTE-002;NTE-003;NTE-004;NTE-005;NTE-007;NTE-008;NTE-009","CANONICAL_OBJECT_MAPPING_PENDING","IMPLEMENTATION_RECONCILIATION_PENDING","2026-09-21"
"NCC-F25.05-002","F25","Communications, Public Affairs & Investor Relations","F25.05","Reputation management","2","identify issues","OPERATE","NTE-042","NTE-002;NTE-003;NTE-004;NTE-005;NTE-007;NTE-008;NTE-009","CANONICAL_OBJECT_MAPPING_PENDING","IMPLEMENTATION_RECONCILIATION_PENDING","2026-09-21"
"NCC-F25.05-003","F25","Communications, Public Affairs & Investor Relations","F25.05","Reputation management","3","develop response","AUTHOR_CREATE","NTE-042","NTE-002;NTE-003;NTE-004;NTE-005;NTE-007;NTE-008;NTE-009","CANONICAL_OBJECT_MAPPING_PENDING","IMPLEMENTATION_RECONCILIATION_PENDING","2026-09-21"
"NCC-F25.05-004","F25","Communications, Public Affairs & Investor Relations","F25.05","Reputation management","4","measure perception","ANALYSE","NTE-042","NTE-002;NTE-003;NTE-004;NTE-005;NTE-007;NTE-008;NTE-009","CANONICAL_OBJECT_MAPPING_PENDING","IMPLEMENTATION_RECONCILIATION_PENDING","2026-09-21"
"NCC-F25.06-001","F25","Communications, Public Affairs & Investor Relations","F25.06","Public affairs","1","Monitor government activity","ANALYSE","NTE-042","NTE-002;NTE-003;NTE-004;NTE-005;NTE-007;NTE-008;NTE-009","CANONICAL_OBJECT_MAPPING_PENDING","IMPLEMENTATION_RECONCILIATION_PENDING","2026-09-21"
"NCC-F25.06-002","F25","Communications, Public Affairs & Investor Relations","F25.06","Public affairs","2","analyse policy","ANALYSE","NTE-042","NTE-002;NTE-003;NTE-004;NTE-005;NTE-007;NTE-008;NTE-009","CANONICAL_OBJECT_MAPPING_PENDING","IMPLEMENTATION_RECONCILIATION_PENDING","2026-09-21"
"NCC-F25.06-003","F25","Communications, Public Affairs & Investor Relations","F25.06","Public affairs","3","engage stakeholders","OPERATE","NTE-042","NTE-002;NTE-003;NTE-004;NTE-005;NTE-007;NTE-008;NTE-009","CANONICAL_OBJECT_MAPPING_PENDING","IMPLEMENTATION_RECONCILIATION_PENDING","2026-09-21"
"NCC-F25.07-001","F25","Communications, Public Affairs & Investor Relations","F25.07","Government relations","1","Map officials","AUTHOR_CREATE","NTE-042","NTE-002;NTE-003;NTE-004;NTE-005;NTE-007;NTE-008;NTE-009","CANONICAL_OBJECT_MAPPING_PENDING","IMPLEMENTATION_RECONCILIATION_PENDING","2026-09-21"
"NCC-F25.07-002","F25","Communications, Public Affairs & Investor Relations","F25.07","Government relations","2","conduct engagement","OPERATE","NTE-042","NTE-002;NTE-003;NTE-004;NTE-005;NTE-007;NTE-008;NTE-009","CANONICAL_OBJECT_MAPPING_PENDING","IMPLEMENTATION_RECONCILIATION_PENDING","2026-09-21"
"NCC-F25.07-003","F25","Communications, Public Affairs & Investor Relations","F25.07","Government relations","3","prepare submissions","AUTHOR_CREATE","NTE-042","NTE-002;NTE-003;NTE-004;NTE-005;NTE-007;NTE-008;NTE-009","CANONICAL_OBJECT_MAPPING_PENDING","IMPLEMENTATION_RECONCILIATION_PENDING","2026-09-21"
"NCC-F25.07-004","F25","Communications, Public Affairs & Investor Relations","F25.07","Government relations","4","track commitments","ANALYSE","NTE-042","NTE-002;NTE-003;NTE-004;NTE-005;NTE-007;NTE-008;NTE-009","CANONICAL_OBJECT_MAPPING_PENDING","IMPLEMENTATION_RECONCILIATION_PENDING","2026-09-21"
"NCC-F25.08-001","F25","Communications, Public Affairs & Investor Relations","F25.08","Investor relations","1","Prepare results communications","COMMUNICATE_PUBLISH","NTE-042","NTE-002;NTE-003;NTE-004;NTE-005;NTE-007;NTE-008;NTE-009","CANONICAL_OBJECT_MAPPING_PENDING","IMPLEMENTATION_RECONCILIATION_PENDING","2026-09-21"
"NCC-F25.08-002","F25","Communications, Public Affairs & Investor Relations","F25.08","Investor relations","2","investor presentations","OPERATE","NTE-042","NTE-002;NTE-003;NTE-004;NTE-005;NTE-007;NTE-008;NTE-009","CANONICAL_OBJECT_MAPPING_PENDING","IMPLEMENTATION_RECONCILIATION_PENDING","2026-09-21"
"NCC-F25.08-003","F25","Communications, Public Affairs & Investor Relations","F25.08","Investor relations","3","manage enquiries","OPERATE","NTE-042","NTE-002;NTE-003;NTE-004;NTE-005;NTE-007;NTE-008;NTE-009","CANONICAL_OBJECT_MAPPING_PENDING","IMPLEMENTATION_RECONCILIATION_PENDING","2026-09-21"
"NCC-F25.09-001","F25","Communications, Public Affairs & Investor Relations","F25.09","Annual reporting","1","Gather content","OPERATE","NTE-042;NTE-033","NTE-002;NTE-003;NTE-004;NTE-005;NTE-007;NTE-008;NTE-009","CANONICAL_OBJECT_MAPPING_PENDING","IMPLEMENTATION_RECONCILIATION_PENDING","2026-09-21"
"NCC-F25.09-002","F25","Communications, Public Affairs & Investor Relations","F25.09","Annual reporting","2","prepare narrative","AUTHOR_CREATE","NTE-042;NTE-033","NTE-002;NTE-003;NTE-004;NTE-005;NTE-007;NTE-008;NTE-009","CANONICAL_OBJECT_MAPPING_PENDING","IMPLEMENTATION_RECONCILIATION_PENDING","2026-09-21"
"NCC-F25.09-003","F25","Communications, Public Affairs & Investor Relations","F25.09","Annual reporting","3","review","OPERATE","NTE-042;NTE-033","NTE-002;NTE-003;NTE-004;NTE-005;NTE-007;NTE-008;NTE-009","CANONICAL_OBJECT_MAPPING_PENDING","IMPLEMENTATION_RECONCILIATION_PENDING","2026-09-21"
"NCC-F25.09-004","F25","Communications, Public Affairs & Investor Relations","F25.09","Annual reporting","4","approve","GOVERN_DECIDE","NTE-042;NTE-033","NTE-002;NTE-003;NTE-004;NTE-005;NTE-007;NTE-008;NTE-009","CANONICAL_OBJECT_MAPPING_PENDING","IMPLEMENTATION_RECONCILIATION_PENDING","2026-09-21"
"NCC-F25.09-005","F25","Communications, Public Affairs & Investor Relations","F25.09","Annual reporting","5","publish","COMMUNICATE_PUBLISH","NTE-042;NTE-033","NTE-002;NTE-003;NTE-004;NTE-005;NTE-007;NTE-008;NTE-009","CANONICAL_OBJECT_MAPPING_PENDING","IMPLEMENTATION_RECONCILIATION_PENDING","2026-09-21"
"NCC-F25.10-001","F25","Communications, Public Affairs & Investor Relations","F25.10","Stakeholder engagement","1","Identify stakeholders","OPERATE","NTE-042","NTE-002;NTE-003;NTE-004;NTE-005;NTE-007;NTE-008;NTE-009","CANONICAL_OBJECT_MAPPING_PENDING","IMPLEMENTATION_RECONCILIATION_PENDING","2026-09-21"
"NCC-F25.10-002","F25","Communications, Public Affairs & Investor Relations","F25.10","Stakeholder engagement","2","map interests","AUTHOR_CREATE","NTE-042","NTE-002;NTE-003;NTE-004;NTE-005;NTE-007;NTE-008;NTE-009","CANONICAL_OBJECT_MAPPING_PENDING","IMPLEMENTATION_RECONCILIATION_PENDING","2026-09-21"
"NCC-F25.10-003","F25","Communications, Public Affairs & Investor Relations","F25.10","Stakeholder engagement","3","plan engagement","PLAN_OPTIMISE","NTE-042","NTE-002;NTE-003;NTE-004;NTE-005;NTE-007;NTE-008;NTE-009","CANONICAL_OBJECT_MAPPING_PENDING","IMPLEMENTATION_RECONCILIATION_PENDING","2026-09-21"
"NCC-F25.10-004","F25","Communications, Public Affairs & Investor Relations","F25.10","Stakeholder engagement","4","record feedback","OPERATE","NTE-042","NTE-002;NTE-003;NTE-004;NTE-005;NTE-007;NTE-008;NTE-009","CANONICAL_OBJECT_MAPPING_PENDING","IMPLEMENTATION_RECONCILIATION_PENDING","2026-09-21"
"NCC-F25.11-001","F25","Communications, Public Affairs & Investor Relations","F25.11","Community relations","1","Manage local engagement","OPERATE","NTE-042","NTE-002;NTE-003;NTE-004;NTE-005;NTE-007;NTE-008;NTE-009","CANONICAL_OBJECT_MAPPING_PENDING","IMPLEMENTATION_RECONCILIATION_PENDING","2026-09-21"
"NCC-F25.11-002","F25","Communications, Public Affairs & Investor Relations","F25.11","Community relations","2","sponsorship","OPERATE","NTE-042","NTE-002;NTE-003;NTE-004;NTE-005;NTE-007;NTE-008;NTE-009","CANONICAL_OBJECT_MAPPING_PENDING","IMPLEMENTATION_RECONCILIATION_PENDING","2026-09-21"
"NCC-F25.11-003","F25","Communications, Public Affairs & Investor Relations","F25.11","Community relations","3","community programmes","OPERATE","NTE-042","NTE-002;NTE-003;NTE-004;NTE-005;NTE-007;NTE-008;NTE-009","CANONICAL_OBJECT_MAPPING_PENDING","IMPLEMENTATION_RECONCILIATION_PENDING","2026-09-21"
"NCC-F25.12-001","F25","Communications, Public Affairs & Investor Relations","F25.12","Crisis communications","1","Develop response message","AUTHOR_CREATE","NTE-042","NTE-002;NTE-003;NTE-004;NTE-005;NTE-007;NTE-008;NTE-009","CANONICAL_OBJECT_MAPPING_PENDING","IMPLEMENTATION_RECONCILIATION_PENDING","2026-09-21"
"NCC-F25.12-002","F25","Communications, Public Affairs & Investor Relations","F25.12","Crisis communications","2","approve spokesperson","GOVERN_DECIDE","NTE-042","NTE-002;NTE-003;NTE-004;NTE-005;NTE-007;NTE-008;NTE-009","CANONICAL_OBJECT_MAPPING_PENDING","IMPLEMENTATION_RECONCILIATION_PENDING","2026-09-21"
"NCC-F25.12-003","F25","Communications, Public Affairs & Investor Relations","F25.12","Crisis communications","3","monitor media","ANALYSE","NTE-042","NTE-002;NTE-003;NTE-004;NTE-005;NTE-007;NTE-008;NTE-009","CANONICAL_OBJECT_MAPPING_PENDING","IMPLEMENTATION_RECONCILIATION_PENDING","2026-09-21"
"NCC-F25.12-004","F25","Communications, Public Affairs & Investor Relations","F25.12","Crisis communications","4","respond","OPERATE","NTE-042","NTE-002;NTE-003;NTE-004;NTE-005;NTE-007;NTE-008;NTE-009","CANONICAL_OBJECT_MAPPING_PENDING","IMPLEMENTATION_RECONCILIATION_PENDING","2026-09-21"
"NCC-F26.01-001","F26","Knowledge, Document & Records Management","F26.01","Knowledge strategy","1","Identify critical knowledge","OPERATE","NTE-043;NTE-010","NTE-002;NTE-003;NTE-004;NTE-005;NTE-007;NTE-008;NTE-009","CANONICAL_OBJECT_MAPPING_PENDING","IMPLEMENTATION_RECONCILIATION_PENDING","2026-09-21"
"NCC-F26.01-002","F26","Knowledge, Document & Records Management","F26.01","Knowledge strategy","2","define governance","AUTHOR_CREATE","NTE-043;NTE-010","NTE-002;NTE-003;NTE-004;NTE-005;NTE-007;NTE-008;NTE-009","CANONICAL_OBJECT_MAPPING_PENDING","IMPLEMENTATION_RECONCILIATION_PENDING","2026-09-21"
"NCC-F26.01-003","F26","Knowledge, Document & Records Management","F26.01","Knowledge strategy","3","establish knowledge platforms","AUTHOR_CREATE","NTE-043;NTE-010","NTE-002;NTE-003;NTE-004;NTE-005;NTE-007;NTE-008;NTE-009","CANONICAL_OBJECT_MAPPING_PENDING","IMPLEMENTATION_RECONCILIATION_PENDING","2026-09-21"
"NCC-F26.02-001","F26","Knowledge, Document & Records Management","F26.02","Knowledge capture","1","Document experience","AUTHOR_CREATE","NTE-043;NTE-010","NTE-002;NTE-003;NTE-004;NTE-005;NTE-007;NTE-008;NTE-009","CANONICAL_OBJECT_MAPPING_PENDING","IMPLEMENTATION_RECONCILIATION_PENDING","2026-09-21"
"NCC-F26.02-002","F26","Knowledge, Document & Records Management","F26.02","Knowledge capture","2","lessons learned","OPERATE","NTE-043;NTE-010","NTE-002;NTE-003;NTE-004;NTE-005;NTE-007;NTE-008;NTE-009","CANONICAL_OBJECT_MAPPING_PENDING","IMPLEMENTATION_RECONCILIATION_PENDING","2026-09-21"
"NCC-F26.02-003","F26","Knowledge, Document & Records Management","F26.02","Knowledge capture","3","expertise","OPERATE","NTE-043;NTE-010","NTE-002;NTE-003;NTE-004;NTE-005;NTE-007;NTE-008;NTE-009","CANONICAL_OBJECT_MAPPING_PENDING","IMPLEMENTATION_RECONCILIATION_PENDING","2026-09-21"
"NCC-F26.02-004","F26","Knowledge, Document & Records Management","F26.02","Knowledge capture","4","procedures","OPERATE","NTE-043;NTE-010","NTE-002;NTE-003;NTE-004;NTE-005;NTE-007;NTE-008;NTE-009","CANONICAL_OBJECT_MAPPING_PENDING","IMPLEMENTATION_RECONCILIATION_PENDING","2026-09-21"
"NCC-F26.03-001","F26","Knowledge, Document & Records Management","F26.03","Knowledge sharing","1","Publish knowledge","COMMUNICATE_PUBLISH","NTE-043;NTE-010","NTE-002;NTE-003;NTE-004;NTE-005;NTE-007;NTE-008;NTE-009","CANONICAL_OBJECT_MAPPING_PENDING","IMPLEMENTATION_RECONCILIATION_PENDING","2026-09-21"
"NCC-F26.03-002","F26","Knowledge, Document & Records Management","F26.03","Knowledge sharing","2","communities of practice","OPERATE","NTE-043;NTE-010","NTE-002;NTE-003;NTE-004;NTE-005;NTE-007;NTE-008;NTE-009","CANONICAL_OBJECT_MAPPING_PENDING","IMPLEMENTATION_RECONCILIATION_PENDING","2026-09-21"
"NCC-F26.03-003","F26","Knowledge, Document & Records Management","F26.03","Knowledge sharing","3","collaboration","OPERATE","NTE-043;NTE-010","NTE-002;NTE-003;NTE-004;NTE-005;NTE-007;NTE-008;NTE-009","CANONICAL_OBJECT_MAPPING_PENDING","IMPLEMENTATION_RECONCILIATION_PENDING","2026-09-21"
"NCC-F26.03-004","F26","Knowledge, Document & Records Management","F26.03","Knowledge sharing","4","search","OPERATE","NTE-043;NTE-010","NTE-002;NTE-003;NTE-004;NTE-005;NTE-007;NTE-008;NTE-009","CANONICAL_OBJECT_MAPPING_PENDING","IMPLEMENTATION_RECONCILIATION_PENDING","2026-09-21"
"NCC-F26.04-001","F26","Knowledge, Document & Records Management","F26.04","Knowledge maintenance","1","Review articles","OPERATE","NTE-043;NTE-010","NTE-002;NTE-003;NTE-004;NTE-005;NTE-007;NTE-008;NTE-009","CANONICAL_OBJECT_MAPPING_PENDING","IMPLEMENTATION_RECONCILIATION_PENDING","2026-09-21"
"NCC-F26.04-002","F26","Knowledge, Document & Records Management","F26.04","Knowledge maintenance","2","update","OPERATE","NTE-043;NTE-010","NTE-002;NTE-003;NTE-004;NTE-005;NTE-007;NTE-008;NTE-009","CANONICAL_OBJECT_MAPPING_PENDING","IMPLEMENTATION_RECONCILIATION_PENDING","2026-09-21"
"NCC-F26.04-003","F26","Knowledge, Document & Records Management","F26.04","Knowledge maintenance","3","approve","GOVERN_DECIDE","NTE-043;NTE-010","NTE-002;NTE-003;NTE-004;NTE-005;NTE-007;NTE-008;NTE-009","CANONICAL_OBJECT_MAPPING_PENDING","IMPLEMENTATION_RECONCILIATION_PENDING","2026-09-21"
"NCC-F26.04-004","F26","Knowledge, Document & Records Management","F26.04","Knowledge maintenance","4","retire obsolete content","OPERATE","NTE-043;NTE-010","NTE-002;NTE-003;NTE-004;NTE-005;NTE-007;NTE-008;NTE-009","CANONICAL_OBJECT_MAPPING_PENDING","IMPLEMENTATION_RECONCILIATION_PENDING","2026-09-21"
"NCC-F26.05-001","F26","Knowledge, Document & Records Management","F26.05","Document management","1","Create","AUTHOR_CREATE","NTE-043;NTE-010","NTE-002;NTE-003;NTE-004;NTE-005;NTE-007;NTE-008;NTE-009","CANONICAL_OBJECT_MAPPING_PENDING","IMPLEMENTATION_RECONCILIATION_PENDING","2026-09-21"
"NCC-F26.05-002","F26","Knowledge, Document & Records Management","F26.05","Document management","2","classify","OPERATE","NTE-043;NTE-010","NTE-002;NTE-003;NTE-004;NTE-005;NTE-007;NTE-008;NTE-009","CANONICAL_OBJECT_MAPPING_PENDING","IMPLEMENTATION_RECONCILIATION_PENDING","2026-09-21"
"NCC-F26.05-003","F26","Knowledge, Document & Records Management","F26.05","Document management","3","review","OPERATE","NTE-043;NTE-010","NTE-002;NTE-003;NTE-004;NTE-005;NTE-007;NTE-008;NTE-009","CANONICAL_OBJECT_MAPPING_PENDING","IMPLEMENTATION_RECONCILIATION_PENDING","2026-09-21"
"NCC-F26.05-004","F26","Knowledge, Document & Records Management","F26.05","Document management","4","approve","GOVERN_DECIDE","NTE-043;NTE-010","NTE-002;NTE-003;NTE-004;NTE-005;NTE-007;NTE-008;NTE-009","CANONICAL_OBJECT_MAPPING_PENDING","IMPLEMENTATION_RECONCILIATION_PENDING","2026-09-21"
"NCC-F26.05-005","F26","Knowledge, Document & Records Management","F26.05","Document management","5","version","OPERATE","NTE-043;NTE-010","NTE-002;NTE-003;NTE-004;NTE-005;NTE-007;NTE-008;NTE-009","CANONICAL_OBJECT_MAPPING_PENDING","IMPLEMENTATION_RECONCILIATION_PENDING","2026-09-21"
"NCC-F26.05-006","F26","Knowledge, Document & Records Management","F26.05","Document management","6","publish","COMMUNICATE_PUBLISH","NTE-043;NTE-010","NTE-002;NTE-003;NTE-004;NTE-005;NTE-007;NTE-008;NTE-009","CANONICAL_OBJECT_MAPPING_PENDING","IMPLEMENTATION_RECONCILIATION_PENDING","2026-09-21"
"NCC-F26.06-001","F26","Knowledge, Document & Records Management","F26.06","Records management","1","Declare record","OPERATE","NTE-043;NTE-010","NTE-002;NTE-003;NTE-004;NTE-005;NTE-007;NTE-008;NTE-009","CANONICAL_OBJECT_MAPPING_PENDING","IMPLEMENTATION_RECONCILIATION_PENDING","2026-09-21"
"NCC-F26.06-002","F26","Knowledge, Document & Records Management","F26.06","Records management","2","classify","OPERATE","NTE-043;NTE-010","NTE-002;NTE-003;NTE-004;NTE-005;NTE-007;NTE-008;NTE-009","CANONICAL_OBJECT_MAPPING_PENDING","IMPLEMENTATION_RECONCILIATION_PENDING","2026-09-21"
"NCC-F26.06-003","F26","Knowledge, Document & Records Management","F26.06","Records management","3","retain","OPERATE","NTE-043;NTE-010","NTE-002;NTE-003;NTE-004;NTE-005;NTE-007;NTE-008;NTE-009","CANONICAL_OBJECT_MAPPING_PENDING","IMPLEMENTATION_RECONCILIATION_PENDING","2026-09-21"
"NCC-F26.06-004","F26","Knowledge, Document & Records Management","F26.06","Records management","4","archive","OPERATE","NTE-043;NTE-010","NTE-002;NTE-003;NTE-004;NTE-005;NTE-007;NTE-008;NTE-009","CANONICAL_OBJECT_MAPPING_PENDING","IMPLEMENTATION_RECONCILIATION_PENDING","2026-09-21"
"NCC-F26.06-005","F26","Knowledge, Document & Records Management","F26.06","Records management","5","dispose","OPERATE","NTE-043;NTE-010","NTE-002;NTE-003;NTE-004;NTE-005;NTE-007;NTE-008;NTE-009","CANONICAL_OBJECT_MAPPING_PENDING","IMPLEMENTATION_RECONCILIATION_PENDING","2026-09-21"
"NCC-F26.07-001","F26","Knowledge, Document & Records Management","F26.07","Controlled documents","1","Draft procedure","AUTHOR_CREATE","NTE-043;NTE-010;NTE-037","NTE-002;NTE-003;NTE-004;NTE-005;NTE-007;NTE-008;NTE-009","CANONICAL_OBJECT_MAPPING_PENDING","IMPLEMENTATION_RECONCILIATION_PENDING","2026-09-21"
"NCC-F26.07-002","F26","Knowledge, Document & Records Management","F26.07","Controlled documents","2","approve","GOVERN_DECIDE","NTE-043;NTE-010;NTE-037","NTE-002;NTE-003;NTE-004;NTE-005;NTE-007;NTE-008;NTE-009","CANONICAL_OBJECT_MAPPING_PENDING","IMPLEMENTATION_RECONCILIATION_PENDING","2026-09-21"
"NCC-F26.07-003","F26","Knowledge, Document & Records Management","F26.07","Controlled documents","3","issue revision","OPERATE","NTE-043;NTE-010;NTE-037","NTE-002;NTE-003;NTE-004;NTE-005;NTE-007;NTE-008;NTE-009","CANONICAL_OBJECT_MAPPING_PENDING","IMPLEMENTATION_RECONCILIATION_PENDING","2026-09-21"
"NCC-F26.07-004","F26","Knowledge, Document & Records Management","F26.07","Controlled documents","4","withdraw obsolete versions","OPERATE","NTE-043;NTE-010;NTE-037","NTE-002;NTE-003;NTE-004;NTE-005;NTE-007;NTE-008;NTE-009","CANONICAL_OBJECT_MAPPING_PENDING","IMPLEMENTATION_RECONCILIATION_PENDING","2026-09-21"
"NCC-F26.08-001","F26","Knowledge, Document & Records Management","F26.08","Records retention","1","Establish schedules","PLAN_OPTIMISE","NTE-043;NTE-010","NTE-002;NTE-003;NTE-004;NTE-005;NTE-007;NTE-008;NTE-009","CANONICAL_OBJECT_MAPPING_PENDING","IMPLEMENTATION_RECONCILIATION_PENDING","2026-09-21"
"NCC-F26.08-002","F26","Knowledge, Document & Records Management","F26.08","Records retention","2","apply holds","OPERATE","NTE-043;NTE-010","NTE-002;NTE-003;NTE-004;NTE-005;NTE-007;NTE-008;NTE-009","CANONICAL_OBJECT_MAPPING_PENDING","IMPLEMENTATION_RECONCILIATION_PENDING","2026-09-21"
"NCC-F26.08-003","F26","Knowledge, Document & Records Management","F26.08","Records retention","3","review retention","OPERATE","NTE-043;NTE-010","NTE-002;NTE-003;NTE-004;NTE-005;NTE-007;NTE-008;NTE-009","CANONICAL_OBJECT_MAPPING_PENDING","IMPLEMENTATION_RECONCILIATION_PENDING","2026-09-21"
"NCC-F26.08-004","F26","Knowledge, Document & Records Management","F26.08","Records retention","4","destroy","OPERATE","NTE-043;NTE-010","NTE-002;NTE-003;NTE-004;NTE-005;NTE-007;NTE-008;NTE-009","CANONICAL_OBJECT_MAPPING_PENDING","IMPLEMENTATION_RECONCILIATION_PENDING","2026-09-21"
"NCC-F26.09-001","F26","Knowledge, Document & Records Management","F26.09","Enterprise search","1","Index information","OPERATE","NTE-043;NTE-010","NTE-002;NTE-003;NTE-004;NTE-005;NTE-007;NTE-008;NTE-009","CANONICAL_OBJECT_MAPPING_PENDING","IMPLEMENTATION_RECONCILIATION_PENDING","2026-09-21"
"NCC-F26.09-002","F26","Knowledge, Document & Records Management","F26.09","Enterprise search","2","maintain metadata","OPERATE","NTE-043;NTE-010","NTE-002;NTE-003;NTE-004;NTE-005;NTE-007;NTE-008;NTE-009","CANONICAL_OBJECT_MAPPING_PENDING","IMPLEMENTATION_RECONCILIATION_PENDING","2026-09-21"
"NCC-F26.09-003","F26","Knowledge, Document & Records Management","F26.09","Enterprise search","3","tune search","OPERATE","NTE-043;NTE-010","NTE-002;NTE-003;NTE-004;NTE-005;NTE-007;NTE-008;NTE-009","CANONICAL_OBJECT_MAPPING_PENDING","IMPLEMENTATION_RECONCILIATION_PENDING","2026-09-21"
"NCC-F26.09-004","F26","Knowledge, Document & Records Management","F26.09","Enterprise search","4","manage permissions","OPERATE","NTE-043;NTE-010","NTE-002;NTE-003;NTE-004;NTE-005;NTE-007;NTE-008;NTE-009","CANONICAL_OBJECT_MAPPING_PENDING","IMPLEMENTATION_RECONCILIATION_PENDING","2026-09-21"
"NCC-F26.10-001","F26","Knowledge, Document & Records Management","F26.10","Lessons learned","1","Capture lesson","AUTHOR_CREATE","NTE-043;NTE-010","NTE-002;NTE-003;NTE-004;NTE-005;NTE-007;NTE-008;NTE-009","CANONICAL_OBJECT_MAPPING_PENDING","IMPLEMENTATION_RECONCILIATION_PENDING","2026-09-21"
"NCC-F26.10-002","F26","Knowledge, Document & Records Management","F26.10","Lessons learned","2","classify","OPERATE","NTE-043;NTE-010","NTE-002;NTE-003;NTE-004;NTE-005;NTE-007;NTE-008;NTE-009","CANONICAL_OBJECT_MAPPING_PENDING","IMPLEMENTATION_RECONCILIATION_PENDING","2026-09-21"
"NCC-F26.10-003","F26","Knowledge, Document & Records Management","F26.10","Lessons learned","3","approve","GOVERN_DECIDE","NTE-043;NTE-010","NTE-002;NTE-003;NTE-004;NTE-005;NTE-007;NTE-008;NTE-009","CANONICAL_OBJECT_MAPPING_PENDING","IMPLEMENTATION_RECONCILIATION_PENDING","2026-09-21"
"NCC-F26.10-004","F26","Knowledge, Document & Records Management","F26.10","Lessons learned","4","disseminate","OPERATE","NTE-043;NTE-010","NTE-002;NTE-003;NTE-004;NTE-005;NTE-007;NTE-008;NTE-009","CANONICAL_OBJECT_MAPPING_PENDING","IMPLEMENTATION_RECONCILIATION_PENDING","2026-09-21"
"NCC-F26.10-005","F26","Knowledge, Document & Records Management","F26.10","Lessons learned","5","incorporate into process","OPERATE","NTE-043;NTE-010","NTE-002;NTE-003;NTE-004;NTE-005;NTE-007;NTE-008;NTE-009","CANONICAL_OBJECT_MAPPING_PENDING","IMPLEMENTATION_RECONCILIATION_PENDING","2026-09-21"
"NCC-F27.01-001","F27","Portfolio, Programme & Project Management","F27.01","Portfolio management","1","Capture initiatives","AUTHOR_CREATE","NTE-044;NTE-045","NTE-002;NTE-003;NTE-004;NTE-005;NTE-007;NTE-008;NTE-009","CANONICAL_OBJECT_MAPPING_PENDING","IMPLEMENTATION_RECONCILIATION_PENDING","2026-09-21"
"NCC-F27.01-002","F27","Portfolio, Programme & Project Management","F27.01","Portfolio management","2","score","ANALYSE","NTE-044;NTE-045","NTE-002;NTE-003;NTE-004;NTE-005;NTE-007;NTE-008;NTE-009","CANONICAL_OBJECT_MAPPING_PENDING","IMPLEMENTATION_RECONCILIATION_PENDING","2026-09-21"
"NCC-F27.01-003","F27","Portfolio, Programme & Project Management","F27.01","Portfolio management","3","prioritise","PLAN_OPTIMISE","NTE-044;NTE-045","NTE-002;NTE-003;NTE-004;NTE-005;NTE-007;NTE-008;NTE-009","CANONICAL_OBJECT_MAPPING_PENDING","IMPLEMENTATION_RECONCILIATION_PENDING","2026-09-21"
"NCC-F27.01-004","F27","Portfolio, Programme & Project Management","F27.01","Portfolio management","4","approve","GOVERN_DECIDE","NTE-044;NTE-045","NTE-002;NTE-003;NTE-004;NTE-005;NTE-007;NTE-008;NTE-009","CANONICAL_OBJECT_MAPPING_PENDING","IMPLEMENTATION_RECONCILIATION_PENDING","2026-09-21"
"NCC-F27.01-005","F27","Portfolio, Programme & Project Management","F27.01","Portfolio management","5","balance portfolio","PLAN_OPTIMISE","NTE-044;NTE-045","NTE-002;NTE-003;NTE-004;NTE-005;NTE-007;NTE-008;NTE-009","CANONICAL_OBJECT_MAPPING_PENDING","IMPLEMENTATION_RECONCILIATION_PENDING","2026-09-21"
"NCC-F27.02-001","F27","Portfolio, Programme & Project Management","F27.02","Investment governance","1","Develop business case","AUTHOR_CREATE","NTE-044;NTE-045","NTE-002;NTE-003;NTE-004;NTE-005;NTE-007;NTE-008;NTE-009","CANONICAL_OBJECT_MAPPING_PENDING","IMPLEMENTATION_RECONCILIATION_PENDING","2026-09-21"
"NCC-F27.02-002","F27","Portfolio, Programme & Project Management","F27.02","Investment governance","2","review","OPERATE","NTE-044;NTE-045","NTE-002;NTE-003;NTE-004;NTE-005;NTE-007;NTE-008;NTE-009","CANONICAL_OBJECT_MAPPING_PENDING","IMPLEMENTATION_RECONCILIATION_PENDING","2026-09-21"
"NCC-F27.02-003","F27","Portfolio, Programme & Project Management","F27.02","Investment governance","3","approve/reject","GOVERN_DECIDE","NTE-044;NTE-045","NTE-002;NTE-003;NTE-004;NTE-005;NTE-007;NTE-008;NTE-009","CANONICAL_OBJECT_MAPPING_PENDING","IMPLEMENTATION_RECONCILIATION_PENDING","2026-09-21"
"NCC-F27.02-004","F27","Portfolio, Programme & Project Management","F27.02","Investment governance","4","release funding","TRANSACT_EXECUTE","NTE-044;NTE-045","NTE-002;NTE-003;NTE-004;NTE-005;NTE-007;NTE-008;NTE-009","CANONICAL_OBJECT_MAPPING_PENDING","IMPLEMENTATION_RECONCILIATION_PENDING","2026-09-21"
"NCC-F27.03-001","F27","Portfolio, Programme & Project Management","F27.03","Programme management","1","Establish programme","AUTHOR_CREATE","NTE-044;NTE-045","NTE-002;NTE-003;NTE-004;NTE-005;NTE-007;NTE-008;NTE-009","CANONICAL_OBJECT_MAPPING_PENDING","IMPLEMENTATION_RECONCILIATION_PENDING","2026-09-21"
"NCC-F27.03-002","F27","Portfolio, Programme & Project Management","F27.03","Programme management","2","coordinate projects","OPERATE","NTE-044;NTE-045","NTE-002;NTE-003;NTE-004;NTE-005;NTE-007;NTE-008;NTE-009","CANONICAL_OBJECT_MAPPING_PENDING","IMPLEMENTATION_RECONCILIATION_PENDING","2026-09-21"
"NCC-F27.03-003","F27","Portfolio, Programme & Project Management","F27.03","Programme management","3","manage dependencies","OPERATE","NTE-044;NTE-045","NTE-002;NTE-003;NTE-004;NTE-005;NTE-007;NTE-008;NTE-009","CANONICAL_OBJECT_MAPPING_PENDING","IMPLEMENTATION_RECONCILIATION_PENDING","2026-09-21"
"NCC-F27.03-004","F27","Portfolio, Programme & Project Management","F27.03","Programme management","4","report outcomes","OPERATE","NTE-044;NTE-045","NTE-002;NTE-003;NTE-004;NTE-005;NTE-007;NTE-008;NTE-009","CANONICAL_OBJECT_MAPPING_PENDING","IMPLEMENTATION_RECONCILIATION_PENDING","2026-09-21"
"NCC-F27.04-001","F27","Portfolio, Programme & Project Management","F27.04","Project initiation","1","Define scope","AUTHOR_CREATE","NTE-044;NTE-045","NTE-002;NTE-003;NTE-004;NTE-005;NTE-007;NTE-008;NTE-009","CANONICAL_OBJECT_MAPPING_PENDING","IMPLEMENTATION_RECONCILIATION_PENDING","2026-09-21"
"NCC-F27.04-002","F27","Portfolio, Programme & Project Management","F27.04","Project initiation","2","objectives","OPERATE","NTE-044;NTE-045","NTE-002;NTE-003;NTE-004;NTE-005;NTE-007;NTE-008;NTE-009","CANONICAL_OBJECT_MAPPING_PENDING","IMPLEMENTATION_RECONCILIATION_PENDING","2026-09-21"
"NCC-F27.04-003","F27","Portfolio, Programme & Project Management","F27.04","Project initiation","3","sponsor","OPERATE","NTE-044;NTE-045","NTE-002;NTE-003;NTE-004;NTE-005;NTE-007;NTE-008;NTE-009","CANONICAL_OBJECT_MAPPING_PENDING","IMPLEMENTATION_RECONCILIATION_PENDING","2026-09-21"
"NCC-F27.04-004","F27","Portfolio, Programme & Project Management","F27.04","Project initiation","4","stakeholders","OPERATE","NTE-044;NTE-045","NTE-002;NTE-003;NTE-004;NTE-005;NTE-007;NTE-008;NTE-009","CANONICAL_OBJECT_MAPPING_PENDING","IMPLEMENTATION_RECONCILIATION_PENDING","2026-09-21"
"NCC-F27.04-005","F27","Portfolio, Programme & Project Management","F27.04","Project initiation","5","charter","OPERATE","NTE-044;NTE-045","NTE-002;NTE-003;NTE-004;NTE-005;NTE-007;NTE-008;NTE-009","CANONICAL_OBJECT_MAPPING_PENDING","IMPLEMENTATION_RECONCILIATION_PENDING","2026-09-21"
"NCC-F27.05-001","F27","Portfolio, Programme & Project Management","F27.05","Project planning","1","Build schedule","PLAN_OPTIMISE","NTE-044;NTE-045","NTE-002;NTE-003;NTE-004;NTE-005;NTE-007;NTE-008;NTE-009","CANONICAL_OBJECT_MAPPING_PENDING","IMPLEMENTATION_RECONCILIATION_PENDING","2026-09-21"
"NCC-F27.05-002","F27","Portfolio, Programme & Project Management","F27.05","Project planning","2","budget","OPERATE","NTE-044;NTE-045","NTE-002;NTE-003;NTE-004;NTE-005;NTE-007;NTE-008;NTE-009","CANONICAL_OBJECT_MAPPING_PENDING","IMPLEMENTATION_RECONCILIATION_PENDING","2026-09-21"
"NCC-F27.05-003","F27","Portfolio, Programme & Project Management","F27.05","Project planning","3","resource plan","PLAN_OPTIMISE","NTE-044;NTE-045","NTE-002;NTE-003;NTE-004;NTE-005;NTE-007;NTE-008;NTE-009","CANONICAL_OBJECT_MAPPING_PENDING","IMPLEMENTATION_RECONCILIATION_PENDING","2026-09-21"
"NCC-F27.05-004","F27","Portfolio, Programme & Project Management","F27.05","Project planning","4","risk plan","PLAN_OPTIMISE","NTE-044;NTE-045","NTE-002;NTE-003;NTE-004;NTE-005;NTE-007;NTE-008;NTE-009","CANONICAL_OBJECT_MAPPING_PENDING","IMPLEMENTATION_RECONCILIATION_PENDING","2026-09-21"
"NCC-F27.06-001","F27","Portfolio, Programme & Project Management","F27.06","Project execution","1","Assign work","OPERATE","NTE-044;NTE-045","NTE-002;NTE-003;NTE-004;NTE-005;NTE-007;NTE-008;NTE-009","CANONICAL_OBJECT_MAPPING_PENDING","IMPLEMENTATION_RECONCILIATION_PENDING","2026-09-21"
"NCC-F27.06-002","F27","Portfolio, Programme & Project Management","F27.06","Project execution","2","deliver outputs","OPERATE","NTE-044;NTE-045","NTE-002;NTE-003;NTE-004;NTE-005;NTE-007;NTE-008;NTE-009","CANONICAL_OBJECT_MAPPING_PENDING","IMPLEMENTATION_RECONCILIATION_PENDING","2026-09-21"
"NCC-F27.06-003","F27","Portfolio, Programme & Project Management","F27.06","Project execution","3","monitor progress","ANALYSE","NTE-044;NTE-045","NTE-002;NTE-003;NTE-004;NTE-005;NTE-007;NTE-008;NTE-009","CANONICAL_OBJECT_MAPPING_PENDING","IMPLEMENTATION_RECONCILIATION_PENDING","2026-09-21"
"NCC-F27.06-004","F27","Portfolio, Programme & Project Management","F27.06","Project execution","4","manage issues","OPERATE","NTE-044;NTE-045","NTE-002;NTE-003;NTE-004;NTE-005;NTE-007;NTE-008;NTE-009","CANONICAL_OBJECT_MAPPING_PENDING","IMPLEMENTATION_RECONCILIATION_PENDING","2026-09-21"
"NCC-F27.07-001","F27","Portfolio, Programme & Project Management","F27.07","Project control","1","Manage scope","OPERATE","NTE-044;NTE-045;NTE-037","NTE-002;NTE-003;NTE-004;NTE-005;NTE-007;NTE-008;NTE-009","CANONICAL_OBJECT_MAPPING_PENDING","IMPLEMENTATION_RECONCILIATION_PENDING","2026-09-21"
"NCC-F27.07-002","F27","Portfolio, Programme & Project Management","F27.07","Project control","2","budget","OPERATE","NTE-044;NTE-045;NTE-037","NTE-002;NTE-003;NTE-004;NTE-005;NTE-007;NTE-008;NTE-009","CANONICAL_OBJECT_MAPPING_PENDING","IMPLEMENTATION_RECONCILIATION_PENDING","2026-09-21"
"NCC-F27.07-003","F27","Portfolio, Programme & Project Management","F27.07","Project control","3","schedule","PLAN_OPTIMISE","NTE-044;NTE-045;NTE-037","NTE-002;NTE-003;NTE-004;NTE-005;NTE-007;NTE-008;NTE-009","CANONICAL_OBJECT_MAPPING_PENDING","IMPLEMENTATION_RECONCILIATION_PENDING","2026-09-21"
"NCC-F27.07-004","F27","Portfolio, Programme & Project Management","F27.07","Project control","4","risks","OPERATE","NTE-044;NTE-045;NTE-037","NTE-002;NTE-003;NTE-004;NTE-005;NTE-007;NTE-008;NTE-009","CANONICAL_OBJECT_MAPPING_PENDING","IMPLEMENTATION_RECONCILIATION_PENDING","2026-09-21"
"NCC-F27.07-005","F27","Portfolio, Programme & Project Management","F27.07","Project control","5","quality","OPERATE","NTE-044;NTE-045;NTE-037","NTE-002;NTE-003;NTE-004;NTE-005;NTE-007;NTE-008;NTE-009","CANONICAL_OBJECT_MAPPING_PENDING","IMPLEMENTATION_RECONCILIATION_PENDING","2026-09-21"
"NCC-F27.08-001","F27","Portfolio, Programme & Project Management","F27.08","Project closure","1","Obtain acceptance","OPERATE","NTE-044;NTE-045","NTE-002;NTE-003;NTE-004;NTE-005;NTE-007;NTE-008;NTE-009","CANONICAL_OBJECT_MAPPING_PENDING","IMPLEMENTATION_RECONCILIATION_PENDING","2026-09-21"
"NCC-F27.08-002","F27","Portfolio, Programme & Project Management","F27.08","Project closure","2","close finances","TRANSACT_EXECUTE","NTE-044;NTE-045","NTE-002;NTE-003;NTE-004;NTE-005;NTE-007;NTE-008;NTE-009","CANONICAL_OBJECT_MAPPING_PENDING","IMPLEMENTATION_RECONCILIATION_PENDING","2026-09-21"
"NCC-F27.08-003","F27","Portfolio, Programme & Project Management","F27.08","Project closure","3","release resources","TRANSACT_EXECUTE","NTE-044;NTE-045","NTE-002;NTE-003;NTE-004;NTE-005;NTE-007;NTE-008;NTE-009","CANONICAL_OBJECT_MAPPING_PENDING","IMPLEMENTATION_RECONCILIATION_PENDING","2026-09-21"
"NCC-F27.08-004","F27","Portfolio, Programme & Project Management","F27.08","Project closure","4","capture lessons","AUTHOR_CREATE","NTE-044;NTE-045","NTE-002;NTE-003;NTE-004;NTE-005;NTE-007;NTE-008;NTE-009","CANONICAL_OBJECT_MAPPING_PENDING","IMPLEMENTATION_RECONCILIATION_PENDING","2026-09-21"
"NCC-F27.09-001","F27","Portfolio, Programme & Project Management","F27.09","PMO","1","Establish standards","AUTHOR_CREATE","NTE-044;NTE-045","NTE-002;NTE-003;NTE-004;NTE-005;NTE-007;NTE-008;NTE-009","CANONICAL_OBJECT_MAPPING_PENDING","IMPLEMENTATION_RECONCILIATION_PENDING","2026-09-21"
"NCC-F27.09-002","F27","Portfolio, Programme & Project Management","F27.09","PMO","2","templates","OPERATE","NTE-044;NTE-045","NTE-002;NTE-003;NTE-004;NTE-005;NTE-007;NTE-008;NTE-009","CANONICAL_OBJECT_MAPPING_PENDING","IMPLEMENTATION_RECONCILIATION_PENDING","2026-09-21"
"NCC-F27.09-003","F27","Portfolio, Programme & Project Management","F27.09","PMO","3","reporting","OPERATE","NTE-044;NTE-045","NTE-002;NTE-003;NTE-004;NTE-005;NTE-007;NTE-008;NTE-009","CANONICAL_OBJECT_MAPPING_PENDING","IMPLEMENTATION_RECONCILIATION_PENDING","2026-09-21"
"NCC-F27.09-004","F27","Portfolio, Programme & Project Management","F27.09","PMO","4","assurance","OPERATE","NTE-044;NTE-045","NTE-002;NTE-003;NTE-004;NTE-005;NTE-007;NTE-008;NTE-009","CANONICAL_OBJECT_MAPPING_PENDING","IMPLEMENTATION_RECONCILIATION_PENDING","2026-09-21"
"NCC-F27.09-005","F27","Portfolio, Programme & Project Management","F27.09","PMO","5","governance","OPERATE","NTE-044;NTE-045","NTE-002;NTE-003;NTE-004;NTE-005;NTE-007;NTE-008;NTE-009","CANONICAL_OBJECT_MAPPING_PENDING","IMPLEMENTATION_RECONCILIATION_PENDING","2026-09-21"
"NCC-F27.10-001","F27","Portfolio, Programme & Project Management","F27.10","Resource management","1","Forecast demand","PLAN_OPTIMISE","NTE-044;NTE-045","NTE-002;NTE-003;NTE-004;NTE-005;NTE-007;NTE-008;NTE-009","CANONICAL_OBJECT_MAPPING_PENDING","IMPLEMENTATION_RECONCILIATION_PENDING","2026-09-21"
"NCC-F27.10-002","F27","Portfolio, Programme & Project Management","F27.10","Resource management","2","allocate resources","PLAN_OPTIMISE","NTE-044;NTE-045","NTE-002;NTE-003;NTE-004;NTE-005;NTE-007;NTE-008;NTE-009","CANONICAL_OBJECT_MAPPING_PENDING","IMPLEMENTATION_RECONCILIATION_PENDING","2026-09-21"
"NCC-F27.10-003","F27","Portfolio, Programme & Project Management","F27.10","Resource management","3","monitor utilisation","ANALYSE","NTE-044;NTE-045","NTE-002;NTE-003;NTE-004;NTE-005;NTE-007;NTE-008;NTE-009","CANONICAL_OBJECT_MAPPING_PENDING","IMPLEMENTATION_RECONCILIATION_PENDING","2026-09-21"
"NCC-F28.01-001","F28","Change & Transformation Management","F28.01","Transformation strategy","1","Define target state","AUTHOR_CREATE","NTE-046","NTE-002;NTE-003;NTE-004;NTE-005;NTE-007;NTE-008;NTE-009","CANONICAL_OBJECT_MAPPING_PENDING","IMPLEMENTATION_RECONCILIATION_PENDING","2026-09-21"
"NCC-F28.01-002","F28","Change & Transformation Management","F28.01","Transformation strategy","2","transformation roadmap","AUTHOR_CREATE","NTE-046","NTE-002;NTE-003;NTE-004;NTE-005;NTE-007;NTE-008;NTE-009","CANONICAL_OBJECT_MAPPING_PENDING","IMPLEMENTATION_RECONCILIATION_PENDING","2026-09-21"
"NCC-F28.01-003","F28","Change & Transformation Management","F28.01","Transformation strategy","3","governance","OPERATE","NTE-046","NTE-002;NTE-003;NTE-004;NTE-005;NTE-007;NTE-008;NTE-009","CANONICAL_OBJECT_MAPPING_PENDING","IMPLEMENTATION_RECONCILIATION_PENDING","2026-09-21"
"NCC-F28.02-001","F28","Change & Transformation Management","F28.02","Change impact assessment","1","Identify affected processes","OPERATE","NTE-046","NTE-002;NTE-003;NTE-004;NTE-005;NTE-007;NTE-008;NTE-009","CANONICAL_OBJECT_MAPPING_PENDING","IMPLEMENTATION_RECONCILIATION_PENDING","2026-09-21"
"NCC-F28.02-002","F28","Change & Transformation Management","F28.02","Change impact assessment","2","roles","OPERATE","NTE-046","NTE-002;NTE-003;NTE-004;NTE-005;NTE-007;NTE-008;NTE-009","CANONICAL_OBJECT_MAPPING_PENDING","IMPLEMENTATION_RECONCILIATION_PENDING","2026-09-21"
"NCC-F28.02-003","F28","Change & Transformation Management","F28.02","Change impact assessment","3","systems","OPERATE","NTE-046","NTE-002;NTE-003;NTE-004;NTE-005;NTE-007;NTE-008;NTE-009","CANONICAL_OBJECT_MAPPING_PENDING","IMPLEMENTATION_RECONCILIATION_PENDING","2026-09-21"
"NCC-F28.02-004","F28","Change & Transformation Management","F28.02","Change impact assessment","4","stakeholders","OPERATE","NTE-046","NTE-002;NTE-003;NTE-004;NTE-005;NTE-007;NTE-008;NTE-009","CANONICAL_OBJECT_MAPPING_PENDING","IMPLEMENTATION_RECONCILIATION_PENDING","2026-09-21"
"NCC-F28.03-001","F28","Change & Transformation Management","F28.03","Stakeholder management","1","Identify stakeholders","OPERATE","NTE-046","NTE-002;NTE-003;NTE-004;NTE-005;NTE-007;NTE-008;NTE-009","CANONICAL_OBJECT_MAPPING_PENDING","IMPLEMENTATION_RECONCILIATION_PENDING","2026-09-21"
"NCC-F28.03-002","F28","Change & Transformation Management","F28.03","Stakeholder management","2","assess influence","ANALYSE","NTE-046","NTE-002;NTE-003;NTE-004;NTE-005;NTE-007;NTE-008;NTE-009","CANONICAL_OBJECT_MAPPING_PENDING","IMPLEMENTATION_RECONCILIATION_PENDING","2026-09-21"
"NCC-F28.03-003","F28","Change & Transformation Management","F28.03","Stakeholder management","3","develop engagement plan","PLAN_OPTIMISE","NTE-046","NTE-002;NTE-003;NTE-004;NTE-005;NTE-007;NTE-008;NTE-009","CANONICAL_OBJECT_MAPPING_PENDING","IMPLEMENTATION_RECONCILIATION_PENDING","2026-09-21"
"NCC-F28.04-001","F28","Change & Transformation Management","F28.04","Change communications","1","Develop messages","AUTHOR_CREATE","NTE-046","NTE-002;NTE-003;NTE-004;NTE-005;NTE-007;NTE-008;NTE-009","CANONICAL_OBJECT_MAPPING_PENDING","IMPLEMENTATION_RECONCILIATION_PENDING","2026-09-21"
"NCC-F28.04-002","F28","Change & Transformation Management","F28.04","Change communications","2","communication plan","PLAN_OPTIMISE","NTE-046","NTE-002;NTE-003;NTE-004;NTE-005;NTE-007;NTE-008;NTE-009","CANONICAL_OBJECT_MAPPING_PENDING","IMPLEMENTATION_RECONCILIATION_PENDING","2026-09-21"
"NCC-F28.04-003","F28","Change & Transformation Management","F28.04","Change communications","3","issue communications","COMMUNICATE_PUBLISH","NTE-046","NTE-002;NTE-003;NTE-004;NTE-005;NTE-007;NTE-008;NTE-009","CANONICAL_OBJECT_MAPPING_PENDING","IMPLEMENTATION_RECONCILIATION_PENDING","2026-09-21"
"NCC-F28.05-001","F28","Change & Transformation Management","F28.05","Training/readiness","1","Assess skills","ANALYSE","NTE-046","NTE-002;NTE-003;NTE-004;NTE-005;NTE-007;NTE-008;NTE-009","CANONICAL_OBJECT_MAPPING_PENDING","IMPLEMENTATION_RECONCILIATION_PENDING","2026-09-21"
"NCC-F28.05-002","F28","Change & Transformation Management","F28.05","Training/readiness","2","develop training","AUTHOR_CREATE","NTE-046","NTE-002;NTE-003;NTE-004;NTE-005;NTE-007;NTE-008;NTE-009","CANONICAL_OBJECT_MAPPING_PENDING","IMPLEMENTATION_RECONCILIATION_PENDING","2026-09-21"
"NCC-F28.05-003","F28","Change & Transformation Management","F28.05","Training/readiness","3","deliver","OPERATE","NTE-046","NTE-002;NTE-003;NTE-004;NTE-005;NTE-007;NTE-008;NTE-009","CANONICAL_OBJECT_MAPPING_PENDING","IMPLEMENTATION_RECONCILIATION_PENDING","2026-09-21"
"NCC-F28.05-004","F28","Change & Transformation Management","F28.05","Training/readiness","4","assess readiness","ANALYSE","NTE-046","NTE-002;NTE-003;NTE-004;NTE-005;NTE-007;NTE-008;NTE-009","CANONICAL_OBJECT_MAPPING_PENDING","IMPLEMENTATION_RECONCILIATION_PENDING","2026-09-21"
"NCC-F28.06-001","F28","Change & Transformation Management","F28.06","Adoption management","1","Monitor adoption","ANALYSE","NTE-046","NTE-002;NTE-003;NTE-004;NTE-005;NTE-007;NTE-008;NTE-009","CANONICAL_OBJECT_MAPPING_PENDING","IMPLEMENTATION_RECONCILIATION_PENDING","2026-09-21"
"NCC-F28.06-002","F28","Change & Transformation Management","F28.06","Adoption management","2","identify resistance","OPERATE","NTE-046","NTE-002;NTE-003;NTE-004;NTE-005;NTE-007;NTE-008;NTE-009","CANONICAL_OBJECT_MAPPING_PENDING","IMPLEMENTATION_RECONCILIATION_PENDING","2026-09-21"
"NCC-F28.06-003","F28","Change & Transformation Management","F28.06","Adoption management","3","intervene","OPERATE","NTE-046","NTE-002;NTE-003;NTE-004;NTE-005;NTE-007;NTE-008;NTE-009","CANONICAL_OBJECT_MAPPING_PENDING","IMPLEMENTATION_RECONCILIATION_PENDING","2026-09-21"
"NCC-F28.06-004","F28","Change & Transformation Management","F28.06","Adoption management","4","reinforce","OPERATE","NTE-046","NTE-002;NTE-003;NTE-004;NTE-005;NTE-007;NTE-008;NTE-009","CANONICAL_OBJECT_MAPPING_PENDING","IMPLEMENTATION_RECONCILIATION_PENDING","2026-09-21"
"NCC-F28.07-001","F28","Change & Transformation Management","F28.07","Organisational transition","1","Transition roles","OPERATE","NTE-046","NTE-002;NTE-003;NTE-004;NTE-005;NTE-007;NTE-008;NTE-009","CANONICAL_OBJECT_MAPPING_PENDING","IMPLEMENTATION_RECONCILIATION_PENDING","2026-09-21"
"NCC-F28.07-002","F28","Change & Transformation Management","F28.07","Organisational transition","2","structures","OPERATE","NTE-046","NTE-002;NTE-003;NTE-004;NTE-005;NTE-007;NTE-008;NTE-009","CANONICAL_OBJECT_MAPPING_PENDING","IMPLEMENTATION_RECONCILIATION_PENDING","2026-09-21"
"NCC-F28.07-003","F28","Change & Transformation Management","F28.07","Organisational transition","3","processes","OPERATE","NTE-046","NTE-002;NTE-003;NTE-004;NTE-005;NTE-007;NTE-008;NTE-009","CANONICAL_OBJECT_MAPPING_PENDING","IMPLEMENTATION_RECONCILIATION_PENDING","2026-09-21"
"NCC-F28.07-004","F28","Change & Transformation Management","F28.07","Organisational transition","4","technology","OPERATE","NTE-046","NTE-002;NTE-003;NTE-004;NTE-005;NTE-007;NTE-008;NTE-009","CANONICAL_OBJECT_MAPPING_PENDING","IMPLEMENTATION_RECONCILIATION_PENDING","2026-09-21"
"NCC-F28.08-001","F28","Change & Transformation Management","F28.08","Benefits tracking","1","Establish benefit targets","AUTHOR_CREATE","NTE-046;NTE-013","NTE-002;NTE-003;NTE-004;NTE-005;NTE-007;NTE-008;NTE-009","CANONICAL_OBJECT_MAPPING_PENDING","IMPLEMENTATION_RECONCILIATION_PENDING","2026-09-21"
"NCC-F28.08-002","F28","Change & Transformation Management","F28.08","Benefits tracking","2","monitor","ANALYSE","NTE-046;NTE-013","NTE-002;NTE-003;NTE-004;NTE-005;NTE-007;NTE-008;NTE-009","CANONICAL_OBJECT_MAPPING_PENDING","IMPLEMENTATION_RECONCILIATION_PENDING","2026-09-21"
"NCC-F28.08-003","F28","Change & Transformation Management","F28.08","Benefits tracking","3","validate","ASSURE_VERIFY","NTE-046;NTE-013","NTE-002;NTE-003;NTE-004;NTE-005;NTE-007;NTE-008;NTE-009","CANONICAL_OBJECT_MAPPING_PENDING","IMPLEMENTATION_RECONCILIATION_PENDING","2026-09-21"
"NCC-F28.08-004","F28","Change & Transformation Management","F28.08","Benefits tracking","4","report","OPERATE","NTE-046;NTE-013","NTE-002;NTE-003;NTE-004;NTE-005;NTE-007;NTE-008;NTE-009","CANONICAL_OBJECT_MAPPING_PENDING","IMPLEMENTATION_RECONCILIATION_PENDING","2026-09-21"
"NCC-F29.01-001","F29","Business Process & Continuous Improvement","F29.01","Process architecture","1","Define process hierarchy","AUTHOR_CREATE","NTE-047;NTE-048","NTE-002;NTE-003;NTE-004;NTE-005;NTE-007;NTE-008;NTE-009","CANONICAL_OBJECT_MAPPING_PENDING","IMPLEMENTATION_RECONCILIATION_PENDING","2026-09-21"
"NCC-F29.01-002","F29","Business Process & Continuous Improvement","F29.01","Process architecture","2","assign process IDs","OPERATE","NTE-047;NTE-048","NTE-002;NTE-003;NTE-004;NTE-005;NTE-007;NTE-008;NTE-009","CANONICAL_OBJECT_MAPPING_PENDING","IMPLEMENTATION_RECONCILIATION_PENDING","2026-09-21"
"NCC-F29.01-003","F29","Business Process & Continuous Improvement","F29.01","Process architecture","3","map relationships","AUTHOR_CREATE","NTE-047;NTE-048","NTE-002;NTE-003;NTE-004;NTE-005;NTE-007;NTE-008;NTE-009","CANONICAL_OBJECT_MAPPING_PENDING","IMPLEMENTATION_RECONCILIATION_PENDING","2026-09-21"
"NCC-F29.02-001","F29","Business Process & Continuous Improvement","F29.02","Process ownership","1","Appoint owner","OPERATE","NTE-047;NTE-048","NTE-002;NTE-003;NTE-004;NTE-005;NTE-007;NTE-008;NTE-009","CANONICAL_OBJECT_MAPPING_PENDING","IMPLEMENTATION_RECONCILIATION_PENDING","2026-09-21"
"NCC-F29.02-002","F29","Business Process & Continuous Improvement","F29.02","Process ownership","2","define accountability","AUTHOR_CREATE","NTE-047;NTE-048","NTE-002;NTE-003;NTE-004;NTE-005;NTE-007;NTE-008;NTE-009","CANONICAL_OBJECT_MAPPING_PENDING","IMPLEMENTATION_RECONCILIATION_PENDING","2026-09-21"
"NCC-F29.02-003","F29","Business Process & Continuous Improvement","F29.02","Process ownership","3","establish governance","AUTHOR_CREATE","NTE-047;NTE-048","NTE-002;NTE-003;NTE-004;NTE-005;NTE-007;NTE-008;NTE-009","CANONICAL_OBJECT_MAPPING_PENDING","IMPLEMENTATION_RECONCILIATION_PENDING","2026-09-21"
"NCC-F29.03-001","F29","Business Process & Continuous Improvement","F29.03","Process modelling","1","Discover process","OPERATE","NTE-047;NTE-048","NTE-002;NTE-003;NTE-004;NTE-005;NTE-007;NTE-008;NTE-009","CANONICAL_OBJECT_MAPPING_PENDING","IMPLEMENTATION_RECONCILIATION_PENDING","2026-09-21"
"NCC-F29.03-002","F29","Business Process & Continuous Improvement","F29.03","Process modelling","2","map current state","AUTHOR_CREATE","NTE-047;NTE-048","NTE-002;NTE-003;NTE-004;NTE-005;NTE-007;NTE-008;NTE-009","CANONICAL_OBJECT_MAPPING_PENDING","IMPLEMENTATION_RECONCILIATION_PENDING","2026-09-21"
"NCC-F29.03-003","F29","Business Process & Continuous Improvement","F29.03","Process modelling","3","document inputs/outputs/controls","AUTHOR_CREATE","NTE-047;NTE-048","NTE-002;NTE-003;NTE-004;NTE-005;NTE-007;NTE-008;NTE-009","CANONICAL_OBJECT_MAPPING_PENDING","IMPLEMENTATION_RECONCILIATION_PENDING","2026-09-21"
"NCC-F29.04-001","F29","Business Process & Continuous Improvement","F29.04","Process analysis","1","Measure cycle time","ANALYSE","NTE-047;NTE-048","NTE-002;NTE-003;NTE-004;NTE-005;NTE-007;NTE-008;NTE-009","CANONICAL_OBJECT_MAPPING_PENDING","IMPLEMENTATION_RECONCILIATION_PENDING","2026-09-21"
"NCC-F29.04-002","F29","Business Process & Continuous Improvement","F29.04","Process analysis","2","cost","OPERATE","NTE-047;NTE-048","NTE-002;NTE-003;NTE-004;NTE-005;NTE-007;NTE-008;NTE-009","CANONICAL_OBJECT_MAPPING_PENDING","IMPLEMENTATION_RECONCILIATION_PENDING","2026-09-21"
"NCC-F29.04-003","F29","Business Process & Continuous Improvement","F29.04","Process analysis","3","defects","OPERATE","NTE-047;NTE-048","NTE-002;NTE-003;NTE-004;NTE-005;NTE-007;NTE-008;NTE-009","CANONICAL_OBJECT_MAPPING_PENDING","IMPLEMENTATION_RECONCILIATION_PENDING","2026-09-21"
"NCC-F29.04-004","F29","Business Process & Continuous Improvement","F29.04","Process analysis","4","hand-offs","OPERATE","NTE-047;NTE-048","NTE-002;NTE-003;NTE-004;NTE-005;NTE-007;NTE-008;NTE-009","CANONICAL_OBJECT_MAPPING_PENDING","IMPLEMENTATION_RECONCILIATION_PENDING","2026-09-21"
"NCC-F29.04-005","F29","Business Process & Continuous Improvement","F29.04","Process analysis","5","bottlenecks","OPERATE","NTE-047;NTE-048","NTE-002;NTE-003;NTE-004;NTE-005;NTE-007;NTE-008;NTE-009","CANONICAL_OBJECT_MAPPING_PENDING","IMPLEMENTATION_RECONCILIATION_PENDING","2026-09-21"
"NCC-F29.05-001","F29","Business Process & Continuous Improvement","F29.05","Process redesign","1","Design future state","AUTHOR_CREATE","NTE-047;NTE-048","NTE-002;NTE-003;NTE-004;NTE-005;NTE-007;NTE-008;NTE-009","CANONICAL_OBJECT_MAPPING_PENDING","IMPLEMENTATION_RECONCILIATION_PENDING","2026-09-21"
"NCC-F29.05-002","F29","Business Process & Continuous Improvement","F29.05","Process redesign","2","eliminate waste","OPERATE","NTE-047;NTE-048","NTE-002;NTE-003;NTE-004;NTE-005;NTE-007;NTE-008;NTE-009","CANONICAL_OBJECT_MAPPING_PENDING","IMPLEMENTATION_RECONCILIATION_PENDING","2026-09-21"
"NCC-F29.05-003","F29","Business Process & Continuous Improvement","F29.05","Process redesign","3","simplify","OPERATE","NTE-047;NTE-048","NTE-002;NTE-003;NTE-004;NTE-005;NTE-007;NTE-008;NTE-009","CANONICAL_OBJECT_MAPPING_PENDING","IMPLEMENTATION_RECONCILIATION_PENDING","2026-09-21"
"NCC-F29.05-004","F29","Business Process & Continuous Improvement","F29.05","Process redesign","4","standardise","OPERATE","NTE-047;NTE-048","NTE-002;NTE-003;NTE-004;NTE-005;NTE-007;NTE-008;NTE-009","CANONICAL_OBJECT_MAPPING_PENDING","IMPLEMENTATION_RECONCILIATION_PENDING","2026-09-21"
"NCC-F29.06-001","F29","Business Process & Continuous Improvement","F29.06","SOP management","1","Draft procedure","AUTHOR_CREATE","NTE-047;NTE-048;NTE-043","NTE-002;NTE-003;NTE-004;NTE-005;NTE-007;NTE-008;NTE-009","CANONICAL_OBJECT_MAPPING_PENDING","IMPLEMENTATION_RECONCILIATION_PENDING","2026-09-21"
"NCC-F29.06-002","F29","Business Process & Continuous Improvement","F29.06","SOP management","2","review","OPERATE","NTE-047;NTE-048;NTE-043","NTE-002;NTE-003;NTE-004;NTE-005;NTE-007;NTE-008;NTE-009","CANONICAL_OBJECT_MAPPING_PENDING","IMPLEMENTATION_RECONCILIATION_PENDING","2026-09-21"
"NCC-F29.06-003","F29","Business Process & Continuous Improvement","F29.06","SOP management","3","approve","GOVERN_DECIDE","NTE-047;NTE-048;NTE-043","NTE-002;NTE-003;NTE-004;NTE-005;NTE-007;NTE-008;NTE-009","CANONICAL_OBJECT_MAPPING_PENDING","IMPLEMENTATION_RECONCILIATION_PENDING","2026-09-21"
"NCC-F29.06-004","F29","Business Process & Continuous Improvement","F29.06","SOP management","4","publish","COMMUNICATE_PUBLISH","NTE-047;NTE-048;NTE-043","NTE-002;NTE-003;NTE-004;NTE-005;NTE-007;NTE-008;NTE-009","CANONICAL_OBJECT_MAPPING_PENDING","IMPLEMENTATION_RECONCILIATION_PENDING","2026-09-21"
"NCC-F29.06-005","F29","Business Process & Continuous Improvement","F29.06","SOP management","5","revise","OPERATE","NTE-047;NTE-048;NTE-043","NTE-002;NTE-003;NTE-004;NTE-005;NTE-007;NTE-008;NTE-009","CANONICAL_OBJECT_MAPPING_PENDING","IMPLEMENTATION_RECONCILIATION_PENDING","2026-09-21"
"NCC-F29.07-001","F29","Business Process & Continuous Improvement","F29.07","Workflow automation","1","Identify automation opportunity","OPERATE","NTE-047;NTE-048","NTE-002;NTE-003;NTE-004;NTE-005;NTE-007;NTE-008;NTE-009","CANONICAL_OBJECT_MAPPING_PENDING","IMPLEMENTATION_RECONCILIATION_PENDING","2026-09-21"
"NCC-F29.07-002","F29","Business Process & Continuous Improvement","F29.07","Workflow automation","2","configure workflow","AUTHOR_CREATE","NTE-047;NTE-048","NTE-002;NTE-003;NTE-004;NTE-005;NTE-007;NTE-008;NTE-009","CANONICAL_OBJECT_MAPPING_PENDING","IMPLEMENTATION_RECONCILIATION_PENDING","2026-09-21"
"NCC-F29.07-003","F29","Business Process & Continuous Improvement","F29.07","Workflow automation","3","test","ASSURE_VERIFY","NTE-047;NTE-048","NTE-002;NTE-003;NTE-004;NTE-005;NTE-007;NTE-008;NTE-009","CANONICAL_OBJECT_MAPPING_PENDING","IMPLEMENTATION_RECONCILIATION_PENDING","2026-09-21"
"NCC-F29.07-004","F29","Business Process & Continuous Improvement","F29.07","Workflow automation","4","deploy","OPERATE","NTE-047;NTE-048","NTE-002;NTE-003;NTE-004;NTE-005;NTE-007;NTE-008;NTE-009","CANONICAL_OBJECT_MAPPING_PENDING","IMPLEMENTATION_RECONCILIATION_PENDING","2026-09-21"
"NCC-F29.08-001","F29","Business Process & Continuous Improvement","F29.08","Continuous improvement","1","Capture idea","AUTHOR_CREATE","NTE-047;NTE-048","NTE-002;NTE-003;NTE-004;NTE-005;NTE-007;NTE-008;NTE-009","CANONICAL_OBJECT_MAPPING_PENDING","IMPLEMENTATION_RECONCILIATION_PENDING","2026-09-21"
"NCC-F29.08-002","F29","Business Process & Continuous Improvement","F29.08","Continuous improvement","2","evaluate","ANALYSE","NTE-047;NTE-048","NTE-002;NTE-003;NTE-004;NTE-005;NTE-007;NTE-008;NTE-009","CANONICAL_OBJECT_MAPPING_PENDING","IMPLEMENTATION_RECONCILIATION_PENDING","2026-09-21"
"NCC-F29.08-003","F29","Business Process & Continuous Improvement","F29.08","Continuous improvement","3","implement","OPERATE","NTE-047;NTE-048","NTE-002;NTE-003;NTE-004;NTE-005;NTE-007;NTE-008;NTE-009","CANONICAL_OBJECT_MAPPING_PENDING","IMPLEMENTATION_RECONCILIATION_PENDING","2026-09-21"
"NCC-F29.08-004","F29","Business Process & Continuous Improvement","F29.08","Continuous improvement","4","measure result","ANALYSE","NTE-047;NTE-048","NTE-002;NTE-003;NTE-004;NTE-005;NTE-007;NTE-008;NTE-009","CANONICAL_OBJECT_MAPPING_PENDING","IMPLEMENTATION_RECONCILIATION_PENDING","2026-09-21"
"NCC-F29.09-001","F29","Business Process & Continuous Improvement","F29.09","Process compliance","1","Monitor execution","ANALYSE","NTE-047;NTE-048;NTE-037","NTE-002;NTE-003;NTE-004;NTE-005;NTE-007;NTE-008;NTE-009","CANONICAL_OBJECT_MAPPING_PENDING","IMPLEMENTATION_RECONCILIATION_PENDING","2026-09-21"
"NCC-F29.09-002","F29","Business Process & Continuous Improvement","F29.09","Process compliance","2","detect deviation","OPERATE","NTE-047;NTE-048;NTE-037","NTE-002;NTE-003;NTE-004;NTE-005;NTE-007;NTE-008;NTE-009","CANONICAL_OBJECT_MAPPING_PENDING","IMPLEMENTATION_RECONCILIATION_PENDING","2026-09-21"
"NCC-F29.09-003","F29","Business Process & Continuous Improvement","F29.09","Process compliance","3","investigate","EXCEPTION_IMPROVE","NTE-047;NTE-048;NTE-037","NTE-002;NTE-003;NTE-004;NTE-005;NTE-007;NTE-008;NTE-009","CANONICAL_OBJECT_MAPPING_PENDING","IMPLEMENTATION_RECONCILIATION_PENDING","2026-09-21"
"NCC-F29.09-004","F29","Business Process & Continuous Improvement","F29.09","Process compliance","4","remediate","EXCEPTION_IMPROVE","NTE-047;NTE-048;NTE-037","NTE-002;NTE-003;NTE-004;NTE-005;NTE-007;NTE-008;NTE-009","CANONICAL_OBJECT_MAPPING_PENDING","IMPLEMENTATION_RECONCILIATION_PENDING","2026-09-21"
"NCC-F29.10-001","F29","Business Process & Continuous Improvement","F29.10","Process performance","1","Define KPI","AUTHOR_CREATE","NTE-047;NTE-048;NTE-033","NTE-002;NTE-003;NTE-004;NTE-005;NTE-007;NTE-008;NTE-009","CANONICAL_OBJECT_MAPPING_PENDING","IMPLEMENTATION_RECONCILIATION_PENDING","2026-09-21"
"NCC-F29.10-002","F29","Business Process & Continuous Improvement","F29.10","Process performance","2","collect data","OPERATE","NTE-047;NTE-048;NTE-033","NTE-002;NTE-003;NTE-004;NTE-005;NTE-007;NTE-008;NTE-009","CANONICAL_OBJECT_MAPPING_PENDING","IMPLEMENTATION_RECONCILIATION_PENDING","2026-09-21"
"NCC-F29.10-003","F29","Business Process & Continuous Improvement","F29.10","Process performance","3","analyse performance","ANALYSE","NTE-047;NTE-048;NTE-033","NTE-002;NTE-003;NTE-004;NTE-005;NTE-007;NTE-008;NTE-009","CANONICAL_OBJECT_MAPPING_PENDING","IMPLEMENTATION_RECONCILIATION_PENDING","2026-09-21"
"NCC-F29.10-004","F29","Business Process & Continuous Improvement","F29.10","Process performance","4","initiate improvement","OPERATE","NTE-047;NTE-048;NTE-033","NTE-002;NTE-003;NTE-004;NTE-005;NTE-007;NTE-008;NTE-009","CANONICAL_OBJECT_MAPPING_PENDING","IMPLEMENTATION_RECONCILIATION_PENDING","2026-09-21"
