job_execution_contract_id,job_profile_id,canonical_name,delivery_domain_id,participating_function_codes_candidate,lifecycle_stages,specialist_capabilities,primary_structured_records,current_market_work_pattern,nublox_native_requirement,employment_position_rule,deployment_purpose_rule,native_engine_composition_state,canonical_object_mapping_state,work_product_mapping_state,workspace_acceptance_state,effective_date
ERP-CBE-JP-001,CBE-JP-001,Acoustics consultant,D02,F05;F13;F19;F23;F26;F27,Feasibility; Design; Verification,Acoustic surveys; noise and vibration assessment; modelling; design recommendations; compliance evidence,Survey reports; models; recommendations; specifications,"Perform Acoustic surveys; noise and vibration assessment; modelling; design recommendations; compliance evidence using specialist authoring, calculation, field or business systems; create and exchange Survey reports; models; recommendations; specifications.","Provide native job workspace for Acoustic surveys; noise and vibration assessment; modelling; design recommendations; compliance evidence; create/control Survey reports; models; recommendations; specifications as structured governed records; support assignment, revision/status, review/approval, evidence, audit and cross-functional handoff; provide specialist calculations/authoring or governed format interoperability where professional tooling requires it.",PERSON_EXECUTES_THROUGH_ACTIVE_POSITION_JOB_PROFILE_AND_CONTEXTUAL_DEPLOYMENT,RUNTIME_DEPLOYMENT_PURPOSE__FUNCTIONAL_GOVERNANCE_OR_FUNCTIONAL_DELIVERY,TO_MAP_TO_NATIVE_ENGINES,TO_MAP_TO_CANONICAL_OBJECTS,SOURCE_STRUCTURED_RECORDS_IDENTIFIED__GOVERNED_OUTPUT_MAPPING_REQUIRED,NOT_ACCEPTED_UNTIL_JOB_CAN_BE_PERFORMED_END_TO_END_IN_NUBLOX,2026-09-24
ERP-CBE-JP-002,CBE-JP-002,Agricultural contractor,D16,F09;F10;F11;F12;F13;F22;F23;F26;F27,Planning; Delivery; Maintenance,Job planning; field operations; plant allocation; labour; materials; service records,Work orders; field logs; plant records; invoices,"Perform Job planning; field operations; plant allocation; labour; materials; service records using specialist authoring, calculation, field or business systems; create and exchange Work orders; field logs; plant records; invoices.","Provide native job workspace for Job planning; field operations; plant allocation; labour; materials; service records; create/control Work orders; field logs; plant records; invoices as structured governed records; support assignment, revision/status, review/approval, evidence, audit and cross-functional handoff; provide specialist calculations/authoring or governed format interoperability where professional tooling requires it.",PERSON_EXECUTES_THROUGH_ACTIVE_POSITION_JOB_PROFILE_AND_CONTEXTUAL_DEPLOYMENT,RUNTIME_DEPLOYMENT_PURPOSE__FUNCTIONAL_GOVERNANCE_OR_FUNCTIONAL_DELIVERY,TO_MAP_TO_NATIVE_ENGINES,TO_MAP_TO_CANONICAL_OBJECTS,SOURCE_STRUCTURED_RECORDS_IDENTIFIED__GOVERNED_OUTPUT_MAPPING_REQUIRED,NOT_ACCEPTED_UNTIL_JOB_CAN_BE_PERFORMED_END_TO_END_IN_NUBLOX,2026-09-24
ERP-CBE-JP-003,CBE-JP-003,Architect,D01,F05;F13;F19;F23;F26;F27,Brief; Design; Construction; Handover,Briefing; design stages; drawings; specifications; coordination; planning; approvals; site reviews,Drawings; models; specifications; design decisions; inspection records,"Perform Briefing; design stages; drawings; specifications; coordination; planning; approvals; site reviews using specialist authoring, calculation, field or business systems; create and exchange Drawings; models; specifications; design decisions; inspection records.","Provide native job workspace for Briefing; design stages; drawings; specifications; coordination; planning; approvals; site reviews; create/control Drawings; models; specifications; design decisions; inspection records as structured governed records; support assignment, revision/status, review/approval, evidence, audit and cross-functional handoff; provide specialist calculations/authoring or governed format interoperability where professional tooling requires it.",PERSON_EXECUTES_THROUGH_ACTIVE_POSITION_JOB_PROFILE_AND_CONTEXTUAL_DEPLOYMENT,RUNTIME_DEPLOYMENT_PURPOSE__FUNCTIONAL_GOVERNANCE_OR_FUNCTIONAL_DELIVERY,TO_MAP_TO_NATIVE_ENGINES,TO_MAP_TO_CANONICAL_OBJECTS,SOURCE_STRUCTURED_RECORDS_IDENTIFIED__GOVERNED_OUTPUT_MAPPING_REQUIRED,NOT_ACCEPTED_UNTIL_JOB_CAN_BE_PERFORMED_END_TO_END_IN_NUBLOX,2026-09-24
ERP-CBE-JP-004,CBE-JP-004,Architectural technician,D01,F05;F13;F19;F23;F26;F27,Design; Construction,Technical drawings; detailing; schedules; coordination; document production,Drawings; details; schedules; issue sheets,"Perform Technical drawings; detailing; schedules; coordination; document production using specialist authoring, calculation, field or business systems; create and exchange Drawings; details; schedules; issue sheets.","Provide native job workspace for Technical drawings; detailing; schedules; coordination; document production; create/control Drawings; details; schedules; issue sheets as structured governed records; support assignment, revision/status, review/approval, evidence, audit and cross-functional handoff; provide specialist calculations/authoring or governed format interoperability where professional tooling requires it.",PERSON_EXECUTES_THROUGH_ACTIVE_POSITION_JOB_PROFILE_AND_CONTEXTUAL_DEPLOYMENT,RUNTIME_DEPLOYMENT_PURPOSE__FUNCTIONAL_GOVERNANCE_OR_FUNCTIONAL_DELIVERY,TO_MAP_TO_NATIVE_ENGINES,TO_MAP_TO_CANONICAL_OBJECTS,SOURCE_STRUCTURED_RECORDS_IDENTIFIED__GOVERNED_OUTPUT_MAPPING_REQUIRED,NOT_ACCEPTED_UNTIL_JOB_CAN_BE_PERFORMED_END_TO_END_IN_NUBLOX,2026-09-24
ERP-CBE-JP-005,CBE-JP-005,Architectural technologist,D01,F05;F13;F19;F23;F26;F27,Design; Construction; Handover,Technical design management; detailing; compliance; specifications; coordination,Technical designs; specifications; schedules; compliance records,"Perform Technical design management; detailing; compliance; specifications; coordination using specialist authoring, calculation, field or business systems; create and exchange Technical designs; specifications; schedules; compliance records.","Provide native job workspace for Technical design management; detailing; compliance; specifications; coordination; create/control Technical designs; specifications; schedules; compliance records as structured governed records; support assignment, revision/status, review/approval, evidence, audit and cross-functional handoff; provide specialist calculations/authoring or governed format interoperability where professional tooling requires it.",PERSON_EXECUTES_THROUGH_ACTIVE_POSITION_JOB_PROFILE_AND_CONTEXTUAL_DEPLOYMENT,RUNTIME_DEPLOYMENT_PURPOSE__FUNCTIONAL_GOVERNANCE_OR_FUNCTIONAL_DELIVERY,TO_MAP_TO_NATIVE_ENGINES,TO_MAP_TO_CANONICAL_OBJECTS,SOURCE_STRUCTURED_RECORDS_IDENTIFIED__GOVERNED_OUTPUT_MAPPING_REQUIRED,NOT_ACCEPTED_UNTIL_JOB_CAN_BE_PERFORMED_END_TO_END_IN_NUBLOX,2026-09-24
ERP-CBE-JP-006,CBE-JP-006,Bricklayer,D07,F09;F10;F12;F13;F23;F26;F27,Construction,Job planning; setting out; masonry works; materials; progress; quality checks,Work orders; material usage; photos; quality records,"Perform Job planning; setting out; masonry works; materials; progress; quality checks using specialist authoring, calculation, field or business systems; create and exchange Work orders; material usage; photos; quality records.","Provide native job workspace for Job planning; setting out; masonry works; materials; progress; quality checks; create/control Work orders; material usage; photos; quality records as structured governed records; support assignment, revision/status, review/approval, evidence, audit and cross-functional handoff; provide specialist calculations/authoring or governed format interoperability where professional tooling requires it.",PERSON_EXECUTES_THROUGH_ACTIVE_POSITION_JOB_PROFILE_AND_CONTEXTUAL_DEPLOYMENT,RUNTIME_DEPLOYMENT_PURPOSE__FUNCTIONAL_GOVERNANCE_OR_FUNCTIONAL_DELIVERY,TO_MAP_TO_NATIVE_ENGINES,TO_MAP_TO_CANONICAL_OBJECTS,SOURCE_STRUCTURED_RECORDS_IDENTIFIED__GOVERNED_OUTPUT_MAPPING_REQUIRED,NOT_ACCEPTED_UNTIL_JOB_CAN_BE_PERFORMED_END_TO_END_IN_NUBLOX,2026-09-24
ERP-CBE-JP-007,CBE-JP-007,Builders' merchant,D14,F07;F09;F10;F11;F13;F14;F26;F27,Procurement; Supply,Catalogue; stock; quotations; orders; trade accounts; deliveries; returns,Products; stock; quotes; sales orders; delivery notes; invoices,"Perform Catalogue; stock; quotations; orders; trade accounts; deliveries; returns using specialist authoring, calculation, field or business systems; create and exchange Products; stock; quotes; sales orders; delivery notes; invoices.","Provide native job workspace for Catalogue; stock; quotations; orders; trade accounts; deliveries; returns; create/control Products; stock; quotes; sales orders; delivery notes; invoices as structured governed records; support assignment, revision/status, review/approval, evidence, audit and cross-functional handoff; provide specialist calculations/authoring or governed format interoperability where professional tooling requires it.",PERSON_EXECUTES_THROUGH_ACTIVE_POSITION_JOB_PROFILE_AND_CONTEXTUAL_DEPLOYMENT,RUNTIME_DEPLOYMENT_PURPOSE__FUNCTIONAL_GOVERNANCE_OR_FUNCTIONAL_DELIVERY,TO_MAP_TO_NATIVE_ENGINES,TO_MAP_TO_CANONICAL_OBJECTS,SOURCE_STRUCTURED_RECORDS_IDENTIFIED__GOVERNED_OUTPUT_MAPPING_REQUIRED,NOT_ACCEPTED_UNTIL_JOB_CAN_BE_PERFORMED_END_TO_END_IN_NUBLOX,2026-09-24
ERP-CBE-JP-008,CBE-JP-008,Building control officer,D15,F13;F19;F20;F23;F26;F27,Design; Construction; Completion,Applications; plan assessment; inspections; evidence; defects; decisions,Applications; inspection records; notices; decisions; certificates,"Perform Applications; plan assessment; inspections; evidence; defects; decisions using specialist authoring, calculation, field or business systems; create and exchange Applications; inspection records; notices; decisions; certificates.","Provide native job workspace for Applications; plan assessment; inspections; evidence; defects; decisions; create/control Applications; inspection records; notices; decisions; certificates as structured governed records; support assignment, revision/status, review/approval, evidence, audit and cross-functional handoff; provide specialist calculations/authoring or governed format interoperability where professional tooling requires it.",PERSON_EXECUTES_THROUGH_ACTIVE_POSITION_JOB_PROFILE_AND_CONTEXTUAL_DEPLOYMENT,RUNTIME_DEPLOYMENT_PURPOSE__FUNCTIONAL_GOVERNANCE_OR_FUNCTIONAL_DELIVERY,TO_MAP_TO_NATIVE_ENGINES,TO_MAP_TO_CANONICAL_OBJECTS,SOURCE_STRUCTURED_RECORDS_IDENTIFIED__GOVERNED_OUTPUT_MAPPING_REQUIRED,NOT_ACCEPTED_UNTIL_JOB_CAN_BE_PERFORMED_END_TO_END_IN_NUBLOX,2026-09-24
ERP-CBE-JP-009,CBE-JP-009,Building services engineer,D02,F05;F13;F19;F23;F26;F27,Design; Construction; Commissioning,MEP design; calculations; equipment schedules; coordination; commissioning requirements,Designs; calculations; specifications; equipment schedules,"Perform MEP design; calculations; equipment schedules; coordination; commissioning requirements using specialist authoring, calculation, field or business systems; create and exchange Designs; calculations; specifications; equipment schedules.","Provide native job workspace for MEP design; calculations; equipment schedules; coordination; commissioning requirements; create/control Designs; calculations; specifications; equipment schedules as structured governed records; support assignment, revision/status, review/approval, evidence, audit and cross-functional handoff; provide specialist calculations/authoring or governed format interoperability where professional tooling requires it.",PERSON_EXECUTES_THROUGH_ACTIVE_POSITION_JOB_PROFILE_AND_CONTEXTUAL_DEPLOYMENT,RUNTIME_DEPLOYMENT_PURPOSE__FUNCTIONAL_GOVERNANCE_OR_FUNCTIONAL_DELIVERY,TO_MAP_TO_NATIVE_ENGINES,TO_MAP_TO_CANONICAL_OBJECTS,SOURCE_STRUCTURED_RECORDS_IDENTIFIED__GOVERNED_OUTPUT_MAPPING_REQUIRED,NOT_ACCEPTED_UNTIL_JOB_CAN_BE_PERFORMED_END_TO_END_IN_NUBLOX,2026-09-24
ERP-CBE-JP-010,CBE-JP-010,Building surveyor,D03,F05;F07;F14;F19;F22;F26;F27,Survey; Design; Construction; Operations,Condition surveys; defects; schedules; project advice; dilapidations; maintenance planning,Survey reports; defect schedules; photos; scopes; certificates,"Perform Condition surveys; defects; schedules; project advice; dilapidations; maintenance planning using specialist authoring, calculation, field or business systems; create and exchange Survey reports; defect schedules; photos; scopes; certificates.","Provide native job workspace for Condition surveys; defects; schedules; project advice; dilapidations; maintenance planning; create/control Survey reports; defect schedules; photos; scopes; certificates as structured governed records; support assignment, revision/status, review/approval, evidence, audit and cross-functional handoff; provide specialist calculations/authoring or governed format interoperability where professional tooling requires it.",PERSON_EXECUTES_THROUGH_ACTIVE_POSITION_JOB_PROFILE_AND_CONTEXTUAL_DEPLOYMENT,RUNTIME_DEPLOYMENT_PURPOSE__FUNCTIONAL_GOVERNANCE_OR_FUNCTIONAL_DELIVERY,TO_MAP_TO_NATIVE_ENGINES,TO_MAP_TO_CANONICAL_OBJECTS,SOURCE_STRUCTURED_RECORDS_IDENTIFIED__GOVERNED_OUTPUT_MAPPING_REQUIRED,NOT_ACCEPTED_UNTIL_JOB_CAN_BE_PERFORMED_END_TO_END_IN_NUBLOX,2026-09-24
ERP-CBE-JP-011,CBE-JP-011,Building technician,D02,F05;F13;F19;F23;F26;F27,Design; Construction,Technical support; drawings; surveys; records; project coordination,Drawings; survey data; schedules; reports,"Perform Technical support; drawings; surveys; records; project coordination using specialist authoring, calculation, field or business systems; create and exchange Drawings; survey data; schedules; reports.","Provide native job workspace for Technical support; drawings; surveys; records; project coordination; create/control Drawings; survey data; schedules; reports as structured governed records; support assignment, revision/status, review/approval, evidence, audit and cross-functional handoff; provide specialist calculations/authoring or governed format interoperability where professional tooling requires it.",PERSON_EXECUTES_THROUGH_ACTIVE_POSITION_JOB_PROFILE_AND_CONTEXTUAL_DEPLOYMENT,RUNTIME_DEPLOYMENT_PURPOSE__FUNCTIONAL_GOVERNANCE_OR_FUNCTIONAL_DELIVERY,TO_MAP_TO_NATIVE_ENGINES,TO_MAP_TO_CANONICAL_OBJECTS,SOURCE_STRUCTURED_RECORDS_IDENTIFIED__GOVERNED_OUTPUT_MAPPING_REQUIRED,NOT_ACCEPTED_UNTIL_JOB_CAN_BE_PERFORMED_END_TO_END_IN_NUBLOX,2026-09-24
ERP-CBE-JP-012,CBE-JP-012,Caretaker,D10,F08;F09;F12;F13;F14;F22;F23;F26;F27,Operations,Inspections; reactive tasks; access; cleaning/maintenance coordination; incident reporting,Work orders; checks; logs; incident records,"Perform Inspections; reactive tasks; access; cleaning/maintenance coordination; incident reporting using specialist authoring, calculation, field or business systems; create and exchange Work orders; checks; logs; incident records.","Provide native job workspace for Inspections; reactive tasks; access; cleaning/maintenance coordination; incident reporting; create/control Work orders; checks; logs; incident records as structured governed records; support assignment, revision/status, review/approval, evidence, audit and cross-functional handoff; provide specialist calculations/authoring or governed format interoperability where professional tooling requires it.",PERSON_EXECUTES_THROUGH_ACTIVE_POSITION_JOB_PROFILE_AND_CONTEXTUAL_DEPLOYMENT,RUNTIME_DEPLOYMENT_PURPOSE__FUNCTIONAL_GOVERNANCE_OR_FUNCTIONAL_DELIVERY,TO_MAP_TO_NATIVE_ENGINES,TO_MAP_TO_CANONICAL_OBJECTS,SOURCE_STRUCTURED_RECORDS_IDENTIFIED__GOVERNED_OUTPUT_MAPPING_REQUIRED,NOT_ACCEPTED_UNTIL_JOB_CAN_BE_PERFORMED_END_TO_END_IN_NUBLOX,2026-09-24
ERP-CBE-JP-013,CBE-JP-013,Carpenter,D07,F09;F10;F12;F13;F23;F26;F27,Construction,Job planning; setting out; fabrication; installation; materials; quality,Work orders; cut lists; material usage; photos,"Perform Job planning; setting out; fabrication; installation; materials; quality using specialist authoring, calculation, field or business systems; create and exchange Work orders; cut lists; material usage; photos.","Provide native job workspace for Job planning; setting out; fabrication; installation; materials; quality; create/control Work orders; cut lists; material usage; photos as structured governed records; support assignment, revision/status, review/approval, evidence, audit and cross-functional handoff; provide specialist calculations/authoring or governed format interoperability where professional tooling requires it.",PERSON_EXECUTES_THROUGH_ACTIVE_POSITION_JOB_PROFILE_AND_CONTEXTUAL_DEPLOYMENT,RUNTIME_DEPLOYMENT_PURPOSE__FUNCTIONAL_GOVERNANCE_OR_FUNCTIONAL_DELIVERY,TO_MAP_TO_NATIVE_ENGINES,TO_MAP_TO_CANONICAL_OBJECTS,SOURCE_STRUCTURED_RECORDS_IDENTIFIED__GOVERNED_OUTPUT_MAPPING_REQUIRED,NOT_ACCEPTED_UNTIL_JOB_CAN_BE_PERFORMED_END_TO_END_IN_NUBLOX,2026-09-24
ERP-CBE-JP-014,CBE-JP-014,Carpet fitter and floor layer,D07,F09;F10;F12;F13;F23;F26;F27,Fit-out,Site measure; product selection; preparation; installation; snagging,Measurements; material schedules; work orders; completion records,"Perform Site measure; product selection; preparation; installation; snagging using specialist authoring, calculation, field or business systems; create and exchange Measurements; material schedules; work orders; completion records.","Provide native job workspace for Site measure; product selection; preparation; installation; snagging; create/control Measurements; material schedules; work orders; completion records as structured governed records; support assignment, revision/status, review/approval, evidence, audit and cross-functional handoff; provide specialist calculations/authoring or governed format interoperability where professional tooling requires it.",PERSON_EXECUTES_THROUGH_ACTIVE_POSITION_JOB_PROFILE_AND_CONTEXTUAL_DEPLOYMENT,RUNTIME_DEPLOYMENT_PURPOSE__FUNCTIONAL_GOVERNANCE_OR_FUNCTIONAL_DELIVERY,TO_MAP_TO_NATIVE_ENGINES,TO_MAP_TO_CANONICAL_OBJECTS,SOURCE_STRUCTURED_RECORDS_IDENTIFIED__GOVERNED_OUTPUT_MAPPING_REQUIRED,NOT_ACCEPTED_UNTIL_JOB_CAN_BE_PERFORMED_END_TO_END_IN_NUBLOX,2026-09-24
ERP-CBE-JP-015,CBE-JP-015,Cartographer,D05,F05;F17;F19;F22;F26;F27,Survey; Planning; Design,Spatial data management; map production; revisions; exports,Maps; datasets; layers; metadata,"Perform Spatial data management; map production; revisions; exports using specialist authoring, calculation, field or business systems; create and exchange Maps; datasets; layers; metadata.","Provide native job workspace for Spatial data management; map production; revisions; exports; create/control Maps; datasets; layers; metadata as structured governed records; support assignment, revision/status, review/approval, evidence, audit and cross-functional handoff; provide specialist calculations/authoring or governed format interoperability where professional tooling requires it.",PERSON_EXECUTES_THROUGH_ACTIVE_POSITION_JOB_PROFILE_AND_CONTEXTUAL_DEPLOYMENT,RUNTIME_DEPLOYMENT_PURPOSE__FUNCTIONAL_GOVERNANCE_OR_FUNCTIONAL_DELIVERY,TO_MAP_TO_NATIVE_ENGINES,TO_MAP_TO_CANONICAL_OBJECTS,SOURCE_STRUCTURED_RECORDS_IDENTIFIED__GOVERNED_OUTPUT_MAPPING_REQUIRED,NOT_ACCEPTED_UNTIL_JOB_CAN_BE_PERFORMED_END_TO_END_IN_NUBLOX,2026-09-24
ERP-CBE-JP-016,CBE-JP-016,Cavity insulation installer,D09,F05;F12;F13;F22;F23;F26;F27,Retrofit; Completion,Survey; suitability checks; installation; materials; photos; completion evidence,Survey records; installation records; certificates; photos,"Perform Survey; suitability checks; installation; materials; photos; completion evidence using specialist authoring, calculation, field or business systems; create and exchange Survey records; installation records; certificates; photos.","Provide native job workspace for Survey; suitability checks; installation; materials; photos; completion evidence; create/control Survey records; installation records; certificates; photos as structured governed records; support assignment, revision/status, review/approval, evidence, audit and cross-functional handoff; provide specialist calculations/authoring or governed format interoperability where professional tooling requires it.",PERSON_EXECUTES_THROUGH_ACTIVE_POSITION_JOB_PROFILE_AND_CONTEXTUAL_DEPLOYMENT,RUNTIME_DEPLOYMENT_PURPOSE__FUNCTIONAL_GOVERNANCE_OR_FUNCTIONAL_DELIVERY,TO_MAP_TO_NATIVE_ENGINES,TO_MAP_TO_CANONICAL_OBJECTS,SOURCE_STRUCTURED_RECORDS_IDENTIFIED__GOVERNED_OUTPUT_MAPPING_REQUIRED,NOT_ACCEPTED_UNTIL_JOB_CAN_BE_PERFORMED_END_TO_END_IN_NUBLOX,2026-09-24
ERP-CBE-JP-017,CBE-JP-017,Ceiling fixer,D07,F09;F10;F12;F13;F23;F26;F27,Fit-out,Take-off; layout; installation; materials; progress; snagging,Work orders; material usage; photos; defects,"Perform Take-off; layout; installation; materials; progress; snagging using specialist authoring, calculation, field or business systems; create and exchange Work orders; material usage; photos; defects.","Provide native job workspace for Take-off; layout; installation; materials; progress; snagging; create/control Work orders; material usage; photos; defects as structured governed records; support assignment, revision/status, review/approval, evidence, audit and cross-functional handoff; provide specialist calculations/authoring or governed format interoperability where professional tooling requires it.",PERSON_EXECUTES_THROUGH_ACTIVE_POSITION_JOB_PROFILE_AND_CONTEXTUAL_DEPLOYMENT,RUNTIME_DEPLOYMENT_PURPOSE__FUNCTIONAL_GOVERNANCE_OR_FUNCTIONAL_DELIVERY,TO_MAP_TO_NATIVE_ENGINES,TO_MAP_TO_CANONICAL_OBJECTS,SOURCE_STRUCTURED_RECORDS_IDENTIFIED__GOVERNED_OUTPUT_MAPPING_REQUIRED,NOT_ACCEPTED_UNTIL_JOB_CAN_BE_PERFORMED_END_TO_END_IN_NUBLOX,2026-09-24
ERP-CBE-JP-018,CBE-JP-018,Civil engineer,D02,F05;F13;F19;F23;F26;F27,Feasibility; Design; Construction,Civil design; calculations; specifications; coordination; site queries; inspections,Designs; calculations; specifications; RFIs; inspection records,"Perform Civil design; calculations; specifications; coordination; site queries; inspections using specialist authoring, calculation, field or business systems; create and exchange Designs; calculations; specifications; RFIs; inspection records.","Provide native job workspace for Civil design; calculations; specifications; coordination; site queries; inspections; create/control Designs; calculations; specifications; RFIs; inspection records as structured governed records; support assignment, revision/status, review/approval, evidence, audit and cross-functional handoff; provide specialist calculations/authoring or governed format interoperability where professional tooling requires it.",PERSON_EXECUTES_THROUGH_ACTIVE_POSITION_JOB_PROFILE_AND_CONTEXTUAL_DEPLOYMENT,RUNTIME_DEPLOYMENT_PURPOSE__FUNCTIONAL_GOVERNANCE_OR_FUNCTIONAL_DELIVERY,TO_MAP_TO_NATIVE_ENGINES,TO_MAP_TO_CANONICAL_OBJECTS,SOURCE_STRUCTURED_RECORDS_IDENTIFIED__GOVERNED_OUTPUT_MAPPING_REQUIRED,NOT_ACCEPTED_UNTIL_JOB_CAN_BE_PERFORMED_END_TO_END_IN_NUBLOX,2026-09-24
ERP-CBE-JP-019,CBE-JP-019,Civil engineering technician,D02,F05;F13;F19;F23;F26;F27,Design; Construction,CAD/BIM support; surveys; calculations; drawings; records,Drawings; models; survey data; schedules,"Perform CAD/BIM support; surveys; calculations; drawings; records using specialist authoring, calculation, field or business systems; create and exchange Drawings; models; survey data; schedules.","Provide native job workspace for CAD/BIM support; surveys; calculations; drawings; records; create/control Drawings; models; survey data; schedules as structured governed records; support assignment, revision/status, review/approval, evidence, audit and cross-functional handoff; provide specialist calculations/authoring or governed format interoperability where professional tooling requires it.",PERSON_EXECUTES_THROUGH_ACTIVE_POSITION_JOB_PROFILE_AND_CONTEXTUAL_DEPLOYMENT,RUNTIME_DEPLOYMENT_PURPOSE__FUNCTIONAL_GOVERNANCE_OR_FUNCTIONAL_DELIVERY,TO_MAP_TO_NATIVE_ENGINES,TO_MAP_TO_CANONICAL_OBJECTS,SOURCE_STRUCTURED_RECORDS_IDENTIFIED__GOVERNED_OUTPUT_MAPPING_REQUIRED,NOT_ACCEPTED_UNTIL_JOB_CAN_BE_PERFORMED_END_TO_END_IN_NUBLOX,2026-09-24
ERP-CBE-JP-020,CBE-JP-020,Commercial energy assessor,D09,F05;F12;F13;F22;F23;F26;F27,Survey; Assessment; Certification,Property data capture; energy assessment; evidence; certificate workflow,Assessment records; evidence; EPC-related outputs,"Perform Property data capture; energy assessment; evidence; certificate workflow using specialist authoring, calculation, field or business systems; create and exchange Assessment records; evidence; EPC-related outputs.","Provide native job workspace for Property data capture; energy assessment; evidence; certificate workflow; create/control Assessment records; evidence; EPC-related outputs as structured governed records; support assignment, revision/status, review/approval, evidence, audit and cross-functional handoff; provide specialist calculations/authoring or governed format interoperability where professional tooling requires it.",PERSON_EXECUTES_THROUGH_ACTIVE_POSITION_JOB_PROFILE_AND_CONTEXTUAL_DEPLOYMENT,RUNTIME_DEPLOYMENT_PURPOSE__FUNCTIONAL_GOVERNANCE_OR_FUNCTIONAL_DELIVERY,TO_MAP_TO_NATIVE_ENGINES,TO_MAP_TO_CANONICAL_OBJECTS,SOURCE_STRUCTURED_RECORDS_IDENTIFIED__GOVERNED_OUTPUT_MAPPING_REQUIRED,NOT_ACCEPTED_UNTIL_JOB_CAN_BE_PERFORMED_END_TO_END_IN_NUBLOX,2026-09-24
ERP-CBE-JP-021,CBE-JP-021,Conservator,D13,F05;F12;F13;F19;F22;F23;F26;F27,Survey; Conservation; Maintenance,Condition assessment; conservation plan; treatment records; provenance/evidence,Condition reports; treatment plans; photos; conservation records,"Perform Condition assessment; conservation plan; treatment records; provenance/evidence using specialist authoring, calculation, field or business systems; create and exchange Condition reports; treatment plans; photos; conservation records.","Provide native job workspace for Condition assessment; conservation plan; treatment records; provenance/evidence; create/control Condition reports; treatment plans; photos; conservation records as structured governed records; support assignment, revision/status, review/approval, evidence, audit and cross-functional handoff; provide specialist calculations/authoring or governed format interoperability where professional tooling requires it.",PERSON_EXECUTES_THROUGH_ACTIVE_POSITION_JOB_PROFILE_AND_CONTEXTUAL_DEPLOYMENT,RUNTIME_DEPLOYMENT_PURPOSE__FUNCTIONAL_GOVERNANCE_OR_FUNCTIONAL_DELIVERY,TO_MAP_TO_NATIVE_ENGINES,TO_MAP_TO_CANONICAL_OBJECTS,SOURCE_STRUCTURED_RECORDS_IDENTIFIED__GOVERNED_OUTPUT_MAPPING_REQUIRED,NOT_ACCEPTED_UNTIL_JOB_CAN_BE_PERFORMED_END_TO_END_IN_NUBLOX,2026-09-24
ERP-CBE-JP-022,CBE-JP-022,Construction contracts manager,D04,F07;F09;F14;F19;F20;F26;F27,Pre-contract; Construction; Closeout,Contract register; obligations; notices; change; payment; claims; correspondence,Contracts; notices; instructions; variations; payment records,"Perform Contract register; obligations; notices; change; payment; claims; correspondence using specialist authoring, calculation, field or business systems; create and exchange Contracts; notices; instructions; variations; payment records.","Provide native job workspace for Contract register; obligations; notices; change; payment; claims; correspondence; create/control Contracts; notices; instructions; variations; payment records as structured governed records; support assignment, revision/status, review/approval, evidence, audit and cross-functional handoff; provide specialist calculations/authoring or governed format interoperability where professional tooling requires it.",PERSON_EXECUTES_THROUGH_ACTIVE_POSITION_JOB_PROFILE_AND_CONTEXTUAL_DEPLOYMENT,RUNTIME_DEPLOYMENT_PURPOSE__FUNCTIONAL_GOVERNANCE_OR_FUNCTIONAL_DELIVERY,TO_MAP_TO_NATIVE_ENGINES,TO_MAP_TO_CANONICAL_OBJECTS,SOURCE_STRUCTURED_RECORDS_IDENTIFIED__GOVERNED_OUTPUT_MAPPING_REQUIRED,NOT_ACCEPTED_UNTIL_JOB_CAN_BE_PERFORMED_END_TO_END_IN_NUBLOX,2026-09-24
ERP-CBE-JP-023,CBE-JP-023,Construction labourer,D06,F09;F10;F12;F13;F23;F26;F27,Construction,Task allocation; attendance; inductions; daily work; equipment; safety records,Timesheets; task records; inductions; site diary entries,"Perform Task allocation; attendance; inductions; daily work; equipment; safety records using specialist authoring, calculation, field or business systems; create and exchange Timesheets; task records; inductions; site diary entries.","Provide native job workspace for Task allocation; attendance; inductions; daily work; equipment; safety records; create/control Timesheets; task records; inductions; site diary entries as structured governed records; support assignment, revision/status, review/approval, evidence, audit and cross-functional handoff; provide specialist calculations/authoring or governed format interoperability where professional tooling requires it.",PERSON_EXECUTES_THROUGH_ACTIVE_POSITION_JOB_PROFILE_AND_CONTEXTUAL_DEPLOYMENT,RUNTIME_DEPLOYMENT_PURPOSE__FUNCTIONAL_GOVERNANCE_OR_FUNCTIONAL_DELIVERY,TO_MAP_TO_NATIVE_ENGINES,TO_MAP_TO_CANONICAL_OBJECTS,SOURCE_STRUCTURED_RECORDS_IDENTIFIED__GOVERNED_OUTPUT_MAPPING_REQUIRED,NOT_ACCEPTED_UNTIL_JOB_CAN_BE_PERFORMED_END_TO_END_IN_NUBLOX,2026-09-24
ERP-CBE-JP-024,CBE-JP-024,Construction manager,D06,F09;F10;F12;F13;F23;F26;F27,Pre-construction; Construction; Handover,Programme; packages; coordination; site diary; labour; plant; quality; safety; progress,Programme; diaries; RFIs; reports; inspections; progress records,"Perform Programme; packages; coordination; site diary; labour; plant; quality; safety; progress using specialist authoring, calculation, field or business systems; create and exchange Programme; diaries; RFIs; reports; inspections; progress records.","Provide native job workspace for Programme; packages; coordination; site diary; labour; plant; quality; safety; progress; create/control Programme; diaries; RFIs; reports; inspections; progress records as structured governed records; support assignment, revision/status, review/approval, evidence, audit and cross-functional handoff; provide specialist calculations/authoring or governed format interoperability where professional tooling requires it.",PERSON_EXECUTES_THROUGH_ACTIVE_POSITION_JOB_PROFILE_AND_CONTEXTUAL_DEPLOYMENT,RUNTIME_DEPLOYMENT_PURPOSE__FUNCTIONAL_GOVERNANCE_OR_FUNCTIONAL_DELIVERY,TO_MAP_TO_NATIVE_ENGINES,TO_MAP_TO_CANONICAL_OBJECTS,SOURCE_STRUCTURED_RECORDS_IDENTIFIED__GOVERNED_OUTPUT_MAPPING_REQUIRED,NOT_ACCEPTED_UNTIL_JOB_CAN_BE_PERFORMED_END_TO_END_IN_NUBLOX,2026-09-24
ERP-CBE-JP-025,CBE-JP-025,Construction plant mechanic,D11,F09;F10;F11;F12;F13;F22;F23;F26;F27,Construction; Maintenance,Asset register; servicing; defects; inspections; parts; breakdowns,Asset records; service history; defect reports; work orders,"Perform Asset register; servicing; defects; inspections; parts; breakdowns using specialist authoring, calculation, field or business systems; create and exchange Asset records; service history; defect reports; work orders.","Provide native job workspace for Asset register; servicing; defects; inspections; parts; breakdowns; create/control Asset records; service history; defect reports; work orders as structured governed records; support assignment, revision/status, review/approval, evidence, audit and cross-functional handoff; provide specialist calculations/authoring or governed format interoperability where professional tooling requires it.",PERSON_EXECUTES_THROUGH_ACTIVE_POSITION_JOB_PROFILE_AND_CONTEXTUAL_DEPLOYMENT,RUNTIME_DEPLOYMENT_PURPOSE__FUNCTIONAL_GOVERNANCE_OR_FUNCTIONAL_DELIVERY,TO_MAP_TO_NATIVE_ENGINES,TO_MAP_TO_CANONICAL_OBJECTS,SOURCE_STRUCTURED_RECORDS_IDENTIFIED__GOVERNED_OUTPUT_MAPPING_REQUIRED,NOT_ACCEPTED_UNTIL_JOB_CAN_BE_PERFORMED_END_TO_END_IN_NUBLOX,2026-09-24
ERP-CBE-JP-026,CBE-JP-026,Construction plant operator,D11,F09;F10;F11;F12;F13;F22;F23;F26;F27,Construction,Plant allocation; pre-use checks; hours; tasks; defects; competencies,Plant checks; utilisation; task logs; defect records,"Perform Plant allocation; pre-use checks; hours; tasks; defects; competencies using specialist authoring, calculation, field or business systems; create and exchange Plant checks; utilisation; task logs; defect records.","Provide native job workspace for Plant allocation; pre-use checks; hours; tasks; defects; competencies; create/control Plant checks; utilisation; task logs; defect records as structured governed records; support assignment, revision/status, review/approval, evidence, audit and cross-functional handoff; provide specialist calculations/authoring or governed format interoperability where professional tooling requires it.",PERSON_EXECUTES_THROUGH_ACTIVE_POSITION_JOB_PROFILE_AND_CONTEXTUAL_DEPLOYMENT,RUNTIME_DEPLOYMENT_PURPOSE__FUNCTIONAL_GOVERNANCE_OR_FUNCTIONAL_DELIVERY,TO_MAP_TO_NATIVE_ENGINES,TO_MAP_TO_CANONICAL_OBJECTS,SOURCE_STRUCTURED_RECORDS_IDENTIFIED__GOVERNED_OUTPUT_MAPPING_REQUIRED,NOT_ACCEPTED_UNTIL_JOB_CAN_BE_PERFORMED_END_TO_END_IN_NUBLOX,2026-09-24
ERP-CBE-JP-027,CBE-JP-027,Construction site supervisor,D06,F09;F10;F12;F13;F23;F26;F27,Construction,Daily supervision; labour; inspections; permits; quality; progress; safety,Site diary; inspections; permits; progress records,"Perform Daily supervision; labour; inspections; permits; quality; progress; safety using specialist authoring, calculation, field or business systems; create and exchange Site diary; inspections; permits; progress records.","Provide native job workspace for Daily supervision; labour; inspections; permits; quality; progress; safety; create/control Site diary; inspections; permits; progress records as structured governed records; support assignment, revision/status, review/approval, evidence, audit and cross-functional handoff; provide specialist calculations/authoring or governed format interoperability where professional tooling requires it.",PERSON_EXECUTES_THROUGH_ACTIVE_POSITION_JOB_PROFILE_AND_CONTEXTUAL_DEPLOYMENT,RUNTIME_DEPLOYMENT_PURPOSE__FUNCTIONAL_GOVERNANCE_OR_FUNCTIONAL_DELIVERY,TO_MAP_TO_NATIVE_ENGINES,TO_MAP_TO_CANONICAL_OBJECTS,SOURCE_STRUCTURED_RECORDS_IDENTIFIED__GOVERNED_OUTPUT_MAPPING_REQUIRED,NOT_ACCEPTED_UNTIL_JOB_CAN_BE_PERFORMED_END_TO_END_IN_NUBLOX,2026-09-24
ERP-CBE-JP-028,CBE-JP-028,Crane driver,D11,F09;F10;F11;F12;F13;F22;F23;F26;F27,Construction,Lift allocation; pre-use checks; plant hours; competency; lift records; defects,Checks; lift logs; utilisation; defect records,"Perform Lift allocation; pre-use checks; plant hours; competency; lift records; defects using specialist authoring, calculation, field or business systems; create and exchange Checks; lift logs; utilisation; defect records.","Provide native job workspace for Lift allocation; pre-use checks; plant hours; competency; lift records; defects; create/control Checks; lift logs; utilisation; defect records as structured governed records; support assignment, revision/status, review/approval, evidence, audit and cross-functional handoff; provide specialist calculations/authoring or governed format interoperability where professional tooling requires it.",PERSON_EXECUTES_THROUGH_ACTIVE_POSITION_JOB_PROFILE_AND_CONTEXTUAL_DEPLOYMENT,RUNTIME_DEPLOYMENT_PURPOSE__FUNCTIONAL_GOVERNANCE_OR_FUNCTIONAL_DELIVERY,TO_MAP_TO_NATIVE_ENGINES,TO_MAP_TO_CANONICAL_OBJECTS,SOURCE_STRUCTURED_RECORDS_IDENTIFIED__GOVERNED_OUTPUT_MAPPING_REQUIRED,NOT_ACCEPTED_UNTIL_JOB_CAN_BE_PERFORMED_END_TO_END_IN_NUBLOX,2026-09-24
ERP-CBE-JP-029,CBE-JP-029,Demolition operative,D06,F09;F10;F12;F13;F23;F26;F27,Enabling; Demolition,Method/task planning; permits; hazardous materials records; waste; progress,RAMS references; permits; waste records; photos; task logs,"Perform Method/task planning; permits; hazardous materials records; waste; progress using specialist authoring, calculation, field or business systems; create and exchange RAMS references; permits; waste records; photos; task logs.","Provide native job workspace for Method/task planning; permits; hazardous materials records; waste; progress; create/control RAMS references; permits; waste records; photos; task logs as structured governed records; support assignment, revision/status, review/approval, evidence, audit and cross-functional handoff; provide specialist calculations/authoring or governed format interoperability where professional tooling requires it.",PERSON_EXECUTES_THROUGH_ACTIVE_POSITION_JOB_PROFILE_AND_CONTEXTUAL_DEPLOYMENT,RUNTIME_DEPLOYMENT_PURPOSE__FUNCTIONAL_GOVERNANCE_OR_FUNCTIONAL_DELIVERY,TO_MAP_TO_NATIVE_ENGINES,TO_MAP_TO_CANONICAL_OBJECTS,SOURCE_STRUCTURED_RECORDS_IDENTIFIED__GOVERNED_OUTPUT_MAPPING_REQUIRED,NOT_ACCEPTED_UNTIL_JOB_CAN_BE_PERFORMED_END_TO_END_IN_NUBLOX,2026-09-24
ERP-CBE-JP-030,CBE-JP-030,Domestic energy assessor,D09,F05;F12;F13;F22;F23;F26;F27,Survey; Assessment; Certification,Dwelling data capture; energy assessment; evidence; certificate workflow,Assessment records; evidence; EPC-related outputs,"Perform Dwelling data capture; energy assessment; evidence; certificate workflow using specialist authoring, calculation, field or business systems; create and exchange Assessment records; evidence; EPC-related outputs.","Provide native job workspace for Dwelling data capture; energy assessment; evidence; certificate workflow; create/control Assessment records; evidence; EPC-related outputs as structured governed records; support assignment, revision/status, review/approval, evidence, audit and cross-functional handoff; provide specialist calculations/authoring or governed format interoperability where professional tooling requires it.",PERSON_EXECUTES_THROUGH_ACTIVE_POSITION_JOB_PROFILE_AND_CONTEXTUAL_DEPLOYMENT,RUNTIME_DEPLOYMENT_PURPOSE__FUNCTIONAL_GOVERNANCE_OR_FUNCTIONAL_DELIVERY,TO_MAP_TO_NATIVE_ENGINES,TO_MAP_TO_CANONICAL_OBJECTS,SOURCE_STRUCTURED_RECORDS_IDENTIFIED__GOVERNED_OUTPUT_MAPPING_REQUIRED,NOT_ACCEPTED_UNTIL_JOB_CAN_BE_PERFORMED_END_TO_END_IN_NUBLOX,2026-09-24
ERP-CBE-JP-031,CBE-JP-031,Dryliner,D07,F09;F10;F12;F13;F23;F26;F27,Fit-out,Take-off; layout; installation; materials; progress; defects,Work orders; material usage; photos; snagging,"Perform Take-off; layout; installation; materials; progress; defects using specialist authoring, calculation, field or business systems; create and exchange Work orders; material usage; photos; snagging.","Provide native job workspace for Take-off; layout; installation; materials; progress; defects; create/control Work orders; material usage; photos; snagging as structured governed records; support assignment, revision/status, review/approval, evidence, audit and cross-functional handoff; provide specialist calculations/authoring or governed format interoperability where professional tooling requires it.",PERSON_EXECUTES_THROUGH_ACTIVE_POSITION_JOB_PROFILE_AND_CONTEXTUAL_DEPLOYMENT,RUNTIME_DEPLOYMENT_PURPOSE__FUNCTIONAL_GOVERNANCE_OR_FUNCTIONAL_DELIVERY,TO_MAP_TO_NATIVE_ENGINES,TO_MAP_TO_CANONICAL_OBJECTS,SOURCE_STRUCTURED_RECORDS_IDENTIFIED__GOVERNED_OUTPUT_MAPPING_REQUIRED,NOT_ACCEPTED_UNTIL_JOB_CAN_BE_PERFORMED_END_TO_END_IN_NUBLOX,2026-09-24
ERP-CBE-JP-032,CBE-JP-032,Electrician,D08,F09;F10;F12;F13;F22;F23;F26;F27,Design support; Installation; Testing; Maintenance,Survey; estimate; schedule; installation; circuits; testing; defects; certification; maintenance,Quotes; job sheets; circuit/test records; certificates; invoices,"Perform Survey; estimate; schedule; installation; circuits; testing; defects; certification; maintenance using specialist authoring, calculation, field or business systems; create and exchange Quotes; job sheets; circuit/test records; certificates; invoices.","Provide native job workspace for Survey; estimate; schedule; installation; circuits; testing; defects; certification; maintenance; create/control Quotes; job sheets; circuit/test records; certificates; invoices as structured governed records; support assignment, revision/status, review/approval, evidence, audit and cross-functional handoff; provide specialist calculations/authoring or governed format interoperability where professional tooling requires it.",PERSON_EXECUTES_THROUGH_ACTIVE_POSITION_JOB_PROFILE_AND_CONTEXTUAL_DEPLOYMENT,RUNTIME_DEPLOYMENT_PURPOSE__FUNCTIONAL_GOVERNANCE_OR_FUNCTIONAL_DELIVERY,TO_MAP_TO_NATIVE_ENGINES,TO_MAP_TO_CANONICAL_OBJECTS,SOURCE_STRUCTURED_RECORDS_IDENTIFIED__GOVERNED_OUTPUT_MAPPING_REQUIRED,NOT_ACCEPTED_UNTIL_JOB_CAN_BE_PERFORMED_END_TO_END_IN_NUBLOX,2026-09-24
ERP-CBE-JP-033,CBE-JP-033,Engineering construction technician,D02,F05;F13;F19;F23;F26;F27,Design; Installation; Commissioning,Technical support; installation records; commissioning/decommissioning support; drawings,Drawings; technical records; test sheets; schedules,"Perform Technical support; installation records; commissioning/decommissioning support; drawings using specialist authoring, calculation, field or business systems; create and exchange Drawings; technical records; test sheets; schedules.","Provide native job workspace for Technical support; installation records; commissioning/decommissioning support; drawings; create/control Drawings; technical records; test sheets; schedules as structured governed records; support assignment, revision/status, review/approval, evidence, audit and cross-functional handoff; provide specialist calculations/authoring or governed format interoperability where professional tooling requires it.",PERSON_EXECUTES_THROUGH_ACTIVE_POSITION_JOB_PROFILE_AND_CONTEXTUAL_DEPLOYMENT,RUNTIME_DEPLOYMENT_PURPOSE__FUNCTIONAL_GOVERNANCE_OR_FUNCTIONAL_DELIVERY,TO_MAP_TO_NATIVE_ENGINES,TO_MAP_TO_CANONICAL_OBJECTS,SOURCE_STRUCTURED_RECORDS_IDENTIFIED__GOVERNED_OUTPUT_MAPPING_REQUIRED,NOT_ACCEPTED_UNTIL_JOB_CAN_BE_PERFORMED_END_TO_END_IN_NUBLOX,2026-09-24
ERP-CBE-JP-034,CBE-JP-034,Estimator,D04,F07;F09;F14;F19;F20;F26;F27,Pre-contract,Take-off; resource build-ups; supplier enquiries; estimates; tender submissions; revisions,Estimates; take-offs; RFQs; tender returns; bid documents,"Perform Take-off; resource build-ups; supplier enquiries; estimates; tender submissions; revisions using specialist authoring, calculation, field or business systems; create and exchange Estimates; take-offs; RFQs; tender returns; bid documents.","Provide native job workspace for Take-off; resource build-ups; supplier enquiries; estimates; tender submissions; revisions; create/control Estimates; take-offs; RFQs; tender returns; bid documents as structured governed records; support assignment, revision/status, review/approval, evidence, audit and cross-functional handoff; provide specialist calculations/authoring or governed format interoperability where professional tooling requires it.",PERSON_EXECUTES_THROUGH_ACTIVE_POSITION_JOB_PROFILE_AND_CONTEXTUAL_DEPLOYMENT,RUNTIME_DEPLOYMENT_PURPOSE__FUNCTIONAL_GOVERNANCE_OR_FUNCTIONAL_DELIVERY,TO_MAP_TO_NATIVE_ENGINES,TO_MAP_TO_CANONICAL_OBJECTS,SOURCE_STRUCTURED_RECORDS_IDENTIFIED__GOVERNED_OUTPUT_MAPPING_REQUIRED,NOT_ACCEPTED_UNTIL_JOB_CAN_BE_PERFORMED_END_TO_END_IN_NUBLOX,2026-09-24
ERP-CBE-JP-035,CBE-JP-035,Facilities manager,D10,F08;F09;F12;F13;F14;F22;F23;F26;F27,Operations,Property/asset register; PPM; reactive maintenance; compliance; contractors; SLAs; budgets,Assets; work orders; service records; inspections; compliance evidence,"Perform Property/asset register; PPM; reactive maintenance; compliance; contractors; SLAs; budgets using specialist authoring, calculation, field or business systems; create and exchange Assets; work orders; service records; inspections; compliance evidence.","Provide native job workspace for Property/asset register; PPM; reactive maintenance; compliance; contractors; SLAs; budgets; create/control Assets; work orders; service records; inspections; compliance evidence as structured governed records; support assignment, revision/status, review/approval, evidence, audit and cross-functional handoff; provide specialist calculations/authoring or governed format interoperability where professional tooling requires it.",PERSON_EXECUTES_THROUGH_ACTIVE_POSITION_JOB_PROFILE_AND_CONTEXTUAL_DEPLOYMENT,RUNTIME_DEPLOYMENT_PURPOSE__FUNCTIONAL_GOVERNANCE_OR_FUNCTIONAL_DELIVERY,TO_MAP_TO_NATIVE_ENGINES,TO_MAP_TO_CANONICAL_OBJECTS,SOURCE_STRUCTURED_RECORDS_IDENTIFIED__GOVERNED_OUTPUT_MAPPING_REQUIRED,NOT_ACCEPTED_UNTIL_JOB_CAN_BE_PERFORMED_END_TO_END_IN_NUBLOX,2026-09-24
ERP-CBE-JP-036,CBE-JP-036,Fence installer,D07,F09;F10;F12;F13;F23;F26;F27,Construction / External works,Survey; estimate; set-out; installation; materials; completion,Quotes; work orders; material usage; photos,"Perform Survey; estimate; set-out; installation; materials; completion using specialist authoring, calculation, field or business systems; create and exchange Quotes; work orders; material usage; photos.","Provide native job workspace for Survey; estimate; set-out; installation; materials; completion; create/control Quotes; work orders; material usage; photos as structured governed records; support assignment, revision/status, review/approval, evidence, audit and cross-functional handoff; provide specialist calculations/authoring or governed format interoperability where professional tooling requires it.",PERSON_EXECUTES_THROUGH_ACTIVE_POSITION_JOB_PROFILE_AND_CONTEXTUAL_DEPLOYMENT,RUNTIME_DEPLOYMENT_PURPOSE__FUNCTIONAL_GOVERNANCE_OR_FUNCTIONAL_DELIVERY,TO_MAP_TO_NATIVE_ENGINES,TO_MAP_TO_CANONICAL_OBJECTS,SOURCE_STRUCTURED_RECORDS_IDENTIFIED__GOVERNED_OUTPUT_MAPPING_REQUIRED,NOT_ACCEPTED_UNTIL_JOB_CAN_BE_PERFORMED_END_TO_END_IN_NUBLOX,2026-09-24
ERP-CBE-JP-037,CBE-JP-037,Fire safety engineer,D02,F05;F13;F19;F23;F26;F27,Design; Construction; Operations,Fire strategy; modelling; design review; compliance evidence; inspections,Fire strategies; calculations; reports; design comments,"Perform Fire strategy; modelling; design review; compliance evidence; inspections using specialist authoring, calculation, field or business systems; create and exchange Fire strategies; calculations; reports; design comments.","Provide native job workspace for Fire strategy; modelling; design review; compliance evidence; inspections; create/control Fire strategies; calculations; reports; design comments as structured governed records; support assignment, revision/status, review/approval, evidence, audit and cross-functional handoff; provide specialist calculations/authoring or governed format interoperability where professional tooling requires it.",PERSON_EXECUTES_THROUGH_ACTIVE_POSITION_JOB_PROFILE_AND_CONTEXTUAL_DEPLOYMENT,RUNTIME_DEPLOYMENT_PURPOSE__FUNCTIONAL_GOVERNANCE_OR_FUNCTIONAL_DELIVERY,TO_MAP_TO_NATIVE_ENGINES,TO_MAP_TO_CANONICAL_OBJECTS,SOURCE_STRUCTURED_RECORDS_IDENTIFIED__GOVERNED_OUTPUT_MAPPING_REQUIRED,NOT_ACCEPTED_UNTIL_JOB_CAN_BE_PERFORMED_END_TO_END_IN_NUBLOX,2026-09-24
ERP-CBE-JP-038,CBE-JP-038,Formworker,D07,F09;F10;F12;F13;F23;F26;F27,Structural construction,Formwork planning; drawings; material/plant requirements; installation; striking; checks,Work orders; checklists; material records; photos,"Perform Formwork planning; drawings; material/plant requirements; installation; striking; checks using specialist authoring, calculation, field or business systems; create and exchange Work orders; checklists; material records; photos.","Provide native job workspace for Formwork planning; drawings; material/plant requirements; installation; striking; checks; create/control Work orders; checklists; material records; photos as structured governed records; support assignment, revision/status, review/approval, evidence, audit and cross-functional handoff; provide specialist calculations/authoring or governed format interoperability where professional tooling requires it.",PERSON_EXECUTES_THROUGH_ACTIVE_POSITION_JOB_PROFILE_AND_CONTEXTUAL_DEPLOYMENT,RUNTIME_DEPLOYMENT_PURPOSE__FUNCTIONAL_GOVERNANCE_OR_FUNCTIONAL_DELIVERY,TO_MAP_TO_NATIVE_ENGINES,TO_MAP_TO_CANONICAL_OBJECTS,SOURCE_STRUCTURED_RECORDS_IDENTIFIED__GOVERNED_OUTPUT_MAPPING_REQUIRED,NOT_ACCEPTED_UNTIL_JOB_CAN_BE_PERFORMED_END_TO_END_IN_NUBLOX,2026-09-24
ERP-CBE-JP-039,CBE-JP-039,Furniture maker,D14,F07;F09;F10;F11;F13;F14;F26;F27,Manufacture; Supply,Design; BOM; production; stock; quality; orders; delivery,Drawings; BOMs; work orders; QC records; sales orders,"Perform Design; BOM; production; stock; quality; orders; delivery using specialist authoring, calculation, field or business systems; create and exchange Drawings; BOMs; work orders; QC records; sales orders.","Provide native job workspace for Design; BOM; production; stock; quality; orders; delivery; create/control Drawings; BOMs; work orders; QC records; sales orders as structured governed records; support assignment, revision/status, review/approval, evidence, audit and cross-functional handoff; provide specialist calculations/authoring or governed format interoperability where professional tooling requires it.",PERSON_EXECUTES_THROUGH_ACTIVE_POSITION_JOB_PROFILE_AND_CONTEXTUAL_DEPLOYMENT,RUNTIME_DEPLOYMENT_PURPOSE__FUNCTIONAL_GOVERNANCE_OR_FUNCTIONAL_DELIVERY,TO_MAP_TO_NATIVE_ENGINES,TO_MAP_TO_CANONICAL_OBJECTS,SOURCE_STRUCTURED_RECORDS_IDENTIFIED__GOVERNED_OUTPUT_MAPPING_REQUIRED,NOT_ACCEPTED_UNTIL_JOB_CAN_BE_PERFORMED_END_TO_END_IN_NUBLOX,2026-09-24
ERP-CBE-JP-040,CBE-JP-040,Gas mains layer,D12,F09;F10;F12;F13;F22;F23;F26;F27,Infrastructure construction; Maintenance,Work orders; excavation/laying records; materials; pressure/test records; reinstatement; asset location,Job packs; network records; test results; as-builts,"Perform Work orders; excavation/laying records; materials; pressure/test records; reinstatement; asset location using specialist authoring, calculation, field or business systems; create and exchange Job packs; network records; test results; as-builts.","Provide native job workspace for Work orders; excavation/laying records; materials; pressure/test records; reinstatement; asset location; create/control Job packs; network records; test results; as-builts as structured governed records; support assignment, revision/status, review/approval, evidence, audit and cross-functional handoff; provide specialist calculations/authoring or governed format interoperability where professional tooling requires it.",PERSON_EXECUTES_THROUGH_ACTIVE_POSITION_JOB_PROFILE_AND_CONTEXTUAL_DEPLOYMENT,RUNTIME_DEPLOYMENT_PURPOSE__FUNCTIONAL_GOVERNANCE_OR_FUNCTIONAL_DELIVERY,TO_MAP_TO_NATIVE_ENGINES,TO_MAP_TO_CANONICAL_OBJECTS,SOURCE_STRUCTURED_RECORDS_IDENTIFIED__GOVERNED_OUTPUT_MAPPING_REQUIRED,NOT_ACCEPTED_UNTIL_JOB_CAN_BE_PERFORMED_END_TO_END_IN_NUBLOX,2026-09-24
ERP-CBE-JP-041,CBE-JP-041,Gas service technician,D08,F09;F10;F12;F13;F22;F23;F26;F27,Installation; Maintenance,Jobs; appliances; service schedules; tests; defects; parts; certification,Job sheets; appliance records; test results; service records,"Perform Jobs; appliances; service schedules; tests; defects; parts; certification using specialist authoring, calculation, field or business systems; create and exchange Job sheets; appliance records; test results; service records.","Provide native job workspace for Jobs; appliances; service schedules; tests; defects; parts; certification; create/control Job sheets; appliance records; test results; service records as structured governed records; support assignment, revision/status, review/approval, evidence, audit and cross-functional handoff; provide specialist calculations/authoring or governed format interoperability where professional tooling requires it.",PERSON_EXECUTES_THROUGH_ACTIVE_POSITION_JOB_PROFILE_AND_CONTEXTUAL_DEPLOYMENT,RUNTIME_DEPLOYMENT_PURPOSE__FUNCTIONAL_GOVERNANCE_OR_FUNCTIONAL_DELIVERY,TO_MAP_TO_NATIVE_ENGINES,TO_MAP_TO_CANONICAL_OBJECTS,SOURCE_STRUCTURED_RECORDS_IDENTIFIED__GOVERNED_OUTPUT_MAPPING_REQUIRED,NOT_ACCEPTED_UNTIL_JOB_CAN_BE_PERFORMED_END_TO_END_IN_NUBLOX,2026-09-24
ERP-CBE-JP-042,CBE-JP-042,General practice surveyor,D03,F05;F07;F14;F19;F22;F26;F27,Acquisition; Development; Operations,Property records; valuations; transactions; leases; development appraisal; client advice,Valuations; property records; instructions; reports,"Perform Property records; valuations; transactions; leases; development appraisal; client advice using specialist authoring, calculation, field or business systems; create and exchange Valuations; property records; instructions; reports.","Provide native job workspace for Property records; valuations; transactions; leases; development appraisal; client advice; create/control Valuations; property records; instructions; reports as structured governed records; support assignment, revision/status, review/approval, evidence, audit and cross-functional handoff; provide specialist calculations/authoring or governed format interoperability where professional tooling requires it.",PERSON_EXECUTES_THROUGH_ACTIVE_POSITION_JOB_PROFILE_AND_CONTEXTUAL_DEPLOYMENT,RUNTIME_DEPLOYMENT_PURPOSE__FUNCTIONAL_GOVERNANCE_OR_FUNCTIONAL_DELIVERY,TO_MAP_TO_NATIVE_ENGINES,TO_MAP_TO_CANONICAL_OBJECTS,SOURCE_STRUCTURED_RECORDS_IDENTIFIED__GOVERNED_OUTPUT_MAPPING_REQUIRED,NOT_ACCEPTED_UNTIL_JOB_CAN_BE_PERFORMED_END_TO_END_IN_NUBLOX,2026-09-24
ERP-CBE-JP-043,CBE-JP-043,Geospatial technician,D05,F05;F17;F19;F22;F26;F27,Survey; Planning; Construction,Data capture; GIS layers; coordinate/reference management; mapping; exports,Spatial datasets; maps; metadata,"Perform Data capture; GIS layers; coordinate/reference management; mapping; exports using specialist authoring, calculation, field or business systems; create and exchange Spatial datasets; maps; metadata.","Provide native job workspace for Data capture; GIS layers; coordinate/reference management; mapping; exports; create/control Spatial datasets; maps; metadata as structured governed records; support assignment, revision/status, review/approval, evidence, audit and cross-functional handoff; provide specialist calculations/authoring or governed format interoperability where professional tooling requires it.",PERSON_EXECUTES_THROUGH_ACTIVE_POSITION_JOB_PROFILE_AND_CONTEXTUAL_DEPLOYMENT,RUNTIME_DEPLOYMENT_PURPOSE__FUNCTIONAL_GOVERNANCE_OR_FUNCTIONAL_DELIVERY,TO_MAP_TO_NATIVE_ENGINES,TO_MAP_TO_CANONICAL_OBJECTS,SOURCE_STRUCTURED_RECORDS_IDENTIFIED__GOVERNED_OUTPUT_MAPPING_REQUIRED,NOT_ACCEPTED_UNTIL_JOB_CAN_BE_PERFORMED_END_TO_END_IN_NUBLOX,2026-09-24
ERP-CBE-JP-044,CBE-JP-044,Glazier,D07,F09;F10;F12;F13;F23;F26;F27,Fit-out; Maintenance,Measure; quote; product/order; installation; repair; completion,Measurements; quotes; work orders; product records; photos,"Perform Measure; quote; product/order; installation; repair; completion using specialist authoring, calculation, field or business systems; create and exchange Measurements; quotes; work orders; product records; photos.","Provide native job workspace for Measure; quote; product/order; installation; repair; completion; create/control Measurements; quotes; work orders; product records; photos as structured governed records; support assignment, revision/status, review/approval, evidence, audit and cross-functional handoff; provide specialist calculations/authoring or governed format interoperability where professional tooling requires it.",PERSON_EXECUTES_THROUGH_ACTIVE_POSITION_JOB_PROFILE_AND_CONTEXTUAL_DEPLOYMENT,RUNTIME_DEPLOYMENT_PURPOSE__FUNCTIONAL_GOVERNANCE_OR_FUNCTIONAL_DELIVERY,TO_MAP_TO_NATIVE_ENGINES,TO_MAP_TO_CANONICAL_OBJECTS,SOURCE_STRUCTURED_RECORDS_IDENTIFIED__GOVERNED_OUTPUT_MAPPING_REQUIRED,NOT_ACCEPTED_UNTIL_JOB_CAN_BE_PERFORMED_END_TO_END_IN_NUBLOX,2026-09-24
ERP-CBE-JP-045,CBE-JP-045,Heat pump engineer,D08,F09;F10;F12;F13;F22;F23;F26;F27,Retrofit/Installation; Maintenance,Survey; sizing; estimate; installation; commissioning; servicing; evidence,Survey; calculations; job sheets; commissioning/test records,"Perform Survey; sizing; estimate; installation; commissioning; servicing; evidence using specialist authoring, calculation, field or business systems; create and exchange Survey; calculations; job sheets; commissioning/test records.","Provide native job workspace for Survey; sizing; estimate; installation; commissioning; servicing; evidence; create/control Survey; calculations; job sheets; commissioning/test records as structured governed records; support assignment, revision/status, review/approval, evidence, audit and cross-functional handoff; provide specialist calculations/authoring or governed format interoperability where professional tooling requires it.",PERSON_EXECUTES_THROUGH_ACTIVE_POSITION_JOB_PROFILE_AND_CONTEXTUAL_DEPLOYMENT,RUNTIME_DEPLOYMENT_PURPOSE__FUNCTIONAL_GOVERNANCE_OR_FUNCTIONAL_DELIVERY,TO_MAP_TO_NATIVE_ENGINES,TO_MAP_TO_CANONICAL_OBJECTS,SOURCE_STRUCTURED_RECORDS_IDENTIFIED__GOVERNED_OUTPUT_MAPPING_REQUIRED,NOT_ACCEPTED_UNTIL_JOB_CAN_BE_PERFORMED_END_TO_END_IN_NUBLOX,2026-09-24
ERP-CBE-JP-046,CBE-JP-046,Heating and ventilation engineer,D08,F09;F10;F12;F13;F22;F23;F26;F27,Installation; Commissioning; Maintenance,Survey; design support; installation; commissioning; service; defects,Job sheets; equipment records; test/commissioning sheets,"Perform Survey; design support; installation; commissioning; service; defects using specialist authoring, calculation, field or business systems; create and exchange Job sheets; equipment records; test/commissioning sheets.","Provide native job workspace for Survey; design support; installation; commissioning; service; defects; create/control Job sheets; equipment records; test/commissioning sheets as structured governed records; support assignment, revision/status, review/approval, evidence, audit and cross-functional handoff; provide specialist calculations/authoring or governed format interoperability where professional tooling requires it.",PERSON_EXECUTES_THROUGH_ACTIVE_POSITION_JOB_PROFILE_AND_CONTEXTUAL_DEPLOYMENT,RUNTIME_DEPLOYMENT_PURPOSE__FUNCTIONAL_GOVERNANCE_OR_FUNCTIONAL_DELIVERY,TO_MAP_TO_NATIVE_ENGINES,TO_MAP_TO_CANONICAL_OBJECTS,SOURCE_STRUCTURED_RECORDS_IDENTIFIED__GOVERNED_OUTPUT_MAPPING_REQUIRED,NOT_ACCEPTED_UNTIL_JOB_CAN_BE_PERFORMED_END_TO_END_IN_NUBLOX,2026-09-24
ERP-CBE-JP-047,CBE-JP-047,Heritage officer,D13,F05;F12;F13;F19;F22;F23;F26;F27,Planning; Conservation; Operations,Heritage asset records; significance assessment; consultations; case management; condition monitoring,Case files; assessments; consultation records; reports,"Perform Heritage asset records; significance assessment; consultations; case management; condition monitoring using specialist authoring, calculation, field or business systems; create and exchange Case files; assessments; consultation records; reports.","Provide native job workspace for Heritage asset records; significance assessment; consultations; case management; condition monitoring; create/control Case files; assessments; consultation records; reports as structured governed records; support assignment, revision/status, review/approval, evidence, audit and cross-functional handoff; provide specialist calculations/authoring or governed format interoperability where professional tooling requires it.",PERSON_EXECUTES_THROUGH_ACTIVE_POSITION_JOB_PROFILE_AND_CONTEXTUAL_DEPLOYMENT,RUNTIME_DEPLOYMENT_PURPOSE__FUNCTIONAL_GOVERNANCE_OR_FUNCTIONAL_DELIVERY,TO_MAP_TO_NATIVE_ENGINES,TO_MAP_TO_CANONICAL_OBJECTS,SOURCE_STRUCTURED_RECORDS_IDENTIFIED__GOVERNED_OUTPUT_MAPPING_REQUIRED,NOT_ACCEPTED_UNTIL_JOB_CAN_BE_PERFORMED_END_TO_END_IN_NUBLOX,2026-09-24
ERP-CBE-JP-048,CBE-JP-048,Kitchen and bathroom designer,D01,F05;F13;F19;F23;F26;F27,Sales; Design; Fit-out,Customer brief; survey; layouts; products; quotation; revisions; approvals,Layouts; product schedules; quotes; approvals,"Perform Customer brief; survey; layouts; products; quotation; revisions; approvals using specialist authoring, calculation, field or business systems; create and exchange Layouts; product schedules; quotes; approvals.","Provide native job workspace for Customer brief; survey; layouts; products; quotation; revisions; approvals; create/control Layouts; product schedules; quotes; approvals as structured governed records; support assignment, revision/status, review/approval, evidence, audit and cross-functional handoff; provide specialist calculations/authoring or governed format interoperability where professional tooling requires it.",PERSON_EXECUTES_THROUGH_ACTIVE_POSITION_JOB_PROFILE_AND_CONTEXTUAL_DEPLOYMENT,RUNTIME_DEPLOYMENT_PURPOSE__FUNCTIONAL_GOVERNANCE_OR_FUNCTIONAL_DELIVERY,TO_MAP_TO_NATIVE_ENGINES,TO_MAP_TO_CANONICAL_OBJECTS,SOURCE_STRUCTURED_RECORDS_IDENTIFIED__GOVERNED_OUTPUT_MAPPING_REQUIRED,NOT_ACCEPTED_UNTIL_JOB_CAN_BE_PERFORMED_END_TO_END_IN_NUBLOX,2026-09-24
ERP-CBE-JP-049,CBE-JP-049,Kitchen and bathroom fitter,D07,F09;F10;F12;F13;F23;F26;F27,Fit-out,Survey; schedule; installation tasks; materials; coordination; snagging,Work orders; material lists; photos; completion records,"Perform Survey; schedule; installation tasks; materials; coordination; snagging using specialist authoring, calculation, field or business systems; create and exchange Work orders; material lists; photos; completion records.","Provide native job workspace for Survey; schedule; installation tasks; materials; coordination; snagging; create/control Work orders; material lists; photos; completion records as structured governed records; support assignment, revision/status, review/approval, evidence, audit and cross-functional handoff; provide specialist calculations/authoring or governed format interoperability where professional tooling requires it.",PERSON_EXECUTES_THROUGH_ACTIVE_POSITION_JOB_PROFILE_AND_CONTEXTUAL_DEPLOYMENT,RUNTIME_DEPLOYMENT_PURPOSE__FUNCTIONAL_GOVERNANCE_OR_FUNCTIONAL_DELIVERY,TO_MAP_TO_NATIVE_ENGINES,TO_MAP_TO_CANONICAL_OBJECTS,SOURCE_STRUCTURED_RECORDS_IDENTIFIED__GOVERNED_OUTPUT_MAPPING_REQUIRED,NOT_ACCEPTED_UNTIL_JOB_CAN_BE_PERFORMED_END_TO_END_IN_NUBLOX,2026-09-24
ERP-CBE-JP-050,CBE-JP-050,Land surveyor,D03,F05;F07;F14;F19;F22;F26;F27,Survey; Design; Construction,Survey planning; observations; control; coordinates; topographical outputs; setting out,Survey files; point data; drawings; reports,"Perform Survey planning; observations; control; coordinates; topographical outputs; setting out using specialist authoring, calculation, field or business systems; create and exchange Survey files; point data; drawings; reports.","Provide native job workspace for Survey planning; observations; control; coordinates; topographical outputs; setting out; create/control Survey files; point data; drawings; reports as structured governed records; support assignment, revision/status, review/approval, evidence, audit and cross-functional handoff; provide specialist calculations/authoring or governed format interoperability where professional tooling requires it.",PERSON_EXECUTES_THROUGH_ACTIVE_POSITION_JOB_PROFILE_AND_CONTEXTUAL_DEPLOYMENT,RUNTIME_DEPLOYMENT_PURPOSE__FUNCTIONAL_GOVERNANCE_OR_FUNCTIONAL_DELIVERY,TO_MAP_TO_NATIVE_ENGINES,TO_MAP_TO_CANONICAL_OBJECTS,SOURCE_STRUCTURED_RECORDS_IDENTIFIED__GOVERNED_OUTPUT_MAPPING_REQUIRED,NOT_ACCEPTED_UNTIL_JOB_CAN_BE_PERFORMED_END_TO_END_IN_NUBLOX,2026-09-24
ERP-CBE-JP-051,CBE-JP-051,Landscape architect,D13,F05;F12;F13;F19;F22;F23;F26;F27,Planning; Design; Construction,Brief; site analysis; landscape design; specifications; planting; coordination; inspections,Plans; schedules; specifications; inspection records,"Perform Brief; site analysis; landscape design; specifications; planting; coordination; inspections using specialist authoring, calculation, field or business systems; create and exchange Plans; schedules; specifications; inspection records.","Provide native job workspace for Brief; site analysis; landscape design; specifications; planting; coordination; inspections; create/control Plans; schedules; specifications; inspection records as structured governed records; support assignment, revision/status, review/approval, evidence, audit and cross-functional handoff; provide specialist calculations/authoring or governed format interoperability where professional tooling requires it.",PERSON_EXECUTES_THROUGH_ACTIVE_POSITION_JOB_PROFILE_AND_CONTEXTUAL_DEPLOYMENT,RUNTIME_DEPLOYMENT_PURPOSE__FUNCTIONAL_GOVERNANCE_OR_FUNCTIONAL_DELIVERY,TO_MAP_TO_NATIVE_ENGINES,TO_MAP_TO_CANONICAL_OBJECTS,SOURCE_STRUCTURED_RECORDS_IDENTIFIED__GOVERNED_OUTPUT_MAPPING_REQUIRED,NOT_ACCEPTED_UNTIL_JOB_CAN_BE_PERFORMED_END_TO_END_IN_NUBLOX,2026-09-24
ERP-CBE-JP-052,CBE-JP-052,Landscaper,D13,F05;F12;F13;F19;F22;F23;F26;F27,External works; Maintenance,Quotes; site works; planting/materials; labour; maintenance schedule,Work orders; material schedules; photos; maintenance records,"Perform Quotes; site works; planting/materials; labour; maintenance schedule using specialist authoring, calculation, field or business systems; create and exchange Work orders; material schedules; photos; maintenance records.","Provide native job workspace for Quotes; site works; planting/materials; labour; maintenance schedule; create/control Work orders; material schedules; photos; maintenance records as structured governed records; support assignment, revision/status, review/approval, evidence, audit and cross-functional handoff; provide specialist calculations/authoring or governed format interoperability where professional tooling requires it.",PERSON_EXECUTES_THROUGH_ACTIVE_POSITION_JOB_PROFILE_AND_CONTEXTUAL_DEPLOYMENT,RUNTIME_DEPLOYMENT_PURPOSE__FUNCTIONAL_GOVERNANCE_OR_FUNCTIONAL_DELIVERY,TO_MAP_TO_NATIVE_ENGINES,TO_MAP_TO_CANONICAL_OBJECTS,SOURCE_STRUCTURED_RECORDS_IDENTIFIED__GOVERNED_OUTPUT_MAPPING_REQUIRED,NOT_ACCEPTED_UNTIL_JOB_CAN_BE_PERFORMED_END_TO_END_IN_NUBLOX,2026-09-24
ERP-CBE-JP-053,CBE-JP-053,Lighting technician,D11,F09;F10;F11;F12;F13;F22;F23;F26;F27,Installation/Event delivery; Maintenance,Equipment planning; inventory; setup; inspections; operation; maintenance,Equipment lists; checklists; allocation records; faults,"Perform Equipment planning; inventory; setup; inspections; operation; maintenance using specialist authoring, calculation, field or business systems; create and exchange Equipment lists; checklists; allocation records; faults.","Provide native job workspace for Equipment planning; inventory; setup; inspections; operation; maintenance; create/control Equipment lists; checklists; allocation records; faults as structured governed records; support assignment, revision/status, review/approval, evidence, audit and cross-functional handoff; provide specialist calculations/authoring or governed format interoperability where professional tooling requires it.",PERSON_EXECUTES_THROUGH_ACTIVE_POSITION_JOB_PROFILE_AND_CONTEXTUAL_DEPLOYMENT,RUNTIME_DEPLOYMENT_PURPOSE__FUNCTIONAL_GOVERNANCE_OR_FUNCTIONAL_DELIVERY,TO_MAP_TO_NATIVE_ENGINES,TO_MAP_TO_CANONICAL_OBJECTS,SOURCE_STRUCTURED_RECORDS_IDENTIFIED__GOVERNED_OUTPUT_MAPPING_REQUIRED,NOT_ACCEPTED_UNTIL_JOB_CAN_BE_PERFORMED_END_TO_END_IN_NUBLOX,2026-09-24
ERP-CBE-JP-054,CBE-JP-054,Locksmith,D08,F09;F10;F12;F13;F22;F23;F26;F27,Installation; Maintenance,Callouts; asset/lock register; access hardware; installation; repair; key/control records,Jobs; asset records; key/access records; invoices,"Perform Callouts; asset/lock register; access hardware; installation; repair; key/control records using specialist authoring, calculation, field or business systems; create and exchange Jobs; asset records; key/access records; invoices.","Provide native job workspace for Callouts; asset/lock register; access hardware; installation; repair; key/control records; create/control Jobs; asset records; key/access records; invoices as structured governed records; support assignment, revision/status, review/approval, evidence, audit and cross-functional handoff; provide specialist calculations/authoring or governed format interoperability where professional tooling requires it.",PERSON_EXECUTES_THROUGH_ACTIVE_POSITION_JOB_PROFILE_AND_CONTEXTUAL_DEPLOYMENT,RUNTIME_DEPLOYMENT_PURPOSE__FUNCTIONAL_GOVERNANCE_OR_FUNCTIONAL_DELIVERY,TO_MAP_TO_NATIVE_ENGINES,TO_MAP_TO_CANONICAL_OBJECTS,SOURCE_STRUCTURED_RECORDS_IDENTIFIED__GOVERNED_OUTPUT_MAPPING_REQUIRED,NOT_ACCEPTED_UNTIL_JOB_CAN_BE_PERFORMED_END_TO_END_IN_NUBLOX,2026-09-24
ERP-CBE-JP-055,CBE-JP-055,Painter and decorator,D07,F09;F10;F12;F13;F23;F26;F27,Finishes,Estimate; area/take-off; materials; schedule; application; completion,Quotes; work orders; material usage; photos,"Perform Estimate; area/take-off; materials; schedule; application; completion using specialist authoring, calculation, field or business systems; create and exchange Quotes; work orders; material usage; photos.","Provide native job workspace for Estimate; area/take-off; materials; schedule; application; completion; create/control Quotes; work orders; material usage; photos as structured governed records; support assignment, revision/status, review/approval, evidence, audit and cross-functional handoff; provide specialist calculations/authoring or governed format interoperability where professional tooling requires it.",PERSON_EXECUTES_THROUGH_ACTIVE_POSITION_JOB_PROFILE_AND_CONTEXTUAL_DEPLOYMENT,RUNTIME_DEPLOYMENT_PURPOSE__FUNCTIONAL_GOVERNANCE_OR_FUNCTIONAL_DELIVERY,TO_MAP_TO_NATIVE_ENGINES,TO_MAP_TO_CANONICAL_OBJECTS,SOURCE_STRUCTURED_RECORDS_IDENTIFIED__GOVERNED_OUTPUT_MAPPING_REQUIRED,NOT_ACCEPTED_UNTIL_JOB_CAN_BE_PERFORMED_END_TO_END_IN_NUBLOX,2026-09-24
ERP-CBE-JP-056,CBE-JP-056,Pipe fitter,D08,F09;F10;F12;F13;F22;F23;F26;F27,Installation; Testing,Isometrics/work packs; fabrication/installation; weld/test references; materials; QA,Work packs; spool/line records; test records; material traceability,"Perform Isometrics/work packs; fabrication/installation; weld/test references; materials; QA using specialist authoring, calculation, field or business systems; create and exchange Work packs; spool/line records; test records; material traceability.","Provide native job workspace for Isometrics/work packs; fabrication/installation; weld/test references; materials; QA; create/control Work packs; spool/line records; test records; material traceability as structured governed records; support assignment, revision/status, review/approval, evidence, audit and cross-functional handoff; provide specialist calculations/authoring or governed format interoperability where professional tooling requires it.",PERSON_EXECUTES_THROUGH_ACTIVE_POSITION_JOB_PROFILE_AND_CONTEXTUAL_DEPLOYMENT,RUNTIME_DEPLOYMENT_PURPOSE__FUNCTIONAL_GOVERNANCE_OR_FUNCTIONAL_DELIVERY,TO_MAP_TO_NATIVE_ENGINES,TO_MAP_TO_CANONICAL_OBJECTS,SOURCE_STRUCTURED_RECORDS_IDENTIFIED__GOVERNED_OUTPUT_MAPPING_REQUIRED,NOT_ACCEPTED_UNTIL_JOB_CAN_BE_PERFORMED_END_TO_END_IN_NUBLOX,2026-09-24
ERP-CBE-JP-057,CBE-JP-057,Planning and development surveyor,D03,F05;F07;F14;F19;F22;F26;F27,Feasibility; Planning,Site appraisal; development appraisal; planning constraints; valuations; viability; client reports,Appraisals; reports; valuations; planning records,"Perform Site appraisal; development appraisal; planning constraints; valuations; viability; client reports using specialist authoring, calculation, field or business systems; create and exchange Appraisals; reports; valuations; planning records.","Provide native job workspace for Site appraisal; development appraisal; planning constraints; valuations; viability; client reports; create/control Appraisals; reports; valuations; planning records as structured governed records; support assignment, revision/status, review/approval, evidence, audit and cross-functional handoff; provide specialist calculations/authoring or governed format interoperability where professional tooling requires it.",PERSON_EXECUTES_THROUGH_ACTIVE_POSITION_JOB_PROFILE_AND_CONTEXTUAL_DEPLOYMENT,RUNTIME_DEPLOYMENT_PURPOSE__FUNCTIONAL_GOVERNANCE_OR_FUNCTIONAL_DELIVERY,TO_MAP_TO_NATIVE_ENGINES,TO_MAP_TO_CANONICAL_OBJECTS,SOURCE_STRUCTURED_RECORDS_IDENTIFIED__GOVERNED_OUTPUT_MAPPING_REQUIRED,NOT_ACCEPTED_UNTIL_JOB_CAN_BE_PERFORMED_END_TO_END_IN_NUBLOX,2026-09-24
ERP-CBE-JP-058,CBE-JP-058,Plasterer,D07,F09;F10;F12;F13;F23;F26;F27,Finishes,Estimate; areas; materials; schedule; application; snagging,Quotes; work orders; material usage; photos,"Perform Estimate; areas; materials; schedule; application; snagging using specialist authoring, calculation, field or business systems; create and exchange Quotes; work orders; material usage; photos.","Provide native job workspace for Estimate; areas; materials; schedule; application; snagging; create/control Quotes; work orders; material usage; photos as structured governed records; support assignment, revision/status, review/approval, evidence, audit and cross-functional handoff; provide specialist calculations/authoring or governed format interoperability where professional tooling requires it.",PERSON_EXECUTES_THROUGH_ACTIVE_POSITION_JOB_PROFILE_AND_CONTEXTUAL_DEPLOYMENT,RUNTIME_DEPLOYMENT_PURPOSE__FUNCTIONAL_GOVERNANCE_OR_FUNCTIONAL_DELIVERY,TO_MAP_TO_NATIVE_ENGINES,TO_MAP_TO_CANONICAL_OBJECTS,SOURCE_STRUCTURED_RECORDS_IDENTIFIED__GOVERNED_OUTPUT_MAPPING_REQUIRED,NOT_ACCEPTED_UNTIL_JOB_CAN_BE_PERFORMED_END_TO_END_IN_NUBLOX,2026-09-24
ERP-CBE-JP-059,CBE-JP-059,Plumber,D08,F09;F10;F12;F13;F22;F23;F26;F27,Installation; Testing; Maintenance,Survey; quote; schedule; installation; fixtures; testing; callouts; maintenance,Quotes; job sheets; test records; asset/service records; invoices,"Perform Survey; quote; schedule; installation; fixtures; testing; callouts; maintenance using specialist authoring, calculation, field or business systems; create and exchange Quotes; job sheets; test records; asset/service records; invoices.","Provide native job workspace for Survey; quote; schedule; installation; fixtures; testing; callouts; maintenance; create/control Quotes; job sheets; test records; asset/service records; invoices as structured governed records; support assignment, revision/status, review/approval, evidence, audit and cross-functional handoff; provide specialist calculations/authoring or governed format interoperability where professional tooling requires it.",PERSON_EXECUTES_THROUGH_ACTIVE_POSITION_JOB_PROFILE_AND_CONTEXTUAL_DEPLOYMENT,RUNTIME_DEPLOYMENT_PURPOSE__FUNCTIONAL_GOVERNANCE_OR_FUNCTIONAL_DELIVERY,TO_MAP_TO_NATIVE_ENGINES,TO_MAP_TO_CANONICAL_OBJECTS,SOURCE_STRUCTURED_RECORDS_IDENTIFIED__GOVERNED_OUTPUT_MAPPING_REQUIRED,NOT_ACCEPTED_UNTIL_JOB_CAN_BE_PERFORMED_END_TO_END_IN_NUBLOX,2026-09-24
ERP-CBE-JP-060,CBE-JP-060,Quantity surveyor,D04,F07;F09;F14;F19;F20;F26;F27,Feasibility; Design; Construction; Final account,Measurement; cost plans; procurement; tender analysis; valuations; variations; forecasts; final accounts,Cost plans; BoQs; tender analyses; valuations; variations; cost reports,"Perform Measurement; cost plans; procurement; tender analysis; valuations; variations; forecasts; final accounts using specialist authoring, calculation, field or business systems; create and exchange Cost plans; BoQs; tender analyses; valuations; variations; cost reports.","Provide native job workspace for Measurement; cost plans; procurement; tender analysis; valuations; variations; forecasts; final accounts; create/control Cost plans; BoQs; tender analyses; valuations; variations; cost reports as structured governed records; support assignment, revision/status, review/approval, evidence, audit and cross-functional handoff; provide specialist calculations/authoring or governed format interoperability where professional tooling requires it.",PERSON_EXECUTES_THROUGH_ACTIVE_POSITION_JOB_PROFILE_AND_CONTEXTUAL_DEPLOYMENT,RUNTIME_DEPLOYMENT_PURPOSE__FUNCTIONAL_GOVERNANCE_OR_FUNCTIONAL_DELIVERY,TO_MAP_TO_NATIVE_ENGINES,TO_MAP_TO_CANONICAL_OBJECTS,SOURCE_STRUCTURED_RECORDS_IDENTIFIED__GOVERNED_OUTPUT_MAPPING_REQUIRED,NOT_ACCEPTED_UNTIL_JOB_CAN_BE_PERFORMED_END_TO_END_IN_NUBLOX,2026-09-24
ERP-CBE-JP-061,CBE-JP-061,Quarry engineer,D11,F09;F10;F11;F12;F13;F22;F23;F26;F27,Extraction; Restoration,Site/production planning; extraction records; plant; safety; environmental/restoration records,Plans; production records; inspections; environmental records,"Perform Site/production planning; extraction records; plant; safety; environmental/restoration records using specialist authoring, calculation, field or business systems; create and exchange Plans; production records; inspections; environmental records.","Provide native job workspace for Site/production planning; extraction records; plant; safety; environmental/restoration records; create/control Plans; production records; inspections; environmental records as structured governed records; support assignment, revision/status, review/approval, evidence, audit and cross-functional handoff; provide specialist calculations/authoring or governed format interoperability where professional tooling requires it.",PERSON_EXECUTES_THROUGH_ACTIVE_POSITION_JOB_PROFILE_AND_CONTEXTUAL_DEPLOYMENT,RUNTIME_DEPLOYMENT_PURPOSE__FUNCTIONAL_GOVERNANCE_OR_FUNCTIONAL_DELIVERY,TO_MAP_TO_NATIVE_ENGINES,TO_MAP_TO_CANONICAL_OBJECTS,SOURCE_STRUCTURED_RECORDS_IDENTIFIED__GOVERNED_OUTPUT_MAPPING_REQUIRED,NOT_ACCEPTED_UNTIL_JOB_CAN_BE_PERFORMED_END_TO_END_IN_NUBLOX,2026-09-24
ERP-CBE-JP-062,CBE-JP-062,Quarry worker,D11,F09;F10;F11;F12;F13;F22;F23;F26;F27,Extraction,Tasks; plant checks; production logs; materials; safety; maintenance defects,Shift logs; plant checks; production records,"Perform Tasks; plant checks; production logs; materials; safety; maintenance defects using specialist authoring, calculation, field or business systems; create and exchange Shift logs; plant checks; production records.","Provide native job workspace for Tasks; plant checks; production logs; materials; safety; maintenance defects; create/control Shift logs; plant checks; production records as structured governed records; support assignment, revision/status, review/approval, evidence, audit and cross-functional handoff; provide specialist calculations/authoring or governed format interoperability where professional tooling requires it.",PERSON_EXECUTES_THROUGH_ACTIVE_POSITION_JOB_PROFILE_AND_CONTEXTUAL_DEPLOYMENT,RUNTIME_DEPLOYMENT_PURPOSE__FUNCTIONAL_GOVERNANCE_OR_FUNCTIONAL_DELIVERY,TO_MAP_TO_NATIVE_ENGINES,TO_MAP_TO_CANONICAL_OBJECTS,SOURCE_STRUCTURED_RECORDS_IDENTIFIED__GOVERNED_OUTPUT_MAPPING_REQUIRED,NOT_ACCEPTED_UNTIL_JOB_CAN_BE_PERFORMED_END_TO_END_IN_NUBLOX,2026-09-24
ERP-CBE-JP-063,CBE-JP-063,Refrigeration and air-conditioning installer,D08,F09;F10;F12;F13;F22;F23;F26;F27,Installation; Commissioning; Maintenance,Survey; equipment selection; installation; commissioning; refrigerant/service records; maintenance,Job sheets; equipment records; commissioning/test records; service logs,"Perform Survey; equipment selection; installation; commissioning; refrigerant/service records; maintenance using specialist authoring, calculation, field or business systems; create and exchange Job sheets; equipment records; commissioning/test records; service logs.","Provide native job workspace for Survey; equipment selection; installation; commissioning; refrigerant/service records; maintenance; create/control Job sheets; equipment records; commissioning/test records; service logs as structured governed records; support assignment, revision/status, review/approval, evidence, audit and cross-functional handoff; provide specialist calculations/authoring or governed format interoperability where professional tooling requires it.",PERSON_EXECUTES_THROUGH_ACTIVE_POSITION_JOB_PROFILE_AND_CONTEXTUAL_DEPLOYMENT,RUNTIME_DEPLOYMENT_PURPOSE__FUNCTIONAL_GOVERNANCE_OR_FUNCTIONAL_DELIVERY,TO_MAP_TO_NATIVE_ENGINES,TO_MAP_TO_CANONICAL_OBJECTS,SOURCE_STRUCTURED_RECORDS_IDENTIFIED__GOVERNED_OUTPUT_MAPPING_REQUIRED,NOT_ACCEPTED_UNTIL_JOB_CAN_BE_PERFORMED_END_TO_END_IN_NUBLOX,2026-09-24
ERP-CBE-JP-064,CBE-JP-064,Road worker,D12,F09;F10;F12;F13;F22;F23;F26;F27,Infrastructure construction; Maintenance,Work packs; traffic-management references; plant; materials; daily progress; inspections,Work orders; daily records; material usage; inspection records,"Perform Work packs; traffic-management references; plant; materials; daily progress; inspections using specialist authoring, calculation, field or business systems; create and exchange Work orders; daily records; material usage; inspection records.","Provide native job workspace for Work packs; traffic-management references; plant; materials; daily progress; inspections; create/control Work orders; daily records; material usage; inspection records as structured governed records; support assignment, revision/status, review/approval, evidence, audit and cross-functional handoff; provide specialist calculations/authoring or governed format interoperability where professional tooling requires it.",PERSON_EXECUTES_THROUGH_ACTIVE_POSITION_JOB_PROFILE_AND_CONTEXTUAL_DEPLOYMENT,RUNTIME_DEPLOYMENT_PURPOSE__FUNCTIONAL_GOVERNANCE_OR_FUNCTIONAL_DELIVERY,TO_MAP_TO_NATIVE_ENGINES,TO_MAP_TO_CANONICAL_OBJECTS,SOURCE_STRUCTURED_RECORDS_IDENTIFIED__GOVERNED_OUTPUT_MAPPING_REQUIRED,NOT_ACCEPTED_UNTIL_JOB_CAN_BE_PERFORMED_END_TO_END_IN_NUBLOX,2026-09-24
ERP-CBE-JP-065,CBE-JP-065,Roofer,D07,F09;F10;F12;F13;F23;F26;F27,Envelope construction; Maintenance,Survey; estimate; materials; access; installation/repair; inspections; photos,Quotes; work orders; material schedules; photos,"Perform Survey; estimate; materials; access; installation/repair; inspections; photos using specialist authoring, calculation, field or business systems; create and exchange Quotes; work orders; material schedules; photos.","Provide native job workspace for Survey; estimate; materials; access; installation/repair; inspections; photos; create/control Quotes; work orders; material schedules; photos as structured governed records; support assignment, revision/status, review/approval, evidence, audit and cross-functional handoff; provide specialist calculations/authoring or governed format interoperability where professional tooling requires it.",PERSON_EXECUTES_THROUGH_ACTIVE_POSITION_JOB_PROFILE_AND_CONTEXTUAL_DEPLOYMENT,RUNTIME_DEPLOYMENT_PURPOSE__FUNCTIONAL_GOVERNANCE_OR_FUNCTIONAL_DELIVERY,TO_MAP_TO_NATIVE_ENGINES,TO_MAP_TO_CANONICAL_OBJECTS,SOURCE_STRUCTURED_RECORDS_IDENTIFIED__GOVERNED_OUTPUT_MAPPING_REQUIRED,NOT_ACCEPTED_UNTIL_JOB_CAN_BE_PERFORMED_END_TO_END_IN_NUBLOX,2026-09-24
ERP-CBE-JP-066,CBE-JP-066,Rural surveyor,D03,F05;F07;F14;F19;F22;F26;F27,Acquisition; Management,Land/property records; valuations; tenancy/estate work; land management; inspections,Valuations; plans; property records; reports,"Perform Land/property records; valuations; tenancy/estate work; land management; inspections using specialist authoring, calculation, field or business systems; create and exchange Valuations; plans; property records; reports.","Provide native job workspace for Land/property records; valuations; tenancy/estate work; land management; inspections; create/control Valuations; plans; property records; reports as structured governed records; support assignment, revision/status, review/approval, evidence, audit and cross-functional handoff; provide specialist calculations/authoring or governed format interoperability where professional tooling requires it.",PERSON_EXECUTES_THROUGH_ACTIVE_POSITION_JOB_PROFILE_AND_CONTEXTUAL_DEPLOYMENT,RUNTIME_DEPLOYMENT_PURPOSE__FUNCTIONAL_GOVERNANCE_OR_FUNCTIONAL_DELIVERY,TO_MAP_TO_NATIVE_ENGINES,TO_MAP_TO_CANONICAL_OBJECTS,SOURCE_STRUCTURED_RECORDS_IDENTIFIED__GOVERNED_OUTPUT_MAPPING_REQUIRED,NOT_ACCEPTED_UNTIL_JOB_CAN_BE_PERFORMED_END_TO_END_IN_NUBLOX,2026-09-24
ERP-CBE-JP-067,CBE-JP-067,Scaffolder,D11,F09;F10;F11;F12;F13;F22;F23;F26;F27,Construction enabling works,Scaffold design/reference; erection; inspection; handover; tagging; alterations; dismantle,Scaffold register; inspection records; handover certificates,"Perform Scaffold design/reference; erection; inspection; handover; tagging; alterations; dismantle using specialist authoring, calculation, field or business systems; create and exchange Scaffold register; inspection records; handover certificates.","Provide native job workspace for Scaffold design/reference; erection; inspection; handover; tagging; alterations; dismantle; create/control Scaffold register; inspection records; handover certificates as structured governed records; support assignment, revision/status, review/approval, evidence, audit and cross-functional handoff; provide specialist calculations/authoring or governed format interoperability where professional tooling requires it.",PERSON_EXECUTES_THROUGH_ACTIVE_POSITION_JOB_PROFILE_AND_CONTEXTUAL_DEPLOYMENT,RUNTIME_DEPLOYMENT_PURPOSE__FUNCTIONAL_GOVERNANCE_OR_FUNCTIONAL_DELIVERY,TO_MAP_TO_NATIVE_ENGINES,TO_MAP_TO_CANONICAL_OBJECTS,SOURCE_STRUCTURED_RECORDS_IDENTIFIED__GOVERNED_OUTPUT_MAPPING_REQUIRED,NOT_ACCEPTED_UNTIL_JOB_CAN_BE_PERFORMED_END_TO_END_IN_NUBLOX,2026-09-24
ERP-CBE-JP-068,CBE-JP-068,Security systems installer,D08,F09;F10;F12;F13;F22;F23;F26;F27,Installation; Commissioning; Maintenance,Survey; quote; device/system design; installation; testing; commissioning; maintenance,Quotes; device registers; test results; commissioning/service records,"Perform Survey; quote; device/system design; installation; testing; commissioning; maintenance using specialist authoring, calculation, field or business systems; create and exchange Quotes; device registers; test results; commissioning/service records.","Provide native job workspace for Survey; quote; device/system design; installation; testing; commissioning; maintenance; create/control Quotes; device registers; test results; commissioning/service records as structured governed records; support assignment, revision/status, review/approval, evidence, audit and cross-functional handoff; provide specialist calculations/authoring or governed format interoperability where professional tooling requires it.",PERSON_EXECUTES_THROUGH_ACTIVE_POSITION_JOB_PROFILE_AND_CONTEXTUAL_DEPLOYMENT,RUNTIME_DEPLOYMENT_PURPOSE__FUNCTIONAL_GOVERNANCE_OR_FUNCTIONAL_DELIVERY,TO_MAP_TO_NATIVE_ENGINES,TO_MAP_TO_CANONICAL_OBJECTS,SOURCE_STRUCTURED_RECORDS_IDENTIFIED__GOVERNED_OUTPUT_MAPPING_REQUIRED,NOT_ACCEPTED_UNTIL_JOB_CAN_BE_PERFORMED_END_TO_END_IN_NUBLOX,2026-09-24
ERP-CBE-JP-069,CBE-JP-069,Shopfitter,D07,F09;F10;F12;F13;F23;F26;F27,Fit-out,Survey; programme; fabrication/install coordination; materials; snagging; handover,Work orders; drawings; material schedules; snagging records,"Perform Survey; programme; fabrication/install coordination; materials; snagging; handover using specialist authoring, calculation, field or business systems; create and exchange Work orders; drawings; material schedules; snagging records.","Provide native job workspace for Survey; programme; fabrication/install coordination; materials; snagging; handover; create/control Work orders; drawings; material schedules; snagging records as structured governed records; support assignment, revision/status, review/approval, evidence, audit and cross-functional handoff; provide specialist calculations/authoring or governed format interoperability where professional tooling requires it.",PERSON_EXECUTES_THROUGH_ACTIVE_POSITION_JOB_PROFILE_AND_CONTEXTUAL_DEPLOYMENT,RUNTIME_DEPLOYMENT_PURPOSE__FUNCTIONAL_GOVERNANCE_OR_FUNCTIONAL_DELIVERY,TO_MAP_TO_NATIVE_ENGINES,TO_MAP_TO_CANONICAL_OBJECTS,SOURCE_STRUCTURED_RECORDS_IDENTIFIED__GOVERNED_OUTPUT_MAPPING_REQUIRED,NOT_ACCEPTED_UNTIL_JOB_CAN_BE_PERFORMED_END_TO_END_IN_NUBLOX,2026-09-24
ERP-CBE-JP-070,CBE-JP-070,Solar panel installer,D09,F05;F12;F13;F22;F23;F26;F27,Retrofit/Installation; Maintenance,Survey; system sizing/design inputs; quote; installation; testing; commissioning; maintenance,Survey; quotes; equipment records; commissioning/test records,"Perform Survey; system sizing/design inputs; quote; installation; testing; commissioning; maintenance using specialist authoring, calculation, field or business systems; create and exchange Survey; quotes; equipment records; commissioning/test records.","Provide native job workspace for Survey; system sizing/design inputs; quote; installation; testing; commissioning; maintenance; create/control Survey; quotes; equipment records; commissioning/test records as structured governed records; support assignment, revision/status, review/approval, evidence, audit and cross-functional handoff; provide specialist calculations/authoring or governed format interoperability where professional tooling requires it.",PERSON_EXECUTES_THROUGH_ACTIVE_POSITION_JOB_PROFILE_AND_CONTEXTUAL_DEPLOYMENT,RUNTIME_DEPLOYMENT_PURPOSE__FUNCTIONAL_GOVERNANCE_OR_FUNCTIONAL_DELIVERY,TO_MAP_TO_NATIVE_ENGINES,TO_MAP_TO_CANONICAL_OBJECTS,SOURCE_STRUCTURED_RECORDS_IDENTIFIED__GOVERNED_OUTPUT_MAPPING_REQUIRED,NOT_ACCEPTED_UNTIL_JOB_CAN_BE_PERFORMED_END_TO_END_IN_NUBLOX,2026-09-24
ERP-CBE-JP-071,CBE-JP-071,Steel erector,D07,F09;F10;F12;F13;F23;F26;F27,Structural construction,Work packs; lifts; sequence; members; bolts/connections; inspections; progress,Work packs; member records; inspection records; photos,"Perform Work packs; lifts; sequence; members; bolts/connections; inspections; progress using specialist authoring, calculation, field or business systems; create and exchange Work packs; member records; inspection records; photos.","Provide native job workspace for Work packs; lifts; sequence; members; bolts/connections; inspections; progress; create/control Work packs; member records; inspection records; photos as structured governed records; support assignment, revision/status, review/approval, evidence, audit and cross-functional handoff; provide specialist calculations/authoring or governed format interoperability where professional tooling requires it.",PERSON_EXECUTES_THROUGH_ACTIVE_POSITION_JOB_PROFILE_AND_CONTEXTUAL_DEPLOYMENT,RUNTIME_DEPLOYMENT_PURPOSE__FUNCTIONAL_GOVERNANCE_OR_FUNCTIONAL_DELIVERY,TO_MAP_TO_NATIVE_ENGINES,TO_MAP_TO_CANONICAL_OBJECTS,SOURCE_STRUCTURED_RECORDS_IDENTIFIED__GOVERNED_OUTPUT_MAPPING_REQUIRED,NOT_ACCEPTED_UNTIL_JOB_CAN_BE_PERFORMED_END_TO_END_IN_NUBLOX,2026-09-24
ERP-CBE-JP-072,CBE-JP-072,Steel fixer,D07,F09;F10;F12;F13;F23;F26;F27,Structural construction,Bar schedules/reference; work areas; installation; checks; progress,Work orders; reinforcement records; inspections; photos,"Perform Bar schedules/reference; work areas; installation; checks; progress using specialist authoring, calculation, field or business systems; create and exchange Work orders; reinforcement records; inspections; photos.","Provide native job workspace for Bar schedules/reference; work areas; installation; checks; progress; create/control Work orders; reinforcement records; inspections; photos as structured governed records; support assignment, revision/status, review/approval, evidence, audit and cross-functional handoff; provide specialist calculations/authoring or governed format interoperability where professional tooling requires it.",PERSON_EXECUTES_THROUGH_ACTIVE_POSITION_JOB_PROFILE_AND_CONTEXTUAL_DEPLOYMENT,RUNTIME_DEPLOYMENT_PURPOSE__FUNCTIONAL_GOVERNANCE_OR_FUNCTIONAL_DELIVERY,TO_MAP_TO_NATIVE_ENGINES,TO_MAP_TO_CANONICAL_OBJECTS,SOURCE_STRUCTURED_RECORDS_IDENTIFIED__GOVERNED_OUTPUT_MAPPING_REQUIRED,NOT_ACCEPTED_UNTIL_JOB_CAN_BE_PERFORMED_END_TO_END_IN_NUBLOX,2026-09-24
ERP-CBE-JP-073,CBE-JP-073,Steeplejack,D11,F09;F10;F11;F12;F13;F22;F23;F26;F27,Maintenance / Specialist works,Access planning; inspection; repair; maintenance; lightning protection records; photos,Inspection reports; work orders; test records; photos,"Perform Access planning; inspection; repair; maintenance; lightning protection records; photos using specialist authoring, calculation, field or business systems; create and exchange Inspection reports; work orders; test records; photos.","Provide native job workspace for Access planning; inspection; repair; maintenance; lightning protection records; photos; create/control Inspection reports; work orders; test records; photos as structured governed records; support assignment, revision/status, review/approval, evidence, audit and cross-functional handoff; provide specialist calculations/authoring or governed format interoperability where professional tooling requires it.",PERSON_EXECUTES_THROUGH_ACTIVE_POSITION_JOB_PROFILE_AND_CONTEXTUAL_DEPLOYMENT,RUNTIME_DEPLOYMENT_PURPOSE__FUNCTIONAL_GOVERNANCE_OR_FUNCTIONAL_DELIVERY,TO_MAP_TO_NATIVE_ENGINES,TO_MAP_TO_CANONICAL_OBJECTS,SOURCE_STRUCTURED_RECORDS_IDENTIFIED__GOVERNED_OUTPUT_MAPPING_REQUIRED,NOT_ACCEPTED_UNTIL_JOB_CAN_BE_PERFORMED_END_TO_END_IN_NUBLOX,2026-09-24
ERP-CBE-JP-074,CBE-JP-074,Stonemason,D13,F05;F12;F13;F19;F22;F23;F26;F27,Construction; Conservation,Survey/template; fabrication; installation; conservation repair; material traceability,Templates; work orders; material records; photos,"Perform Survey/template; fabrication; installation; conservation repair; material traceability using specialist authoring, calculation, field or business systems; create and exchange Templates; work orders; material records; photos.","Provide native job workspace for Survey/template; fabrication; installation; conservation repair; material traceability; create/control Templates; work orders; material records; photos as structured governed records; support assignment, revision/status, review/approval, evidence, audit and cross-functional handoff; provide specialist calculations/authoring or governed format interoperability where professional tooling requires it.",PERSON_EXECUTES_THROUGH_ACTIVE_POSITION_JOB_PROFILE_AND_CONTEXTUAL_DEPLOYMENT,RUNTIME_DEPLOYMENT_PURPOSE__FUNCTIONAL_GOVERNANCE_OR_FUNCTIONAL_DELIVERY,TO_MAP_TO_NATIVE_ENGINES,TO_MAP_TO_CANONICAL_OBJECTS,SOURCE_STRUCTURED_RECORDS_IDENTIFIED__GOVERNED_OUTPUT_MAPPING_REQUIRED,NOT_ACCEPTED_UNTIL_JOB_CAN_BE_PERFORMED_END_TO_END_IN_NUBLOX,2026-09-24
ERP-CBE-JP-075,CBE-JP-075,Structural engineer,D02,F05;F13;F19;F23;F26;F27,Design; Construction,Structural analysis; calculations; drawings; specifications; design changes; inspections,Calculations; models; drawings; specifications; inspection records,"Perform Structural analysis; calculations; drawings; specifications; design changes; inspections using specialist authoring, calculation, field or business systems; create and exchange Calculations; models; drawings; specifications; inspection records.","Provide native job workspace for Structural analysis; calculations; drawings; specifications; design changes; inspections; create/control Calculations; models; drawings; specifications; inspection records as structured governed records; support assignment, revision/status, review/approval, evidence, audit and cross-functional handoff; provide specialist calculations/authoring or governed format interoperability where professional tooling requires it.",PERSON_EXECUTES_THROUGH_ACTIVE_POSITION_JOB_PROFILE_AND_CONTEXTUAL_DEPLOYMENT,RUNTIME_DEPLOYMENT_PURPOSE__FUNCTIONAL_GOVERNANCE_OR_FUNCTIONAL_DELIVERY,TO_MAP_TO_NATIVE_ENGINES,TO_MAP_TO_CANONICAL_OBJECTS,SOURCE_STRUCTURED_RECORDS_IDENTIFIED__GOVERNED_OUTPUT_MAPPING_REQUIRED,NOT_ACCEPTED_UNTIL_JOB_CAN_BE_PERFORMED_END_TO_END_IN_NUBLOX,2026-09-24
ERP-CBE-JP-076,CBE-JP-076,Surveying technician,D03,F05;F07;F14;F19;F22;F26;F27,Survey; Design; Construction,Survey support; site data; measurements; drawings; records; inspections,Survey data; drawings; schedules; reports,"Perform Survey support; site data; measurements; drawings; records; inspections using specialist authoring, calculation, field or business systems; create and exchange Survey data; drawings; schedules; reports.","Provide native job workspace for Survey support; site data; measurements; drawings; records; inspections; create/control Survey data; drawings; schedules; reports as structured governed records; support assignment, revision/status, review/approval, evidence, audit and cross-functional handoff; provide specialist calculations/authoring or governed format interoperability where professional tooling requires it.",PERSON_EXECUTES_THROUGH_ACTIVE_POSITION_JOB_PROFILE_AND_CONTEXTUAL_DEPLOYMENT,RUNTIME_DEPLOYMENT_PURPOSE__FUNCTIONAL_GOVERNANCE_OR_FUNCTIONAL_DELIVERY,TO_MAP_TO_NATIVE_ENGINES,TO_MAP_TO_CANONICAL_OBJECTS,SOURCE_STRUCTURED_RECORDS_IDENTIFIED__GOVERNED_OUTPUT_MAPPING_REQUIRED,NOT_ACCEPTED_UNTIL_JOB_CAN_BE_PERFORMED_END_TO_END_IN_NUBLOX,2026-09-24
ERP-CBE-JP-077,CBE-JP-077,Thermal insulation engineer,D09,F05;F12;F13;F22;F23;F26;F27,Installation; Completion,Take-off; materials; installation; quality checks; completion evidence,Work orders; material usage; inspection records; photos,"Perform Take-off; materials; installation; quality checks; completion evidence using specialist authoring, calculation, field or business systems; create and exchange Work orders; material usage; inspection records; photos.","Provide native job workspace for Take-off; materials; installation; quality checks; completion evidence; create/control Work orders; material usage; inspection records; photos as structured governed records; support assignment, revision/status, review/approval, evidence, audit and cross-functional handoff; provide specialist calculations/authoring or governed format interoperability where professional tooling requires it.",PERSON_EXECUTES_THROUGH_ACTIVE_POSITION_JOB_PROFILE_AND_CONTEXTUAL_DEPLOYMENT,RUNTIME_DEPLOYMENT_PURPOSE__FUNCTIONAL_GOVERNANCE_OR_FUNCTIONAL_DELIVERY,TO_MAP_TO_NATIVE_ENGINES,TO_MAP_TO_CANONICAL_OBJECTS,SOURCE_STRUCTURED_RECORDS_IDENTIFIED__GOVERNED_OUTPUT_MAPPING_REQUIRED,NOT_ACCEPTED_UNTIL_JOB_CAN_BE_PERFORMED_END_TO_END_IN_NUBLOX,2026-09-24
ERP-CBE-JP-078,CBE-JP-078,Tiler,D07,F09;F10;F12;F13;F23;F26;F27,Finishes,Measure; estimate; layout; materials; installation; snagging,Quotes; work orders; material usage; photos,"Perform Measure; estimate; layout; materials; installation; snagging using specialist authoring, calculation, field or business systems; create and exchange Quotes; work orders; material usage; photos.","Provide native job workspace for Measure; estimate; layout; materials; installation; snagging; create/control Quotes; work orders; material usage; photos as structured governed records; support assignment, revision/status, review/approval, evidence, audit and cross-functional handoff; provide specialist calculations/authoring or governed format interoperability where professional tooling requires it.",PERSON_EXECUTES_THROUGH_ACTIVE_POSITION_JOB_PROFILE_AND_CONTEXTUAL_DEPLOYMENT,RUNTIME_DEPLOYMENT_PURPOSE__FUNCTIONAL_GOVERNANCE_OR_FUNCTIONAL_DELIVERY,TO_MAP_TO_NATIVE_ENGINES,TO_MAP_TO_CANONICAL_OBJECTS,SOURCE_STRUCTURED_RECORDS_IDENTIFIED__GOVERNED_OUTPUT_MAPPING_REQUIRED,NOT_ACCEPTED_UNTIL_JOB_CAN_BE_PERFORMED_END_TO_END_IN_NUBLOX,2026-09-24
ERP-CBE-JP-079,CBE-JP-079,Town planner,D05,F05;F17;F19;F22;F26;F27,Feasibility; Planning,Planning cases; policy/constraints; consultations; site appraisal; reports; decisions tracking,Applications/cases; consultation records; reports; spatial data,"Perform Planning cases; policy/constraints; consultations; site appraisal; reports; decisions tracking using specialist authoring, calculation, field or business systems; create and exchange Applications/cases; consultation records; reports; spatial data.","Provide native job workspace for Planning cases; policy/constraints; consultations; site appraisal; reports; decisions tracking; create/control Applications/cases; consultation records; reports; spatial data as structured governed records; support assignment, revision/status, review/approval, evidence, audit and cross-functional handoff; provide specialist calculations/authoring or governed format interoperability where professional tooling requires it.",PERSON_EXECUTES_THROUGH_ACTIVE_POSITION_JOB_PROFILE_AND_CONTEXTUAL_DEPLOYMENT,RUNTIME_DEPLOYMENT_PURPOSE__FUNCTIONAL_GOVERNANCE_OR_FUNCTIONAL_DELIVERY,TO_MAP_TO_NATIVE_ENGINES,TO_MAP_TO_CANONICAL_OBJECTS,SOURCE_STRUCTURED_RECORDS_IDENTIFIED__GOVERNED_OUTPUT_MAPPING_REQUIRED,NOT_ACCEPTED_UNTIL_JOB_CAN_BE_PERFORMED_END_TO_END_IN_NUBLOX,2026-09-24
ERP-CBE-JP-080,CBE-JP-080,Town planning assistant,D05,F05;F17;F19;F22;F26;F27,Planning,Application processing; data gathering; plans; consultations; case administration,Case records; plans; consultation records,"Perform Application processing; data gathering; plans; consultations; case administration using specialist authoring, calculation, field or business systems; create and exchange Case records; plans; consultation records.","Provide native job workspace for Application processing; data gathering; plans; consultations; case administration; create/control Case records; plans; consultation records as structured governed records; support assignment, revision/status, review/approval, evidence, audit and cross-functional handoff; provide specialist calculations/authoring or governed format interoperability where professional tooling requires it.",PERSON_EXECUTES_THROUGH_ACTIVE_POSITION_JOB_PROFILE_AND_CONTEXTUAL_DEPLOYMENT,RUNTIME_DEPLOYMENT_PURPOSE__FUNCTIONAL_GOVERNANCE_OR_FUNCTIONAL_DELIVERY,TO_MAP_TO_NATIVE_ENGINES,TO_MAP_TO_CANONICAL_OBJECTS,SOURCE_STRUCTURED_RECORDS_IDENTIFIED__GOVERNED_OUTPUT_MAPPING_REQUIRED,NOT_ACCEPTED_UNTIL_JOB_CAN_BE_PERFORMED_END_TO_END_IN_NUBLOX,2026-09-24
ERP-CBE-JP-081,CBE-JP-081,Transport planner,D05,F05;F17;F19;F22;F26;F27,Feasibility; Planning; Design,Demand/network analysis; options; modelling; consultation; reports; programme interfaces,Models; datasets; option reports; plans,"Perform Demand/network analysis; options; modelling; consultation; reports; programme interfaces using specialist authoring, calculation, field or business systems; create and exchange Models; datasets; option reports; plans.","Provide native job workspace for Demand/network analysis; options; modelling; consultation; reports; programme interfaces; create/control Models; datasets; option reports; plans as structured governed records; support assignment, revision/status, review/approval, evidence, audit and cross-functional handoff; provide specialist calculations/authoring or governed format interoperability where professional tooling requires it.",PERSON_EXECUTES_THROUGH_ACTIVE_POSITION_JOB_PROFILE_AND_CONTEXTUAL_DEPLOYMENT,RUNTIME_DEPLOYMENT_PURPOSE__FUNCTIONAL_GOVERNANCE_OR_FUNCTIONAL_DELIVERY,TO_MAP_TO_NATIVE_ENGINES,TO_MAP_TO_CANONICAL_OBJECTS,SOURCE_STRUCTURED_RECORDS_IDENTIFIED__GOVERNED_OUTPUT_MAPPING_REQUIRED,NOT_ACCEPTED_UNTIL_JOB_CAN_BE_PERFORMED_END_TO_END_IN_NUBLOX,2026-09-24
ERP-CBE-JP-082,CBE-JP-082,Water network operative,D12,F09;F10;F12;F13;F22;F23;F26;F27,Infrastructure construction; Maintenance,Work orders; network asset location; repairs; leakage; tests; reinstatement; as-builts,Job packs; network records; test results; as-builts,"Perform Work orders; network asset location; repairs; leakage; tests; reinstatement; as-builts using specialist authoring, calculation, field or business systems; create and exchange Job packs; network records; test results; as-builts.","Provide native job workspace for Work orders; network asset location; repairs; leakage; tests; reinstatement; as-builts; create/control Job packs; network records; test results; as-builts as structured governed records; support assignment, revision/status, review/approval, evidence, audit and cross-functional handoff; provide specialist calculations/authoring or governed format interoperability where professional tooling requires it.",PERSON_EXECUTES_THROUGH_ACTIVE_POSITION_JOB_PROFILE_AND_CONTEXTUAL_DEPLOYMENT,RUNTIME_DEPLOYMENT_PURPOSE__FUNCTIONAL_GOVERNANCE_OR_FUNCTIONAL_DELIVERY,TO_MAP_TO_NATIVE_ENGINES,TO_MAP_TO_CANONICAL_OBJECTS,SOURCE_STRUCTURED_RECORDS_IDENTIFIED__GOVERNED_OUTPUT_MAPPING_REQUIRED,NOT_ACCEPTED_UNTIL_JOB_CAN_BE_PERFORMED_END_TO_END_IN_NUBLOX,2026-09-24
ERP-CBE-JP-083,CBE-JP-083,Welder,D14,F07;F09;F10;F11;F13;F14;F26;F27,Fabrication; Construction,Work packs; weld procedures/references; material traceability; weld logs; inspections; repairs,Weld logs; material records; inspection/NDT references; work orders,"Perform Work packs; weld procedures/references; material traceability; weld logs; inspections; repairs using specialist authoring, calculation, field or business systems; create and exchange Weld logs; material records; inspection/NDT references; work orders.","Provide native job workspace for Work packs; weld procedures/references; material traceability; weld logs; inspections; repairs; create/control Weld logs; material records; inspection/NDT references; work orders as structured governed records; support assignment, revision/status, review/approval, evidence, audit and cross-functional handoff; provide specialist calculations/authoring or governed format interoperability where professional tooling requires it.",PERSON_EXECUTES_THROUGH_ACTIVE_POSITION_JOB_PROFILE_AND_CONTEXTUAL_DEPLOYMENT,RUNTIME_DEPLOYMENT_PURPOSE__FUNCTIONAL_GOVERNANCE_OR_FUNCTIONAL_DELIVERY,TO_MAP_TO_NATIVE_ENGINES,TO_MAP_TO_CANONICAL_OBJECTS,SOURCE_STRUCTURED_RECORDS_IDENTIFIED__GOVERNED_OUTPUT_MAPPING_REQUIRED,NOT_ACCEPTED_UNTIL_JOB_CAN_BE_PERFORMED_END_TO_END_IN_NUBLOX,2026-09-24
ERP-CBE-JP-084,CBE-JP-084,Wood machinist,D14,F07;F09;F10;F11;F13;F14;F26;F27,Manufacture,Cut lists; machine jobs; BOM/material stock; quality; production output,Cut lists; work orders; material records; QC records,"Perform Cut lists; machine jobs; BOM/material stock; quality; production output using specialist authoring, calculation, field or business systems; create and exchange Cut lists; work orders; material records; QC records.","Provide native job workspace for Cut lists; machine jobs; BOM/material stock; quality; production output; create/control Cut lists; work orders; material records; QC records as structured governed records; support assignment, revision/status, review/approval, evidence, audit and cross-functional handoff; provide specialist calculations/authoring or governed format interoperability where professional tooling requires it.",PERSON_EXECUTES_THROUGH_ACTIVE_POSITION_JOB_PROFILE_AND_CONTEXTUAL_DEPLOYMENT,RUNTIME_DEPLOYMENT_PURPOSE__FUNCTIONAL_GOVERNANCE_OR_FUNCTIONAL_DELIVERY,TO_MAP_TO_NATIVE_ENGINES,TO_MAP_TO_CANONICAL_OBJECTS,SOURCE_STRUCTURED_RECORDS_IDENTIFIED__GOVERNED_OUTPUT_MAPPING_REQUIRED,NOT_ACCEPTED_UNTIL_JOB_CAN_BE_PERFORMED_END_TO_END_IN_NUBLOX,2026-09-24
