job_archetype_id,job_title,career_index,domain,internal_job_profile_ids,internal_profile_state,work_product_id,work_product_name,work_product_family,exact_activity_ids,authoring_mode_candidate,enterprise_stream,context_types,primary_functions,canonical_object_candidate,authoring_primitive_candidate,upstream_inputs,downstream_handoff,evidence_requirement,review_state
EJOB-F14.05-PROFESSIONAL,Accounts Payable Specialist,,"Production, Service, Quality & Finance — F14",JP-F14.05-PROFESSIONAL,reconciled-employment-profile,WP-W7-F14.05-PROFESSIONAL-001,Supplier Invoice Record,TRANSACTION / COMMITMENT,F14.05.A01,NATIVE,Operate,Legal Entity|Accounting Period|Ledger|Customer|Supplier|Bank|Tax Jurisdiction|Investment,F14,Payable / Expense [AGG-19-AP],Transaction Workspace|Approval Panel,approved commercial transactions|bank/cash data|budgets/forecasts|source subledgers|tax/control requirements,management decisions|payments/cash|statutory/tax reporting|investment/asset decisions|enterprise performance,"Counterparty/terms/authority with immutable issue, execution, amendment and completion history",candidate-explicit
EJOB-F14.05-PROFESSIONAL,Accounts Payable Specialist,,"Production, Service, Quality & Finance — F14",JP-F14.05-PROFESSIONAL,reconciled-employment-profile,WP-W7-F14.05-PROFESSIONAL-002,Invoice Validation / Match Record,CASE / ASSESSMENT,F14.05.A02|F14.05.A03,NATIVE,Operate,Legal Entity|Accounting Period|Ledger|Customer|Supplier|Bank|Tax Jurisdiction|Investment,F14,Payable / Expense [AGG-19-AP],Case Workspace|Assessment Form|Evidence Panel,approved commercial transactions|bank/cash data|budgets/forecasts|source subledgers|tax/control requirements,management decisions|payments/cash|statutory/tax reporting|investment/asset decisions|enterprise performance,"Evidence set, assessment rationale, findings, decisions/actions and closure history",candidate-explicit
EJOB-F14.05-PROFESSIONAL,Accounts Payable Specialist,,"Production, Service, Quality & Finance — F14",JP-F14.05-PROFESSIONAL,reconciled-employment-profile,WP-W7-F14.05-PROFESSIONAL-003,Invoice Approval,DECISION / APPROVAL,F14.05.A04,NATIVE,Operate,Legal Entity|Accounting Period|Ledger|Customer|Supplier|Bank|Tax Jurisdiction|Investment,F14,Payable / Expense [AGG-19-AP],Decision Workspace|Approval Panel,approved commercial transactions|bank/cash data|budgets/forecasts|source subledgers|tax/control requirements,management decisions|payments/cash|statutory/tax reporting|investment/asset decisions|enterprise performance,"Decision, approver/authority, rationale, conditions, date and affected objects",candidate-explicit
EJOB-F14.05-PROFESSIONAL,Accounts Payable Specialist,,"Production, Service, Quality & Finance — F14",JP-F14.05-PROFESSIONAL,reconciled-employment-profile,WP-W7-F14.05-PROFESSIONAL-004,Payable Payment Request / Record,TRANSACTION / COMMITMENT,F14.05.A05,NATIVE,Operate,Legal Entity|Accounting Period|Ledger|Customer|Supplier|Bank|Tax Jurisdiction|Investment,F14,Payable / Expense [AGG-19-AP],Transaction Workspace|Approval Panel,approved commercial transactions|bank/cash data|budgets/forecasts|source subledgers|tax/control requirements,management decisions|payments/cash|statutory/tax reporting|investment/asset decisions|enterprise performance,"Counterparty/terms/authority with immutable issue, execution, amendment and completion history",candidate-explicit
EJOB-F14.05-PROFESSIONAL,Accounts Payable Specialist,,"Production, Service, Quality & Finance — F14",JP-F14.05-PROFESSIONAL,reconciled-employment-profile,WP-W7-F14.05-PROFESSIONAL-005,AP Reconciliation,CASE / ASSESSMENT,F14.05.A06,NATIVE,Operate,Legal Entity|Accounting Period|Ledger|Customer|Supplier|Bank|Tax Jurisdiction|Investment,F14,Payable / Expense [AGG-19-AP],Case Workspace|Assessment Form|Evidence Panel,approved commercial transactions|bank/cash data|budgets/forecasts|source subledgers|tax/control requirements,management decisions|payments/cash|statutory/tax reporting|investment/asset decisions|enterprise performance,"Evidence set, assessment rationale, findings, decisions/actions and closure history",candidate-explicit
EJOB-F14.06-PROFESSIONAL,Accounts Receivable Specialist,,"Production, Service, Quality & Finance — F14",JP-F14.06-PROFESSIONAL,reconciled-employment-profile,WP-W7-F14.06-PROFESSIONAL-001,Customer Invoice,TRANSACTION / COMMITMENT,F14.06.A01,NATIVE,Operate,Legal Entity|Accounting Period|Ledger|Customer|Supplier|Bank|Tax Jurisdiction|Investment,F14,Receivable / Customer Balance [AGG-19-AR],Transaction Workspace|Approval Panel,approved commercial transactions|bank/cash data|budgets/forecasts|source subledgers|tax/control requirements,management decisions|payments/cash|statutory/tax reporting|investment/asset decisions|enterprise performance,"Counterparty/terms/authority with immutable issue, execution, amendment and completion history",candidate-explicit
EJOB-F14.06-PROFESSIONAL,Accounts Receivable Specialist,,"Production, Service, Quality & Finance — F14",JP-F14.06-PROFESSIONAL,reconciled-employment-profile,WP-W7-F14.06-PROFESSIONAL-002,Receivable Posting,TRANSACTION / COMMITMENT,F14.06.A02,NATIVE,Operate,Legal Entity|Accounting Period|Ledger|Customer|Supplier|Bank|Tax Jurisdiction|Investment,F14,Receivable / Customer Balance [AGG-19-AR],Transaction Workspace|Approval Panel,approved commercial transactions|bank/cash data|budgets/forecasts|source subledgers|tax/control requirements,management decisions|payments/cash|statutory/tax reporting|investment/asset decisions|enterprise performance,"Counterparty/terms/authority with immutable issue, execution, amendment and completion history",candidate-explicit
EJOB-F14.06-PROFESSIONAL,Accounts Receivable Specialist,,"Production, Service, Quality & Finance — F14",JP-F14.06-PROFESSIONAL,reconciled-employment-profile,WP-W7-F14.06-PROFESSIONAL-003,Customer Payment Receipt,TRANSACTION / COMMITMENT,F14.06.A03,NATIVE,Operate,Legal Entity|Accounting Period|Ledger|Customer|Supplier|Bank|Tax Jurisdiction|Investment,F14,Receivable / Customer Balance [AGG-19-AR],Transaction Workspace|Approval Panel,approved commercial transactions|bank/cash data|budgets/forecasts|source subledgers|tax/control requirements,management decisions|payments/cash|statutory/tax reporting|investment/asset decisions|enterprise performance,"Counterparty/terms/authority with immutable issue, execution, amendment and completion history",candidate-explicit
EJOB-F14.06-PROFESSIONAL,Accounts Receivable Specialist,,"Production, Service, Quality & Finance — F14",JP-F14.06-PROFESSIONAL,reconciled-employment-profile,WP-W7-F14.06-PROFESSIONAL-004,Cash Allocation Record,EXECUTION RECORD,F14.06.A04,NATIVE,Operate,Legal Entity|Accounting Period|Ledger|Customer|Supplier|Bank|Tax Jurisdiction|Investment,F14,Receivable / Customer Balance [AGG-19-AR],Execution Record|Evidence Panel,approved commercial transactions|bank/cash data|budgets/forecasts|source subledgers|tax/control requirements,management decisions|payments/cash|statutory/tax reporting|investment/asset decisions|enterprise performance,Attributable who/what/when/result record with source context and evidence,candidate-explicit
EJOB-F14.02-PROFESSIONAL,Budgeting Specialist,,"Production, Service, Quality & Finance — F14",JP-F14.02-PROFESSIONAL,reconciled-employment-profile,WP-W7-F14.02-PROFESSIONAL-001,Budget Assumption Set,REGISTER / SCHEDULE,F14.02.A01,NATIVE,Operate,Legal Entity|Accounting Period|Ledger|Customer|Supplier|Bank|Tax Jurisdiction|Investment,F14,Budget / Forecast / Capex [AGG-19-BUDGET],Enterprise Grid|Collection View,approved commercial transactions|bank/cash data|budgets/forecasts|source subledgers|tax/control requirements,management decisions|payments/cash|statutory/tax reporting|investment/asset decisions|enterprise performance,"Governed entries with owner, status, dates, source references and immutable change history",candidate-explicit
EJOB-F14.02-PROFESSIONAL,Budgeting Specialist,,"Production, Service, Quality & Finance — F14",JP-F14.02-PROFESSIONAL,reconciled-employment-profile,WP-W7-F14.02-PROFESSIONAL-002,Budget,PLAN / STRATEGY,F14.02.A02,NATIVE,Operate,Legal Entity|Accounting Period|Ledger|Customer|Supplier|Bank|Tax Jurisdiction|Investment,F14,Budget / Forecast / Capex [AGG-19-BUDGET],Object Workspace|Structure Browser|Enterprise Grid,approved commercial transactions|bank/cash data|budgets/forecasts|source subledgers|tax/control requirements,management decisions|payments/cash|statutory/tax reporting|investment/asset decisions|enterprise performance,"Versioned plan/strategy with assumptions, ownership, review, approval and effective-date provenance",candidate-explicit
EJOB-F14.02-PROFESSIONAL,Budgeting Specialist,,"Production, Service, Quality & Finance — F14",JP-F14.02-PROFESSIONAL,reconciled-employment-profile,WP-W7-F14.02-PROFESSIONAL-003,Budget Review / Challenge Record,CASE / ASSESSMENT,F14.02.A03,NATIVE,Operate,Legal Entity|Accounting Period|Ledger|Customer|Supplier|Bank|Tax Jurisdiction|Investment,F14,Budget / Forecast / Capex [AGG-19-BUDGET],Case Workspace|Assessment Form|Evidence Panel,approved commercial transactions|bank/cash data|budgets/forecasts|source subledgers|tax/control requirements,management decisions|payments/cash|statutory/tax reporting|investment/asset decisions|enterprise performance,"Evidence set, assessment rationale, findings, decisions/actions and closure history",candidate-explicit
EJOB-F14.02-PROFESSIONAL,Budgeting Specialist,,"Production, Service, Quality & Finance — F14",JP-F14.02-PROFESSIONAL,reconciled-employment-profile,WP-W7-F14.02-PROFESSIONAL-004,Budget Approval,DECISION / APPROVAL,F14.02.A04,NATIVE,Operate,Legal Entity|Accounting Period|Ledger|Customer|Supplier|Bank|Tax Jurisdiction|Investment,F14,Budget / Forecast / Capex [AGG-19-BUDGET],Decision Workspace|Approval Panel,approved commercial transactions|bank/cash data|budgets/forecasts|source subledgers|tax/control requirements,management decisions|payments/cash|statutory/tax reporting|investment/asset decisions|enterprise performance,"Decision, approver/authority, rationale, conditions, date and affected objects",candidate-explicit
EJOB-F14.02-PROFESSIONAL,Budgeting Specialist,,"Production, Service, Quality & Finance — F14",JP-F14.02-PROFESSIONAL,reconciled-employment-profile,WP-W7-F14.02-PROFESSIONAL-005,Budget Revision,CHANGE,F14.02.A05,NATIVE,Operate,Legal Entity|Accounting Period|Ledger|Customer|Supplier|Bank|Tax Jurisdiction|Investment,F14,Budget / Forecast / Capex [AGG-19-BUDGET],Change Workspace|Impact Assessment,approved commercial transactions|bank/cash data|budgets/forecasts|source subledgers|tax/control requirements,management decisions|payments/cash|statutory/tax reporting|investment/asset decisions|enterprise performance,"Baseline, impact assessment, authority decision, implementation and verification evidence",candidate-explicit
EJOB-F13.06-PROFESSIONAL,CAPA Specialist,,"Production, Service, Quality & Finance — F13",JP-F13.06-PROFESSIONAL,reconciled-employment-profile,WP-W7-F13.06-PROFESSIONAL-001,Root-Cause Analysis,CASE / ASSESSMENT,F13.06.A01,NATIVE,Operate,Quality Plan|Inspection|NCR|CAPA|Supplier|Product|Service,F13,CAPA Case [AGG-13-CAPA-CASE],Case Workspace|Assessment Form|Evidence Panel,product/service requirements|quality standards|inspection/test results|supplier evidence|non-conformance data,production/service release|supplier management|corrective action|controlled information|assurance,"Evidence set, assessment rationale, findings, decisions/actions and closure history",candidate-explicit
EJOB-F13.06-PROFESSIONAL,CAPA Specialist,,"Production, Service, Quality & Finance — F13",JP-F13.06-PROFESSIONAL,reconciled-employment-profile,WP-W7-F13.06-PROFESSIONAL-002,CAPA Plan,CHANGE,F13.06.A02,NATIVE,Operate,Quality Plan|Inspection|NCR|CAPA|Supplier|Product|Service,F13,CAPA Case [AGG-13-CAPA-CASE],Change Workspace|Impact Assessment,product/service requirements|quality standards|inspection/test results|supplier evidence|non-conformance data,production/service release|supplier management|corrective action|controlled information|assurance,"Baseline, impact assessment, authority decision, implementation and verification evidence",candidate-explicit
EJOB-F13.06-PROFESSIONAL,CAPA Specialist,,"Production, Service, Quality & Finance — F13",JP-F13.06-PROFESSIONAL,reconciled-employment-profile,WP-W7-F13.06-PROFESSIONAL-003,CAPA Implementation Record,EXECUTION RECORD,F13.06.A03,NATIVE,Operate,Quality Plan|Inspection|NCR|CAPA|Supplier|Product|Service,F13,CAPA Case [AGG-13-CAPA-CASE],Execution Record|Evidence Panel,product/service requirements|quality standards|inspection/test results|supplier evidence|non-conformance data,production/service release|supplier management|corrective action|controlled information|assurance,Attributable who/what/when/result record with source context and evidence,candidate-explicit
EJOB-F13.06-PROFESSIONAL,CAPA Specialist,,"Production, Service, Quality & Finance — F13",JP-F13.06-PROFESSIONAL,reconciled-employment-profile,WP-W7-F13.06-PROFESSIONAL-004,CAPA Effectiveness Verification,INSPECTION / TEST,F13.06.A04,NATIVE,Operate,Quality Plan|Inspection|NCR|CAPA|Supplier|Product|Service,F13,CAPA Case [AGG-13-CAPA-CASE],Test / Inspection Workbench|Evidence Panel,product/service requirements|quality standards|inspection/test results|supplier evidence|non-conformance data,production/service release|supplier management|corrective action|controlled information|assurance,"Inspection/test basis, method, result, evidence, performer/reviewer and acceptance status",candidate-explicit
EJOB-F11.09-PROFESSIONAL,Capacity Manager,,"Production, Service, Quality & Finance — F11",JP-F11.09-PROFESSIONAL,reconciled-employment-profile,WP-W7-F11.09-PROFESSIONAL-001,Capacity Model,CALCULATION / MODEL,F11.09.A01,NATIVE,Operate,Production Order|Work Centre|Shift|Material|Equipment,F11,Manufacturing Definition / Plan [AGG-11-MFG-DEFINITION],Calculation Workbench|Enterprise Grid,demand/supply plan|manufacturing definition|materials/inventory|equipment/capacity|quality requirements,inventory/finished goods|quality|maintenance|cost accounting|customer fulfilment,"Versioned calculation/model with inputs, assumptions, method, scenario and result provenance",candidate-explicit
EJOB-F11.09-PROFESSIONAL,Capacity Manager,,"Production, Service, Quality & Finance — F11",JP-F11.09-PROFESSIONAL,reconciled-employment-profile,WP-W7-F11.09-PROFESSIONAL-002,Constraint Assessment,CASE / ASSESSMENT,F11.09.A02,NATIVE,Operate,Production Order|Work Centre|Shift|Material|Equipment,F11,Manufacturing Definition / Plan [AGG-11-MFG-DEFINITION],Case Workspace|Assessment Form|Evidence Panel,demand/supply plan|manufacturing definition|materials/inventory|equipment/capacity|quality requirements,inventory/finished goods|quality|maintenance|cost accounting|customer fulfilment,"Evidence set, assessment rationale, findings, decisions/actions and closure history",candidate-explicit
EJOB-F11.09-PROFESSIONAL,Capacity Manager,,"Production, Service, Quality & Finance — F11",JP-F11.09-PROFESSIONAL,reconciled-employment-profile,WP-W7-F11.09-PROFESSIONAL-003,Load Balancing Plan,PLAN / STRATEGY,F11.09.A03,NATIVE,Operate,Production Order|Work Centre|Shift|Material|Equipment,F11,Manufacturing Definition / Plan [AGG-11-MFG-DEFINITION],Object Workspace|Structure Browser|Enterprise Grid,demand/supply plan|manufacturing definition|materials/inventory|equipment/capacity|quality requirements,inventory/finished goods|quality|maintenance|cost accounting|customer fulfilment,"Versioned plan/strategy with assumptions, ownership, review, approval and effective-date provenance",candidate-explicit
EJOB-F11.09-PROFESSIONAL,Capacity Manager,,"Production, Service, Quality & Finance — F11",JP-F11.09-PROFESSIONAL,reconciled-employment-profile,WP-W7-F11.09-PROFESSIONAL-004,Capacity Change Plan / Decision,CHANGE,F11.09.A04,NATIVE,Operate,Production Order|Work Centre|Shift|Material|Equipment,F11,Manufacturing Definition / Plan [AGG-11-MFG-DEFINITION],Change Workspace|Impact Assessment,demand/supply plan|manufacturing definition|materials/inventory|equipment/capacity|quality requirements,inventory/finished goods|quality|maintenance|cost accounting|customer fulfilment,"Baseline, impact assessment, authority decision, implementation and verification evidence",candidate-explicit
EJOB-F14.22-PROFESSIONAL,Capital Investment Analyst,,"Production, Service, Quality & Finance — F14",JP-F14.22-PROFESSIONAL,reconciled-employment-profile,WP-W7-F14.22-PROFESSIONAL-001,Capital Investment Request,TRANSACTION / COMMITMENT,F14.22.A01,NATIVE,Operate,Legal Entity|Accounting Period|Ledger|Customer|Supplier|Bank|Tax Jurisdiction|Investment,F14,Budget / Forecast / Capex [AGG-19-BUDGET],Transaction Workspace|Approval Panel,approved commercial transactions|bank/cash data|budgets/forecasts|source subledgers|tax/control requirements,management decisions|payments/cash|statutory/tax reporting|investment/asset decisions|enterprise performance,"Counterparty/terms/authority with immutable issue, execution, amendment and completion history",candidate-explicit
EJOB-F14.22-PROFESSIONAL,Capital Investment Analyst,,"Production, Service, Quality & Finance — F14",JP-F14.22-PROFESSIONAL,reconciled-employment-profile,WP-W7-F14.22-PROFESSIONAL-002,Capital Investment Appraisal,CALCULATION / MODEL,F14.22.A02,NATIVE,Operate,Legal Entity|Accounting Period|Ledger|Customer|Supplier|Bank|Tax Jurisdiction|Investment,F14,Budget / Forecast / Capex [AGG-19-BUDGET],Calculation Workbench|Enterprise Grid,approved commercial transactions|bank/cash data|budgets/forecasts|source subledgers|tax/control requirements,management decisions|payments/cash|statutory/tax reporting|investment/asset decisions|enterprise performance,"Versioned calculation/model with inputs, assumptions, method, scenario and result provenance",candidate-explicit
EJOB-F14.22-PROFESSIONAL,Capital Investment Analyst,,"Production, Service, Quality & Finance — F14",JP-F14.22-PROFESSIONAL,reconciled-employment-profile,WP-W7-F14.22-PROFESSIONAL-003,Capital Investment Approval,DECISION / APPROVAL,F14.22.A03,NATIVE,Operate,Legal Entity|Accounting Period|Ledger|Customer|Supplier|Bank|Tax Jurisdiction|Investment,F14,Budget / Forecast / Capex [AGG-19-BUDGET],Decision Workspace|Approval Panel,approved commercial transactions|bank/cash data|budgets/forecasts|source subledgers|tax/control requirements,management decisions|payments/cash|statutory/tax reporting|investment/asset decisions|enterprise performance,"Decision, approver/authority, rationale, conditions, date and affected objects",candidate-explicit
EJOB-F14.22-PROFESSIONAL,Capital Investment Analyst,,"Production, Service, Quality & Finance — F14",JP-F14.22-PROFESSIONAL,reconciled-employment-profile,WP-W7-F14.22-PROFESSIONAL-004,Capital Spend Tracking Snapshot,REPORT / SNAPSHOT,F14.22.A04,NATIVE,Operate,Legal Entity|Accounting Period|Ledger|Customer|Supplier|Bank|Tax Jurisdiction|Investment,F14,Budget / Forecast / Capex [AGG-19-BUDGET],Report Builder|Snapshot View,approved commercial transactions|bank/cash data|budgets/forecasts|source subledgers|tax/control requirements,management decisions|payments/cash|statutory/tax reporting|investment/asset decisions|enterprise performance,"Point-in-time/as-of snapshot with source data, calculation/filter and publication provenance",candidate-explicit
EJOB-F14.22-PROFESSIONAL,Capital Investment Analyst,,"Production, Service, Quality & Finance — F14",JP-F14.22-PROFESSIONAL,reconciled-employment-profile,WP-W7-F14.22-PROFESSIONAL-005,Capital Investment Benefits Review,REPORT / SNAPSHOT,F14.22.A05,NATIVE,Operate,Legal Entity|Accounting Period|Ledger|Customer|Supplier|Bank|Tax Jurisdiction|Investment,F14,Budget / Forecast / Capex [AGG-19-BUDGET],Report Builder|Snapshot View,approved commercial transactions|bank/cash data|budgets/forecasts|source subledgers|tax/control requirements,management decisions|payments/cash|statutory/tax reporting|investment/asset decisions|enterprise performance,"Point-in-time/as-of snapshot with source data, calculation/filter and publication provenance",candidate-explicit
EJOB-F14.08-PROFESSIONAL,Collections Specialist,,"Production, Service, Quality & Finance — F14",JP-F14.08-PROFESSIONAL,reconciled-employment-profile,WP-W7-F14.08-PROFESSIONAL-001,Aged Debt / Collections Worklist,REGISTER / SCHEDULE,F14.08.A01,NATIVE,Operate,Legal Entity|Accounting Period|Ledger|Customer|Supplier|Bank|Tax Jurisdiction|Investment,F14,Receivable / Customer Balance [AGG-19-AR],Enterprise Grid|Collection View,approved commercial transactions|bank/cash data|budgets/forecasts|source subledgers|tax/control requirements,management decisions|payments/cash|statutory/tax reporting|investment/asset decisions|enterprise performance,"Governed entries with owner, status, dates, source references and immutable change history",candidate-explicit
EJOB-F14.08-PROFESSIONAL,Collections Specialist,,"Production, Service, Quality & Finance — F14",JP-F14.08-PROFESSIONAL,reconciled-employment-profile,WP-W7-F14.08-PROFESSIONAL-002,Collection Contact / Action Record,EXECUTION RECORD,F14.08.A02,NATIVE,Operate,Legal Entity|Accounting Period|Ledger|Customer|Supplier|Bank|Tax Jurisdiction|Investment,F14,Receivable / Customer Balance [AGG-19-AR],Execution Record|Evidence Panel,approved commercial transactions|bank/cash data|budgets/forecasts|source subledgers|tax/control requirements,management decisions|payments/cash|statutory/tax reporting|investment/asset decisions|enterprise performance,Attributable who/what/when/result record with source context and evidence,candidate-explicit
EJOB-F14.08-PROFESSIONAL,Collections Specialist,,"Production, Service, Quality & Finance — F14",JP-F14.08-PROFESSIONAL,reconciled-employment-profile,WP-W7-F14.08-PROFESSIONAL-003,Payment Arrangement,TRANSACTION / COMMITMENT,F14.08.A03,NATIVE,Operate,Legal Entity|Accounting Period|Ledger|Customer|Supplier|Bank|Tax Jurisdiction|Investment,F14,Receivable / Customer Balance [AGG-19-AR],Transaction Workspace|Approval Panel,approved commercial transactions|bank/cash data|budgets/forecasts|source subledgers|tax/control requirements,management decisions|payments/cash|statutory/tax reporting|investment/asset decisions|enterprise performance,"Counterparty/terms/authority with immutable issue, execution, amendment and completion history",candidate-explicit
EJOB-F14.08-PROFESSIONAL,Collections Specialist,,"Production, Service, Quality & Finance — F14",JP-F14.08-PROFESSIONAL,reconciled-employment-profile,WP-W7-F14.08-PROFESSIONAL-004,Collections Escalation Case,CASE / ASSESSMENT,F14.08.A04,NATIVE,Operate,Legal Entity|Accounting Period|Ledger|Customer|Supplier|Bank|Tax Jurisdiction|Investment,F14,Receivable / Customer Balance [AGG-19-AR],Case Workspace|Assessment Form|Evidence Panel,approved commercial transactions|bank/cash data|budgets/forecasts|source subledgers|tax/control requirements,management decisions|payments/cash|statutory/tax reporting|investment/asset decisions|enterprise performance,"Evidence set, assessment rationale, findings, decisions/actions and closure history",candidate-explicit
EJOB-F14.08-PROFESSIONAL,Collections Specialist,,"Production, Service, Quality & Finance — F14",JP-F14.08-PROFESSIONAL,reconciled-employment-profile,WP-W7-F14.08-PROFESSIONAL-005,Write-off Decision,DECISION / APPROVAL,F14.08.A05,NATIVE,Operate,Legal Entity|Accounting Period|Ledger|Customer|Supplier|Bank|Tax Jurisdiction|Investment,F14,Receivable / Customer Balance [AGG-19-AR],Decision Workspace|Approval Panel,approved commercial transactions|bank/cash data|budgets/forecasts|source subledgers|tax/control requirements,management decisions|payments/cash|statutory/tax reporting|investment/asset decisions|enterprise performance,"Decision, approver/authority, rationale, conditions, date and affected objects",candidate-explicit
EJOB-F14.21-PROFESSIONAL,Commercial Finance Analyst,,"Production, Service, Quality & Finance — F14",JP-F14.21-PROFESSIONAL,reconciled-employment-profile,WP-W7-F14.21-PROFESSIONAL-001,Margin Analysis,CALCULATION / MODEL,F14.21.A01,NATIVE,Operate,Legal Entity|Accounting Period|Ledger|Customer|Supplier|Bank|Tax Jurisdiction|Investment,F14,Budget / Forecast / Capex [AGG-19-BUDGET],Calculation Workbench|Enterprise Grid,approved commercial transactions|bank/cash data|budgets/forecasts|source subledgers|tax/control requirements,management decisions|payments/cash|statutory/tax reporting|investment/asset decisions|enterprise performance,"Versioned calculation/model with inputs, assumptions, method, scenario and result provenance",candidate-explicit
EJOB-F14.21-PROFESSIONAL,Commercial Finance Analyst,,"Production, Service, Quality & Finance — F14",JP-F14.21-PROFESSIONAL,reconciled-employment-profile,WP-W7-F14.21-PROFESSIONAL-002,Customer / Product Profitability Analysis,CALCULATION / MODEL,F14.21.A02,NATIVE,Operate,Legal Entity|Accounting Period|Ledger|Customer|Supplier|Bank|Tax Jurisdiction|Investment,F14,Budget / Forecast / Capex [AGG-19-BUDGET],Calculation Workbench|Enterprise Grid,approved commercial transactions|bank/cash data|budgets/forecasts|source subledgers|tax/control requirements,management decisions|payments/cash|statutory/tax reporting|investment/asset decisions|enterprise performance,"Versioned calculation/model with inputs, assumptions, method, scenario and result provenance",candidate-explicit
EJOB-F14.21-PROFESSIONAL,Commercial Finance Analyst,,"Production, Service, Quality & Finance — F14",JP-F14.21-PROFESSIONAL,reconciled-employment-profile,WP-W7-F14.21-PROFESSIONAL-003,Cost-to-Serve Analysis,CALCULATION / MODEL,F14.21.A03,NATIVE,Operate,Legal Entity|Accounting Period|Ledger|Customer|Supplier|Bank|Tax Jurisdiction|Investment,F14,Budget / Forecast / Capex [AGG-19-BUDGET],Calculation Workbench|Enterprise Grid,approved commercial transactions|bank/cash data|budgets/forecasts|source subledgers|tax/control requirements,management decisions|payments/cash|statutory/tax reporting|investment/asset decisions|enterprise performance,"Versioned calculation/model with inputs, assumptions, method, scenario and result provenance",candidate-explicit
EJOB-CONTINUOUS-IMPROVEMENT-SPECIALIST,Continuous Improvement Specialist,,"Production, Service, Quality & Finance — F13",JP-F13.09-PROFESSIONAL|JP-F29.08-PROFESSIONAL,reconciled-employment-profile,WP-W7-CONTINUOUS-IMPROVEMENT-SPECIALIST-001,Improvement Opportunity,CASE / ASSESSMENT,F13.09.A01|F29.08.A01|F29.08.A02,NATIVE,Operate,Quality Plan|Inspection|NCR|CAPA|Supplier|Product|Service,F13|F29,Improvement Opportunity [AGG-26-IMPROVEMENT-OPPORTUNITY],Case Workspace|Assessment Form|Evidence Panel,product/service requirements|quality standards|inspection/test results|supplier evidence|non-conformance data,production/service release|supplier management|corrective action|controlled information|assurance,"Evidence set, assessment rationale, findings, decisions/actions and closure history",candidate-explicit
EJOB-CONTINUOUS-IMPROVEMENT-SPECIALIST,Continuous Improvement Specialist,,"Production, Service, Quality & Finance — F13",JP-F13.09-PROFESSIONAL|JP-F29.08-PROFESSIONAL,reconciled-employment-profile,WP-W7-CONTINUOUS-IMPROVEMENT-SPECIALIST-002,Process Improvement Assessment,CASE / ASSESSMENT,F13.09.A02|F29.08.A02,NATIVE,Operate,Quality Plan|Inspection|NCR|CAPA|Supplier|Product|Service,F13|F29,Improvement Opportunity [AGG-26-IMPROVEMENT-OPPORTUNITY],Case Workspace|Assessment Form|Evidence Panel,product/service requirements|quality standards|inspection/test results|supplier evidence|non-conformance data,production/service release|supplier management|corrective action|controlled information|assurance,"Evidence set, assessment rationale, findings, decisions/actions and closure history",candidate-explicit
EJOB-CONTINUOUS-IMPROVEMENT-SPECIALIST,Continuous Improvement Specialist,,"Production, Service, Quality & Finance — F13",JP-F13.09-PROFESSIONAL|JP-F29.08-PROFESSIONAL,reconciled-employment-profile,WP-W7-CONTINUOUS-IMPROVEMENT-SPECIALIST-003,Improvement Implementation Record,CHANGE,F13.09.A03|F29.08.A03,NATIVE,Operate,Quality Plan|Inspection|NCR|CAPA|Supplier|Product|Service,F13|F29,Improvement Opportunity [AGG-26-IMPROVEMENT-OPPORTUNITY],Change Workspace|Impact Assessment,product/service requirements|quality standards|inspection/test results|supplier evidence|non-conformance data,production/service release|supplier management|corrective action|controlled information|assurance,"Baseline, impact assessment, authority decision, implementation and verification evidence",candidate-explicit
EJOB-CONTINUOUS-IMPROVEMENT-SPECIALIST,Continuous Improvement Specialist,,"Production, Service, Quality & Finance — F13",JP-F13.09-PROFESSIONAL|JP-F29.08-PROFESSIONAL,reconciled-employment-profile,WP-W7-CONTINUOUS-IMPROVEMENT-SPECIALIST-004,Improvement Benefits / Result Review,REPORT / SNAPSHOT,F13.09.A04|F29.08.A04,NATIVE,Operate,Quality Plan|Inspection|NCR|CAPA|Supplier|Product|Service,F13|F29,Improvement Opportunity [AGG-26-IMPROVEMENT-OPPORTUNITY],Report Builder|Snapshot View,product/service requirements|quality standards|inspection/test results|supplier evidence|non-conformance data,production/service release|supplier management|corrective action|controlled information|assurance,"Point-in-time/as-of snapshot with source data, calculation/filter and publication provenance",candidate-explicit
EJOB-F14.18-PROFESSIONAL,Corporate Finance Specialist,,"Production, Service, Quality & Finance — F14",JP-F14.18-PROFESSIONAL,reconciled-employment-profile,WP-W7-F14.18-PROFESSIONAL-001,Debt / Financing Facility,TRANSACTION / COMMITMENT,F14.18.A01,NATIVE,Operate,Legal Entity|Accounting Period|Ledger|Customer|Supplier|Bank|Tax Jurisdiction|Investment,F14,Treasury / Cash [AGG-19-TREASURY],Transaction Workspace|Approval Panel,approved commercial transactions|bank/cash data|budgets/forecasts|source subledgers|tax/control requirements,management decisions|payments/cash|statutory/tax reporting|investment/asset decisions|enterprise performance,"Counterparty/terms/authority with immutable issue, execution, amendment and completion history",candidate-explicit
EJOB-F14.18-PROFESSIONAL,Corporate Finance Specialist,,"Production, Service, Quality & Finance — F14",JP-F14.18-PROFESSIONAL,reconciled-employment-profile,WP-W7-F14.18-PROFESSIONAL-002,Drawdown Record,TRANSACTION / COMMITMENT,F14.18.A02,NATIVE,Operate,Legal Entity|Accounting Period|Ledger|Customer|Supplier|Bank|Tax Jurisdiction|Investment,F14,Treasury / Cash [AGG-19-TREASURY],Transaction Workspace|Approval Panel,approved commercial transactions|bank/cash data|budgets/forecasts|source subledgers|tax/control requirements,management decisions|payments/cash|statutory/tax reporting|investment/asset decisions|enterprise performance,"Counterparty/terms/authority with immutable issue, execution, amendment and completion history",candidate-explicit
EJOB-F14.18-PROFESSIONAL,Corporate Finance Specialist,,"Production, Service, Quality & Finance — F14",JP-F14.18-PROFESSIONAL,reconciled-employment-profile,WP-W7-F14.18-PROFESSIONAL-003,Debt Repayment Record,TRANSACTION / COMMITMENT,F14.18.A03,NATIVE,Operate,Legal Entity|Accounting Period|Ledger|Customer|Supplier|Bank|Tax Jurisdiction|Investment,F14,Treasury / Cash [AGG-19-TREASURY],Transaction Workspace|Approval Panel,approved commercial transactions|bank/cash data|budgets/forecasts|source subledgers|tax/control requirements,management decisions|payments/cash|statutory/tax reporting|investment/asset decisions|enterprise performance,"Counterparty/terms/authority with immutable issue, execution, amendment and completion history",candidate-explicit
EJOB-F14.18-PROFESSIONAL,Corporate Finance Specialist,,"Production, Service, Quality & Finance — F14",JP-F14.18-PROFESSIONAL,reconciled-employment-profile,WP-W7-F14.18-PROFESSIONAL-004,Covenant Compliance Report,REPORT / SNAPSHOT,F14.18.A04,NATIVE,Operate,Legal Entity|Accounting Period|Ledger|Customer|Supplier|Bank|Tax Jurisdiction|Investment,F14,Treasury / Cash [AGG-19-TREASURY],Report Builder|Snapshot View,approved commercial transactions|bank/cash data|budgets/forecasts|source subledgers|tax/control requirements,management decisions|payments/cash|statutory/tax reporting|investment/asset decisions|enterprise performance,"Point-in-time/as-of snapshot with source data, calculation/filter and publication provenance",candidate-explicit
EJOB-F14.11-PROFESSIONAL,Cost Accountant,,"Production, Service, Quality & Finance — F14",JP-F14.11-PROFESSIONAL,reconciled-employment-profile,WP-W7-F14.11-PROFESSIONAL-001,Product / Service Cost Model,CALCULATION / MODEL,F14.11.A01,NATIVE,Operate,Legal Entity|Accounting Period|Ledger|Customer|Supplier|Bank|Tax Jurisdiction|Investment,F14,Ledger / Financial Control [AGG-19-LEDGER],Calculation Workbench|Enterprise Grid,approved commercial transactions|bank/cash data|budgets/forecasts|source subledgers|tax/control requirements,management decisions|payments/cash|statutory/tax reporting|investment/asset decisions|enterprise performance,"Versioned calculation/model with inputs, assumptions, method, scenario and result provenance",candidate-explicit
EJOB-F14.11-PROFESSIONAL,Cost Accountant,,"Production, Service, Quality & Finance — F14",JP-F14.11-PROFESSIONAL,reconciled-employment-profile,WP-W7-F14.11-PROFESSIONAL-002,Overhead Allocation Run,CALCULATION / MODEL,F14.11.A02,NATIVE,Operate,Legal Entity|Accounting Period|Ledger|Customer|Supplier|Bank|Tax Jurisdiction|Investment,F14,Ledger / Financial Control [AGG-19-LEDGER],Calculation Workbench|Enterprise Grid,approved commercial transactions|bank/cash data|budgets/forecasts|source subledgers|tax/control requirements,management decisions|payments/cash|statutory/tax reporting|investment/asset decisions|enterprise performance,"Versioned calculation/model with inputs, assumptions, method, scenario and result provenance",candidate-explicit
EJOB-F14.11-PROFESSIONAL,Cost Accountant,,"Production, Service, Quality & Finance — F14",JP-F14.11-PROFESSIONAL,reconciled-employment-profile,WP-W7-F14.11-PROFESSIONAL-003,Cost Variance Analysis,REPORT / SNAPSHOT,F14.11.A03,NATIVE,Operate,Legal Entity|Accounting Period|Ledger|Customer|Supplier|Bank|Tax Jurisdiction|Investment,F14,Ledger / Financial Control [AGG-19-LEDGER],Report Builder|Snapshot View,approved commercial transactions|bank/cash data|budgets/forecasts|source subledgers|tax/control requirements,management decisions|payments/cash|statutory/tax reporting|investment/asset decisions|enterprise performance,"Point-in-time/as-of snapshot with source data, calculation/filter and publication provenance",candidate-explicit
EJOB-F14.07-PROFESSIONAL,Credit Controller,,"Production, Service, Quality & Finance — F14",JP-F14.07-PROFESSIONAL,reconciled-employment-profile,WP-W7-F14.07-PROFESSIONAL-001,Credit Assessment,CASE / ASSESSMENT,F14.07.A01,NATIVE,Operate,Legal Entity|Accounting Period|Ledger|Customer|Supplier|Bank|Tax Jurisdiction|Investment,F14,Receivable / Customer Balance [AGG-19-AR],Case Workspace|Assessment Form|Evidence Panel,approved commercial transactions|bank/cash data|budgets/forecasts|source subledgers|tax/control requirements,management decisions|payments/cash|statutory/tax reporting|investment/asset decisions|enterprise performance,"Evidence set, assessment rationale, findings, decisions/actions and closure history",candidate-explicit
EJOB-F14.07-PROFESSIONAL,Credit Controller,,"Production, Service, Quality & Finance — F14",JP-F14.07-PROFESSIONAL,reconciled-employment-profile,WP-W7-F14.07-PROFESSIONAL-002,Credit Limit Decision,DECISION / APPROVAL,F14.07.A02,NATIVE,Operate,Legal Entity|Accounting Period|Ledger|Customer|Supplier|Bank|Tax Jurisdiction|Investment,F14,Receivable / Customer Balance [AGG-19-AR],Decision Workspace|Approval Panel,approved commercial transactions|bank/cash data|budgets/forecasts|source subledgers|tax/control requirements,management decisions|payments/cash|statutory/tax reporting|investment/asset decisions|enterprise performance,"Decision, approver/authority, rationale, conditions, date and affected objects",candidate-explicit
EJOB-F14.07-PROFESSIONAL,Credit Controller,,"Production, Service, Quality & Finance — F14",JP-F14.07-PROFESSIONAL,reconciled-employment-profile,WP-W7-F14.07-PROFESSIONAL-003,Credit Exposure Snapshot,REPORT / SNAPSHOT,F14.07.A03,NATIVE,Operate,Legal Entity|Accounting Period|Ledger|Customer|Supplier|Bank|Tax Jurisdiction|Investment,F14,Receivable / Customer Balance [AGG-19-AR],Report Builder|Snapshot View,approved commercial transactions|bank/cash data|budgets/forecasts|source subledgers|tax/control requirements,management decisions|payments/cash|statutory/tax reporting|investment/asset decisions|enterprise performance,"Point-in-time/as-of snapshot with source data, calculation/filter and publication provenance",candidate-explicit
EJOB-F14.07-PROFESSIONAL,Credit Controller,,"Production, Service, Quality & Finance — F14",JP-F14.07-PROFESSIONAL,reconciled-employment-profile,WP-W7-F14.07-PROFESSIONAL-004,Credit Hold / Release Decision,DECISION / APPROVAL,F14.07.A04,NATIVE,Operate,Legal Entity|Accounting Period|Ledger|Customer|Supplier|Bank|Tax Jurisdiction|Investment,F14,Receivable / Customer Balance [AGG-19-AR],Decision Workspace|Approval Panel,approved commercial transactions|bank/cash data|budgets/forecasts|source subledgers|tax/control requirements,management decisions|payments/cash|statutory/tax reporting|investment/asset decisions|enterprise performance,"Decision, approver/authority, rationale, conditions, date and affected objects",candidate-explicit
EJOB-F14.09-PROFESSIONAL,Expense Manager,,"Production, Service, Quality & Finance — F14",JP-F14.09-PROFESSIONAL,reconciled-employment-profile,WP-W7-F14.09-PROFESSIONAL-001,Expense Claim,TRANSACTION / COMMITMENT,F14.09.A01,NATIVE,Operate,Legal Entity|Accounting Period|Ledger|Customer|Supplier|Bank|Tax Jurisdiction|Investment,F14,Payable / Expense [AGG-19-AP],Transaction Workspace|Approval Panel,approved commercial transactions|bank/cash data|budgets/forecasts|source subledgers|tax/control requirements,management decisions|payments/cash|statutory/tax reporting|investment/asset decisions|enterprise performance,"Counterparty/terms/authority with immutable issue, execution, amendment and completion history",candidate-explicit
EJOB-F14.09-PROFESSIONAL,Expense Manager,,"Production, Service, Quality & Finance — F14",JP-F14.09-PROFESSIONAL,reconciled-employment-profile,WP-W7-F14.09-PROFESSIONAL-002,Expense Validation,CASE / ASSESSMENT,F14.09.A02,NATIVE,Operate,Legal Entity|Accounting Period|Ledger|Customer|Supplier|Bank|Tax Jurisdiction|Investment,F14,Payable / Expense [AGG-19-AP],Case Workspace|Assessment Form|Evidence Panel,approved commercial transactions|bank/cash data|budgets/forecasts|source subledgers|tax/control requirements,management decisions|payments/cash|statutory/tax reporting|investment/asset decisions|enterprise performance,"Evidence set, assessment rationale, findings, decisions/actions and closure history",candidate-explicit
EJOB-F14.09-PROFESSIONAL,Expense Manager,,"Production, Service, Quality & Finance — F14",JP-F14.09-PROFESSIONAL,reconciled-employment-profile,WP-W7-F14.09-PROFESSIONAL-003,Expense Approval,DECISION / APPROVAL,F14.09.A03,NATIVE,Operate,Legal Entity|Accounting Period|Ledger|Customer|Supplier|Bank|Tax Jurisdiction|Investment,F14,Payable / Expense [AGG-19-AP],Decision Workspace|Approval Panel,approved commercial transactions|bank/cash data|budgets/forecasts|source subledgers|tax/control requirements,management decisions|payments/cash|statutory/tax reporting|investment/asset decisions|enterprise performance,"Decision, approver/authority, rationale, conditions, date and affected objects",candidate-explicit
EJOB-F14.09-PROFESSIONAL,Expense Manager,,"Production, Service, Quality & Finance — F14",JP-F14.09-PROFESSIONAL,reconciled-employment-profile,WP-W7-F14.09-PROFESSIONAL-004,Expense Reimbursement Record,TRANSACTION / COMMITMENT,F14.09.A04,NATIVE,Operate,Legal Entity|Accounting Period|Ledger|Customer|Supplier|Bank|Tax Jurisdiction|Investment,F14,Payable / Expense [AGG-19-AP],Transaction Workspace|Approval Panel,approved commercial transactions|bank/cash data|budgets/forecasts|source subledgers|tax/control requirements,management decisions|payments/cash|statutory/tax reporting|investment/asset decisions|enterprise performance,"Counterparty/terms/authority with immutable issue, execution, amendment and completion history",candidate-explicit
EJOB-F14.09-PROFESSIONAL,Expense Manager,,"Production, Service, Quality & Finance — F14",JP-F14.09-PROFESSIONAL,reconciled-employment-profile,WP-W7-F14.09-PROFESSIONAL-005,Expense Audit / Exception Report,REPORT / SNAPSHOT,F14.09.A05,NATIVE,Operate,Legal Entity|Accounting Period|Ledger|Customer|Supplier|Bank|Tax Jurisdiction|Investment,F14,Payable / Expense [AGG-19-AP],Report Builder|Snapshot View,approved commercial transactions|bank/cash data|budgets/forecasts|source subledgers|tax/control requirements,management decisions|payments/cash|statutory/tax reporting|investment/asset decisions|enterprise performance,"Point-in-time/as-of snapshot with source data, calculation/filter and publication provenance",candidate-explicit
EJOB-F12.05-PROFESSIONAL,Field Service Engineer,,"Production, Service, Quality & Finance — F12",JP-F12.05-PROFESSIONAL,reconciled-employment-profile,WP-W7-F12.05-PROFESSIONAL-001,Site Attendance Record,EXECUTION RECORD,F12.05.A01,NATIVE,Operate,Service|Work Order|Appointment|Site|Customer,F12,Work Order [AGG-17-WORK-ORDER],Execution Record|Evidence Panel,customer/service entitlement|service plan|work order|resource availability|technical information,customer acceptance|billing|asset/service history|quality|customer success,Attributable who/what/when/result record with source context and evidence,candidate-explicit
EJOB-F12.05-PROFESSIONAL,Field Service Engineer,,"Production, Service, Quality & Finance — F12",JP-F12.05-PROFESSIONAL,reconciled-employment-profile,WP-W7-F12.05-PROFESSIONAL-002,Field Inspection / Diagnostic Record,INSPECTION / TEST,F12.05.A02,NATIVE,Operate,Service|Work Order|Appointment|Site|Customer,F12,Work Order [AGG-17-WORK-ORDER],Test / Inspection Workbench|Evidence Panel,customer/service entitlement|service plan|work order|resource availability|technical information,customer acceptance|billing|asset/service history|quality|customer success,"Inspection/test basis, method, result, evidence, performer/reviewer and acceptance status",candidate-explicit
EJOB-F12.05-PROFESSIONAL,Field Service Engineer,,"Production, Service, Quality & Finance — F12",JP-F12.05-PROFESSIONAL,reconciled-employment-profile,WP-W7-F12.05-PROFESSIONAL-003,Repair / Installation Record,EXECUTION RECORD,F12.05.A03,NATIVE,Operate,Service|Work Order|Appointment|Site|Customer,F12,Work Order [AGG-17-WORK-ORDER],Execution Record|Evidence Panel,customer/service entitlement|service plan|work order|resource availability|technical information,customer acceptance|billing|asset/service history|quality|customer success,Attributable who/what/when/result record with source context and evidence,candidate-explicit
EJOB-F12.05-PROFESSIONAL,Field Service Engineer,,"Production, Service, Quality & Finance — F12",JP-F12.05-PROFESSIONAL,reconciled-employment-profile,WP-W7-F12.05-PROFESSIONAL-004,Field Test / Commissioning Record,INSPECTION / TEST,F12.05.A04,NATIVE,Operate,Service|Work Order|Appointment|Site|Customer,F12,Work Order [AGG-17-WORK-ORDER],Test / Inspection Workbench|Evidence Panel,customer/service entitlement|service plan|work order|resource availability|technical information,customer acceptance|billing|asset/service history|quality|customer success,"Inspection/test basis, method, result, evidence, performer/reviewer and acceptance status",candidate-explicit
EJOB-F12.05-PROFESSIONAL,Field Service Engineer,,"Production, Service, Quality & Finance — F12",JP-F12.05-PROFESSIONAL,reconciled-employment-profile,WP-W7-F12.05-PROFESSIONAL-005,Customer Acceptance / Sign-off,CERTIFICATE / FORMAL ATTESTATION,F12.05.A05,NATIVE,Operate,Service|Work Order|Appointment|Site|Customer,F12,Work Order [AGG-17-WORK-ORDER],Attestation Workspace|Evidence Panel,customer/service entitlement|service plan|work order|resource availability|technical information,customer acceptance|billing|asset/service history|quality|customer success,"Formal attestation with issuer, authority, scope, date, evidence and validity",candidate-explicit
EJOB-F14.12-PROFESSIONAL,Financial Close Accountant,,"Production, Service, Quality & Finance — F14",JP-F14.12-PROFESSIONAL,reconciled-employment-profile,WP-W7-F14.12-PROFESSIONAL-001,Close Checklist / Schedule,REGISTER / SCHEDULE,F14.12.A01|F14.12.A04,NATIVE,Operate,Legal Entity|Accounting Period|Ledger|Customer|Supplier|Bank|Tax Jurisdiction|Investment,F14,Ledger / Financial Control [AGG-19-LEDGER],Enterprise Grid|Collection View,approved commercial transactions|bank/cash data|budgets/forecasts|source subledgers|tax/control requirements,management decisions|payments/cash|statutory/tax reporting|investment/asset decisions|enterprise performance,"Governed entries with owner, status, dates, source references and immutable change history",candidate-explicit
EJOB-F14.12-PROFESSIONAL,Financial Close Accountant,,"Production, Service, Quality & Finance — F14",JP-F14.12-PROFESSIONAL,reconciled-employment-profile,WP-W7-F14.12-PROFESSIONAL-002,Close Reconciliation Set,CASE / ASSESSMENT,F14.12.A01,NATIVE,Operate,Legal Entity|Accounting Period|Ledger|Customer|Supplier|Bank|Tax Jurisdiction|Investment,F14,Ledger / Financial Control [AGG-19-LEDGER],Case Workspace|Assessment Form|Evidence Panel,approved commercial transactions|bank/cash data|budgets/forecasts|source subledgers|tax/control requirements,management decisions|payments/cash|statutory/tax reporting|investment/asset decisions|enterprise performance,"Evidence set, assessment rationale, findings, decisions/actions and closure history",candidate-explicit
EJOB-F14.12-PROFESSIONAL,Financial Close Accountant,,"Production, Service, Quality & Finance — F14",JP-F14.12-PROFESSIONAL,reconciled-employment-profile,WP-W7-F14.12-PROFESSIONAL-003,Close Adjustment Journal Set,TRANSACTION / COMMITMENT,F14.12.A02,NATIVE,Operate,Legal Entity|Accounting Period|Ledger|Customer|Supplier|Bank|Tax Jurisdiction|Investment,F14,Ledger / Financial Control [AGG-19-LEDGER],Transaction Workspace|Approval Panel,approved commercial transactions|bank/cash data|budgets/forecasts|source subledgers|tax/control requirements,management decisions|payments/cash|statutory/tax reporting|investment/asset decisions|enterprise performance,"Counterparty/terms/authority with immutable issue, execution, amendment and completion history",candidate-explicit
EJOB-F14.12-PROFESSIONAL,Financial Close Accountant,,"Production, Service, Quality & Finance — F14",JP-F14.12-PROFESSIONAL,reconciled-employment-profile,WP-W7-F14.12-PROFESSIONAL-004,Close Consolidation Run,EXECUTION RECORD,F14.12.A03,NATIVE,Operate,Legal Entity|Accounting Period|Ledger|Customer|Supplier|Bank|Tax Jurisdiction|Investment,F14,Ledger / Financial Control [AGG-19-LEDGER],Execution Record|Evidence Panel,approved commercial transactions|bank/cash data|budgets/forecasts|source subledgers|tax/control requirements,management decisions|payments/cash|statutory/tax reporting|investment/asset decisions|enterprise performance,Attributable who/what/when/result record with source context and evidence,candidate-explicit
EJOB-F14.12-PROFESSIONAL,Financial Close Accountant,,"Production, Service, Quality & Finance — F14",JP-F14.12-PROFESSIONAL,reconciled-employment-profile,WP-W7-F14.12-PROFESSIONAL-005,Period Close Certificate / Record,CERTIFICATE / FORMAL ATTESTATION,F14.12.A04,NATIVE,Operate,Legal Entity|Accounting Period|Ledger|Customer|Supplier|Bank|Tax Jurisdiction|Investment,F14,Ledger / Financial Control [AGG-19-LEDGER],Attestation Workspace|Evidence Panel,approved commercial transactions|bank/cash data|budgets/forecasts|source subledgers|tax/control requirements,management decisions|payments/cash|statutory/tax reporting|investment/asset decisions|enterprise performance,"Formal attestation with issuer, authority, scope, date, evidence and validity",candidate-explicit
EJOB-F14.20-PROFESSIONAL,Financial Controls Manager,,"Production, Service, Quality & Finance — F14",JP-F14.20-PROFESSIONAL,reconciled-employment-profile,WP-W7-F14.20-PROFESSIONAL-001,Financial Control Definition / Register,REGISTER / SCHEDULE,F14.20.A01,NATIVE,Operate,Legal Entity|Accounting Period|Ledger|Customer|Supplier|Bank|Tax Jurisdiction|Investment,F14,Ledger / Financial Control [AGG-19-LEDGER],Enterprise Grid|Collection View,approved commercial transactions|bank/cash data|budgets/forecasts|source subledgers|tax/control requirements,management decisions|payments/cash|statutory/tax reporting|investment/asset decisions|enterprise performance,"Governed entries with owner, status, dates, source references and immutable change history",candidate-explicit
EJOB-F14.20-PROFESSIONAL,Financial Controls Manager,,"Production, Service, Quality & Finance — F14",JP-F14.20-PROFESSIONAL,reconciled-employment-profile,WP-W7-F14.20-PROFESSIONAL-002,Financial Control Reconciliation / Execution Evidence,EXECUTION RECORD,F14.20.A02,NATIVE,Operate,Legal Entity|Accounting Period|Ledger|Customer|Supplier|Bank|Tax Jurisdiction|Investment,F14,Ledger / Financial Control [AGG-19-LEDGER],Execution Record|Evidence Panel,approved commercial transactions|bank/cash data|budgets/forecasts|source subledgers|tax/control requirements,management decisions|payments/cash|statutory/tax reporting|investment/asset decisions|enterprise performance,Attributable who/what/when/result record with source context and evidence,candidate-explicit
EJOB-F14.20-PROFESSIONAL,Financial Controls Manager,,"Production, Service, Quality & Finance — F14",JP-F14.20-PROFESSIONAL,reconciled-employment-profile,WP-W7-F14.20-PROFESSIONAL-003,Financial Control Exception Case,CASE / ASSESSMENT,F14.20.A03,NATIVE,Operate,Legal Entity|Accounting Period|Ledger|Customer|Supplier|Bank|Tax Jurisdiction|Investment,F14,Ledger / Financial Control [AGG-19-LEDGER],Case Workspace|Assessment Form|Evidence Panel,approved commercial transactions|bank/cash data|budgets/forecasts|source subledgers|tax/control requirements,management decisions|payments/cash|statutory/tax reporting|investment/asset decisions|enterprise performance,"Evidence set, assessment rationale, findings, decisions/actions and closure history",candidate-explicit
EJOB-F14.20-PROFESSIONAL,Financial Controls Manager,,"Production, Service, Quality & Finance — F14",JP-F14.20-PROFESSIONAL,reconciled-employment-profile,WP-W7-F14.20-PROFESSIONAL-004,Financial Control Certification,CERTIFICATE / FORMAL ATTESTATION,F14.20.A04,NATIVE,Operate,Legal Entity|Accounting Period|Ledger|Customer|Supplier|Bank|Tax Jurisdiction|Investment,F14,Ledger / Financial Control [AGG-19-LEDGER],Attestation Workspace|Evidence Panel,approved commercial transactions|bank/cash data|budgets/forecasts|source subledgers|tax/control requirements,management decisions|payments/cash|statutory/tax reporting|investment/asset decisions|enterprise performance,"Formal attestation with issuer, authority, scope, date, evidence and validity",candidate-explicit
EJOB-F14.14-PROFESSIONAL,Financial Reporting Accountant,,"Production, Service, Quality & Finance — F14",JP-F14.14-PROFESSIONAL,reconciled-employment-profile,WP-W7-F14.14-PROFESSIONAL-001,Profit & Loss Statement,REPORT / SNAPSHOT,F14.14.A01,NATIVE,Operate,Legal Entity|Accounting Period|Ledger|Customer|Supplier|Bank|Tax Jurisdiction|Investment,F14,Ledger / Financial Control [AGG-19-LEDGER],Report Builder|Snapshot View,approved commercial transactions|bank/cash data|budgets/forecasts|source subledgers|tax/control requirements,management decisions|payments/cash|statutory/tax reporting|investment/asset decisions|enterprise performance,"Point-in-time/as-of snapshot with source data, calculation/filter and publication provenance",candidate-explicit
EJOB-F14.14-PROFESSIONAL,Financial Reporting Accountant,,"Production, Service, Quality & Finance — F14",JP-F14.14-PROFESSIONAL,reconciled-employment-profile,WP-W7-F14.14-PROFESSIONAL-002,Balance Sheet,REPORT / SNAPSHOT,F14.14.A02,NATIVE,Operate,Legal Entity|Accounting Period|Ledger|Customer|Supplier|Bank|Tax Jurisdiction|Investment,F14,Ledger / Financial Control [AGG-19-LEDGER],Report Builder|Snapshot View,approved commercial transactions|bank/cash data|budgets/forecasts|source subledgers|tax/control requirements,management decisions|payments/cash|statutory/tax reporting|investment/asset decisions|enterprise performance,"Point-in-time/as-of snapshot with source data, calculation/filter and publication provenance",candidate-explicit
EJOB-F14.14-PROFESSIONAL,Financial Reporting Accountant,,"Production, Service, Quality & Finance — F14",JP-F14.14-PROFESSIONAL,reconciled-employment-profile,WP-W7-F14.14-PROFESSIONAL-003,Cash Flow Statement,REPORT / SNAPSHOT,F14.14.A03,NATIVE,Operate,Legal Entity|Accounting Period|Ledger|Customer|Supplier|Bank|Tax Jurisdiction|Investment,F14,Ledger / Financial Control [AGG-19-LEDGER],Report Builder|Snapshot View,approved commercial transactions|bank/cash data|budgets/forecasts|source subledgers|tax/control requirements,management decisions|payments/cash|statutory/tax reporting|investment/asset decisions|enterprise performance,"Point-in-time/as-of snapshot with source data, calculation/filter and publication provenance",candidate-explicit
EJOB-F14.14-PROFESSIONAL,Financial Reporting Accountant,,"Production, Service, Quality & Finance — F14",JP-F14.14-PROFESSIONAL,reconciled-employment-profile,WP-W7-F14.14-PROFESSIONAL-004,Management Accounts Pack,REPORT / SNAPSHOT,F14.14.A04,NATIVE,Operate,Legal Entity|Accounting Period|Ledger|Customer|Supplier|Bank|Tax Jurisdiction|Investment,F14,Ledger / Financial Control [AGG-19-LEDGER],Report Builder|Snapshot View,approved commercial transactions|bank/cash data|budgets/forecasts|source subledgers|tax/control requirements,management decisions|payments/cash|statutory/tax reporting|investment/asset decisions|enterprise performance,"Point-in-time/as-of snapshot with source data, calculation/filter and publication provenance",candidate-explicit
EJOB-F14.14-PROFESSIONAL,Financial Reporting Accountant,,"Production, Service, Quality & Finance — F14",JP-F14.14-PROFESSIONAL,reconciled-employment-profile,WP-W7-F14.14-PROFESSIONAL-005,Statutory Financial Report,REPORT / SNAPSHOT,F14.14.A05,NATIVE,Operate,Legal Entity|Accounting Period|Ledger|Customer|Supplier|Bank|Tax Jurisdiction|Investment,F14,Ledger / Financial Control [AGG-19-LEDGER],Report Builder|Snapshot View,approved commercial transactions|bank/cash data|budgets/forecasts|source subledgers|tax/control requirements,management decisions|payments/cash|statutory/tax reporting|investment/asset decisions|enterprise performance,"Point-in-time/as-of snapshot with source data, calculation/filter and publication provenance",candidate-explicit
EJOB-F14.01-PROFESSIONAL,Financial Strategy Specialist,,"Production, Service, Quality & Finance — F14",JP-F14.01-PROFESSIONAL,reconciled-employment-profile,WP-W7-F14.01-PROFESSIONAL-001,Finance Policy Framework,CONTROLLED INFORMATION,F14.01.A01,NATIVE,Operate,Legal Entity|Accounting Period|Ledger|Customer|Supplier|Bank|Tax Jurisdiction|Investment,F14,Budget / Forecast / Capex [AGG-19-BUDGET],Controlled Document Editor|Object Workspace,approved commercial transactions|bank/cash data|budgets/forecasts|source subledgers|tax/control requirements,management decisions|payments/cash|statutory/tax reporting|investment/asset decisions|enterprise performance,"Controlled revision with author, reviewer, approver, issue/effective date and supersession provenance",candidate-explicit
EJOB-F14.01-PROFESSIONAL,Financial Strategy Specialist,,"Production, Service, Quality & Finance — F14",JP-F14.01-PROFESSIONAL,reconciled-employment-profile,WP-W7-F14.01-PROFESSIONAL-002,Capital Strategy,PLAN / STRATEGY,F14.01.A02,NATIVE,Operate,Legal Entity|Accounting Period|Ledger|Customer|Supplier|Bank|Tax Jurisdiction|Investment,F14,Budget / Forecast / Capex [AGG-19-BUDGET],Object Workspace|Structure Browser|Enterprise Grid,approved commercial transactions|bank/cash data|budgets/forecasts|source subledgers|tax/control requirements,management decisions|payments/cash|statutory/tax reporting|investment/asset decisions|enterprise performance,"Versioned plan/strategy with assumptions, ownership, review, approval and effective-date provenance",candidate-explicit
EJOB-F14.01-PROFESSIONAL,Financial Strategy Specialist,,"Production, Service, Quality & Finance — F14",JP-F14.01-PROFESSIONAL,reconciled-employment-profile,WP-W7-F14.01-PROFESSIONAL-003,Financial Objectives,PLAN / STRATEGY,F14.01.A03,NATIVE,Operate,Legal Entity|Accounting Period|Ledger|Customer|Supplier|Bank|Tax Jurisdiction|Investment,F14,Budget / Forecast / Capex [AGG-19-BUDGET],Object Workspace|Structure Browser|Enterprise Grid,approved commercial transactions|bank/cash data|budgets/forecasts|source subledgers|tax/control requirements,management decisions|payments/cash|statutory/tax reporting|investment/asset decisions|enterprise performance,"Versioned plan/strategy with assumptions, ownership, review, approval and effective-date provenance",candidate-explicit
EJOB-F14.10-PROFESSIONAL,Fixed Asset Accountant,,"Production, Service, Quality & Finance — F14",JP-F14.10-PROFESSIONAL,reconciled-employment-profile,WP-W7-F14.10-PROFESSIONAL-001,Asset Capitalisation Record,TRANSACTION / COMMITMENT,F14.10.A01,NATIVE,Operate,Legal Entity|Accounting Period|Ledger|Customer|Supplier|Bank|Tax Jurisdiction|Investment,F14,Fixed Asset Accounting [AGG-19-FIXED-ASSET],Transaction Workspace|Approval Panel,approved commercial transactions|bank/cash data|budgets/forecasts|source subledgers|tax/control requirements,management decisions|payments/cash|statutory/tax reporting|investment/asset decisions|enterprise performance,"Counterparty/terms/authority with immutable issue, execution, amendment and completion history",candidate-explicit
EJOB-F14.10-PROFESSIONAL,Fixed Asset Accountant,,"Production, Service, Quality & Finance — F14",JP-F14.10-PROFESSIONAL,reconciled-employment-profile,WP-W7-F14.10-PROFESSIONAL-002,Depreciation Run / Schedule,CALCULATION / MODEL,F14.10.A02,NATIVE,Operate,Legal Entity|Accounting Period|Ledger|Customer|Supplier|Bank|Tax Jurisdiction|Investment,F14,Fixed Asset Accounting [AGG-19-FIXED-ASSET],Calculation Workbench|Enterprise Grid,approved commercial transactions|bank/cash data|budgets/forecasts|source subledgers|tax/control requirements,management decisions|payments/cash|statutory/tax reporting|investment/asset decisions|enterprise performance,"Versioned calculation/model with inputs, assumptions, method, scenario and result provenance",candidate-explicit
EJOB-F14.10-PROFESSIONAL,Fixed Asset Accountant,,"Production, Service, Quality & Finance — F14",JP-F14.10-PROFESSIONAL,reconciled-employment-profile,WP-W7-F14.10-PROFESSIONAL-003,Asset Accounting Transfer,TRANSACTION / COMMITMENT,F14.10.A03,NATIVE,Operate,Legal Entity|Accounting Period|Ledger|Customer|Supplier|Bank|Tax Jurisdiction|Investment,F14,Fixed Asset Accounting [AGG-19-FIXED-ASSET],Transaction Workspace|Approval Panel,approved commercial transactions|bank/cash data|budgets/forecasts|source subledgers|tax/control requirements,management decisions|payments/cash|statutory/tax reporting|investment/asset decisions|enterprise performance,"Counterparty/terms/authority with immutable issue, execution, amendment and completion history",candidate-explicit
EJOB-F14.10-PROFESSIONAL,Fixed Asset Accountant,,"Production, Service, Quality & Finance — F14",JP-F14.10-PROFESSIONAL,reconciled-employment-profile,WP-W7-F14.10-PROFESSIONAL-004,Asset Impairment Assessment / Entry,CASE / ASSESSMENT,F14.10.A04,NATIVE,Operate,Legal Entity|Accounting Period|Ledger|Customer|Supplier|Bank|Tax Jurisdiction|Investment,F14,Fixed Asset Accounting [AGG-19-FIXED-ASSET],Case Workspace|Assessment Form|Evidence Panel,approved commercial transactions|bank/cash data|budgets/forecasts|source subledgers|tax/control requirements,management decisions|payments/cash|statutory/tax reporting|investment/asset decisions|enterprise performance,"Evidence set, assessment rationale, findings, decisions/actions and closure history",candidate-explicit
EJOB-F14.10-PROFESSIONAL,Fixed Asset Accountant,,"Production, Service, Quality & Finance — F14",JP-F14.10-PROFESSIONAL,reconciled-employment-profile,WP-W7-F14.10-PROFESSIONAL-005,Asset Accounting Disposal Record,TRANSACTION / COMMITMENT,F14.10.A05,NATIVE,Operate,Legal Entity|Accounting Period|Ledger|Customer|Supplier|Bank|Tax Jurisdiction|Investment,F14,Fixed Asset Accounting [AGG-19-FIXED-ASSET],Transaction Workspace|Approval Panel,approved commercial transactions|bank/cash data|budgets/forecasts|source subledgers|tax/control requirements,management decisions|payments/cash|statutory/tax reporting|investment/asset decisions|enterprise performance,"Counterparty/terms/authority with immutable issue, execution, amendment and completion history",candidate-explicit
EJOB-F14.03-PROFESSIONAL,Forecasting Specialist,,"Production, Service, Quality & Finance — F14",JP-F14.03-PROFESSIONAL,reconciled-employment-profile,WP-W7-F14.03-PROFESSIONAL-001,Rolling Forecast,CALCULATION / MODEL,F14.03.A01,NATIVE,Operate,Legal Entity|Accounting Period|Ledger|Customer|Supplier|Bank|Tax Jurisdiction|Investment,F14,Budget / Forecast / Capex [AGG-19-BUDGET],Calculation Workbench|Enterprise Grid,approved commercial transactions|bank/cash data|budgets/forecasts|source subledgers|tax/control requirements,management decisions|payments/cash|statutory/tax reporting|investment/asset decisions|enterprise performance,"Versioned calculation/model with inputs, assumptions, method, scenario and result provenance",candidate-explicit
EJOB-F14.03-PROFESSIONAL,Forecasting Specialist,,"Production, Service, Quality & Finance — F14",JP-F14.03-PROFESSIONAL,reconciled-employment-profile,WP-W7-F14.03-PROFESSIONAL-002,Forecast Scenario Model,CALCULATION / MODEL,F14.03.A02,NATIVE,Operate,Legal Entity|Accounting Period|Ledger|Customer|Supplier|Bank|Tax Jurisdiction|Investment,F14,Budget / Forecast / Capex [AGG-19-BUDGET],Calculation Workbench|Enterprise Grid,approved commercial transactions|bank/cash data|budgets/forecasts|source subledgers|tax/control requirements,management decisions|payments/cash|statutory/tax reporting|investment/asset decisions|enterprise performance,"Versioned calculation/model with inputs, assumptions, method, scenario and result provenance",candidate-explicit
EJOB-F14.03-PROFESSIONAL,Forecasting Specialist,,"Production, Service, Quality & Finance — F14",JP-F14.03-PROFESSIONAL,reconciled-employment-profile,WP-W7-F14.03-PROFESSIONAL-003,Forecast / Outlook Revision,CHANGE,F14.03.A03,NATIVE,Operate,Legal Entity|Accounting Period|Ledger|Customer|Supplier|Bank|Tax Jurisdiction|Investment,F14,Budget / Forecast / Capex [AGG-19-BUDGET],Change Workspace|Impact Assessment,approved commercial transactions|bank/cash data|budgets/forecasts|source subledgers|tax/control requirements,management decisions|payments/cash|statutory/tax reporting|investment/asset decisions|enterprise performance,"Baseline, impact assessment, authority decision, implementation and verification evidence",candidate-explicit
EJOB-F14.04-PROFESSIONAL,General Ledger Accountant,,"Production, Service, Quality & Finance — F14",JP-F14.04-PROFESSIONAL,reconciled-employment-profile,WP-W7-F14.04-PROFESSIONAL-001,Chart of Accounts,STRUCTURE / BREAKDOWN,F14.04.A01,NATIVE,Operate,Legal Entity|Accounting Period|Ledger|Customer|Supplier|Bank|Tax Jurisdiction|Investment,F14,Ledger / Financial Control [AGG-19-LEDGER],Structure Browser|Enterprise Grid,approved commercial transactions|bank/cash data|budgets/forecasts|source subledgers|tax/control requirements,management decisions|payments/cash|statutory/tax reporting|investment/asset decisions|enterprise performance,"Versioned hierarchy/structure with element identity, relationships, effectivity and approval provenance",candidate-explicit
EJOB-F14.04-PROFESSIONAL,General Ledger Accountant,,"Production, Service, Quality & Finance — F14",JP-F14.04-PROFESSIONAL,reconciled-employment-profile,WP-W7-F14.04-PROFESSIONAL-002,Journal Entry,TRANSACTION / COMMITMENT,F14.04.A02,NATIVE,Operate,Legal Entity|Accounting Period|Ledger|Customer|Supplier|Bank|Tax Jurisdiction|Investment,F14,Ledger / Financial Control [AGG-19-LEDGER],Transaction Workspace|Approval Panel,approved commercial transactions|bank/cash data|budgets/forecasts|source subledgers|tax/control requirements,management decisions|payments/cash|statutory/tax reporting|investment/asset decisions|enterprise performance,"Counterparty/terms/authority with immutable issue, execution, amendment and completion history",candidate-explicit
EJOB-F14.04-PROFESSIONAL,General Ledger Accountant,,"Production, Service, Quality & Finance — F14",JP-F14.04-PROFESSIONAL,reconciled-employment-profile,WP-W7-F14.04-PROFESSIONAL-003,Ledger Reconciliation,CASE / ASSESSMENT,F14.04.A03,NATIVE,Operate,Legal Entity|Accounting Period|Ledger|Customer|Supplier|Bank|Tax Jurisdiction|Investment,F14,Ledger / Financial Control [AGG-19-LEDGER],Case Workspace|Assessment Form|Evidence Panel,approved commercial transactions|bank/cash data|budgets/forecasts|source subledgers|tax/control requirements,management decisions|payments/cash|statutory/tax reporting|investment/asset decisions|enterprise performance,"Evidence set, assessment rationale, findings, decisions/actions and closure history",candidate-explicit
EJOB-F14.04-PROFESSIONAL,General Ledger Accountant,,"Production, Service, Quality & Finance — F14",JP-F14.04-PROFESSIONAL,reconciled-employment-profile,WP-W7-F14.04-PROFESSIONAL-004,Ledger Period Close Record,HANDOVER / CLOSEOUT PACKAGE,F14.04.A04,NATIVE,Operate,Legal Entity|Accounting Period|Ledger|Customer|Supplier|Bank|Tax Jurisdiction|Investment,F14,Ledger / Financial Control [AGG-19-LEDGER],Package Workspace|Completeness Checklist,approved commercial transactions|bank/cash data|budgets/forecasts|source subledgers|tax/control requirements,management decisions|payments/cash|statutory/tax reporting|investment/asset decisions|enterprise performance,"Controlled completeness set with acceptance, outstanding items, evidence and closure provenance",candidate-explicit
EJOB-F14.13-PROFESSIONAL,Group Consolidation Accountant,,"Production, Service, Quality & Finance — F14",JP-F14.13-PROFESSIONAL,reconciled-employment-profile,WP-W7-F14.13-PROFESSIONAL-001,Entity Results Submission,REPORT / SNAPSHOT,F14.13.A01,NATIVE,Operate,Legal Entity|Accounting Period|Ledger|Customer|Supplier|Bank|Tax Jurisdiction|Investment,F14,Ledger / Financial Control [AGG-19-LEDGER],Report Builder|Snapshot View,approved commercial transactions|bank/cash data|budgets/forecasts|source subledgers|tax/control requirements,management decisions|payments/cash|statutory/tax reporting|investment/asset decisions|enterprise performance,"Point-in-time/as-of snapshot with source data, calculation/filter and publication provenance",candidate-explicit
EJOB-F14.13-PROFESSIONAL,Group Consolidation Accountant,,"Production, Service, Quality & Finance — F14",JP-F14.13-PROFESSIONAL,reconciled-employment-profile,WP-W7-F14.13-PROFESSIONAL-002,Intercompany Elimination Run,CALCULATION / MODEL,F14.13.A02,NATIVE,Operate,Legal Entity|Accounting Period|Ledger|Customer|Supplier|Bank|Tax Jurisdiction|Investment,F14,Ledger / Financial Control [AGG-19-LEDGER],Calculation Workbench|Enterprise Grid,approved commercial transactions|bank/cash data|budgets/forecasts|source subledgers|tax/control requirements,management decisions|payments/cash|statutory/tax reporting|investment/asset decisions|enterprise performance,"Versioned calculation/model with inputs, assumptions, method, scenario and result provenance",candidate-explicit
EJOB-F14.13-PROFESSIONAL,Group Consolidation Accountant,,"Production, Service, Quality & Finance — F14",JP-F14.13-PROFESSIONAL,reconciled-employment-profile,WP-W7-F14.13-PROFESSIONAL-003,Currency Translation Run,CALCULATION / MODEL,F14.13.A03,NATIVE,Operate,Legal Entity|Accounting Period|Ledger|Customer|Supplier|Bank|Tax Jurisdiction|Investment,F14,Ledger / Financial Control [AGG-19-LEDGER],Calculation Workbench|Enterprise Grid,approved commercial transactions|bank/cash data|budgets/forecasts|source subledgers|tax/control requirements,management decisions|payments/cash|statutory/tax reporting|investment/asset decisions|enterprise performance,"Versioned calculation/model with inputs, assumptions, method, scenario and result provenance",candidate-explicit
EJOB-F14.13-PROFESSIONAL,Group Consolidation Accountant,,"Production, Service, Quality & Finance — F14",JP-F14.13-PROFESSIONAL,reconciled-employment-profile,WP-W7-F14.13-PROFESSIONAL-004,Group Consolidation Run / Result,CALCULATION / MODEL,F14.13.A04,NATIVE,Operate,Legal Entity|Accounting Period|Ledger|Customer|Supplier|Bank|Tax Jurisdiction|Investment,F14,Ledger / Financial Control [AGG-19-LEDGER],Calculation Workbench|Enterprise Grid,approved commercial transactions|bank/cash data|budgets/forecasts|source subledgers|tax/control requirements,management decisions|payments/cash|statutory/tax reporting|investment/asset decisions|enterprise performance,"Versioned calculation/model with inputs, assumptions, method, scenario and result provenance",candidate-explicit
EJOB-F14-FUNCTION-LEAD,Head of Finance,,"Production, Service, Quality & Finance — F14",JP-F14-FUNCTION-LEAD,reconciled-function-lead,WP-W7-F14-FUNCTION-LEAD-001,Finance Strategy & Policy Framework,PLAN / STRATEGY,F14.01.A01|F14.01.A02|F14.01.A03,NATIVE,Operate,Legal Entity|Accounting Period|Ledger|Customer|Supplier|Bank|Tax Jurisdiction|Investment,F14,Budget / Forecast / Capex [AGG-19-BUDGET],Object Workspace|Structure Browser|Enterprise Grid,approved commercial transactions|bank/cash data|budgets/forecasts|source subledgers|tax/control requirements,management decisions|payments/cash|statutory/tax reporting|investment/asset decisions|enterprise performance,"Versioned plan/strategy with assumptions, ownership, review, approval and effective-date provenance",candidate-explicit
EJOB-F14-FUNCTION-LEAD,Head of Finance,,"Production, Service, Quality & Finance — F14",JP-F14-FUNCTION-LEAD,reconciled-function-lead,WP-W7-F14-FUNCTION-LEAD-002,Budget / Forecast Review Pack,REPORT / SNAPSHOT,F14.02.A01|F14.02.A02|F14.02.A03|F14.02.A04|F14.02.A05|F14.03.A01|F14.03.A02|F14.03.A03,NATIVE,Operate,Legal Entity|Accounting Period|Ledger|Customer|Supplier|Bank|Tax Jurisdiction|Investment,F14,Budget / Forecast / Capex [AGG-19-BUDGET],Report Builder|Snapshot View,approved commercial transactions|bank/cash data|budgets/forecasts|source subledgers|tax/control requirements,management decisions|payments/cash|statutory/tax reporting|investment/asset decisions|enterprise performance,"Point-in-time/as-of snapshot with source data, calculation/filter and publication provenance",candidate-explicit
EJOB-F14-FUNCTION-LEAD,Head of Finance,,"Production, Service, Quality & Finance — F14",JP-F14-FUNCTION-LEAD,reconciled-function-lead,WP-W7-F14-FUNCTION-LEAD-003,Record-to-Report Close Pack,HANDOVER / CLOSEOUT PACKAGE,F14.04.A01|F14.04.A02|F14.04.A03|F14.04.A04|F14.12.A01|F14.12.A02|F14.12.A03|F14.12.A04|F14.13.A01|F14.13.A02|F14.13.A03|F14.13.A04|F14.14.A01|F14.14.A02|F14.14.A03|F14.14.A04|F14.14.A05,NATIVE,Operate,Legal Entity|Accounting Period|Ledger|Customer|Supplier|Bank|Tax Jurisdiction|Investment,F14,Ledger / Financial Control [AGG-19-LEDGER],Package Workspace|Completeness Checklist,approved commercial transactions|bank/cash data|budgets/forecasts|source subledgers|tax/control requirements,management decisions|payments/cash|statutory/tax reporting|investment/asset decisions|enterprise performance,"Controlled completeness set with acceptance, outstanding items, evidence and closure provenance",candidate-explicit
EJOB-F14-FUNCTION-LEAD,Head of Finance,,"Production, Service, Quality & Finance — F14",JP-F14-FUNCTION-LEAD,reconciled-function-lead,WP-W7-F14-FUNCTION-LEAD-004,AP / AR / Credit / Collections Review,REPORT / SNAPSHOT,F14.05.A01|F14.05.A02|F14.05.A03|F14.05.A04|F14.05.A05|F14.05.A06|F14.06.A01|F14.06.A02|F14.06.A03|F14.06.A04|F14.07.A01|F14.07.A02|F14.07.A03|F14.07.A04|F14.08.A01|F14.08.A02|F14.08.A03|F14.08.A04|F14.08.A05|F14.09.A01|F14.09.A02|F14.09.A03|F14.09.A04|F14.09.A05,NATIVE,Operate,Legal Entity|Accounting Period|Ledger|Customer|Supplier|Bank|Tax Jurisdiction|Investment,F14,Payable / Expense [AGG-19-AP]|Receivable / Customer Balance [AGG-19-AR],Report Builder|Snapshot View,approved commercial transactions|bank/cash data|budgets/forecasts|source subledgers|tax/control requirements,management decisions|payments/cash|statutory/tax reporting|investment/asset decisions|enterprise performance,"Point-in-time/as-of snapshot with source data, calculation/filter and publication provenance",candidate-explicit
EJOB-F14-FUNCTION-LEAD,Head of Finance,,"Production, Service, Quality & Finance — F14",JP-F14-FUNCTION-LEAD,reconciled-function-lead,WP-W7-F14-FUNCTION-LEAD-005,Cost / Asset Accounting Review,REPORT / SNAPSHOT,F14.10.A01|F14.10.A02|F14.10.A03|F14.10.A04|F14.10.A05|F14.11.A01|F14.11.A02|F14.11.A03,NATIVE,Operate,Legal Entity|Accounting Period|Ledger|Customer|Supplier|Bank|Tax Jurisdiction|Investment,F14,Fixed Asset Accounting [AGG-19-FIXED-ASSET]|Ledger / Financial Control [AGG-19-LEDGER],Report Builder|Snapshot View,approved commercial transactions|bank/cash data|budgets/forecasts|source subledgers|tax/control requirements,management decisions|payments/cash|statutory/tax reporting|investment/asset decisions|enterprise performance,"Point-in-time/as-of snapshot with source data, calculation/filter and publication provenance",candidate-explicit
EJOB-F14-FUNCTION-LEAD,Head of Finance,,"Production, Service, Quality & Finance — F14",JP-F14-FUNCTION-LEAD,reconciled-function-lead,WP-W7-F14-FUNCTION-LEAD-006,Treasury / Payment / FX / Financing Position,REPORT / SNAPSHOT,F14.15.A01|F14.15.A02|F14.15.A03|F14.15.A04|F14.15.A05|F14.16.A01|F14.16.A02|F14.16.A03|F14.16.A04|F14.16.A05|F14.17.A01|F14.17.A02|F14.17.A03|F14.17.A04|F14.18.A01|F14.18.A02|F14.18.A03|F14.18.A04,NATIVE,Operate,Legal Entity|Accounting Period|Ledger|Customer|Supplier|Bank|Tax Jurisdiction|Investment,F14,Treasury / Cash [AGG-19-TREASURY],Report Builder|Snapshot View,approved commercial transactions|bank/cash data|budgets/forecasts|source subledgers|tax/control requirements,management decisions|payments/cash|statutory/tax reporting|investment/asset decisions|enterprise performance,"Point-in-time/as-of snapshot with source data, calculation/filter and publication provenance",candidate-explicit
EJOB-F14-FUNCTION-LEAD,Head of Finance,,"Production, Service, Quality & Finance — F14",JP-F14-FUNCTION-LEAD,reconciled-function-lead,WP-W7-F14-FUNCTION-LEAD-007,Tax / Controls / Profitability / Capex Governance Pack,REPORT / SNAPSHOT,F14.19.A01|F14.19.A02|F14.19.A03|F14.19.A04|F14.19.A05|F14.19.A06|F14.20.A01|F14.20.A02|F14.20.A03|F14.20.A04|F14.21.A01|F14.21.A02|F14.21.A03|F14.22.A01|F14.22.A02|F14.22.A03|F14.22.A04|F14.22.A05,NATIVE,Operate,Legal Entity|Accounting Period|Ledger|Customer|Supplier|Bank|Tax Jurisdiction|Investment,F14,Tax / Statutory Finance [AGG-19-TAX-RETURN]|Ledger / Financial Control [AGG-19-LEDGER]|Budget / Forecast / Capex [AGG-19-BUDGET],Report Builder|Snapshot View,approved commercial transactions|bank/cash data|budgets/forecasts|source subledgers|tax/control requirements,management decisions|payments/cash|statutory/tax reporting|investment/asset decisions|enterprise performance,"Point-in-time/as-of snapshot with source data, calculation/filter and publication provenance",candidate-explicit
EJOB-F11-FUNCTION-LEAD,Head of Manufacturing / Production Operations,,"Production, Service, Quality & Finance — F11",JP-F11-FUNCTION-LEAD,reconciled-function-lead,WP-W7-F11-FUNCTION-LEAD-001,Production Strategy / Plan,PLAN / STRATEGY,F11.01.A01|F11.01.A02|F11.01.A03|F11.01.A04|F11.02.A01|F11.02.A02|F11.02.A03|F11.02.A04,NATIVE,Operate,Production Order|Work Centre|Shift|Material|Equipment,F11,Manufacturing Definition / Plan [AGG-11-MFG-DEFINITION],Object Workspace|Structure Browser|Enterprise Grid,demand/supply plan|manufacturing definition|materials/inventory|equipment/capacity|quality requirements,inventory/finished goods|quality|maintenance|cost accounting|customer fulfilment,"Versioned plan/strategy with assumptions, ownership, review, approval and effective-date provenance",candidate-explicit
EJOB-F11-FUNCTION-LEAD,Head of Manufacturing / Production Operations,,"Production, Service, Quality & Finance — F11",JP-F11-FUNCTION-LEAD,reconciled-function-lead,WP-W7-F11-FUNCTION-LEAD-002,Production Execution Performance Pack,REPORT / SNAPSHOT,F11.04.A01|F11.04.A02|F11.04.A03|F11.04.A04|F11.05.A01|F11.05.A02|F11.05.A03|F11.06.A01|F11.06.A02|F11.06.A03|F11.06.A04|F11.08.A01|F11.08.A02|F11.08.A03|F11.08.A04|F11.08.A05|F11.08.A06,NATIVE,Operate,Production Order|Work Centre|Shift|Material|Equipment,F11,Production Order [AGG-11-PRODUCTION],Report Builder|Snapshot View,demand/supply plan|manufacturing definition|materials/inventory|equipment/capacity|quality requirements,inventory/finished goods|quality|maintenance|cost accounting|customer fulfilment,"Point-in-time/as-of snapshot with source data, calculation/filter and publication provenance",candidate-explicit
EJOB-F11-FUNCTION-LEAD,Head of Manufacturing / Production Operations,,"Production, Service, Quality & Finance — F11",JP-F11-FUNCTION-LEAD,reconciled-function-lead,WP-W7-F11-FUNCTION-LEAD-003,Material / Packaging Operations Review,REPORT / SNAPSHOT,F11.03.A01|F11.03.A02|F11.03.A03|F11.03.A04|F11.07.A01|F11.07.A02|F11.07.A03|F11.07.A04|F11.07.A05,NATIVE,Operate,Production Order|Work Centre|Shift|Material|Equipment,F11,Material / Packaging Movement [AGG-10-INVENTORY-MOVEMENT],Report Builder|Snapshot View,demand/supply plan|manufacturing definition|materials/inventory|equipment/capacity|quality requirements,inventory/finished goods|quality|maintenance|cost accounting|customer fulfilment,"Point-in-time/as-of snapshot with source data, calculation/filter and publication provenance",candidate-explicit
EJOB-F11-FUNCTION-LEAD,Head of Manufacturing / Production Operations,,"Production, Service, Quality & Finance — F11",JP-F11-FUNCTION-LEAD,reconciled-function-lead,WP-W7-F11-FUNCTION-LEAD-004,Capacity & Constraint Plan,PLAN / STRATEGY,F11.09.A01|F11.09.A02|F11.09.A03|F11.09.A04,NATIVE,Operate,Production Order|Work Centre|Shift|Material|Equipment,F11,Manufacturing Definition / Plan [AGG-11-MFG-DEFINITION],Object Workspace|Structure Browser|Enterprise Grid,demand/supply plan|manufacturing definition|materials/inventory|equipment/capacity|quality requirements,inventory/finished goods|quality|maintenance|cost accounting|customer fulfilment,"Versioned plan/strategy with assumptions, ownership, review, approval and effective-date provenance",candidate-explicit
EJOB-F11-FUNCTION-LEAD,Head of Manufacturing / Production Operations,,"Production, Service, Quality & Finance — F11",JP-F11-FUNCTION-LEAD,reconciled-function-lead,WP-W7-F11-FUNCTION-LEAD-005,Maintenance Coordination Review,REPORT / SNAPSHOT,F11.10.A01|F11.10.A02|F11.10.A03,NATIVE,Operate,Production Order|Work Centre|Shift|Material|Equipment,F11,Maintenance Work Order [AGG-17-WORK-ORDER],Report Builder|Snapshot View,demand/supply plan|manufacturing definition|materials/inventory|equipment/capacity|quality requirements,inventory/finished goods|quality|maintenance|cost accounting|customer fulfilment,"Point-in-time/as-of snapshot with source data, calculation/filter and publication provenance",candidate-explicit
EJOB-F11-FUNCTION-LEAD,Head of Manufacturing / Production Operations,,"Production, Service, Quality & Finance — F11",JP-F11-FUNCTION-LEAD,reconciled-function-lead,WP-W7-F11-FUNCTION-LEAD-006,Lean Improvement Portfolio,REGISTER / SCHEDULE,F11.11.A01|F11.11.A02|F11.11.A03|F11.11.A04,NATIVE,Operate,Production Order|Work Centre|Shift|Material|Equipment,F11,Improvement Opportunity [AGG-26-IMPROVEMENT-OPPORTUNITY],Enterprise Grid|Collection View,demand/supply plan|manufacturing definition|materials/inventory|equipment/capacity|quality requirements,inventory/finished goods|quality|maintenance|cost accounting|customer fulfilment,"Governed entries with owner, status, dates, source references and immutable change history",candidate-explicit
EJOB-F11-FUNCTION-LEAD,Head of Manufacturing / Production Operations,,"Production, Service, Quality & Finance — F11",JP-F11-FUNCTION-LEAD,reconciled-function-lead,WP-W7-F11-FUNCTION-LEAD-007,Manufacturing Decision / Action Register,REGISTER / SCHEDULE,F11.01.A01|F11.01.A02|F11.01.A03|F11.01.A04|F11.04.A01|F11.04.A02|F11.04.A03|F11.04.A04|F11.09.A01|F11.09.A02|F11.09.A03|F11.09.A04|F11.11.A01|F11.11.A02|F11.11.A03|F11.11.A04,NATIVE,Operate,Production Order|Work Centre|Shift|Material|Equipment,F11,Manufacturing Definition / Plan [AGG-11-MFG-DEFINITION]|Production Order [AGG-11-PRODUCTION]|Improvement Opportunity [AGG-26-IMPROVEMENT-OPPORTUNITY],Enterprise Grid|Collection View,demand/supply plan|manufacturing definition|materials/inventory|equipment/capacity|quality requirements,inventory/finished goods|quality|maintenance|cost accounting|customer fulfilment,"Governed entries with owner, status, dates, source references and immutable change history",candidate-explicit
EJOB-F13-FUNCTION-LEAD,Head of Quality,,"Production, Service, Quality & Finance — F13",JP-F13-FUNCTION-LEAD,reconciled-function-lead,WP-W7-F13-FUNCTION-LEAD-001,Quality Strategy & Governance Framework,PLAN / STRATEGY,F13.01.A01|F13.01.A02|F13.01.A03|F13.01.A04,NATIVE,Operate,Quality Plan|Inspection|NCR|CAPA|Supplier|Product|Service,F13,Quality Plan [AGG-13-QUALITY-PLAN],Object Workspace|Structure Browser|Enterprise Grid,product/service requirements|quality standards|inspection/test results|supplier evidence|non-conformance data,production/service release|supplier management|corrective action|controlled information|assurance,"Versioned plan/strategy with assumptions, ownership, review, approval and effective-date provenance",candidate-explicit
EJOB-F13-FUNCTION-LEAD,Head of Quality,,"Production, Service, Quality & Finance — F13",JP-F13-FUNCTION-LEAD,reconciled-function-lead,WP-W7-F13-FUNCTION-LEAD-002,Quality Planning / Acceptance Framework,PLAN / STRATEGY,F13.02.A01|F13.02.A02|F13.02.A03,NATIVE,Operate,Quality Plan|Inspection|NCR|CAPA|Supplier|Product|Service,F13,Quality Plan [AGG-13-QUALITY-PLAN],Object Workspace|Structure Browser|Enterprise Grid,product/service requirements|quality standards|inspection/test results|supplier evidence|non-conformance data,production/service release|supplier management|corrective action|controlled information|assurance,"Versioned plan/strategy with assumptions, ownership, review, approval and effective-date provenance",candidate-explicit
EJOB-F13-FUNCTION-LEAD,Head of Quality,,"Production, Service, Quality & Finance — F13",JP-F13-FUNCTION-LEAD,reconciled-function-lead,WP-W7-F13-FUNCTION-LEAD-003,Assurance / Control Performance Pack,REPORT / SNAPSHOT,F13.03.A01|F13.03.A02|F13.03.A03|F13.04.A01|F13.04.A02|F13.04.A03|F13.04.A04|F13.04.A05,NATIVE,Operate,Quality Plan|Inspection|NCR|CAPA|Supplier|Product|Service,F13,Inspection / Assurance Plan [AGG-13-QUALITY]|Inspection / Test [AGG-13-INSPECTION],Report Builder|Snapshot View,product/service requirements|quality standards|inspection/test results|supplier evidence|non-conformance data,production/service release|supplier management|corrective action|controlled information|assurance,"Point-in-time/as-of snapshot with source data, calculation/filter and publication provenance",candidate-explicit
EJOB-F13-FUNCTION-LEAD,Head of Quality,,"Production, Service, Quality & Finance — F13",JP-F13-FUNCTION-LEAD,reconciled-function-lead,WP-W7-F13-FUNCTION-LEAD-004,Non-Conformance / CAPA Portfolio,REGISTER / SCHEDULE,F13.05.A01|F13.05.A02|F13.05.A03|F13.05.A04|F13.05.A05|F13.06.A01|F13.06.A02|F13.06.A03|F13.06.A04,NATIVE,Operate,Quality Plan|Inspection|NCR|CAPA|Supplier|Product|Service,F13,Nonconformance Report [AGG-13-NONCONFORMANCE]|CAPA Case [AGG-13-CAPA-CASE],Enterprise Grid|Collection View,product/service requirements|quality standards|inspection/test results|supplier evidence|non-conformance data,production/service release|supplier management|corrective action|controlled information|assurance,"Governed entries with owner, status, dates, source references and immutable change history",candidate-explicit
EJOB-F13-FUNCTION-LEAD,Head of Quality,,"Production, Service, Quality & Finance — F13",JP-F13-FUNCTION-LEAD,reconciled-function-lead,WP-W7-F13-FUNCTION-LEAD-005,Supplier Quality Review,REPORT / SNAPSHOT,F13.07.A01|F13.07.A02|F13.07.A03,NATIVE,Operate,Quality Plan|Inspection|NCR|CAPA|Supplier|Product|Service,F13,Inspection / Assurance Plan [AGG-13-QUALITY],Report Builder|Snapshot View,product/service requirements|quality standards|inspection/test results|supplier evidence|non-conformance data,production/service release|supplier management|corrective action|controlled information|assurance,"Point-in-time/as-of snapshot with source data, calculation/filter and publication provenance",candidate-explicit
EJOB-F13-FUNCTION-LEAD,Head of Quality,,"Production, Service, Quality & Finance — F13",JP-F13-FUNCTION-LEAD,reconciled-function-lead,WP-W7-F13-FUNCTION-LEAD-006,Quality Documentation / Certification Review,REPORT / SNAPSHOT,F13.08.A01|F13.08.A02|F13.08.A03|F13.08.A04,NATIVE,Operate,Quality Plan|Inspection|NCR|CAPA|Supplier|Product|Service,F13,Controlled Quality Information [AGG-07-INFORMATION],Report Builder|Snapshot View,product/service requirements|quality standards|inspection/test results|supplier evidence|non-conformance data,production/service release|supplier management|corrective action|controlled information|assurance,"Point-in-time/as-of snapshot with source data, calculation/filter and publication provenance",candidate-explicit
EJOB-F13-FUNCTION-LEAD,Head of Quality,,"Production, Service, Quality & Finance — F13",JP-F13-FUNCTION-LEAD,reconciled-function-lead,WP-W7-F13-FUNCTION-LEAD-007,Continuous Improvement & Quality Analytics Pack,REPORT / SNAPSHOT,F13.09.A01|F13.09.A02|F13.09.A03|F13.09.A04|F13.10.A01|F13.10.A02|F13.10.A03|F13.10.A04|F13.10.A05,NATIVE,Operate,Quality Plan|Inspection|NCR|CAPA|Supplier|Product|Service,F13,Improvement Opportunity [AGG-26-IMPROVEMENT-OPPORTUNITY]|Quality Performance [AGG-02-PERFORMANCE],Report Builder|Snapshot View,product/service requirements|quality standards|inspection/test results|supplier evidence|non-conformance data,production/service release|supplier management|corrective action|controlled information|assurance,"Point-in-time/as-of snapshot with source data, calculation/filter and publication provenance",candidate-explicit
EJOB-F12-FUNCTION-LEAD,Head of Service Delivery & Field Operations,,"Production, Service, Quality & Finance — F12",JP-F12-FUNCTION-LEAD,reconciled-function-lead,WP-W7-F12-FUNCTION-LEAD-001,Service Delivery Strategy / Model,PLAN / STRATEGY,F12.01.A01|F12.01.A02|F12.01.A03|F12.01.A04,NATIVE,Operate,Service|Work Order|Appointment|Site|Customer,F12,Service Case / Plan [AGG-17-SERVICE],Object Workspace|Structure Browser|Enterprise Grid,customer/service entitlement|service plan|work order|resource availability|technical information,customer acceptance|billing|asset/service history|quality|customer success,"Versioned plan/strategy with assumptions, ownership, review, approval and effective-date provenance",candidate-explicit
EJOB-F12-FUNCTION-LEAD,Head of Service Delivery & Field Operations,,"Production, Service, Quality & Finance — F12",JP-F12-FUNCTION-LEAD,reconciled-function-lead,WP-W7-F12-FUNCTION-LEAD-002,Service Schedule / Dispatch Governance Review,REPORT / SNAPSHOT,F12.02.A01|F12.02.A02|F12.02.A03|F12.03.A01|F12.03.A02|F12.03.A03|F12.03.A04,NATIVE,Operate,Service|Work Order|Appointment|Site|Customer,F12,Service Case / Plan [AGG-17-SERVICE]|Service Appointment [AGG-17-SERVICE],Report Builder|Snapshot View,customer/service entitlement|service plan|work order|resource availability|technical information,customer acceptance|billing|asset/service history|quality|customer success,"Point-in-time/as-of snapshot with source data, calculation/filter and publication provenance",candidate-explicit
EJOB-F12-FUNCTION-LEAD,Head of Service Delivery & Field Operations,,"Production, Service, Quality & Finance — F12",JP-F12-FUNCTION-LEAD,reconciled-function-lead,WP-W7-F12-FUNCTION-LEAD-003,Service Execution & Acceptance Performance Pack,REPORT / SNAPSHOT,F12.04.A01|F12.04.A02|F12.04.A03|F12.04.A04|F12.05.A01|F12.05.A02|F12.05.A03|F12.05.A04|F12.05.A05|F12.07.A01|F12.07.A02|F12.07.A03|F12.07.A04,NATIVE,Operate,Service|Work Order|Appointment|Site|Customer,F12,Work Order [AGG-17-WORK-ORDER]|Service Acceptance [AGG-17-SERVICE-ACCEPTANCE],Report Builder|Snapshot View,customer/service entitlement|service plan|work order|resource availability|technical information,customer acceptance|billing|asset/service history|quality|customer success,"Point-in-time/as-of snapshot with source data, calculation/filter and publication provenance",candidate-explicit
EJOB-F12-FUNCTION-LEAD,Head of Service Delivery & Field Operations,,"Production, Service, Quality & Finance — F12",JP-F12-FUNCTION-LEAD,reconciled-function-lead,WP-W7-F12-FUNCTION-LEAD-004,Professional Services Portfolio Review,REPORT / SNAPSHOT,F12.06.A01|F12.06.A02|F12.06.A03|F12.06.A04,NATIVE,Operate,Service|Work Order|Appointment|Site|Customer,F12,Project / Professional Service [AGG-06-PROJECT],Report Builder|Snapshot View,customer/service entitlement|service plan|work order|resource availability|technical information,customer acceptance|billing|asset/service history|quality|customer success,"Point-in-time/as-of snapshot with source data, calculation/filter and publication provenance",candidate-explicit
EJOB-F12-FUNCTION-LEAD,Head of Service Delivery & Field Operations,,"Production, Service, Quality & Finance — F12",JP-F12-FUNCTION-LEAD,reconciled-function-lead,WP-W7-F12-FUNCTION-LEAD-005,Service Quality Improvement Plan,PLAN / STRATEGY,F12.08.A01|F12.08.A02|F12.08.A03,NATIVE,Operate,Service|Work Order|Appointment|Site|Customer,F12,Service Quality Evidence [AGG-13-INSPECTION],Object Workspace|Structure Browser|Enterprise Grid,customer/service entitlement|service plan|work order|resource availability|technical information,customer acceptance|billing|asset/service history|quality|customer success,"Versioned plan/strategy with assumptions, ownership, review, approval and effective-date provenance",candidate-explicit
EJOB-F12-FUNCTION-LEAD,Head of Service Delivery & Field Operations,,"Production, Service, Quality & Finance — F12",JP-F12-FUNCTION-LEAD,reconciled-function-lead,WP-W7-F12-FUNCTION-LEAD-006,Service Capacity Plan,PLAN / STRATEGY,F12.09.A01|F12.09.A02|F12.09.A03,NATIVE,Operate,Service|Work Order|Appointment|Site|Customer,F12,Service Case / Plan [AGG-17-SERVICE],Object Workspace|Structure Browser|Enterprise Grid,customer/service entitlement|service plan|work order|resource availability|technical information,customer acceptance|billing|asset/service history|quality|customer success,"Versioned plan/strategy with assumptions, ownership, review, approval and effective-date provenance",candidate-explicit
EJOB-F12-FUNCTION-LEAD,Head of Service Delivery & Field Operations,,"Production, Service, Quality & Finance — F12",JP-F12-FUNCTION-LEAD,reconciled-function-lead,WP-W7-F12-FUNCTION-LEAD-007,Service Performance Pack,REPORT / SNAPSHOT,F12.10.A01|F12.10.A02|F12.10.A03|F12.10.A04|F12.10.A05,NATIVE,Operate,Service|Work Order|Appointment|Site|Customer,F12,Service Performance [AGG-02-PERFORMANCE],Report Builder|Snapshot View,customer/service entitlement|service plan|work order|resource availability|technical information,customer acceptance|billing|asset/service history|quality|customer success,"Point-in-time/as-of snapshot with source data, calculation/filter and publication provenance",candidate-explicit
EJOB-F11.11-PROFESSIONAL,Lean Improvement Specialist,,"Production, Service, Quality & Finance — F11",JP-F11.11-PROFESSIONAL,reconciled-employment-profile,WP-W7-F11.11-PROFESSIONAL-001,Waste / Lean Opportunity Register,REGISTER / SCHEDULE,F11.11.A01,NATIVE,Operate,Production Order|Work Centre|Shift|Material|Equipment,F11,Improvement Opportunity [AGG-26-IMPROVEMENT-OPPORTUNITY],Enterprise Grid|Collection View,demand/supply plan|manufacturing definition|materials/inventory|equipment/capacity|quality requirements,inventory/finished goods|quality|maintenance|cost accounting|customer fulfilment,"Governed entries with owner, status, dates, source references and immutable change history",candidate-explicit
EJOB-F11.11-PROFESSIONAL,Lean Improvement Specialist,,"Production, Service, Quality & Finance — F11",JP-F11.11-PROFESSIONAL,reconciled-employment-profile,WP-W7-F11.11-PROFESSIONAL-002,Flow Improvement Assessment,CASE / ASSESSMENT,F11.11.A02,NATIVE,Operate,Production Order|Work Centre|Shift|Material|Equipment,F11,Improvement Opportunity [AGG-26-IMPROVEMENT-OPPORTUNITY],Case Workspace|Assessment Form|Evidence Panel,demand/supply plan|manufacturing definition|materials/inventory|equipment/capacity|quality requirements,inventory/finished goods|quality|maintenance|cost accounting|customer fulfilment,"Evidence set, assessment rationale, findings, decisions/actions and closure history",candidate-explicit
EJOB-F11.11-PROFESSIONAL,Lean Improvement Specialist,,"Production, Service, Quality & Finance — F11",JP-F11.11-PROFESSIONAL,reconciled-employment-profile,WP-W7-F11.11-PROFESSIONAL-003,Standard Work Definition,CONTROLLED INFORMATION,F11.11.A03,NATIVE,Operate,Production Order|Work Centre|Shift|Material|Equipment,F11,Improvement Opportunity [AGG-26-IMPROVEMENT-OPPORTUNITY],Controlled Document Editor|Object Workspace,demand/supply plan|manufacturing definition|materials/inventory|equipment/capacity|quality requirements,inventory/finished goods|quality|maintenance|cost accounting|customer fulfilment,"Controlled revision with author, reviewer, approver, issue/effective date and supersession provenance",candidate-explicit
EJOB-F11.11-PROFESSIONAL,Lean Improvement Specialist,,"Production, Service, Quality & Finance — F11",JP-F11.11-PROFESSIONAL,reconciled-employment-profile,WP-W7-F11.11-PROFESSIONAL-004,Kaizen Event Record,EXECUTION RECORD,F11.11.A04,NATIVE,Operate,Production Order|Work Centre|Shift|Material|Equipment,F11,Improvement Opportunity [AGG-26-IMPROVEMENT-OPPORTUNITY],Execution Record|Evidence Panel,demand/supply plan|manufacturing definition|materials/inventory|equipment/capacity|quality requirements,inventory/finished goods|quality|maintenance|cost accounting|customer fulfilment,Attributable who/what/when/result record with source context and evidence,candidate-explicit
EJOB-F11.10-PROFESSIONAL,Maintenance Coordination Specialist,,"Production, Service, Quality & Finance — F11",JP-F11.10-PROFESSIONAL,reconciled-employment-profile,WP-W7-F11.10-PROFESSIONAL-001,Equipment Access / Maintenance Window Schedule,REGISTER / SCHEDULE,F11.10.A01,NATIVE,Operate,Production Order|Work Centre|Shift|Material|Equipment,F11,Maintenance Work Order [AGG-17-WORK-ORDER],Enterprise Grid|Collection View,demand/supply plan|manufacturing definition|materials/inventory|equipment/capacity|quality requirements,inventory/finished goods|quality|maintenance|cost accounting|customer fulfilment,"Governed entries with owner, status, dates, source references and immutable change history",candidate-explicit
EJOB-F11.10-PROFESSIONAL,Maintenance Coordination Specialist,,"Production, Service, Quality & Finance — F11",JP-F11.10-PROFESSIONAL,reconciled-employment-profile,WP-W7-F11.10-PROFESSIONAL-002,Equipment Fault Notification,CASE / ASSESSMENT,F11.10.A02,NATIVE,Operate,Production Order|Work Centre|Shift|Material|Equipment,F11,Maintenance Work Order [AGG-17-WORK-ORDER],Case Workspace|Assessment Form|Evidence Panel,demand/supply plan|manufacturing definition|materials/inventory|equipment/capacity|quality requirements,inventory/finished goods|quality|maintenance|cost accounting|customer fulfilment,"Evidence set, assessment rationale, findings, decisions/actions and closure history",candidate-explicit
EJOB-F11.10-PROFESSIONAL,Maintenance Coordination Specialist,,"Production, Service, Quality & Finance — F11",JP-F11.10-PROFESSIONAL,reconciled-employment-profile,WP-W7-F11.10-PROFESSIONAL-003,Planned Maintenance Coordination Record,EXECUTION RECORD,F11.10.A03,NATIVE,Operate,Production Order|Work Centre|Shift|Material|Equipment,F11,Maintenance Work Order [AGG-17-WORK-ORDER],Execution Record|Evidence Panel,demand/supply plan|manufacturing definition|materials/inventory|equipment/capacity|quality requirements,inventory/finished goods|quality|maintenance|cost accounting|customer fulfilment,Attributable who/what/when/result record with source context and evidence,candidate-explicit
EJOB-F11.03-PROFESSIONAL,Material Staging Specialist,,"Production, Service, Quality & Finance — F11",JP-F11.03-PROFESSIONAL,reconciled-employment-profile,WP-W7-F11.03-PROFESSIONAL-001,Material Pick List,REGISTER / SCHEDULE,F11.03.A01,NATIVE,Operate,Production Order|Work Centre|Shift|Material|Equipment,F11,Material / Packaging Movement [AGG-10-INVENTORY-MOVEMENT],Enterprise Grid|Collection View,demand/supply plan|manufacturing definition|materials/inventory|equipment/capacity|quality requirements,inventory/finished goods|quality|maintenance|cost accounting|customer fulfilment,"Governed entries with owner, status, dates, source references and immutable change history",candidate-explicit
EJOB-F11.03-PROFESSIONAL,Material Staging Specialist,,"Production, Service, Quality & Finance — F11",JP-F11.03-PROFESSIONAL,reconciled-employment-profile,WP-W7-F11.03-PROFESSIONAL-002,Material Issue Record,TRANSACTION / COMMITMENT,F11.03.A02,NATIVE,Operate,Production Order|Work Centre|Shift|Material|Equipment,F11,Material / Packaging Movement [AGG-10-INVENTORY-MOVEMENT],Transaction Workspace|Approval Panel,demand/supply plan|manufacturing definition|materials/inventory|equipment/capacity|quality requirements,inventory/finished goods|quality|maintenance|cost accounting|customer fulfilment,"Counterparty/terms/authority with immutable issue, execution, amendment and completion history",candidate-explicit
EJOB-F11.03-PROFESSIONAL,Material Staging Specialist,,"Production, Service, Quality & Finance — F11",JP-F11.03-PROFESSIONAL,reconciled-employment-profile,WP-W7-F11.03-PROFESSIONAL-003,Material Availability Check,CASE / ASSESSMENT,F11.03.A03,NATIVE,Operate,Production Order|Work Centre|Shift|Material|Equipment,F11,Material / Packaging Movement [AGG-10-INVENTORY-MOVEMENT],Case Workspace|Assessment Form|Evidence Panel,demand/supply plan|manufacturing definition|materials/inventory|equipment/capacity|quality requirements,inventory/finished goods|quality|maintenance|cost accounting|customer fulfilment,"Evidence set, assessment rationale, findings, decisions/actions and closure history",candidate-explicit
EJOB-F11.03-PROFESSIONAL,Material Staging Specialist,,"Production, Service, Quality & Finance — F11",JP-F11.03-PROFESSIONAL,reconciled-employment-profile,WP-W7-F11.03-PROFESSIONAL-004,Production Consumption Record,EXECUTION RECORD,F11.03.A04,NATIVE,Operate,Production Order|Work Centre|Shift|Material|Equipment,F11,Material / Packaging Movement [AGG-10-INVENTORY-MOVEMENT],Execution Record|Evidence Panel,demand/supply plan|manufacturing definition|materials/inventory|equipment/capacity|quality requirements,inventory/finished goods|quality|maintenance|cost accounting|customer fulfilment,Attributable who/what/when/result record with source context and evidence,candidate-explicit
EJOB-F13.05-PROFESSIONAL,Non-Conformance Coordinator,,"Production, Service, Quality & Finance — F13",JP-F13.05-PROFESSIONAL,reconciled-employment-profile,WP-W7-F13.05-PROFESSIONAL-001,Non-Conformance Report,CASE / ASSESSMENT,F13.05.A01,NATIVE,Operate,Quality Plan|Inspection|NCR|CAPA|Supplier|Product|Service,F13,Nonconformance Report [AGG-13-NONCONFORMANCE],Case Workspace|Assessment Form|Evidence Panel,product/service requirements|quality standards|inspection/test results|supplier evidence|non-conformance data,production/service release|supplier management|corrective action|controlled information|assurance,"Evidence set, assessment rationale, findings, decisions/actions and closure history",candidate-explicit
EJOB-F13.05-PROFESSIONAL,Non-Conformance Coordinator,,"Production, Service, Quality & Finance — F13",JP-F13.05-PROFESSIONAL,reconciled-employment-profile,WP-W7-F13.05-PROFESSIONAL-002,Containment Action,CHANGE,F13.05.A02,NATIVE,Operate,Quality Plan|Inspection|NCR|CAPA|Supplier|Product|Service,F13,Nonconformance Report [AGG-13-NONCONFORMANCE],Change Workspace|Impact Assessment,product/service requirements|quality standards|inspection/test results|supplier evidence|non-conformance data,production/service release|supplier management|corrective action|controlled information|assurance,"Baseline, impact assessment, authority decision, implementation and verification evidence",candidate-explicit
EJOB-F13.05-PROFESSIONAL,Non-Conformance Coordinator,,"Production, Service, Quality & Finance — F13",JP-F13.05-PROFESSIONAL,reconciled-employment-profile,WP-W7-F13.05-PROFESSIONAL-003,Non-Conformance Classification,CONTROLLED INFORMATION,F13.05.A03,NATIVE,Operate,Quality Plan|Inspection|NCR|CAPA|Supplier|Product|Service,F13,Nonconformance Report [AGG-13-NONCONFORMANCE],Controlled Document Editor|Object Workspace,product/service requirements|quality standards|inspection/test results|supplier evidence|non-conformance data,production/service release|supplier management|corrective action|controlled information|assurance,"Controlled revision with author, reviewer, approver, issue/effective date and supersession provenance",candidate-explicit
EJOB-F13.05-PROFESSIONAL,Non-Conformance Coordinator,,"Production, Service, Quality & Finance — F13",JP-F13.05-PROFESSIONAL,reconciled-employment-profile,WP-W7-F13.05-PROFESSIONAL-004,Non-Conformance Investigation,CASE / ASSESSMENT,F13.05.A04,NATIVE,Operate,Quality Plan|Inspection|NCR|CAPA|Supplier|Product|Service,F13,Nonconformance Report [AGG-13-NONCONFORMANCE],Case Workspace|Assessment Form|Evidence Panel,product/service requirements|quality standards|inspection/test results|supplier evidence|non-conformance data,production/service release|supplier management|corrective action|controlled information|assurance,"Evidence set, assessment rationale, findings, decisions/actions and closure history",candidate-explicit
EJOB-F13.05-PROFESSIONAL,Non-Conformance Coordinator,,"Production, Service, Quality & Finance — F13",JP-F13.05-PROFESSIONAL,reconciled-employment-profile,WP-W7-F13.05-PROFESSIONAL-005,Disposition Decision,DECISION / APPROVAL,F13.05.A05,NATIVE,Operate,Quality Plan|Inspection|NCR|CAPA|Supplier|Product|Service,F13,Nonconformance Report [AGG-13-NONCONFORMANCE],Decision Workspace|Approval Panel,product/service requirements|quality standards|inspection/test results|supplier evidence|non-conformance data,production/service release|supplier management|corrective action|controlled information|assurance,"Decision, approver/authority, rationale, conditions, date and affected objects",candidate-explicit
EJOB-F11.07-PROFESSIONAL,Packaging Supervisor,,"Production, Service, Quality & Finance — F11",JP-F11.07-PROFESSIONAL,reconciled-employment-profile,WP-W7-F11.07-PROFESSIONAL-001,Packaging Record,EXECUTION RECORD,F11.07.A01,NATIVE,Operate,Production Order|Work Centre|Shift|Material|Equipment,F11,Material / Packaging Movement [AGG-10-INVENTORY-MOVEMENT],Execution Record|Evidence Panel,demand/supply plan|manufacturing definition|materials/inventory|equipment/capacity|quality requirements,inventory/finished goods|quality|maintenance|cost accounting|customer fulfilment,Attributable who/what/when/result record with source context and evidence,candidate-explicit
EJOB-F11.07-PROFESSIONAL,Packaging Supervisor,,"Production, Service, Quality & Finance — F11",JP-F11.07-PROFESSIONAL,reconciled-employment-profile,WP-W7-F11.07-PROFESSIONAL-002,Product Label / Identification Record,CONTROLLED INFORMATION,F11.07.A02,NATIVE,Operate,Production Order|Work Centre|Shift|Material|Equipment,F11,Material / Packaging Movement [AGG-10-INVENTORY-MOVEMENT],Controlled Document Editor|Object Workspace,demand/supply plan|manufacturing definition|materials/inventory|equipment/capacity|quality requirements,inventory/finished goods|quality|maintenance|cost accounting|customer fulfilment,"Controlled revision with author, reviewer, approver, issue/effective date and supersession provenance",candidate-explicit
EJOB-F11.07-PROFESSIONAL,Packaging Supervisor,,"Production, Service, Quality & Finance — F11",JP-F11.07-PROFESSIONAL,reconciled-employment-profile,WP-W7-F11.07-PROFESSIONAL-003,Packaging Verification Record,INSPECTION / TEST,F11.07.A03,NATIVE,Operate,Production Order|Work Centre|Shift|Material|Equipment,F11,Material / Packaging Movement [AGG-10-INVENTORY-MOVEMENT],Test / Inspection Workbench|Evidence Panel,demand/supply plan|manufacturing definition|materials/inventory|equipment/capacity|quality requirements,inventory/finished goods|quality|maintenance|cost accounting|customer fulfilment,"Inspection/test basis, method, result, evidence, performer/reviewer and acceptance status",candidate-explicit
EJOB-F11.07-PROFESSIONAL,Packaging Supervisor,,"Production, Service, Quality & Finance — F11",JP-F11.07-PROFESSIONAL,reconciled-employment-profile,WP-W7-F11.07-PROFESSIONAL-004,Palletisation / Handling-Unit Record,EXECUTION RECORD,F11.07.A04,NATIVE,Operate,Production Order|Work Centre|Shift|Material|Equipment,F11,Material / Packaging Movement [AGG-10-INVENTORY-MOVEMENT],Execution Record|Evidence Panel,demand/supply plan|manufacturing definition|materials/inventory|equipment/capacity|quality requirements,inventory/finished goods|quality|maintenance|cost accounting|customer fulfilment,Attributable who/what/when/result record with source context and evidence,candidate-explicit
EJOB-F11.07-PROFESSIONAL,Packaging Supervisor,,"Production, Service, Quality & Finance — F11",JP-F11.07-PROFESSIONAL,reconciled-employment-profile,WP-W7-F11.07-PROFESSIONAL-005,Finished Goods Staging Record,EXECUTION RECORD,F11.07.A05,NATIVE,Operate,Production Order|Work Centre|Shift|Material|Equipment,F11,Material / Packaging Movement [AGG-10-INVENTORY-MOVEMENT],Execution Record|Evidence Panel,demand/supply plan|manufacturing definition|materials/inventory|equipment/capacity|quality requirements,inventory/finished goods|quality|maintenance|cost accounting|customer fulfilment,Attributable who/what/when/result record with source context and evidence,candidate-explicit
EJOB-F14.16-PROFESSIONAL,Payments Specialist,,"Production, Service, Quality & Finance — F14",JP-F14.16-PROFESSIONAL,reconciled-employment-profile,WP-W7-F14.16-PROFESSIONAL-001,Payment Run,TRANSACTION / COMMITMENT,F14.16.A01,NATIVE,Operate,Legal Entity|Accounting Period|Ledger|Customer|Supplier|Bank|Tax Jurisdiction|Investment,F14,Treasury / Cash [AGG-19-TREASURY],Transaction Workspace|Approval Panel,approved commercial transactions|bank/cash data|budgets/forecasts|source subledgers|tax/control requirements,management decisions|payments/cash|statutory/tax reporting|investment/asset decisions|enterprise performance,"Counterparty/terms/authority with immutable issue, execution, amendment and completion history",candidate-explicit
EJOB-F14.16-PROFESSIONAL,Payments Specialist,,"Production, Service, Quality & Finance — F14",JP-F14.16-PROFESSIONAL,reconciled-employment-profile,WP-W7-F14.16-PROFESSIONAL-002,Payment Approval,DECISION / APPROVAL,F14.16.A02,NATIVE,Operate,Legal Entity|Accounting Period|Ledger|Customer|Supplier|Bank|Tax Jurisdiction|Investment,F14,Treasury / Cash [AGG-19-TREASURY],Decision Workspace|Approval Panel,approved commercial transactions|bank/cash data|budgets/forecasts|source subledgers|tax/control requirements,management decisions|payments/cash|statutory/tax reporting|investment/asset decisions|enterprise performance,"Decision, approver/authority, rationale, conditions, date and affected objects",candidate-explicit
EJOB-F14.16-PROFESSIONAL,Payments Specialist,,"Production, Service, Quality & Finance — F14",JP-F14.16-PROFESSIONAL,reconciled-employment-profile,WP-W7-F14.16-PROFESSIONAL-003,Payment Transmission Record,EXECUTION RECORD,F14.16.A03,NATIVE,Operate,Legal Entity|Accounting Period|Ledger|Customer|Supplier|Bank|Tax Jurisdiction|Investment,F14,Treasury / Cash [AGG-19-TREASURY],Execution Record|Evidence Panel,approved commercial transactions|bank/cash data|budgets/forecasts|source subledgers|tax/control requirements,management decisions|payments/cash|statutory/tax reporting|investment/asset decisions|enterprise performance,Attributable who/what/when/result record with source context and evidence,candidate-explicit
EJOB-F14.16-PROFESSIONAL,Payments Specialist,,"Production, Service, Quality & Finance — F14",JP-F14.16-PROFESSIONAL,reconciled-employment-profile,WP-W7-F14.16-PROFESSIONAL-004,Payment Confirmation,EXECUTION RECORD,F14.16.A04,NATIVE,Operate,Legal Entity|Accounting Period|Ledger|Customer|Supplier|Bank|Tax Jurisdiction|Investment,F14,Treasury / Cash [AGG-19-TREASURY],Execution Record|Evidence Panel,approved commercial transactions|bank/cash data|budgets/forecasts|source subledgers|tax/control requirements,management decisions|payments/cash|statutory/tax reporting|investment/asset decisions|enterprise performance,Attributable who/what/when/result record with source context and evidence,candidate-explicit
EJOB-F14.16-PROFESSIONAL,Payments Specialist,,"Production, Service, Quality & Finance — F14",JP-F14.16-PROFESSIONAL,reconciled-employment-profile,WP-W7-F14.16-PROFESSIONAL-005,Payment Reconciliation,CASE / ASSESSMENT,F14.16.A05,NATIVE,Operate,Legal Entity|Accounting Period|Ledger|Customer|Supplier|Bank|Tax Jurisdiction|Investment,F14,Treasury / Cash [AGG-19-TREASURY],Case Workspace|Assessment Form|Evidence Panel,approved commercial transactions|bank/cash data|budgets/forecasts|source subledgers|tax/control requirements,management decisions|payments/cash|statutory/tax reporting|investment/asset decisions|enterprise performance,"Evidence set, assessment rationale, findings, decisions/actions and closure history",candidate-explicit
EJOB-F11.05-PROFESSIONAL,Process Control Specialist,,"Production, Service, Quality & Finance — F11",JP-F11.05-PROFESSIONAL,reconciled-employment-profile,WP-W7-F11.05-PROFESSIONAL-001,Process Parameter Record,REPORT / SNAPSHOT,F11.05.A01,NATIVE,Operate,Production Order|Work Centre|Shift|Material|Equipment,F11,Production Order [AGG-11-PRODUCTION],Report Builder|Snapshot View,demand/supply plan|manufacturing definition|materials/inventory|equipment/capacity|quality requirements,inventory/finished goods|quality|maintenance|cost accounting|customer fulfilment,"Point-in-time/as-of snapshot with source data, calculation/filter and publication provenance",candidate-explicit
EJOB-F11.05-PROFESSIONAL,Process Control Specialist,,"Production, Service, Quality & Finance — F11",JP-F11.05-PROFESSIONAL,reconciled-employment-profile,WP-W7-F11.05-PROFESSIONAL-002,In-process Inspection Record,INSPECTION / TEST,F11.05.A02,NATIVE,Operate,Production Order|Work Centre|Shift|Material|Equipment,F11,Production Order [AGG-11-PRODUCTION],Test / Inspection Workbench|Evidence Panel,demand/supply plan|manufacturing definition|materials/inventory|equipment/capacity|quality requirements,inventory/finished goods|quality|maintenance|cost accounting|customer fulfilment,"Inspection/test basis, method, result, evidence, performer/reviewer and acceptance status",candidate-explicit
EJOB-F11.05-PROFESSIONAL,Process Control Specialist,,"Production, Service, Quality & Finance — F11",JP-F11.05-PROFESSIONAL,reconciled-employment-profile,WP-W7-F11.05-PROFESSIONAL-003,Process Adjustment Record,CHANGE,F11.05.A03,NATIVE,Operate,Production Order|Work Centre|Shift|Material|Equipment,F11,Production Order [AGG-11-PRODUCTION],Change Workspace|Impact Assessment,demand/supply plan|manufacturing definition|materials/inventory|equipment/capacity|quality requirements,inventory/finished goods|quality|maintenance|cost accounting|customer fulfilment,"Baseline, impact assessment, authority decision, implementation and verification evidence",candidate-explicit
EJOB-F11.01-PROFESSIONAL,Production Planner,,"Production, Service, Quality & Finance — F11",JP-F11.01-PROFESSIONAL,reconciled-employment-profile,WP-W7-F11.01-PROFESSIONAL-001,Production Plan,PLAN / STRATEGY,F11.01.A01|F11.01.A02,NATIVE,Operate,Production Order|Work Centre|Shift|Material|Equipment,F11,Manufacturing Definition / Plan [AGG-11-MFG-DEFINITION],Object Workspace|Structure Browser|Enterprise Grid,demand/supply plan|manufacturing definition|materials/inventory|equipment/capacity|quality requirements,inventory/finished goods|quality|maintenance|cost accounting|customer fulfilment,"Versioned plan/strategy with assumptions, ownership, review, approval and effective-date provenance",candidate-explicit
EJOB-F11.01-PROFESSIONAL,Production Planner,,"Production, Service, Quality & Finance — F11",JP-F11.01-PROFESSIONAL,reconciled-employment-profile,WP-W7-F11.01-PROFESSIONAL-002,Production Capacity Assessment,CASE / ASSESSMENT,F11.01.A03,NATIVE,Operate,Production Order|Work Centre|Shift|Material|Equipment,F11,Manufacturing Definition / Plan [AGG-11-MFG-DEFINITION],Case Workspace|Assessment Form|Evidence Panel,demand/supply plan|manufacturing definition|materials/inventory|equipment/capacity|quality requirements,inventory/finished goods|quality|maintenance|cost accounting|customer fulfilment,"Evidence set, assessment rationale, findings, decisions/actions and closure history",candidate-explicit
EJOB-F11.01-PROFESSIONAL,Production Planner,,"Production, Service, Quality & Finance — F11",JP-F11.01-PROFESSIONAL,reconciled-employment-profile,WP-W7-F11.01-PROFESSIONAL-003,Production Schedule,REGISTER / SCHEDULE,F11.01.A04,NATIVE,Operate,Production Order|Work Centre|Shift|Material|Equipment,F11,Manufacturing Definition / Plan [AGG-11-MFG-DEFINITION],Enterprise Grid|Collection View,demand/supply plan|manufacturing definition|materials/inventory|equipment/capacity|quality requirements,inventory/finished goods|quality|maintenance|cost accounting|customer fulfilment,"Governed entries with owner, status, dates, source references and immutable change history",candidate-explicit
EJOB-F11.08-PROFESSIONAL,Production Reporting Specialist,,"Production, Service, Quality & Finance — F11",JP-F11.08-PROFESSIONAL,reconciled-employment-profile,WP-W7-F11.08-PROFESSIONAL-001,Production Yield Report,REPORT / SNAPSHOT,F11.08.A01,NATIVE,Operate,Production Order|Work Centre|Shift|Material|Equipment,F11,Production Order [AGG-11-PRODUCTION],Report Builder|Snapshot View,demand/supply plan|manufacturing definition|materials/inventory|equipment/capacity|quality requirements,inventory/finished goods|quality|maintenance|cost accounting|customer fulfilment,"Point-in-time/as-of snapshot with source data, calculation/filter and publication provenance",candidate-explicit
EJOB-F11.08-PROFESSIONAL,Production Reporting Specialist,,"Production, Service, Quality & Finance — F11",JP-F11.08-PROFESSIONAL,reconciled-employment-profile,WP-W7-F11.08-PROFESSIONAL-002,Scrap Record / Analysis,REPORT / SNAPSHOT,F11.08.A02,NATIVE,Operate,Production Order|Work Centre|Shift|Material|Equipment,F11,Production Order [AGG-11-PRODUCTION],Report Builder|Snapshot View,demand/supply plan|manufacturing definition|materials/inventory|equipment/capacity|quality requirements,inventory/finished goods|quality|maintenance|cost accounting|customer fulfilment,"Point-in-time/as-of snapshot with source data, calculation/filter and publication provenance",candidate-explicit
EJOB-F11.08-PROFESSIONAL,Production Reporting Specialist,,"Production, Service, Quality & Finance — F11",JP-F11.08-PROFESSIONAL,reconciled-employment-profile,WP-W7-F11.08-PROFESSIONAL-003,Downtime Report,REPORT / SNAPSHOT,F11.08.A03,NATIVE,Operate,Production Order|Work Centre|Shift|Material|Equipment,F11,Production Order [AGG-11-PRODUCTION],Report Builder|Snapshot View,demand/supply plan|manufacturing definition|materials/inventory|equipment/capacity|quality requirements,inventory/finished goods|quality|maintenance|cost accounting|customer fulfilment,"Point-in-time/as-of snapshot with source data, calculation/filter and publication provenance",candidate-explicit
EJOB-F11.08-PROFESSIONAL,Production Reporting Specialist,,"Production, Service, Quality & Finance — F11",JP-F11.08-PROFESSIONAL,reconciled-employment-profile,WP-W7-F11.08-PROFESSIONAL-004,Production Labour Record,EXECUTION RECORD,F11.08.A04,NATIVE,Operate,Production Order|Work Centre|Shift|Material|Equipment,F11,Production Order [AGG-11-PRODUCTION],Execution Record|Evidence Panel,demand/supply plan|manufacturing definition|materials/inventory|equipment/capacity|quality requirements,inventory/finished goods|quality|maintenance|cost accounting|customer fulfilment,Attributable who/what/when/result record with source context and evidence,candidate-explicit
EJOB-F11.08-PROFESSIONAL,Production Reporting Specialist,,"Production, Service, Quality & Finance — F11",JP-F11.08-PROFESSIONAL,reconciled-employment-profile,WP-W7-F11.08-PROFESSIONAL-005,Throughput / Efficiency Dashboard,REPORT / SNAPSHOT,F11.08.A05|F11.08.A06,NATIVE,Operate,Production Order|Work Centre|Shift|Material|Equipment,F11,Production Order [AGG-11-PRODUCTION],Report Builder|Snapshot View,demand/supply plan|manufacturing definition|materials/inventory|equipment/capacity|quality requirements,inventory/finished goods|quality|maintenance|cost accounting|customer fulfilment,"Point-in-time/as-of snapshot with source data, calculation/filter and publication provenance",candidate-explicit
EJOB-F11.02-PROFESSIONAL,Production Scheduler,,"Production, Service, Quality & Finance — F11",JP-F11.02-PROFESSIONAL,reconciled-employment-profile,WP-W7-F11.02-PROFESSIONAL-001,Sequenced Production Schedule,REGISTER / SCHEDULE,F11.02.A01,NATIVE,Operate,Production Order|Work Centre|Shift|Material|Equipment,F11,Manufacturing Definition / Plan [AGG-11-MFG-DEFINITION],Enterprise Grid|Collection View,demand/supply plan|manufacturing definition|materials/inventory|equipment/capacity|quality requirements,inventory/finished goods|quality|maintenance|cost accounting|customer fulfilment,"Governed entries with owner, status, dates, source references and immutable change history",candidate-explicit
EJOB-F11.02-PROFESSIONAL,Production Scheduler,,"Production, Service, Quality & Finance — F11",JP-F11.02-PROFESSIONAL,reconciled-employment-profile,WP-W7-F11.02-PROFESSIONAL-002,Machine Allocation Plan,REGISTER / SCHEDULE,F11.02.A02,NATIVE,Operate,Production Order|Work Centre|Shift|Material|Equipment,F11,Manufacturing Definition / Plan [AGG-11-MFG-DEFINITION],Enterprise Grid|Collection View,demand/supply plan|manufacturing definition|materials/inventory|equipment/capacity|quality requirements,inventory/finished goods|quality|maintenance|cost accounting|customer fulfilment,"Governed entries with owner, status, dates, source references and immutable change history",candidate-explicit
EJOB-F11.02-PROFESSIONAL,Production Scheduler,,"Production, Service, Quality & Finance — F11",JP-F11.02-PROFESSIONAL,reconciled-employment-profile,WP-W7-F11.02-PROFESSIONAL-003,Labour Allocation Plan,REGISTER / SCHEDULE,F11.02.A03,NATIVE,Operate,Production Order|Work Centre|Shift|Material|Equipment,F11,Manufacturing Definition / Plan [AGG-11-MFG-DEFINITION],Enterprise Grid|Collection View,demand/supply plan|manufacturing definition|materials/inventory|equipment/capacity|quality requirements,inventory/finished goods|quality|maintenance|cost accounting|customer fulfilment,"Governed entries with owner, status, dates, source references and immutable change history",candidate-explicit
EJOB-F11.02-PROFESSIONAL,Production Scheduler,,"Production, Service, Quality & Finance — F11",JP-F11.02-PROFESSIONAL,reconciled-employment-profile,WP-W7-F11.02-PROFESSIONAL-004,Released Work Order Set,TRANSACTION / COMMITMENT,F11.02.A04,NATIVE,Operate,Production Order|Work Centre|Shift|Material|Equipment,F11,Manufacturing Definition / Plan [AGG-11-MFG-DEFINITION],Transaction Workspace|Approval Panel,demand/supply plan|manufacturing definition|materials/inventory|equipment/capacity|quality requirements,inventory/finished goods|quality|maintenance|cost accounting|customer fulfilment,"Counterparty/terms/authority with immutable issue, execution, amendment and completion history",candidate-explicit
EJOB-F11.04-PROFESSIONAL,Production Supervisor,,"Production, Service, Quality & Finance — F11",JP-F11.04-PROFESSIONAL,reconciled-employment-profile,WP-W7-F11.04-PROFESSIONAL-001,Equipment Setup Record,EXECUTION RECORD,F11.04.A01,NATIVE,Operate,Production Order|Work Centre|Shift|Material|Equipment,F11,Production Order [AGG-11-PRODUCTION],Execution Record|Evidence Panel,demand/supply plan|manufacturing definition|materials/inventory|equipment/capacity|quality requirements,inventory/finished goods|quality|maintenance|cost accounting|customer fulfilment,Attributable who/what/when/result record with source context and evidence,candidate-explicit
EJOB-F11.04-PROFESSIONAL,Production Supervisor,,"Production, Service, Quality & Finance — F11",JP-F11.04-PROFESSIONAL,reconciled-employment-profile,WP-W7-F11.04-PROFESSIONAL-002,Production Operation Record,EXECUTION RECORD,F11.04.A02,NATIVE,Operate,Production Order|Work Centre|Shift|Material|Equipment,F11,Production Order [AGG-11-PRODUCTION],Execution Record|Evidence Panel,demand/supply plan|manufacturing definition|materials/inventory|equipment/capacity|quality requirements,inventory/finished goods|quality|maintenance|cost accounting|customer fulfilment,Attributable who/what/when/result record with source context and evidence,candidate-explicit
EJOB-F11.04-PROFESSIONAL,Production Supervisor,,"Production, Service, Quality & Finance — F11",JP-F11.04-PROFESSIONAL,reconciled-employment-profile,WP-W7-F11.04-PROFESSIONAL-003,Production Output Record,EXECUTION RECORD,F11.04.A03,NATIVE,Operate,Production Order|Work Centre|Shift|Material|Equipment,F11,Production Order [AGG-11-PRODUCTION],Execution Record|Evidence Panel,demand/supply plan|manufacturing definition|materials/inventory|equipment/capacity|quality requirements,inventory/finished goods|quality|maintenance|cost accounting|customer fulfilment,Attributable who/what/when/result record with source context and evidence,candidate-explicit
EJOB-F11.04-PROFESSIONAL,Production Supervisor,,"Production, Service, Quality & Finance — F11",JP-F11.04-PROFESSIONAL,reconciled-employment-profile,WP-W7-F11.04-PROFESSIONAL-004,Production Downtime Record,EXECUTION RECORD,F11.04.A04,NATIVE,Operate,Production Order|Work Centre|Shift|Material|Equipment,F11,Production Order [AGG-11-PRODUCTION],Execution Record|Evidence Panel,demand/supply plan|manufacturing definition|materials/inventory|equipment/capacity|quality requirements,inventory/finished goods|quality|maintenance|cost accounting|customer fulfilment,Attributable who/what/when/result record with source context and evidence,candidate-explicit
EJOB-F12.06-PROFESSIONAL,Professional Services Consultant,,"Production, Service, Quality & Finance — F12",JP-F12.06-PROFESSIONAL,reconciled-employment-profile,WP-W7-F12.06-PROFESSIONAL-001,Professional Services Engagement Definition,TRANSACTION / COMMITMENT,F12.06.A01,NATIVE,Operate,Service|Work Order|Appointment|Site|Customer,F12,Project / Professional Service [AGG-06-PROJECT],Transaction Workspace|Approval Panel,customer/service entitlement|service plan|work order|resource availability|technical information,customer acceptance|billing|asset/service history|quality|customer success,"Counterparty/terms/authority with immutable issue, execution, amendment and completion history",candidate-explicit
EJOB-F12.06-PROFESSIONAL,Professional Services Consultant,,"Production, Service, Quality & Finance — F12",JP-F12.06-PROFESSIONAL,reconciled-employment-profile,WP-W7-F12.06-PROFESSIONAL-002,Engagement Resource Plan,PLAN / STRATEGY,F12.06.A02,NATIVE,Operate,Service|Work Order|Appointment|Site|Customer,F12,Project / Professional Service [AGG-06-PROJECT],Object Workspace|Structure Browser|Enterprise Grid,customer/service entitlement|service plan|work order|resource availability|technical information,customer acceptance|billing|asset/service history|quality|customer success,"Versioned plan/strategy with assumptions, ownership, review, approval and effective-date provenance",candidate-explicit
EJOB-F12.06-PROFESSIONAL,Professional Services Consultant,,"Production, Service, Quality & Finance — F12",JP-F12.06-PROFESSIONAL,reconciled-employment-profile,WP-W7-F12.06-PROFESSIONAL-003,Professional Services Work Record,EXECUTION RECORD,F12.06.A03,NATIVE,Operate,Service|Work Order|Appointment|Site|Customer,F12,Project / Professional Service [AGG-06-PROJECT],Execution Record|Evidence Panel,customer/service entitlement|service plan|work order|resource availability|technical information,customer acceptance|billing|asset/service history|quality|customer success,Attributable who/what/when/result record with source context and evidence,candidate-explicit
EJOB-F12.06-PROFESSIONAL,Professional Services Consultant,,"Production, Service, Quality & Finance — F12",JP-F12.06-PROFESSIONAL,reconciled-employment-profile,WP-W7-F12.06-PROFESSIONAL-004,Professional Services Deliverable Pack,HANDOVER / CLOSEOUT PACKAGE,F12.06.A04,NATIVE,Operate,Service|Work Order|Appointment|Site|Customer,F12,Project / Professional Service [AGG-06-PROJECT],Package Workspace|Completeness Checklist,customer/service entitlement|service plan|work order|resource availability|technical information,customer acceptance|billing|asset/service history|quality|customer success,"Controlled completeness set with acceptance, outstanding items, evidence and closure provenance",candidate-explicit
EJOB-F13.10-PROFESSIONAL,Quality Analyst,,"Production, Service, Quality & Finance — F13",JP-F13.10-PROFESSIONAL,reconciled-employment-profile,WP-W7-F13.10-PROFESSIONAL-001,Defect / Quality Performance Dashboard,REPORT / SNAPSHOT,F13.10.A01,NATIVE,Operate,Quality Plan|Inspection|NCR|CAPA|Supplier|Product|Service,F13,Quality Performance [AGG-02-PERFORMANCE],Report Builder|Snapshot View,product/service requirements|quality standards|inspection/test results|supplier evidence|non-conformance data,production/service release|supplier management|corrective action|controlled information|assurance,"Point-in-time/as-of snapshot with source data, calculation/filter and publication provenance",candidate-explicit
EJOB-F13.10-PROFESSIONAL,Quality Analyst,,"Production, Service, Quality & Finance — F13",JP-F13.10-PROFESSIONAL,reconciled-employment-profile,WP-W7-F13.10-PROFESSIONAL-002,Yield Analysis,CALCULATION / MODEL,F13.10.A02,NATIVE,Operate,Quality Plan|Inspection|NCR|CAPA|Supplier|Product|Service,F13,Quality Performance [AGG-02-PERFORMANCE],Calculation Workbench|Enterprise Grid,product/service requirements|quality standards|inspection/test results|supplier evidence|non-conformance data,production/service release|supplier management|corrective action|controlled information|assurance,"Versioned calculation/model with inputs, assumptions, method, scenario and result provenance",candidate-explicit
EJOB-F13.10-PROFESSIONAL,Quality Analyst,,"Production, Service, Quality & Finance — F13",JP-F13.10-PROFESSIONAL,reconciled-employment-profile,WP-W7-F13.10-PROFESSIONAL-003,Complaint Quality Analysis,REPORT / SNAPSHOT,F13.10.A03,NATIVE,Operate,Quality Plan|Inspection|NCR|CAPA|Supplier|Product|Service,F13,Quality Performance [AGG-02-PERFORMANCE],Report Builder|Snapshot View,product/service requirements|quality standards|inspection/test results|supplier evidence|non-conformance data,production/service release|supplier management|corrective action|controlled information|assurance,"Point-in-time/as-of snapshot with source data, calculation/filter and publication provenance",candidate-explicit
EJOB-F13.10-PROFESSIONAL,Quality Analyst,,"Production, Service, Quality & Finance — F13",JP-F13.10-PROFESSIONAL,reconciled-employment-profile,WP-W7-F13.10-PROFESSIONAL-004,Cost of Quality Analysis,CALCULATION / MODEL,F13.10.A04,NATIVE,Operate,Quality Plan|Inspection|NCR|CAPA|Supplier|Product|Service,F13,Quality Performance [AGG-02-PERFORMANCE],Calculation Workbench|Enterprise Grid,product/service requirements|quality standards|inspection/test results|supplier evidence|non-conformance data,production/service release|supplier management|corrective action|controlled information|assurance,"Versioned calculation/model with inputs, assumptions, method, scenario and result provenance",candidate-explicit
EJOB-F13.10-PROFESSIONAL,Quality Analyst,,"Production, Service, Quality & Finance — F13",JP-F13.10-PROFESSIONAL,reconciled-employment-profile,WP-W7-F13.10-PROFESSIONAL-005,Quality Trend Report,REPORT / SNAPSHOT,F13.10.A05,NATIVE,Operate,Quality Plan|Inspection|NCR|CAPA|Supplier|Product|Service,F13,Quality Performance [AGG-02-PERFORMANCE],Report Builder|Snapshot View,product/service requirements|quality standards|inspection/test results|supplier evidence|non-conformance data,production/service release|supplier management|corrective action|controlled information|assurance,"Point-in-time/as-of snapshot with source data, calculation/filter and publication provenance",candidate-explicit
EJOB-F13.03-PROFESSIONAL,Quality Assurance Specialist,,"Production, Service, Quality & Finance — F13",JP-F13.03-PROFESSIONAL,reconciled-employment-profile,WP-W7-F13.03-PROFESSIONAL-001,Quality Assurance Audit Plan / Record,INSPECTION / TEST,F13.03.A01,NATIVE,Operate,Quality Plan|Inspection|NCR|CAPA|Supplier|Product|Service,F13,Inspection / Assurance Plan [AGG-13-QUALITY],Test / Inspection Workbench|Evidence Panel,product/service requirements|quality standards|inspection/test results|supplier evidence|non-conformance data,production/service release|supplier management|corrective action|controlled information|assurance,"Inspection/test basis, method, result, evidence, performer/reviewer and acceptance status",candidate-explicit
EJOB-F13.03-PROFESSIONAL,Quality Assurance Specialist,,"Production, Service, Quality & Finance — F13",JP-F13.03-PROFESSIONAL,reconciled-employment-profile,WP-W7-F13.03-PROFESSIONAL-002,Quality Compliance Review,CASE / ASSESSMENT,F13.03.A02,NATIVE,Operate,Quality Plan|Inspection|NCR|CAPA|Supplier|Product|Service,F13,Inspection / Assurance Plan [AGG-13-QUALITY],Case Workspace|Assessment Form|Evidence Panel,product/service requirements|quality standards|inspection/test results|supplier evidence|non-conformance data,production/service release|supplier management|corrective action|controlled information|assurance,"Evidence set, assessment rationale, findings, decisions/actions and closure history",candidate-explicit
EJOB-F13.03-PROFESSIONAL,Quality Assurance Specialist,,"Production, Service, Quality & Finance — F13",JP-F13.03-PROFESSIONAL,reconciled-employment-profile,WP-W7-F13.03-PROFESSIONAL-003,Control Verification Record,INSPECTION / TEST,F13.03.A03,NATIVE,Operate,Quality Plan|Inspection|NCR|CAPA|Supplier|Product|Service,F13,Inspection / Assurance Plan [AGG-13-QUALITY],Test / Inspection Workbench|Evidence Panel,product/service requirements|quality standards|inspection/test results|supplier evidence|non-conformance data,production/service release|supplier management|corrective action|controlled information|assurance,"Inspection/test basis, method, result, evidence, performer/reviewer and acceptance status",candidate-explicit
EJOB-F13.04-PROFESSIONAL,Quality Control Inspector,,"Production, Service, Quality & Finance — F13",JP-F13.04-PROFESSIONAL,reconciled-employment-profile,WP-W7-F13.04-PROFESSIONAL-001,Inspection Record,INSPECTION / TEST,F13.04.A01,NATIVE,Operate,Quality Plan|Inspection|NCR|CAPA|Supplier|Product|Service,F13,Inspection / Test [AGG-13-INSPECTION],Test / Inspection Workbench|Evidence Panel,product/service requirements|quality standards|inspection/test results|supplier evidence|non-conformance data,production/service release|supplier management|corrective action|controlled information|assurance,"Inspection/test basis, method, result, evidence, performer/reviewer and acceptance status",candidate-explicit
EJOB-F13.04-PROFESSIONAL,Quality Control Inspector,,"Production, Service, Quality & Finance — F13",JP-F13.04-PROFESSIONAL,reconciled-employment-profile,WP-W7-F13.04-PROFESSIONAL-002,Test Record,INSPECTION / TEST,F13.04.A02,NATIVE,Operate,Quality Plan|Inspection|NCR|CAPA|Supplier|Product|Service,F13,Inspection / Test [AGG-13-INSPECTION],Test / Inspection Workbench|Evidence Panel,product/service requirements|quality standards|inspection/test results|supplier evidence|non-conformance data,production/service release|supplier management|corrective action|controlled information|assurance,"Inspection/test basis, method, result, evidence, performer/reviewer and acceptance status",candidate-explicit
EJOB-F13.04-PROFESSIONAL,Quality Control Inspector,,"Production, Service, Quality & Finance — F13",JP-F13.04-PROFESSIONAL,reconciled-employment-profile,WP-W7-F13.04-PROFESSIONAL-003,Sample Record,EXECUTION RECORD,F13.04.A03,NATIVE,Operate,Quality Plan|Inspection|NCR|CAPA|Supplier|Product|Service,F13,Inspection / Test [AGG-13-INSPECTION],Execution Record|Evidence Panel,product/service requirements|quality standards|inspection/test results|supplier evidence|non-conformance data,production/service release|supplier management|corrective action|controlled information|assurance,Attributable who/what/when/result record with source context and evidence,candidate-explicit
EJOB-F13.04-PROFESSIONAL,Quality Control Inspector,,"Production, Service, Quality & Finance — F13",JP-F13.04-PROFESSIONAL,reconciled-employment-profile,WP-W7-F13.04-PROFESSIONAL-004,Acceptance / Rejection Decision,DECISION / APPROVAL,F13.04.A04,NATIVE,Operate,Quality Plan|Inspection|NCR|CAPA|Supplier|Product|Service,F13,Inspection / Test [AGG-13-INSPECTION],Decision Workspace|Approval Panel,product/service requirements|quality standards|inspection/test results|supplier evidence|non-conformance data,production/service release|supplier management|corrective action|controlled information|assurance,"Decision, approver/authority, rationale, conditions, date and affected objects",candidate-explicit
EJOB-F13.04-PROFESSIONAL,Quality Control Inspector,,"Production, Service, Quality & Finance — F13",JP-F13.04-PROFESSIONAL,reconciled-employment-profile,WP-W7-F13.04-PROFESSIONAL-005,Quarantine Record,CHANGE,F13.04.A05,NATIVE,Operate,Quality Plan|Inspection|NCR|CAPA|Supplier|Product|Service,F13,Inspection / Test [AGG-13-INSPECTION],Change Workspace|Impact Assessment,product/service requirements|quality standards|inspection/test results|supplier evidence|non-conformance data,production/service release|supplier management|corrective action|controlled information|assurance,"Baseline, impact assessment, authority decision, implementation and verification evidence",candidate-explicit
EJOB-F13.08-PROFESSIONAL,Quality Documentation Specialist,,"Production, Service, Quality & Finance — F13",JP-F13.08-PROFESSIONAL,reconciled-employment-profile,WP-W7-F13.08-PROFESSIONAL-001,Controlled Quality Specification,CONTROLLED INFORMATION,F13.08.A01,NATIVE,Operate,Quality Plan|Inspection|NCR|CAPA|Supplier|Product|Service,F13,Controlled Quality Information [AGG-07-INFORMATION],Controlled Document Editor|Object Workspace,product/service requirements|quality standards|inspection/test results|supplier evidence|non-conformance data,production/service release|supplier management|corrective action|controlled information|assurance,"Controlled revision with author, reviewer, approver, issue/effective date and supersession provenance",candidate-explicit
EJOB-F13.08-PROFESSIONAL,Quality Documentation Specialist,,"Production, Service, Quality & Finance — F13",JP-F13.08-PROFESSIONAL,reconciled-employment-profile,WP-W7-F13.08-PROFESSIONAL-002,Controlled Quality Procedure,CONTROLLED INFORMATION,F13.08.A02,NATIVE,Operate,Quality Plan|Inspection|NCR|CAPA|Supplier|Product|Service,F13,Controlled Quality Information [AGG-07-INFORMATION],Controlled Document Editor|Object Workspace,product/service requirements|quality standards|inspection/test results|supplier evidence|non-conformance data,production/service release|supplier management|corrective action|controlled information|assurance,"Controlled revision with author, reviewer, approver, issue/effective date and supersession provenance",candidate-explicit
EJOB-F13.08-PROFESSIONAL,Quality Documentation Specialist,,"Production, Service, Quality & Finance — F13",JP-F13.08-PROFESSIONAL,reconciled-employment-profile,WP-W7-F13.08-PROFESSIONAL-003,Quality Inspection Record Set,EXECUTION RECORD,F13.08.A03,NATIVE,Operate,Quality Plan|Inspection|NCR|CAPA|Supplier|Product|Service,F13,Controlled Quality Information [AGG-07-INFORMATION],Execution Record|Evidence Panel,product/service requirements|quality standards|inspection/test results|supplier evidence|non-conformance data,production/service release|supplier management|corrective action|controlled information|assurance,Attributable who/what/when/result record with source context and evidence,candidate-explicit
EJOB-F13.08-PROFESSIONAL,Quality Documentation Specialist,,"Production, Service, Quality & Finance — F13",JP-F13.08-PROFESSIONAL,reconciled-employment-profile,WP-W7-F13.08-PROFESSIONAL-004,Quality Certificate / Attestation,CERTIFICATE / FORMAL ATTESTATION,F13.08.A04,NATIVE,Operate,Quality Plan|Inspection|NCR|CAPA|Supplier|Product|Service,F13,Controlled Quality Information [AGG-07-INFORMATION],Attestation Workspace|Evidence Panel,product/service requirements|quality standards|inspection/test results|supplier evidence|non-conformance data,production/service release|supplier management|corrective action|controlled information|assurance,"Formal attestation with issuer, authority, scope, date, evidence and validity",candidate-explicit
EJOB-F13.02-PROFESSIONAL,Quality Planner,,"Production, Service, Quality & Finance — F13",JP-F13.02-PROFESSIONAL,reconciled-employment-profile,WP-W7-F13.02-PROFESSIONAL-001,Quality Requirements,CONTROLLED INFORMATION,F13.02.A01,NATIVE,Operate,Quality Plan|Inspection|NCR|CAPA|Supplier|Product|Service,F13,Quality Plan [AGG-13-QUALITY-PLAN],Controlled Document Editor|Object Workspace,product/service requirements|quality standards|inspection/test results|supplier evidence|non-conformance data,production/service release|supplier management|corrective action|controlled information|assurance,"Controlled revision with author, reviewer, approver, issue/effective date and supersession provenance",candidate-explicit
EJOB-F13.02-PROFESSIONAL,Quality Planner,,"Production, Service, Quality & Finance — F13",JP-F13.02-PROFESSIONAL,reconciled-employment-profile,WP-W7-F13.02-PROFESSIONAL-002,Inspection & Test Plan,PLAN / STRATEGY,F13.02.A02,NATIVE,Operate,Quality Plan|Inspection|NCR|CAPA|Supplier|Product|Service,F13,Quality Plan [AGG-13-QUALITY-PLAN],Object Workspace|Structure Browser|Enterprise Grid,product/service requirements|quality standards|inspection/test results|supplier evidence|non-conformance data,production/service release|supplier management|corrective action|controlled information|assurance,"Versioned plan/strategy with assumptions, ownership, review, approval and effective-date provenance",candidate-explicit
EJOB-F13.02-PROFESSIONAL,Quality Planner,,"Production, Service, Quality & Finance — F13",JP-F13.02-PROFESSIONAL,reconciled-employment-profile,WP-W7-F13.02-PROFESSIONAL-003,Acceptance Criteria,CONTROLLED INFORMATION,F13.02.A03,NATIVE,Operate,Quality Plan|Inspection|NCR|CAPA|Supplier|Product|Service,F13,Quality Plan [AGG-13-QUALITY-PLAN],Controlled Document Editor|Object Workspace,product/service requirements|quality standards|inspection/test results|supplier evidence|non-conformance data,production/service release|supplier management|corrective action|controlled information|assurance,"Controlled revision with author, reviewer, approver, issue/effective date and supersession provenance",candidate-explicit
EJOB-F13.01-PROFESSIONAL,Quality Strategy Specialist,,"Production, Service, Quality & Finance — F13",JP-F13.01-PROFESSIONAL,reconciled-employment-profile,WP-W7-F13.01-PROFESSIONAL-001,Quality Objectives,PLAN / STRATEGY,F13.01.A01,NATIVE,Operate,Quality Plan|Inspection|NCR|CAPA|Supplier|Product|Service,F13,Quality Plan [AGG-13-QUALITY-PLAN],Object Workspace|Structure Browser|Enterprise Grid,product/service requirements|quality standards|inspection/test results|supplier evidence|non-conformance data,production/service release|supplier management|corrective action|controlled information|assurance,"Versioned plan/strategy with assumptions, ownership, review, approval and effective-date provenance",candidate-explicit
EJOB-F13.01-PROFESSIONAL,Quality Strategy Specialist,,"Production, Service, Quality & Finance — F13",JP-F13.01-PROFESSIONAL,reconciled-employment-profile,WP-W7-F13.01-PROFESSIONAL-002,Quality Policy,CONTROLLED INFORMATION,F13.01.A02,NATIVE,Operate,Quality Plan|Inspection|NCR|CAPA|Supplier|Product|Service,F13,Quality Plan [AGG-13-QUALITY-PLAN],Controlled Document Editor|Object Workspace,product/service requirements|quality standards|inspection/test results|supplier evidence|non-conformance data,production/service release|supplier management|corrective action|controlled information|assurance,"Controlled revision with author, reviewer, approver, issue/effective date and supersession provenance",candidate-explicit
EJOB-F13.01-PROFESSIONAL,Quality Strategy Specialist,,"Production, Service, Quality & Finance — F13",JP-F13.01-PROFESSIONAL,reconciled-employment-profile,WP-W7-F13.01-PROFESSIONAL-003,Quality Governance Framework,PLAN / STRATEGY,F13.01.A03,NATIVE,Operate,Quality Plan|Inspection|NCR|CAPA|Supplier|Product|Service,F13,Quality Plan [AGG-13-QUALITY-PLAN],Object Workspace|Structure Browser|Enterprise Grid,product/service requirements|quality standards|inspection/test results|supplier evidence|non-conformance data,production/service release|supplier management|corrective action|controlled information|assurance,"Versioned plan/strategy with assumptions, ownership, review, approval and effective-date provenance",candidate-explicit
EJOB-F13.01-PROFESSIONAL,Quality Strategy Specialist,,"Production, Service, Quality & Finance — F13",JP-F13.01-PROFESSIONAL,reconciled-employment-profile,WP-W7-F13.01-PROFESSIONAL-004,Quality Standards Register,REGISTER / SCHEDULE,F13.01.A04,NATIVE,Operate,Quality Plan|Inspection|NCR|CAPA|Supplier|Product|Service,F13,Quality Plan [AGG-13-QUALITY-PLAN],Enterprise Grid|Collection View,product/service requirements|quality standards|inspection/test results|supplier evidence|non-conformance data,production/service release|supplier management|corrective action|controlled information|assurance,"Governed entries with owner, status, dates, source references and immutable change history",candidate-explicit
EJOB-F12.07-PROFESSIONAL,Service Acceptance Specialist,,"Production, Service, Quality & Finance — F12",JP-F12.07-PROFESSIONAL,reconciled-employment-profile,WP-W7-F12.07-PROFESSIONAL-001,Service Completion Validation,INSPECTION / TEST,F12.07.A01,NATIVE,Operate,Service|Work Order|Appointment|Site|Customer,F12,Service Acceptance [AGG-17-SERVICE-ACCEPTANCE],Test / Inspection Workbench|Evidence Panel,customer/service entitlement|service plan|work order|resource availability|technical information,customer acceptance|billing|asset/service history|quality|customer success,"Inspection/test basis, method, result, evidence, performer/reviewer and acceptance status",candidate-explicit
EJOB-F12.07-PROFESSIONAL,Service Acceptance Specialist,,"Production, Service, Quality & Finance — F12",JP-F12.07-PROFESSIONAL,reconciled-employment-profile,WP-W7-F12.07-PROFESSIONAL-002,Service Acceptance Sign-off,CERTIFICATE / FORMAL ATTESTATION,F12.07.A02,NATIVE,Operate,Service|Work Order|Appointment|Site|Customer,F12,Service Acceptance [AGG-17-SERVICE-ACCEPTANCE],Attestation Workspace|Evidence Panel,customer/service entitlement|service plan|work order|resource availability|technical information,customer acceptance|billing|asset/service history|quality|customer success,"Formal attestation with issuer, authority, scope, date, evidence and validity",candidate-explicit
EJOB-F12.07-PROFESSIONAL,Service Acceptance Specialist,,"Production, Service, Quality & Finance — F12",JP-F12.07-PROFESSIONAL,reconciled-employment-profile,WP-W7-F12.07-PROFESSIONAL-003,Service Order Closure Record,HANDOVER / CLOSEOUT PACKAGE,F12.07.A03,NATIVE,Operate,Service|Work Order|Appointment|Site|Customer,F12,Service Acceptance [AGG-17-SERVICE-ACCEPTANCE],Package Workspace|Completeness Checklist,customer/service entitlement|service plan|work order|resource availability|technical information,customer acceptance|billing|asset/service history|quality|customer success,"Controlled completeness set with acceptance, outstanding items, evidence and closure provenance",candidate-explicit
EJOB-F12.07-PROFESSIONAL,Service Acceptance Specialist,,"Production, Service, Quality & Finance — F12",JP-F12.07-PROFESSIONAL,reconciled-employment-profile,WP-W7-F12.07-PROFESSIONAL-004,Billing Trigger / Handoff,HANDOVER / CLOSEOUT PACKAGE,F12.07.A04,NATIVE,Operate,Service|Work Order|Appointment|Site|Customer,F12,Service Acceptance [AGG-17-SERVICE-ACCEPTANCE],Package Workspace|Completeness Checklist,customer/service entitlement|service plan|work order|resource availability|technical information,customer acceptance|billing|asset/service history|quality|customer success,"Controlled completeness set with acceptance, outstanding items, evidence and closure provenance",candidate-explicit
EJOB-F12.09-PROFESSIONAL,Service Capacity Specialist,,"Production, Service, Quality & Finance — F12",JP-F12.09-PROFESSIONAL,reconciled-employment-profile,WP-W7-F12.09-PROFESSIONAL-001,Service Workload Forecast,CALCULATION / MODEL,F12.09.A01,NATIVE,Operate,Service|Work Order|Appointment|Site|Customer,F12,Service Case / Plan [AGG-17-SERVICE],Calculation Workbench|Enterprise Grid,customer/service entitlement|service plan|work order|resource availability|technical information,customer acceptance|billing|asset/service history|quality|customer success,"Versioned calculation/model with inputs, assumptions, method, scenario and result provenance",candidate-explicit
EJOB-F12.09-PROFESSIONAL,Service Capacity Specialist,,"Production, Service, Quality & Finance — F12",JP-F12.09-PROFESSIONAL,reconciled-employment-profile,WP-W7-F12.09-PROFESSIONAL-002,Service Workforce Plan,PLAN / STRATEGY,F12.09.A02,NATIVE,Operate,Service|Work Order|Appointment|Site|Customer,F12,Service Case / Plan [AGG-17-SERVICE],Object Workspace|Structure Browser|Enterprise Grid,customer/service entitlement|service plan|work order|resource availability|technical information,customer acceptance|billing|asset/service history|quality|customer success,"Versioned plan/strategy with assumptions, ownership, review, approval and effective-date provenance",candidate-explicit
EJOB-F12.09-PROFESSIONAL,Service Capacity Specialist,,"Production, Service, Quality & Finance — F12",JP-F12.09-PROFESSIONAL,reconciled-employment-profile,WP-W7-F12.09-PROFESSIONAL-003,Demand / Capacity Balancing Plan,PLAN / STRATEGY,F12.09.A03,NATIVE,Operate,Service|Work Order|Appointment|Site|Customer,F12,Service Case / Plan [AGG-17-SERVICE],Object Workspace|Structure Browser|Enterprise Grid,customer/service entitlement|service plan|work order|resource availability|technical information,customer acceptance|billing|asset/service history|quality|customer success,"Versioned plan/strategy with assumptions, ownership, review, approval and effective-date provenance",candidate-explicit
EJOB-F12.04-PROFESSIONAL,Service Delivery Specialist,,"Production, Service, Quality & Finance — F12",JP-F12.04-PROFESSIONAL,reconciled-employment-profile,WP-W7-F12.04-PROFESSIONAL-001,Service Work Record,EXECUTION RECORD,F12.04.A01|F12.04.A02,NATIVE,Operate,Service|Work Order|Appointment|Site|Customer,F12,Work Order [AGG-17-WORK-ORDER],Execution Record|Evidence Panel,customer/service entitlement|service plan|work order|resource availability|technical information,customer acceptance|billing|asset/service history|quality|customer success,Attributable who/what/when/result record with source context and evidence,candidate-explicit
EJOB-F12.04-PROFESSIONAL,Service Delivery Specialist,,"Production, Service, Quality & Finance — F12",JP-F12.04-PROFESSIONAL,reconciled-employment-profile,WP-W7-F12.04-PROFESSIONAL-002,Service Evidence Pack,HANDOVER / CLOSEOUT PACKAGE,F12.04.A03,NATIVE,Operate,Service|Work Order|Appointment|Site|Customer,F12,Work Order [AGG-17-WORK-ORDER],Package Workspace|Completeness Checklist,customer/service entitlement|service plan|work order|resource availability|technical information,customer acceptance|billing|asset/service history|quality|customer success,"Controlled completeness set with acceptance, outstanding items, evidence and closure provenance",candidate-explicit
EJOB-F12.04-PROFESSIONAL,Service Delivery Specialist,,"Production, Service, Quality & Finance — F12",JP-F12.04-PROFESSIONAL,reconciled-employment-profile,WP-W7-F12.04-PROFESSIONAL-003,Service Completion Record,HANDOVER / CLOSEOUT PACKAGE,F12.04.A04,NATIVE,Operate,Service|Work Order|Appointment|Site|Customer,F12,Work Order [AGG-17-WORK-ORDER],Package Workspace|Completeness Checklist,customer/service entitlement|service plan|work order|resource availability|technical information,customer acceptance|billing|asset/service history|quality|customer success,"Controlled completeness set with acceptance, outstanding items, evidence and closure provenance",candidate-explicit
EJOB-F12.03-PROFESSIONAL,Service Dispatcher,,"Production, Service, Quality & Finance — F12",JP-F12.03-PROFESSIONAL,reconciled-employment-profile,WP-W7-F12.03-PROFESSIONAL-001,Resource Selection / Dispatch Decision,DECISION / APPROVAL,F12.03.A01,NATIVE,Operate,Service|Work Order|Appointment|Site|Customer,F12,Service Appointment [AGG-17-SERVICE],Decision Workspace|Approval Panel,customer/service entitlement|service plan|work order|resource availability|technical information,customer acceptance|billing|asset/service history|quality|customer success,"Decision, approver/authority, rationale, conditions, date and affected objects",candidate-explicit
EJOB-F12.03-PROFESSIONAL,Service Dispatcher,,"Production, Service, Quality & Finance — F12",JP-F12.03-PROFESSIONAL,reconciled-employment-profile,WP-W7-F12.03-PROFESSIONAL-002,Issued Service Work,TRANSACTION / COMMITMENT,F12.03.A02,NATIVE,Operate,Service|Work Order|Appointment|Site|Customer,F12,Service Appointment [AGG-17-SERVICE],Transaction Workspace|Approval Panel,customer/service entitlement|service plan|work order|resource availability|technical information,customer acceptance|billing|asset/service history|quality|customer success,"Counterparty/terms/authority with immutable issue, execution, amendment and completion history",candidate-explicit
EJOB-F12.03-PROFESSIONAL,Service Dispatcher,,"Production, Service, Quality & Finance — F12",JP-F12.03-PROFESSIONAL,reconciled-employment-profile,WP-W7-F12.03-PROFESSIONAL-003,Field Route / Travel Plan,PLAN / STRATEGY,F12.03.A03,NATIVE,Operate,Service|Work Order|Appointment|Site|Customer,F12,Service Appointment [AGG-17-SERVICE],Object Workspace|Structure Browser|Enterprise Grid,customer/service entitlement|service plan|work order|resource availability|technical information,customer acceptance|billing|asset/service history|quality|customer success,"Versioned plan/strategy with assumptions, ownership, review, approval and effective-date provenance",candidate-explicit
EJOB-F12.03-PROFESSIONAL,Service Dispatcher,,"Production, Service, Quality & Finance — F12",JP-F12.03-PROFESSIONAL,reconciled-employment-profile,WP-W7-F12.03-PROFESSIONAL-004,Dispatch Progress Snapshot,REPORT / SNAPSHOT,F12.03.A04,NATIVE,Operate,Service|Work Order|Appointment|Site|Customer,F12,Service Appointment [AGG-17-SERVICE],Report Builder|Snapshot View,customer/service entitlement|service plan|work order|resource availability|technical information,customer acceptance|billing|asset/service history|quality|customer success,"Point-in-time/as-of snapshot with source data, calculation/filter and publication provenance",candidate-explicit
EJOB-F12.10-PROFESSIONAL,Service Performance Specialist,,"Production, Service, Quality & Finance — F12",JP-F12.10-PROFESSIONAL,reconciled-employment-profile,WP-W7-F12.10-PROFESSIONAL-001,Service Productivity Dashboard,REPORT / SNAPSHOT,F12.10.A01,NATIVE,Operate,Service|Work Order|Appointment|Site|Customer,F12,Service Performance [AGG-02-PERFORMANCE],Report Builder|Snapshot View,customer/service entitlement|service plan|work order|resource availability|technical information,customer acceptance|billing|asset/service history|quality|customer success,"Point-in-time/as-of snapshot with source data, calculation/filter and publication provenance",candidate-explicit
EJOB-F12.10-PROFESSIONAL,Service Performance Specialist,,"Production, Service, Quality & Finance — F12",JP-F12.10-PROFESSIONAL,reconciled-employment-profile,WP-W7-F12.10-PROFESSIONAL-002,Service Utilisation Analysis,CALCULATION / MODEL,F12.10.A02,NATIVE,Operate,Service|Work Order|Appointment|Site|Customer,F12,Service Performance [AGG-02-PERFORMANCE],Calculation Workbench|Enterprise Grid,customer/service entitlement|service plan|work order|resource availability|technical information,customer acceptance|billing|asset/service history|quality|customer success,"Versioned calculation/model with inputs, assumptions, method, scenario and result provenance",candidate-explicit
EJOB-F12.10-PROFESSIONAL,Service Performance Specialist,,"Production, Service, Quality & Finance — F12",JP-F12.10-PROFESSIONAL,reconciled-employment-profile,WP-W7-F12.10-PROFESSIONAL-003,SLA Performance Analysis,REPORT / SNAPSHOT,F12.10.A03,NATIVE,Operate,Service|Work Order|Appointment|Site|Customer,F12,Service Performance [AGG-02-PERFORMANCE],Report Builder|Snapshot View,customer/service entitlement|service plan|work order|resource availability|technical information,customer acceptance|billing|asset/service history|quality|customer success,"Point-in-time/as-of snapshot with source data, calculation/filter and publication provenance",candidate-explicit
EJOB-F12.10-PROFESSIONAL,Service Performance Specialist,,"Production, Service, Quality & Finance — F12",JP-F12.10-PROFESSIONAL,reconciled-employment-profile,WP-W7-F12.10-PROFESSIONAL-004,First-Time-Fix Report,REPORT / SNAPSHOT,F12.10.A04,NATIVE,Operate,Service|Work Order|Appointment|Site|Customer,F12,Service Performance [AGG-02-PERFORMANCE],Report Builder|Snapshot View,customer/service entitlement|service plan|work order|resource availability|technical information,customer acceptance|billing|asset/service history|quality|customer success,"Point-in-time/as-of snapshot with source data, calculation/filter and publication provenance",candidate-explicit
EJOB-F12.10-PROFESSIONAL,Service Performance Specialist,,"Production, Service, Quality & Finance — F12",JP-F12.10-PROFESSIONAL,reconciled-employment-profile,WP-W7-F12.10-PROFESSIONAL-005,Cost-to-Serve Analysis,CALCULATION / MODEL,F12.10.A05,NATIVE,Operate,Service|Work Order|Appointment|Site|Customer,F12,Service Performance [AGG-02-PERFORMANCE],Calculation Workbench|Enterprise Grid,customer/service entitlement|service plan|work order|resource availability|technical information,customer acceptance|billing|asset/service history|quality|customer success,"Versioned calculation/model with inputs, assumptions, method, scenario and result provenance",candidate-explicit
EJOB-F12.01-PROFESSIONAL,Service Planner,,"Production, Service, Quality & Finance — F12",JP-F12.01-PROFESSIONAL,reconciled-employment-profile,WP-W7-F12.01-PROFESSIONAL-001,Service Delivery Model,PLAN / STRATEGY,F12.01.A01,NATIVE,Operate,Service|Work Order|Appointment|Site|Customer,F12,Service Case / Plan [AGG-17-SERVICE],Object Workspace|Structure Browser|Enterprise Grid,customer/service entitlement|service plan|work order|resource availability|technical information,customer acceptance|billing|asset/service history|quality|customer success,"Versioned plan/strategy with assumptions, ownership, review, approval and effective-date provenance",candidate-explicit
EJOB-F12.01-PROFESSIONAL,Service Planner,,"Production, Service, Quality & Finance — F12",JP-F12.01-PROFESSIONAL,reconciled-employment-profile,WP-W7-F12.01-PROFESSIONAL-002,Service Resource Requirement Plan,PLAN / STRATEGY,F12.01.A02,NATIVE,Operate,Service|Work Order|Appointment|Site|Customer,F12,Service Case / Plan [AGG-17-SERVICE],Object Workspace|Structure Browser|Enterprise Grid,customer/service entitlement|service plan|work order|resource availability|technical information,customer acceptance|billing|asset/service history|quality|customer success,"Versioned plan/strategy with assumptions, ownership, review, approval and effective-date provenance",candidate-explicit
EJOB-F12.01-PROFESSIONAL,Service Planner,,"Production, Service, Quality & Finance — F12",JP-F12.01-PROFESSIONAL,reconciled-employment-profile,WP-W7-F12.01-PROFESSIONAL-003,Service Standard / Operating Procedure,CONTROLLED INFORMATION,F12.01.A03,NATIVE,Operate,Service|Work Order|Appointment|Site|Customer,F12,Service Case / Plan [AGG-17-SERVICE],Controlled Document Editor|Object Workspace,customer/service entitlement|service plan|work order|resource availability|technical information,customer acceptance|billing|asset/service history|quality|customer success,"Controlled revision with author, reviewer, approver, issue/effective date and supersession provenance",candidate-explicit
EJOB-F12.01-PROFESSIONAL,Service Planner,,"Production, Service, Quality & Finance — F12",JP-F12.01-PROFESSIONAL,reconciled-employment-profile,WP-W7-F12.01-PROFESSIONAL-004,Service Capacity Plan,PLAN / STRATEGY,F12.01.A04,NATIVE,Operate,Service|Work Order|Appointment|Site|Customer,F12,Service Case / Plan [AGG-17-SERVICE],Object Workspace|Structure Browser|Enterprise Grid,customer/service entitlement|service plan|work order|resource availability|technical information,customer acceptance|billing|asset/service history|quality|customer success,"Versioned plan/strategy with assumptions, ownership, review, approval and effective-date provenance",candidate-explicit
EJOB-F12.08-PROFESSIONAL,Service Quality Specialist,,"Production, Service, Quality & Finance — F12",JP-F12.08-PROFESSIONAL,reconciled-employment-profile,WP-W7-F12.08-PROFESSIONAL-001,Service SLA Monitoring Snapshot,REPORT / SNAPSHOT,F12.08.A01,NATIVE,Operate,Service|Work Order|Appointment|Site|Customer,F12,Service Quality Evidence [AGG-13-INSPECTION],Report Builder|Snapshot View,customer/service entitlement|service plan|work order|resource availability|technical information,customer acceptance|billing|asset/service history|quality|customer success,"Point-in-time/as-of snapshot with source data, calculation/filter and publication provenance",candidate-explicit
EJOB-F12.08-PROFESSIONAL,Service Quality Specialist,,"Production, Service, Quality & Finance — F12",JP-F12.08-PROFESSIONAL,reconciled-employment-profile,WP-W7-F12.08-PROFESSIONAL-002,Service Quality Assessment,CASE / ASSESSMENT,F12.08.A02,NATIVE,Operate,Service|Work Order|Appointment|Site|Customer,F12,Service Quality Evidence [AGG-13-INSPECTION],Case Workspace|Assessment Form|Evidence Panel,customer/service entitlement|service plan|work order|resource availability|technical information,customer acceptance|billing|asset/service history|quality|customer success,"Evidence set, assessment rationale, findings, decisions/actions and closure history",candidate-explicit
EJOB-F12.08-PROFESSIONAL,Service Quality Specialist,,"Production, Service, Quality & Finance — F12",JP-F12.08-PROFESSIONAL,reconciled-employment-profile,WP-W7-F12.08-PROFESSIONAL-003,Service Deficiency / Corrective Action,CHANGE,F12.08.A03,NATIVE,Operate,Service|Work Order|Appointment|Site|Customer,F12,Service Quality Evidence [AGG-13-INSPECTION],Change Workspace|Impact Assessment,customer/service entitlement|service plan|work order|resource availability|technical information,customer acceptance|billing|asset/service history|quality|customer success,"Baseline, impact assessment, authority decision, implementation and verification evidence",candidate-explicit
EJOB-F12.02-PROFESSIONAL,Service Scheduler,,"Production, Service, Quality & Finance — F12",JP-F12.02-PROFESSIONAL,reconciled-employment-profile,WP-W7-F12.02-PROFESSIONAL-001,Service Appointment / Job Schedule,REGISTER / SCHEDULE,F12.02.A01,NATIVE,Operate,Service|Work Order|Appointment|Site|Customer,F12,Service Case / Plan [AGG-17-SERVICE],Enterprise Grid|Collection View,customer/service entitlement|service plan|work order|resource availability|technical information,customer acceptance|billing|asset/service history|quality|customer success,"Governed entries with owner, status, dates, source references and immutable change history",candidate-explicit
EJOB-F12.02-PROFESSIONAL,Service Scheduler,,"Production, Service, Quality & Finance — F12",JP-F12.02-PROFESSIONAL,reconciled-employment-profile,WP-W7-F12.02-PROFESSIONAL-002,Service Personnel Assignment,REGISTER / SCHEDULE,F12.02.A02,NATIVE,Operate,Service|Work Order|Appointment|Site|Customer,F12,Service Case / Plan [AGG-17-SERVICE],Enterprise Grid|Collection View,customer/service entitlement|service plan|work order|resource availability|technical information,customer acceptance|billing|asset/service history|quality|customer success,"Governed entries with owner, status, dates, source references and immutable change history",candidate-explicit
EJOB-F12.02-PROFESSIONAL,Service Scheduler,,"Production, Service, Quality & Finance — F12",JP-F12.02-PROFESSIONAL,reconciled-employment-profile,WP-W7-F12.02-PROFESSIONAL-003,Service Schedule Optimisation,CALCULATION / MODEL,F12.02.A03,NATIVE,Operate,Service|Work Order|Appointment|Site|Customer,F12,Service Case / Plan [AGG-17-SERVICE],Calculation Workbench|Enterprise Grid,customer/service entitlement|service plan|work order|resource availability|technical information,customer acceptance|billing|asset/service history|quality|customer success,"Versioned calculation/model with inputs, assumptions, method, scenario and result provenance",candidate-explicit
EJOB-F13.07-PROFESSIONAL,Supplier Quality Engineer,,"Production, Service, Quality & Finance — F13",JP-F13.07-PROFESSIONAL,reconciled-employment-profile,WP-W7-F13.07-PROFESSIONAL-001,Supplier Quality Audit,INSPECTION / TEST,F13.07.A01,NATIVE,Operate,Quality Plan|Inspection|NCR|CAPA|Supplier|Product|Service,F13,Inspection / Assurance Plan [AGG-13-QUALITY],Test / Inspection Workbench|Evidence Panel,product/service requirements|quality standards|inspection/test results|supplier evidence|non-conformance data,production/service release|supplier management|corrective action|controlled information|assurance,"Inspection/test basis, method, result, evidence, performer/reviewer and acceptance status",candidate-explicit
EJOB-F13.07-PROFESSIONAL,Supplier Quality Engineer,,"Production, Service, Quality & Finance — F13",JP-F13.07-PROFESSIONAL,reconciled-employment-profile,WP-W7-F13.07-PROFESSIONAL-002,Incoming Goods Quality Inspection,INSPECTION / TEST,F13.07.A02,NATIVE,Operate,Quality Plan|Inspection|NCR|CAPA|Supplier|Product|Service,F13,Inspection / Assurance Plan [AGG-13-QUALITY],Test / Inspection Workbench|Evidence Panel,product/service requirements|quality standards|inspection/test results|supplier evidence|non-conformance data,production/service release|supplier management|corrective action|controlled information|assurance,"Inspection/test basis, method, result, evidence, performer/reviewer and acceptance status",candidate-explicit
EJOB-F13.07-PROFESSIONAL,Supplier Quality Engineer,,"Production, Service, Quality & Finance — F13",JP-F13.07-PROFESSIONAL,reconciled-employment-profile,WP-W7-F13.07-PROFESSIONAL-003,Supplier Corrective Action Request / Status,CHANGE,F13.07.A03,NATIVE,Operate,Quality Plan|Inspection|NCR|CAPA|Supplier|Product|Service,F13,Inspection / Assurance Plan [AGG-13-QUALITY],Change Workspace|Impact Assessment,product/service requirements|quality standards|inspection/test results|supplier evidence|non-conformance data,production/service release|supplier management|corrective action|controlled information|assurance,"Baseline, impact assessment, authority decision, implementation and verification evidence",candidate-explicit
EJOB-F14.19-PROFESSIONAL,Tax Specialist,,"Production, Service, Quality & Finance — F14",JP-F14.19-PROFESSIONAL,reconciled-employment-profile,WP-W7-F14.19-PROFESSIONAL-001,Tax Calculation,CALCULATION / MODEL,F14.19.A01,NATIVE,Operate,Legal Entity|Accounting Period|Ledger|Customer|Supplier|Bank|Tax Jurisdiction|Investment,F14,Tax / Statutory Finance [AGG-19-TAX-RETURN],Calculation Workbench|Enterprise Grid,approved commercial transactions|bank/cash data|budgets/forecasts|source subledgers|tax/control requirements,management decisions|payments/cash|statutory/tax reporting|investment/asset decisions|enterprise performance,"Versioned calculation/model with inputs, assumptions, method, scenario and result provenance",candidate-explicit
EJOB-F14.19-PROFESSIONAL,Tax Specialist,,"Production, Service, Quality & Finance — F14",JP-F14.19-PROFESSIONAL,reconciled-employment-profile,WP-W7-F14.19-PROFESSIONAL-002,Tax Return / Filing,CERTIFICATE / FORMAL ATTESTATION,F14.19.A02,NATIVE,Operate,Legal Entity|Accounting Period|Ledger|Customer|Supplier|Bank|Tax Jurisdiction|Investment,F14,Tax / Statutory Finance [AGG-19-TAX-RETURN],Attestation Workspace|Evidence Panel,approved commercial transactions|bank/cash data|budgets/forecasts|source subledgers|tax/control requirements,management decisions|payments/cash|statutory/tax reporting|investment/asset decisions|enterprise performance,"Formal attestation with issuer, authority, scope, date, evidence and validity",candidate-explicit
EJOB-F14.19-PROFESSIONAL,Tax Specialist,,"Production, Service, Quality & Finance — F14",JP-F14.19-PROFESSIONAL,reconciled-employment-profile,WP-W7-F14.19-PROFESSIONAL-003,VAT / GST Return & Reconciliation,CERTIFICATE / FORMAL ATTESTATION,F14.19.A03,NATIVE,Operate,Legal Entity|Accounting Period|Ledger|Customer|Supplier|Bank|Tax Jurisdiction|Investment,F14,Tax / Statutory Finance [AGG-19-TAX-RETURN],Attestation Workspace|Evidence Panel,approved commercial transactions|bank/cash data|budgets/forecasts|source subledgers|tax/control requirements,management decisions|payments/cash|statutory/tax reporting|investment/asset decisions|enterprise performance,"Formal attestation with issuer, authority, scope, date, evidence and validity",candidate-explicit
EJOB-F14.19-PROFESSIONAL,Tax Specialist,,"Production, Service, Quality & Finance — F14",JP-F14.19-PROFESSIONAL,reconciled-employment-profile,WP-W7-F14.19-PROFESSIONAL-004,Corporation Tax Computation,CALCULATION / MODEL,F14.19.A04,NATIVE,Operate,Legal Entity|Accounting Period|Ledger|Customer|Supplier|Bank|Tax Jurisdiction|Investment,F14,Tax / Statutory Finance [AGG-19-TAX-RETURN],Calculation Workbench|Enterprise Grid,approved commercial transactions|bank/cash data|budgets/forecasts|source subledgers|tax/control requirements,management decisions|payments/cash|statutory/tax reporting|investment/asset decisions|enterprise performance,"Versioned calculation/model with inputs, assumptions, method, scenario and result provenance",candidate-explicit
EJOB-F14.19-PROFESSIONAL,Tax Specialist,,"Production, Service, Quality & Finance — F14",JP-F14.19-PROFESSIONAL,reconciled-employment-profile,WP-W7-F14.19-PROFESSIONAL-005,Withholding Tax Record,TRANSACTION / COMMITMENT,F14.19.A05,NATIVE,Operate,Legal Entity|Accounting Period|Ledger|Customer|Supplier|Bank|Tax Jurisdiction|Investment,F14,Tax / Statutory Finance [AGG-19-TAX-RETURN],Transaction Workspace|Approval Panel,approved commercial transactions|bank/cash data|budgets/forecasts|source subledgers|tax/control requirements,management decisions|payments/cash|statutory/tax reporting|investment/asset decisions|enterprise performance,"Counterparty/terms/authority with immutable issue, execution, amendment and completion history",candidate-explicit
EJOB-F14.19-PROFESSIONAL,Tax Specialist,,"Production, Service, Quality & Finance — F14",JP-F14.19-PROFESSIONAL,reconciled-employment-profile,WP-W7-F14.19-PROFESSIONAL-006,Transfer Pricing File / Analysis,CONTROLLED INFORMATION,F14.19.A06,NATIVE,Operate,Legal Entity|Accounting Period|Ledger|Customer|Supplier|Bank|Tax Jurisdiction|Investment,F14,Tax / Statutory Finance [AGG-19-TAX-RETURN],Controlled Document Editor|Object Workspace,approved commercial transactions|bank/cash data|budgets/forecasts|source subledgers|tax/control requirements,management decisions|payments/cash|statutory/tax reporting|investment/asset decisions|enterprise performance,"Controlled revision with author, reviewer, approver, issue/effective date and supersession provenance",candidate-explicit
EJOB-F14.17-PROFESSIONAL,Treasury FX Specialist,,"Production, Service, Quality & Finance — F14",JP-F14.17-PROFESSIONAL,reconciled-employment-profile,WP-W7-F14.17-PROFESSIONAL-001,FX Exposure Forecast,CALCULATION / MODEL,F14.17.A01,NATIVE,Operate,Legal Entity|Accounting Period|Ledger|Customer|Supplier|Bank|Tax Jurisdiction|Investment,F14,Treasury / Cash [AGG-19-TREASURY],Calculation Workbench|Enterprise Grid,approved commercial transactions|bank/cash data|budgets/forecasts|source subledgers|tax/control requirements,management decisions|payments/cash|statutory/tax reporting|investment/asset decisions|enterprise performance,"Versioned calculation/model with inputs, assumptions, method, scenario and result provenance",candidate-explicit
EJOB-F14.17-PROFESSIONAL,Treasury FX Specialist,,"Production, Service, Quality & Finance — F14",JP-F14.17-PROFESSIONAL,reconciled-employment-profile,WP-W7-F14.17-PROFESSIONAL-002,Hedge Trade / Contract,TRANSACTION / COMMITMENT,F14.17.A02,NATIVE,Operate,Legal Entity|Accounting Period|Ledger|Customer|Supplier|Bank|Tax Jurisdiction|Investment,F14,Treasury / Cash [AGG-19-TREASURY],Transaction Workspace|Approval Panel,approved commercial transactions|bank/cash data|budgets/forecasts|source subledgers|tax/control requirements,management decisions|payments/cash|statutory/tax reporting|investment/asset decisions|enterprise performance,"Counterparty/terms/authority with immutable issue, execution, amendment and completion history",candidate-explicit
EJOB-F14.17-PROFESSIONAL,Treasury FX Specialist,,"Production, Service, Quality & Finance — F14",JP-F14.17-PROFESSIONAL,reconciled-employment-profile,WP-W7-F14.17-PROFESSIONAL-003,FX Settlement Record,TRANSACTION / COMMITMENT,F14.17.A03,NATIVE,Operate,Legal Entity|Accounting Period|Ledger|Customer|Supplier|Bank|Tax Jurisdiction|Investment,F14,Treasury / Cash [AGG-19-TREASURY],Transaction Workspace|Approval Panel,approved commercial transactions|bank/cash data|budgets/forecasts|source subledgers|tax/control requirements,management decisions|payments/cash|statutory/tax reporting|investment/asset decisions|enterprise performance,"Counterparty/terms/authority with immutable issue, execution, amendment and completion history",candidate-explicit
EJOB-F14.17-PROFESSIONAL,Treasury FX Specialist,,"Production, Service, Quality & Finance — F14",JP-F14.17-PROFESSIONAL,reconciled-employment-profile,WP-W7-F14.17-PROFESSIONAL-004,FX Position / Hedge Effectiveness Snapshot,REPORT / SNAPSHOT,F14.17.A04,NATIVE,Operate,Legal Entity|Accounting Period|Ledger|Customer|Supplier|Bank|Tax Jurisdiction|Investment,F14,Treasury / Cash [AGG-19-TREASURY],Report Builder|Snapshot View,approved commercial transactions|bank/cash data|budgets/forecasts|source subledgers|tax/control requirements,management decisions|payments/cash|statutory/tax reporting|investment/asset decisions|enterprise performance,"Point-in-time/as-of snapshot with source data, calculation/filter and publication provenance",candidate-explicit
EJOB-F14.15-PROFESSIONAL,Treasury Specialist,,"Production, Service, Quality & Finance — F14",JP-F14.15-PROFESSIONAL,reconciled-employment-profile,WP-W7-F14.15-PROFESSIONAL-001,Cash Position / Liquidity Forecast,CALCULATION / MODEL,F14.15.A01|F14.15.A02,NATIVE,Operate,Legal Entity|Accounting Period|Ledger|Customer|Supplier|Bank|Tax Jurisdiction|Investment,F14,Treasury / Cash [AGG-19-TREASURY],Calculation Workbench|Enterprise Grid,approved commercial transactions|bank/cash data|budgets/forecasts|source subledgers|tax/control requirements,management decisions|payments/cash|statutory/tax reporting|investment/asset decisions|enterprise performance,"Versioned calculation/model with inputs, assumptions, method, scenario and result provenance",candidate-explicit
EJOB-F14.15-PROFESSIONAL,Treasury Specialist,,"Production, Service, Quality & Finance — F14",JP-F14.15-PROFESSIONAL,reconciled-employment-profile,WP-W7-F14.15-PROFESSIONAL-002,Bank Account Register,REGISTER / SCHEDULE,F14.15.A03,NATIVE,Operate,Legal Entity|Accounting Period|Ledger|Customer|Supplier|Bank|Tax Jurisdiction|Investment,F14,Treasury / Cash [AGG-19-TREASURY],Enterprise Grid|Collection View,approved commercial transactions|bank/cash data|budgets/forecasts|source subledgers|tax/control requirements,management decisions|payments/cash|statutory/tax reporting|investment/asset decisions|enterprise performance,"Governed entries with owner, status, dates, source references and immutable change history",candidate-explicit
EJOB-F14.15-PROFESSIONAL,Treasury Specialist,,"Production, Service, Quality & Finance — F14",JP-F14.15-PROFESSIONAL,reconciled-employment-profile,WP-W7-F14.15-PROFESSIONAL-003,Funding Plan / Position,PLAN / STRATEGY,F14.15.A04,NATIVE,Operate,Legal Entity|Accounting Period|Ledger|Customer|Supplier|Bank|Tax Jurisdiction|Investment,F14,Treasury / Cash [AGG-19-TREASURY],Object Workspace|Structure Browser|Enterprise Grid,approved commercial transactions|bank/cash data|budgets/forecasts|source subledgers|tax/control requirements,management decisions|payments/cash|statutory/tax reporting|investment/asset decisions|enterprise performance,"Versioned plan/strategy with assumptions, ownership, review, approval and effective-date provenance",candidate-explicit
EJOB-F14.15-PROFESSIONAL,Treasury Specialist,,"Production, Service, Quality & Finance — F14",JP-F14.15-PROFESSIONAL,reconciled-employment-profile,WP-W7-F14.15-PROFESSIONAL-004,Treasury Investment Record,TRANSACTION / COMMITMENT,F14.15.A05,NATIVE,Operate,Legal Entity|Accounting Period|Ledger|Customer|Supplier|Bank|Tax Jurisdiction|Investment,F14,Treasury / Cash [AGG-19-TREASURY],Transaction Workspace|Approval Panel,approved commercial transactions|bank/cash data|budgets/forecasts|source subledgers|tax/control requirements,management decisions|payments/cash|statutory/tax reporting|investment/asset decisions|enterprise performance,"Counterparty/terms/authority with immutable issue, execution, amendment and completion history",candidate-explicit
EJOB-F11.06-PROFESSIONAL,WIP Controller,,"Production, Service, Quality & Finance — F11",JP-F11.06-PROFESSIONAL,reconciled-employment-profile,WP-W7-F11.06-PROFESSIONAL-001,WIP Status Register,REGISTER / SCHEDULE,F11.06.A01,NATIVE,Operate,Production Order|Work Centre|Shift|Material|Equipment,F11,Production Order [AGG-11-PRODUCTION],Enterprise Grid|Collection View,demand/supply plan|manufacturing definition|materials/inventory|equipment/capacity|quality requirements,inventory/finished goods|quality|maintenance|cost accounting|customer fulfilment,"Governed entries with owner, status, dates, source references and immutable change history",candidate-explicit
EJOB-F11.06-PROFESSIONAL,WIP Controller,,"Production, Service, Quality & Finance — F11",JP-F11.06-PROFESSIONAL,reconciled-employment-profile,WP-W7-F11.06-PROFESSIONAL-002,WIP Movement Record,EXECUTION RECORD,F11.06.A02,NATIVE,Operate,Production Order|Work Centre|Shift|Material|Equipment,F11,Production Order [AGG-11-PRODUCTION],Execution Record|Evidence Panel,demand/supply plan|manufacturing definition|materials/inventory|equipment/capacity|quality requirements,inventory/finished goods|quality|maintenance|cost accounting|customer fulfilment,Attributable who/what/when/result record with source context and evidence,candidate-explicit
EJOB-F11.06-PROFESSIONAL,WIP Controller,,"Production, Service, Quality & Finance — F11",JP-F11.06-PROFESSIONAL,reconciled-employment-profile,WP-W7-F11.06-PROFESSIONAL-003,Production Queue / Dispatch List,REGISTER / SCHEDULE,F11.06.A03,NATIVE,Operate,Production Order|Work Centre|Shift|Material|Equipment,F11,Production Order [AGG-11-PRODUCTION],Enterprise Grid|Collection View,demand/supply plan|manufacturing definition|materials/inventory|equipment/capacity|quality requirements,inventory/finished goods|quality|maintenance|cost accounting|customer fulfilment,"Governed entries with owner, status, dates, source references and immutable change history",candidate-explicit
EJOB-F11.06-PROFESSIONAL,WIP Controller,,"Production, Service, Quality & Finance — F11",JP-F11.06-PROFESSIONAL,reconciled-employment-profile,WP-W7-F11.06-PROFESSIONAL-004,WIP Quantity Reconciliation,CASE / ASSESSMENT,F11.06.A04,NATIVE,Operate,Production Order|Work Centre|Shift|Material|Equipment,F11,Production Order [AGG-11-PRODUCTION],Case Workspace|Assessment Form|Evidence Panel,demand/supply plan|manufacturing definition|materials/inventory|equipment/capacity|quality requirements,inventory/finished goods|quality|maintenance|cost accounting|customer fulfilment,"Evidence set, assessment rationale, findings, decisions/actions and closure history",candidate-explicit
