job_archetype_id,job_title,career_index,domain,internal_job_profile_ids,internal_profile_state,work_product_id,work_product_name,work_product_family,exact_activity_ids,authoring_mode_candidate,enterprise_stream,context_types,primary_functions,canonical_object_candidate,authoring_primitive_candidate,upstream_inputs,downstream_handoff,evidence_requirement,review_state
EJOB-F07.02-PROFESSIONAL,Account Manager,,"Commercial, Customer & Supply Chain — F07",JP-F07.02-PROFESSIONAL,reconciled-employment-profile,WP-W6-F07.02-PROFESSIONAL-001,Account Setup Record,EXECUTION RECORD,F07.02.A01,NATIVE,Operate,Customer|Account|Opportunity|Quote|Bid|Contract|Order,F07,Account / Partner Plan [AGG-03-ACCOUNT-PLAN],Execution Record|Evidence Panel,marketing-qualified demand|customer/account data|pricing/product definitions|authority/contract policy,contract/order fulfilment|customer onboarding|finance/revenue|delivery operations,Attributable who/what/when/result record with source context and evidence,candidate-explicit
EJOB-F07.02-PROFESSIONAL,Account Manager,,"Commercial, Customer & Supply Chain — F07",JP-F07.02-PROFESSIONAL,reconciled-employment-profile,WP-W6-F07.02-PROFESSIONAL-002,Account Classification,CONTROLLED INFORMATION,F07.02.A02,NATIVE,Operate,Customer|Account|Opportunity|Quote|Bid|Contract|Order,F07,Account / Partner Plan [AGG-03-ACCOUNT-PLAN],Controlled Document Editor|Object Workspace,marketing-qualified demand|customer/account data|pricing/product definitions|authority/contract policy,contract/order fulfilment|customer onboarding|finance/revenue|delivery operations,"Controlled revision with author, reviewer, approver, issue/effective date and supersession provenance",candidate-explicit
EJOB-F07.02-PROFESSIONAL,Account Manager,,"Commercial, Customer & Supply Chain — F07",JP-F07.02-PROFESSIONAL,reconciled-employment-profile,WP-W6-F07.02-PROFESSIONAL-003,Account Plan,PLAN / STRATEGY,F07.02.A03,NATIVE,Operate,Customer|Account|Opportunity|Quote|Bid|Contract|Order,F07,Account / Partner Plan [AGG-03-ACCOUNT-PLAN],Object Workspace|Structure Browser|Enterprise Grid,marketing-qualified demand|customer/account data|pricing/product definitions|authority/contract policy,contract/order fulfilment|customer onboarding|finance/revenue|delivery operations,"Versioned plan/strategy with assumptions, ownership, review, approval and effective-date provenance",candidate-explicit
EJOB-F07.02-PROFESSIONAL,Account Manager,,"Commercial, Customer & Supply Chain — F07",JP-F07.02-PROFESSIONAL,reconciled-employment-profile,WP-W6-F07.02-PROFESSIONAL-004,Account Relationship Review,REPORT / SNAPSHOT,F07.02.A04,NATIVE,Operate,Customer|Account|Opportunity|Quote|Bid|Contract|Order,F07,Account / Partner Plan [AGG-03-ACCOUNT-PLAN],Report Builder|Snapshot View,marketing-qualified demand|customer/account data|pricing/product definitions|authority/contract policy,contract/order fulfilment|customer onboarding|finance/revenue|delivery operations,"Point-in-time/as-of snapshot with source data, calculation/filter and publication provenance",candidate-explicit
EJOB-F07.07-PROFESSIONAL,Bid & Proposal Manager,,"Commercial, Customer & Supply Chain — F07",JP-F07.07-PROFESSIONAL,reconciled-employment-profile,WP-W6-F07.07-PROFESSIONAL-001,Tender Review / Compliance Matrix,CASE / ASSESSMENT,F07.07.A01,NATIVE,Operate,Customer|Account|Opportunity|Quote|Bid|Contract|Order,F07,Pursuit / Bid [AGG-03-PURSUIT],Case Workspace|Assessment Form|Evidence Panel,marketing-qualified demand|customer/account data|pricing/product definitions|authority/contract policy,contract/order fulfilment|customer onboarding|finance/revenue|delivery operations,"Evidence set, assessment rationale, findings, decisions/actions and closure history",candidate-explicit
EJOB-F07.07-PROFESSIONAL,Bid & Proposal Manager,,"Commercial, Customer & Supply Chain — F07",JP-F07.07-PROFESSIONAL,reconciled-employment-profile,WP-W6-F07.07-PROFESSIONAL-002,Bid / No-Bid Decision,DECISION / APPROVAL,F07.07.A02,NATIVE,Operate,Customer|Account|Opportunity|Quote|Bid|Contract|Order,F07,Pursuit / Bid [AGG-03-PURSUIT],Decision Workspace|Approval Panel,marketing-qualified demand|customer/account data|pricing/product definitions|authority/contract policy,contract/order fulfilment|customer onboarding|finance/revenue|delivery operations,"Decision, approver/authority, rationale, conditions, date and affected objects",candidate-explicit
EJOB-F07.07-PROFESSIONAL,Bid & Proposal Manager,,"Commercial, Customer & Supply Chain — F07",JP-F07.07-PROFESSIONAL,reconciled-employment-profile,WP-W6-F07.07-PROFESSIONAL-003,Proposal / Bid Response,CONTROLLED INFORMATION,F07.07.A03,NATIVE,Operate,Customer|Account|Opportunity|Quote|Bid|Contract|Order,F07,Pursuit / Bid [AGG-03-PURSUIT],Controlled Document Editor|Object Workspace,marketing-qualified demand|customer/account data|pricing/product definitions|authority/contract policy,contract/order fulfilment|customer onboarding|finance/revenue|delivery operations,"Controlled revision with author, reviewer, approver, issue/effective date and supersession provenance",candidate-explicit
EJOB-F07.07-PROFESSIONAL,Bid & Proposal Manager,,"Commercial, Customer & Supply Chain — F07",JP-F07.07-PROFESSIONAL,reconciled-employment-profile,WP-W6-F07.07-PROFESSIONAL-004,Proposal Approval,DECISION / APPROVAL,F07.07.A04,NATIVE,Operate,Customer|Account|Opportunity|Quote|Bid|Contract|Order,F07,Pursuit / Bid [AGG-03-PURSUIT],Decision Workspace|Approval Panel,marketing-qualified demand|customer/account data|pricing/product definitions|authority/contract policy,contract/order fulfilment|customer onboarding|finance/revenue|delivery operations,"Decision, approver/authority, rationale, conditions, date and affected objects",candidate-explicit
EJOB-F07.07-PROFESSIONAL,Bid & Proposal Manager,,"Commercial, Customer & Supply Chain — F07",JP-F07.07-PROFESSIONAL,reconciled-employment-profile,WP-W6-F07.07-PROFESSIONAL-005,Bid Submission Record,EXECUTION RECORD,F07.07.A05,NATIVE,Operate,Customer|Account|Opportunity|Quote|Bid|Contract|Order,F07,Pursuit / Bid [AGG-03-PURSUIT],Execution Record|Evidence Panel,marketing-qualified demand|customer/account data|pricing/product definitions|authority/contract policy,contract/order fulfilment|customer onboarding|finance/revenue|delivery operations,Attributable who/what/when/result record with source context and evidence,candidate-explicit
EJOB-F07.03-PROFESSIONAL,Business Development Manager,,"Commercial, Customer & Supply Chain — F07",JP-F07.03-PROFESSIONAL,reconciled-employment-profile,WP-W6-F07.03-PROFESSIONAL-001,Sales Opportunity Record,CASE / ASSESSMENT,F07.03.A01,NATIVE,Operate,Customer|Account|Opportunity|Quote|Bid|Contract|Order,F07,Opportunity / Pipeline [AGG-03-OPPORTUNITY],Case Workspace|Assessment Form|Evidence Panel,marketing-qualified demand|customer/account data|pricing/product definitions|authority/contract policy,contract/order fulfilment|customer onboarding|finance/revenue|delivery operations,"Evidence set, assessment rationale, findings, decisions/actions and closure history",candidate-explicit
EJOB-F07.03-PROFESSIONAL,Business Development Manager,,"Commercial, Customer & Supply Chain — F07",JP-F07.03-PROFESSIONAL,reconciled-employment-profile,WP-W6-F07.03-PROFESSIONAL-002,Opportunity Qualification Assessment,CASE / ASSESSMENT,F07.03.A02,NATIVE,Operate,Customer|Account|Opportunity|Quote|Bid|Contract|Order,F07,Opportunity / Pipeline [AGG-03-OPPORTUNITY],Case Workspace|Assessment Form|Evidence Panel,marketing-qualified demand|customer/account data|pricing/product definitions|authority/contract policy,contract/order fulfilment|customer onboarding|finance/revenue|delivery operations,"Evidence set, assessment rationale, findings, decisions/actions and closure history",candidate-explicit
EJOB-F07.03-PROFESSIONAL,Business Development Manager,,"Commercial, Customer & Supply Chain — F07",JP-F07.03-PROFESSIONAL,reconciled-employment-profile,WP-W6-F07.03-PROFESSIONAL-003,Opportunity Ownership / Stage Record,EXECUTION RECORD,F07.03.A03|F07.03.A04,NATIVE,Operate,Customer|Account|Opportunity|Quote|Bid|Contract|Order,F07,Opportunity / Pipeline [AGG-03-OPPORTUNITY],Execution Record|Evidence Panel,marketing-qualified demand|customer/account data|pricing/product definitions|authority/contract policy,contract/order fulfilment|customer onboarding|finance/revenue|delivery operations,Attributable who/what/when/result record with source context and evidence,candidate-explicit
EJOB-F07.03-PROFESSIONAL,Business Development Manager,,"Commercial, Customer & Supply Chain — F07",JP-F07.03-PROFESSIONAL,reconciled-employment-profile,WP-W6-F07.03-PROFESSIONAL-004,Opportunity Forecast,CALCULATION / MODEL,F07.03.A05,NATIVE,Operate,Customer|Account|Opportunity|Quote|Bid|Contract|Order,F07,Opportunity / Pipeline [AGG-03-OPPORTUNITY],Calculation Workbench|Enterprise Grid,marketing-qualified demand|customer/account data|pricing/product definitions|authority/contract policy,contract/order fulfilment|customer onboarding|finance/revenue|delivery operations,"Versioned calculation/model with inputs, assumptions, method, scenario and result provenance",candidate-explicit
EJOB-F07.03-PROFESSIONAL,Business Development Manager,,"Commercial, Customer & Supply Chain — F07",JP-F07.03-PROFESSIONAL,reconciled-employment-profile,WP-W6-F07.03-PROFESSIONAL-005,Opportunity Closure Record,HANDOVER / CLOSEOUT PACKAGE,F07.03.A06,NATIVE,Operate,Customer|Account|Opportunity|Quote|Bid|Contract|Order,F07,Opportunity / Pipeline [AGG-03-OPPORTUNITY],Package Workspace|Completeness Checklist,marketing-qualified demand|customer/account data|pricing/product definitions|authority/contract policy,contract/order fulfilment|customer onboarding|finance/revenue|delivery operations,"Controlled completeness set with acceptance, outstanding items, evidence and closure provenance",candidate-explicit
EJOB-F09.09-PROFESSIONAL,Buyer,,"Commercial, Customer & Supply Chain — F09",JP-F09.09-PROFESSIONAL,reconciled-employment-profile,WP-W6-F09.09-PROFESSIONAL-001,Purchase Order,TRANSACTION / COMMITMENT,F09.09.A01,NATIVE,Operate,Supplier|Category|Sourcing Event|Contract|Requisition|Purchase Order,F09,Purchase Order [AGG-09-PURCHASE-COMMITMENT],Transaction Workspace|Approval Panel,demand/requisition|category/spend data|supplier master|technical/commercial requirements|authority policy,purchase commitments|supplier onboarding|finance/AP|warehouse/logistics|supplier performance,"Counterparty/terms/authority with immutable issue, execution, amendment and completion history",candidate-explicit
EJOB-F09.09-PROFESSIONAL,Buyer,,"Commercial, Customer & Supply Chain — F09",JP-F09.09-PROFESSIONAL,reconciled-employment-profile,WP-W6-F09.09-PROFESSIONAL-002,Purchase Order Approval,DECISION / APPROVAL,F09.09.A02,NATIVE,Operate,Supplier|Category|Sourcing Event|Contract|Requisition|Purchase Order,F09,Purchase Order [AGG-09-PURCHASE-COMMITMENT],Decision Workspace|Approval Panel,demand/requisition|category/spend data|supplier master|technical/commercial requirements|authority policy,purchase commitments|supplier onboarding|finance/AP|warehouse/logistics|supplier performance,"Decision, approver/authority, rationale, conditions, date and affected objects",candidate-explicit
EJOB-F09.09-PROFESSIONAL,Buyer,,"Commercial, Customer & Supply Chain — F09",JP-F09.09-PROFESSIONAL,reconciled-employment-profile,WP-W6-F09.09-PROFESSIONAL-003,Issued Purchase Order,TRANSACTION / COMMITMENT,F09.09.A03,NATIVE,Operate,Supplier|Category|Sourcing Event|Contract|Requisition|Purchase Order,F09,Purchase Order [AGG-09-PURCHASE-COMMITMENT],Transaction Workspace|Approval Panel,demand/requisition|category/spend data|supplier master|technical/commercial requirements|authority policy,purchase commitments|supplier onboarding|finance/AP|warehouse/logistics|supplier performance,"Counterparty/terms/authority with immutable issue, execution, amendment and completion history",candidate-explicit
EJOB-F09.09-PROFESSIONAL,Buyer,,"Commercial, Customer & Supply Chain — F09",JP-F09.09-PROFESSIONAL,reconciled-employment-profile,WP-W6-F09.09-PROFESSIONAL-004,Purchase Order Amendment,CHANGE,F09.09.A04,NATIVE,Operate,Supplier|Category|Sourcing Event|Contract|Requisition|Purchase Order,F09,Purchase Order [AGG-09-PURCHASE-COMMITMENT],Change Workspace|Impact Assessment,demand/requisition|category/spend data|supplier master|technical/commercial requirements|authority policy,purchase commitments|supplier onboarding|finance/AP|warehouse/logistics|supplier performance,"Baseline, impact assessment, authority decision, implementation and verification evidence",candidate-explicit
EJOB-F09.09-PROFESSIONAL,Buyer,,"Commercial, Customer & Supply Chain — F09",JP-F09.09-PROFESSIONAL,reconciled-employment-profile,WP-W6-F09.09-PROFESSIONAL-005,Purchase Order Closure,HANDOVER / CLOSEOUT PACKAGE,F09.09.A05,NATIVE,Operate,Supplier|Category|Sourcing Event|Contract|Requisition|Purchase Order,F09,Purchase Order [AGG-09-PURCHASE-COMMITMENT],Package Workspace|Completeness Checklist,demand/requisition|category/spend data|supplier master|technical/commercial requirements|authority policy,purchase commitments|supplier onboarding|finance/AP|warehouse/logistics|supplier performance,"Controlled completeness set with acceptance, outstanding items, evidence and closure provenance",candidate-explicit
EJOB-F08.03-PROFESSIONAL,Case Manager,,"Commercial, Customer & Supply Chain — F08",JP-F08.03-PROFESSIONAL,reconciled-employment-profile,WP-W6-F08.03-PROFESSIONAL-001,Customer Case,CASE / ASSESSMENT,F08.03.A01|F08.03.A02,NATIVE,Operate,Customer|Case|Service|Warranty|SLA,F08,Customer Case [AGG-03-CUSTOMER-CASE],Case Workspace|Assessment Form|Evidence Panel,customer/account/service entitlement|orders/deliveries|product/service knowledge|SLA/warranty terms,service delivery|product improvement|finance credits|customer success/renewal,"Evidence set, assessment rationale, findings, decisions/actions and closure history",candidate-explicit
EJOB-F08.03-PROFESSIONAL,Case Manager,,"Commercial, Customer & Supply Chain — F08",JP-F08.03-PROFESSIONAL,reconciled-employment-profile,WP-W6-F08.03-PROFESSIONAL-002,Case Investigation Record,CASE / ASSESSMENT,F08.03.A03,NATIVE,Operate,Customer|Case|Service|Warranty|SLA,F08,Customer Case [AGG-03-CUSTOMER-CASE],Case Workspace|Assessment Form|Evidence Panel,customer/account/service entitlement|orders/deliveries|product/service knowledge|SLA/warranty terms,service delivery|product improvement|finance credits|customer success/renewal,"Evidence set, assessment rationale, findings, decisions/actions and closure history",candidate-explicit
EJOB-F08.03-PROFESSIONAL,Case Manager,,"Commercial, Customer & Supply Chain — F08",JP-F08.03-PROFESSIONAL,reconciled-employment-profile,WP-W6-F08.03-PROFESSIONAL-003,Case Resolution Record,DECISION / APPROVAL,F08.03.A04|F08.03.A05,NATIVE,Operate,Customer|Case|Service|Warranty|SLA,F08,Customer Case [AGG-03-CUSTOMER-CASE],Decision Workspace|Approval Panel,customer/account/service entitlement|orders/deliveries|product/service knowledge|SLA/warranty terms,service delivery|product improvement|finance credits|customer success/renewal,"Decision, approver/authority, rationale, conditions, date and affected objects",candidate-explicit
EJOB-F08.03-PROFESSIONAL,Case Manager,,"Commercial, Customer & Supply Chain — F08",JP-F08.03-PROFESSIONAL,reconciled-employment-profile,WP-W6-F08.03-PROFESSIONAL-004,Case Closure Record,HANDOVER / CLOSEOUT PACKAGE,F08.03.A06,NATIVE,Operate,Customer|Case|Service|Warranty|SLA,F08,Customer Case [AGG-03-CUSTOMER-CASE],Package Workspace|Completeness Checklist,customer/account/service entitlement|orders/deliveries|product/service knowledge|SLA/warranty terms,service delivery|product improvement|finance credits|customer success/renewal,"Controlled completeness set with acceptance, outstanding items, evidence and closure provenance",candidate-explicit
EJOB-F09.02-PROFESSIONAL,Category Manager,,"Commercial, Customer & Supply Chain — F09",JP-F09.02-PROFESSIONAL,reconciled-employment-profile,WP-W6-F09.02-PROFESSIONAL-001,Category Spend Segmentation,CALCULATION / MODEL,F09.02.A01,NATIVE,Operate,Supplier|Category|Sourcing Event|Contract|Requisition|Purchase Order,F09,Procurement Strategy / Package [AGG-09-PROCUREMENT-PACKAGE],Calculation Workbench|Enterprise Grid,demand/requisition|category/spend data|supplier master|technical/commercial requirements|authority policy,purchase commitments|supplier onboarding|finance/AP|warehouse/logistics|supplier performance,"Versioned calculation/model with inputs, assumptions, method, scenario and result provenance",candidate-explicit
EJOB-F09.02-PROFESSIONAL,Category Manager,,"Commercial, Customer & Supply Chain — F09",JP-F09.02-PROFESSIONAL,reconciled-employment-profile,WP-W6-F09.02-PROFESSIONAL-002,Supply Market Analysis,CASE / ASSESSMENT,F09.02.A02,NATIVE,Operate,Supplier|Category|Sourcing Event|Contract|Requisition|Purchase Order,F09,Procurement Strategy / Package [AGG-09-PROCUREMENT-PACKAGE],Case Workspace|Assessment Form|Evidence Panel,demand/requisition|category/spend data|supplier master|technical/commercial requirements|authority policy,purchase commitments|supplier onboarding|finance/AP|warehouse/logistics|supplier performance,"Evidence set, assessment rationale, findings, decisions/actions and closure history",candidate-explicit
EJOB-F09.02-PROFESSIONAL,Category Manager,,"Commercial, Customer & Supply Chain — F09",JP-F09.02-PROFESSIONAL,reconciled-employment-profile,WP-W6-F09.02-PROFESSIONAL-003,Category Plan,PLAN / STRATEGY,F09.02.A03,NATIVE,Operate,Supplier|Category|Sourcing Event|Contract|Requisition|Purchase Order,F09,Procurement Strategy / Package [AGG-09-PROCUREMENT-PACKAGE],Object Workspace|Structure Browser|Enterprise Grid,demand/requisition|category/spend data|supplier master|technical/commercial requirements|authority policy,purchase commitments|supplier onboarding|finance/AP|warehouse/logistics|supplier performance,"Versioned plan/strategy with assumptions, ownership, review, approval and effective-date provenance",candidate-explicit
EJOB-F09.02-PROFESSIONAL,Category Manager,,"Commercial, Customer & Supply Chain — F09",JP-F09.02-PROFESSIONAL,reconciled-employment-profile,WP-W6-F09.02-PROFESSIONAL-004,Category Savings Pipeline,REGISTER / SCHEDULE,F09.02.A04,NATIVE,Operate,Supplier|Category|Sourcing Event|Contract|Requisition|Purchase Order,F09,Procurement Strategy / Package [AGG-09-PROCUREMENT-PACKAGE],Enterprise Grid|Collection View,demand/requisition|category/spend data|supplier master|technical/commercial requirements|authority policy,purchase commitments|supplier onboarding|finance/AP|warehouse/logistics|supplier performance,"Governed entries with owner, status, dates, source references and immutable change history",candidate-explicit
EJOB-F07.10-PROFESSIONAL,Channel / Partner Sales Specialist,,"Commercial, Customer & Supply Chain — F07",JP-F07.10-PROFESSIONAL,reconciled-employment-profile,WP-W6-F07.10-PROFESSIONAL-001,Partner Candidate / Assessment,CASE / ASSESSMENT,F07.10.A01,NATIVE,Operate,Customer|Account|Opportunity|Quote|Bid|Contract|Order,F07,Account / Partner Plan [AGG-03-ACCOUNT-PLAN],Case Workspace|Assessment Form|Evidence Panel,marketing-qualified demand|customer/account data|pricing/product definitions|authority/contract policy,contract/order fulfilment|customer onboarding|finance/revenue|delivery operations,"Evidence set, assessment rationale, findings, decisions/actions and closure history",candidate-explicit
EJOB-F07.10-PROFESSIONAL,Channel / Partner Sales Specialist,,"Commercial, Customer & Supply Chain — F07",JP-F07.10-PROFESSIONAL,reconciled-employment-profile,WP-W6-F07.10-PROFESSIONAL-002,Partner Onboarding Record,EXECUTION RECORD,F07.10.A02,NATIVE,Operate,Customer|Account|Opportunity|Quote|Bid|Contract|Order,F07,Account / Partner Plan [AGG-03-ACCOUNT-PLAN],Execution Record|Evidence Panel,marketing-qualified demand|customer/account data|pricing/product definitions|authority/contract policy,contract/order fulfilment|customer onboarding|finance/revenue|delivery operations,Attributable who/what/when/result record with source context and evidence,candidate-explicit
EJOB-F07.10-PROFESSIONAL,Channel / Partner Sales Specialist,,"Commercial, Customer & Supply Chain — F07",JP-F07.10-PROFESSIONAL,reconciled-employment-profile,WP-W6-F07.10-PROFESSIONAL-003,Partner Commercial Terms,TRANSACTION / COMMITMENT,F07.10.A03,NATIVE,Operate,Customer|Account|Opportunity|Quote|Bid|Contract|Order,F07,Account / Partner Plan [AGG-03-ACCOUNT-PLAN],Transaction Workspace|Approval Panel,marketing-qualified demand|customer/account data|pricing/product definitions|authority/contract policy,contract/order fulfilment|customer onboarding|finance/revenue|delivery operations,"Counterparty/terms/authority with immutable issue, execution, amendment and completion history",candidate-explicit
EJOB-F07.10-PROFESSIONAL,Channel / Partner Sales Specialist,,"Commercial, Customer & Supply Chain — F07",JP-F07.10-PROFESSIONAL,reconciled-employment-profile,WP-W6-F07.10-PROFESSIONAL-004,Partner Pipeline Review,REPORT / SNAPSHOT,F07.10.A04,NATIVE,Operate,Customer|Account|Opportunity|Quote|Bid|Contract|Order,F07,Account / Partner Plan [AGG-03-ACCOUNT-PLAN],Report Builder|Snapshot View,marketing-qualified demand|customer/account data|pricing/product definitions|authority/contract policy,contract/order fulfilment|customer onboarding|finance/revenue|delivery operations,"Point-in-time/as-of snapshot with source data, calculation/filter and publication provenance",candidate-explicit
EJOB-F07.10-PROFESSIONAL,Channel / Partner Sales Specialist,,"Commercial, Customer & Supply Chain — F07",JP-F07.10-PROFESSIONAL,reconciled-employment-profile,WP-W6-F07.10-PROFESSIONAL-005,Partner Incentive Statement,CALCULATION / MODEL,F07.10.A05,NATIVE,Operate,Customer|Account|Opportunity|Quote|Bid|Contract|Order,F07,Account / Partner Plan [AGG-03-ACCOUNT-PLAN],Calculation Workbench|Enterprise Grid,marketing-qualified demand|customer/account data|pricing/product definitions|authority/contract policy,contract/order fulfilment|customer onboarding|finance/revenue|delivery operations,"Versioned calculation/model with inputs, assumptions, method, scenario and result provenance",candidate-explicit
EJOB-F08.04-PROFESSIONAL,Complaint Manager,,"Commercial, Customer & Supply Chain — F08",JP-F08.04-PROFESSIONAL,reconciled-employment-profile,WP-W6-F08.04-PROFESSIONAL-001,Customer Complaint Case,CASE / ASSESSMENT,F08.04.A01|F08.04.A02,NATIVE,Operate,Customer|Case|Service|Warranty|SLA,F08,Customer Case [AGG-03-CUSTOMER-CASE],Case Workspace|Assessment Form|Evidence Panel,customer/account/service entitlement|orders/deliveries|product/service knowledge|SLA/warranty terms,service delivery|product improvement|finance credits|customer success/renewal,"Evidence set, assessment rationale, findings, decisions/actions and closure history",candidate-explicit
EJOB-F08.04-PROFESSIONAL,Complaint Manager,,"Commercial, Customer & Supply Chain — F08",JP-F08.04-PROFESSIONAL,reconciled-employment-profile,WP-W6-F08.04-PROFESSIONAL-002,Complaint Resolution Communication,CONTROLLED INFORMATION,F08.04.A03,NATIVE,Operate,Customer|Case|Service|Warranty|SLA,F08,Customer Case [AGG-03-CUSTOMER-CASE],Controlled Document Editor|Object Workspace,customer/account/service entitlement|orders/deliveries|product/service knowledge|SLA/warranty terms,service delivery|product improvement|finance credits|customer success/renewal,"Controlled revision with author, reviewer, approver, issue/effective date and supersession provenance",candidate-explicit
EJOB-F08.04-PROFESSIONAL,Complaint Manager,,"Commercial, Customer & Supply Chain — F08",JP-F08.04-PROFESSIONAL,reconciled-employment-profile,WP-W6-F08.04-PROFESSIONAL-003,Compensation / Remediation Decision,DECISION / APPROVAL,F08.04.A04,NATIVE,Operate,Customer|Case|Service|Warranty|SLA,F08,Customer Case [AGG-03-CUSTOMER-CASE],Decision Workspace|Approval Panel,customer/account/service entitlement|orders/deliveries|product/service knowledge|SLA/warranty terms,service delivery|product improvement|finance credits|customer success/renewal,"Decision, approver/authority, rationale, conditions, date and affected objects",candidate-explicit
EJOB-F08.04-PROFESSIONAL,Complaint Manager,,"Commercial, Customer & Supply Chain — F08",JP-F08.04-PROFESSIONAL,reconciled-employment-profile,WP-W6-F08.04-PROFESSIONAL-004,Complaint Root-Cause Assessment,CASE / ASSESSMENT,F08.04.A05,NATIVE,Operate,Customer|Case|Service|Warranty|SLA,F08,Customer Case [AGG-03-CUSTOMER-CASE],Case Workspace|Assessment Form|Evidence Panel,customer/account/service entitlement|orders/deliveries|product/service knowledge|SLA/warranty terms,service delivery|product improvement|finance credits|customer success/renewal,"Evidence set, assessment rationale, findings, decisions/actions and closure history",candidate-explicit
EJOB-F07.08-PROFESSIONAL,Contract Negotiation Specialist,,"Commercial, Customer & Supply Chain — F07",JP-F07.08-PROFESSIONAL,reconciled-employment-profile,WP-W6-F07.08-PROFESSIONAL-001,Contract Negotiation Issue / Position Register,REGISTER / SCHEDULE,F07.08.A01|F07.08.A02|F07.08.A03|F07.08.A04|F07.08.A05,NATIVE,Operate,Customer|Account|Opportunity|Quote|Bid|Contract|Order,F07,Contract [AGG-08-CONTRACT],Enterprise Grid|Collection View,marketing-qualified demand|customer/account data|pricing/product definitions|authority/contract policy,contract/order fulfilment|customer onboarding|finance/revenue|delivery operations,"Governed entries with owner, status, dates, source references and immutable change history",candidate-explicit
EJOB-F07.08-PROFESSIONAL,Contract Negotiation Specialist,,"Commercial, Customer & Supply Chain — F07",JP-F07.08-PROFESSIONAL,reconciled-employment-profile,WP-W6-F07.08-PROFESSIONAL-002,Negotiated Commercial Terms,TRANSACTION / COMMITMENT,F07.08.A01|F07.08.A02|F07.08.A03,NATIVE,Operate,Customer|Account|Opportunity|Quote|Bid|Contract|Order,F07,Contract [AGG-08-CONTRACT],Transaction Workspace|Approval Panel,marketing-qualified demand|customer/account data|pricing/product definitions|authority/contract policy,contract/order fulfilment|customer onboarding|finance/revenue|delivery operations,"Counterparty/terms/authority with immutable issue, execution, amendment and completion history",candidate-explicit
EJOB-F07.08-PROFESSIONAL,Contract Negotiation Specialist,,"Commercial, Customer & Supply Chain — F07",JP-F07.08-PROFESSIONAL,reconciled-employment-profile,WP-W6-F07.08-PROFESSIONAL-003,SLA / Service Schedule,CONTROLLED INFORMATION,F07.08.A04,NATIVE,Operate,Customer|Account|Opportunity|Quote|Bid|Contract|Order,F07,Contract [AGG-08-CONTRACT],Controlled Document Editor|Object Workspace,marketing-qualified demand|customer/account data|pricing/product definitions|authority/contract policy,contract/order fulfilment|customer onboarding|finance/revenue|delivery operations,"Controlled revision with author, reviewer, approver, issue/effective date and supersession provenance",candidate-explicit
EJOB-F07.08-PROFESSIONAL,Contract Negotiation Specialist,,"Commercial, Customer & Supply Chain — F07",JP-F07.08-PROFESSIONAL,reconciled-employment-profile,WP-W6-F07.08-PROFESSIONAL-004,Liability / Risk Position,CASE / ASSESSMENT,F07.08.A05,NATIVE,Operate,Customer|Account|Opportunity|Quote|Bid|Contract|Order,F07,Contract [AGG-08-CONTRACT],Case Workspace|Assessment Form|Evidence Panel,marketing-qualified demand|customer/account data|pricing/product definitions|authority/contract policy,contract/order fulfilment|customer onboarding|finance/revenue|delivery operations,"Evidence set, assessment rationale, findings, decisions/actions and closure history",candidate-explicit
EJOB-F07.08-PROFESSIONAL,Contract Negotiation Specialist,,"Commercial, Customer & Supply Chain — F07",JP-F07.08-PROFESSIONAL,reconciled-employment-profile,WP-W6-F07.08-PROFESSIONAL-005,Contract Negotiation Approval,DECISION / APPROVAL,F07.08.A06,NATIVE,Operate,Customer|Account|Opportunity|Quote|Bid|Contract|Order,F07,Contract [AGG-08-CONTRACT],Decision Workspace|Approval Panel,marketing-qualified demand|customer/account data|pricing/product definitions|authority/contract policy,contract/order fulfilment|customer onboarding|finance/revenue|delivery operations,"Decision, approver/authority, rationale, conditions, date and affected objects",candidate-explicit
EJOB-F08.02-PROFESSIONAL,Customer Enquiry Manager,,"Commercial, Customer & Supply Chain — F08",JP-F08.02-PROFESSIONAL,reconciled-employment-profile,WP-W6-F08.02-PROFESSIONAL-001,Customer Enquiry Case,CASE / ASSESSMENT,F08.02.A01|F08.02.A02|F08.02.A03,NATIVE,Operate,Customer|Case|Service|Warranty|SLA,F08,Customer Case [AGG-03-CUSTOMER-CASE],Case Workspace|Assessment Form|Evidence Panel,customer/account/service entitlement|orders/deliveries|product/service knowledge|SLA/warranty terms,service delivery|product improvement|finance credits|customer success/renewal,"Evidence set, assessment rationale, findings, decisions/actions and closure history",candidate-explicit
EJOB-F08.02-PROFESSIONAL,Customer Enquiry Manager,,"Commercial, Customer & Supply Chain — F08",JP-F08.02-PROFESSIONAL,reconciled-employment-profile,WP-W6-F08.02-PROFESSIONAL-002,Customer Enquiry Response,CONTROLLED INFORMATION,F08.02.A04,NATIVE,Operate,Customer|Case|Service|Warranty|SLA,F08,Customer Case [AGG-03-CUSTOMER-CASE],Controlled Document Editor|Object Workspace,customer/account/service entitlement|orders/deliveries|product/service knowledge|SLA/warranty terms,service delivery|product improvement|finance credits|customer success/renewal,"Controlled revision with author, reviewer, approver, issue/effective date and supersession provenance",candidate-explicit
EJOB-F08.02-PROFESSIONAL,Customer Enquiry Manager,,"Commercial, Customer & Supply Chain — F08",JP-F08.02-PROFESSIONAL,reconciled-employment-profile,WP-W6-F08.02-PROFESSIONAL-003,Enquiry Resolution / Closure Record,HANDOVER / CLOSEOUT PACKAGE,F08.02.A05|F08.02.A06,NATIVE,Operate,Customer|Case|Service|Warranty|SLA,F08,Customer Case [AGG-03-CUSTOMER-CASE],Package Workspace|Completeness Checklist,customer/account/service entitlement|orders/deliveries|product/service knowledge|SLA/warranty terms,service delivery|product improvement|finance credits|customer success/renewal,"Controlled completeness set with acceptance, outstanding items, evidence and closure provenance",candidate-explicit
EJOB-F08.10-PROFESSIONAL,Customer Feedback Specialist,,"Commercial, Customer & Supply Chain — F08",JP-F08.10-PROFESSIONAL,reconciled-employment-profile,WP-W6-F08.10-PROFESSIONAL-001,Customer Feedback Survey,CONTROLLED INFORMATION,F08.10.A01,NATIVE,Operate,Customer|Case|Service|Warranty|SLA,F08,Customer Case [AGG-03-CUSTOMER-CASE],Controlled Document Editor|Object Workspace,customer/account/service entitlement|orders/deliveries|product/service knowledge|SLA/warranty terms,service delivery|product improvement|finance credits|customer success/renewal,"Controlled revision with author, reviewer, approver, issue/effective date and supersession provenance",candidate-explicit
EJOB-F08.10-PROFESSIONAL,Customer Feedback Specialist,,"Commercial, Customer & Supply Chain — F08",JP-F08.10-PROFESSIONAL,reconciled-employment-profile,WP-W6-F08.10-PROFESSIONAL-002,NPS / CSAT Snapshot,REPORT / SNAPSHOT,F08.10.A02,NATIVE,Operate,Customer|Case|Service|Warranty|SLA,F08,Customer Case [AGG-03-CUSTOMER-CASE],Report Builder|Snapshot View,customer/account/service entitlement|orders/deliveries|product/service knowledge|SLA/warranty terms,service delivery|product improvement|finance credits|customer success/renewal,"Point-in-time/as-of snapshot with source data, calculation/filter and publication provenance",candidate-explicit
EJOB-F08.10-PROFESSIONAL,Customer Feedback Specialist,,"Commercial, Customer & Supply Chain — F08",JP-F08.10-PROFESSIONAL,reconciled-employment-profile,WP-W6-F08.10-PROFESSIONAL-003,Customer Feedback Analysis,REPORT / SNAPSHOT,F08.10.A03,NATIVE,Operate,Customer|Case|Service|Warranty|SLA,F08,Customer Case [AGG-03-CUSTOMER-CASE],Report Builder|Snapshot View,customer/account/service entitlement|orders/deliveries|product/service knowledge|SLA/warranty terms,service delivery|product improvement|finance credits|customer success/renewal,"Point-in-time/as-of snapshot with source data, calculation/filter and publication provenance",candidate-explicit
EJOB-F08.10-PROFESSIONAL,Customer Feedback Specialist,,"Commercial, Customer & Supply Chain — F08",JP-F08.10-PROFESSIONAL,reconciled-employment-profile,WP-W6-F08.10-PROFESSIONAL-004,Customer Improvement Action Register,REGISTER / SCHEDULE,F08.10.A04,NATIVE,Operate,Customer|Case|Service|Warranty|SLA,F08,Customer Case [AGG-03-CUSTOMER-CASE],Enterprise Grid|Collection View,customer/account/service entitlement|orders/deliveries|product/service knowledge|SLA/warranty terms,service delivery|product improvement|finance credits|customer success/renewal,"Governed entries with owner, status, dates, source references and immutable change history",candidate-explicit
EJOB-F08.11-PROFESSIONAL,Customer Knowledge Manager,,"Commercial, Customer & Supply Chain — F08",JP-F08.11-PROFESSIONAL,reconciled-employment-profile,WP-W6-F08.11-PROFESSIONAL-001,Customer FAQ,CONTROLLED INFORMATION,F08.11.A01,NATIVE,Operate,Customer|Case|Service|Warranty|SLA,F08,Knowledge Article [AGG-25-KNOWLEDGE],Controlled Document Editor|Object Workspace,customer/account/service entitlement|orders/deliveries|product/service knowledge|SLA/warranty terms,service delivery|product improvement|finance credits|customer success/renewal,"Controlled revision with author, reviewer, approver, issue/effective date and supersession provenance",candidate-explicit
EJOB-F08.11-PROFESSIONAL,Customer Knowledge Manager,,"Commercial, Customer & Supply Chain — F08",JP-F08.11-PROFESSIONAL,reconciled-employment-profile,WP-W6-F08.11-PROFESSIONAL-002,Customer Knowledge Article,CONTROLLED INFORMATION,F08.11.A02,NATIVE,Operate,Customer|Case|Service|Warranty|SLA,F08,Knowledge Article [AGG-25-KNOWLEDGE],Controlled Document Editor|Object Workspace,customer/account/service entitlement|orders/deliveries|product/service knowledge|SLA/warranty terms,service delivery|product improvement|finance credits|customer success/renewal,"Controlled revision with author, reviewer, approver, issue/effective date and supersession provenance",candidate-explicit
EJOB-F08.11-PROFESSIONAL,Customer Knowledge Manager,,"Commercial, Customer & Supply Chain — F08",JP-F08.11-PROFESSIONAL,reconciled-employment-profile,WP-W6-F08.11-PROFESSIONAL-003,Customer Support Script,CONTROLLED INFORMATION,F08.11.A03,NATIVE,Operate,Customer|Case|Service|Warranty|SLA,F08,Knowledge Article [AGG-25-KNOWLEDGE],Controlled Document Editor|Object Workspace,customer/account/service entitlement|orders/deliveries|product/service knowledge|SLA/warranty terms,service delivery|product improvement|finance credits|customer success/renewal,"Controlled revision with author, reviewer, approver, issue/effective date and supersession provenance",candidate-explicit
EJOB-F08.11-PROFESSIONAL,Customer Knowledge Manager,,"Commercial, Customer & Supply Chain — F08",JP-F08.11-PROFESSIONAL,reconciled-employment-profile,WP-W6-F08.11-PROFESSIONAL-004,Troubleshooting Guide,CONTROLLED INFORMATION,F08.11.A04,NATIVE,Operate,Customer|Case|Service|Warranty|SLA,F08,Knowledge Article [AGG-25-KNOWLEDGE],Controlled Document Editor|Object Workspace,customer/account/service entitlement|orders/deliveries|product/service knowledge|SLA/warranty terms,service delivery|product improvement|finance credits|customer success/renewal,"Controlled revision with author, reviewer, approver, issue/effective date and supersession provenance",candidate-explicit
EJOB-F08.01-PROFESSIONAL,Customer Onboarding Specialist,,"Commercial, Customer & Supply Chain — F08",JP-F08.01-PROFESSIONAL,reconciled-employment-profile,WP-W6-F08.01-PROFESSIONAL-001,Customer Verification Record,CASE / ASSESSMENT,F08.01.A01,NATIVE,Operate,Customer|Case|Service|Warranty|SLA,F08,Customer Onboarding [AGG-03-CUSTOMER-ONBOARDING],Case Workspace|Assessment Form|Evidence Panel,customer/account/service entitlement|orders/deliveries|product/service knowledge|SLA/warranty terms,service delivery|product improvement|finance credits|customer success/renewal,"Evidence set, assessment rationale, findings, decisions/actions and closure history",candidate-explicit
EJOB-F08.01-PROFESSIONAL,Customer Onboarding Specialist,,"Commercial, Customer & Supply Chain — F08",JP-F08.01-PROFESSIONAL,reconciled-employment-profile,WP-W6-F08.01-PROFESSIONAL-002,Customer Account Setup,EXECUTION RECORD,F08.01.A02,NATIVE,Operate,Customer|Case|Service|Warranty|SLA,F08,Customer Onboarding [AGG-03-CUSTOMER-ONBOARDING],Execution Record|Evidence Panel,customer/account/service entitlement|orders/deliveries|product/service knowledge|SLA/warranty terms,service delivery|product improvement|finance credits|customer success/renewal,Attributable who/what/when/result record with source context and evidence,candidate-explicit
EJOB-F08.01-PROFESSIONAL,Customer Onboarding Specialist,,"Commercial, Customer & Supply Chain — F08",JP-F08.01-PROFESSIONAL,reconciled-employment-profile,WP-W6-F08.01-PROFESSIONAL-003,Customer Preference Profile,CONTROLLED INFORMATION,F08.01.A03,NATIVE,Operate,Customer|Case|Service|Warranty|SLA,F08,Customer Onboarding [AGG-03-CUSTOMER-ONBOARDING],Controlled Document Editor|Object Workspace,customer/account/service entitlement|orders/deliveries|product/service knowledge|SLA/warranty terms,service delivery|product improvement|finance credits|customer success/renewal,"Controlled revision with author, reviewer, approver, issue/effective date and supersession provenance",candidate-explicit
EJOB-F08.01-PROFESSIONAL,Customer Onboarding Specialist,,"Commercial, Customer & Supply Chain — F08",JP-F08.01-PROFESSIONAL,reconciled-employment-profile,WP-W6-F08.01-PROFESSIONAL-004,Customer Training / Enablement Record,EXECUTION RECORD,F08.01.A04,NATIVE,Operate,Customer|Case|Service|Warranty|SLA,F08,Customer Onboarding [AGG-03-CUSTOMER-ONBOARDING],Execution Record|Evidence Panel,customer/account/service entitlement|orders/deliveries|product/service knowledge|SLA/warranty terms,service delivery|product improvement|finance credits|customer success/renewal,Attributable who/what/when/result record with source context and evidence,candidate-explicit
EJOB-F08.01-PROFESSIONAL,Customer Onboarding Specialist,,"Commercial, Customer & Supply Chain — F08",JP-F08.01-PROFESSIONAL,reconciled-employment-profile,WP-W6-F08.01-PROFESSIONAL-005,Service Activation Record,EXECUTION RECORD,F08.01.A05,NATIVE,Operate,Customer|Case|Service|Warranty|SLA,F08,Customer Onboarding [AGG-03-CUSTOMER-ONBOARDING],Execution Record|Evidence Panel,customer/account/service entitlement|orders/deliveries|product/service knowledge|SLA/warranty terms,service delivery|product improvement|finance credits|customer success/renewal,Attributable who/what/when/result record with source context and evidence,candidate-explicit
EJOB-F08.09-PROFESSIONAL,Customer Retention Specialist,,"Commercial, Customer & Supply Chain — F08",JP-F08.09-PROFESSIONAL,reconciled-employment-profile,WP-W6-F08.09-PROFESSIONAL-001,Customer Churn Risk Assessment,CASE / ASSESSMENT,F08.09.A01,NATIVE,Operate,Customer|Case|Service|Warranty|SLA,F08,Customer Case [AGG-03-CUSTOMER-CASE],Case Workspace|Assessment Form|Evidence Panel,customer/account/service entitlement|orders/deliveries|product/service knowledge|SLA/warranty terms,service delivery|product improvement|finance credits|customer success/renewal,"Evidence set, assessment rationale, findings, decisions/actions and closure history",candidate-explicit
EJOB-F08.09-PROFESSIONAL,Customer Retention Specialist,,"Commercial, Customer & Supply Chain — F08",JP-F08.09-PROFESSIONAL,reconciled-employment-profile,WP-W6-F08.09-PROFESSIONAL-002,Retention Offer,TRANSACTION / COMMITMENT,F08.09.A02,NATIVE,Operate,Customer|Case|Service|Warranty|SLA,F08,Customer Case [AGG-03-CUSTOMER-CASE],Transaction Workspace|Approval Panel,customer/account/service entitlement|orders/deliveries|product/service knowledge|SLA/warranty terms,service delivery|product improvement|finance credits|customer success/renewal,"Counterparty/terms/authority with immutable issue, execution, amendment and completion history",candidate-explicit
EJOB-F08.09-PROFESSIONAL,Customer Retention Specialist,,"Commercial, Customer & Supply Chain — F08",JP-F08.09-PROFESSIONAL,reconciled-employment-profile,WP-W6-F08.09-PROFESSIONAL-003,Retention Engagement Record,EXECUTION RECORD,F08.09.A03,NATIVE,Operate,Customer|Case|Service|Warranty|SLA,F08,Customer Case [AGG-03-CUSTOMER-CASE],Execution Record|Evidence Panel,customer/account/service entitlement|orders/deliveries|product/service knowledge|SLA/warranty terms,service delivery|product improvement|finance credits|customer success/renewal,Attributable who/what/when/result record with source context and evidence,candidate-explicit
EJOB-F08.09-PROFESSIONAL,Customer Retention Specialist,,"Commercial, Customer & Supply Chain — F08",JP-F08.09-PROFESSIONAL,reconciled-employment-profile,WP-W6-F08.09-PROFESSIONAL-004,Retention Outcome Review,REPORT / SNAPSHOT,F08.09.A04,NATIVE,Operate,Customer|Case|Service|Warranty|SLA,F08,Customer Case [AGG-03-CUSTOMER-CASE],Report Builder|Snapshot View,customer/account/service entitlement|orders/deliveries|product/service knowledge|SLA/warranty terms,service delivery|product improvement|finance credits|customer success/renewal,"Point-in-time/as-of snapshot with source data, calculation/filter and publication provenance",candidate-explicit
EJOB-F08.08-PROFESSIONAL,Customer Success Specialist,,"Commercial, Customer & Supply Chain — F08",JP-F08.08-PROFESSIONAL,reconciled-employment-profile,WP-W6-F08.08-PROFESSIONAL-001,Customer Adoption / Health Snapshot,REPORT / SNAPSHOT,F08.08.A01,NATIVE,Operate,Customer|Case|Service|Warranty|SLA,F08,Customer Case [AGG-03-CUSTOMER-CASE],Report Builder|Snapshot View,customer/account/service entitlement|orders/deliveries|product/service knowledge|SLA/warranty terms,service delivery|product improvement|finance credits|customer success/renewal,"Point-in-time/as-of snapshot with source data, calculation/filter and publication provenance",candidate-explicit
EJOB-F08.08-PROFESSIONAL,Customer Success Specialist,,"Commercial, Customer & Supply Chain — F08",JP-F08.08-PROFESSIONAL,reconciled-employment-profile,WP-W6-F08.08-PROFESSIONAL-002,Customer Success Review,REPORT / SNAPSHOT,F08.08.A02,NATIVE,Operate,Customer|Case|Service|Warranty|SLA,F08,Customer Case [AGG-03-CUSTOMER-CASE],Report Builder|Snapshot View,customer/account/service entitlement|orders/deliveries|product/service knowledge|SLA/warranty terms,service delivery|product improvement|finance credits|customer success/renewal,"Point-in-time/as-of snapshot with source data, calculation/filter and publication provenance",candidate-explicit
EJOB-F08.08-PROFESSIONAL,Customer Success Specialist,,"Commercial, Customer & Supply Chain — F08",JP-F08.08-PROFESSIONAL,reconciled-employment-profile,WP-W6-F08.08-PROFESSIONAL-003,Customer Success Risk / Action Plan,PLAN / STRATEGY,F08.08.A03,NATIVE,Operate,Customer|Case|Service|Warranty|SLA,F08,Customer Case [AGG-03-CUSTOMER-CASE],Object Workspace|Structure Browser|Enterprise Grid,customer/account/service entitlement|orders/deliveries|product/service knowledge|SLA/warranty terms,service delivery|product improvement|finance credits|customer success/renewal,"Versioned plan/strategy with assumptions, ownership, review, approval and effective-date provenance",candidate-explicit
EJOB-F08.08-PROFESSIONAL,Customer Success Specialist,,"Commercial, Customer & Supply Chain — F08",JP-F08.08-PROFESSIONAL,reconciled-employment-profile,WP-W6-F08.08-PROFESSIONAL-004,Customer Value Realisation Review,REPORT / SNAPSHOT,F08.08.A04,NATIVE,Operate,Customer|Case|Service|Warranty|SLA,F08,Customer Case [AGG-03-CUSTOMER-CASE],Report Builder|Snapshot View,customer/account/service entitlement|orders/deliveries|product/service knowledge|SLA/warranty terms,service delivery|product improvement|finance credits|customer success/renewal,"Point-in-time/as-of snapshot with source data, calculation/filter and publication provenance",candidate-explicit
EJOB-F10.01-PROFESSIONAL,Demand Planner,,"Commercial, Customer & Supply Chain — F10",JP-F10.01-PROFESSIONAL,reconciled-employment-profile,WP-W6-F10.01-PROFESSIONAL-001,Demand Signal Dataset,REGISTER / SCHEDULE,F10.01.A01,NATIVE,Operate,Planning Cycle|Material|Inventory|Warehouse|Shipment|Trade Lane,F10,Demand / Supply Plan [AGG-10-PLANNING],Enterprise Grid|Collection View,demand forecast|orders|inventory/stock data|supplier commitments|capacity/logistics constraints,production/procurement|warehouse/distribution|customer delivery|finance/inventory valuation,"Governed entries with owner, status, dates, source references and immutable change history",candidate-explicit
EJOB-F10.01-PROFESSIONAL,Demand Planner,,"Commercial, Customer & Supply Chain — F10",JP-F10.01-PROFESSIONAL,reconciled-employment-profile,WP-W6-F10.01-PROFESSIONAL-002,Demand Forecast,CALCULATION / MODEL,F10.01.A02,NATIVE,Operate,Planning Cycle|Material|Inventory|Warehouse|Shipment|Trade Lane,F10,Demand / Supply Plan [AGG-10-PLANNING],Calculation Workbench|Enterprise Grid,demand forecast|orders|inventory/stock data|supplier commitments|capacity/logistics constraints,production/procurement|warehouse/distribution|customer delivery|finance/inventory valuation,"Versioned calculation/model with inputs, assumptions, method, scenario and result provenance",candidate-explicit
EJOB-F10.01-PROFESSIONAL,Demand Planner,,"Commercial, Customer & Supply Chain — F10",JP-F10.01-PROFESSIONAL,reconciled-employment-profile,WP-W6-F10.01-PROFESSIONAL-003,Demand Assumption Review,CASE / ASSESSMENT,F10.01.A03,NATIVE,Operate,Planning Cycle|Material|Inventory|Warehouse|Shipment|Trade Lane,F10,Demand / Supply Plan [AGG-10-PLANNING],Case Workspace|Assessment Form|Evidence Panel,demand forecast|orders|inventory/stock data|supplier commitments|capacity/logistics constraints,production/procurement|warehouse/distribution|customer delivery|finance/inventory valuation,"Evidence set, assessment rationale, findings, decisions/actions and closure history",candidate-explicit
EJOB-F10.01-PROFESSIONAL,Demand Planner,,"Commercial, Customer & Supply Chain — F10",JP-F10.01-PROFESSIONAL,reconciled-employment-profile,WP-W6-F10.01-PROFESSIONAL-004,Approved Demand Forecast,DECISION / APPROVAL,F10.01.A04,NATIVE,Operate,Planning Cycle|Material|Inventory|Warehouse|Shipment|Trade Lane,F10,Demand / Supply Plan [AGG-10-PLANNING],Decision Workspace|Approval Panel,demand forecast|orders|inventory/stock data|supplier commitments|capacity/logistics constraints,production/procurement|warehouse/distribution|customer delivery|finance/inventory valuation,"Decision, approver/authority, rationale, conditions, date and affected objects",candidate-explicit
EJOB-F10.09-PROFESSIONAL,Distribution Manager,,"Commercial, Customer & Supply Chain — F10",JP-F10.09-PROFESSIONAL,reconciled-employment-profile,WP-W6-F10.09-PROFESSIONAL-001,Distribution Order Allocation,REGISTER / SCHEDULE,F10.09.A01,NATIVE,Operate,Planning Cycle|Material|Inventory|Warehouse|Shipment|Trade Lane,F10,Shipment / Logistics [AGG-10-LOGISTICS],Enterprise Grid|Collection View,demand forecast|orders|inventory/stock data|supplier commitments|capacity/logistics constraints,production/procurement|warehouse/distribution|customer delivery|finance/inventory valuation,"Governed entries with owner, status, dates, source references and immutable change history",candidate-explicit
EJOB-F10.09-PROFESSIONAL,Distribution Manager,,"Commercial, Customer & Supply Chain — F10",JP-F10.09-PROFESSIONAL,reconciled-employment-profile,WP-W6-F10.09-PROFESSIONAL-002,Dispatch Schedule,REGISTER / SCHEDULE,F10.09.A02,NATIVE,Operate,Planning Cycle|Material|Inventory|Warehouse|Shipment|Trade Lane,F10,Shipment / Logistics [AGG-10-LOGISTICS],Enterprise Grid|Collection View,demand forecast|orders|inventory/stock data|supplier commitments|capacity/logistics constraints,production/procurement|warehouse/distribution|customer delivery|finance/inventory valuation,"Governed entries with owner, status, dates, source references and immutable change history",candidate-explicit
EJOB-F10.09-PROFESSIONAL,Distribution Manager,,"Commercial, Customer & Supply Chain — F10",JP-F10.09-PROFESSIONAL,reconciled-employment-profile,WP-W6-F10.09-PROFESSIONAL-003,Delivery Record,EXECUTION RECORD,F10.09.A03,NATIVE,Operate,Planning Cycle|Material|Inventory|Warehouse|Shipment|Trade Lane,F10,Shipment / Logistics [AGG-10-LOGISTICS],Execution Record|Evidence Panel,demand forecast|orders|inventory/stock data|supplier commitments|capacity/logistics constraints,production/procurement|warehouse/distribution|customer delivery|finance/inventory valuation,Attributable who/what/when/result record with source context and evidence,candidate-explicit
EJOB-F10.09-PROFESSIONAL,Distribution Manager,,"Commercial, Customer & Supply Chain — F10",JP-F10.09-PROFESSIONAL,reconciled-employment-profile,WP-W6-F10.09-PROFESSIONAL-004,Proof of Delivery / Receipt,CERTIFICATE / FORMAL ATTESTATION,F10.09.A04,NATIVE,Operate,Planning Cycle|Material|Inventory|Warehouse|Shipment|Trade Lane,F10,Shipment / Logistics [AGG-10-LOGISTICS],Attestation Workspace|Evidence Panel,demand forecast|orders|inventory/stock data|supplier commitments|capacity/logistics constraints,production/procurement|warehouse/distribution|customer delivery|finance/inventory valuation,"Formal attestation with issuer, authority, scope, date, evidence and validity",candidate-explicit
EJOB-F08-FUNCTION-LEAD,Head of Customer Experience & Success,,"Commercial, Customer & Supply Chain — F08",JP-F08-FUNCTION-LEAD,reconciled-function-lead,WP-W6-F08-FUNCTION-LEAD-001,Customer Experience Strategy,PLAN / STRATEGY,F08.01.A01|F08.01.A02|F08.01.A03|F08.01.A04|F08.01.A05|F08.08.A01|F08.08.A02|F08.08.A03|F08.08.A04|F08.09.A01|F08.09.A02|F08.09.A03|F08.09.A04,NATIVE,Operate,Customer|Case|Service|Warranty|SLA,F08,Customer Onboarding [AGG-03-CUSTOMER-ONBOARDING]|Customer Case [AGG-03-CUSTOMER-CASE],Object Workspace|Structure Browser|Enterprise Grid,customer/account/service entitlement|orders/deliveries|product/service knowledge|SLA/warranty terms,service delivery|product improvement|finance credits|customer success/renewal,"Versioned plan/strategy with assumptions, ownership, review, approval and effective-date provenance",candidate-explicit
EJOB-F08-FUNCTION-LEAD,Head of Customer Experience & Success,,"Commercial, Customer & Supply Chain — F08",JP-F08-FUNCTION-LEAD,reconciled-function-lead,WP-W6-F08-FUNCTION-LEAD-002,Customer Case / Complaint Portfolio Review,REPORT / SNAPSHOT,F08.02.A01|F08.02.A02|F08.02.A03|F08.02.A04|F08.02.A05|F08.02.A06|F08.03.A01|F08.03.A02|F08.03.A03|F08.03.A04|F08.03.A05|F08.03.A06|F08.04.A01|F08.04.A02|F08.04.A03|F08.04.A04|F08.04.A05,NATIVE,Operate,Customer|Case|Service|Warranty|SLA,F08,Customer Case [AGG-03-CUSTOMER-CASE],Report Builder|Snapshot View,customer/account/service entitlement|orders/deliveries|product/service knowledge|SLA/warranty terms,service delivery|product improvement|finance credits|customer success/renewal,"Point-in-time/as-of snapshot with source data, calculation/filter and publication provenance",candidate-explicit
EJOB-F08-FUNCTION-LEAD,Head of Customer Experience & Success,,"Commercial, Customer & Supply Chain — F08",JP-F08-FUNCTION-LEAD,reconciled-function-lead,WP-W6-F08-FUNCTION-LEAD-003,Support / Returns / Warranty Performance Review,REPORT / SNAPSHOT,F08.05.A01|F08.05.A02|F08.05.A03|F08.05.A04|F08.05.A05|F08.06.A01|F08.06.A02|F08.06.A03|F08.06.A04|F08.06.A05|F08.07.A01|F08.07.A02|F08.07.A03|F08.07.A04,NATIVE,Operate,Customer|Case|Service|Warranty|SLA,F08,Service Case [AGG-17-SERVICE]|Return / Refund Case [AGG-03-CUSTOMER-CASE]|Warranty Claim [AGG-17-WARRANTY-CLAIM],Report Builder|Snapshot View,customer/account/service entitlement|orders/deliveries|product/service knowledge|SLA/warranty terms,service delivery|product improvement|finance credits|customer success/renewal,"Point-in-time/as-of snapshot with source data, calculation/filter and publication provenance",candidate-explicit
EJOB-F08-FUNCTION-LEAD,Head of Customer Experience & Success,,"Commercial, Customer & Supply Chain — F08",JP-F08-FUNCTION-LEAD,reconciled-function-lead,WP-W6-F08-FUNCTION-LEAD-004,Customer Success & Retention Portfolio,REGISTER / SCHEDULE,F08.08.A01|F08.08.A02|F08.08.A03|F08.08.A04|F08.09.A01|F08.09.A02|F08.09.A03|F08.09.A04,NATIVE,Operate,Customer|Case|Service|Warranty|SLA,F08,Customer Case [AGG-03-CUSTOMER-CASE],Enterprise Grid|Collection View,customer/account/service entitlement|orders/deliveries|product/service knowledge|SLA/warranty terms,service delivery|product improvement|finance credits|customer success/renewal,"Governed entries with owner, status, dates, source references and immutable change history",candidate-explicit
EJOB-F08-FUNCTION-LEAD,Head of Customer Experience & Success,,"Commercial, Customer & Supply Chain — F08",JP-F08-FUNCTION-LEAD,reconciled-function-lead,WP-W6-F08-FUNCTION-LEAD-005,Customer Feedback & Knowledge Improvement Plan,PLAN / STRATEGY,F08.10.A01|F08.10.A02|F08.10.A03|F08.10.A04|F08.11.A01|F08.11.A02|F08.11.A03|F08.11.A04,NATIVE,Operate,Customer|Case|Service|Warranty|SLA,F08,Customer Case [AGG-03-CUSTOMER-CASE]|Knowledge Article [AGG-25-KNOWLEDGE],Object Workspace|Structure Browser|Enterprise Grid,customer/account/service entitlement|orders/deliveries|product/service knowledge|SLA/warranty terms,service delivery|product improvement|finance credits|customer success/renewal,"Versioned plan/strategy with assumptions, ownership, review, approval and effective-date provenance",candidate-explicit
EJOB-F08-FUNCTION-LEAD,Head of Customer Experience & Success,,"Commercial, Customer & Supply Chain — F08",JP-F08-FUNCTION-LEAD,reconciled-function-lead,WP-W6-F08-FUNCTION-LEAD-006,SLA Performance Pack,REPORT / SNAPSHOT,F08.12.A01|F08.12.A02|F08.12.A03|F08.12.A04,NATIVE,Operate,Customer|Case|Service|Warranty|SLA,F08,Service Entitlement / SLA [AGG-17-SERVICE-LEVEL],Report Builder|Snapshot View,customer/account/service entitlement|orders/deliveries|product/service knowledge|SLA/warranty terms,service delivery|product improvement|finance credits|customer success/renewal,"Point-in-time/as-of snapshot with source data, calculation/filter and publication provenance",candidate-explicit
EJOB-F08-FUNCTION-LEAD,Head of Customer Experience & Success,,"Commercial, Customer & Supply Chain — F08",JP-F08-FUNCTION-LEAD,reconciled-function-lead,WP-W6-F08-FUNCTION-LEAD-007,Customer Experience Decision / Action Register,REGISTER / SCHEDULE,F08.02.A01|F08.02.A02|F08.02.A03|F08.02.A04|F08.02.A05|F08.02.A06|F08.04.A01|F08.04.A02|F08.04.A03|F08.04.A04|F08.04.A05|F08.08.A01|F08.08.A02|F08.08.A03|F08.08.A04|F08.10.A01|F08.10.A02|F08.10.A03|F08.10.A04|F08.12.A01|F08.12.A02|F08.12.A03|F08.12.A04,NATIVE,Operate,Customer|Case|Service|Warranty|SLA,F08,Customer Case [AGG-03-CUSTOMER-CASE]|Service Entitlement / SLA [AGG-17-SERVICE-LEVEL],Enterprise Grid|Collection View,customer/account/service entitlement|orders/deliveries|product/service knowledge|SLA/warranty terms,service delivery|product improvement|finance credits|customer success/renewal,"Governed entries with owner, status, dates, source references and immutable change history",candidate-explicit
EJOB-F09-FUNCTION-LEAD,Head of Procurement & Supplier Management,,"Commercial, Customer & Supply Chain — F09",JP-F09-FUNCTION-LEAD,reconciled-function-lead,WP-W6-F09-FUNCTION-LEAD-001,Procurement Strategy,PLAN / STRATEGY,F09.01.A01|F09.01.A02|F09.01.A03|F09.01.A04,NATIVE,Operate,Supplier|Category|Sourcing Event|Contract|Requisition|Purchase Order,F09,Procurement Strategy / Package [AGG-09-PROCUREMENT-PACKAGE],Object Workspace|Structure Browser|Enterprise Grid,demand/requisition|category/spend data|supplier master|technical/commercial requirements|authority policy,purchase commitments|supplier onboarding|finance/AP|warehouse/logistics|supplier performance,"Versioned plan/strategy with assumptions, ownership, review, approval and effective-date provenance",candidate-explicit
EJOB-F09-FUNCTION-LEAD,Head of Procurement & Supplier Management,,"Commercial, Customer & Supply Chain — F09",JP-F09-FUNCTION-LEAD,reconciled-function-lead,WP-W6-F09-FUNCTION-LEAD-002,Category & Sourcing Portfolio,REGISTER / SCHEDULE,F09.02.A01|F09.02.A02|F09.02.A03|F09.02.A04|F09.03.A01|F09.03.A02|F09.03.A03|F09.03.A04|F09.04.A01|F09.04.A02|F09.04.A03|F09.04.A04|F09.05.A01|F09.05.A02|F09.05.A03|F09.05.A04|F09.05.A05,NATIVE,Operate,Supplier|Category|Sourcing Event|Contract|Requisition|Purchase Order,F09,Procurement Strategy / Package [AGG-09-PROCUREMENT-PACKAGE]|Supplier Relationship [AGG-01-PARTY-RELATIONSHIP]|Sourcing Event [AGG-09-SOURCING],Enterprise Grid|Collection View,demand/requisition|category/spend data|supplier master|technical/commercial requirements|authority policy,purchase commitments|supplier onboarding|finance/AP|warehouse/logistics|supplier performance,"Governed entries with owner, status, dates, source references and immutable change history",candidate-explicit
EJOB-F09-FUNCTION-LEAD,Head of Procurement & Supplier Management,,"Commercial, Customer & Supply Chain — F09",JP-F09-FUNCTION-LEAD,reconciled-function-lead,WP-W6-F09-FUNCTION-LEAD-003,Supplier Qualification / Onboarding Governance Review,DECISION / APPROVAL,F09.03.A01|F09.03.A02|F09.03.A03|F09.03.A04|F09.07.A01|F09.07.A02|F09.07.A03|F09.07.A04,NATIVE,Operate,Supplier|Category|Sourcing Event|Contract|Requisition|Purchase Order,F09,Supplier Relationship [AGG-01-PARTY-RELATIONSHIP],Decision Workspace|Approval Panel,demand/requisition|category/spend data|supplier master|technical/commercial requirements|authority policy,purchase commitments|supplier onboarding|finance/AP|warehouse/logistics|supplier performance,"Decision, approver/authority, rationale, conditions, date and affected objects",candidate-explicit
EJOB-F09-FUNCTION-LEAD,Head of Procurement & Supplier Management,,"Commercial, Customer & Supply Chain — F09",JP-F09-FUNCTION-LEAD,reconciled-function-lead,WP-W6-F09-FUNCTION-LEAD-004,Contract & Purchase Commitment Portfolio,REGISTER / SCHEDULE,F09.06.A01|F09.06.A02|F09.06.A03|F09.06.A04|F09.06.A05|F09.06.A06|F09.08.A01|F09.08.A02|F09.08.A03|F09.08.A04|F09.09.A01|F09.09.A02|F09.09.A03|F09.09.A04|F09.09.A05,NATIVE,Operate,Supplier|Category|Sourcing Event|Contract|Requisition|Purchase Order,F09,Supplier Contract [AGG-08-CONTRACT]|Requisition [AGG-09-REQUISITION]|Purchase Order [AGG-09-PURCHASE-COMMITMENT],Enterprise Grid|Collection View,demand/requisition|category/spend data|supplier master|technical/commercial requirements|authority policy,purchase commitments|supplier onboarding|finance/AP|warehouse/logistics|supplier performance,"Governed entries with owner, status, dates, source references and immutable change history",candidate-explicit
EJOB-F09-FUNCTION-LEAD,Head of Procurement & Supplier Management,,"Commercial, Customer & Supply Chain — F09",JP-F09-FUNCTION-LEAD,reconciled-function-lead,WP-W6-F09-FUNCTION-LEAD-005,Supplier Performance & Risk Review,REPORT / SNAPSHOT,F09.10.A01|F09.10.A02|F09.10.A03|F09.10.A04|F09.10.A05|F09.11.A01|F09.11.A02|F09.11.A03|F09.12.A01|F09.12.A02|F09.12.A03|F09.12.A04,NATIVE,Operate,Supplier|Category|Sourcing Event|Contract|Requisition|Purchase Order,F09,Supplier Performance [AGG-02-PERFORMANCE]|Supplier Risk [AGG-21-RISK]|Supplier Relationship [AGG-01-PARTY-RELATIONSHIP],Report Builder|Snapshot View,demand/requisition|category/spend data|supplier master|technical/commercial requirements|authority policy,purchase commitments|supplier onboarding|finance/AP|warehouse/logistics|supplier performance,"Point-in-time/as-of snapshot with source data, calculation/filter and publication provenance",candidate-explicit
EJOB-F09-FUNCTION-LEAD,Head of Procurement & Supplier Management,,"Commercial, Customer & Supply Chain — F09",JP-F09-FUNCTION-LEAD,reconciled-function-lead,WP-W6-F09-FUNCTION-LEAD-006,Procurement Analytics & Compliance Pack,REPORT / SNAPSHOT,F09.13.A01|F09.13.A02|F09.13.A03|F09.13.A04|F09.13.A05,NATIVE,Operate,Supplier|Category|Sourcing Event|Contract|Requisition|Purchase Order,F09,Procurement Strategy / Package [AGG-09-PROCUREMENT-PACKAGE],Report Builder|Snapshot View,demand/requisition|category/spend data|supplier master|technical/commercial requirements|authority policy,purchase commitments|supplier onboarding|finance/AP|warehouse/logistics|supplier performance,"Point-in-time/as-of snapshot with source data, calculation/filter and publication provenance",candidate-explicit
EJOB-F09-FUNCTION-LEAD,Head of Procurement & Supplier Management,,"Commercial, Customer & Supply Chain — F09",JP-F09-FUNCTION-LEAD,reconciled-function-lead,WP-W6-F09-FUNCTION-LEAD-007,Procurement Decision / Action Register,REGISTER / SCHEDULE,F09.04.A01|F09.04.A02|F09.04.A03|F09.04.A04|F09.06.A01|F09.06.A02|F09.06.A03|F09.06.A04|F09.06.A05|F09.06.A06|F09.09.A01|F09.09.A02|F09.09.A03|F09.09.A04|F09.09.A05|F09.11.A01|F09.11.A02|F09.11.A03,NATIVE,Operate,Supplier|Category|Sourcing Event|Contract|Requisition|Purchase Order,F09,Sourcing Event [AGG-09-SOURCING]|Supplier Contract [AGG-08-CONTRACT]|Purchase Order [AGG-09-PURCHASE-COMMITMENT]|Supplier Risk [AGG-21-RISK],Enterprise Grid|Collection View,demand/requisition|category/spend data|supplier master|technical/commercial requirements|authority policy,purchase commitments|supplier onboarding|finance/AP|warehouse/logistics|supplier performance,"Governed entries with owner, status, dates, source references and immutable change history",candidate-explicit
EJOB-F07-FUNCTION-LEAD,Head of Sales & Commercial,,"Commercial, Customer & Supply Chain — F07",JP-F07-FUNCTION-LEAD,reconciled-function-lead,WP-W6-F07-FUNCTION-LEAD-001,Sales & Commercial Strategy,PLAN / STRATEGY,F07.01.A01|F07.01.A02|F07.01.A03|F07.01.A04|F07.01.A05|F07.01.A06,NATIVE,Operate,Customer|Account|Opportunity|Quote|Bid|Contract|Order,F07,Sales / Account Plan [AGG-03-ACCOUNT-PLAN],Object Workspace|Structure Browser|Enterprise Grid,marketing-qualified demand|customer/account data|pricing/product definitions|authority/contract policy,contract/order fulfilment|customer onboarding|finance/revenue|delivery operations,"Versioned plan/strategy with assumptions, ownership, review, approval and effective-date provenance",candidate-explicit
EJOB-F07-FUNCTION-LEAD,Head of Sales & Commercial,,"Commercial, Customer & Supply Chain — F07",JP-F07-FUNCTION-LEAD,reconciled-function-lead,WP-W6-F07-FUNCTION-LEAD-002,Account / Opportunity / Pipeline Review,REPORT / SNAPSHOT,F07.02.A01|F07.02.A02|F07.02.A03|F07.02.A04|F07.03.A01|F07.03.A02|F07.03.A03|F07.03.A04|F07.03.A05|F07.03.A06|F07.04.A01|F07.04.A02|F07.04.A03|F07.04.A04,NATIVE,Operate,Customer|Account|Opportunity|Quote|Bid|Contract|Order,F07,Account / Partner Plan [AGG-03-ACCOUNT-PLAN]|Opportunity / Pipeline [AGG-03-OPPORTUNITY],Report Builder|Snapshot View,marketing-qualified demand|customer/account data|pricing/product definitions|authority/contract policy,contract/order fulfilment|customer onboarding|finance/revenue|delivery operations,"Point-in-time/as-of snapshot with source data, calculation/filter and publication provenance",candidate-explicit
EJOB-F07-FUNCTION-LEAD,Head of Sales & Commercial,,"Commercial, Customer & Supply Chain — F07",JP-F07-FUNCTION-LEAD,reconciled-function-lead,WP-W6-F07-FUNCTION-LEAD-003,Pricing & Quotation Governance Review,DECISION / APPROVAL,F07.05.A01|F07.05.A02|F07.05.A03|F07.05.A04|F07.05.A05|F07.06.A01|F07.06.A02|F07.06.A03|F07.06.A04|F07.06.A05,NATIVE,Operate,Customer|Account|Opportunity|Quote|Bid|Contract|Order,F07,Price / Commercial Definition [AGG-10-PRICE-LIST]|Quotation [AGG-05-OFFER],Decision Workspace|Approval Panel,marketing-qualified demand|customer/account data|pricing/product definitions|authority/contract policy,contract/order fulfilment|customer onboarding|finance/revenue|delivery operations,"Decision, approver/authority, rationale, conditions, date and affected objects",candidate-explicit
EJOB-F07-FUNCTION-LEAD,Head of Sales & Commercial,,"Commercial, Customer & Supply Chain — F07",JP-F07-FUNCTION-LEAD,reconciled-function-lead,WP-W6-F07-FUNCTION-LEAD-004,Bid / Contract Approval Portfolio,REGISTER / SCHEDULE,F07.07.A01|F07.07.A02|F07.07.A03|F07.07.A04|F07.07.A05|F07.08.A01|F07.08.A02|F07.08.A03|F07.08.A04|F07.08.A05|F07.08.A06,NATIVE,Operate,Customer|Account|Opportunity|Quote|Bid|Contract|Order,F07,Pursuit / Bid [AGG-03-PURSUIT]|Contract [AGG-08-CONTRACT],Enterprise Grid|Collection View,marketing-qualified demand|customer/account data|pricing/product definitions|authority/contract policy,contract/order fulfilment|customer onboarding|finance/revenue|delivery operations,"Governed entries with owner, status, dates, source references and immutable change history",candidate-explicit
EJOB-F07-FUNCTION-LEAD,Head of Sales & Commercial,,"Commercial, Customer & Supply Chain — F07",JP-F07-FUNCTION-LEAD,reconciled-function-lead,WP-W6-F07-FUNCTION-LEAD-005,Order & Partner Sales Review,REPORT / SNAPSHOT,F07.09.A01|F07.09.A02|F07.09.A03|F07.09.A04|F07.09.A05|F07.09.A06|F07.10.A01|F07.10.A02|F07.10.A03|F07.10.A04|F07.10.A05,NATIVE,Operate,Customer|Account|Opportunity|Quote|Bid|Contract|Order,F07,Sales Order [AGG-05-SALES-ORDER]|Account / Partner Plan [AGG-03-ACCOUNT-PLAN],Report Builder|Snapshot View,marketing-qualified demand|customer/account data|pricing/product definitions|authority/contract policy,contract/order fulfilment|customer onboarding|finance/revenue|delivery operations,"Point-in-time/as-of snapshot with source data, calculation/filter and publication provenance",candidate-explicit
EJOB-F07-FUNCTION-LEAD,Head of Sales & Commercial,,"Commercial, Customer & Supply Chain — F07",JP-F07-FUNCTION-LEAD,reconciled-function-lead,WP-W6-F07-FUNCTION-LEAD-006,Sales Forecast & Performance Pack,REPORT / SNAPSHOT,F07.11.A01|F07.11.A02|F07.11.A03|F07.11.A04|F07.12.A01|F07.12.A02|F07.12.A03|F07.12.A04|F07.13.A01|F07.13.A02|F07.13.A03|F07.13.A04|F07.13.A05|F07.13.A06,NATIVE,Operate,Customer|Account|Opportunity|Quote|Bid|Contract|Order,F07,Sales Compensation [AGG-18-COMPENSATION]|Opportunity / Pipeline [AGG-03-OPPORTUNITY]|Sales / Account Plan [AGG-03-ACCOUNT-PLAN],Report Builder|Snapshot View,marketing-qualified demand|customer/account data|pricing/product definitions|authority/contract policy,contract/order fulfilment|customer onboarding|finance/revenue|delivery operations,"Point-in-time/as-of snapshot with source data, calculation/filter and publication provenance",candidate-explicit
EJOB-F07-FUNCTION-LEAD,Head of Sales & Commercial,,"Commercial, Customer & Supply Chain — F07",JP-F07-FUNCTION-LEAD,reconciled-function-lead,WP-W6-F07-FUNCTION-LEAD-007,Commercial Decision / Action Register,REGISTER / SCHEDULE,F07.05.A01|F07.05.A02|F07.05.A03|F07.05.A04|F07.05.A05|F07.07.A01|F07.07.A02|F07.07.A03|F07.07.A04|F07.07.A05|F07.08.A01|F07.08.A02|F07.08.A03|F07.08.A04|F07.08.A05|F07.08.A06|F07.09.A01|F07.09.A02|F07.09.A03|F07.09.A04|F07.09.A05|F07.09.A06,NATIVE,Operate,Customer|Account|Opportunity|Quote|Bid|Contract|Order,F07,Price / Commercial Definition [AGG-10-PRICE-LIST]|Pursuit / Bid [AGG-03-PURSUIT]|Contract [AGG-08-CONTRACT]|Sales Order [AGG-05-SALES-ORDER],Enterprise Grid|Collection View,marketing-qualified demand|customer/account data|pricing/product definitions|authority/contract policy,contract/order fulfilment|customer onboarding|finance/revenue|delivery operations,"Governed entries with owner, status, dates, source references and immutable change history",candidate-explicit
EJOB-F10-FUNCTION-LEAD,Head of Supply Chain & Logistics,,"Commercial, Customer & Supply Chain — F10",JP-F10-FUNCTION-LEAD,reconciled-function-lead,WP-W6-F10-FUNCTION-LEAD-001,Integrated Supply Chain / S&OP Plan,PLAN / STRATEGY,F10.01.A01|F10.01.A02|F10.01.A03|F10.01.A04|F10.02.A01|F10.02.A02|F10.02.A03|F10.02.A04|F10.03.A01|F10.03.A02|F10.03.A03,NATIVE,Operate,Planning Cycle|Material|Inventory|Warehouse|Shipment|Trade Lane,F10,Demand / Supply Plan [AGG-10-PLANNING],Object Workspace|Structure Browser|Enterprise Grid,demand forecast|orders|inventory/stock data|supplier commitments|capacity/logistics constraints,production/procurement|warehouse/distribution|customer delivery|finance/inventory valuation,"Versioned plan/strategy with assumptions, ownership, review, approval and effective-date provenance",candidate-explicit
EJOB-F10-FUNCTION-LEAD,Head of Supply Chain & Logistics,,"Commercial, Customer & Supply Chain — F10",JP-F10-FUNCTION-LEAD,reconciled-function-lead,WP-W6-F10-FUNCTION-LEAD-002,Inventory & Materials Plan,PLAN / STRATEGY,F10.04.A01|F10.04.A02|F10.04.A03|F10.04.A04|F10.05.A01|F10.05.A02|F10.05.A03,NATIVE,Operate,Planning Cycle|Material|Inventory|Warehouse|Shipment|Trade Lane,F10,Supply / Inventory Plan [AGG-10-PLANNING]|Demand / Supply Plan [AGG-10-PLANNING],Object Workspace|Structure Browser|Enterprise Grid,demand forecast|orders|inventory/stock data|supplier commitments|capacity/logistics constraints,production/procurement|warehouse/distribution|customer delivery|finance/inventory valuation,"Versioned plan/strategy with assumptions, ownership, review, approval and effective-date provenance",candidate-explicit
EJOB-F10-FUNCTION-LEAD,Head of Supply Chain & Logistics,,"Commercial, Customer & Supply Chain — F10",JP-F10-FUNCTION-LEAD,reconciled-function-lead,WP-W6-F10-FUNCTION-LEAD-003,Warehouse Operations Performance Pack,REPORT / SNAPSHOT,F10.06.A01|F10.06.A02|F10.06.A03|F10.06.A04|F10.06.A05|F10.06.A06|F10.06.A07|F10.07.A01|F10.07.A02|F10.07.A03|F10.07.A04,NATIVE,Operate,Planning Cycle|Material|Inventory|Warehouse|Shipment|Trade Lane,F10,Warehouse / Storage [AGG-10-INVENTORY-STORAGE]|Stock Count [AGG-10-STOCK-COUNT]|Inventory Adjustment [AGG-10-INVENTORY-ADJUSTMENT]|Inventory Quarantine [AGG-10-INVENTORY-QUARANTINE],Report Builder|Snapshot View,demand forecast|orders|inventory/stock data|supplier commitments|capacity/logistics constraints,production/procurement|warehouse/distribution|customer delivery|finance/inventory valuation,"Point-in-time/as-of snapshot with source data, calculation/filter and publication provenance",candidate-explicit
EJOB-F10-FUNCTION-LEAD,Head of Supply Chain & Logistics,,"Commercial, Customer & Supply Chain — F10",JP-F10-FUNCTION-LEAD,reconciled-function-lead,WP-W6-F10-FUNCTION-LEAD-004,Transport & Distribution Plan,PLAN / STRATEGY,F10.08.A01|F10.08.A02|F10.08.A03|F10.08.A04|F10.08.A05|F10.09.A01|F10.09.A02|F10.09.A03|F10.09.A04,NATIVE,Operate,Planning Cycle|Material|Inventory|Warehouse|Shipment|Trade Lane,F10,Shipment / Logistics [AGG-10-LOGISTICS],Object Workspace|Structure Browser|Enterprise Grid,demand forecast|orders|inventory/stock data|supplier commitments|capacity/logistics constraints,production/procurement|warehouse/distribution|customer delivery|finance/inventory valuation,"Versioned plan/strategy with assumptions, ownership, review, approval and effective-date provenance",candidate-explicit
EJOB-F10-FUNCTION-LEAD,Head of Supply Chain & Logistics,,"Commercial, Customer & Supply Chain — F10",JP-F10-FUNCTION-LEAD,reconciled-function-lead,WP-W6-F10-FUNCTION-LEAD-005,Trade Compliance Pack,CONTROLLED INFORMATION,F10.10.A01|F10.10.A02|F10.10.A03|F10.10.A04,NATIVE,Operate,Planning Cycle|Material|Inventory|Warehouse|Shipment|Trade Lane,F10,Trade Declaration [AGG-10-TRADE-DECLARATION],Controlled Document Editor|Object Workspace,demand forecast|orders|inventory/stock data|supplier commitments|capacity/logistics constraints,production/procurement|warehouse/distribution|customer delivery|finance/inventory valuation,"Controlled revision with author, reviewer, approver, issue/effective date and supersession provenance",candidate-explicit
EJOB-F10-FUNCTION-LEAD,Head of Supply Chain & Logistics,,"Commercial, Customer & Supply Chain — F10",JP-F10-FUNCTION-LEAD,reconciled-function-lead,WP-W6-F10-FUNCTION-LEAD-006,Reverse Logistics / Disposition Review,REPORT / SNAPSHOT,F10.11.A01|F10.11.A02|F10.11.A03|F10.11.A04|F10.11.A05|F10.11.A06,NATIVE,Operate,Planning Cycle|Material|Inventory|Warehouse|Shipment|Trade Lane,F10,Shipment / Logistics [AGG-10-LOGISTICS],Report Builder|Snapshot View,demand forecast|orders|inventory/stock data|supplier commitments|capacity/logistics constraints,production/procurement|warehouse/distribution|customer delivery|finance/inventory valuation,"Point-in-time/as-of snapshot with source data, calculation/filter and publication provenance",candidate-explicit
EJOB-F10-FUNCTION-LEAD,Head of Supply Chain & Logistics,,"Commercial, Customer & Supply Chain — F10",JP-F10-FUNCTION-LEAD,reconciled-function-lead,WP-W6-F10-FUNCTION-LEAD-007,Supply Chain Risk & Performance Pack,REPORT / SNAPSHOT,F10.12.A01|F10.12.A02|F10.12.A03|F10.12.A04|F10.12.A05|F10.13.A01|F10.13.A02|F10.13.A03|F10.13.A04,NATIVE,Operate,Planning Cycle|Material|Inventory|Warehouse|Shipment|Trade Lane,F10,Supply Chain Performance [AGG-02-PERFORMANCE]|Supply Chain Risk [AGG-21-RISK],Report Builder|Snapshot View,demand forecast|orders|inventory/stock data|supplier commitments|capacity/logistics constraints,production/procurement|warehouse/distribution|customer delivery|finance/inventory valuation,"Point-in-time/as-of snapshot with source data, calculation/filter and publication provenance",candidate-explicit
EJOB-F10.10-PROFESSIONAL,Import / Export Specialist,,"Commercial, Customer & Supply Chain — F10",JP-F10.10-PROFESSIONAL,reconciled-employment-profile,WP-W6-F10.10-PROFESSIONAL-001,Commodity / Goods Classification Record,CONTROLLED INFORMATION,F10.10.A01,NATIVE,Operate,Planning Cycle|Material|Inventory|Warehouse|Shipment|Trade Lane,F10,Trade Declaration [AGG-10-TRADE-DECLARATION],Controlled Document Editor|Object Workspace,demand forecast|orders|inventory/stock data|supplier commitments|capacity/logistics constraints,production/procurement|warehouse/distribution|customer delivery|finance/inventory valuation,"Controlled revision with author, reviewer, approver, issue/effective date and supersession provenance",candidate-explicit
EJOB-F10.10-PROFESSIONAL,Import / Export Specialist,,"Commercial, Customer & Supply Chain — F10",JP-F10.10-PROFESSIONAL,reconciled-employment-profile,WP-W6-F10.10-PROFESSIONAL-002,Customs Documentation / Declaration Pack,CONTROLLED INFORMATION,F10.10.A02,NATIVE,Operate,Planning Cycle|Material|Inventory|Warehouse|Shipment|Trade Lane,F10,Trade Declaration [AGG-10-TRADE-DECLARATION],Controlled Document Editor|Object Workspace,demand forecast|orders|inventory/stock data|supplier commitments|capacity/logistics constraints,production/procurement|warehouse/distribution|customer delivery|finance/inventory valuation,"Controlled revision with author, reviewer, approver, issue/effective date and supersession provenance",candidate-explicit
EJOB-F10.10-PROFESSIONAL,Import / Export Specialist,,"Commercial, Customer & Supply Chain — F10",JP-F10.10-PROFESSIONAL,reconciled-employment-profile,WP-W6-F10.10-PROFESSIONAL-003,Import / Export Licence Record,CERTIFICATE / FORMAL ATTESTATION,F10.10.A03,NATIVE,Operate,Planning Cycle|Material|Inventory|Warehouse|Shipment|Trade Lane,F10,Trade Declaration [AGG-10-TRADE-DECLARATION],Attestation Workspace|Evidence Panel,demand forecast|orders|inventory/stock data|supplier commitments|capacity/logistics constraints,production/procurement|warehouse/distribution|customer delivery|finance/inventory valuation,"Formal attestation with issuer, authority, scope, date, evidence and validity",candidate-explicit
EJOB-F10.10-PROFESSIONAL,Import / Export Specialist,,"Commercial, Customer & Supply Chain — F10",JP-F10.10-PROFESSIONAL,reconciled-employment-profile,WP-W6-F10.10-PROFESSIONAL-004,Customs Clearance Record,EXECUTION RECORD,F10.10.A04,NATIVE,Operate,Planning Cycle|Material|Inventory|Warehouse|Shipment|Trade Lane,F10,Trade Declaration [AGG-10-TRADE-DECLARATION],Execution Record|Evidence Panel,demand forecast|orders|inventory/stock data|supplier commitments|capacity/logistics constraints,production/procurement|warehouse/distribution|customer delivery|finance/inventory valuation,Attributable who/what/when/result record with source context and evidence,candidate-explicit
EJOB-F10.07-PROFESSIONAL,Inventory Controller,,"Commercial, Customer & Supply Chain — F10",JP-F10.07-PROFESSIONAL,reconciled-employment-profile,WP-W6-F10.07-PROFESSIONAL-001,Stock Count Sheet / Count Run,EXECUTION RECORD,F10.07.A01,NATIVE,Operate,Planning Cycle|Material|Inventory|Warehouse|Shipment|Trade Lane,F10,Stock Count [AGG-10-STOCK-COUNT],Execution Record|Evidence Panel,demand forecast|orders|inventory/stock data|supplier commitments|capacity/logistics constraints,production/procurement|warehouse/distribution|customer delivery|finance/inventory valuation,Attributable who/what/when/result record with source context and evidence,candidate-explicit
EJOB-F10.07-PROFESSIONAL,Inventory Controller,,"Commercial, Customer & Supply Chain — F10",JP-F10.07-PROFESSIONAL,reconciled-employment-profile,WP-W6-F10.07-PROFESSIONAL-002,Inventory Variance Reconciliation,CASE / ASSESSMENT,F10.07.A02,NATIVE,Operate,Planning Cycle|Material|Inventory|Warehouse|Shipment|Trade Lane,F10,Inventory Adjustment [AGG-10-INVENTORY-ADJUSTMENT],Case Workspace|Assessment Form|Evidence Panel,demand forecast|orders|inventory/stock data|supplier commitments|capacity/logistics constraints,production/procurement|warehouse/distribution|customer delivery|finance/inventory valuation,"Evidence set, assessment rationale, findings, decisions/actions and closure history",candidate-explicit
EJOB-F10.07-PROFESSIONAL,Inventory Controller,,"Commercial, Customer & Supply Chain — F10",JP-F10.07-PROFESSIONAL,reconciled-employment-profile,WP-W6-F10.07-PROFESSIONAL-003,Stock Adjustment Record,TRANSACTION / COMMITMENT,F10.07.A03,NATIVE,Operate,Planning Cycle|Material|Inventory|Warehouse|Shipment|Trade Lane,F10,Inventory Adjustment [AGG-10-INVENTORY-ADJUSTMENT],Transaction Workspace|Approval Panel,demand forecast|orders|inventory/stock data|supplier commitments|capacity/logistics constraints,production/procurement|warehouse/distribution|customer delivery|finance/inventory valuation,"Counterparty/terms/authority with immutable issue, execution, amendment and completion history",candidate-explicit
EJOB-F10.07-PROFESSIONAL,Inventory Controller,,"Commercial, Customer & Supply Chain — F10",JP-F10.07-PROFESSIONAL,reconciled-employment-profile,WP-W6-F10.07-PROFESSIONAL-004,Stock Quarantine Record,CHANGE,F10.07.A04,NATIVE,Operate,Planning Cycle|Material|Inventory|Warehouse|Shipment|Trade Lane,F10,Inventory Quarantine [AGG-10-INVENTORY-QUARANTINE],Change Workspace|Impact Assessment,demand forecast|orders|inventory/stock data|supplier commitments|capacity/logistics constraints,production/procurement|warehouse/distribution|customer delivery|finance/inventory valuation,"Baseline, impact assessment, authority decision, implementation and verification evidence",candidate-explicit
EJOB-F10.04-PROFESSIONAL,Inventory Planner,,"Commercial, Customer & Supply Chain — F10",JP-F10.04-PROFESSIONAL,reconciled-employment-profile,WP-W6-F10.04-PROFESSIONAL-001,Safety Stock Policy,CONTROLLED INFORMATION,F10.04.A01,NATIVE,Operate,Planning Cycle|Material|Inventory|Warehouse|Shipment|Trade Lane,F10,Supply / Inventory Plan [AGG-10-PLANNING],Controlled Document Editor|Object Workspace,demand forecast|orders|inventory/stock data|supplier commitments|capacity/logistics constraints,production/procurement|warehouse/distribution|customer delivery|finance/inventory valuation,"Controlled revision with author, reviewer, approver, issue/effective date and supersession provenance",candidate-explicit
EJOB-F10.04-PROFESSIONAL,Inventory Planner,,"Commercial, Customer & Supply Chain — F10",JP-F10.04-PROFESSIONAL,reconciled-employment-profile,WP-W6-F10.04-PROFESSIONAL-002,Reorder Point Model,CALCULATION / MODEL,F10.04.A02,NATIVE,Operate,Planning Cycle|Material|Inventory|Warehouse|Shipment|Trade Lane,F10,Supply / Inventory Plan [AGG-10-PLANNING],Calculation Workbench|Enterprise Grid,demand forecast|orders|inventory/stock data|supplier commitments|capacity/logistics constraints,production/procurement|warehouse/distribution|customer delivery|finance/inventory valuation,"Versioned calculation/model with inputs, assumptions, method, scenario and result provenance",candidate-explicit
EJOB-F10.04-PROFESSIONAL,Inventory Planner,,"Commercial, Customer & Supply Chain — F10",JP-F10.04-PROFESSIONAL,reconciled-employment-profile,WP-W6-F10.04-PROFESSIONAL-003,Inventory Target Plan,PLAN / STRATEGY,F10.04.A03,NATIVE,Operate,Planning Cycle|Material|Inventory|Warehouse|Shipment|Trade Lane,F10,Supply / Inventory Plan [AGG-10-PLANNING],Object Workspace|Structure Browser|Enterprise Grid,demand forecast|orders|inventory/stock data|supplier commitments|capacity/logistics constraints,production/procurement|warehouse/distribution|customer delivery|finance/inventory valuation,"Versioned plan/strategy with assumptions, ownership, review, approval and effective-date provenance",candidate-explicit
EJOB-F10.04-PROFESSIONAL,Inventory Planner,,"Commercial, Customer & Supply Chain — F10",JP-F10.04-PROFESSIONAL,reconciled-employment-profile,WP-W6-F10.04-PROFESSIONAL-004,Inventory Optimisation Analysis,CALCULATION / MODEL,F10.04.A04,NATIVE,Operate,Planning Cycle|Material|Inventory|Warehouse|Shipment|Trade Lane,F10,Supply / Inventory Plan [AGG-10-PLANNING],Calculation Workbench|Enterprise Grid,demand forecast|orders|inventory/stock data|supplier commitments|capacity/logistics constraints,production/procurement|warehouse/distribution|customer delivery|finance/inventory valuation,"Versioned calculation/model with inputs, assumptions, method, scenario and result provenance",candidate-explicit
EJOB-F10.05-PROFESSIONAL,Materials Planner,,"Commercial, Customer & Supply Chain — F10",JP-F10.05-PROFESSIONAL,reconciled-employment-profile,WP-W6-F10.05-PROFESSIONAL-001,Material Requirements Calculation,CALCULATION / MODEL,F10.05.A01,NATIVE,Operate,Planning Cycle|Material|Inventory|Warehouse|Shipment|Trade Lane,F10,Demand / Supply Plan [AGG-10-PLANNING],Calculation Workbench|Enterprise Grid,demand forecast|orders|inventory/stock data|supplier commitments|capacity/logistics constraints,production/procurement|warehouse/distribution|customer delivery|finance/inventory valuation,"Versioned calculation/model with inputs, assumptions, method, scenario and result provenance",candidate-explicit
EJOB-F10.05-PROFESSIONAL,Materials Planner,,"Commercial, Customer & Supply Chain — F10",JP-F10.05-PROFESSIONAL,reconciled-employment-profile,WP-W6-F10.05-PROFESSIONAL-002,Replenishment Schedule,REGISTER / SCHEDULE,F10.05.A02,NATIVE,Operate,Planning Cycle|Material|Inventory|Warehouse|Shipment|Trade Lane,F10,Demand / Supply Plan [AGG-10-PLANNING],Enterprise Grid|Collection View,demand forecast|orders|inventory/stock data|supplier commitments|capacity/logistics constraints,production/procurement|warehouse/distribution|customer delivery|finance/inventory valuation,"Governed entries with owner, status, dates, source references and immutable change history",candidate-explicit
EJOB-F10.05-PROFESSIONAL,Materials Planner,,"Commercial, Customer & Supply Chain — F10",JP-F10.05-PROFESSIONAL,reconciled-employment-profile,WP-W6-F10.05-PROFESSIONAL-003,Purchase / Production Requirement Release,TRANSACTION / COMMITMENT,F10.05.A03,NATIVE,Operate,Planning Cycle|Material|Inventory|Warehouse|Shipment|Trade Lane,F10,Demand / Supply Plan [AGG-10-PLANNING],Transaction Workspace|Approval Panel,demand forecast|orders|inventory/stock data|supplier commitments|capacity/logistics constraints,production/procurement|warehouse/distribution|customer delivery|finance/inventory valuation,"Counterparty/terms/authority with immutable issue, execution, amendment and completion history",candidate-explicit
EJOB-F07.04-PROFESSIONAL,Pipeline Manager,,"Commercial, Customer & Supply Chain — F07",JP-F07.04-PROFESSIONAL,reconciled-employment-profile,WP-W6-F07.04-PROFESSIONAL-001,Sales Pipeline Snapshot,REPORT / SNAPSHOT,F07.04.A01,NATIVE,Operate,Customer|Account|Opportunity|Quote|Bid|Contract|Order,F07,Opportunity / Pipeline [AGG-03-OPPORTUNITY],Report Builder|Snapshot View,marketing-qualified demand|customer/account data|pricing/product definitions|authority/contract policy,contract/order fulfilment|customer onboarding|finance/revenue|delivery operations,"Point-in-time/as-of snapshot with source data, calculation/filter and publication provenance",candidate-explicit
EJOB-F07.04-PROFESSIONAL,Pipeline Manager,,"Commercial, Customer & Supply Chain — F07",JP-F07.04-PROFESSIONAL,reconciled-employment-profile,WP-W6-F07.04-PROFESSIONAL-002,Pipeline Coverage Assessment,CASE / ASSESSMENT,F07.04.A02,NATIVE,Operate,Customer|Account|Opportunity|Quote|Bid|Contract|Order,F07,Opportunity / Pipeline [AGG-03-OPPORTUNITY],Case Workspace|Assessment Form|Evidence Panel,marketing-qualified demand|customer/account data|pricing/product definitions|authority/contract policy,contract/order fulfilment|customer onboarding|finance/revenue|delivery operations,"Evidence set, assessment rationale, findings, decisions/actions and closure history",candidate-explicit
EJOB-F07.04-PROFESSIONAL,Pipeline Manager,,"Commercial, Customer & Supply Chain — F07",JP-F07.04-PROFESSIONAL,reconciled-employment-profile,WP-W6-F07.04-PROFESSIONAL-003,Pipeline Risk Register,REGISTER / SCHEDULE,F07.04.A03,NATIVE,Operate,Customer|Account|Opportunity|Quote|Bid|Contract|Order,F07,Opportunity / Pipeline [AGG-03-OPPORTUNITY],Enterprise Grid|Collection View,marketing-qualified demand|customer/account data|pricing/product definitions|authority/contract policy,contract/order fulfilment|customer onboarding|finance/revenue|delivery operations,"Governed entries with owner, status, dates, source references and immutable change history",candidate-explicit
EJOB-F07.04-PROFESSIONAL,Pipeline Manager,,"Commercial, Customer & Supply Chain — F07",JP-F07.04-PROFESSIONAL,reconciled-employment-profile,WP-W6-F07.04-PROFESSIONAL-004,Opportunity Reprioritisation Decision,DECISION / APPROVAL,F07.04.A04,NATIVE,Operate,Customer|Account|Opportunity|Quote|Bid|Contract|Order,F07,Opportunity / Pipeline [AGG-03-OPPORTUNITY],Decision Workspace|Approval Panel,marketing-qualified demand|customer/account data|pricing/product definitions|authority/contract policy,contract/order fulfilment|customer onboarding|finance/revenue|delivery operations,"Decision, approver/authority, rationale, conditions, date and affected objects",candidate-explicit
EJOB-F07.05-PROFESSIONAL,Pricing Specialist,,"Commercial, Customer & Supply Chain — F07",JP-F07.05-PROFESSIONAL,reconciled-employment-profile,WP-W6-F07.05-PROFESSIONAL-001,Price List / Price Book,CONTROLLED INFORMATION,F07.05.A01,NATIVE,Operate,Customer|Account|Opportunity|Quote|Bid|Contract|Order,F07,Price / Commercial Definition [AGG-10-PRICE-LIST],Controlled Document Editor|Object Workspace,marketing-qualified demand|customer/account data|pricing/product definitions|authority/contract policy,contract/order fulfilment|customer onboarding|finance/revenue|delivery operations,"Controlled revision with author, reviewer, approver, issue/effective date and supersession provenance",candidate-explicit
EJOB-F07.05-PROFESSIONAL,Pricing Specialist,,"Commercial, Customer & Supply Chain — F07",JP-F07.05-PROFESSIONAL,reconciled-employment-profile,WP-W6-F07.05-PROFESSIONAL-002,Price Calculation,CALCULATION / MODEL,F07.05.A02,NATIVE,Operate,Customer|Account|Opportunity|Quote|Bid|Contract|Order,F07,Price / Commercial Definition [AGG-10-PRICE-LIST],Calculation Workbench|Enterprise Grid,marketing-qualified demand|customer/account data|pricing/product definitions|authority/contract policy,contract/order fulfilment|customer onboarding|finance/revenue|delivery operations,"Versioned calculation/model with inputs, assumptions, method, scenario and result provenance",candidate-explicit
EJOB-F07.05-PROFESSIONAL,Pricing Specialist,,"Commercial, Customer & Supply Chain — F07",JP-F07.05-PROFESSIONAL,reconciled-employment-profile,WP-W6-F07.05-PROFESSIONAL-003,Discount Schedule,REGISTER / SCHEDULE,F07.05.A03,NATIVE,Operate,Customer|Account|Opportunity|Quote|Bid|Contract|Order,F07,Price / Commercial Definition [AGG-10-PRICE-LIST],Enterprise Grid|Collection View,marketing-qualified demand|customer/account data|pricing/product definitions|authority/contract policy,contract/order fulfilment|customer onboarding|finance/revenue|delivery operations,"Governed entries with owner, status, dates, source references and immutable change history",candidate-explicit
EJOB-F07.05-PROFESSIONAL,Pricing Specialist,,"Commercial, Customer & Supply Chain — F07",JP-F07.05-PROFESSIONAL,reconciled-employment-profile,WP-W6-F07.05-PROFESSIONAL-004,Pricing Exception Decision,DECISION / APPROVAL,F07.05.A04,NATIVE,Operate,Customer|Account|Opportunity|Quote|Bid|Contract|Order,F07,Price / Commercial Definition [AGG-10-PRICE-LIST],Decision Workspace|Approval Panel,marketing-qualified demand|customer/account data|pricing/product definitions|authority/contract policy,contract/order fulfilment|customer onboarding|finance/revenue|delivery operations,"Decision, approver/authority, rationale, conditions, date and affected objects",candidate-explicit
EJOB-F07.05-PROFESSIONAL,Pricing Specialist,,"Commercial, Customer & Supply Chain — F07",JP-F07.05-PROFESSIONAL,reconciled-employment-profile,WP-W6-F07.05-PROFESSIONAL-005,Pricing Review,REPORT / SNAPSHOT,F07.05.A05,NATIVE,Operate,Customer|Account|Opportunity|Quote|Bid|Contract|Order,F07,Price / Commercial Definition [AGG-10-PRICE-LIST],Report Builder|Snapshot View,marketing-qualified demand|customer/account data|pricing/product definitions|authority/contract policy,contract/order fulfilment|customer onboarding|finance/revenue|delivery operations,"Point-in-time/as-of snapshot with source data, calculation/filter and publication provenance",candidate-explicit
EJOB-F09.13-PROFESSIONAL,Procurement Analyst,,"Commercial, Customer & Supply Chain — F09",JP-F09.13-PROFESSIONAL,reconciled-employment-profile,WP-W6-F09.13-PROFESSIONAL-001,Procurement Spend Dashboard,REPORT / SNAPSHOT,F09.13.A01,NATIVE,Operate,Supplier|Category|Sourcing Event|Contract|Requisition|Purchase Order,F09,Procurement Strategy / Package [AGG-09-PROCUREMENT-PACKAGE],Report Builder|Snapshot View,demand/requisition|category/spend data|supplier master|technical/commercial requirements|authority policy,purchase commitments|supplier onboarding|finance/AP|warehouse/logistics|supplier performance,"Point-in-time/as-of snapshot with source data, calculation/filter and publication provenance",candidate-explicit
EJOB-F09.13-PROFESSIONAL,Procurement Analyst,,"Commercial, Customer & Supply Chain — F09",JP-F09.13-PROFESSIONAL,reconciled-employment-profile,WP-W6-F09.13-PROFESSIONAL-002,Procurement Savings Report,REPORT / SNAPSHOT,F09.13.A02,NATIVE,Operate,Supplier|Category|Sourcing Event|Contract|Requisition|Purchase Order,F09,Procurement Strategy / Package [AGG-09-PROCUREMENT-PACKAGE],Report Builder|Snapshot View,demand/requisition|category/spend data|supplier master|technical/commercial requirements|authority policy,purchase commitments|supplier onboarding|finance/AP|warehouse/logistics|supplier performance,"Point-in-time/as-of snapshot with source data, calculation/filter and publication provenance",candidate-explicit
EJOB-F09.13-PROFESSIONAL,Procurement Analyst,,"Commercial, Customer & Supply Chain — F09",JP-F09.13-PROFESSIONAL,reconciled-employment-profile,WP-W6-F09.13-PROFESSIONAL-003,Procurement Compliance Report,REPORT / SNAPSHOT,F09.13.A03,NATIVE,Operate,Supplier|Category|Sourcing Event|Contract|Requisition|Purchase Order,F09,Procurement Strategy / Package [AGG-09-PROCUREMENT-PACKAGE],Report Builder|Snapshot View,demand/requisition|category/spend data|supplier master|technical/commercial requirements|authority policy,purchase commitments|supplier onboarding|finance/AP|warehouse/logistics|supplier performance,"Point-in-time/as-of snapshot with source data, calculation/filter and publication provenance",candidate-explicit
EJOB-F09.13-PROFESSIONAL,Procurement Analyst,,"Commercial, Customer & Supply Chain — F09",JP-F09.13-PROFESSIONAL,reconciled-employment-profile,WP-W6-F09.13-PROFESSIONAL-004,Supplier Concentration Analysis,CASE / ASSESSMENT,F09.13.A04,NATIVE,Operate,Supplier|Category|Sourcing Event|Contract|Requisition|Purchase Order,F09,Procurement Strategy / Package [AGG-09-PROCUREMENT-PACKAGE],Case Workspace|Assessment Form|Evidence Panel,demand/requisition|category/spend data|supplier master|technical/commercial requirements|authority policy,purchase commitments|supplier onboarding|finance/AP|warehouse/logistics|supplier performance,"Evidence set, assessment rationale, findings, decisions/actions and closure history",candidate-explicit
EJOB-F09.13-PROFESSIONAL,Procurement Analyst,,"Commercial, Customer & Supply Chain — F09",JP-F09.13-PROFESSIONAL,reconciled-employment-profile,WP-W6-F09.13-PROFESSIONAL-005,Maverick Spend Analysis,CASE / ASSESSMENT,F09.13.A05,NATIVE,Operate,Supplier|Category|Sourcing Event|Contract|Requisition|Purchase Order,F09,Procurement Strategy / Package [AGG-09-PROCUREMENT-PACKAGE],Case Workspace|Assessment Form|Evidence Panel,demand/requisition|category/spend data|supplier master|technical/commercial requirements|authority policy,purchase commitments|supplier onboarding|finance/AP|warehouse/logistics|supplier performance,"Evidence set, assessment rationale, findings, decisions/actions and closure history",candidate-explicit
EJOB-F09.06-PROFESSIONAL,Procurement Contracts Manager,,"Commercial, Customer & Supply Chain — F09",JP-F09.06-PROFESSIONAL,reconciled-employment-profile,WP-W6-F09.06-PROFESSIONAL-001,Supplier Contract Draft / Redline,CONTROLLED INFORMATION,F09.06.A01|F09.06.A02,NATIVE,Operate,Supplier|Category|Sourcing Event|Contract|Requisition|Purchase Order,F09,Supplier Contract [AGG-08-CONTRACT],Controlled Document Editor|Object Workspace,demand/requisition|category/spend data|supplier master|technical/commercial requirements|authority policy,purchase commitments|supplier onboarding|finance/AP|warehouse/logistics|supplier performance,"Controlled revision with author, reviewer, approver, issue/effective date and supersession provenance",candidate-explicit
EJOB-F09.06-PROFESSIONAL,Procurement Contracts Manager,,"Commercial, Customer & Supply Chain — F09",JP-F09.06-PROFESSIONAL,reconciled-employment-profile,WP-W6-F09.06-PROFESSIONAL-002,Supplier Contract Approval,DECISION / APPROVAL,F09.06.A03,NATIVE,Operate,Supplier|Category|Sourcing Event|Contract|Requisition|Purchase Order,F09,Supplier Contract [AGG-08-CONTRACT],Decision Workspace|Approval Panel,demand/requisition|category/spend data|supplier master|technical/commercial requirements|authority policy,purchase commitments|supplier onboarding|finance/AP|warehouse/logistics|supplier performance,"Decision, approver/authority, rationale, conditions, date and affected objects",candidate-explicit
EJOB-F09.06-PROFESSIONAL,Procurement Contracts Manager,,"Commercial, Customer & Supply Chain — F09",JP-F09.06-PROFESSIONAL,reconciled-employment-profile,WP-W6-F09.06-PROFESSIONAL-003,Executed Supplier Contract,TRANSACTION / COMMITMENT,F09.06.A04,NATIVE,Operate,Supplier|Category|Sourcing Event|Contract|Requisition|Purchase Order,F09,Supplier Contract [AGG-08-CONTRACT],Transaction Workspace|Approval Panel,demand/requisition|category/spend data|supplier master|technical/commercial requirements|authority policy,purchase commitments|supplier onboarding|finance/AP|warehouse/logistics|supplier performance,"Counterparty/terms/authority with immutable issue, execution, amendment and completion history",candidate-explicit
EJOB-F09.06-PROFESSIONAL,Procurement Contracts Manager,,"Commercial, Customer & Supply Chain — F09",JP-F09.06-PROFESSIONAL,reconciled-employment-profile,WP-W6-F09.06-PROFESSIONAL-004,Contract Repository / Metadata Record,EXECUTION RECORD,F09.06.A05,NATIVE,Operate,Supplier|Category|Sourcing Event|Contract|Requisition|Purchase Order,F09,Supplier Contract [AGG-08-CONTRACT],Execution Record|Evidence Panel,demand/requisition|category/spend data|supplier master|technical/commercial requirements|authority policy,purchase commitments|supplier onboarding|finance/AP|warehouse/logistics|supplier performance,Attributable who/what/when/result record with source context and evidence,candidate-explicit
EJOB-F09.06-PROFESSIONAL,Procurement Contracts Manager,,"Commercial, Customer & Supply Chain — F09",JP-F09.06-PROFESSIONAL,reconciled-employment-profile,WP-W6-F09.06-PROFESSIONAL-005,Contract Renewal Decision,DECISION / APPROVAL,F09.06.A06,NATIVE,Operate,Supplier|Category|Sourcing Event|Contract|Requisition|Purchase Order,F09,Supplier Contract [AGG-08-CONTRACT],Decision Workspace|Approval Panel,demand/requisition|category/spend data|supplier master|technical/commercial requirements|authority policy,purchase commitments|supplier onboarding|finance/AP|warehouse/logistics|supplier performance,"Decision, approver/authority, rationale, conditions, date and affected objects",candidate-explicit
EJOB-F09.08-PROFESSIONAL,Procurement Operations Specialist,,"Commercial, Customer & Supply Chain — F09",JP-F09.08-PROFESSIONAL,reconciled-employment-profile,WP-W6-F09.08-PROFESSIONAL-001,Purchase Requisition,TRANSACTION / COMMITMENT,F09.08.A01,NATIVE,Operate,Supplier|Category|Sourcing Event|Contract|Requisition|Purchase Order,F09,Requisition [AGG-09-REQUISITION],Transaction Workspace|Approval Panel,demand/requisition|category/spend data|supplier master|technical/commercial requirements|authority policy,purchase commitments|supplier onboarding|finance/AP|warehouse/logistics|supplier performance,"Counterparty/terms/authority with immutable issue, execution, amendment and completion history",candidate-explicit
EJOB-F09.08-PROFESSIONAL,Procurement Operations Specialist,,"Commercial, Customer & Supply Chain — F09",JP-F09.08-PROFESSIONAL,reconciled-employment-profile,WP-W6-F09.08-PROFESSIONAL-002,Requisition Validation,CASE / ASSESSMENT,F09.08.A02,NATIVE,Operate,Supplier|Category|Sourcing Event|Contract|Requisition|Purchase Order,F09,Requisition [AGG-09-REQUISITION],Case Workspace|Assessment Form|Evidence Panel,demand/requisition|category/spend data|supplier master|technical/commercial requirements|authority policy,purchase commitments|supplier onboarding|finance/AP|warehouse/logistics|supplier performance,"Evidence set, assessment rationale, findings, decisions/actions and closure history",candidate-explicit
EJOB-F09.08-PROFESSIONAL,Procurement Operations Specialist,,"Commercial, Customer & Supply Chain — F09",JP-F09.08-PROFESSIONAL,reconciled-employment-profile,WP-W6-F09.08-PROFESSIONAL-003,Requisition Approval,DECISION / APPROVAL,F09.08.A03,NATIVE,Operate,Supplier|Category|Sourcing Event|Contract|Requisition|Purchase Order,F09,Requisition [AGG-09-REQUISITION],Decision Workspace|Approval Panel,demand/requisition|category/spend data|supplier master|technical/commercial requirements|authority policy,purchase commitments|supplier onboarding|finance/AP|warehouse/logistics|supplier performance,"Decision, approver/authority, rationale, conditions, date and affected objects",candidate-explicit
EJOB-F09.08-PROFESSIONAL,Procurement Operations Specialist,,"Commercial, Customer & Supply Chain — F09",JP-F09.08-PROFESSIONAL,reconciled-employment-profile,WP-W6-F09.08-PROFESSIONAL-004,Purchase Order Conversion Handoff,HANDOVER / CLOSEOUT PACKAGE,F09.08.A04,NATIVE,Operate,Supplier|Category|Sourcing Event|Contract|Requisition|Purchase Order,F09,Requisition [AGG-09-REQUISITION],Package Workspace|Completeness Checklist,demand/requisition|category/spend data|supplier master|technical/commercial requirements|authority policy,purchase commitments|supplier onboarding|finance/AP|warehouse/logistics|supplier performance,"Controlled completeness set with acceptance, outstanding items, evidence and closure provenance",candidate-explicit
EJOB-F09.01-PROFESSIONAL,Procurement Strategy Manager,,"Commercial, Customer & Supply Chain — F09",JP-F09.01-PROFESSIONAL,reconciled-employment-profile,WP-W6-F09.01-PROFESSIONAL-001,Procurement Spend Analysis,REPORT / SNAPSHOT,F09.01.A01,NATIVE,Operate,Supplier|Category|Sourcing Event|Contract|Requisition|Purchase Order,F09,Procurement Strategy / Package [AGG-09-PROCUREMENT-PACKAGE],Report Builder|Snapshot View,demand/requisition|category/spend data|supplier master|technical/commercial requirements|authority policy,purchase commitments|supplier onboarding|finance/AP|warehouse/logistics|supplier performance,"Point-in-time/as-of snapshot with source data, calculation/filter and publication provenance",candidate-explicit
EJOB-F09.01-PROFESSIONAL,Procurement Strategy Manager,,"Commercial, Customer & Supply Chain — F09",JP-F09.01-PROFESSIONAL,reconciled-employment-profile,WP-W6-F09.01-PROFESSIONAL-002,Procurement Category Taxonomy,STRUCTURE / BREAKDOWN,F09.01.A02,NATIVE,Operate,Supplier|Category|Sourcing Event|Contract|Requisition|Purchase Order,F09,Procurement Strategy / Package [AGG-09-PROCUREMENT-PACKAGE],Structure Browser|Enterprise Grid,demand/requisition|category/spend data|supplier master|technical/commercial requirements|authority policy,purchase commitments|supplier onboarding|finance/AP|warehouse/logistics|supplier performance,"Versioned hierarchy/structure with element identity, relationships, effectivity and approval provenance",candidate-explicit
EJOB-F09.01-PROFESSIONAL,Procurement Strategy Manager,,"Commercial, Customer & Supply Chain — F09",JP-F09.01-PROFESSIONAL,reconciled-employment-profile,WP-W6-F09.01-PROFESSIONAL-003,Procurement / Sourcing Strategy,PLAN / STRATEGY,F09.01.A03,NATIVE,Operate,Supplier|Category|Sourcing Event|Contract|Requisition|Purchase Order,F09,Procurement Strategy / Package [AGG-09-PROCUREMENT-PACKAGE],Object Workspace|Structure Browser|Enterprise Grid,demand/requisition|category/spend data|supplier master|technical/commercial requirements|authority policy,purchase commitments|supplier onboarding|finance/AP|warehouse/logistics|supplier performance,"Versioned plan/strategy with assumptions, ownership, review, approval and effective-date provenance",candidate-explicit
EJOB-F09.01-PROFESSIONAL,Procurement Strategy Manager,,"Commercial, Customer & Supply Chain — F09",JP-F09.01-PROFESSIONAL,reconciled-employment-profile,WP-W6-F09.01-PROFESSIONAL-004,Procurement Policy,CONTROLLED INFORMATION,F09.01.A04,NATIVE,Operate,Supplier|Category|Sourcing Event|Contract|Requisition|Purchase Order,F09,Procurement Strategy / Package [AGG-09-PROCUREMENT-PACKAGE],Controlled Document Editor|Object Workspace,demand/requisition|category/spend data|supplier master|technical/commercial requirements|authority policy,purchase commitments|supplier onboarding|finance/AP|warehouse/logistics|supplier performance,"Controlled revision with author, reviewer, approver, issue/effective date and supersession provenance",candidate-explicit
EJOB-F07.06-PROFESSIONAL,Quotation Specialist,,"Commercial, Customer & Supply Chain — F07",JP-F07.06-PROFESSIONAL,reconciled-employment-profile,WP-W6-F07.06-PROFESSIONAL-001,Quotation Requirement / Request,CASE / ASSESSMENT,F07.06.A01,NATIVE,Operate,Customer|Account|Opportunity|Quote|Bid|Contract|Order,F07,Quotation [AGG-05-OFFER],Case Workspace|Assessment Form|Evidence Panel,marketing-qualified demand|customer/account data|pricing/product definitions|authority/contract policy,contract/order fulfilment|customer onboarding|finance/revenue|delivery operations,"Evidence set, assessment rationale, findings, decisions/actions and closure history",candidate-explicit
EJOB-F07.06-PROFESSIONAL,Quotation Specialist,,"Commercial, Customer & Supply Chain — F07",JP-F07.06-PROFESSIONAL,reconciled-employment-profile,WP-W6-F07.06-PROFESSIONAL-002,Configured Offer,CONTROLLED INFORMATION,F07.06.A02,NATIVE,Operate,Customer|Account|Opportunity|Quote|Bid|Contract|Order,F07,Quotation [AGG-05-OFFER],Controlled Document Editor|Object Workspace,marketing-qualified demand|customer/account data|pricing/product definitions|authority/contract policy,contract/order fulfilment|customer onboarding|finance/revenue|delivery operations,"Controlled revision with author, reviewer, approver, issue/effective date and supersession provenance",candidate-explicit
EJOB-F07.06-PROFESSIONAL,Quotation Specialist,,"Commercial, Customer & Supply Chain — F07",JP-F07.06-PROFESSIONAL,reconciled-employment-profile,WP-W6-F07.06-PROFESSIONAL-003,Quote Calculation,CALCULATION / MODEL,F07.06.A03,NATIVE,Operate,Customer|Account|Opportunity|Quote|Bid|Contract|Order,F07,Quotation [AGG-05-OFFER],Calculation Workbench|Enterprise Grid,marketing-qualified demand|customer/account data|pricing/product definitions|authority/contract policy,contract/order fulfilment|customer onboarding|finance/revenue|delivery operations,"Versioned calculation/model with inputs, assumptions, method, scenario and result provenance",candidate-explicit
EJOB-F07.06-PROFESSIONAL,Quotation Specialist,,"Commercial, Customer & Supply Chain — F07",JP-F07.06-PROFESSIONAL,reconciled-employment-profile,WP-W6-F07.06-PROFESSIONAL-004,Quotation Approval,DECISION / APPROVAL,F07.06.A04,NATIVE,Operate,Customer|Account|Opportunity|Quote|Bid|Contract|Order,F07,Quotation [AGG-05-OFFER],Decision Workspace|Approval Panel,marketing-qualified demand|customer/account data|pricing/product definitions|authority/contract policy,contract/order fulfilment|customer onboarding|finance/revenue|delivery operations,"Decision, approver/authority, rationale, conditions, date and affected objects",candidate-explicit
EJOB-F07.06-PROFESSIONAL,Quotation Specialist,,"Commercial, Customer & Supply Chain — F07",JP-F07.06-PROFESSIONAL,reconciled-employment-profile,WP-W6-F07.06-PROFESSIONAL-005,Issued Quotation,TRANSACTION / COMMITMENT,F07.06.A05,NATIVE,Operate,Customer|Account|Opportunity|Quote|Bid|Contract|Order,F07,Quotation [AGG-05-OFFER],Transaction Workspace|Approval Panel,marketing-qualified demand|customer/account data|pricing/product definitions|authority/contract policy,contract/order fulfilment|customer onboarding|finance/revenue|delivery operations,"Counterparty/terms/authority with immutable issue, execution, amendment and completion history",candidate-explicit
EJOB-F08.06-PROFESSIONAL,Returns & Refunds Specialist,,"Commercial, Customer & Supply Chain — F08",JP-F08.06-PROFESSIONAL,reconciled-employment-profile,WP-W6-F08.06-PROFESSIONAL-001,Return Authorisation,DECISION / APPROVAL,F08.06.A01,NATIVE,Operate,Customer|Case|Service|Warranty|SLA,F08,Return / Refund Case [AGG-03-CUSTOMER-CASE],Decision Workspace|Approval Panel,customer/account/service entitlement|orders/deliveries|product/service knowledge|SLA/warranty terms,service delivery|product improvement|finance credits|customer success/renewal,"Decision, approver/authority, rationale, conditions, date and affected objects",candidate-explicit
EJOB-F08.06-PROFESSIONAL,Returns & Refunds Specialist,,"Commercial, Customer & Supply Chain — F08",JP-F08.06-PROFESSIONAL,reconciled-employment-profile,WP-W6-F08.06-PROFESSIONAL-002,Return Receipt / Inspection Record,INSPECTION / TEST,F08.06.A02|F08.06.A03,NATIVE,Operate,Customer|Case|Service|Warranty|SLA,F08,Return / Refund Case [AGG-03-CUSTOMER-CASE],Test / Inspection Workbench|Evidence Panel,customer/account/service entitlement|orders/deliveries|product/service knowledge|SLA/warranty terms,service delivery|product improvement|finance credits|customer success/renewal,"Inspection/test basis, method, result, evidence, performer/reviewer and acceptance status",candidate-explicit
EJOB-F08.06-PROFESSIONAL,Returns & Refunds Specialist,,"Commercial, Customer & Supply Chain — F08",JP-F08.06-PROFESSIONAL,reconciled-employment-profile,WP-W6-F08.06-PROFESSIONAL-003,Refund / Replacement Decision,DECISION / APPROVAL,F08.06.A04,NATIVE,Operate,Customer|Case|Service|Warranty|SLA,F08,Return / Refund Case [AGG-03-CUSTOMER-CASE],Decision Workspace|Approval Panel,customer/account/service entitlement|orders/deliveries|product/service knowledge|SLA/warranty terms,service delivery|product improvement|finance credits|customer success/renewal,"Decision, approver/authority, rationale, conditions, date and affected objects",candidate-explicit
EJOB-F08.06-PROFESSIONAL,Returns & Refunds Specialist,,"Commercial, Customer & Supply Chain — F08",JP-F08.06-PROFESSIONAL,reconciled-employment-profile,WP-W6-F08.06-PROFESSIONAL-004,Customer Credit Record / Request,TRANSACTION / COMMITMENT,F08.06.A05,NATIVE,Operate,Customer|Case|Service|Warranty|SLA,F08,Return / Refund Case [AGG-03-CUSTOMER-CASE],Transaction Workspace|Approval Panel,customer/account/service entitlement|orders/deliveries|product/service knowledge|SLA/warranty terms,service delivery|product improvement|finance credits|customer success/renewal,"Counterparty/terms/authority with immutable issue, execution, amendment and completion history",candidate-explicit
EJOB-F10.11-PROFESSIONAL,Reverse Logistics Specialist,,"Commercial, Customer & Supply Chain — F10",JP-F10.11-PROFESSIONAL,reconciled-employment-profile,WP-W6-F10.11-PROFESSIONAL-001,Reverse Logistics Return Receipt,EXECUTION RECORD,F10.11.A01,NATIVE,Operate,Planning Cycle|Material|Inventory|Warehouse|Shipment|Trade Lane,F10,Shipment / Logistics [AGG-10-LOGISTICS],Execution Record|Evidence Panel,demand forecast|orders|inventory/stock data|supplier commitments|capacity/logistics constraints,production/procurement|warehouse/distribution|customer delivery|finance/inventory valuation,Attributable who/what/when/result record with source context and evidence,candidate-explicit
EJOB-F10.11-PROFESSIONAL,Reverse Logistics Specialist,,"Commercial, Customer & Supply Chain — F10",JP-F10.11-PROFESSIONAL,reconciled-employment-profile,WP-W6-F10.11-PROFESSIONAL-002,Returned Item Inspection / Disposition Assessment,INSPECTION / TEST,F10.11.A02,NATIVE,Operate,Planning Cycle|Material|Inventory|Warehouse|Shipment|Trade Lane,F10,Shipment / Logistics [AGG-10-LOGISTICS],Test / Inspection Workbench|Evidence Panel,demand forecast|orders|inventory/stock data|supplier commitments|capacity/logistics constraints,production/procurement|warehouse/distribution|customer delivery|finance/inventory valuation,"Inspection/test basis, method, result, evidence, performer/reviewer and acceptance status",candidate-explicit
EJOB-F10.11-PROFESSIONAL,Reverse Logistics Specialist,,"Commercial, Customer & Supply Chain — F10",JP-F10.11-PROFESSIONAL,reconciled-employment-profile,WP-W6-F10.11-PROFESSIONAL-003,Refurbishment / Recycling / Disposal Record,EXECUTION RECORD,F10.11.A03|F10.11.A04|F10.11.A05,NATIVE,Operate,Planning Cycle|Material|Inventory|Warehouse|Shipment|Trade Lane,F10,Shipment / Logistics [AGG-10-LOGISTICS],Execution Record|Evidence Panel,demand forecast|orders|inventory/stock data|supplier commitments|capacity/logistics constraints,production/procurement|warehouse/distribution|customer delivery|finance/inventory valuation,Attributable who/what/when/result record with source context and evidence,candidate-explicit
EJOB-F10.11-PROFESSIONAL,Reverse Logistics Specialist,,"Commercial, Customer & Supply Chain — F10",JP-F10.11-PROFESSIONAL,reconciled-employment-profile,WP-W6-F10.11-PROFESSIONAL-004,Return-to-Supplier Record,TRANSACTION / COMMITMENT,F10.11.A06,NATIVE,Operate,Planning Cycle|Material|Inventory|Warehouse|Shipment|Trade Lane,F10,Shipment / Logistics [AGG-10-LOGISTICS],Transaction Workspace|Approval Panel,demand forecast|orders|inventory/stock data|supplier commitments|capacity/logistics constraints,production/procurement|warehouse/distribution|customer delivery|finance/inventory valuation,"Counterparty/terms/authority with immutable issue, execution, amendment and completion history",candidate-explicit
EJOB-F10.02-PROFESSIONAL,S&OP Manager,,"Commercial, Customer & Supply Chain — F10",JP-F10.02-PROFESSIONAL,reconciled-employment-profile,WP-W6-F10.02-PROFESSIONAL-001,Reconciled Demand / Supply Plan,PLAN / STRATEGY,F10.02.A01,NATIVE,Operate,Planning Cycle|Material|Inventory|Warehouse|Shipment|Trade Lane,F10,Demand / Supply Plan [AGG-10-PLANNING],Object Workspace|Structure Browser|Enterprise Grid,demand forecast|orders|inventory/stock data|supplier commitments|capacity/logistics constraints,production/procurement|warehouse/distribution|customer delivery|finance/inventory valuation,"Versioned plan/strategy with assumptions, ownership, review, approval and effective-date provenance",candidate-explicit
EJOB-F10.02-PROFESSIONAL,S&OP Manager,,"Commercial, Customer & Supply Chain — F10",JP-F10.02-PROFESSIONAL,reconciled-employment-profile,WP-W6-F10.02-PROFESSIONAL-002,Capacity Assessment,CASE / ASSESSMENT,F10.02.A02,NATIVE,Operate,Planning Cycle|Material|Inventory|Warehouse|Shipment|Trade Lane,F10,Demand / Supply Plan [AGG-10-PLANNING],Case Workspace|Assessment Form|Evidence Panel,demand forecast|orders|inventory/stock data|supplier commitments|capacity/logistics constraints,production/procurement|warehouse/distribution|customer delivery|finance/inventory valuation,"Evidence set, assessment rationale, findings, decisions/actions and closure history",candidate-explicit
EJOB-F10.02-PROFESSIONAL,S&OP Manager,,"Commercial, Customer & Supply Chain — F10",JP-F10.02-PROFESSIONAL,reconciled-employment-profile,WP-W6-F10.02-PROFESSIONAL-003,S&OP Scenario Model,CALCULATION / MODEL,F10.02.A03,NATIVE,Operate,Planning Cycle|Material|Inventory|Warehouse|Shipment|Trade Lane,F10,Demand / Supply Plan [AGG-10-PLANNING],Calculation Workbench|Enterprise Grid,demand forecast|orders|inventory/stock data|supplier commitments|capacity/logistics constraints,production/procurement|warehouse/distribution|customer delivery|finance/inventory valuation,"Versioned calculation/model with inputs, assumptions, method, scenario and result provenance",candidate-explicit
EJOB-F10.02-PROFESSIONAL,S&OP Manager,,"Commercial, Customer & Supply Chain — F10",JP-F10.02-PROFESSIONAL,reconciled-employment-profile,WP-W6-F10.02-PROFESSIONAL-004,Approved S&OP Plan,DECISION / APPROVAL,F10.02.A04,NATIVE,Operate,Planning Cycle|Material|Inventory|Warehouse|Shipment|Trade Lane,F10,Demand / Supply Plan [AGG-10-PLANNING],Decision Workspace|Approval Panel,demand forecast|orders|inventory/stock data|supplier commitments|capacity/logistics constraints,production/procurement|warehouse/distribution|customer delivery|finance/inventory valuation,"Decision, approver/authority, rationale, conditions, date and affected objects",candidate-explicit
EJOB-F07.11-PROFESSIONAL,Sales Compensation Specialist,,"Commercial, Customer & Supply Chain — F07",JP-F07.11-PROFESSIONAL,reconciled-employment-profile,WP-W6-F07.11-PROFESSIONAL-001,Sales Incentive Plan,PLAN / STRATEGY,F07.11.A01,NATIVE,Operate,Customer|Account|Opportunity|Quote|Bid|Contract|Order,F07,Sales Compensation [AGG-18-COMPENSATION],Object Workspace|Structure Browser|Enterprise Grid,marketing-qualified demand|customer/account data|pricing/product definitions|authority/contract policy,contract/order fulfilment|customer onboarding|finance/revenue|delivery operations,"Versioned plan/strategy with assumptions, ownership, review, approval and effective-date provenance",candidate-explicit
EJOB-F07.11-PROFESSIONAL,Sales Compensation Specialist,,"Commercial, Customer & Supply Chain — F07",JP-F07.11-PROFESSIONAL,reconciled-employment-profile,WP-W6-F07.11-PROFESSIONAL-002,Commission Calculation,CALCULATION / MODEL,F07.11.A02,NATIVE,Operate,Customer|Account|Opportunity|Quote|Bid|Contract|Order,F07,Sales Compensation [AGG-18-COMPENSATION],Calculation Workbench|Enterprise Grid,marketing-qualified demand|customer/account data|pricing/product definitions|authority/contract policy,contract/order fulfilment|customer onboarding|finance/revenue|delivery operations,"Versioned calculation/model with inputs, assumptions, method, scenario and result provenance",candidate-explicit
EJOB-F07.11-PROFESSIONAL,Sales Compensation Specialist,,"Commercial, Customer & Supply Chain — F07",JP-F07.11-PROFESSIONAL,reconciled-employment-profile,WP-W6-F07.11-PROFESSIONAL-003,Compensation Exception Case,CASE / ASSESSMENT,F07.11.A03,NATIVE,Operate,Customer|Account|Opportunity|Quote|Bid|Contract|Order,F07,Sales Compensation [AGG-18-COMPENSATION],Case Workspace|Assessment Form|Evidence Panel,marketing-qualified demand|customer/account data|pricing/product definitions|authority/contract policy,contract/order fulfilment|customer onboarding|finance/revenue|delivery operations,"Evidence set, assessment rationale, findings, decisions/actions and closure history",candidate-explicit
EJOB-F07.11-PROFESSIONAL,Sales Compensation Specialist,,"Commercial, Customer & Supply Chain — F07",JP-F07.11-PROFESSIONAL,reconciled-employment-profile,WP-W6-F07.11-PROFESSIONAL-004,Commission Payment Approval,DECISION / APPROVAL,F07.11.A04,NATIVE,Operate,Customer|Account|Opportunity|Quote|Bid|Contract|Order,F07,Sales Compensation [AGG-18-COMPENSATION],Decision Workspace|Approval Panel,marketing-qualified demand|customer/account data|pricing/product definitions|authority/contract policy,contract/order fulfilment|customer onboarding|finance/revenue|delivery operations,"Decision, approver/authority, rationale, conditions, date and affected objects",candidate-explicit
EJOB-F07.12-PROFESSIONAL,Sales Forecasting Specialist,,"Commercial, Customer & Supply Chain — F07",JP-F07.12-PROFESSIONAL,reconciled-employment-profile,WP-W6-F07.12-PROFESSIONAL-001,Sales Forecast Submission,REPORT / SNAPSHOT,F07.12.A01,NATIVE,Operate,Customer|Account|Opportunity|Quote|Bid|Contract|Order,F07,Opportunity / Pipeline [AGG-03-OPPORTUNITY],Report Builder|Snapshot View,marketing-qualified demand|customer/account data|pricing/product definitions|authority/contract policy,contract/order fulfilment|customer onboarding|finance/revenue|delivery operations,"Point-in-time/as-of snapshot with source data, calculation/filter and publication provenance",candidate-explicit
EJOB-F07.12-PROFESSIONAL,Sales Forecasting Specialist,,"Commercial, Customer & Supply Chain — F07",JP-F07.12-PROFESSIONAL,reconciled-employment-profile,WP-W6-F07.12-PROFESSIONAL-002,Opportunity Probability Assessment,CASE / ASSESSMENT,F07.12.A02,NATIVE,Operate,Customer|Account|Opportunity|Quote|Bid|Contract|Order,F07,Opportunity / Pipeline [AGG-03-OPPORTUNITY],Case Workspace|Assessment Form|Evidence Panel,marketing-qualified demand|customer/account data|pricing/product definitions|authority/contract policy,contract/order fulfilment|customer onboarding|finance/revenue|delivery operations,"Evidence set, assessment rationale, findings, decisions/actions and closure history",candidate-explicit
EJOB-F07.12-PROFESSIONAL,Sales Forecasting Specialist,,"Commercial, Customer & Supply Chain — F07",JP-F07.12-PROFESSIONAL,reconciled-employment-profile,WP-W6-F07.12-PROFESSIONAL-003,Consolidated Sales Forecast,CALCULATION / MODEL,F07.12.A03,NATIVE,Operate,Customer|Account|Opportunity|Quote|Bid|Contract|Order,F07,Opportunity / Pipeline [AGG-03-OPPORTUNITY],Calculation Workbench|Enterprise Grid,marketing-qualified demand|customer/account data|pricing/product definitions|authority/contract policy,contract/order fulfilment|customer onboarding|finance/revenue|delivery operations,"Versioned calculation/model with inputs, assumptions, method, scenario and result provenance",candidate-explicit
EJOB-F07.12-PROFESSIONAL,Sales Forecasting Specialist,,"Commercial, Customer & Supply Chain — F07",JP-F07.12-PROFESSIONAL,reconciled-employment-profile,WP-W6-F07.12-PROFESSIONAL-004,Forecast Challenge / Adjustment Record,CHANGE,F07.12.A04,NATIVE,Operate,Customer|Account|Opportunity|Quote|Bid|Contract|Order,F07,Opportunity / Pipeline [AGG-03-OPPORTUNITY],Change Workspace|Impact Assessment,marketing-qualified demand|customer/account data|pricing/product definitions|authority/contract policy,contract/order fulfilment|customer onboarding|finance/revenue|delivery operations,"Baseline, impact assessment, authority decision, implementation and verification evidence",candidate-explicit
EJOB-F07.09-PROFESSIONAL,Sales Order Manager,,"Commercial, Customer & Supply Chain — F07",JP-F07.09-PROFESSIONAL,reconciled-employment-profile,WP-W6-F07.09-PROFESSIONAL-001,Sales Order,TRANSACTION / COMMITMENT,F07.09.A01,NATIVE,Operate,Customer|Account|Opportunity|Quote|Bid|Contract|Order,F07,Sales Order [AGG-05-SALES-ORDER],Transaction Workspace|Approval Panel,marketing-qualified demand|customer/account data|pricing/product definitions|authority/contract policy,contract/order fulfilment|customer onboarding|finance/revenue|delivery operations,"Counterparty/terms/authority with immutable issue, execution, amendment and completion history",candidate-explicit
EJOB-F07.09-PROFESSIONAL,Sales Order Manager,,"Commercial, Customer & Supply Chain — F07",JP-F07.09-PROFESSIONAL,reconciled-employment-profile,WP-W6-F07.09-PROFESSIONAL-002,Sales Order Validation / Exception Record,CASE / ASSESSMENT,F07.09.A02,NATIVE,Operate,Customer|Account|Opportunity|Quote|Bid|Contract|Order,F07,Sales Order [AGG-05-SALES-ORDER],Case Workspace|Assessment Form|Evidence Panel,marketing-qualified demand|customer/account data|pricing/product definitions|authority/contract policy,contract/order fulfilment|customer onboarding|finance/revenue|delivery operations,"Evidence set, assessment rationale, findings, decisions/actions and closure history",candidate-explicit
EJOB-F07.09-PROFESSIONAL,Sales Order Manager,,"Commercial, Customer & Supply Chain — F07",JP-F07.09-PROFESSIONAL,reconciled-employment-profile,WP-W6-F07.09-PROFESSIONAL-003,Sales Order Approval,DECISION / APPROVAL,F07.09.A03,NATIVE,Operate,Customer|Account|Opportunity|Quote|Bid|Contract|Order,F07,Sales Order [AGG-05-SALES-ORDER],Decision Workspace|Approval Panel,marketing-qualified demand|customer/account data|pricing/product definitions|authority/contract policy,contract/order fulfilment|customer onboarding|finance/revenue|delivery operations,"Decision, approver/authority, rationale, conditions, date and affected objects",candidate-explicit
EJOB-F07.09-PROFESSIONAL,Sales Order Manager,,"Commercial, Customer & Supply Chain — F07",JP-F07.09-PROFESSIONAL,reconciled-employment-profile,WP-W6-F07.09-PROFESSIONAL-004,Sales Order Amendment / Cancellation,CHANGE,F07.09.A04|F07.09.A05,NATIVE,Operate,Customer|Account|Opportunity|Quote|Bid|Contract|Order,F07,Sales Order [AGG-05-SALES-ORDER],Change Workspace|Impact Assessment,marketing-qualified demand|customer/account data|pricing/product definitions|authority/contract policy,contract/order fulfilment|customer onboarding|finance/revenue|delivery operations,"Baseline, impact assessment, authority decision, implementation and verification evidence",candidate-explicit
EJOB-F07.09-PROFESSIONAL,Sales Order Manager,,"Commercial, Customer & Supply Chain — F07",JP-F07.09-PROFESSIONAL,reconciled-employment-profile,WP-W6-F07.09-PROFESSIONAL-005,Fulfilment Handoff,HANDOVER / CLOSEOUT PACKAGE,F07.09.A06,NATIVE,Operate,Customer|Account|Opportunity|Quote|Bid|Contract|Order,F07,Sales Order [AGG-05-SALES-ORDER],Package Workspace|Completeness Checklist,marketing-qualified demand|customer/account data|pricing/product definitions|authority/contract policy,contract/order fulfilment|customer onboarding|finance/revenue|delivery operations,"Controlled completeness set with acceptance, outstanding items, evidence and closure provenance",candidate-explicit
EJOB-F07.13-PROFESSIONAL,Sales Performance Specialist,,"Commercial, Customer & Supply Chain — F07",JP-F07.13-PROFESSIONAL,reconciled-employment-profile,WP-W6-F07.13-PROFESSIONAL-001,Sales Performance Dashboard,REPORT / SNAPSHOT,F07.13.A01|F07.13.A02|F07.13.A04,NATIVE,Operate,Customer|Account|Opportunity|Quote|Bid|Contract|Order,F07,Sales / Account Plan [AGG-03-ACCOUNT-PLAN],Report Builder|Snapshot View,marketing-qualified demand|customer/account data|pricing/product definitions|authority/contract policy,contract/order fulfilment|customer onboarding|finance/revenue|delivery operations,"Point-in-time/as-of snapshot with source data, calculation/filter and publication provenance",candidate-explicit
EJOB-F07.13-PROFESSIONAL,Sales Performance Specialist,,"Commercial, Customer & Supply Chain — F07",JP-F07.13-PROFESSIONAL,reconciled-employment-profile,WP-W6-F07.13-PROFESSIONAL-002,Sales Margin Analysis,CALCULATION / MODEL,F07.13.A03,NATIVE,Operate,Customer|Account|Opportunity|Quote|Bid|Contract|Order,F07,Sales / Account Plan [AGG-03-ACCOUNT-PLAN],Calculation Workbench|Enterprise Grid,marketing-qualified demand|customer/account data|pricing/product definitions|authority/contract policy,contract/order fulfilment|customer onboarding|finance/revenue|delivery operations,"Versioned calculation/model with inputs, assumptions, method, scenario and result provenance",candidate-explicit
EJOB-F07.13-PROFESSIONAL,Sales Performance Specialist,,"Commercial, Customer & Supply Chain — F07",JP-F07.13-PROFESSIONAL,reconciled-employment-profile,WP-W6-F07.13-PROFESSIONAL-003,Sales Productivity Report,REPORT / SNAPSHOT,F07.13.A05,NATIVE,Operate,Customer|Account|Opportunity|Quote|Bid|Contract|Order,F07,Sales / Account Plan [AGG-03-ACCOUNT-PLAN],Report Builder|Snapshot View,marketing-qualified demand|customer/account data|pricing/product definitions|authority/contract policy,contract/order fulfilment|customer onboarding|finance/revenue|delivery operations,"Point-in-time/as-of snapshot with source data, calculation/filter and publication provenance",candidate-explicit
EJOB-F07.13-PROFESSIONAL,Sales Performance Specialist,,"Commercial, Customer & Supply Chain — F07",JP-F07.13-PROFESSIONAL,reconciled-employment-profile,WP-W6-F07.13-PROFESSIONAL-004,Sales Corrective Action Plan,CHANGE,F07.13.A06,NATIVE,Operate,Customer|Account|Opportunity|Quote|Bid|Contract|Order,F07,Sales / Account Plan [AGG-03-ACCOUNT-PLAN],Change Workspace|Impact Assessment,marketing-qualified demand|customer/account data|pricing/product definitions|authority/contract policy,contract/order fulfilment|customer onboarding|finance/revenue|delivery operations,"Baseline, impact assessment, authority decision, implementation and verification evidence",candidate-explicit
EJOB-F07.01-PROFESSIONAL,Sales Strategy Specialist,,"Commercial, Customer & Supply Chain — F07",JP-F07.01-PROFESSIONAL,reconciled-employment-profile,WP-W6-F07.01-PROFESSIONAL-001,Sales Operating Model,PLAN / STRATEGY,F07.01.A01,NATIVE,Operate,Customer|Account|Opportunity|Quote|Bid|Contract|Order,F07,Sales / Account Plan [AGG-03-ACCOUNT-PLAN],Object Workspace|Structure Browser|Enterprise Grid,marketing-qualified demand|customer/account data|pricing/product definitions|authority/contract policy,contract/order fulfilment|customer onboarding|finance/revenue|delivery operations,"Versioned plan/strategy with assumptions, ownership, review, approval and effective-date provenance",candidate-explicit
EJOB-F07.01-PROFESSIONAL,Sales Strategy Specialist,,"Commercial, Customer & Supply Chain — F07",JP-F07.01-PROFESSIONAL,reconciled-employment-profile,WP-W6-F07.01-PROFESSIONAL-002,Territory Structure,STRUCTURE / BREAKDOWN,F07.01.A02,NATIVE,Operate,Customer|Account|Opportunity|Quote|Bid|Contract|Order,F07,Sales / Account Plan [AGG-03-ACCOUNT-PLAN],Structure Browser|Enterprise Grid,marketing-qualified demand|customer/account data|pricing/product definitions|authority/contract policy,contract/order fulfilment|customer onboarding|finance/revenue|delivery operations,"Versioned hierarchy/structure with element identity, relationships, effectivity and approval provenance",candidate-explicit
EJOB-F07.01-PROFESSIONAL,Sales Strategy Specialist,,"Commercial, Customer & Supply Chain — F07",JP-F07.01-PROFESSIONAL,reconciled-employment-profile,WP-W6-F07.01-PROFESSIONAL-003,Sales Channel Strategy,PLAN / STRATEGY,F07.01.A03,NATIVE,Operate,Customer|Account|Opportunity|Quote|Bid|Contract|Order,F07,Sales / Account Plan [AGG-03-ACCOUNT-PLAN],Object Workspace|Structure Browser|Enterprise Grid,marketing-qualified demand|customer/account data|pricing/product definitions|authority/contract policy,contract/order fulfilment|customer onboarding|finance/revenue|delivery operations,"Versioned plan/strategy with assumptions, ownership, review, approval and effective-date provenance",candidate-explicit
EJOB-F07.01-PROFESSIONAL,Sales Strategy Specialist,,"Commercial, Customer & Supply Chain — F07",JP-F07.01-PROFESSIONAL,reconciled-employment-profile,WP-W6-F07.01-PROFESSIONAL-004,Sales Target & Quota Plan,PLAN / STRATEGY,F07.01.A04|F07.01.A05,NATIVE,Operate,Customer|Account|Opportunity|Quote|Bid|Contract|Order,F07,Sales / Account Plan [AGG-03-ACCOUNT-PLAN],Object Workspace|Structure Browser|Enterprise Grid,marketing-qualified demand|customer/account data|pricing/product definitions|authority/contract policy,contract/order fulfilment|customer onboarding|finance/revenue|delivery operations,"Versioned plan/strategy with assumptions, ownership, review, approval and effective-date provenance",candidate-explicit
EJOB-F07.01-PROFESSIONAL,Sales Strategy Specialist,,"Commercial, Customer & Supply Chain — F07",JP-F07.01-PROFESSIONAL,reconciled-employment-profile,WP-W6-F07.01-PROFESSIONAL-005,Sales Coverage Plan,PLAN / STRATEGY,F07.01.A06,NATIVE,Operate,Customer|Account|Opportunity|Quote|Bid|Contract|Order,F07,Sales / Account Plan [AGG-03-ACCOUNT-PLAN],Object Workspace|Structure Browser|Enterprise Grid,marketing-qualified demand|customer/account data|pricing/product definitions|authority/contract policy,contract/order fulfilment|customer onboarding|finance/revenue|delivery operations,"Versioned plan/strategy with assumptions, ownership, review, approval and effective-date provenance",candidate-explicit
EJOB-F08.12-PROFESSIONAL,Service-level Manager,,"Commercial, Customer & Supply Chain — F08",JP-F08.12-PROFESSIONAL,reconciled-employment-profile,WP-W6-F08.12-PROFESSIONAL-001,Service-Level Agreement / Entitlement,TRANSACTION / COMMITMENT,F08.12.A01,NATIVE,Operate,Customer|Case|Service|Warranty|SLA,F08,Service Entitlement / SLA [AGG-17-SERVICE-LEVEL],Transaction Workspace|Approval Panel,customer/account/service entitlement|orders/deliveries|product/service knowledge|SLA/warranty terms,service delivery|product improvement|finance credits|customer success/renewal,"Counterparty/terms/authority with immutable issue, execution, amendment and completion history",candidate-explicit
EJOB-F08.12-PROFESSIONAL,Service-level Manager,,"Commercial, Customer & Supply Chain — F08",JP-F08.12-PROFESSIONAL,reconciled-employment-profile,WP-W6-F08.12-PROFESSIONAL-002,SLA Performance Snapshot,REPORT / SNAPSHOT,F08.12.A02,NATIVE,Operate,Customer|Case|Service|Warranty|SLA,F08,Service Entitlement / SLA [AGG-17-SERVICE-LEVEL],Report Builder|Snapshot View,customer/account/service entitlement|orders/deliveries|product/service knowledge|SLA/warranty terms,service delivery|product improvement|finance credits|customer success/renewal,"Point-in-time/as-of snapshot with source data, calculation/filter and publication provenance",candidate-explicit
EJOB-F08.12-PROFESSIONAL,Service-level Manager,,"Commercial, Customer & Supply Chain — F08",JP-F08.12-PROFESSIONAL,reconciled-employment-profile,WP-W6-F08.12-PROFESSIONAL-003,SLA Breach Case,CASE / ASSESSMENT,F08.12.A03,NATIVE,Operate,Customer|Case|Service|Warranty|SLA,F08,Service Entitlement / SLA [AGG-17-SERVICE-LEVEL],Case Workspace|Assessment Form|Evidence Panel,customer/account/service entitlement|orders/deliveries|product/service knowledge|SLA/warranty terms,service delivery|product improvement|finance credits|customer success/renewal,"Evidence set, assessment rationale, findings, decisions/actions and closure history",candidate-explicit
EJOB-F08.12-PROFESSIONAL,Service-level Manager,,"Commercial, Customer & Supply Chain — F08",JP-F08.12-PROFESSIONAL,reconciled-employment-profile,WP-W6-F08.12-PROFESSIONAL-004,SLA Performance Report,REPORT / SNAPSHOT,F08.12.A04,NATIVE,Operate,Customer|Case|Service|Warranty|SLA,F08,Service Entitlement / SLA [AGG-17-SERVICE-LEVEL],Report Builder|Snapshot View,customer/account/service entitlement|orders/deliveries|product/service knowledge|SLA/warranty terms,service delivery|product improvement|finance credits|customer success/renewal,"Point-in-time/as-of snapshot with source data, calculation/filter and publication provenance",candidate-explicit
EJOB-F09.04-PROFESSIONAL,Strategic Sourcing Specialist,,"Commercial, Customer & Supply Chain — F09",JP-F09.04-PROFESSIONAL,reconciled-employment-profile,WP-W6-F09.04-PROFESSIONAL-001,Sourcing / Tender Pack,CONTROLLED INFORMATION,F09.04.A01,NATIVE,Operate,Supplier|Category|Sourcing Event|Contract|Requisition|Purchase Order,F09,Sourcing Event [AGG-09-SOURCING],Controlled Document Editor|Object Workspace,demand/requisition|category/spend data|supplier master|technical/commercial requirements|authority policy,purchase commitments|supplier onboarding|finance/AP|warehouse/logistics|supplier performance,"Controlled revision with author, reviewer, approver, issue/effective date and supersession provenance",candidate-explicit
EJOB-F09.04-PROFESSIONAL,Strategic Sourcing Specialist,,"Commercial, Customer & Supply Chain — F09",JP-F09.04-PROFESSIONAL,reconciled-employment-profile,WP-W6-F09.04-PROFESSIONAL-002,Sourcing Response Register,REGISTER / SCHEDULE,F09.04.A02,NATIVE,Operate,Supplier|Category|Sourcing Event|Contract|Requisition|Purchase Order,F09,Sourcing Event [AGG-09-SOURCING],Enterprise Grid|Collection View,demand/requisition|category/spend data|supplier master|technical/commercial requirements|authority policy,purchase commitments|supplier onboarding|finance/AP|warehouse/logistics|supplier performance,"Governed entries with owner, status, dates, source references and immutable change history",candidate-explicit
EJOB-F09.04-PROFESSIONAL,Strategic Sourcing Specialist,,"Commercial, Customer & Supply Chain — F09",JP-F09.04-PROFESSIONAL,reconciled-employment-profile,WP-W6-F09.04-PROFESSIONAL-003,Sourcing Evaluation,CASE / ASSESSMENT,F09.04.A02,NATIVE,Operate,Supplier|Category|Sourcing Event|Contract|Requisition|Purchase Order,F09,Sourcing Event [AGG-09-SOURCING],Case Workspace|Assessment Form|Evidence Panel,demand/requisition|category/spend data|supplier master|technical/commercial requirements|authority policy,purchase commitments|supplier onboarding|finance/AP|warehouse/logistics|supplier performance,"Evidence set, assessment rationale, findings, decisions/actions and closure history",candidate-explicit
EJOB-F09.04-PROFESSIONAL,Strategic Sourcing Specialist,,"Commercial, Customer & Supply Chain — F09",JP-F09.04-PROFESSIONAL,reconciled-employment-profile,WP-W6-F09.04-PROFESSIONAL-004,Auction / Negotiation Event Record,EXECUTION RECORD,F09.04.A03,NATIVE,Operate,Supplier|Category|Sourcing Event|Contract|Requisition|Purchase Order,F09,Sourcing Event [AGG-09-SOURCING],Execution Record|Evidence Panel,demand/requisition|category/spend data|supplier master|technical/commercial requirements|authority policy,purchase commitments|supplier onboarding|finance/AP|warehouse/logistics|supplier performance,Attributable who/what/when/result record with source context and evidence,candidate-explicit
EJOB-F09.04-PROFESSIONAL,Strategic Sourcing Specialist,,"Commercial, Customer & Supply Chain — F09",JP-F09.04-PROFESSIONAL,reconciled-employment-profile,WP-W6-F09.04-PROFESSIONAL-005,Supplier Award Decision,DECISION / APPROVAL,F09.04.A04,NATIVE,Operate,Supplier|Category|Sourcing Event|Contract|Requisition|Purchase Order,F09,Sourcing Event [AGG-09-SOURCING],Decision Workspace|Approval Panel,demand/requisition|category/spend data|supplier master|technical/commercial requirements|authority policy,purchase commitments|supplier onboarding|finance/AP|warehouse/logistics|supplier performance,"Decision, approver/authority, rationale, conditions, date and affected objects",candidate-explicit
EJOB-F09.05-PROFESSIONAL,Supplier Commercial Manager,,"Commercial, Customer & Supply Chain — F09",JP-F09.05-PROFESSIONAL,reconciled-employment-profile,WP-W6-F09.05-PROFESSIONAL-001,Supplier Negotiation Strategy,PLAN / STRATEGY,F09.05.A01|F09.05.A02|F09.05.A03|F09.05.A04|F09.05.A05,NATIVE,Operate,Supplier|Category|Sourcing Event|Contract|Requisition|Purchase Order,F09,Sourcing Event [AGG-09-SOURCING],Object Workspace|Structure Browser|Enterprise Grid,demand/requisition|category/spend data|supplier master|technical/commercial requirements|authority policy,purchase commitments|supplier onboarding|finance/AP|warehouse/logistics|supplier performance,"Versioned plan/strategy with assumptions, ownership, review, approval and effective-date provenance",candidate-explicit
EJOB-F09.05-PROFESSIONAL,Supplier Commercial Manager,,"Commercial, Customer & Supply Chain — F09",JP-F09.05-PROFESSIONAL,reconciled-employment-profile,WP-W6-F09.05-PROFESSIONAL-002,Negotiated Supplier Commercial Terms,TRANSACTION / COMMITMENT,F09.05.A01|F09.05.A02,NATIVE,Operate,Supplier|Category|Sourcing Event|Contract|Requisition|Purchase Order,F09,Sourcing Event [AGG-09-SOURCING],Transaction Workspace|Approval Panel,demand/requisition|category/spend data|supplier master|technical/commercial requirements|authority policy,purchase commitments|supplier onboarding|finance/AP|warehouse/logistics|supplier performance,"Counterparty/terms/authority with immutable issue, execution, amendment and completion history",candidate-explicit
EJOB-F09.05-PROFESSIONAL,Supplier Commercial Manager,,"Commercial, Customer & Supply Chain — F09",JP-F09.05-PROFESSIONAL,reconciled-employment-profile,WP-W6-F09.05-PROFESSIONAL-003,Supplier Service / SLA Terms,CONTROLLED INFORMATION,F09.05.A03,NATIVE,Operate,Supplier|Category|Sourcing Event|Contract|Requisition|Purchase Order,F09,Sourcing Event [AGG-09-SOURCING],Controlled Document Editor|Object Workspace,demand/requisition|category/spend data|supplier master|technical/commercial requirements|authority policy,purchase commitments|supplier onboarding|finance/AP|warehouse/logistics|supplier performance,"Controlled revision with author, reviewer, approver, issue/effective date and supersession provenance",candidate-explicit
EJOB-F09.05-PROFESSIONAL,Supplier Commercial Manager,,"Commercial, Customer & Supply Chain — F09",JP-F09.05-PROFESSIONAL,reconciled-employment-profile,WP-W6-F09.05-PROFESSIONAL-004,Supplier Risk / Incentive Terms,CONTROLLED INFORMATION,F09.05.A04|F09.05.A05,NATIVE,Operate,Supplier|Category|Sourcing Event|Contract|Requisition|Purchase Order,F09,Sourcing Event [AGG-09-SOURCING],Controlled Document Editor|Object Workspace,demand/requisition|category/spend data|supplier master|technical/commercial requirements|authority policy,purchase commitments|supplier onboarding|finance/AP|warehouse/logistics|supplier performance,"Controlled revision with author, reviewer, approver, issue/effective date and supersession provenance",candidate-explicit
EJOB-F09.07-PROFESSIONAL,Supplier Onboarding Specialist,,"Commercial, Customer & Supply Chain — F09",JP-F09.07-PROFESSIONAL,reconciled-employment-profile,WP-W6-F09.07-PROFESSIONAL-001,Supplier Verification Record,CASE / ASSESSMENT,F09.07.A01,NATIVE,Operate,Supplier|Category|Sourcing Event|Contract|Requisition|Purchase Order,F09,Supplier Relationship [AGG-01-PARTY-RELATIONSHIP],Case Workspace|Assessment Form|Evidence Panel,demand/requisition|category/spend data|supplier master|technical/commercial requirements|authority policy,purchase commitments|supplier onboarding|finance/AP|warehouse/logistics|supplier performance,"Evidence set, assessment rationale, findings, decisions/actions and closure history",candidate-explicit
EJOB-F09.07-PROFESSIONAL,Supplier Onboarding Specialist,,"Commercial, Customer & Supply Chain — F09",JP-F09.07-PROFESSIONAL,reconciled-employment-profile,WP-W6-F09.07-PROFESSIONAL-002,Supplier Tax / Bank Setup Record,CONTROLLED INFORMATION,F09.07.A02,NATIVE,Operate,Supplier|Category|Sourcing Event|Contract|Requisition|Purchase Order,F09,Supplier Relationship [AGG-01-PARTY-RELATIONSHIP],Controlled Document Editor|Object Workspace,demand/requisition|category/spend data|supplier master|technical/commercial requirements|authority policy,purchase commitments|supplier onboarding|finance/AP|warehouse/logistics|supplier performance,"Controlled revision with author, reviewer, approver, issue/effective date and supersession provenance",candidate-explicit
EJOB-F09.07-PROFESSIONAL,Supplier Onboarding Specialist,,"Commercial, Customer & Supply Chain — F09",JP-F09.07-PROFESSIONAL,reconciled-employment-profile,WP-W6-F09.07-PROFESSIONAL-003,Supplier Due Diligence Case,CASE / ASSESSMENT,F09.07.A03,NATIVE,Operate,Supplier|Category|Sourcing Event|Contract|Requisition|Purchase Order,F09,Supplier Relationship [AGG-01-PARTY-RELATIONSHIP],Case Workspace|Assessment Form|Evidence Panel,demand/requisition|category/spend data|supplier master|technical/commercial requirements|authority policy,purchase commitments|supplier onboarding|finance/AP|warehouse/logistics|supplier performance,"Evidence set, assessment rationale, findings, decisions/actions and closure history",candidate-explicit
EJOB-F09.07-PROFESSIONAL,Supplier Onboarding Specialist,,"Commercial, Customer & Supply Chain — F09",JP-F09.07-PROFESSIONAL,reconciled-employment-profile,WP-W6-F09.07-PROFESSIONAL-004,Supplier Activation Approval,DECISION / APPROVAL,F09.07.A04,NATIVE,Operate,Supplier|Category|Sourcing Event|Contract|Requisition|Purchase Order,F09,Supplier Relationship [AGG-01-PARTY-RELATIONSHIP],Decision Workspace|Approval Panel,demand/requisition|category/spend data|supplier master|technical/commercial requirements|authority policy,purchase commitments|supplier onboarding|finance/AP|warehouse/logistics|supplier performance,"Decision, approver/authority, rationale, conditions, date and affected objects",candidate-explicit
EJOB-F09.10-PROFESSIONAL,Supplier Performance Specialist,,"Commercial, Customer & Supply Chain — F09",JP-F09.10-PROFESSIONAL,reconciled-employment-profile,WP-W6-F09.10-PROFESSIONAL-001,Supplier KPI Framework,STRUCTURE / BREAKDOWN,F09.10.A01,NATIVE,Operate,Supplier|Category|Sourcing Event|Contract|Requisition|Purchase Order,F09,Supplier Performance [AGG-02-PERFORMANCE],Structure Browser|Enterprise Grid,demand/requisition|category/spend data|supplier master|technical/commercial requirements|authority policy,purchase commitments|supplier onboarding|finance/AP|warehouse/logistics|supplier performance,"Versioned hierarchy/structure with element identity, relationships, effectivity and approval provenance",candidate-explicit
EJOB-F09.10-PROFESSIONAL,Supplier Performance Specialist,,"Commercial, Customer & Supply Chain — F09",JP-F09.10-PROFESSIONAL,reconciled-employment-profile,WP-W6-F09.10-PROFESSIONAL-002,Supplier Performance Dataset,REGISTER / SCHEDULE,F09.10.A02,NATIVE,Operate,Supplier|Category|Sourcing Event|Contract|Requisition|Purchase Order,F09,Supplier Performance [AGG-02-PERFORMANCE],Enterprise Grid|Collection View,demand/requisition|category/spend data|supplier master|technical/commercial requirements|authority policy,purchase commitments|supplier onboarding|finance/AP|warehouse/logistics|supplier performance,"Governed entries with owner, status, dates, source references and immutable change history",candidate-explicit
EJOB-F09.10-PROFESSIONAL,Supplier Performance Specialist,,"Commercial, Customer & Supply Chain — F09",JP-F09.10-PROFESSIONAL,reconciled-employment-profile,WP-W6-F09.10-PROFESSIONAL-003,Supplier Scorecard,REPORT / SNAPSHOT,F09.10.A03,NATIVE,Operate,Supplier|Category|Sourcing Event|Contract|Requisition|Purchase Order,F09,Supplier Performance [AGG-02-PERFORMANCE],Report Builder|Snapshot View,demand/requisition|category/spend data|supplier master|technical/commercial requirements|authority policy,purchase commitments|supplier onboarding|finance/AP|warehouse/logistics|supplier performance,"Point-in-time/as-of snapshot with source data, calculation/filter and publication provenance",candidate-explicit
EJOB-F09.10-PROFESSIONAL,Supplier Performance Specialist,,"Commercial, Customer & Supply Chain — F09",JP-F09.10-PROFESSIONAL,reconciled-employment-profile,WP-W6-F09.10-PROFESSIONAL-004,Supplier Performance Review,REPORT / SNAPSHOT,F09.10.A04,NATIVE,Operate,Supplier|Category|Sourcing Event|Contract|Requisition|Purchase Order,F09,Supplier Performance [AGG-02-PERFORMANCE],Report Builder|Snapshot View,demand/requisition|category/spend data|supplier master|technical/commercial requirements|authority policy,purchase commitments|supplier onboarding|finance/AP|warehouse/logistics|supplier performance,"Point-in-time/as-of snapshot with source data, calculation/filter and publication provenance",candidate-explicit
EJOB-F09.10-PROFESSIONAL,Supplier Performance Specialist,,"Commercial, Customer & Supply Chain — F09",JP-F09.10-PROFESSIONAL,reconciled-employment-profile,WP-W6-F09.10-PROFESSIONAL-005,Supplier Corrective Action,CHANGE,F09.10.A05,NATIVE,Operate,Supplier|Category|Sourcing Event|Contract|Requisition|Purchase Order,F09,Supplier Performance [AGG-02-PERFORMANCE],Change Workspace|Impact Assessment,demand/requisition|category/spend data|supplier master|technical/commercial requirements|authority policy,purchase commitments|supplier onboarding|finance/AP|warehouse/logistics|supplier performance,"Baseline, impact assessment, authority decision, implementation and verification evidence",candidate-explicit
EJOB-F09.12-PROFESSIONAL,Supplier Relationship Manager,,"Commercial, Customer & Supply Chain — F09",JP-F09.12-PROFESSIONAL,reconciled-employment-profile,WP-W6-F09.12-PROFESSIONAL-001,Strategic Supplier Segmentation,STRUCTURE / BREAKDOWN,F09.12.A01,NATIVE,Operate,Supplier|Category|Sourcing Event|Contract|Requisition|Purchase Order,F09,Supplier Relationship [AGG-01-PARTY-RELATIONSHIP],Structure Browser|Enterprise Grid,demand/requisition|category/spend data|supplier master|technical/commercial requirements|authority policy,purchase commitments|supplier onboarding|finance/AP|warehouse/logistics|supplier performance,"Versioned hierarchy/structure with element identity, relationships, effectivity and approval provenance",candidate-explicit
EJOB-F09.12-PROFESSIONAL,Supplier Relationship Manager,,"Commercial, Customer & Supply Chain — F09",JP-F09.12-PROFESSIONAL,reconciled-employment-profile,WP-W6-F09.12-PROFESSIONAL-002,Supplier Relationship Review,REPORT / SNAPSHOT,F09.12.A02,NATIVE,Operate,Supplier|Category|Sourcing Event|Contract|Requisition|Purchase Order,F09,Supplier Relationship [AGG-01-PARTY-RELATIONSHIP],Report Builder|Snapshot View,demand/requisition|category/spend data|supplier master|technical/commercial requirements|authority policy,purchase commitments|supplier onboarding|finance/AP|warehouse/logistics|supplier performance,"Point-in-time/as-of snapshot with source data, calculation/filter and publication provenance",candidate-explicit
EJOB-F09.12-PROFESSIONAL,Supplier Relationship Manager,,"Commercial, Customer & Supply Chain — F09",JP-F09.12-PROFESSIONAL,reconciled-employment-profile,WP-W6-F09.12-PROFESSIONAL-003,Supplier Collaboration / Improvement Plan,PLAN / STRATEGY,F09.12.A03,NATIVE,Operate,Supplier|Category|Sourcing Event|Contract|Requisition|Purchase Order,F09,Supplier Relationship [AGG-01-PARTY-RELATIONSHIP],Object Workspace|Structure Browser|Enterprise Grid,demand/requisition|category/spend data|supplier master|technical/commercial requirements|authority policy,purchase commitments|supplier onboarding|finance/AP|warehouse/logistics|supplier performance,"Versioned plan/strategy with assumptions, ownership, review, approval and effective-date provenance",candidate-explicit
EJOB-F09.12-PROFESSIONAL,Supplier Relationship Manager,,"Commercial, Customer & Supply Chain — F09",JP-F09.12-PROFESSIONAL,reconciled-employment-profile,WP-W6-F09.12-PROFESSIONAL-004,Supplier Dispute Case,CASE / ASSESSMENT,F09.12.A04,NATIVE,Operate,Supplier|Category|Sourcing Event|Contract|Requisition|Purchase Order,F09,Supplier Relationship [AGG-01-PARTY-RELATIONSHIP],Case Workspace|Assessment Form|Evidence Panel,demand/requisition|category/spend data|supplier master|technical/commercial requirements|authority policy,purchase commitments|supplier onboarding|finance/AP|warehouse/logistics|supplier performance,"Evidence set, assessment rationale, findings, decisions/actions and closure history",candidate-explicit
EJOB-F09.11-PROFESSIONAL,Supplier Risk Specialist,,"Commercial, Customer & Supply Chain — F09",JP-F09.11-PROFESSIONAL,reconciled-employment-profile,WP-W6-F09.11-PROFESSIONAL-001,Supplier Risk Assessment,CASE / ASSESSMENT,F09.11.A01,NATIVE,Operate,Supplier|Category|Sourcing Event|Contract|Requisition|Purchase Order,F09,Supplier Risk [AGG-21-RISK],Case Workspace|Assessment Form|Evidence Panel,demand/requisition|category/spend data|supplier master|technical/commercial requirements|authority policy,purchase commitments|supplier onboarding|finance/AP|warehouse/logistics|supplier performance,"Evidence set, assessment rationale, findings, decisions/actions and closure history",candidate-explicit
EJOB-F09.11-PROFESSIONAL,Supplier Risk Specialist,,"Commercial, Customer & Supply Chain — F09",JP-F09.11-PROFESSIONAL,reconciled-employment-profile,WP-W6-F09.11-PROFESSIONAL-002,Supplier Risk Monitoring Snapshot,REPORT / SNAPSHOT,F09.11.A02,NATIVE,Operate,Supplier|Category|Sourcing Event|Contract|Requisition|Purchase Order,F09,Supplier Risk [AGG-21-RISK],Report Builder|Snapshot View,demand/requisition|category/spend data|supplier master|technical/commercial requirements|authority policy,purchase commitments|supplier onboarding|finance/AP|warehouse/logistics|supplier performance,"Point-in-time/as-of snapshot with source data, calculation/filter and publication provenance",candidate-explicit
EJOB-F09.11-PROFESSIONAL,Supplier Risk Specialist,,"Commercial, Customer & Supply Chain — F09",JP-F09.11-PROFESSIONAL,reconciled-employment-profile,WP-W6-F09.11-PROFESSIONAL-003,Supplier Risk Mitigation Plan,PLAN / STRATEGY,F09.11.A03,NATIVE,Operate,Supplier|Category|Sourcing Event|Contract|Requisition|Purchase Order,F09,Supplier Risk [AGG-21-RISK],Object Workspace|Structure Browser|Enterprise Grid,demand/requisition|category/spend data|supplier master|technical/commercial requirements|authority policy,purchase commitments|supplier onboarding|finance/AP|warehouse/logistics|supplier performance,"Versioned plan/strategy with assumptions, ownership, review, approval and effective-date provenance",candidate-explicit
EJOB-F09.03-PROFESSIONAL,Supplier Sourcing Specialist,,"Commercial, Customer & Supply Chain — F09",JP-F09.03-PROFESSIONAL,reconciled-employment-profile,WP-W6-F09.03-PROFESSIONAL-001,Supplier Longlist,REGISTER / SCHEDULE,F09.03.A01,NATIVE,Operate,Supplier|Category|Sourcing Event|Contract|Requisition|Purchase Order,F09,Supplier Relationship [AGG-01-PARTY-RELATIONSHIP],Enterprise Grid|Collection View,demand/requisition|category/spend data|supplier master|technical/commercial requirements|authority policy,purchase commitments|supplier onboarding|finance/AP|warehouse/logistics|supplier performance,"Governed entries with owner, status, dates, source references and immutable change history",candidate-explicit
EJOB-F09.03-PROFESSIONAL,Supplier Sourcing Specialist,,"Commercial, Customer & Supply Chain — F09",JP-F09.03-PROFESSIONAL,reconciled-employment-profile,WP-W6-F09.03-PROFESSIONAL-002,Supplier Information Profile,CONTROLLED INFORMATION,F09.03.A02,NATIVE,Operate,Supplier|Category|Sourcing Event|Contract|Requisition|Purchase Order,F09,Supplier Relationship [AGG-01-PARTY-RELATIONSHIP],Controlled Document Editor|Object Workspace,demand/requisition|category/spend data|supplier master|technical/commercial requirements|authority policy,purchase commitments|supplier onboarding|finance/AP|warehouse/logistics|supplier performance,"Controlled revision with author, reviewer, approver, issue/effective date and supersession provenance",candidate-explicit
EJOB-F09.03-PROFESSIONAL,Supplier Sourcing Specialist,,"Commercial, Customer & Supply Chain — F09",JP-F09.03-PROFESSIONAL,reconciled-employment-profile,WP-W6-F09.03-PROFESSIONAL-003,Supplier Prequalification Assessment,CASE / ASSESSMENT,F09.03.A03,NATIVE,Operate,Supplier|Category|Sourcing Event|Contract|Requisition|Purchase Order,F09,Supplier Relationship [AGG-01-PARTY-RELATIONSHIP],Case Workspace|Assessment Form|Evidence Panel,demand/requisition|category/spend data|supplier master|technical/commercial requirements|authority policy,purchase commitments|supplier onboarding|finance/AP|warehouse/logistics|supplier performance,"Evidence set, assessment rationale, findings, decisions/actions and closure history",candidate-explicit
EJOB-F09.03-PROFESSIONAL,Supplier Sourcing Specialist,,"Commercial, Customer & Supply Chain — F09",JP-F09.03-PROFESSIONAL,reconciled-employment-profile,WP-W6-F09.03-PROFESSIONAL-004,Supplier Candidate Register,REGISTER / SCHEDULE,F09.03.A04,NATIVE,Operate,Supplier|Category|Sourcing Event|Contract|Requisition|Purchase Order,F09,Supplier Relationship [AGG-01-PARTY-RELATIONSHIP],Enterprise Grid|Collection View,demand/requisition|category/spend data|supplier master|technical/commercial requirements|authority policy,purchase commitments|supplier onboarding|finance/AP|warehouse/logistics|supplier performance,"Governed entries with owner, status, dates, source references and immutable change history",candidate-explicit
EJOB-F10.12-PROFESSIONAL,Supply Chain Analyst,,"Commercial, Customer & Supply Chain — F10",JP-F10.12-PROFESSIONAL,reconciled-employment-profile,WP-W6-F10.12-PROFESSIONAL-001,Supply Chain KPI Dashboard,REPORT / SNAPSHOT,F10.12.A01,NATIVE,Operate,Planning Cycle|Material|Inventory|Warehouse|Shipment|Trade Lane,F10,Supply Chain Performance [AGG-02-PERFORMANCE],Report Builder|Snapshot View,demand forecast|orders|inventory/stock data|supplier commitments|capacity/logistics constraints,production/procurement|warehouse/distribution|customer delivery|finance/inventory valuation,"Point-in-time/as-of snapshot with source data, calculation/filter and publication provenance",candidate-explicit
EJOB-F10.12-PROFESSIONAL,Supply Chain Analyst,,"Commercial, Customer & Supply Chain — F10",JP-F10.12-PROFESSIONAL,reconciled-employment-profile,WP-W6-F10.12-PROFESSIONAL-002,Inventory Turns Analysis,CALCULATION / MODEL,F10.12.A02,NATIVE,Operate,Planning Cycle|Material|Inventory|Warehouse|Shipment|Trade Lane,F10,Supply Chain Performance [AGG-02-PERFORMANCE],Calculation Workbench|Enterprise Grid,demand forecast|orders|inventory/stock data|supplier commitments|capacity/logistics constraints,production/procurement|warehouse/distribution|customer delivery|finance/inventory valuation,"Versioned calculation/model with inputs, assumptions, method, scenario and result provenance",candidate-explicit
EJOB-F10.12-PROFESSIONAL,Supply Chain Analyst,,"Commercial, Customer & Supply Chain — F10",JP-F10.12-PROFESSIONAL,reconciled-employment-profile,WP-W6-F10.12-PROFESSIONAL-003,Lead-Time Analysis,CALCULATION / MODEL,F10.12.A03,NATIVE,Operate,Planning Cycle|Material|Inventory|Warehouse|Shipment|Trade Lane,F10,Supply Chain Performance [AGG-02-PERFORMANCE],Calculation Workbench|Enterprise Grid,demand forecast|orders|inventory/stock data|supplier commitments|capacity/logistics constraints,production/procurement|warehouse/distribution|customer delivery|finance/inventory valuation,"Versioned calculation/model with inputs, assumptions, method, scenario and result provenance",candidate-explicit
EJOB-F10.12-PROFESSIONAL,Supply Chain Analyst,,"Commercial, Customer & Supply Chain — F10",JP-F10.12-PROFESSIONAL,reconciled-employment-profile,WP-W6-F10.12-PROFESSIONAL-004,Capacity Analysis,CALCULATION / MODEL,F10.12.A04,NATIVE,Operate,Planning Cycle|Material|Inventory|Warehouse|Shipment|Trade Lane,F10,Supply Chain Performance [AGG-02-PERFORMANCE],Calculation Workbench|Enterprise Grid,demand forecast|orders|inventory/stock data|supplier commitments|capacity/logistics constraints,production/procurement|warehouse/distribution|customer delivery|finance/inventory valuation,"Versioned calculation/model with inputs, assumptions, method, scenario and result provenance",candidate-explicit
EJOB-F10.12-PROFESSIONAL,Supply Chain Analyst,,"Commercial, Customer & Supply Chain — F10",JP-F10.12-PROFESSIONAL,reconciled-employment-profile,WP-W6-F10.12-PROFESSIONAL-005,Logistics Cost Report,REPORT / SNAPSHOT,F10.12.A05,NATIVE,Operate,Planning Cycle|Material|Inventory|Warehouse|Shipment|Trade Lane,F10,Supply Chain Performance [AGG-02-PERFORMANCE],Report Builder|Snapshot View,demand forecast|orders|inventory/stock data|supplier commitments|capacity/logistics constraints,production/procurement|warehouse/distribution|customer delivery|finance/inventory valuation,"Point-in-time/as-of snapshot with source data, calculation/filter and publication provenance",candidate-explicit
EJOB-F10.13-PROFESSIONAL,Supply Chain Risk Specialist,,"Commercial, Customer & Supply Chain — F10",JP-F10.13-PROFESSIONAL,reconciled-employment-profile,WP-W6-F10.13-PROFESSIONAL-001,Supply Chain Dependency Map / Register,STRUCTURE / BREAKDOWN,F10.13.A01,NATIVE,Operate,Planning Cycle|Material|Inventory|Warehouse|Shipment|Trade Lane,F10,Supply Chain Risk [AGG-21-RISK],Structure Browser|Enterprise Grid,demand forecast|orders|inventory/stock data|supplier commitments|capacity/logistics constraints,production/procurement|warehouse/distribution|customer delivery|finance/inventory valuation,"Versioned hierarchy/structure with element identity, relationships, effectivity and approval provenance",candidate-explicit
EJOB-F10.13-PROFESSIONAL,Supply Chain Risk Specialist,,"Commercial, Customer & Supply Chain — F10",JP-F10.13-PROFESSIONAL,reconciled-employment-profile,WP-W6-F10.13-PROFESSIONAL-002,Supply Disruption Monitoring,REPORT / SNAPSHOT,F10.13.A02,NATIVE,Operate,Planning Cycle|Material|Inventory|Warehouse|Shipment|Trade Lane,F10,Supply Chain Risk [AGG-21-RISK],Report Builder|Snapshot View,demand forecast|orders|inventory/stock data|supplier commitments|capacity/logistics constraints,production/procurement|warehouse/distribution|customer delivery|finance/inventory valuation,"Point-in-time/as-of snapshot with source data, calculation/filter and publication provenance",candidate-explicit
EJOB-F10.13-PROFESSIONAL,Supply Chain Risk Specialist,,"Commercial, Customer & Supply Chain — F10",JP-F10.13-PROFESSIONAL,reconciled-employment-profile,WP-W6-F10.13-PROFESSIONAL-003,Alternative Source Qualification,CASE / ASSESSMENT,F10.13.A03,NATIVE,Operate,Planning Cycle|Material|Inventory|Warehouse|Shipment|Trade Lane,F10,Supply Chain Risk [AGG-21-RISK],Case Workspace|Assessment Form|Evidence Panel,demand forecast|orders|inventory/stock data|supplier commitments|capacity/logistics constraints,production/procurement|warehouse/distribution|customer delivery|finance/inventory valuation,"Evidence set, assessment rationale, findings, decisions/actions and closure history",candidate-explicit
EJOB-F10.13-PROFESSIONAL,Supply Chain Risk Specialist,,"Commercial, Customer & Supply Chain — F10",JP-F10.13-PROFESSIONAL,reconciled-employment-profile,WP-W6-F10.13-PROFESSIONAL-004,Supply Contingency Activation Record,EXECUTION RECORD,F10.13.A04,NATIVE,Operate,Planning Cycle|Material|Inventory|Warehouse|Shipment|Trade Lane,F10,Supply Chain Risk [AGG-21-RISK],Execution Record|Evidence Panel,demand forecast|orders|inventory/stock data|supplier commitments|capacity/logistics constraints,production/procurement|warehouse/distribution|customer delivery|finance/inventory valuation,Attributable who/what/when/result record with source context and evidence,candidate-explicit
EJOB-F10.03-PROFESSIONAL,Supply Planner,,"Commercial, Customer & Supply Chain — F10",JP-F10.03-PROFESSIONAL,reconciled-employment-profile,WP-W6-F10.03-PROFESSIONAL-001,Supply Requirements Calculation,CALCULATION / MODEL,F10.03.A01,NATIVE,Operate,Planning Cycle|Material|Inventory|Warehouse|Shipment|Trade Lane,F10,Demand / Supply Plan [AGG-10-PLANNING],Calculation Workbench|Enterprise Grid,demand forecast|orders|inventory/stock data|supplier commitments|capacity/logistics constraints,production/procurement|warehouse/distribution|customer delivery|finance/inventory valuation,"Versioned calculation/model with inputs, assumptions, method, scenario and result provenance",candidate-explicit
EJOB-F10.03-PROFESSIONAL,Supply Planner,,"Commercial, Customer & Supply Chain — F10",JP-F10.03-PROFESSIONAL,reconciled-employment-profile,WP-W6-F10.03-PROFESSIONAL-002,Supply Plan,PLAN / STRATEGY,F10.03.A02,NATIVE,Operate,Planning Cycle|Material|Inventory|Warehouse|Shipment|Trade Lane,F10,Demand / Supply Plan [AGG-10-PLANNING],Object Workspace|Structure Browser|Enterprise Grid,demand forecast|orders|inventory/stock data|supplier commitments|capacity/logistics constraints,production/procurement|warehouse/distribution|customer delivery|finance/inventory valuation,"Versioned plan/strategy with assumptions, ownership, review, approval and effective-date provenance",candidate-explicit
EJOB-F10.03-PROFESSIONAL,Supply Planner,,"Commercial, Customer & Supply Chain — F10",JP-F10.03-PROFESSIONAL,reconciled-employment-profile,WP-W6-F10.03-PROFESSIONAL-003,Supply Resource Allocation,REGISTER / SCHEDULE,F10.03.A03,NATIVE,Operate,Planning Cycle|Material|Inventory|Warehouse|Shipment|Trade Lane,F10,Demand / Supply Plan [AGG-10-PLANNING],Enterprise Grid|Collection View,demand forecast|orders|inventory/stock data|supplier commitments|capacity/logistics constraints,production/procurement|warehouse/distribution|customer delivery|finance/inventory valuation,"Governed entries with owner, status, dates, source references and immutable change history",candidate-explicit
EJOB-F08.05-PROFESSIONAL,Technical Support Specialist,,"Commercial, Customer & Supply Chain — F08",JP-F08.05-PROFESSIONAL,reconciled-employment-profile,WP-W6-F08.05-PROFESSIONAL-001,Technical Diagnostic Record,CASE / ASSESSMENT,F08.05.A01,NATIVE,Operate,Customer|Case|Service|Warranty|SLA,F08,Service Case [AGG-17-SERVICE],Case Workspace|Assessment Form|Evidence Panel,customer/account/service entitlement|orders/deliveries|product/service knowledge|SLA/warranty terms,service delivery|product improvement|finance credits|customer success/renewal,"Evidence set, assessment rationale, findings, decisions/actions and closure history",candidate-explicit
EJOB-F08.05-PROFESSIONAL,Technical Support Specialist,,"Commercial, Customer & Supply Chain — F08",JP-F08.05-PROFESSIONAL,reconciled-employment-profile,WP-W6-F08.05-PROFESSIONAL-002,Troubleshooting Log,EXECUTION RECORD,F08.05.A02,NATIVE,Operate,Customer|Case|Service|Warranty|SLA,F08,Service Case [AGG-17-SERVICE],Execution Record|Evidence Panel,customer/account/service entitlement|orders/deliveries|product/service knowledge|SLA/warranty terms,service delivery|product improvement|finance credits|customer success/renewal,Attributable who/what/when/result record with source context and evidence,candidate-explicit
EJOB-F08.05-PROFESSIONAL,Technical Support Specialist,,"Commercial, Customer & Supply Chain — F08",JP-F08.05-PROFESSIONAL,reconciled-employment-profile,WP-W6-F08.05-PROFESSIONAL-003,Support Escalation,HANDOVER / CLOSEOUT PACKAGE,F08.05.A03,NATIVE,Operate,Customer|Case|Service|Warranty|SLA,F08,Service Case [AGG-17-SERVICE],Package Workspace|Completeness Checklist,customer/account/service entitlement|orders/deliveries|product/service knowledge|SLA/warranty terms,service delivery|product improvement|finance credits|customer success/renewal,"Controlled completeness set with acceptance, outstanding items, evidence and closure provenance",candidate-explicit
EJOB-F08.05-PROFESSIONAL,Technical Support Specialist,,"Commercial, Customer & Supply Chain — F08",JP-F08.05-PROFESSIONAL,reconciled-employment-profile,WP-W6-F08.05-PROFESSIONAL-004,Technical Resolution Record,HANDOVER / CLOSEOUT PACKAGE,F08.05.A04,NATIVE,Operate,Customer|Case|Service|Warranty|SLA,F08,Service Case [AGG-17-SERVICE],Package Workspace|Completeness Checklist,customer/account/service entitlement|orders/deliveries|product/service knowledge|SLA/warranty terms,service delivery|product improvement|finance credits|customer success/renewal,"Controlled completeness set with acceptance, outstanding items, evidence and closure provenance",candidate-explicit
EJOB-F08.05-PROFESSIONAL,Technical Support Specialist,,"Commercial, Customer & Supply Chain — F08",JP-F08.05-PROFESSIONAL,reconciled-employment-profile,WP-W6-F08.05-PROFESSIONAL-005,Support Knowledge Article,CONTROLLED INFORMATION,F08.05.A05,NATIVE,Operate,Customer|Case|Service|Warranty|SLA,F08,Service Case [AGG-17-SERVICE],Controlled Document Editor|Object Workspace,customer/account/service entitlement|orders/deliveries|product/service knowledge|SLA/warranty terms,service delivery|product improvement|finance credits|customer success/renewal,"Controlled revision with author, reviewer, approver, issue/effective date and supersession provenance",candidate-explicit
EJOB-F10.08-PROFESSIONAL,Transport Manager,,"Commercial, Customer & Supply Chain — F10",JP-F10.08-PROFESSIONAL,reconciled-employment-profile,WP-W6-F10.08-PROFESSIONAL-001,Transport Route Plan,PLAN / STRATEGY,F10.08.A01,NATIVE,Operate,Planning Cycle|Material|Inventory|Warehouse|Shipment|Trade Lane,F10,Shipment / Logistics [AGG-10-LOGISTICS],Object Workspace|Structure Browser|Enterprise Grid,demand forecast|orders|inventory/stock data|supplier commitments|capacity/logistics constraints,production/procurement|warehouse/distribution|customer delivery|finance/inventory valuation,"Versioned plan/strategy with assumptions, ownership, review, approval and effective-date provenance",candidate-explicit
EJOB-F10.08-PROFESSIONAL,Transport Manager,,"Commercial, Customer & Supply Chain — F10",JP-F10.08-PROFESSIONAL,reconciled-employment-profile,WP-W6-F10.08-PROFESSIONAL-002,Carrier Selection Decision,DECISION / APPROVAL,F10.08.A02,NATIVE,Operate,Planning Cycle|Material|Inventory|Warehouse|Shipment|Trade Lane,F10,Shipment / Logistics [AGG-10-LOGISTICS],Decision Workspace|Approval Panel,demand forecast|orders|inventory/stock data|supplier commitments|capacity/logistics constraints,production/procurement|warehouse/distribution|customer delivery|finance/inventory valuation,"Decision, approver/authority, rationale, conditions, date and affected objects",candidate-explicit
EJOB-F10.08-PROFESSIONAL,Transport Manager,,"Commercial, Customer & Supply Chain — F10",JP-F10.08-PROFESSIONAL,reconciled-employment-profile,WP-W6-F10.08-PROFESSIONAL-003,Load Tender,TRANSACTION / COMMITMENT,F10.08.A03,NATIVE,Operate,Planning Cycle|Material|Inventory|Warehouse|Shipment|Trade Lane,F10,Shipment / Logistics [AGG-10-LOGISTICS],Transaction Workspace|Approval Panel,demand forecast|orders|inventory/stock data|supplier commitments|capacity/logistics constraints,production/procurement|warehouse/distribution|customer delivery|finance/inventory valuation,"Counterparty/terms/authority with immutable issue, execution, amendment and completion history",candidate-explicit
EJOB-F10.08-PROFESSIONAL,Transport Manager,,"Commercial, Customer & Supply Chain — F10",JP-F10.08-PROFESSIONAL,reconciled-employment-profile,WP-W6-F10.08-PROFESSIONAL-004,Shipment Tracking Record,REPORT / SNAPSHOT,F10.08.A04,NATIVE,Operate,Planning Cycle|Material|Inventory|Warehouse|Shipment|Trade Lane,F10,Shipment / Logistics [AGG-10-LOGISTICS],Report Builder|Snapshot View,demand forecast|orders|inventory/stock data|supplier commitments|capacity/logistics constraints,production/procurement|warehouse/distribution|customer delivery|finance/inventory valuation,"Point-in-time/as-of snapshot with source data, calculation/filter and publication provenance",candidate-explicit
EJOB-F10.08-PROFESSIONAL,Transport Manager,,"Commercial, Customer & Supply Chain — F10",JP-F10.08-PROFESSIONAL,reconciled-employment-profile,WP-W6-F10.08-PROFESSIONAL-005,Freight Reconciliation,CALCULATION / MODEL,F10.08.A05,NATIVE,Operate,Planning Cycle|Material|Inventory|Warehouse|Shipment|Trade Lane,F10,Shipment / Logistics [AGG-10-LOGISTICS],Calculation Workbench|Enterprise Grid,demand forecast|orders|inventory/stock data|supplier commitments|capacity/logistics constraints,production/procurement|warehouse/distribution|customer delivery|finance/inventory valuation,"Versioned calculation/model with inputs, assumptions, method, scenario and result provenance",candidate-explicit
EJOB-F10.06-PROFESSIONAL,Warehouse Manager,,"Commercial, Customer & Supply Chain — F10",JP-F10.06-PROFESSIONAL,reconciled-employment-profile,WP-W6-F10.06-PROFESSIONAL-001,Warehouse Receipt Record,EXECUTION RECORD,F10.06.A01,NATIVE,Operate,Planning Cycle|Material|Inventory|Warehouse|Shipment|Trade Lane,F10,Warehouse / Storage [AGG-10-INVENTORY-STORAGE],Execution Record|Evidence Panel,demand forecast|orders|inventory/stock data|supplier commitments|capacity/logistics constraints,production/procurement|warehouse/distribution|customer delivery|finance/inventory valuation,Attributable who/what/when/result record with source context and evidence,candidate-explicit
EJOB-F10.06-PROFESSIONAL,Warehouse Manager,,"Commercial, Customer & Supply Chain — F10",JP-F10.06-PROFESSIONAL,reconciled-employment-profile,WP-W6-F10.06-PROFESSIONAL-002,Goods Receipt Inspection,INSPECTION / TEST,F10.06.A02,NATIVE,Operate,Planning Cycle|Material|Inventory|Warehouse|Shipment|Trade Lane,F10,Warehouse / Storage [AGG-10-INVENTORY-STORAGE],Test / Inspection Workbench|Evidence Panel,demand forecast|orders|inventory/stock data|supplier commitments|capacity/logistics constraints,production/procurement|warehouse/distribution|customer delivery|finance/inventory valuation,"Inspection/test basis, method, result, evidence, performer/reviewer and acceptance status",candidate-explicit
EJOB-F10.06-PROFESSIONAL,Warehouse Manager,,"Commercial, Customer & Supply Chain — F10",JP-F10.06-PROFESSIONAL,reconciled-employment-profile,WP-W6-F10.06-PROFESSIONAL-003,Put-away / Stock Movement Record,EXECUTION RECORD,F10.06.A03|F10.06.A04,NATIVE,Operate,Planning Cycle|Material|Inventory|Warehouse|Shipment|Trade Lane,F10,Warehouse / Storage [AGG-10-INVENTORY-STORAGE],Execution Record|Evidence Panel,demand forecast|orders|inventory/stock data|supplier commitments|capacity/logistics constraints,production/procurement|warehouse/distribution|customer delivery|finance/inventory valuation,Attributable who/what/when/result record with source context and evidence,candidate-explicit
EJOB-F10.06-PROFESSIONAL,Warehouse Manager,,"Commercial, Customer & Supply Chain — F10",JP-F10.06-PROFESSIONAL,reconciled-employment-profile,WP-W6-F10.06-PROFESSIONAL-004,Pick List,REGISTER / SCHEDULE,F10.06.A05,NATIVE,Operate,Planning Cycle|Material|Inventory|Warehouse|Shipment|Trade Lane,F10,Warehouse / Storage [AGG-10-INVENTORY-STORAGE],Enterprise Grid|Collection View,demand forecast|orders|inventory/stock data|supplier commitments|capacity/logistics constraints,production/procurement|warehouse/distribution|customer delivery|finance/inventory valuation,"Governed entries with owner, status, dates, source references and immutable change history",candidate-explicit
EJOB-F10.06-PROFESSIONAL,Warehouse Manager,,"Commercial, Customer & Supply Chain — F10",JP-F10.06-PROFESSIONAL,reconciled-employment-profile,WP-W6-F10.06-PROFESSIONAL-005,Packing Record,EXECUTION RECORD,F10.06.A06,NATIVE,Operate,Planning Cycle|Material|Inventory|Warehouse|Shipment|Trade Lane,F10,Warehouse / Storage [AGG-10-INVENTORY-STORAGE],Execution Record|Evidence Panel,demand forecast|orders|inventory/stock data|supplier commitments|capacity/logistics constraints,production/procurement|warehouse/distribution|customer delivery|finance/inventory valuation,Attributable who/what/when/result record with source context and evidence,candidate-explicit
EJOB-F10.06-PROFESSIONAL,Warehouse Manager,,"Commercial, Customer & Supply Chain — F10",JP-F10.06-PROFESSIONAL,reconciled-employment-profile,WP-W6-F10.06-PROFESSIONAL-006,Dispatch Note,TRANSACTION / COMMITMENT,F10.06.A07,NATIVE,Operate,Planning Cycle|Material|Inventory|Warehouse|Shipment|Trade Lane,F10,Warehouse / Storage [AGG-10-INVENTORY-STORAGE],Transaction Workspace|Approval Panel,demand forecast|orders|inventory/stock data|supplier commitments|capacity/logistics constraints,production/procurement|warehouse/distribution|customer delivery|finance/inventory valuation,"Counterparty/terms/authority with immutable issue, execution, amendment and completion history",candidate-explicit
EJOB-F08.07-PROFESSIONAL,Warranty Specialist,,"Commercial, Customer & Supply Chain — F08",JP-F08.07-PROFESSIONAL,reconciled-employment-profile,WP-W6-F08.07-PROFESSIONAL-001,Warranty Eligibility Assessment,CASE / ASSESSMENT,F08.07.A01,NATIVE,Operate,Customer|Case|Service|Warranty|SLA,F08,Warranty Claim [AGG-17-WARRANTY-CLAIM],Case Workspace|Assessment Form|Evidence Panel,customer/account/service entitlement|orders/deliveries|product/service knowledge|SLA/warranty terms,service delivery|product improvement|finance credits|customer success/renewal,"Evidence set, assessment rationale, findings, decisions/actions and closure history",candidate-explicit
EJOB-F08.07-PROFESSIONAL,Warranty Specialist,,"Commercial, Customer & Supply Chain — F08",JP-F08.07-PROFESSIONAL,reconciled-employment-profile,WP-W6-F08.07-PROFESSIONAL-002,Warranty Claim Approval,DECISION / APPROVAL,F08.07.A02,NATIVE,Operate,Customer|Case|Service|Warranty|SLA,F08,Warranty Claim [AGG-17-WARRANTY-CLAIM],Decision Workspace|Approval Panel,customer/account/service entitlement|orders/deliveries|product/service knowledge|SLA/warranty terms,service delivery|product improvement|finance credits|customer success/renewal,"Decision, approver/authority, rationale, conditions, date and affected objects",candidate-explicit
EJOB-F08.07-PROFESSIONAL,Warranty Specialist,,"Commercial, Customer & Supply Chain — F08",JP-F08.07-PROFESSIONAL,reconciled-employment-profile,WP-W6-F08.07-PROFESSIONAL-003,Warranty Repair / Replacement Record,EXECUTION RECORD,F08.07.A03,NATIVE,Operate,Customer|Case|Service|Warranty|SLA,F08,Warranty Claim [AGG-17-WARRANTY-CLAIM],Execution Record|Evidence Panel,customer/account/service entitlement|orders/deliveries|product/service knowledge|SLA/warranty terms,service delivery|product improvement|finance credits|customer success/renewal,Attributable who/what/when/result record with source context and evidence,candidate-explicit
EJOB-F08.07-PROFESSIONAL,Warranty Specialist,,"Commercial, Customer & Supply Chain — F08",JP-F08.07-PROFESSIONAL,reconciled-employment-profile,WP-W6-F08.07-PROFESSIONAL-004,Supplier Warranty Recovery Claim,TRANSACTION / COMMITMENT,F08.07.A04,NATIVE,Operate,Customer|Case|Service|Warranty|SLA,F08,Warranty Claim [AGG-17-WARRANTY-CLAIM],Transaction Workspace|Approval Panel,customer/account/service entitlement|orders/deliveries|product/service knowledge|SLA/warranty terms,service delivery|product improvement|finance credits|customer success/renewal,"Counterparty/terms/authority with immutable issue, execution, amendment and completion history",candidate-explicit
