job_archetype_id,job_title,career_index,domain,internal_job_profile_ids,internal_profile_state,work_product_id,work_product_name,work_product_family,exact_activity_ids,authoring_mode_candidate,enterprise_stream,context_types,primary_functions,canonical_object_candidate,authoring_primitive_candidate,upstream_inputs,downstream_handoff,evidence_requirement,review_state
EJOB-F28.06-PROFESSIONAL,Adoption Manager,,"Communications, Information, PPM & Transformation — F28",JP-F28.06-PROFESSIONAL,reconciled-employment-profile,WP-W10-F28.06-PROFESSIONAL-001,Adoption Monitoring Dashboard,REPORT / SNAPSHOT,F28.06.A01,NATIVE,Operate,Transformation|Change Impact|Stakeholder|Readiness|Adoption|Transition,F28,Readiness / Adoption [AGG-26-TRANSFORMATION],Report Builder|Snapshot View,transformation strategy|current/target state|stakeholder/role/system data|training needs|benefit targets,organisation/process/system change|training|communications|adoption/benefits|operations handover,"Point-in-time/as-of snapshot with source data, calculation/filter and publication provenance",candidate-explicit
EJOB-F28.06-PROFESSIONAL,Adoption Manager,,"Communications, Information, PPM & Transformation — F28",JP-F28.06-PROFESSIONAL,reconciled-employment-profile,WP-W10-F28.06-PROFESSIONAL-002,Resistance / Adoption Risk Assessment,CASE / ASSESSMENT,F28.06.A02,NATIVE,Operate,Transformation|Change Impact|Stakeholder|Readiness|Adoption|Transition,F28,Readiness / Adoption [AGG-26-TRANSFORMATION],Case Workspace|Assessment Form|Evidence Panel,transformation strategy|current/target state|stakeholder/role/system data|training needs|benefit targets,organisation/process/system change|training|communications|adoption/benefits|operations handover,"Evidence set, assessment rationale, findings, decisions/actions and closure history",candidate-explicit
EJOB-F28.06-PROFESSIONAL,Adoption Manager,,"Communications, Information, PPM & Transformation — F28",JP-F28.06-PROFESSIONAL,reconciled-employment-profile,WP-W10-F28.06-PROFESSIONAL-003,Adoption Intervention / Action,CHANGE,F28.06.A03,NATIVE,Operate,Transformation|Change Impact|Stakeholder|Readiness|Adoption|Transition,F28,Readiness / Adoption [AGG-26-TRANSFORMATION],Change Workspace|Impact Assessment,transformation strategy|current/target state|stakeholder/role/system data|training needs|benefit targets,organisation/process/system change|training|communications|adoption/benefits|operations handover,"Baseline, impact assessment, authority decision, implementation and verification evidence",candidate-explicit
EJOB-F28.06-PROFESSIONAL,Adoption Manager,,"Communications, Information, PPM & Transformation — F28",JP-F28.06-PROFESSIONAL,reconciled-employment-profile,WP-W10-F28.06-PROFESSIONAL-004,Adoption Reinforcement Plan / Record,PLAN / STRATEGY,F28.06.A04,NATIVE,Operate,Transformation|Change Impact|Stakeholder|Readiness|Adoption|Transition,F28,Readiness / Adoption [AGG-26-TRANSFORMATION],Object Workspace|Structure Browser|Enterprise Grid,transformation strategy|current/target state|stakeholder/role/system data|training needs|benefit targets,organisation/process/system change|training|communications|adoption/benefits|operations handover,"Versioned plan/strategy with assumptions, ownership, review, approval and effective-date provenance",candidate-explicit
EJOB-F25.09-PROFESSIONAL,Annual Reporting Manager,,"Communications, Information, PPM & Transformation — F25",JP-F25.09-PROFESSIONAL,reconciled-employment-profile,WP-W10-F25.09-PROFESSIONAL-001,Annual Report Content Register,REGISTER / SCHEDULE,F25.09.A01,NATIVE,Operate,Audience|Stakeholder|Media|Issue|Communication|Report,F25,Communications Plan / Item [AGG-25-COMMUNICATIONS],Enterprise Grid|Collection View,strategy|stakeholder/media context|performance/results|approved messages|legal/regulatory inputs,employees/customers/investors/media/government|reputation actions|stakeholder commitments,"Governed entries with owner, status, dates, source references and immutable change history",candidate-explicit
EJOB-F25.09-PROFESSIONAL,Annual Reporting Manager,,"Communications, Information, PPM & Transformation — F25",JP-F25.09-PROFESSIONAL,reconciled-employment-profile,WP-W10-F25.09-PROFESSIONAL-002,Annual Report Narrative / Draft,CONTROLLED INFORMATION,F25.09.A02,NATIVE,Operate,Audience|Stakeholder|Media|Issue|Communication|Report,F25,Communications Plan / Item [AGG-25-COMMUNICATIONS],Controlled Document Editor|Object Workspace,strategy|stakeholder/media context|performance/results|approved messages|legal/regulatory inputs,employees/customers/investors/media/government|reputation actions|stakeholder commitments,"Controlled revision with author, reviewer, approver, issue/effective date and supersession provenance",candidate-explicit
EJOB-F25.09-PROFESSIONAL,Annual Reporting Manager,,"Communications, Information, PPM & Transformation — F25",JP-F25.09-PROFESSIONAL,reconciled-employment-profile,WP-W10-F25.09-PROFESSIONAL-003,Annual Report Review Record,CASE / ASSESSMENT,F25.09.A03,NATIVE,Operate,Audience|Stakeholder|Media|Issue|Communication|Report,F25,Communications Plan / Item [AGG-25-COMMUNICATIONS],Case Workspace|Assessment Form|Evidence Panel,strategy|stakeholder/media context|performance/results|approved messages|legal/regulatory inputs,employees/customers/investors/media/government|reputation actions|stakeholder commitments,"Evidence set, assessment rationale, findings, decisions/actions and closure history",candidate-explicit
EJOB-F25.09-PROFESSIONAL,Annual Reporting Manager,,"Communications, Information, PPM & Transformation — F25",JP-F25.09-PROFESSIONAL,reconciled-employment-profile,WP-W10-F25.09-PROFESSIONAL-004,Annual Report Approval,DECISION / APPROVAL,F25.09.A04,NATIVE,Operate,Audience|Stakeholder|Media|Issue|Communication|Report,F25,Communications Plan / Item [AGG-25-COMMUNICATIONS],Decision Workspace|Approval Panel,strategy|stakeholder/media context|performance/results|approved messages|legal/regulatory inputs,employees/customers/investors/media/government|reputation actions|stakeholder commitments,"Decision, approver/authority, rationale, conditions, date and affected objects",candidate-explicit
EJOB-F25.09-PROFESSIONAL,Annual Reporting Manager,,"Communications, Information, PPM & Transformation — F25",JP-F25.09-PROFESSIONAL,reconciled-employment-profile,WP-W10-F25.09-PROFESSIONAL-005,Published Annual Report,CONTROLLED INFORMATION,F25.09.A05,NATIVE,Operate,Audience|Stakeholder|Media|Issue|Communication|Report,F25,Communications Plan / Item [AGG-25-COMMUNICATIONS],Controlled Document Editor|Object Workspace,strategy|stakeholder/media context|performance/results|approved messages|legal/regulatory inputs,employees/customers/investors/media/government|reputation actions|stakeholder commitments,"Controlled revision with author, reviewer, approver, issue/effective date and supersession provenance",candidate-explicit
EJOB-BUSINESS-PROCESS-ANALYST,Business Process Analyst,,"Communications, Information, PPM & Transformation — F29",JP-F29.03-PROFESSIONAL|JP-F29.04-PROFESSIONAL,reconciled-employment-profile,WP-W10-BUSINESS-PROCESS-ANALYST-001,Process Discovery / Current-State Model,STRUCTURE / BREAKDOWN,F29.03.A01|F29.03.A02,NATIVE,Operate,Process|Process Model|SOP|Workflow|Assessment|KPI,F29,Process Model / Redesign [AGG-26-PROCESS],Structure Browser|Enterprise Grid,enterprise architecture|process evidence|performance data|controlled procedures|automation requirements,operating model|SOPs|workflow automation|quality/compliance|continuous improvement,"Versioned hierarchy/structure with element identity, relationships, effectivity and approval provenance",candidate-explicit
EJOB-BUSINESS-PROCESS-ANALYST,Business Process Analyst,,"Communications, Information, PPM & Transformation — F29",JP-F29.03-PROFESSIONAL|JP-F29.04-PROFESSIONAL,reconciled-employment-profile,WP-W10-BUSINESS-PROCESS-ANALYST-002,Process SIPOC / Inputs-Outputs-Controls Model,STRUCTURE / BREAKDOWN,F29.03.A03,NATIVE,Operate,Process|Process Model|SOP|Workflow|Assessment|KPI,F29,Process Model / Redesign [AGG-26-PROCESS],Structure Browser|Enterprise Grid,enterprise architecture|process evidence|performance data|controlled procedures|automation requirements,operating model|SOPs|workflow automation|quality/compliance|continuous improvement,"Versioned hierarchy/structure with element identity, relationships, effectivity and approval provenance",candidate-explicit
EJOB-BUSINESS-PROCESS-ANALYST,Business Process Analyst,,"Communications, Information, PPM & Transformation — F29",JP-F29.03-PROFESSIONAL|JP-F29.04-PROFESSIONAL,reconciled-employment-profile,WP-W10-BUSINESS-PROCESS-ANALYST-003,Process Performance Baseline,CALCULATION / MODEL,F29.04.A01|F29.04.A02|F29.04.A03,NATIVE,Operate,Process|Process Model|SOP|Workflow|Assessment|KPI,F29,Process Analysis / Measure [AGG-26-ANALYSIS],Calculation Workbench|Enterprise Grid,enterprise architecture|process evidence|performance data|controlled procedures|automation requirements,operating model|SOPs|workflow automation|quality/compliance|continuous improvement,"Versioned calculation/model with inputs, assumptions, method, scenario and result provenance",candidate-explicit
EJOB-BUSINESS-PROCESS-ANALYST,Business Process Analyst,,"Communications, Information, PPM & Transformation — F29",JP-F29.03-PROFESSIONAL|JP-F29.04-PROFESSIONAL,reconciled-employment-profile,WP-W10-BUSINESS-PROCESS-ANALYST-004,Process Handoff / Bottleneck Analysis,CASE / ASSESSMENT,F29.04.A04|F29.04.A05,NATIVE,Operate,Process|Process Model|SOP|Workflow|Assessment|KPI,F29,Process Analysis / Measure [AGG-26-ANALYSIS],Case Workspace|Assessment Form|Evidence Panel,enterprise architecture|process evidence|performance data|controlled procedures|automation requirements,operating model|SOPs|workflow automation|quality/compliance|continuous improvement,"Evidence set, assessment rationale, findings, decisions/actions and closure history",candidate-explicit
EJOB-F29.01-PROFESSIONAL,Business Process Architect,,"Communications, Information, PPM & Transformation — F29",JP-F29.01-PROFESSIONAL,reconciled-employment-profile,WP-W10-F29.01-PROFESSIONAL-001,Enterprise Process Architecture / Hierarchy,STRUCTURE / BREAKDOWN,F29.01.A01,NATIVE,Operate,Process|Process Model|SOP|Workflow|Assessment|KPI,F29,Enterprise Process [AGG-26-PROCESS],Structure Browser|Enterprise Grid,enterprise architecture|process evidence|performance data|controlled procedures|automation requirements,operating model|SOPs|workflow automation|quality/compliance|continuous improvement,"Versioned hierarchy/structure with element identity, relationships, effectivity and approval provenance",candidate-explicit
EJOB-F29.01-PROFESSIONAL,Business Process Architect,,"Communications, Information, PPM & Transformation — F29",JP-F29.01-PROFESSIONAL,reconciled-employment-profile,WP-W10-F29.01-PROFESSIONAL-002,Process Identity / Catalogue Register,REGISTER / SCHEDULE,F29.01.A02,NATIVE,Operate,Process|Process Model|SOP|Workflow|Assessment|KPI,F29,Enterprise Process [AGG-26-PROCESS],Enterprise Grid|Collection View,enterprise architecture|process evidence|performance data|controlled procedures|automation requirements,operating model|SOPs|workflow automation|quality/compliance|continuous improvement,"Governed entries with owner, status, dates, source references and immutable change history",candidate-explicit
EJOB-F29.01-PROFESSIONAL,Business Process Architect,,"Communications, Information, PPM & Transformation — F29",JP-F29.01-PROFESSIONAL,reconciled-employment-profile,WP-W10-F29.01-PROFESSIONAL-003,Process Relationship Map,STRUCTURE / BREAKDOWN,F29.01.A03,NATIVE,Operate,Process|Process Model|SOP|Workflow|Assessment|KPI,F29,Enterprise Process [AGG-26-PROCESS],Structure Browser|Enterprise Grid,enterprise architecture|process evidence|performance data|controlled procedures|automation requirements,operating model|SOPs|workflow automation|quality/compliance|continuous improvement,"Versioned hierarchy/structure with element identity, relationships, effectivity and approval provenance",candidate-explicit
EJOB-F28.02-PROFESSIONAL,Change Analyst,,"Communications, Information, PPM & Transformation — F28",JP-F28.02-PROFESSIONAL,reconciled-employment-profile,WP-W10-F28.02-PROFESSIONAL-001,Change Impact Assessment,CASE / ASSESSMENT,F28.02.A01|F28.02.A02|F28.02.A03|F28.02.A04,NATIVE,Operate,Transformation|Change Impact|Stakeholder|Readiness|Adoption|Transition,F28,Change Impact Assessment [AGG-26-TRANSFORMATION],Case Workspace|Assessment Form|Evidence Panel,transformation strategy|current/target state|stakeholder/role/system data|training needs|benefit targets,organisation/process/system change|training|communications|adoption/benefits|operations handover,"Evidence set, assessment rationale, findings, decisions/actions and closure history",candidate-explicit
EJOB-F28.04-PROFESSIONAL,Change Communications Manager,,"Communications, Information, PPM & Transformation — F28",JP-F28.04-PROFESSIONAL,reconciled-employment-profile,WP-W10-F28.04-PROFESSIONAL-001,Change Message / Narrative,CONTROLLED INFORMATION,F28.04.A01,NATIVE,Operate,Transformation|Change Impact|Stakeholder|Readiness|Adoption|Transition,F28,Change Stakeholder / Communication [AGG-26-STAKEHOLDER-COHORT],Controlled Document Editor|Object Workspace,transformation strategy|current/target state|stakeholder/role/system data|training needs|benefit targets,organisation/process/system change|training|communications|adoption/benefits|operations handover,"Controlled revision with author, reviewer, approver, issue/effective date and supersession provenance",candidate-explicit
EJOB-F28.04-PROFESSIONAL,Change Communications Manager,,"Communications, Information, PPM & Transformation — F28",JP-F28.04-PROFESSIONAL,reconciled-employment-profile,WP-W10-F28.04-PROFESSIONAL-002,Change Communications Plan,PLAN / STRATEGY,F28.04.A02,NATIVE,Operate,Transformation|Change Impact|Stakeholder|Readiness|Adoption|Transition,F28,Change Stakeholder / Communication [AGG-26-STAKEHOLDER-COHORT],Object Workspace|Structure Browser|Enterprise Grid,transformation strategy|current/target state|stakeholder/role/system data|training needs|benefit targets,organisation/process/system change|training|communications|adoption/benefits|operations handover,"Versioned plan/strategy with assumptions, ownership, review, approval and effective-date provenance",candidate-explicit
EJOB-F28.04-PROFESSIONAL,Change Communications Manager,,"Communications, Information, PPM & Transformation — F28",JP-F28.04-PROFESSIONAL,reconciled-employment-profile,WP-W10-F28.04-PROFESSIONAL-003,Change Communication / Publication Record,EXECUTION RECORD,F28.04.A03,NATIVE,Operate,Transformation|Change Impact|Stakeholder|Readiness|Adoption|Transition,F28,Change Stakeholder / Communication [AGG-26-STAKEHOLDER-COHORT],Execution Record|Evidence Panel,transformation strategy|current/target state|stakeholder/role/system data|training needs|benefit targets,organisation/process/system change|training|communications|adoption/benefits|operations handover,Attributable who/what/when/result record with source context and evidence,candidate-explicit
EJOB-F28.05-PROFESSIONAL,Change Readiness & Training Lead,,"Communications, Information, PPM & Transformation — F28",JP-F28.05-PROFESSIONAL,reconciled-employment-profile,WP-W10-F28.05-PROFESSIONAL-001,Change Skills / Training Need Assessment,CASE / ASSESSMENT,F28.05.A01,NATIVE,Operate,Transformation|Change Impact|Stakeholder|Readiness|Adoption|Transition,F28,Readiness / Adoption [AGG-26-TRANSFORMATION],Case Workspace|Assessment Form|Evidence Panel,transformation strategy|current/target state|stakeholder/role/system data|training needs|benefit targets,organisation/process/system change|training|communications|adoption/benefits|operations handover,"Evidence set, assessment rationale, findings, decisions/actions and closure history",candidate-explicit
EJOB-F28.05-PROFESSIONAL,Change Readiness & Training Lead,,"Communications, Information, PPM & Transformation — F28",JP-F28.05-PROFESSIONAL,reconciled-employment-profile,WP-W10-F28.05-PROFESSIONAL-002,Change Training / Enablement Content,CONTROLLED INFORMATION,F28.05.A02,NATIVE,Operate,Transformation|Change Impact|Stakeholder|Readiness|Adoption|Transition,F28,Readiness / Adoption [AGG-26-TRANSFORMATION],Controlled Document Editor|Object Workspace,transformation strategy|current/target state|stakeholder/role/system data|training needs|benefit targets,organisation/process/system change|training|communications|adoption/benefits|operations handover,"Controlled revision with author, reviewer, approver, issue/effective date and supersession provenance",candidate-explicit
EJOB-F28.05-PROFESSIONAL,Change Readiness & Training Lead,,"Communications, Information, PPM & Transformation — F28",JP-F28.05-PROFESSIONAL,reconciled-employment-profile,WP-W10-F28.05-PROFESSIONAL-003,Change Training Delivery Record,EXECUTION RECORD,F28.05.A03,NATIVE,Operate,Transformation|Change Impact|Stakeholder|Readiness|Adoption|Transition,F28,Readiness / Adoption [AGG-26-TRANSFORMATION],Execution Record|Evidence Panel,transformation strategy|current/target state|stakeholder/role/system data|training needs|benefit targets,organisation/process/system change|training|communications|adoption/benefits|operations handover,Attributable who/what/when/result record with source context and evidence,candidate-explicit
EJOB-F28.05-PROFESSIONAL,Change Readiness & Training Lead,,"Communications, Information, PPM & Transformation — F28",JP-F28.05-PROFESSIONAL,reconciled-employment-profile,WP-W10-F28.05-PROFESSIONAL-004,Change Readiness Assessment,CASE / ASSESSMENT,F28.05.A04,NATIVE,Operate,Transformation|Change Impact|Stakeholder|Readiness|Adoption|Transition,F28,Readiness / Adoption [AGG-26-TRANSFORMATION],Case Workspace|Assessment Form|Evidence Panel,transformation strategy|current/target state|stakeholder/role/system data|training needs|benefit targets,organisation/process/system change|training|communications|adoption/benefits|operations handover,"Evidence set, assessment rationale, findings, decisions/actions and closure history",candidate-explicit
EJOB-F28.03-PROFESSIONAL,Change Stakeholder Manager,,"Communications, Information, PPM & Transformation — F28",JP-F28.03-PROFESSIONAL,reconciled-employment-profile,WP-W10-F28.03-PROFESSIONAL-001,Change Stakeholder Register,REGISTER / SCHEDULE,F28.03.A01,NATIVE,Operate,Transformation|Change Impact|Stakeholder|Readiness|Adoption|Transition,F28,Change Stakeholder / Communication [AGG-26-STAKEHOLDER-COHORT],Enterprise Grid|Collection View,transformation strategy|current/target state|stakeholder/role/system data|training needs|benefit targets,organisation/process/system change|training|communications|adoption/benefits|operations handover,"Governed entries with owner, status, dates, source references and immutable change history",candidate-explicit
EJOB-F28.03-PROFESSIONAL,Change Stakeholder Manager,,"Communications, Information, PPM & Transformation — F28",JP-F28.03-PROFESSIONAL,reconciled-employment-profile,WP-W10-F28.03-PROFESSIONAL-002,Stakeholder Influence / Readiness Assessment,CASE / ASSESSMENT,F28.03.A02,NATIVE,Operate,Transformation|Change Impact|Stakeholder|Readiness|Adoption|Transition,F28,Change Stakeholder / Communication [AGG-26-STAKEHOLDER-COHORT],Case Workspace|Assessment Form|Evidence Panel,transformation strategy|current/target state|stakeholder/role/system data|training needs|benefit targets,organisation/process/system change|training|communications|adoption/benefits|operations handover,"Evidence set, assessment rationale, findings, decisions/actions and closure history",candidate-explicit
EJOB-F28.03-PROFESSIONAL,Change Stakeholder Manager,,"Communications, Information, PPM & Transformation — F28",JP-F28.03-PROFESSIONAL,reconciled-employment-profile,WP-W10-F28.03-PROFESSIONAL-003,Change Stakeholder Engagement Plan,PLAN / STRATEGY,F28.03.A03,NATIVE,Operate,Transformation|Change Impact|Stakeholder|Readiness|Adoption|Transition,F28,Change Stakeholder / Communication [AGG-26-STAKEHOLDER-COHORT],Object Workspace|Structure Browser|Enterprise Grid,transformation strategy|current/target state|stakeholder/role/system data|training needs|benefit targets,organisation/process/system change|training|communications|adoption/benefits|operations handover,"Versioned plan/strategy with assumptions, ownership, review, approval and effective-date provenance",candidate-explicit
EJOB-F25.11-PROFESSIONAL,Community Relations Manager,,"Communications, Information, PPM & Transformation — F25",JP-F25.11-PROFESSIONAL,reconciled-employment-profile,WP-W10-F25.11-PROFESSIONAL-001,Community Engagement Plan,PLAN / STRATEGY,F25.11.A01,NATIVE,Operate,Audience|Stakeholder|Media|Issue|Communication|Report,F25,Stakeholder Engagement [AGG-25-STAKEHOLDER-ENGAGEMENT],Object Workspace|Structure Browser|Enterprise Grid,strategy|stakeholder/media context|performance/results|approved messages|legal/regulatory inputs,employees/customers/investors/media/government|reputation actions|stakeholder commitments,"Versioned plan/strategy with assumptions, ownership, review, approval and effective-date provenance",candidate-explicit
EJOB-F25.11-PROFESSIONAL,Community Relations Manager,,"Communications, Information, PPM & Transformation — F25",JP-F25.11-PROFESSIONAL,reconciled-employment-profile,WP-W10-F25.11-PROFESSIONAL-002,Sponsorship / Community Commitment,TRANSACTION / COMMITMENT,F25.11.A02,NATIVE,Operate,Audience|Stakeholder|Media|Issue|Communication|Report,F25,Stakeholder Engagement [AGG-25-STAKEHOLDER-ENGAGEMENT],Transaction Workspace|Approval Panel,strategy|stakeholder/media context|performance/results|approved messages|legal/regulatory inputs,employees/customers/investors/media/government|reputation actions|stakeholder commitments,"Counterparty/terms/authority with immutable issue, execution, amendment and completion history",candidate-explicit
EJOB-F25.11-PROFESSIONAL,Community Relations Manager,,"Communications, Information, PPM & Transformation — F25",JP-F25.11-PROFESSIONAL,reconciled-employment-profile,WP-W10-F25.11-PROFESSIONAL-003,Community Programme Record,EXECUTION RECORD,F25.11.A03,NATIVE,Operate,Audience|Stakeholder|Media|Issue|Communication|Report,F25,Stakeholder Engagement [AGG-25-STAKEHOLDER-ENGAGEMENT],Execution Record|Evidence Panel,strategy|stakeholder/media context|performance/results|approved messages|legal/regulatory inputs,employees/customers/investors/media/government|reputation actions|stakeholder commitments,Attributable who/what/when/result record with source context and evidence,candidate-explicit
EJOB-F26.07-PROFESSIONAL,Controlled Documents Coordinator,,"Communications, Information, PPM & Transformation — F26",JP-F26.07-PROFESSIONAL,reconciled-employment-profile,WP-W10-F26.07-PROFESSIONAL-001,Controlled Procedure / Document Draft,CONTROLLED INFORMATION,F26.07.A01,NATIVE,Operate,Knowledge|Document|Record|Retention|Search|Lesson,F26,Information Container [AGG-07-INFORMATION],Controlled Document Editor|Object Workspace,authoritative information|worker/project experience|retention/legal-hold rules|metadata/classification|source-system permissions,authoritative documents/records|search/discovery|process improvement|legal/privacy retention,"Controlled revision with author, reviewer, approver, issue/effective date and supersession provenance",candidate-explicit
EJOB-F26.07-PROFESSIONAL,Controlled Documents Coordinator,,"Communications, Information, PPM & Transformation — F26",JP-F26.07-PROFESSIONAL,reconciled-employment-profile,WP-W10-F26.07-PROFESSIONAL-002,Controlled Document Approval,DECISION / APPROVAL,F26.07.A02,NATIVE,Operate,Knowledge|Document|Record|Retention|Search|Lesson,F26,Information Container [AGG-07-INFORMATION],Decision Workspace|Approval Panel,authoritative information|worker/project experience|retention/legal-hold rules|metadata/classification|source-system permissions,authoritative documents/records|search/discovery|process improvement|legal/privacy retention,"Decision, approver/authority, rationale, conditions, date and affected objects",candidate-explicit
EJOB-F26.07-PROFESSIONAL,Controlled Documents Coordinator,,"Communications, Information, PPM & Transformation — F26",JP-F26.07-PROFESSIONAL,reconciled-employment-profile,WP-W10-F26.07-PROFESSIONAL-003,Controlled Revision / Issue,CHANGE,F26.07.A03,NATIVE,Operate,Knowledge|Document|Record|Retention|Search|Lesson,F26,Information Container [AGG-07-INFORMATION],Change Workspace|Impact Assessment,authoritative information|worker/project experience|retention/legal-hold rules|metadata/classification|source-system permissions,authoritative documents/records|search/discovery|process improvement|legal/privacy retention,"Baseline, impact assessment, authority decision, implementation and verification evidence",candidate-explicit
EJOB-F26.07-PROFESSIONAL,Controlled Documents Coordinator,,"Communications, Information, PPM & Transformation — F26",JP-F26.07-PROFESSIONAL,reconciled-employment-profile,WP-W10-F26.07-PROFESSIONAL-004,Controlled Document Withdrawal / Supersession,HANDOVER / CLOSEOUT PACKAGE,F26.07.A04,NATIVE,Operate,Knowledge|Document|Record|Retention|Search|Lesson,F26,Information Container [AGG-07-INFORMATION],Package Workspace|Completeness Checklist,authoritative information|worker/project experience|retention/legal-hold rules|metadata/classification|source-system permissions,authoritative documents/records|search/discovery|process improvement|legal/privacy retention,"Controlled completeness set with acceptance, outstanding items, evidence and closure provenance",candidate-explicit
EJOB-F25.01-PROFESSIONAL,Corporate Communications Manager,,"Communications, Information, PPM & Transformation — F25",JP-F25.01-PROFESSIONAL,reconciled-employment-profile,WP-W10-F25.01-PROFESSIONAL-001,Corporate Communications Strategy,PLAN / STRATEGY,F25.01.A01,NATIVE,Operate,Audience|Stakeholder|Media|Issue|Communication|Report,F25,Communications Plan / Item [AGG-25-COMMUNICATIONS],Object Workspace|Structure Browser|Enterprise Grid,strategy|stakeholder/media context|performance/results|approved messages|legal/regulatory inputs,employees/customers/investors/media/government|reputation actions|stakeholder commitments,"Versioned plan/strategy with assumptions, ownership, review, approval and effective-date provenance",candidate-explicit
EJOB-F25.01-PROFESSIONAL,Corporate Communications Manager,,"Communications, Information, PPM & Transformation — F25",JP-F25.01-PROFESSIONAL,reconciled-employment-profile,WP-W10-F25.01-PROFESSIONAL-002,Corporate Messaging Framework,CONTROLLED INFORMATION,F25.01.A02,NATIVE,Operate,Audience|Stakeholder|Media|Issue|Communication|Report,F25,Communications Plan / Item [AGG-25-COMMUNICATIONS],Controlled Document Editor|Object Workspace,strategy|stakeholder/media context|performance/results|approved messages|legal/regulatory inputs,employees/customers/investors/media/government|reputation actions|stakeholder commitments,"Controlled revision with author, reviewer, approver, issue/effective date and supersession provenance",candidate-explicit
EJOB-F25.01-PROFESSIONAL,Corporate Communications Manager,,"Communications, Information, PPM & Transformation — F25",JP-F25.01-PROFESSIONAL,reconciled-employment-profile,WP-W10-F25.01-PROFESSIONAL-003,Corporate Communication / Publication Record,EXECUTION RECORD,F25.01.A03,NATIVE,Operate,Audience|Stakeholder|Media|Issue|Communication|Report,F25,Communications Plan / Item [AGG-25-COMMUNICATIONS],Execution Record|Evidence Panel,strategy|stakeholder/media context|performance/results|approved messages|legal/regulatory inputs,employees/customers/investors/media/government|reputation actions|stakeholder commitments,Attributable who/what/when/result record with source context and evidence,candidate-explicit
EJOB-F26.05-PROFESSIONAL,Document Controller,,"Communications, Information, PPM & Transformation — F26",JP-F26.05-PROFESSIONAL,reconciled-employment-profile,WP-W10-F26.05-PROFESSIONAL-001,Information Container / Document,CONTROLLED INFORMATION,F26.05.A01|F26.05.A02,NATIVE,Operate,Knowledge|Document|Record|Retention|Search|Lesson,F26,Information Container [AGG-07-INFORMATION],Controlled Document Editor|Object Workspace,authoritative information|worker/project experience|retention/legal-hold rules|metadata/classification|source-system permissions,authoritative documents/records|search/discovery|process improvement|legal/privacy retention,"Controlled revision with author, reviewer, approver, issue/effective date and supersession provenance",candidate-explicit
EJOB-F26.05-PROFESSIONAL,Document Controller,,"Communications, Information, PPM & Transformation — F26",JP-F26.05-PROFESSIONAL,reconciled-employment-profile,WP-W10-F26.05-PROFESSIONAL-002,Document Review / Approval,DECISION / APPROVAL,F26.05.A03|F26.05.A04,NATIVE,Operate,Knowledge|Document|Record|Retention|Search|Lesson,F26,Information Container [AGG-07-INFORMATION],Decision Workspace|Approval Panel,authoritative information|worker/project experience|retention/legal-hold rules|metadata/classification|source-system permissions,authoritative documents/records|search/discovery|process improvement|legal/privacy retention,"Decision, approver/authority, rationale, conditions, date and affected objects",candidate-explicit
EJOB-F26.05-PROFESSIONAL,Document Controller,,"Communications, Information, PPM & Transformation — F26",JP-F26.05-PROFESSIONAL,reconciled-employment-profile,WP-W10-F26.05-PROFESSIONAL-003,Document Version / Revision,CHANGE,F26.05.A05,NATIVE,Operate,Knowledge|Document|Record|Retention|Search|Lesson,F26,Information Container [AGG-07-INFORMATION],Change Workspace|Impact Assessment,authoritative information|worker/project experience|retention/legal-hold rules|metadata/classification|source-system permissions,authoritative documents/records|search/discovery|process improvement|legal/privacy retention,"Baseline, impact assessment, authority decision, implementation and verification evidence",candidate-explicit
EJOB-F26.05-PROFESSIONAL,Document Controller,,"Communications, Information, PPM & Transformation — F26",JP-F26.05-PROFESSIONAL,reconciled-employment-profile,WP-W10-F26.05-PROFESSIONAL-004,Document Publication / Issue Record,EXECUTION RECORD,F26.05.A06,NATIVE,Operate,Knowledge|Document|Record|Retention|Search|Lesson,F26,Information Container [AGG-07-INFORMATION],Execution Record|Evidence Panel,authoritative information|worker/project experience|retention/legal-hold rules|metadata/classification|source-system permissions,authoritative documents/records|search/discovery|process improvement|legal/privacy retention,Attributable who/what/when/result record with source context and evidence,candidate-explicit
EJOB-F26.09-PROFESSIONAL,Enterprise Search Specialist,,"Communications, Information, PPM & Transformation — F26",JP-F26.09-PROFESSIONAL,reconciled-employment-profile,WP-W10-F26.09-PROFESSIONAL-001,Search Index / Source Register,REGISTER / SCHEDULE,F26.09.A01,NATIVE,Operate,Knowledge|Document|Record|Retention|Search|Lesson,F26,Knowledge Article / Collection [AGG-25-KNOWLEDGE],Enterprise Grid|Collection View,authoritative information|worker/project experience|retention/legal-hold rules|metadata/classification|source-system permissions,authoritative documents/records|search/discovery|process improvement|legal/privacy retention,"Governed entries with owner, status, dates, source references and immutable change history",candidate-explicit
EJOB-F26.09-PROFESSIONAL,Enterprise Search Specialist,,"Communications, Information, PPM & Transformation — F26",JP-F26.09-PROFESSIONAL,reconciled-employment-profile,WP-W10-F26.09-PROFESSIONAL-002,Search Metadata / Index Definition,CONTROLLED INFORMATION,F26.09.A02,NATIVE,Operate,Knowledge|Document|Record|Retention|Search|Lesson,F26,Knowledge Article / Collection [AGG-25-KNOWLEDGE],Controlled Document Editor|Object Workspace,authoritative information|worker/project experience|retention/legal-hold rules|metadata/classification|source-system permissions,authoritative documents/records|search/discovery|process improvement|legal/privacy retention,"Controlled revision with author, reviewer, approver, issue/effective date and supersession provenance",candidate-explicit
EJOB-F26.09-PROFESSIONAL,Enterprise Search Specialist,,"Communications, Information, PPM & Transformation — F26",JP-F26.09-PROFESSIONAL,reconciled-employment-profile,WP-W10-F26.09-PROFESSIONAL-003,Search Tuning / Relevance Analysis,CALCULATION / MODEL,F26.09.A03,NATIVE,Operate,Knowledge|Document|Record|Retention|Search|Lesson,F26,Knowledge Article / Collection [AGG-25-KNOWLEDGE],Calculation Workbench|Enterprise Grid,authoritative information|worker/project experience|retention/legal-hold rules|metadata/classification|source-system permissions,authoritative documents/records|search/discovery|process improvement|legal/privacy retention,"Versioned calculation/model with inputs, assumptions, method, scenario and result provenance",candidate-explicit
EJOB-F26.09-PROFESSIONAL,Enterprise Search Specialist,,"Communications, Information, PPM & Transformation — F26",JP-F26.09-PROFESSIONAL,reconciled-employment-profile,WP-W10-F26.09-PROFESSIONAL-004,Security-Trim / Permission Evaluation Evidence,INSPECTION / TEST,F26.09.A04,NATIVE,Operate,Knowledge|Document|Record|Retention|Search|Lesson,F26,Knowledge Article / Collection [AGG-25-KNOWLEDGE],Test / Inspection Workbench|Evidence Panel,authoritative information|worker/project experience|retention/legal-hold rules|metadata/classification|source-system permissions,authoritative documents/records|search/discovery|process improvement|legal/privacy retention,"Inspection/test basis, method, result, evidence, performer/reviewer and acceptance status",candidate-explicit
EJOB-F25.07-PROFESSIONAL,Government Relations Manager,,"Communications, Information, PPM & Transformation — F25",JP-F25.07-PROFESSIONAL,reconciled-employment-profile,WP-W10-F25.07-PROFESSIONAL-001,Government Stakeholder Map,STRUCTURE / BREAKDOWN,F25.07.A01,NATIVE,Operate,Audience|Stakeholder|Media|Issue|Communication|Report,F25,External Affairs / Media [AGG-25-EXTERNAL-AFFAIRS-ISSUE],Structure Browser|Enterprise Grid,strategy|stakeholder/media context|performance/results|approved messages|legal/regulatory inputs,employees/customers/investors/media/government|reputation actions|stakeholder commitments,"Versioned hierarchy/structure with element identity, relationships, effectivity and approval provenance",candidate-explicit
EJOB-F25.07-PROFESSIONAL,Government Relations Manager,,"Communications, Information, PPM & Transformation — F25",JP-F25.07-PROFESSIONAL,reconciled-employment-profile,WP-W10-F25.07-PROFESSIONAL-002,Government Engagement Record,EXECUTION RECORD,F25.07.A02,NATIVE,Operate,Audience|Stakeholder|Media|Issue|Communication|Report,F25,External Affairs / Media [AGG-25-EXTERNAL-AFFAIRS-ISSUE],Execution Record|Evidence Panel,strategy|stakeholder/media context|performance/results|approved messages|legal/regulatory inputs,employees/customers/investors/media/government|reputation actions|stakeholder commitments,Attributable who/what/when/result record with source context and evidence,candidate-explicit
EJOB-F25.07-PROFESSIONAL,Government Relations Manager,,"Communications, Information, PPM & Transformation — F25",JP-F25.07-PROFESSIONAL,reconciled-employment-profile,WP-W10-F25.07-PROFESSIONAL-003,Government / Regulatory Submission,CONTROLLED INFORMATION,F25.07.A03,NATIVE,Operate,Audience|Stakeholder|Media|Issue|Communication|Report,F25,External Affairs / Media [AGG-25-EXTERNAL-AFFAIRS-ISSUE],Controlled Document Editor|Object Workspace,strategy|stakeholder/media context|performance/results|approved messages|legal/regulatory inputs,employees/customers/investors/media/government|reputation actions|stakeholder commitments,"Controlled revision with author, reviewer, approver, issue/effective date and supersession provenance",candidate-explicit
EJOB-F25.07-PROFESSIONAL,Government Relations Manager,,"Communications, Information, PPM & Transformation — F25",JP-F25.07-PROFESSIONAL,reconciled-employment-profile,WP-W10-F25.07-PROFESSIONAL-004,Government Commitment Register,REGISTER / SCHEDULE,F25.07.A04,NATIVE,Operate,Audience|Stakeholder|Media|Issue|Communication|Report,F25,External Affairs / Media [AGG-25-EXTERNAL-AFFAIRS-ISSUE],Enterprise Grid|Collection View,strategy|stakeholder/media context|performance/results|approved messages|legal/regulatory inputs,employees/customers/investors/media/government|reputation actions|stakeholder commitments,"Governed entries with owner, status, dates, source references and immutable change history",candidate-explicit
EJOB-F29-FUNCTION-LEAD,Head of Business Process & Continuous Improvement,,"Communications, Information, PPM & Transformation — F29",JP-F29-FUNCTION-LEAD,reconciled-function-lead,WP-W10-F29-FUNCTION-LEAD-001,Enterprise Process Architecture,STRUCTURE / BREAKDOWN,F29.01.A01|F29.01.A02|F29.01.A03,NATIVE,Operate,Process|Process Model|SOP|Workflow|Assessment|KPI,F29,Enterprise Process [AGG-26-PROCESS],Structure Browser|Enterprise Grid,enterprise architecture|process evidence|performance data|controlled procedures|automation requirements,operating model|SOPs|workflow automation|quality/compliance|continuous improvement,"Versioned hierarchy/structure with element identity, relationships, effectivity and approval provenance",candidate-explicit
EJOB-F29-FUNCTION-LEAD,Head of Business Process & Continuous Improvement,,"Communications, Information, PPM & Transformation — F29",JP-F29-FUNCTION-LEAD,reconciled-function-lead,WP-W10-F29-FUNCTION-LEAD-002,Process Ownership / Governance Framework,PLAN / STRATEGY,F29.02.A01|F29.02.A02|F29.02.A03,NATIVE,Operate,Process|Process Model|SOP|Workflow|Assessment|KPI,F29,Enterprise Process [AGG-26-PROCESS],Object Workspace|Structure Browser|Enterprise Grid,enterprise architecture|process evidence|performance data|controlled procedures|automation requirements,operating model|SOPs|workflow automation|quality/compliance|continuous improvement,"Versioned plan/strategy with assumptions, ownership, review, approval and effective-date provenance",candidate-explicit
EJOB-F29-FUNCTION-LEAD,Head of Business Process & Continuous Improvement,,"Communications, Information, PPM & Transformation — F29",JP-F29-FUNCTION-LEAD,reconciled-function-lead,WP-W10-F29-FUNCTION-LEAD-003,Process Analysis / Redesign Portfolio,REGISTER / SCHEDULE,F29.03.A01|F29.03.A02|F29.03.A03|F29.04.A01|F29.04.A02|F29.04.A03|F29.04.A04|F29.04.A05|F29.05.A01|F29.05.A02|F29.05.A03|F29.05.A04,NATIVE,Operate,Process|Process Model|SOP|Workflow|Assessment|KPI,F29,Process Model / Redesign [AGG-26-PROCESS]|Process Analysis / Measure [AGG-26-ANALYSIS],Enterprise Grid|Collection View,enterprise architecture|process evidence|performance data|controlled procedures|automation requirements,operating model|SOPs|workflow automation|quality/compliance|continuous improvement,"Governed entries with owner, status, dates, source references and immutable change history",candidate-explicit
EJOB-F29-FUNCTION-LEAD,Head of Business Process & Continuous Improvement,,"Communications, Information, PPM & Transformation — F29",JP-F29-FUNCTION-LEAD,reconciled-function-lead,WP-W10-F29-FUNCTION-LEAD-004,SOP / Controlled Process Documentation Portfolio,REGISTER / SCHEDULE,F29.06.A01|F29.06.A02|F29.06.A03|F29.06.A04|F29.06.A05,NATIVE,Operate,Process|Process Model|SOP|Workflow|Assessment|KPI,F29,Controlled SOP [AGG-07-INFORMATION],Enterprise Grid|Collection View,enterprise architecture|process evidence|performance data|controlled procedures|automation requirements,operating model|SOPs|workflow automation|quality/compliance|continuous improvement,"Governed entries with owner, status, dates, source references and immutable change history",candidate-explicit
EJOB-F29-FUNCTION-LEAD,Head of Business Process & Continuous Improvement,,"Communications, Information, PPM & Transformation — F29",JP-F29-FUNCTION-LEAD,reconciled-function-lead,WP-W10-F29-FUNCTION-LEAD-005,Workflow Automation Portfolio,REGISTER / SCHEDULE,F29.07.A01|F29.07.A02|F29.07.A03|F29.07.A04,NATIVE,Operate,Process|Process Model|SOP|Workflow|Assessment|KPI,F29,Workflow / Automation [AGG-27-WORKFLOW],Enterprise Grid|Collection View,enterprise architecture|process evidence|performance data|controlled procedures|automation requirements,operating model|SOPs|workflow automation|quality/compliance|continuous improvement,"Governed entries with owner, status, dates, source references and immutable change history",candidate-explicit
EJOB-F29-FUNCTION-LEAD,Head of Business Process & Continuous Improvement,,"Communications, Information, PPM & Transformation — F29",JP-F29-FUNCTION-LEAD,reconciled-function-lead,WP-W10-F29-FUNCTION-LEAD-006,Process Compliance / Performance Pack,REPORT / SNAPSHOT,F29.09.A01|F29.09.A02|F29.09.A03|F29.09.A04|F29.10.A01|F29.10.A02|F29.10.A03|F29.10.A04,NATIVE,Operate,Process|Process Model|SOP|Workflow|Assessment|KPI,F29,Compliance Assessment [AGG-21-ASSESSMENT]|Process Analysis / Measure [AGG-26-ANALYSIS],Report Builder|Snapshot View,enterprise architecture|process evidence|performance data|controlled procedures|automation requirements,operating model|SOPs|workflow automation|quality/compliance|continuous improvement,"Point-in-time/as-of snapshot with source data, calculation/filter and publication provenance",candidate-explicit
EJOB-F28-FUNCTION-LEAD,Head of Change & Transformation,,"Communications, Information, PPM & Transformation — F28",JP-F28-FUNCTION-LEAD,reconciled-function-lead,WP-W10-F28-FUNCTION-LEAD-001,Transformation Strategy / Roadmap,PLAN / STRATEGY,F28.01.A01|F28.01.A02|F28.01.A03,NATIVE,Operate,Transformation|Change Impact|Stakeholder|Readiness|Adoption|Transition,F28,Transformation Initiative [AGG-26-TRANSFORMATION],Object Workspace|Structure Browser|Enterprise Grid,transformation strategy|current/target state|stakeholder/role/system data|training needs|benefit targets,organisation/process/system change|training|communications|adoption/benefits|operations handover,"Versioned plan/strategy with assumptions, ownership, review, approval and effective-date provenance",candidate-explicit
EJOB-F28-FUNCTION-LEAD,Head of Change & Transformation,,"Communications, Information, PPM & Transformation — F28",JP-F28-FUNCTION-LEAD,reconciled-function-lead,WP-W10-F28-FUNCTION-LEAD-002,Change Impact Portfolio,REGISTER / SCHEDULE,F28.02.A01|F28.02.A02|F28.02.A03|F28.02.A04,NATIVE,Operate,Transformation|Change Impact|Stakeholder|Readiness|Adoption|Transition,F28,Change Impact Assessment [AGG-26-TRANSFORMATION],Enterprise Grid|Collection View,transformation strategy|current/target state|stakeholder/role/system data|training needs|benefit targets,organisation/process/system change|training|communications|adoption/benefits|operations handover,"Governed entries with owner, status, dates, source references and immutable change history",candidate-explicit
EJOB-F28-FUNCTION-LEAD,Head of Change & Transformation,,"Communications, Information, PPM & Transformation — F28",JP-F28-FUNCTION-LEAD,reconciled-function-lead,WP-W10-F28-FUNCTION-LEAD-003,Stakeholder / Communications Plan,PLAN / STRATEGY,F28.03.A01|F28.03.A02|F28.03.A03|F28.04.A01|F28.04.A02|F28.04.A03,NATIVE,Operate,Transformation|Change Impact|Stakeholder|Readiness|Adoption|Transition,F28,Change Stakeholder / Communication [AGG-26-STAKEHOLDER-COHORT],Object Workspace|Structure Browser|Enterprise Grid,transformation strategy|current/target state|stakeholder/role/system data|training needs|benefit targets,organisation/process/system change|training|communications|adoption/benefits|operations handover,"Versioned plan/strategy with assumptions, ownership, review, approval and effective-date provenance",candidate-explicit
EJOB-F28-FUNCTION-LEAD,Head of Change & Transformation,,"Communications, Information, PPM & Transformation — F28",JP-F28-FUNCTION-LEAD,reconciled-function-lead,WP-W10-F28-FUNCTION-LEAD-004,Training / Readiness Portfolio,REGISTER / SCHEDULE,F28.05.A01|F28.05.A02|F28.05.A03|F28.05.A04,NATIVE,Operate,Transformation|Change Impact|Stakeholder|Readiness|Adoption|Transition,F28,Readiness / Adoption [AGG-26-TRANSFORMATION],Enterprise Grid|Collection View,transformation strategy|current/target state|stakeholder/role/system data|training needs|benefit targets,organisation/process/system change|training|communications|adoption/benefits|operations handover,"Governed entries with owner, status, dates, source references and immutable change history",candidate-explicit
EJOB-F28-FUNCTION-LEAD,Head of Change & Transformation,,"Communications, Information, PPM & Transformation — F28",JP-F28-FUNCTION-LEAD,reconciled-function-lead,WP-W10-F28-FUNCTION-LEAD-005,Adoption Performance Pack,REPORT / SNAPSHOT,F28.06.A01|F28.06.A02|F28.06.A03|F28.06.A04,NATIVE,Operate,Transformation|Change Impact|Stakeholder|Readiness|Adoption|Transition,F28,Readiness / Adoption [AGG-26-TRANSFORMATION],Report Builder|Snapshot View,transformation strategy|current/target state|stakeholder/role/system data|training needs|benefit targets,organisation/process/system change|training|communications|adoption/benefits|operations handover,"Point-in-time/as-of snapshot with source data, calculation/filter and publication provenance",candidate-explicit
EJOB-F28-FUNCTION-LEAD,Head of Change & Transformation,,"Communications, Information, PPM & Transformation — F28",JP-F28-FUNCTION-LEAD,reconciled-function-lead,WP-W10-F28-FUNCTION-LEAD-006,Organisation Transition Plan,PLAN / STRATEGY,F28.07.A01|F28.07.A02|F28.07.A03|F28.07.A04,NATIVE,Operate,Transformation|Change Impact|Stakeholder|Readiness|Adoption|Transition,F28,Organisation Transition [AGG-26-ORGANISATION-TRANSITION],Object Workspace|Structure Browser|Enterprise Grid,transformation strategy|current/target state|stakeholder/role/system data|training needs|benefit targets,organisation/process/system change|training|communications|adoption/benefits|operations handover,"Versioned plan/strategy with assumptions, ownership, review, approval and effective-date provenance",candidate-explicit
EJOB-F28-FUNCTION-LEAD,Head of Change & Transformation,,"Communications, Information, PPM & Transformation — F28",JP-F28-FUNCTION-LEAD,reconciled-function-lead,WP-W10-F28-FUNCTION-LEAD-007,Transformation Decision / Action Register,REGISTER / SCHEDULE,F28.01.A01|F28.01.A02|F28.01.A03|F28.02.A01|F28.02.A02|F28.02.A03|F28.02.A04|F28.06.A01|F28.06.A02|F28.06.A03|F28.06.A04|F28.07.A01|F28.07.A02|F28.07.A03|F28.07.A04,NATIVE,Operate,Transformation|Change Impact|Stakeholder|Readiness|Adoption|Transition,F28,Transformation Initiative [AGG-26-TRANSFORMATION]|Change Impact Assessment [AGG-26-TRANSFORMATION]|Readiness / Adoption [AGG-26-TRANSFORMATION]|Organisation Transition [AGG-26-ORGANISATION-TRANSITION],Enterprise Grid|Collection View,transformation strategy|current/target state|stakeholder/role/system data|training needs|benefit targets,organisation/process/system change|training|communications|adoption/benefits|operations handover,"Governed entries with owner, status, dates, source references and immutable change history",candidate-explicit
EJOB-F25-FUNCTION-LEAD,"Head of Communications, Public Affairs & Investor Relations",,"Communications, Information, PPM & Transformation — F25",JP-F25-FUNCTION-LEAD,reconciled-function-lead,WP-W10-F25-FUNCTION-LEAD-001,Corporate Communications / External Affairs Strategy,PLAN / STRATEGY,F25.01.A01|F25.01.A02|F25.01.A03|F25.04.A01|F25.04.A02|F25.04.A03|F25.06.A01|F25.06.A02|F25.06.A03,NATIVE,Operate,Audience|Stakeholder|Media|Issue|Communication|Report,F25,Communications Plan / Item [AGG-25-COMMUNICATIONS]|External Affairs / Media [AGG-25-EXTERNAL-AFFAIRS-ISSUE],Object Workspace|Structure Browser|Enterprise Grid,strategy|stakeholder/media context|performance/results|approved messages|legal/regulatory inputs,employees/customers/investors/media/government|reputation actions|stakeholder commitments,"Versioned plan/strategy with assumptions, ownership, review, approval and effective-date provenance",candidate-explicit
EJOB-F25-FUNCTION-LEAD,"Head of Communications, Public Affairs & Investor Relations",,"Communications, Information, PPM & Transformation — F25",JP-F25-FUNCTION-LEAD,reconciled-function-lead,WP-W10-F25-FUNCTION-LEAD-002,Internal / Leadership Communications Portfolio,REGISTER / SCHEDULE,F25.02.A01|F25.02.A02|F25.02.A03|F25.02.A04,NATIVE,Operate,Audience|Stakeholder|Media|Issue|Communication|Report,F25,Communications Plan / Item [AGG-25-COMMUNICATIONS],Enterprise Grid|Collection View,strategy|stakeholder/media context|performance/results|approved messages|legal/regulatory inputs,employees/customers/investors/media/government|reputation actions|stakeholder commitments,"Governed entries with owner, status, dates, source references and immutable change history",candidate-explicit
EJOB-F25-FUNCTION-LEAD,"Head of Communications, Public Affairs & Investor Relations",,"Communications, Information, PPM & Transformation — F25",JP-F25-FUNCTION-LEAD,reconciled-function-lead,WP-W10-F25-FUNCTION-LEAD-003,Media / Reputation / Public Affairs Review,REPORT / SNAPSHOT,F25.03.A01|F25.03.A02|F25.03.A03|F25.03.A04|F25.05.A01|F25.05.A02|F25.05.A03|F25.05.A04|F25.06.A01|F25.06.A02|F25.06.A03|F25.07.A01|F25.07.A02|F25.07.A03|F25.07.A04,NATIVE,Operate,Audience|Stakeholder|Media|Issue|Communication|Report,F25,External Affairs / Media [AGG-25-EXTERNAL-AFFAIRS-ISSUE],Report Builder|Snapshot View,strategy|stakeholder/media context|performance/results|approved messages|legal/regulatory inputs,employees/customers/investors/media/government|reputation actions|stakeholder commitments,"Point-in-time/as-of snapshot with source data, calculation/filter and publication provenance",candidate-explicit
EJOB-F25-FUNCTION-LEAD,"Head of Communications, Public Affairs & Investor Relations",,"Communications, Information, PPM & Transformation — F25",JP-F25-FUNCTION-LEAD,reconciled-function-lead,WP-W10-F25-FUNCTION-LEAD-004,Investor / Annual Reporting Governance Pack,REPORT / SNAPSHOT,F25.08.A01|F25.08.A02|F25.08.A03|F25.09.A01|F25.09.A02|F25.09.A03|F25.09.A04|F25.09.A05,NATIVE,Operate,Audience|Stakeholder|Media|Issue|Communication|Report,F25,Investor / Stakeholder Engagement [AGG-25-STAKEHOLDER-PLAN]|Communications Plan / Item [AGG-25-COMMUNICATIONS],Report Builder|Snapshot View,strategy|stakeholder/media context|performance/results|approved messages|legal/regulatory inputs,employees/customers/investors/media/government|reputation actions|stakeholder commitments,"Point-in-time/as-of snapshot with source data, calculation/filter and publication provenance",candidate-explicit
EJOB-F25-FUNCTION-LEAD,"Head of Communications, Public Affairs & Investor Relations",,"Communications, Information, PPM & Transformation — F25",JP-F25-FUNCTION-LEAD,reconciled-function-lead,WP-W10-F25-FUNCTION-LEAD-005,Stakeholder / Community Engagement Plan,PLAN / STRATEGY,F25.10.A01|F25.10.A02|F25.10.A03|F25.10.A04|F25.11.A01|F25.11.A02|F25.11.A03,NATIVE,Operate,Audience|Stakeholder|Media|Issue|Communication|Report,F25,Stakeholder Engagement [AGG-25-STAKEHOLDER-ENGAGEMENT],Object Workspace|Structure Browser|Enterprise Grid,strategy|stakeholder/media context|performance/results|approved messages|legal/regulatory inputs,employees/customers/investors/media/government|reputation actions|stakeholder commitments,"Versioned plan/strategy with assumptions, ownership, review, approval and effective-date provenance",candidate-explicit
EJOB-F25-FUNCTION-LEAD,"Head of Communications, Public Affairs & Investor Relations",,"Communications, Information, PPM & Transformation — F25",JP-F25-FUNCTION-LEAD,reconciled-function-lead,WP-W10-F25-FUNCTION-LEAD-006,Communications Approval / Publication Register,REGISTER / SCHEDULE,F25.01.A01|F25.01.A02|F25.01.A03|F25.02.A01|F25.02.A02|F25.02.A03|F25.02.A04|F25.03.A01|F25.03.A02|F25.03.A03|F25.03.A04|F25.09.A01|F25.09.A02|F25.09.A03|F25.09.A04|F25.09.A05,NATIVE,Operate,Audience|Stakeholder|Media|Issue|Communication|Report,F25,Communications Plan / Item [AGG-25-COMMUNICATIONS]|External Affairs / Media [AGG-25-EXTERNAL-AFFAIRS-ISSUE],Enterprise Grid|Collection View,strategy|stakeholder/media context|performance/results|approved messages|legal/regulatory inputs,employees/customers/investors/media/government|reputation actions|stakeholder commitments,"Governed entries with owner, status, dates, source references and immutable change history",candidate-explicit
EJOB-F26-FUNCTION-LEAD,"Head of Knowledge, Document & Records Management",,"Communications, Information, PPM & Transformation — F26",JP-F26-FUNCTION-LEAD,reconciled-function-lead,WP-W10-F26-FUNCTION-LEAD-001,Knowledge / Information Governance Strategy,PLAN / STRATEGY,F26.01.A01|F26.01.A02|F26.01.A03|F26.05.A01|F26.05.A02|F26.05.A03|F26.05.A04|F26.05.A05|F26.05.A06|F26.06.A01|F26.06.A02|F26.06.A03|F26.06.A04|F26.06.A05,NATIVE,Operate,Knowledge|Document|Record|Retention|Search|Lesson,F26,Knowledge Article / Collection [AGG-25-KNOWLEDGE]|Information Container [AGG-07-INFORMATION]|Record Series / File [AGG-25-RECORDS],Object Workspace|Structure Browser|Enterprise Grid,authoritative information|worker/project experience|retention/legal-hold rules|metadata/classification|source-system permissions,authoritative documents/records|search/discovery|process improvement|legal/privacy retention,"Versioned plan/strategy with assumptions, ownership, review, approval and effective-date provenance",candidate-explicit
EJOB-F26-FUNCTION-LEAD,"Head of Knowledge, Document & Records Management",,"Communications, Information, PPM & Transformation — F26",JP-F26-FUNCTION-LEAD,reconciled-function-lead,WP-W10-F26-FUNCTION-LEAD-002,Knowledge Capture / Sharing Portfolio,REGISTER / SCHEDULE,F26.02.A01|F26.02.A02|F26.02.A03|F26.02.A04|F26.03.A01|F26.03.A02|F26.03.A03|F26.03.A04|F26.04.A01|F26.04.A02|F26.04.A03|F26.04.A04,NATIVE,Operate,Knowledge|Document|Record|Retention|Search|Lesson,F26,Knowledge Article / Collection [AGG-25-KNOWLEDGE],Enterprise Grid|Collection View,authoritative information|worker/project experience|retention/legal-hold rules|metadata/classification|source-system permissions,authoritative documents/records|search/discovery|process improvement|legal/privacy retention,"Governed entries with owner, status, dates, source references and immutable change history",candidate-explicit
EJOB-F26-FUNCTION-LEAD,"Head of Knowledge, Document & Records Management",,"Communications, Information, PPM & Transformation — F26",JP-F26-FUNCTION-LEAD,reconciled-function-lead,WP-W10-F26-FUNCTION-LEAD-003,Document / Controlled Information Portfolio,REGISTER / SCHEDULE,F26.05.A01|F26.05.A02|F26.05.A03|F26.05.A04|F26.05.A05|F26.05.A06|F26.07.A01|F26.07.A02|F26.07.A03|F26.07.A04,NATIVE,Operate,Knowledge|Document|Record|Retention|Search|Lesson,F26,Information Container [AGG-07-INFORMATION],Enterprise Grid|Collection View,authoritative information|worker/project experience|retention/legal-hold rules|metadata/classification|source-system permissions,authoritative documents/records|search/discovery|process improvement|legal/privacy retention,"Governed entries with owner, status, dates, source references and immutable change history",candidate-explicit
EJOB-F26-FUNCTION-LEAD,"Head of Knowledge, Document & Records Management",,"Communications, Information, PPM & Transformation — F26",JP-F26-FUNCTION-LEAD,reconciled-function-lead,WP-W10-F26-FUNCTION-LEAD-004,Records / Retention / Disposition Governance Pack,REPORT / SNAPSHOT,F26.06.A01|F26.06.A02|F26.06.A03|F26.06.A04|F26.06.A05|F26.08.A01|F26.08.A02|F26.08.A03|F26.08.A04,NATIVE,Operate,Knowledge|Document|Record|Retention|Search|Lesson,F26,Record Series / File [AGG-25-RECORDS],Report Builder|Snapshot View,authoritative information|worker/project experience|retention/legal-hold rules|metadata/classification|source-system permissions,authoritative documents/records|search/discovery|process improvement|legal/privacy retention,"Point-in-time/as-of snapshot with source data, calculation/filter and publication provenance",candidate-explicit
EJOB-F26-FUNCTION-LEAD,"Head of Knowledge, Document & Records Management",,"Communications, Information, PPM & Transformation — F26",JP-F26-FUNCTION-LEAD,reconciled-function-lead,WP-W10-F26-FUNCTION-LEAD-005,Enterprise Search Governance Review,REPORT / SNAPSHOT,F26.09.A01|F26.09.A02|F26.09.A03|F26.09.A04,NATIVE,Operate,Knowledge|Document|Record|Retention|Search|Lesson,F26,Knowledge Article / Collection [AGG-25-KNOWLEDGE],Report Builder|Snapshot View,authoritative information|worker/project experience|retention/legal-hold rules|metadata/classification|source-system permissions,authoritative documents/records|search/discovery|process improvement|legal/privacy retention,"Point-in-time/as-of snapshot with source data, calculation/filter and publication provenance",candidate-explicit
EJOB-F26-FUNCTION-LEAD,"Head of Knowledge, Document & Records Management",,"Communications, Information, PPM & Transformation — F26",JP-F26-FUNCTION-LEAD,reconciled-function-lead,WP-W10-F26-FUNCTION-LEAD-006,Lessons Learned / Improvement Portfolio,REGISTER / SCHEDULE,F26.10.A01|F26.10.A02|F26.10.A03|F26.10.A04|F26.10.A05,NATIVE,Operate,Knowledge|Document|Record|Retention|Search|Lesson,F26,Knowledge Article / Collection [AGG-25-KNOWLEDGE],Enterprise Grid|Collection View,authoritative information|worker/project experience|retention/legal-hold rules|metadata/classification|source-system permissions,authoritative documents/records|search/discovery|process improvement|legal/privacy retention,"Governed entries with owner, status, dates, source references and immutable change history",candidate-explicit
EJOB-F27-FUNCTION-LEAD,"Head of Portfolio, Programme & Project Management",,"Communications, Information, PPM & Transformation — F27",JP-F27-FUNCTION-LEAD,reconciled-function-lead,WP-W10-F27-FUNCTION-LEAD-001,Portfolio / Investment Governance Plan,PLAN / STRATEGY,F27.01.A01|F27.01.A02|F27.01.A03|F27.01.A04|F27.01.A05|F27.02.A01|F27.02.A02|F27.02.A03|F27.02.A04,NATIVE,Operate,Portfolio|Programme|Project|Investment|PMO|Resource,F27,Portfolio / Programme [AGG-06-PORTFOLIO],Object Workspace|Structure Browser|Enterprise Grid,strategy/investment demand|business cases|project data|resource capacity|performance/assurance evidence,funding decisions|project/programme delivery|resource allocation|executive governance,"Versioned plan/strategy with assumptions, ownership, review, approval and effective-date provenance",candidate-explicit
EJOB-F27-FUNCTION-LEAD,"Head of Portfolio, Programme & Project Management",,"Communications, Information, PPM & Transformation — F27",JP-F27-FUNCTION-LEAD,reconciled-function-lead,WP-W10-F27-FUNCTION-LEAD-002,Programme / Project Delivery Portfolio Review,REPORT / SNAPSHOT,F27.03.A01|F27.03.A02|F27.03.A03|F27.03.A04|F27.04.A01|F27.04.A02|F27.04.A03|F27.04.A04|F27.04.A05|F27.05.A01|F27.05.A02|F27.05.A03|F27.05.A04|F27.06.A01|F27.06.A02|F27.06.A03|F27.06.A04|F27.07.A01|F27.07.A02|F27.07.A03|F27.07.A04|F27.07.A05|F27.08.A01|F27.08.A02|F27.08.A03|F27.08.A04,NATIVE,Operate,Portfolio|Programme|Project|Investment|PMO|Resource,F27,Portfolio / Programme [AGG-06-PORTFOLIO]|Project [AGG-06-PROJECT]|Project Schedule / Plan [AGG-06-SCHEDULE]|Project Execution / Close [AGG-06-PROJECT]|Project Controls [AGG-06-PROJECT-CONTROLS],Report Builder|Snapshot View,strategy/investment demand|business cases|project data|resource capacity|performance/assurance evidence,funding decisions|project/programme delivery|resource allocation|executive governance,"Point-in-time/as-of snapshot with source data, calculation/filter and publication provenance",candidate-explicit
EJOB-F27-FUNCTION-LEAD,"Head of Portfolio, Programme & Project Management",,"Communications, Information, PPM & Transformation — F27",JP-F27-FUNCTION-LEAD,reconciled-function-lead,WP-W10-F27-FUNCTION-LEAD-003,Portfolio Investment Decision Register,REGISTER / SCHEDULE,F27.02.A01|F27.02.A02|F27.02.A03|F27.02.A04,NATIVE,Operate,Portfolio|Programme|Project|Investment|PMO|Resource,F27,Portfolio / Programme [AGG-06-PORTFOLIO],Enterprise Grid|Collection View,strategy/investment demand|business cases|project data|resource capacity|performance/assurance evidence,funding decisions|project/programme delivery|resource allocation|executive governance,"Governed entries with owner, status, dates, source references and immutable change history",candidate-explicit
EJOB-F27-FUNCTION-LEAD,"Head of Portfolio, Programme & Project Management",,"Communications, Information, PPM & Transformation — F27",JP-F27-FUNCTION-LEAD,reconciled-function-lead,WP-W10-F27-FUNCTION-LEAD-004,PMO Standards / Assurance Framework,PLAN / STRATEGY,F27.09.A01|F27.09.A02|F27.09.A03|F27.09.A04|F27.09.A05,NATIVE,Operate,Portfolio|Programme|Project|Investment|PMO|Resource,F27,PMO / Portfolio Governance [AGG-06-PORTFOLIO],Object Workspace|Structure Browser|Enterprise Grid,strategy/investment demand|business cases|project data|resource capacity|performance/assurance evidence,funding decisions|project/programme delivery|resource allocation|executive governance,"Versioned plan/strategy with assumptions, ownership, review, approval and effective-date provenance",candidate-explicit
EJOB-F27-FUNCTION-LEAD,"Head of Portfolio, Programme & Project Management",,"Communications, Information, PPM & Transformation — F27",JP-F27-FUNCTION-LEAD,reconciled-function-lead,WP-W10-F27-FUNCTION-LEAD-005,Portfolio Resource Plan,PLAN / STRATEGY,F27.10.A01|F27.10.A02|F27.10.A03,NATIVE,Operate,Portfolio|Programme|Project|Investment|PMO|Resource,F27,Workforce Allocation [AGG-18-WORKFORCE-ALLOCATION],Object Workspace|Structure Browser|Enterprise Grid,strategy/investment demand|business cases|project data|resource capacity|performance/assurance evidence,funding decisions|project/programme delivery|resource allocation|executive governance,"Versioned plan/strategy with assumptions, ownership, review, approval and effective-date provenance",candidate-explicit
EJOB-F27-FUNCTION-LEAD,"Head of Portfolio, Programme & Project Management",,"Communications, Information, PPM & Transformation — F27",JP-F27-FUNCTION-LEAD,reconciled-function-lead,WP-W10-F27-FUNCTION-LEAD-006,PPM Executive Performance Pack,REPORT / SNAPSHOT,F27.01.A01|F27.01.A02|F27.01.A03|F27.01.A04|F27.01.A05|F27.03.A01|F27.03.A02|F27.03.A03|F27.03.A04|F27.09.A01|F27.09.A02|F27.09.A03|F27.09.A04|F27.09.A05|F27.10.A01|F27.10.A02|F27.10.A03,NATIVE,Operate,Portfolio|Programme|Project|Investment|PMO|Resource,F27,Portfolio / Programme [AGG-06-PORTFOLIO]|PMO / Portfolio Governance [AGG-06-PORTFOLIO]|Workforce Allocation [AGG-18-WORKFORCE-ALLOCATION],Report Builder|Snapshot View,strategy/investment demand|business cases|project data|resource capacity|performance/assurance evidence,funding decisions|project/programme delivery|resource allocation|executive governance,"Point-in-time/as-of snapshot with source data, calculation/filter and publication provenance",candidate-explicit
EJOB-F25.02-PROFESSIONAL,Internal Communications Manager,,"Communications, Information, PPM & Transformation — F25",JP-F25.02-PROFESSIONAL,reconciled-employment-profile,WP-W10-F25.02-PROFESSIONAL-001,Internal Announcement / Briefing,CONTROLLED INFORMATION,F25.02.A01,NATIVE,Operate,Audience|Stakeholder|Media|Issue|Communication|Report,F25,Communications Plan / Item [AGG-25-COMMUNICATIONS],Controlled Document Editor|Object Workspace,strategy|stakeholder/media context|performance/results|approved messages|legal/regulatory inputs,employees/customers/investors/media/government|reputation actions|stakeholder commitments,"Controlled revision with author, reviewer, approver, issue/effective date and supersession provenance",candidate-explicit
EJOB-F25.02-PROFESSIONAL,Internal Communications Manager,,"Communications, Information, PPM & Transformation — F25",JP-F25.02-PROFESSIONAL,reconciled-employment-profile,WP-W10-F25.02-PROFESSIONAL-002,Internal Newsletter,CONTROLLED INFORMATION,F25.02.A02,NATIVE,Operate,Audience|Stakeholder|Media|Issue|Communication|Report,F25,Communications Plan / Item [AGG-25-COMMUNICATIONS],Controlled Document Editor|Object Workspace,strategy|stakeholder/media context|performance/results|approved messages|legal/regulatory inputs,employees/customers/investors/media/government|reputation actions|stakeholder commitments,"Controlled revision with author, reviewer, approver, issue/effective date and supersession provenance",candidate-explicit
EJOB-F25.02-PROFESSIONAL,Internal Communications Manager,,"Communications, Information, PPM & Transformation — F25",JP-F25.02-PROFESSIONAL,reconciled-employment-profile,WP-W10-F25.02-PROFESSIONAL-003,Intranet Content,CONTROLLED INFORMATION,F25.02.A03,NATIVE,Operate,Audience|Stakeholder|Media|Issue|Communication|Report,F25,Communications Plan / Item [AGG-25-COMMUNICATIONS],Controlled Document Editor|Object Workspace,strategy|stakeholder/media context|performance/results|approved messages|legal/regulatory inputs,employees/customers/investors/media/government|reputation actions|stakeholder commitments,"Controlled revision with author, reviewer, approver, issue/effective date and supersession provenance",candidate-explicit
EJOB-F25.02-PROFESSIONAL,Internal Communications Manager,,"Communications, Information, PPM & Transformation — F25",JP-F25.02-PROFESSIONAL,reconciled-employment-profile,WP-W10-F25.02-PROFESSIONAL-004,Leadership Communication Pack,CONTROLLED INFORMATION,F25.02.A04,NATIVE,Operate,Audience|Stakeholder|Media|Issue|Communication|Report,F25,Communications Plan / Item [AGG-25-COMMUNICATIONS],Controlled Document Editor|Object Workspace,strategy|stakeholder/media context|performance/results|approved messages|legal/regulatory inputs,employees/customers/investors/media/government|reputation actions|stakeholder commitments,"Controlled revision with author, reviewer, approver, issue/effective date and supersession provenance",candidate-explicit
EJOB-F27.02-PROFESSIONAL,Investment Governance Manager,,"Communications, Information, PPM & Transformation — F27",JP-F27.02-PROFESSIONAL,reconciled-employment-profile,WP-W10-F27.02-PROFESSIONAL-001,Investment Business Case,DECISION / APPROVAL,F27.02.A01,NATIVE,Operate,Portfolio|Programme|Project|Investment|PMO|Resource,F27,Portfolio / Programme [AGG-06-PORTFOLIO],Decision Workspace|Approval Panel,strategy/investment demand|business cases|project data|resource capacity|performance/assurance evidence,funding decisions|project/programme delivery|resource allocation|executive governance,"Decision, approver/authority, rationale, conditions, date and affected objects",candidate-explicit
EJOB-F27.02-PROFESSIONAL,Investment Governance Manager,,"Communications, Information, PPM & Transformation — F27",JP-F27.02-PROFESSIONAL,reconciled-employment-profile,WP-W10-F27.02-PROFESSIONAL-002,Investment Review / Challenge Record,CASE / ASSESSMENT,F27.02.A02,NATIVE,Operate,Portfolio|Programme|Project|Investment|PMO|Resource,F27,Portfolio / Programme [AGG-06-PORTFOLIO],Case Workspace|Assessment Form|Evidence Panel,strategy/investment demand|business cases|project data|resource capacity|performance/assurance evidence,funding decisions|project/programme delivery|resource allocation|executive governance,"Evidence set, assessment rationale, findings, decisions/actions and closure history",candidate-explicit
EJOB-F27.02-PROFESSIONAL,Investment Governance Manager,,"Communications, Information, PPM & Transformation — F27",JP-F27.02-PROFESSIONAL,reconciled-employment-profile,WP-W10-F27.02-PROFESSIONAL-003,Investment Approval / Rejection,DECISION / APPROVAL,F27.02.A03,NATIVE,Operate,Portfolio|Programme|Project|Investment|PMO|Resource,F27,Portfolio / Programme [AGG-06-PORTFOLIO],Decision Workspace|Approval Panel,strategy/investment demand|business cases|project data|resource capacity|performance/assurance evidence,funding decisions|project/programme delivery|resource allocation|executive governance,"Decision, approver/authority, rationale, conditions, date and affected objects",candidate-explicit
EJOB-F27.02-PROFESSIONAL,Investment Governance Manager,,"Communications, Information, PPM & Transformation — F27",JP-F27.02-PROFESSIONAL,reconciled-employment-profile,WP-W10-F27.02-PROFESSIONAL-004,Funding Release Decision / Record,TRANSACTION / COMMITMENT,F27.02.A04,NATIVE,Operate,Portfolio|Programme|Project|Investment|PMO|Resource,F27,Portfolio / Programme [AGG-06-PORTFOLIO],Transaction Workspace|Approval Panel,strategy/investment demand|business cases|project data|resource capacity|performance/assurance evidence,funding decisions|project/programme delivery|resource allocation|executive governance,"Counterparty/terms/authority with immutable issue, execution, amendment and completion history",candidate-explicit
EJOB-F25.08-PROFESSIONAL,Investor Relations Manager,,"Communications, Information, PPM & Transformation — F25",JP-F25.08-PROFESSIONAL,reconciled-employment-profile,WP-W10-F25.08-PROFESSIONAL-001,Results / Investor Communication Pack,CONTROLLED INFORMATION,F25.08.A01,NATIVE,Operate,Audience|Stakeholder|Media|Issue|Communication|Report,F25,Investor / Stakeholder Engagement [AGG-25-STAKEHOLDER-PLAN],Controlled Document Editor|Object Workspace,strategy|stakeholder/media context|performance/results|approved messages|legal/regulatory inputs,employees/customers/investors/media/government|reputation actions|stakeholder commitments,"Controlled revision with author, reviewer, approver, issue/effective date and supersession provenance",candidate-explicit
EJOB-F25.08-PROFESSIONAL,Investor Relations Manager,,"Communications, Information, PPM & Transformation — F25",JP-F25.08-PROFESSIONAL,reconciled-employment-profile,WP-W10-F25.08-PROFESSIONAL-002,Investor Presentation,CONTROLLED INFORMATION,F25.08.A02,NATIVE,Operate,Audience|Stakeholder|Media|Issue|Communication|Report,F25,Investor / Stakeholder Engagement [AGG-25-STAKEHOLDER-PLAN],Controlled Document Editor|Object Workspace,strategy|stakeholder/media context|performance/results|approved messages|legal/regulatory inputs,employees/customers/investors/media/government|reputation actions|stakeholder commitments,"Controlled revision with author, reviewer, approver, issue/effective date and supersession provenance",candidate-explicit
EJOB-F25.08-PROFESSIONAL,Investor Relations Manager,,"Communications, Information, PPM & Transformation — F25",JP-F25.08-PROFESSIONAL,reconciled-employment-profile,WP-W10-F25.08-PROFESSIONAL-003,Investor Enquiry / Response Record,CASE / ASSESSMENT,F25.08.A03,NATIVE,Operate,Audience|Stakeholder|Media|Issue|Communication|Report,F25,Investor / Stakeholder Engagement [AGG-25-STAKEHOLDER-PLAN],Case Workspace|Assessment Form|Evidence Panel,strategy|stakeholder/media context|performance/results|approved messages|legal/regulatory inputs,employees/customers/investors/media/government|reputation actions|stakeholder commitments,"Evidence set, assessment rationale, findings, decisions/actions and closure history",candidate-explicit
EJOB-F26.03-PROFESSIONAL,Knowledge & Collaboration Specialist,,"Communications, Information, PPM & Transformation — F26",JP-F26.03-PROFESSIONAL,reconciled-employment-profile,WP-W10-F26.03-PROFESSIONAL-001,Published Knowledge Article / Collection,CONTROLLED INFORMATION,F26.03.A01,NATIVE,Operate,Knowledge|Document|Record|Retention|Search|Lesson,F26,Knowledge Article / Collection [AGG-25-KNOWLEDGE],Controlled Document Editor|Object Workspace,authoritative information|worker/project experience|retention/legal-hold rules|metadata/classification|source-system permissions,authoritative documents/records|search/discovery|process improvement|legal/privacy retention,"Controlled revision with author, reviewer, approver, issue/effective date and supersession provenance",candidate-explicit
EJOB-F26.03-PROFESSIONAL,Knowledge & Collaboration Specialist,,"Communications, Information, PPM & Transformation — F26",JP-F26.03-PROFESSIONAL,reconciled-employment-profile,WP-W10-F26.03-PROFESSIONAL-002,Community of Practice Record,REGISTER / SCHEDULE,F26.03.A02,NATIVE,Operate,Knowledge|Document|Record|Retention|Search|Lesson,F26,Knowledge Article / Collection [AGG-25-KNOWLEDGE],Enterprise Grid|Collection View,authoritative information|worker/project experience|retention/legal-hold rules|metadata/classification|source-system permissions,authoritative documents/records|search/discovery|process improvement|legal/privacy retention,"Governed entries with owner, status, dates, source references and immutable change history",candidate-explicit
EJOB-F26.03-PROFESSIONAL,Knowledge & Collaboration Specialist,,"Communications, Information, PPM & Transformation — F26",JP-F26.03-PROFESSIONAL,reconciled-employment-profile,WP-W10-F26.03-PROFESSIONAL-003,Collaboration Workspace / Record,EXECUTION RECORD,F26.03.A03,NATIVE,Operate,Knowledge|Document|Record|Retention|Search|Lesson,F26,Knowledge Article / Collection [AGG-25-KNOWLEDGE],Execution Record|Evidence Panel,authoritative information|worker/project experience|retention/legal-hold rules|metadata/classification|source-system permissions,authoritative documents/records|search/discovery|process improvement|legal/privacy retention,Attributable who/what/when/result record with source context and evidence,candidate-explicit
EJOB-F26.03-PROFESSIONAL,Knowledge & Collaboration Specialist,,"Communications, Information, PPM & Transformation — F26",JP-F26.03-PROFESSIONAL,reconciled-employment-profile,WP-W10-F26.03-PROFESSIONAL-004,Knowledge Search / Discovery Record,REPORT / SNAPSHOT,F26.03.A04,NATIVE,Operate,Knowledge|Document|Record|Retention|Search|Lesson,F26,Knowledge Article / Collection [AGG-25-KNOWLEDGE],Report Builder|Snapshot View,authoritative information|worker/project experience|retention/legal-hold rules|metadata/classification|source-system permissions,authoritative documents/records|search/discovery|process improvement|legal/privacy retention,"Point-in-time/as-of snapshot with source data, calculation/filter and publication provenance",candidate-explicit
EJOB-F26.02-PROFESSIONAL,Knowledge Capture Specialist,,"Communications, Information, PPM & Transformation — F26",JP-F26.02-PROFESSIONAL,reconciled-employment-profile,WP-W10-F26.02-PROFESSIONAL-001,Experience / Knowledge Capture,CONTROLLED INFORMATION,F26.02.A01,NATIVE,Operate,Knowledge|Document|Record|Retention|Search|Lesson,F26,Knowledge Article / Collection [AGG-25-KNOWLEDGE],Controlled Document Editor|Object Workspace,authoritative information|worker/project experience|retention/legal-hold rules|metadata/classification|source-system permissions,authoritative documents/records|search/discovery|process improvement|legal/privacy retention,"Controlled revision with author, reviewer, approver, issue/effective date and supersession provenance",candidate-explicit
EJOB-F26.02-PROFESSIONAL,Knowledge Capture Specialist,,"Communications, Information, PPM & Transformation — F26",JP-F26.02-PROFESSIONAL,reconciled-employment-profile,WP-W10-F26.02-PROFESSIONAL-002,Lesson Learned Record,CONTROLLED INFORMATION,F26.02.A02,NATIVE,Operate,Knowledge|Document|Record|Retention|Search|Lesson,F26,Knowledge Article / Collection [AGG-25-KNOWLEDGE],Controlled Document Editor|Object Workspace,authoritative information|worker/project experience|retention/legal-hold rules|metadata/classification|source-system permissions,authoritative documents/records|search/discovery|process improvement|legal/privacy retention,"Controlled revision with author, reviewer, approver, issue/effective date and supersession provenance",candidate-explicit
EJOB-F26.02-PROFESSIONAL,Knowledge Capture Specialist,,"Communications, Information, PPM & Transformation — F26",JP-F26.02-PROFESSIONAL,reconciled-employment-profile,WP-W10-F26.02-PROFESSIONAL-003,Expertise / Know-how Record,CONTROLLED INFORMATION,F26.02.A03,NATIVE,Operate,Knowledge|Document|Record|Retention|Search|Lesson,F26,Knowledge Article / Collection [AGG-25-KNOWLEDGE],Controlled Document Editor|Object Workspace,authoritative information|worker/project experience|retention/legal-hold rules|metadata/classification|source-system permissions,authoritative documents/records|search/discovery|process improvement|legal/privacy retention,"Controlled revision with author, reviewer, approver, issue/effective date and supersession provenance",candidate-explicit
EJOB-F26.02-PROFESSIONAL,Knowledge Capture Specialist,,"Communications, Information, PPM & Transformation — F26",JP-F26.02-PROFESSIONAL,reconciled-employment-profile,WP-W10-F26.02-PROFESSIONAL-004,Procedure Knowledge Draft / Link,CONTROLLED INFORMATION,F26.02.A04,NATIVE,Operate,Knowledge|Document|Record|Retention|Search|Lesson,F26,Knowledge Article / Collection [AGG-25-KNOWLEDGE],Controlled Document Editor|Object Workspace,authoritative information|worker/project experience|retention/legal-hold rules|metadata/classification|source-system permissions,authoritative documents/records|search/discovery|process improvement|legal/privacy retention,"Controlled revision with author, reviewer, approver, issue/effective date and supersession provenance",candidate-explicit
EJOB-F26.04-PROFESSIONAL,Knowledge Curator,,"Communications, Information, PPM & Transformation — F26",JP-F26.04-PROFESSIONAL,reconciled-employment-profile,WP-W10-F26.04-PROFESSIONAL-001,Knowledge Content Review,CASE / ASSESSMENT,F26.04.A01,NATIVE,Operate,Knowledge|Document|Record|Retention|Search|Lesson,F26,Knowledge Article / Collection [AGG-25-KNOWLEDGE],Case Workspace|Assessment Form|Evidence Panel,authoritative information|worker/project experience|retention/legal-hold rules|metadata/classification|source-system permissions,authoritative documents/records|search/discovery|process improvement|legal/privacy retention,"Evidence set, assessment rationale, findings, decisions/actions and closure history",candidate-explicit
EJOB-F26.04-PROFESSIONAL,Knowledge Curator,,"Communications, Information, PPM & Transformation — F26",JP-F26.04-PROFESSIONAL,reconciled-employment-profile,WP-W10-F26.04-PROFESSIONAL-002,Knowledge Article Revision,CHANGE,F26.04.A02,NATIVE,Operate,Knowledge|Document|Record|Retention|Search|Lesson,F26,Knowledge Article / Collection [AGG-25-KNOWLEDGE],Change Workspace|Impact Assessment,authoritative information|worker/project experience|retention/legal-hold rules|metadata/classification|source-system permissions,authoritative documents/records|search/discovery|process improvement|legal/privacy retention,"Baseline, impact assessment, authority decision, implementation and verification evidence",candidate-explicit
EJOB-F26.04-PROFESSIONAL,Knowledge Curator,,"Communications, Information, PPM & Transformation — F26",JP-F26.04-PROFESSIONAL,reconciled-employment-profile,WP-W10-F26.04-PROFESSIONAL-003,Knowledge Content Approval,DECISION / APPROVAL,F26.04.A03,NATIVE,Operate,Knowledge|Document|Record|Retention|Search|Lesson,F26,Knowledge Article / Collection [AGG-25-KNOWLEDGE],Decision Workspace|Approval Panel,authoritative information|worker/project experience|retention/legal-hold rules|metadata/classification|source-system permissions,authoritative documents/records|search/discovery|process improvement|legal/privacy retention,"Decision, approver/authority, rationale, conditions, date and affected objects",candidate-explicit
EJOB-F26.04-PROFESSIONAL,Knowledge Curator,,"Communications, Information, PPM & Transformation — F26",JP-F26.04-PROFESSIONAL,reconciled-employment-profile,WP-W10-F26.04-PROFESSIONAL-004,Knowledge Content Retirement Record,HANDOVER / CLOSEOUT PACKAGE,F26.04.A04,NATIVE,Operate,Knowledge|Document|Record|Retention|Search|Lesson,F26,Knowledge Article / Collection [AGG-25-KNOWLEDGE],Package Workspace|Completeness Checklist,authoritative information|worker/project experience|retention/legal-hold rules|metadata/classification|source-system permissions,authoritative documents/records|search/discovery|process improvement|legal/privacy retention,"Controlled completeness set with acceptance, outstanding items, evidence and closure provenance",candidate-explicit
EJOB-F26.01-PROFESSIONAL,Knowledge Manager,,"Communications, Information, PPM & Transformation — F26",JP-F26.01-PROFESSIONAL,reconciled-employment-profile,WP-W10-F26.01-PROFESSIONAL-001,Knowledge Strategy,PLAN / STRATEGY,F26.01.A01,NATIVE,Operate,Knowledge|Document|Record|Retention|Search|Lesson,F26,Knowledge Article / Collection [AGG-25-KNOWLEDGE],Object Workspace|Structure Browser|Enterprise Grid,authoritative information|worker/project experience|retention/legal-hold rules|metadata/classification|source-system permissions,authoritative documents/records|search/discovery|process improvement|legal/privacy retention,"Versioned plan/strategy with assumptions, ownership, review, approval and effective-date provenance",candidate-explicit
EJOB-F26.01-PROFESSIONAL,Knowledge Manager,,"Communications, Information, PPM & Transformation — F26",JP-F26.01-PROFESSIONAL,reconciled-employment-profile,WP-W10-F26.01-PROFESSIONAL-002,Knowledge Governance Framework,PLAN / STRATEGY,F26.01.A02,NATIVE,Operate,Knowledge|Document|Record|Retention|Search|Lesson,F26,Knowledge Article / Collection [AGG-25-KNOWLEDGE],Object Workspace|Structure Browser|Enterprise Grid,authoritative information|worker/project experience|retention/legal-hold rules|metadata/classification|source-system permissions,authoritative documents/records|search/discovery|process improvement|legal/privacy retention,"Versioned plan/strategy with assumptions, ownership, review, approval and effective-date provenance",candidate-explicit
EJOB-F26.01-PROFESSIONAL,Knowledge Manager,,"Communications, Information, PPM & Transformation — F26",JP-F26.01-PROFESSIONAL,reconciled-employment-profile,WP-W10-F26.01-PROFESSIONAL-003,Knowledge Platform / Capability Plan,PLAN / STRATEGY,F26.01.A03,NATIVE,Operate,Knowledge|Document|Record|Retention|Search|Lesson,F26,Knowledge Article / Collection [AGG-25-KNOWLEDGE],Object Workspace|Structure Browser|Enterprise Grid,authoritative information|worker/project experience|retention/legal-hold rules|metadata/classification|source-system permissions,authoritative documents/records|search/discovery|process improvement|legal/privacy retention,"Versioned plan/strategy with assumptions, ownership, review, approval and effective-date provenance",candidate-explicit
EJOB-F26.10-PROFESSIONAL,Lessons Learned Coordinator,,"Communications, Information, PPM & Transformation — F26",JP-F26.10-PROFESSIONAL,reconciled-employment-profile,WP-W10-F26.10-PROFESSIONAL-001,Lesson Learned,CONTROLLED INFORMATION,F26.10.A01,NATIVE,Operate,Knowledge|Document|Record|Retention|Search|Lesson,F26,Knowledge Article / Collection [AGG-25-KNOWLEDGE],Controlled Document Editor|Object Workspace,authoritative information|worker/project experience|retention/legal-hold rules|metadata/classification|source-system permissions,authoritative documents/records|search/discovery|process improvement|legal/privacy retention,"Controlled revision with author, reviewer, approver, issue/effective date and supersession provenance",candidate-explicit
EJOB-F26.10-PROFESSIONAL,Lessons Learned Coordinator,,"Communications, Information, PPM & Transformation — F26",JP-F26.10-PROFESSIONAL,reconciled-employment-profile,WP-W10-F26.10-PROFESSIONAL-002,Lesson Classification / Taxonomy Assignment,STRUCTURE / BREAKDOWN,F26.10.A02,NATIVE,Operate,Knowledge|Document|Record|Retention|Search|Lesson,F26,Knowledge Article / Collection [AGG-25-KNOWLEDGE],Structure Browser|Enterprise Grid,authoritative information|worker/project experience|retention/legal-hold rules|metadata/classification|source-system permissions,authoritative documents/records|search/discovery|process improvement|legal/privacy retention,"Versioned hierarchy/structure with element identity, relationships, effectivity and approval provenance",candidate-explicit
EJOB-F26.10-PROFESSIONAL,Lessons Learned Coordinator,,"Communications, Information, PPM & Transformation — F26",JP-F26.10-PROFESSIONAL,reconciled-employment-profile,WP-W10-F26.10-PROFESSIONAL-003,Lesson Approval,DECISION / APPROVAL,F26.10.A03,NATIVE,Operate,Knowledge|Document|Record|Retention|Search|Lesson,F26,Knowledge Article / Collection [AGG-25-KNOWLEDGE],Decision Workspace|Approval Panel,authoritative information|worker/project experience|retention/legal-hold rules|metadata/classification|source-system permissions,authoritative documents/records|search/discovery|process improvement|legal/privacy retention,"Decision, approver/authority, rationale, conditions, date and affected objects",candidate-explicit
EJOB-F26.10-PROFESSIONAL,Lessons Learned Coordinator,,"Communications, Information, PPM & Transformation — F26",JP-F26.10-PROFESSIONAL,reconciled-employment-profile,WP-W10-F26.10-PROFESSIONAL-004,Lesson Dissemination Record,EXECUTION RECORD,F26.10.A04,NATIVE,Operate,Knowledge|Document|Record|Retention|Search|Lesson,F26,Knowledge Article / Collection [AGG-25-KNOWLEDGE],Execution Record|Evidence Panel,authoritative information|worker/project experience|retention/legal-hold rules|metadata/classification|source-system permissions,authoritative documents/records|search/discovery|process improvement|legal/privacy retention,Attributable who/what/when/result record with source context and evidence,candidate-explicit
EJOB-F26.10-PROFESSIONAL,Lessons Learned Coordinator,,"Communications, Information, PPM & Transformation — F26",JP-F26.10-PROFESSIONAL,reconciled-employment-profile,WP-W10-F26.10-PROFESSIONAL-005,Process / Standard Improvement Handoff,HANDOVER / CLOSEOUT PACKAGE,F26.10.A05,NATIVE,Operate,Knowledge|Document|Record|Retention|Search|Lesson,F26,Knowledge Article / Collection [AGG-25-KNOWLEDGE],Package Workspace|Completeness Checklist,authoritative information|worker/project experience|retention/legal-hold rules|metadata/classification|source-system permissions,authoritative documents/records|search/discovery|process improvement|legal/privacy retention,"Controlled completeness set with acceptance, outstanding items, evidence and closure provenance",candidate-explicit
EJOB-F25.03-PROFESSIONAL,Media Relations Manager,,"Communications, Information, PPM & Transformation — F25",JP-F25.03-PROFESSIONAL,reconciled-employment-profile,WP-W10-F25.03-PROFESSIONAL-001,Media Contact / Relationship Register,REGISTER / SCHEDULE,F25.03.A01,NATIVE,Operate,Audience|Stakeholder|Media|Issue|Communication|Report,F25,External Affairs / Media [AGG-25-EXTERNAL-AFFAIRS-ISSUE],Enterprise Grid|Collection View,strategy|stakeholder/media context|performance/results|approved messages|legal/regulatory inputs,employees/customers/investors/media/government|reputation actions|stakeholder commitments,"Governed entries with owner, status, dates, source references and immutable change history",candidate-explicit
EJOB-F25.03-PROFESSIONAL,Media Relations Manager,,"Communications, Information, PPM & Transformation — F25",JP-F25.03-PROFESSIONAL,reconciled-employment-profile,WP-W10-F25.03-PROFESSIONAL-002,Press / Media Release,CONTROLLED INFORMATION,F25.03.A02,NATIVE,Operate,Audience|Stakeholder|Media|Issue|Communication|Report,F25,External Affairs / Media [AGG-25-EXTERNAL-AFFAIRS-ISSUE],Controlled Document Editor|Object Workspace,strategy|stakeholder/media context|performance/results|approved messages|legal/regulatory inputs,employees/customers/investors/media/government|reputation actions|stakeholder commitments,"Controlled revision with author, reviewer, approver, issue/effective date and supersession provenance",candidate-explicit
EJOB-F25.03-PROFESSIONAL,Media Relations Manager,,"Communications, Information, PPM & Transformation — F25",JP-F25.03-PROFESSIONAL,reconciled-employment-profile,WP-W10-F25.03-PROFESSIONAL-003,Media Enquiry / Response Record,CASE / ASSESSMENT,F25.03.A03,NATIVE,Operate,Audience|Stakeholder|Media|Issue|Communication|Report,F25,External Affairs / Media [AGG-25-EXTERNAL-AFFAIRS-ISSUE],Case Workspace|Assessment Form|Evidence Panel,strategy|stakeholder/media context|performance/results|approved messages|legal/regulatory inputs,employees/customers/investors/media/government|reputation actions|stakeholder commitments,"Evidence set, assessment rationale, findings, decisions/actions and closure history",candidate-explicit
EJOB-F25.03-PROFESSIONAL,Media Relations Manager,,"Communications, Information, PPM & Transformation — F25",JP-F25.03-PROFESSIONAL,reconciled-employment-profile,WP-W10-F25.03-PROFESSIONAL-004,Media Interview Brief / Record,HANDOVER / CLOSEOUT PACKAGE,F25.03.A04,NATIVE,Operate,Audience|Stakeholder|Media|Issue|Communication|Report,F25,External Affairs / Media [AGG-25-EXTERNAL-AFFAIRS-ISSUE],Package Workspace|Completeness Checklist,strategy|stakeholder/media context|performance/results|approved messages|legal/regulatory inputs,employees/customers/investors/media/government|reputation actions|stakeholder commitments,"Controlled completeness set with acceptance, outstanding items, evidence and closure provenance",candidate-explicit
EJOB-F28.07-PROFESSIONAL,Organisational Transition Manager,,"Communications, Information, PPM & Transformation — F28",JP-F28.07-PROFESSIONAL,reconciled-employment-profile,WP-W10-F28.07-PROFESSIONAL-001,Role Transition Plan / Record,CHANGE,F28.07.A01,NATIVE,Operate,Transformation|Change Impact|Stakeholder|Readiness|Adoption|Transition,F28,Organisation Transition [AGG-26-ORGANISATION-TRANSITION],Change Workspace|Impact Assessment,transformation strategy|current/target state|stakeholder/role/system data|training needs|benefit targets,organisation/process/system change|training|communications|adoption/benefits|operations handover,"Baseline, impact assessment, authority decision, implementation and verification evidence",candidate-explicit
EJOB-F28.07-PROFESSIONAL,Organisational Transition Manager,,"Communications, Information, PPM & Transformation — F28",JP-F28.07-PROFESSIONAL,reconciled-employment-profile,WP-W10-F28.07-PROFESSIONAL-002,Organisation Structure Transition,CHANGE,F28.07.A02,NATIVE,Operate,Transformation|Change Impact|Stakeholder|Readiness|Adoption|Transition,F28,Organisation Transition [AGG-26-ORGANISATION-TRANSITION],Change Workspace|Impact Assessment,transformation strategy|current/target state|stakeholder/role/system data|training needs|benefit targets,organisation/process/system change|training|communications|adoption/benefits|operations handover,"Baseline, impact assessment, authority decision, implementation and verification evidence",candidate-explicit
EJOB-F28.07-PROFESSIONAL,Organisational Transition Manager,,"Communications, Information, PPM & Transformation — F28",JP-F28.07-PROFESSIONAL,reconciled-employment-profile,WP-W10-F28.07-PROFESSIONAL-003,Process Transition Plan / Record,CHANGE,F28.07.A03,NATIVE,Operate,Transformation|Change Impact|Stakeholder|Readiness|Adoption|Transition,F28,Organisation Transition [AGG-26-ORGANISATION-TRANSITION],Change Workspace|Impact Assessment,transformation strategy|current/target state|stakeholder/role/system data|training needs|benefit targets,organisation/process/system change|training|communications|adoption/benefits|operations handover,"Baseline, impact assessment, authority decision, implementation and verification evidence",candidate-explicit
EJOB-F28.07-PROFESSIONAL,Organisational Transition Manager,,"Communications, Information, PPM & Transformation — F28",JP-F28.07-PROFESSIONAL,reconciled-employment-profile,WP-W10-F28.07-PROFESSIONAL-004,Technology Transition / Cutover Record,CHANGE,F28.07.A04,NATIVE,Operate,Transformation|Change Impact|Stakeholder|Readiness|Adoption|Transition,F28,Organisation Transition [AGG-26-ORGANISATION-TRANSITION],Change Workspace|Impact Assessment,transformation strategy|current/target state|stakeholder/role/system data|training needs|benefit targets,organisation/process/system change|training|communications|adoption/benefits|operations handover,"Baseline, impact assessment, authority decision, implementation and verification evidence",candidate-explicit
EJOB-F27.09-PROFESSIONAL,PMO Manager,,"Communications, Information, PPM & Transformation — F27",JP-F27.09-PROFESSIONAL,reconciled-employment-profile,WP-W10-F27.09-PROFESSIONAL-001,PMO Standards / Methods,CONTROLLED INFORMATION,F27.09.A01,NATIVE,Operate,Portfolio|Programme|Project|Investment|PMO|Resource,F27,PMO / Portfolio Governance [AGG-06-PORTFOLIO],Controlled Document Editor|Object Workspace,strategy/investment demand|business cases|project data|resource capacity|performance/assurance evidence,funding decisions|project/programme delivery|resource allocation|executive governance,"Controlled revision with author, reviewer, approver, issue/effective date and supersession provenance",candidate-explicit
EJOB-F27.09-PROFESSIONAL,PMO Manager,,"Communications, Information, PPM & Transformation — F27",JP-F27.09-PROFESSIONAL,reconciled-employment-profile,WP-W10-F27.09-PROFESSIONAL-002,PMO Template / Toolkit Set,CONTROLLED INFORMATION,F27.09.A02,NATIVE,Operate,Portfolio|Programme|Project|Investment|PMO|Resource,F27,PMO / Portfolio Governance [AGG-06-PORTFOLIO],Controlled Document Editor|Object Workspace,strategy/investment demand|business cases|project data|resource capacity|performance/assurance evidence,funding decisions|project/programme delivery|resource allocation|executive governance,"Controlled revision with author, reviewer, approver, issue/effective date and supersession provenance",candidate-explicit
EJOB-F27.09-PROFESSIONAL,PMO Manager,,"Communications, Information, PPM & Transformation — F27",JP-F27.09-PROFESSIONAL,reconciled-employment-profile,WP-W10-F27.09-PROFESSIONAL-003,Portfolio / Project Reporting Pack,REPORT / SNAPSHOT,F27.09.A03,NATIVE,Operate,Portfolio|Programme|Project|Investment|PMO|Resource,F27,PMO / Portfolio Governance [AGG-06-PORTFOLIO],Report Builder|Snapshot View,strategy/investment demand|business cases|project data|resource capacity|performance/assurance evidence,funding decisions|project/programme delivery|resource allocation|executive governance,"Point-in-time/as-of snapshot with source data, calculation/filter and publication provenance",candidate-explicit
EJOB-F27.09-PROFESSIONAL,PMO Manager,,"Communications, Information, PPM & Transformation — F27",JP-F27.09-PROFESSIONAL,reconciled-employment-profile,WP-W10-F27.09-PROFESSIONAL-004,Project / Programme Assurance Review,INSPECTION / TEST,F27.09.A04,NATIVE,Operate,Portfolio|Programme|Project|Investment|PMO|Resource,F27,PMO / Portfolio Governance [AGG-06-PORTFOLIO],Test / Inspection Workbench|Evidence Panel,strategy/investment demand|business cases|project data|resource capacity|performance/assurance evidence,funding decisions|project/programme delivery|resource allocation|executive governance,"Inspection/test basis, method, result, evidence, performer/reviewer and acceptance status",candidate-explicit
EJOB-F27.09-PROFESSIONAL,PMO Manager,,"Communications, Information, PPM & Transformation — F27",JP-F27.09-PROFESSIONAL,reconciled-employment-profile,WP-W10-F27.09-PROFESSIONAL-005,PPM Governance Framework,PLAN / STRATEGY,F27.09.A05,NATIVE,Operate,Portfolio|Programme|Project|Investment|PMO|Resource,F27,PMO / Portfolio Governance [AGG-06-PORTFOLIO],Object Workspace|Structure Browser|Enterprise Grid,strategy/investment demand|business cases|project data|resource capacity|performance/assurance evidence,funding decisions|project/programme delivery|resource allocation|executive governance,"Versioned plan/strategy with assumptions, ownership, review, approval and effective-date provenance",candidate-explicit
EJOB-F27.01-PROFESSIONAL,Portfolio Manager,,"Communications, Information, PPM & Transformation — F27",JP-F27.01-PROFESSIONAL,reconciled-employment-profile,WP-W10-F27.01-PROFESSIONAL-001,Portfolio Initiative Register,REGISTER / SCHEDULE,F27.01.A01,NATIVE,Operate,Portfolio|Programme|Project|Investment|PMO|Resource,F27,Portfolio / Programme [AGG-06-PORTFOLIO],Enterprise Grid|Collection View,strategy/investment demand|business cases|project data|resource capacity|performance/assurance evidence,funding decisions|project/programme delivery|resource allocation|executive governance,"Governed entries with owner, status, dates, source references and immutable change history",candidate-explicit
EJOB-F27.01-PROFESSIONAL,Portfolio Manager,,"Communications, Information, PPM & Transformation — F27",JP-F27.01-PROFESSIONAL,reconciled-employment-profile,WP-W10-F27.01-PROFESSIONAL-002,Portfolio Scoring / Prioritisation Model,CALCULATION / MODEL,F27.01.A02|F27.01.A03,NATIVE,Operate,Portfolio|Programme|Project|Investment|PMO|Resource,F27,Portfolio / Programme [AGG-06-PORTFOLIO],Calculation Workbench|Enterprise Grid,strategy/investment demand|business cases|project data|resource capacity|performance/assurance evidence,funding decisions|project/programme delivery|resource allocation|executive governance,"Versioned calculation/model with inputs, assumptions, method, scenario and result provenance",candidate-explicit
EJOB-F27.01-PROFESSIONAL,Portfolio Manager,,"Communications, Information, PPM & Transformation — F27",JP-F27.01-PROFESSIONAL,reconciled-employment-profile,WP-W10-F27.01-PROFESSIONAL-003,Portfolio Investment / Initiative Decision,DECISION / APPROVAL,F27.01.A04,NATIVE,Operate,Portfolio|Programme|Project|Investment|PMO|Resource,F27,Portfolio / Programme [AGG-06-PORTFOLIO],Decision Workspace|Approval Panel,strategy/investment demand|business cases|project data|resource capacity|performance/assurance evidence,funding decisions|project/programme delivery|resource allocation|executive governance,"Decision, approver/authority, rationale, conditions, date and affected objects",candidate-explicit
EJOB-F27.01-PROFESSIONAL,Portfolio Manager,,"Communications, Information, PPM & Transformation — F27",JP-F27.01-PROFESSIONAL,reconciled-employment-profile,WP-W10-F27.01-PROFESSIONAL-004,Balanced Portfolio Plan / Snapshot,PLAN / STRATEGY,F27.01.A05,NATIVE,Operate,Portfolio|Programme|Project|Investment|PMO|Resource,F27,Portfolio / Programme [AGG-06-PORTFOLIO],Object Workspace|Structure Browser|Enterprise Grid,strategy/investment demand|business cases|project data|resource capacity|performance/assurance evidence,funding decisions|project/programme delivery|resource allocation|executive governance,"Versioned plan/strategy with assumptions, ownership, review, approval and effective-date provenance",candidate-explicit
EJOB-F27.10-PROFESSIONAL,Portfolio Resource Manager,,"Communications, Information, PPM & Transformation — F27",JP-F27.10-PROFESSIONAL,reconciled-employment-profile,WP-W10-F27.10-PROFESSIONAL-001,Portfolio Resource Demand Forecast,CALCULATION / MODEL,F27.10.A01,NATIVE,Operate,Portfolio|Programme|Project|Investment|PMO|Resource,F27,Workforce Allocation [AGG-18-WORKFORCE-ALLOCATION],Calculation Workbench|Enterprise Grid,strategy/investment demand|business cases|project data|resource capacity|performance/assurance evidence,funding decisions|project/programme delivery|resource allocation|executive governance,"Versioned calculation/model with inputs, assumptions, method, scenario and result provenance",candidate-explicit
EJOB-F27.10-PROFESSIONAL,Portfolio Resource Manager,,"Communications, Information, PPM & Transformation — F27",JP-F27.10-PROFESSIONAL,reconciled-employment-profile,WP-W10-F27.10-PROFESSIONAL-002,Portfolio Resource Allocation Plan,PLAN / STRATEGY,F27.10.A02,NATIVE,Operate,Portfolio|Programme|Project|Investment|PMO|Resource,F27,Workforce Allocation [AGG-18-WORKFORCE-ALLOCATION],Object Workspace|Structure Browser|Enterprise Grid,strategy/investment demand|business cases|project data|resource capacity|performance/assurance evidence,funding decisions|project/programme delivery|resource allocation|executive governance,"Versioned plan/strategy with assumptions, ownership, review, approval and effective-date provenance",candidate-explicit
EJOB-F27.10-PROFESSIONAL,Portfolio Resource Manager,,"Communications, Information, PPM & Transformation — F27",JP-F27.10-PROFESSIONAL,reconciled-employment-profile,WP-W10-F27.10-PROFESSIONAL-003,Resource Utilisation Report,REPORT / SNAPSHOT,F27.10.A03,NATIVE,Operate,Portfolio|Programme|Project|Investment|PMO|Resource,F27,Workforce Allocation [AGG-18-WORKFORCE-ALLOCATION],Report Builder|Snapshot View,strategy/investment demand|business cases|project data|resource capacity|performance/assurance evidence,funding decisions|project/programme delivery|resource allocation|executive governance,"Point-in-time/as-of snapshot with source data, calculation/filter and publication provenance",candidate-explicit
EJOB-F29.09-PROFESSIONAL,Process Compliance Specialist,,"Communications, Information, PPM & Transformation — F29",JP-F29.09-PROFESSIONAL,reconciled-employment-profile,WP-W10-F29.09-PROFESSIONAL-001,Process Execution / Compliance Monitoring,REPORT / SNAPSHOT,F29.09.A01,NATIVE,Operate,Process|Process Model|SOP|Workflow|Assessment|KPI,F29,Compliance Assessment [AGG-21-ASSESSMENT],Report Builder|Snapshot View,enterprise architecture|process evidence|performance data|controlled procedures|automation requirements,operating model|SOPs|workflow automation|quality/compliance|continuous improvement,"Point-in-time/as-of snapshot with source data, calculation/filter and publication provenance",candidate-explicit
EJOB-F29.09-PROFESSIONAL,Process Compliance Specialist,,"Communications, Information, PPM & Transformation — F29",JP-F29.09-PROFESSIONAL,reconciled-employment-profile,WP-W10-F29.09-PROFESSIONAL-002,Process Deviation / Non-Compliance Case,CASE / ASSESSMENT,F29.09.A02|F29.09.A03,NATIVE,Operate,Process|Process Model|SOP|Workflow|Assessment|KPI,F29,Compliance Assessment [AGG-21-ASSESSMENT],Case Workspace|Assessment Form|Evidence Panel,enterprise architecture|process evidence|performance data|controlled procedures|automation requirements,operating model|SOPs|workflow automation|quality/compliance|continuous improvement,"Evidence set, assessment rationale, findings, decisions/actions and closure history",candidate-explicit
EJOB-F29.09-PROFESSIONAL,Process Compliance Specialist,,"Communications, Information, PPM & Transformation — F29",JP-F29.09-PROFESSIONAL,reconciled-employment-profile,WP-W10-F29.09-PROFESSIONAL-003,Process Compliance Remediation,CHANGE,F29.09.A04,NATIVE,Operate,Process|Process Model|SOP|Workflow|Assessment|KPI,F29,Compliance Assessment [AGG-21-ASSESSMENT],Change Workspace|Impact Assessment,enterprise architecture|process evidence|performance data|controlled procedures|automation requirements,operating model|SOPs|workflow automation|quality/compliance|continuous improvement,"Baseline, impact assessment, authority decision, implementation and verification evidence",candidate-explicit
EJOB-F29.02-PROFESSIONAL,Process Governance Manager,,"Communications, Information, PPM & Transformation — F29",JP-F29.02-PROFESSIONAL,reconciled-employment-profile,WP-W10-F29.02-PROFESSIONAL-001,Process Ownership Register,REGISTER / SCHEDULE,F29.02.A01,NATIVE,Operate,Process|Process Model|SOP|Workflow|Assessment|KPI,F29,Enterprise Process [AGG-26-PROCESS],Enterprise Grid|Collection View,enterprise architecture|process evidence|performance data|controlled procedures|automation requirements,operating model|SOPs|workflow automation|quality/compliance|continuous improvement,"Governed entries with owner, status, dates, source references and immutable change history",candidate-explicit
EJOB-F29.02-PROFESSIONAL,Process Governance Manager,,"Communications, Information, PPM & Transformation — F29",JP-F29.02-PROFESSIONAL,reconciled-employment-profile,WP-W10-F29.02-PROFESSIONAL-002,Process Accountability Model,STRUCTURE / BREAKDOWN,F29.02.A02,NATIVE,Operate,Process|Process Model|SOP|Workflow|Assessment|KPI,F29,Enterprise Process [AGG-26-PROCESS],Structure Browser|Enterprise Grid,enterprise architecture|process evidence|performance data|controlled procedures|automation requirements,operating model|SOPs|workflow automation|quality/compliance|continuous improvement,"Versioned hierarchy/structure with element identity, relationships, effectivity and approval provenance",candidate-explicit
EJOB-F29.02-PROFESSIONAL,Process Governance Manager,,"Communications, Information, PPM & Transformation — F29",JP-F29.02-PROFESSIONAL,reconciled-employment-profile,WP-W10-F29.02-PROFESSIONAL-003,Process Governance Framework,PLAN / STRATEGY,F29.02.A03,NATIVE,Operate,Process|Process Model|SOP|Workflow|Assessment|KPI,F29,Enterprise Process [AGG-26-PROCESS],Object Workspace|Structure Browser|Enterprise Grid,enterprise architecture|process evidence|performance data|controlled procedures|automation requirements,operating model|SOPs|workflow automation|quality/compliance|continuous improvement,"Versioned plan/strategy with assumptions, ownership, review, approval and effective-date provenance",candidate-explicit
EJOB-F29.05-PROFESSIONAL,Process Improvement Specialist,,"Communications, Information, PPM & Transformation — F29",JP-F29.05-PROFESSIONAL,reconciled-employment-profile,WP-W10-F29.05-PROFESSIONAL-001,Future-State Process Design,STRUCTURE / BREAKDOWN,F29.05.A01,NATIVE,Operate,Process|Process Model|SOP|Workflow|Assessment|KPI,F29,Process Model / Redesign [AGG-26-PROCESS],Structure Browser|Enterprise Grid,enterprise architecture|process evidence|performance data|controlled procedures|automation requirements,operating model|SOPs|workflow automation|quality/compliance|continuous improvement,"Versioned hierarchy/structure with element identity, relationships, effectivity and approval provenance",candidate-explicit
EJOB-F29.05-PROFESSIONAL,Process Improvement Specialist,,"Communications, Information, PPM & Transformation — F29",JP-F29.05-PROFESSIONAL,reconciled-employment-profile,WP-W10-F29.05-PROFESSIONAL-002,Waste / Simplification Assessment,CASE / ASSESSMENT,F29.05.A02|F29.05.A03,NATIVE,Operate,Process|Process Model|SOP|Workflow|Assessment|KPI,F29,Process Model / Redesign [AGG-26-PROCESS],Case Workspace|Assessment Form|Evidence Panel,enterprise architecture|process evidence|performance data|controlled procedures|automation requirements,operating model|SOPs|workflow automation|quality/compliance|continuous improvement,"Evidence set, assessment rationale, findings, decisions/actions and closure history",candidate-explicit
EJOB-F29.05-PROFESSIONAL,Process Improvement Specialist,,"Communications, Information, PPM & Transformation — F29",JP-F29.05-PROFESSIONAL,reconciled-employment-profile,WP-W10-F29.05-PROFESSIONAL-003,Standardised Process Definition,CONTROLLED INFORMATION,F29.05.A04,NATIVE,Operate,Process|Process Model|SOP|Workflow|Assessment|KPI,F29,Process Model / Redesign [AGG-26-PROCESS],Controlled Document Editor|Object Workspace,enterprise architecture|process evidence|performance data|controlled procedures|automation requirements,operating model|SOPs|workflow automation|quality/compliance|continuous improvement,"Controlled revision with author, reviewer, approver, issue/effective date and supersession provenance",candidate-explicit
EJOB-F29.10-PROFESSIONAL,Process Performance Analyst,,"Communications, Information, PPM & Transformation — F29",JP-F29.10-PROFESSIONAL,reconciled-employment-profile,WP-W10-F29.10-PROFESSIONAL-001,Process KPI Definition,CONTROLLED INFORMATION,F29.10.A01,NATIVE,Operate,Process|Process Model|SOP|Workflow|Assessment|KPI,F29,Process Analysis / Measure [AGG-26-ANALYSIS],Controlled Document Editor|Object Workspace,enterprise architecture|process evidence|performance data|controlled procedures|automation requirements,operating model|SOPs|workflow automation|quality/compliance|continuous improvement,"Controlled revision with author, reviewer, approver, issue/effective date and supersession provenance",candidate-explicit
EJOB-F29.10-PROFESSIONAL,Process Performance Analyst,,"Communications, Information, PPM & Transformation — F29",JP-F29.10-PROFESSIONAL,reconciled-employment-profile,WP-W10-F29.10-PROFESSIONAL-002,Process Performance Dataset,REGISTER / SCHEDULE,F29.10.A02,NATIVE,Operate,Process|Process Model|SOP|Workflow|Assessment|KPI,F29,Process Analysis / Measure [AGG-26-ANALYSIS],Enterprise Grid|Collection View,enterprise architecture|process evidence|performance data|controlled procedures|automation requirements,operating model|SOPs|workflow automation|quality/compliance|continuous improvement,"Governed entries with owner, status, dates, source references and immutable change history",candidate-explicit
EJOB-F29.10-PROFESSIONAL,Process Performance Analyst,,"Communications, Information, PPM & Transformation — F29",JP-F29.10-PROFESSIONAL,reconciled-employment-profile,WP-W10-F29.10-PROFESSIONAL-003,Process Performance Analysis,REPORT / SNAPSHOT,F29.10.A03,NATIVE,Operate,Process|Process Model|SOP|Workflow|Assessment|KPI,F29,Process Analysis / Measure [AGG-26-ANALYSIS],Report Builder|Snapshot View,enterprise architecture|process evidence|performance data|controlled procedures|automation requirements,operating model|SOPs|workflow automation|quality/compliance|continuous improvement,"Point-in-time/as-of snapshot with source data, calculation/filter and publication provenance",candidate-explicit
EJOB-F29.10-PROFESSIONAL,Process Performance Analyst,,"Communications, Information, PPM & Transformation — F29",JP-F29.10-PROFESSIONAL,reconciled-employment-profile,WP-W10-F29.10-PROFESSIONAL-004,Process Improvement Trigger / Handoff,HANDOVER / CLOSEOUT PACKAGE,F29.10.A04,NATIVE,Operate,Process|Process Model|SOP|Workflow|Assessment|KPI,F29,Process Analysis / Measure [AGG-26-ANALYSIS],Package Workspace|Completeness Checklist,enterprise architecture|process evidence|performance data|controlled procedures|automation requirements,operating model|SOPs|workflow automation|quality/compliance|continuous improvement,"Controlled completeness set with acceptance, outstanding items, evidence and closure provenance",candidate-explicit
EJOB-F27.03-PROFESSIONAL,Programme Manager,,"Communications, Information, PPM & Transformation — F27",JP-F27.03-PROFESSIONAL,reconciled-employment-profile,WP-W10-F27.03-PROFESSIONAL-001,Programme Charter / Definition,PLAN / STRATEGY,F27.03.A01,NATIVE,Operate,Portfolio|Programme|Project|Investment|PMO|Resource,F27,Portfolio / Programme [AGG-06-PORTFOLIO],Object Workspace|Structure Browser|Enterprise Grid,strategy/investment demand|business cases|project data|resource capacity|performance/assurance evidence,funding decisions|project/programme delivery|resource allocation|executive governance,"Versioned plan/strategy with assumptions, ownership, review, approval and effective-date provenance",candidate-explicit
EJOB-F27.03-PROFESSIONAL,Programme Manager,,"Communications, Information, PPM & Transformation — F27",JP-F27.03-PROFESSIONAL,reconciled-employment-profile,WP-W10-F27.03-PROFESSIONAL-002,Programme Project / Workstream Structure,STRUCTURE / BREAKDOWN,F27.03.A02,NATIVE,Operate,Portfolio|Programme|Project|Investment|PMO|Resource,F27,Portfolio / Programme [AGG-06-PORTFOLIO],Structure Browser|Enterprise Grid,strategy/investment demand|business cases|project data|resource capacity|performance/assurance evidence,funding decisions|project/programme delivery|resource allocation|executive governance,"Versioned hierarchy/structure with element identity, relationships, effectivity and approval provenance",candidate-explicit
EJOB-F27.03-PROFESSIONAL,Programme Manager,,"Communications, Information, PPM & Transformation — F27",JP-F27.03-PROFESSIONAL,reconciled-employment-profile,WP-W10-F27.03-PROFESSIONAL-003,Programme Dependency Register,REGISTER / SCHEDULE,F27.03.A03,NATIVE,Operate,Portfolio|Programme|Project|Investment|PMO|Resource,F27,Portfolio / Programme [AGG-06-PORTFOLIO],Enterprise Grid|Collection View,strategy/investment demand|business cases|project data|resource capacity|performance/assurance evidence,funding decisions|project/programme delivery|resource allocation|executive governance,"Governed entries with owner, status, dates, source references and immutable change history",candidate-explicit
EJOB-F27.03-PROFESSIONAL,Programme Manager,,"Communications, Information, PPM & Transformation — F27",JP-F27.03-PROFESSIONAL,reconciled-employment-profile,WP-W10-F27.03-PROFESSIONAL-004,Programme Outcome / Status Report,REPORT / SNAPSHOT,F27.03.A04,NATIVE,Operate,Portfolio|Programme|Project|Investment|PMO|Resource,F27,Portfolio / Programme [AGG-06-PORTFOLIO],Report Builder|Snapshot View,strategy/investment demand|business cases|project data|resource capacity|performance/assurance evidence,funding decisions|project/programme delivery|resource allocation|executive governance,"Point-in-time/as-of snapshot with source data, calculation/filter and publication provenance",candidate-explicit
EJOB-F25.06-PROFESSIONAL,Public Affairs Manager,,"Communications, Information, PPM & Transformation — F25",JP-F25.06-PROFESSIONAL,reconciled-employment-profile,WP-W10-F25.06-PROFESSIONAL-001,Government / Policy Monitoring Register,REGISTER / SCHEDULE,F25.06.A01,NATIVE,Operate,Audience|Stakeholder|Media|Issue|Communication|Report,F25,External Affairs / Media [AGG-25-EXTERNAL-AFFAIRS-ISSUE],Enterprise Grid|Collection View,strategy|stakeholder/media context|performance/results|approved messages|legal/regulatory inputs,employees/customers/investors/media/government|reputation actions|stakeholder commitments,"Governed entries with owner, status, dates, source references and immutable change history",candidate-explicit
EJOB-F25.06-PROFESSIONAL,Public Affairs Manager,,"Communications, Information, PPM & Transformation — F25",JP-F25.06-PROFESSIONAL,reconciled-employment-profile,WP-W10-F25.06-PROFESSIONAL-002,Public Policy Impact Analysis,CASE / ASSESSMENT,F25.06.A02,NATIVE,Operate,Audience|Stakeholder|Media|Issue|Communication|Report,F25,External Affairs / Media [AGG-25-EXTERNAL-AFFAIRS-ISSUE],Case Workspace|Assessment Form|Evidence Panel,strategy|stakeholder/media context|performance/results|approved messages|legal/regulatory inputs,employees/customers/investors/media/government|reputation actions|stakeholder commitments,"Evidence set, assessment rationale, findings, decisions/actions and closure history",candidate-explicit
EJOB-F25.06-PROFESSIONAL,Public Affairs Manager,,"Communications, Information, PPM & Transformation — F25",JP-F25.06-PROFESSIONAL,reconciled-employment-profile,WP-W10-F25.06-PROFESSIONAL-003,Public Affairs Stakeholder Engagement Record,EXECUTION RECORD,F25.06.A03,NATIVE,Operate,Audience|Stakeholder|Media|Issue|Communication|Report,F25,External Affairs / Media [AGG-25-EXTERNAL-AFFAIRS-ISSUE],Execution Record|Evidence Panel,strategy|stakeholder/media context|performance/results|approved messages|legal/regulatory inputs,employees/customers/investors/media/government|reputation actions|stakeholder commitments,Attributable who/what/when/result record with source context and evidence,candidate-explicit
EJOB-F25.04-PROFESSIONAL,Public Relations Manager,,"Communications, Information, PPM & Transformation — F25",JP-F25.04-PROFESSIONAL,reconciled-employment-profile,WP-W10-F25.04-PROFESSIONAL-001,Public Relations Campaign Plan,PLAN / STRATEGY,F25.04.A01,NATIVE,Operate,Audience|Stakeholder|Media|Issue|Communication|Report,F25,Communications Plan / Item [AGG-25-COMMUNICATIONS],Object Workspace|Structure Browser|Enterprise Grid,strategy|stakeholder/media context|performance/results|approved messages|legal/regulatory inputs,employees/customers/investors/media/government|reputation actions|stakeholder commitments,"Versioned plan/strategy with assumptions, ownership, review, approval and effective-date provenance",candidate-explicit
EJOB-F25.04-PROFESSIONAL,Public Relations Manager,,"Communications, Information, PPM & Transformation — F25",JP-F25.04-PROFESSIONAL,reconciled-employment-profile,WP-W10-F25.04-PROFESSIONAL-002,Reputation / PR Action Plan,PLAN / STRATEGY,F25.04.A02,NATIVE,Operate,Audience|Stakeholder|Media|Issue|Communication|Report,F25,Communications Plan / Item [AGG-25-COMMUNICATIONS],Object Workspace|Structure Browser|Enterprise Grid,strategy|stakeholder/media context|performance/results|approved messages|legal/regulatory inputs,employees/customers/investors/media/government|reputation actions|stakeholder commitments,"Versioned plan/strategy with assumptions, ownership, review, approval and effective-date provenance",candidate-explicit
EJOB-F25.04-PROFESSIONAL,Public Relations Manager,,"Communications, Information, PPM & Transformation — F25",JP-F25.04-PROFESSIONAL,reconciled-employment-profile,WP-W10-F25.04-PROFESSIONAL-003,External Communications Coordination Record,EXECUTION RECORD,F25.04.A03,NATIVE,Operate,Audience|Stakeholder|Media|Issue|Communication|Report,F25,Communications Plan / Item [AGG-25-COMMUNICATIONS],Execution Record|Evidence Panel,strategy|stakeholder/media context|performance/results|approved messages|legal/regulatory inputs,employees/customers/investors/media/government|reputation actions|stakeholder commitments,Attributable who/what/when/result record with source context and evidence,candidate-explicit
EJOB-F26.06-PROFESSIONAL,Records Manager,,"Communications, Information, PPM & Transformation — F26",JP-F26.06-PROFESSIONAL,reconciled-employment-profile,WP-W10-F26.06-PROFESSIONAL-001,Declared Record,CONTROLLED INFORMATION,F26.06.A01|F26.06.A02,NATIVE,Operate,Knowledge|Document|Record|Retention|Search|Lesson,F26,Record Series / File [AGG-25-RECORDS],Controlled Document Editor|Object Workspace,authoritative information|worker/project experience|retention/legal-hold rules|metadata/classification|source-system permissions,authoritative documents/records|search/discovery|process improvement|legal/privacy retention,"Controlled revision with author, reviewer, approver, issue/effective date and supersession provenance",candidate-explicit
EJOB-F26.06-PROFESSIONAL,Records Manager,,"Communications, Information, PPM & Transformation — F26",JP-F26.06-PROFESSIONAL,reconciled-employment-profile,WP-W10-F26.06-PROFESSIONAL-002,Record Retention / Archive Record,EXECUTION RECORD,F26.06.A03|F26.06.A04,NATIVE,Operate,Knowledge|Document|Record|Retention|Search|Lesson,F26,Record Series / File [AGG-25-RECORDS],Execution Record|Evidence Panel,authoritative information|worker/project experience|retention/legal-hold rules|metadata/classification|source-system permissions,authoritative documents/records|search/discovery|process improvement|legal/privacy retention,Attributable who/what/when/result record with source context and evidence,candidate-explicit
EJOB-F26.06-PROFESSIONAL,Records Manager,,"Communications, Information, PPM & Transformation — F26",JP-F26.06-PROFESSIONAL,reconciled-employment-profile,WP-W10-F26.06-PROFESSIONAL-003,Record Disposition Decision / Evidence,CERTIFICATE / FORMAL ATTESTATION,F26.06.A05,NATIVE,Operate,Knowledge|Document|Record|Retention|Search|Lesson,F26,Record Series / File [AGG-25-RECORDS],Attestation Workspace|Evidence Panel,authoritative information|worker/project experience|retention/legal-hold rules|metadata/classification|source-system permissions,authoritative documents/records|search/discovery|process improvement|legal/privacy retention,"Formal attestation with issuer, authority, scope, date, evidence and validity",candidate-explicit
EJOB-F26.08-PROFESSIONAL,Records Retention Specialist,,"Communications, Information, PPM & Transformation — F26",JP-F26.08-PROFESSIONAL,reconciled-employment-profile,WP-W10-F26.08-PROFESSIONAL-001,Records Retention Schedule,REGISTER / SCHEDULE,F26.08.A01,NATIVE,Operate,Knowledge|Document|Record|Retention|Search|Lesson,F26,Record Series / File [AGG-25-RECORDS],Enterprise Grid|Collection View,authoritative information|worker/project experience|retention/legal-hold rules|metadata/classification|source-system permissions,authoritative documents/records|search/discovery|process improvement|legal/privacy retention,"Governed entries with owner, status, dates, source references and immutable change history",candidate-explicit
EJOB-F26.08-PROFESSIONAL,Records Retention Specialist,,"Communications, Information, PPM & Transformation — F26",JP-F26.08-PROFESSIONAL,reconciled-employment-profile,WP-W10-F26.08-PROFESSIONAL-002,Records Hold / Exception,DECISION / APPROVAL,F26.08.A02,NATIVE,Operate,Knowledge|Document|Record|Retention|Search|Lesson,F26,Record Series / File [AGG-25-RECORDS],Decision Workspace|Approval Panel,authoritative information|worker/project experience|retention/legal-hold rules|metadata/classification|source-system permissions,authoritative documents/records|search/discovery|process improvement|legal/privacy retention,"Decision, approver/authority, rationale, conditions, date and affected objects",candidate-explicit
EJOB-F26.08-PROFESSIONAL,Records Retention Specialist,,"Communications, Information, PPM & Transformation — F26",JP-F26.08-PROFESSIONAL,reconciled-employment-profile,WP-W10-F26.08-PROFESSIONAL-003,Retention Review,CASE / ASSESSMENT,F26.08.A03,NATIVE,Operate,Knowledge|Document|Record|Retention|Search|Lesson,F26,Record Series / File [AGG-25-RECORDS],Case Workspace|Assessment Form|Evidence Panel,authoritative information|worker/project experience|retention/legal-hold rules|metadata/classification|source-system permissions,authoritative documents/records|search/discovery|process improvement|legal/privacy retention,"Evidence set, assessment rationale, findings, decisions/actions and closure history",candidate-explicit
EJOB-F26.08-PROFESSIONAL,Records Retention Specialist,,"Communications, Information, PPM & Transformation — F26",JP-F26.08-PROFESSIONAL,reconciled-employment-profile,WP-W10-F26.08-PROFESSIONAL-004,Disposition / Destruction Certificate,CERTIFICATE / FORMAL ATTESTATION,F26.08.A04,NATIVE,Operate,Knowledge|Document|Record|Retention|Search|Lesson,F26,Record Series / File [AGG-25-RECORDS],Attestation Workspace|Evidence Panel,authoritative information|worker/project experience|retention/legal-hold rules|metadata/classification|source-system permissions,authoritative documents/records|search/discovery|process improvement|legal/privacy retention,"Formal attestation with issuer, authority, scope, date, evidence and validity",candidate-explicit
EJOB-F25.05-PROFESSIONAL,Reputation Manager,,"Communications, Information, PPM & Transformation — F25",JP-F25.05-PROFESSIONAL,reconciled-employment-profile,WP-W10-F25.05-PROFESSIONAL-001,Reputation / Sentiment Monitoring Snapshot,REPORT / SNAPSHOT,F25.05.A01,NATIVE,Operate,Audience|Stakeholder|Media|Issue|Communication|Report,F25,External Affairs / Media [AGG-25-EXTERNAL-AFFAIRS-ISSUE],Report Builder|Snapshot View,strategy|stakeholder/media context|performance/results|approved messages|legal/regulatory inputs,employees/customers/investors/media/government|reputation actions|stakeholder commitments,"Point-in-time/as-of snapshot with source data, calculation/filter and publication provenance",candidate-explicit
EJOB-F25.05-PROFESSIONAL,Reputation Manager,,"Communications, Information, PPM & Transformation — F25",JP-F25.05-PROFESSIONAL,reconciled-employment-profile,WP-W10-F25.05-PROFESSIONAL-002,Reputation Issue / Risk Record,CASE / ASSESSMENT,F25.05.A02,NATIVE,Operate,Audience|Stakeholder|Media|Issue|Communication|Report,F25,External Affairs / Media [AGG-25-EXTERNAL-AFFAIRS-ISSUE],Case Workspace|Assessment Form|Evidence Panel,strategy|stakeholder/media context|performance/results|approved messages|legal/regulatory inputs,employees/customers/investors/media/government|reputation actions|stakeholder commitments,"Evidence set, assessment rationale, findings, decisions/actions and closure history",candidate-explicit
EJOB-F25.05-PROFESSIONAL,Reputation Manager,,"Communications, Information, PPM & Transformation — F25",JP-F25.05-PROFESSIONAL,reconciled-employment-profile,WP-W10-F25.05-PROFESSIONAL-003,Reputation Response Plan,PLAN / STRATEGY,F25.05.A03,NATIVE,Operate,Audience|Stakeholder|Media|Issue|Communication|Report,F25,External Affairs / Media [AGG-25-EXTERNAL-AFFAIRS-ISSUE],Object Workspace|Structure Browser|Enterprise Grid,strategy|stakeholder/media context|performance/results|approved messages|legal/regulatory inputs,employees/customers/investors/media/government|reputation actions|stakeholder commitments,"Versioned plan/strategy with assumptions, ownership, review, approval and effective-date provenance",candidate-explicit
EJOB-F25.05-PROFESSIONAL,Reputation Manager,,"Communications, Information, PPM & Transformation — F25",JP-F25.05-PROFESSIONAL,reconciled-employment-profile,WP-W10-F25.05-PROFESSIONAL-004,Reputation Perception Report,REPORT / SNAPSHOT,F25.05.A04,NATIVE,Operate,Audience|Stakeholder|Media|Issue|Communication|Report,F25,External Affairs / Media [AGG-25-EXTERNAL-AFFAIRS-ISSUE],Report Builder|Snapshot View,strategy|stakeholder/media context|performance/results|approved messages|legal/regulatory inputs,employees/customers/investors/media/government|reputation actions|stakeholder commitments,"Point-in-time/as-of snapshot with source data, calculation/filter and publication provenance",candidate-explicit
EJOB-F29.06-PROFESSIONAL,SOP & Process Documentation Specialist,,"Communications, Information, PPM & Transformation — F29",JP-F29.06-PROFESSIONAL,reconciled-employment-profile,WP-W10-F29.06-PROFESSIONAL-001,Standard Operating Procedure,CONTROLLED INFORMATION,F29.06.A01|F29.06.A02|F29.06.A03|F29.06.A04,NATIVE,Operate,Process|Process Model|SOP|Workflow|Assessment|KPI,F29,Controlled SOP [AGG-07-INFORMATION],Controlled Document Editor|Object Workspace,enterprise architecture|process evidence|performance data|controlled procedures|automation requirements,operating model|SOPs|workflow automation|quality/compliance|continuous improvement,"Controlled revision with author, reviewer, approver, issue/effective date and supersession provenance",candidate-explicit
EJOB-F29.06-PROFESSIONAL,SOP & Process Documentation Specialist,,"Communications, Information, PPM & Transformation — F29",JP-F29.06-PROFESSIONAL,reconciled-employment-profile,WP-W10-F29.06-PROFESSIONAL-002,SOP Revision / Change Record,CHANGE,F29.06.A05,NATIVE,Operate,Process|Process Model|SOP|Workflow|Assessment|KPI,F29,Controlled SOP [AGG-07-INFORMATION],Change Workspace|Impact Assessment,enterprise architecture|process evidence|performance data|controlled procedures|automation requirements,operating model|SOPs|workflow automation|quality/compliance|continuous improvement,"Baseline, impact assessment, authority decision, implementation and verification evidence",candidate-explicit
EJOB-F25.10-PROFESSIONAL,Stakeholder Engagement Manager,,"Communications, Information, PPM & Transformation — F25",JP-F25.10-PROFESSIONAL,reconciled-employment-profile,WP-W10-F25.10-PROFESSIONAL-001,Stakeholder Register,REGISTER / SCHEDULE,F25.10.A01,NATIVE,Operate,Audience|Stakeholder|Media|Issue|Communication|Report,F25,Stakeholder Engagement [AGG-25-STAKEHOLDER-ENGAGEMENT],Enterprise Grid|Collection View,strategy|stakeholder/media context|performance/results|approved messages|legal/regulatory inputs,employees/customers/investors/media/government|reputation actions|stakeholder commitments,"Governed entries with owner, status, dates, source references and immutable change history",candidate-explicit
EJOB-F25.10-PROFESSIONAL,Stakeholder Engagement Manager,,"Communications, Information, PPM & Transformation — F25",JP-F25.10-PROFESSIONAL,reconciled-employment-profile,WP-W10-F25.10-PROFESSIONAL-002,Stakeholder Interest / Influence Map,STRUCTURE / BREAKDOWN,F25.10.A02,NATIVE,Operate,Audience|Stakeholder|Media|Issue|Communication|Report,F25,Stakeholder Engagement [AGG-25-STAKEHOLDER-ENGAGEMENT],Structure Browser|Enterprise Grid,strategy|stakeholder/media context|performance/results|approved messages|legal/regulatory inputs,employees/customers/investors/media/government|reputation actions|stakeholder commitments,"Versioned hierarchy/structure with element identity, relationships, effectivity and approval provenance",candidate-explicit
EJOB-F25.10-PROFESSIONAL,Stakeholder Engagement Manager,,"Communications, Information, PPM & Transformation — F25",JP-F25.10-PROFESSIONAL,reconciled-employment-profile,WP-W10-F25.10-PROFESSIONAL-003,Stakeholder Engagement Plan,PLAN / STRATEGY,F25.10.A03,NATIVE,Operate,Audience|Stakeholder|Media|Issue|Communication|Report,F25,Stakeholder Engagement [AGG-25-STAKEHOLDER-ENGAGEMENT],Object Workspace|Structure Browser|Enterprise Grid,strategy|stakeholder/media context|performance/results|approved messages|legal/regulatory inputs,employees/customers/investors/media/government|reputation actions|stakeholder commitments,"Versioned plan/strategy with assumptions, ownership, review, approval and effective-date provenance",candidate-explicit
EJOB-F25.10-PROFESSIONAL,Stakeholder Engagement Manager,,"Communications, Information, PPM & Transformation — F25",JP-F25.10-PROFESSIONAL,reconciled-employment-profile,WP-W10-F25.10-PROFESSIONAL-004,Stakeholder Feedback Record,EXECUTION RECORD,F25.10.A04,NATIVE,Operate,Audience|Stakeholder|Media|Issue|Communication|Report,F25,Stakeholder Engagement [AGG-25-STAKEHOLDER-ENGAGEMENT],Execution Record|Evidence Panel,strategy|stakeholder/media context|performance/results|approved messages|legal/regulatory inputs,employees/customers/investors/media/government|reputation actions|stakeholder commitments,Attributable who/what/when/result record with source context and evidence,candidate-explicit
EJOB-F28.01-PROFESSIONAL,Transformation Director,,"Communications, Information, PPM & Transformation — F28",JP-F28.01-PROFESSIONAL,reconciled-employment-profile,WP-W10-F28.01-PROFESSIONAL-001,Transformation Target State,PLAN / STRATEGY,F28.01.A01,NATIVE,Operate,Transformation|Change Impact|Stakeholder|Readiness|Adoption|Transition,F28,Transformation Initiative [AGG-26-TRANSFORMATION],Object Workspace|Structure Browser|Enterprise Grid,transformation strategy|current/target state|stakeholder/role/system data|training needs|benefit targets,organisation/process/system change|training|communications|adoption/benefits|operations handover,"Versioned plan/strategy with assumptions, ownership, review, approval and effective-date provenance",candidate-explicit
EJOB-F28.01-PROFESSIONAL,Transformation Director,,"Communications, Information, PPM & Transformation — F28",JP-F28.01-PROFESSIONAL,reconciled-employment-profile,WP-W10-F28.01-PROFESSIONAL-002,Transformation Roadmap,PLAN / STRATEGY,F28.01.A02,NATIVE,Operate,Transformation|Change Impact|Stakeholder|Readiness|Adoption|Transition,F28,Transformation Initiative [AGG-26-TRANSFORMATION],Object Workspace|Structure Browser|Enterprise Grid,transformation strategy|current/target state|stakeholder/role/system data|training needs|benefit targets,organisation/process/system change|training|communications|adoption/benefits|operations handover,"Versioned plan/strategy with assumptions, ownership, review, approval and effective-date provenance",candidate-explicit
EJOB-F28.01-PROFESSIONAL,Transformation Director,,"Communications, Information, PPM & Transformation — F28",JP-F28.01-PROFESSIONAL,reconciled-employment-profile,WP-W10-F28.01-PROFESSIONAL-003,Transformation Governance Framework,PLAN / STRATEGY,F28.01.A03,NATIVE,Operate,Transformation|Change Impact|Stakeholder|Readiness|Adoption|Transition,F28,Transformation Initiative [AGG-26-TRANSFORMATION],Object Workspace|Structure Browser|Enterprise Grid,transformation strategy|current/target state|stakeholder/role/system data|training needs|benefit targets,organisation/process/system change|training|communications|adoption/benefits|operations handover,"Versioned plan/strategy with assumptions, ownership, review, approval and effective-date provenance",candidate-explicit
EJOB-F29.07-PROFESSIONAL,Workflow Automation Specialist,,"Communications, Information, PPM & Transformation — F29",JP-F29.07-PROFESSIONAL,reconciled-employment-profile,WP-W10-F29.07-PROFESSIONAL-001,Automation Opportunity Assessment,CASE / ASSESSMENT,F29.07.A01,NATIVE,Operate,Process|Process Model|SOP|Workflow|Assessment|KPI,F29,Workflow / Automation [AGG-27-WORKFLOW],Case Workspace|Assessment Form|Evidence Panel,enterprise architecture|process evidence|performance data|controlled procedures|automation requirements,operating model|SOPs|workflow automation|quality/compliance|continuous improvement,"Evidence set, assessment rationale, findings, decisions/actions and closure history",candidate-explicit
EJOB-F29.07-PROFESSIONAL,Workflow Automation Specialist,,"Communications, Information, PPM & Transformation — F29",JP-F29.07-PROFESSIONAL,reconciled-employment-profile,WP-W10-F29.07-PROFESSIONAL-002,Workflow / Automation Definition,STRUCTURE / BREAKDOWN,F29.07.A02,NATIVE,Operate,Process|Process Model|SOP|Workflow|Assessment|KPI,F29,Workflow / Automation [AGG-27-WORKFLOW],Structure Browser|Enterprise Grid,enterprise architecture|process evidence|performance data|controlled procedures|automation requirements,operating model|SOPs|workflow automation|quality/compliance|continuous improvement,"Versioned hierarchy/structure with element identity, relationships, effectivity and approval provenance",candidate-explicit
EJOB-F29.07-PROFESSIONAL,Workflow Automation Specialist,,"Communications, Information, PPM & Transformation — F29",JP-F29.07-PROFESSIONAL,reconciled-employment-profile,WP-W10-F29.07-PROFESSIONAL-003,Workflow / Automation Test Result,INSPECTION / TEST,F29.07.A03,NATIVE,Operate,Process|Process Model|SOP|Workflow|Assessment|KPI,F29,Workflow / Automation [AGG-27-WORKFLOW],Test / Inspection Workbench|Evidence Panel,enterprise architecture|process evidence|performance data|controlled procedures|automation requirements,operating model|SOPs|workflow automation|quality/compliance|continuous improvement,"Inspection/test basis, method, result, evidence, performer/reviewer and acceptance status",candidate-explicit
EJOB-F29.07-PROFESSIONAL,Workflow Automation Specialist,,"Communications, Information, PPM & Transformation — F29",JP-F29.07-PROFESSIONAL,reconciled-employment-profile,WP-W10-F29.07-PROFESSIONAL-004,Workflow / Automation Deployment Record,EXECUTION RECORD,F29.07.A04,NATIVE,Operate,Process|Process Model|SOP|Workflow|Assessment|KPI,F29,Workflow / Automation [AGG-27-WORKFLOW],Execution Record|Evidence Panel,enterprise architecture|process evidence|performance data|controlled procedures|automation requirements,operating model|SOPs|workflow automation|quality/compliance|continuous improvement,Attributable who/what/when/result record with source context and evidence,candidate-explicit
