job_archetype_id,job_title,career_index,domain,internal_job_profile_ids,internal_profile_state,work_product_id,work_product_name,authoring_mode_candidate,enterprise_stream,context_types,primary_functions,primary_subfunctions,canonical_object_candidate,authoring_primitive_candidate,upstream_inputs,downstream_handoff,evidence_requirement,review_state
JOB-BRK,Bricklayer,6,Building Trades,,gap-no-direct-job-profile,WP-BRK-001,Masonry Work Instruction / Task Pack,NATIVE,Deliver,Project|Site|Work Package|Location,F27|F26,F27.06|F26.05,Work Package / Task Instruction,Field/Mobile composition,approved scope|drawings|method|location,Execution,"Exact task, location, revision and assignee",candidate-revalidation
JOB-BRK,Bricklayer,6,Building Trades,,gap-no-direct-job-profile,WP-BRK-002,Masonry Pre-Start / Control Check,NATIVE,Deliver,Site|Work Package|Person,F23|F27,F23.02|F27.06,Pre-Start / Control Record,Field/Mobile composition,task|RAMS|permit|competence,Authorised start,"Acknowledgement, time and exceptions",candidate-revalidation
JOB-BRK,Bricklayer,6,Building Trades,,gap-no-direct-job-profile,WP-BRK-003,Masonry Measurement / Set-Out Record,NATIVE,Deliver,Site|Location|Work Package,F27|F26,F27.06|F26.05,Measurement / Set-Out Record,Field/Mobile composition,drawings|dimensions|survey/control,Material / execution,"Measured values, location and attribution",candidate-revalidation
JOB-BRK,Bricklayer,6,Building Trades,,gap-no-direct-job-profile,WP-BRK-004,Masonry Material / Tool / Plant Usage,NATIVE,Deliver,Work Package|Material|Asset|Shift,F10|F22|F27,F10.05|F22.06|F27.06,Consumption / Usage Record,Field/Mobile composition,issued materials|tools|plant|task,Cost / stock / asset history,"Item identity, quantity, time and task",candidate-revalidation
JOB-BRK,Bricklayer,6,Building Trades,,gap-no-direct-job-profile,WP-BRK-005,Masonry Execution / Progress Record,NATIVE,Deliver,Work Package|Activity|Location|Shift,F27,F27.06,Progress / Execution Record,Field/Mobile composition,task|labour|materials,Project progress / valuation,"Quantity, location, time and photo evidence",candidate-revalidation
JOB-BRK,Bricklayer,6,Building Trades,,gap-no-direct-job-profile,WP-BRK-006,Masonry Quality Inspection / Check,NATIVE,Deliver,Work Package|Location,F13,F13.04,Inspection / Quality Check,Field/Mobile composition,criteria|completed work|drawing/specification,Acceptance / defect,"Criteria, result, photos and inspector",candidate-revalidation
JOB-BRK,Bricklayer,6,Building Trades,,gap-no-direct-job-profile,WP-BRK-007,Masonry Defect / Rework Record,NATIVE,Deliver,Work Package|Location|Finding,F13,F13.05,Defect / NCR,Case Workspace,inspection|site observation|requirement,Rework / verification,"Evidence, responsibility, disposition and closure",candidate-revalidation
JOB-BRK,Bricklayer,6,Building Trades,,gap-no-direct-job-profile,WP-BRK-008,Masonry Completion / Handover Record,NATIVE,Deliver,Work Package|Location|Project,F13|F27,F13.08|F27.08,Completion / Handover Record,Field/Mobile composition,accepted work|open items|evidence,Next trade / client / project closeout,"Completion, acceptance and retained evidence",candidate-revalidation
JOB-CARP,Carpenter,13,Building Trades,,gap-no-direct-job-profile,WP-CARP-001,Carpentry Work Instruction / Task Pack,NATIVE,Deliver,Project|Site|Work Package|Location,F27|F26,F27.06|F26.05,Work Package / Task Instruction,Field/Mobile composition,approved scope|drawings|method|location,Execution,"Exact task, location, revision and assignee",candidate-revalidation
JOB-CARP,Carpenter,13,Building Trades,,gap-no-direct-job-profile,WP-CARP-002,Carpentry Pre-Start / Control Check,NATIVE,Deliver,Site|Work Package|Person,F23|F27,F23.02|F27.06,Pre-Start / Control Record,Field/Mobile composition,task|RAMS|permit|competence,Authorised start,"Acknowledgement, time and exceptions",candidate-revalidation
JOB-CARP,Carpenter,13,Building Trades,,gap-no-direct-job-profile,WP-CARP-003,Carpentry Measurement / Set-Out Record,NATIVE,Deliver,Site|Location|Work Package,F27|F26,F27.06|F26.05,Measurement / Set-Out Record,Field/Mobile composition,drawings|dimensions|survey/control,Material / execution,"Measured values, location and attribution",candidate-revalidation
JOB-CARP,Carpenter,13,Building Trades,,gap-no-direct-job-profile,WP-CARP-004,Carpentry Material / Tool / Plant Usage,NATIVE,Deliver,Work Package|Material|Asset|Shift,F10|F22|F27,F10.05|F22.06|F27.06,Consumption / Usage Record,Field/Mobile composition,issued materials|tools|plant|task,Cost / stock / asset history,"Item identity, quantity, time and task",candidate-revalidation
JOB-CARP,Carpenter,13,Building Trades,,gap-no-direct-job-profile,WP-CARP-005,Carpentry Execution / Progress Record,NATIVE,Deliver,Work Package|Activity|Location|Shift,F27,F27.06,Progress / Execution Record,Field/Mobile composition,task|labour|materials,Project progress / valuation,"Quantity, location, time and photo evidence",candidate-revalidation
JOB-CARP,Carpenter,13,Building Trades,,gap-no-direct-job-profile,WP-CARP-006,Carpentry Quality Inspection / Check,NATIVE,Deliver,Work Package|Location,F13,F13.04,Inspection / Quality Check,Field/Mobile composition,criteria|completed work|drawing/specification,Acceptance / defect,"Criteria, result, photos and inspector",candidate-revalidation
JOB-CARP,Carpenter,13,Building Trades,,gap-no-direct-job-profile,WP-CARP-007,Carpentry Defect / Rework Record,NATIVE,Deliver,Work Package|Location|Finding,F13,F13.05,Defect / NCR,Case Workspace,inspection|site observation|requirement,Rework / verification,"Evidence, responsibility, disposition and closure",candidate-revalidation
JOB-CARP,Carpenter,13,Building Trades,,gap-no-direct-job-profile,WP-CARP-008,Carpentry Completion / Handover Record,NATIVE,Deliver,Work Package|Location|Project,F13|F27,F13.08|F27.08,Completion / Handover Record,Field/Mobile composition,accepted work|open items|evidence,Next trade / client / project closeout,"Completion, acceptance and retained evidence",candidate-revalidation
JOB-FLOOR,Carpet Fitter and Floor Layer,14,Building Trades,,gap-no-direct-job-profile,WP-FLOOR-001,Flooring Work Instruction / Task Pack,NATIVE,Deliver,Project|Site|Work Package|Location,F27|F26,F27.06|F26.05,Work Package / Task Instruction,Field/Mobile composition,approved scope|drawings|method|location,Execution,"Exact task, location, revision and assignee",candidate-revalidation
JOB-FLOOR,Carpet Fitter and Floor Layer,14,Building Trades,,gap-no-direct-job-profile,WP-FLOOR-002,Flooring Pre-Start / Control Check,NATIVE,Deliver,Site|Work Package|Person,F23|F27,F23.02|F27.06,Pre-Start / Control Record,Field/Mobile composition,task|RAMS|permit|competence,Authorised start,"Acknowledgement, time and exceptions",candidate-revalidation
JOB-FLOOR,Carpet Fitter and Floor Layer,14,Building Trades,,gap-no-direct-job-profile,WP-FLOOR-003,Flooring Measurement / Set-Out Record,NATIVE,Deliver,Site|Location|Work Package,F27|F26,F27.06|F26.05,Measurement / Set-Out Record,Field/Mobile composition,drawings|dimensions|survey/control,Material / execution,"Measured values, location and attribution",candidate-revalidation
JOB-FLOOR,Carpet Fitter and Floor Layer,14,Building Trades,,gap-no-direct-job-profile,WP-FLOOR-004,Flooring Material / Tool / Plant Usage,NATIVE,Deliver,Work Package|Material|Asset|Shift,F10|F22|F27,F10.05|F22.06|F27.06,Consumption / Usage Record,Field/Mobile composition,issued materials|tools|plant|task,Cost / stock / asset history,"Item identity, quantity, time and task",candidate-revalidation
JOB-FLOOR,Carpet Fitter and Floor Layer,14,Building Trades,,gap-no-direct-job-profile,WP-FLOOR-005,Flooring Execution / Progress Record,NATIVE,Deliver,Work Package|Activity|Location|Shift,F27,F27.06,Progress / Execution Record,Field/Mobile composition,task|labour|materials,Project progress / valuation,"Quantity, location, time and photo evidence",candidate-revalidation
JOB-FLOOR,Carpet Fitter and Floor Layer,14,Building Trades,,gap-no-direct-job-profile,WP-FLOOR-006,Flooring Quality Inspection / Check,NATIVE,Deliver,Work Package|Location,F13,F13.04,Inspection / Quality Check,Field/Mobile composition,criteria|completed work|drawing/specification,Acceptance / defect,"Criteria, result, photos and inspector",candidate-revalidation
JOB-FLOOR,Carpet Fitter and Floor Layer,14,Building Trades,,gap-no-direct-job-profile,WP-FLOOR-007,Flooring Defect / Rework Record,NATIVE,Deliver,Work Package|Location|Finding,F13,F13.05,Defect / NCR,Case Workspace,inspection|site observation|requirement,Rework / verification,"Evidence, responsibility, disposition and closure",candidate-revalidation
JOB-FLOOR,Carpet Fitter and Floor Layer,14,Building Trades,,gap-no-direct-job-profile,WP-FLOOR-008,Flooring Completion / Handover Record,NATIVE,Deliver,Work Package|Location|Project,F13|F27,F13.08|F27.08,Completion / Handover Record,Field/Mobile composition,accepted work|open items|evidence,Next trade / client / project closeout,"Completion, acceptance and retained evidence",candidate-revalidation
JOB-CEIL,Ceiling Fixer,17,Building Trades,,gap-no-direct-job-profile,WP-CEIL-001,Ceiling Work Instruction / Task Pack,NATIVE,Deliver,Project|Site|Work Package|Location,F27|F26,F27.06|F26.05,Work Package / Task Instruction,Field/Mobile composition,approved scope|drawings|method|location,Execution,"Exact task, location, revision and assignee",candidate-revalidation
JOB-CEIL,Ceiling Fixer,17,Building Trades,,gap-no-direct-job-profile,WP-CEIL-002,Ceiling Pre-Start / Control Check,NATIVE,Deliver,Site|Work Package|Person,F23|F27,F23.02|F27.06,Pre-Start / Control Record,Field/Mobile composition,task|RAMS|permit|competence,Authorised start,"Acknowledgement, time and exceptions",candidate-revalidation
JOB-CEIL,Ceiling Fixer,17,Building Trades,,gap-no-direct-job-profile,WP-CEIL-003,Ceiling Measurement / Set-Out Record,NATIVE,Deliver,Site|Location|Work Package,F27|F26,F27.06|F26.05,Measurement / Set-Out Record,Field/Mobile composition,drawings|dimensions|survey/control,Material / execution,"Measured values, location and attribution",candidate-revalidation
JOB-CEIL,Ceiling Fixer,17,Building Trades,,gap-no-direct-job-profile,WP-CEIL-004,Ceiling Material / Tool / Plant Usage,NATIVE,Deliver,Work Package|Material|Asset|Shift,F10|F22|F27,F10.05|F22.06|F27.06,Consumption / Usage Record,Field/Mobile composition,issued materials|tools|plant|task,Cost / stock / asset history,"Item identity, quantity, time and task",candidate-revalidation
JOB-CEIL,Ceiling Fixer,17,Building Trades,,gap-no-direct-job-profile,WP-CEIL-005,Ceiling Execution / Progress Record,NATIVE,Deliver,Work Package|Activity|Location|Shift,F27,F27.06,Progress / Execution Record,Field/Mobile composition,task|labour|materials,Project progress / valuation,"Quantity, location, time and photo evidence",candidate-revalidation
JOB-CEIL,Ceiling Fixer,17,Building Trades,,gap-no-direct-job-profile,WP-CEIL-006,Ceiling Quality Inspection / Check,NATIVE,Deliver,Work Package|Location,F13,F13.04,Inspection / Quality Check,Field/Mobile composition,criteria|completed work|drawing/specification,Acceptance / defect,"Criteria, result, photos and inspector",candidate-revalidation
JOB-CEIL,Ceiling Fixer,17,Building Trades,,gap-no-direct-job-profile,WP-CEIL-007,Ceiling Defect / Rework Record,NATIVE,Deliver,Work Package|Location|Finding,F13,F13.05,Defect / NCR,Case Workspace,inspection|site observation|requirement,Rework / verification,"Evidence, responsibility, disposition and closure",candidate-revalidation
JOB-CEIL,Ceiling Fixer,17,Building Trades,,gap-no-direct-job-profile,WP-CEIL-008,Ceiling Completion / Handover Record,NATIVE,Deliver,Work Package|Location|Project,F13|F27,F13.08|F27.08,Completion / Handover Record,Field/Mobile composition,accepted work|open items|evidence,Next trade / client / project closeout,"Completion, acceptance and retained evidence",candidate-revalidation
JOB-DRY,Dryliner,31,Building Trades,,gap-no-direct-job-profile,WP-DRY-001,Drylining Work Instruction / Task Pack,NATIVE,Deliver,Project|Site|Work Package|Location,F27|F26,F27.06|F26.05,Work Package / Task Instruction,Field/Mobile composition,approved scope|drawings|method|location,Execution,"Exact task, location, revision and assignee",candidate-revalidation
JOB-DRY,Dryliner,31,Building Trades,,gap-no-direct-job-profile,WP-DRY-002,Drylining Pre-Start / Control Check,NATIVE,Deliver,Site|Work Package|Person,F23|F27,F23.02|F27.06,Pre-Start / Control Record,Field/Mobile composition,task|RAMS|permit|competence,Authorised start,"Acknowledgement, time and exceptions",candidate-revalidation
JOB-DRY,Dryliner,31,Building Trades,,gap-no-direct-job-profile,WP-DRY-003,Drylining Measurement / Set-Out Record,NATIVE,Deliver,Site|Location|Work Package,F27|F26,F27.06|F26.05,Measurement / Set-Out Record,Field/Mobile composition,drawings|dimensions|survey/control,Material / execution,"Measured values, location and attribution",candidate-revalidation
JOB-DRY,Dryliner,31,Building Trades,,gap-no-direct-job-profile,WP-DRY-004,Drylining Material / Tool / Plant Usage,NATIVE,Deliver,Work Package|Material|Asset|Shift,F10|F22|F27,F10.05|F22.06|F27.06,Consumption / Usage Record,Field/Mobile composition,issued materials|tools|plant|task,Cost / stock / asset history,"Item identity, quantity, time and task",candidate-revalidation
JOB-DRY,Dryliner,31,Building Trades,,gap-no-direct-job-profile,WP-DRY-005,Drylining Execution / Progress Record,NATIVE,Deliver,Work Package|Activity|Location|Shift,F27,F27.06,Progress / Execution Record,Field/Mobile composition,task|labour|materials,Project progress / valuation,"Quantity, location, time and photo evidence",candidate-revalidation
JOB-DRY,Dryliner,31,Building Trades,,gap-no-direct-job-profile,WP-DRY-006,Drylining Quality Inspection / Check,NATIVE,Deliver,Work Package|Location,F13,F13.04,Inspection / Quality Check,Field/Mobile composition,criteria|completed work|drawing/specification,Acceptance / defect,"Criteria, result, photos and inspector",candidate-revalidation
JOB-DRY,Dryliner,31,Building Trades,,gap-no-direct-job-profile,WP-DRY-007,Drylining Defect / Rework Record,NATIVE,Deliver,Work Package|Location|Finding,F13,F13.05,Defect / NCR,Case Workspace,inspection|site observation|requirement,Rework / verification,"Evidence, responsibility, disposition and closure",candidate-revalidation
JOB-DRY,Dryliner,31,Building Trades,,gap-no-direct-job-profile,WP-DRY-008,Drylining Completion / Handover Record,NATIVE,Deliver,Work Package|Location|Project,F13|F27,F13.08|F27.08,Completion / Handover Record,Field/Mobile composition,accepted work|open items|evidence,Next trade / client / project closeout,"Completion, acceptance and retained evidence",candidate-revalidation
JOB-FENCE,Fence Installer,36,Building Trades,,gap-no-direct-job-profile,WP-FENCE-001,Fencing Work Instruction / Task Pack,NATIVE,Deliver,Project|Site|Work Package|Location,F27|F26,F27.06|F26.05,Work Package / Task Instruction,Field/Mobile composition,approved scope|drawings|method|location,Execution,"Exact task, location, revision and assignee",candidate-revalidation
JOB-FENCE,Fence Installer,36,Building Trades,,gap-no-direct-job-profile,WP-FENCE-002,Fencing Pre-Start / Control Check,NATIVE,Deliver,Site|Work Package|Person,F23|F27,F23.02|F27.06,Pre-Start / Control Record,Field/Mobile composition,task|RAMS|permit|competence,Authorised start,"Acknowledgement, time and exceptions",candidate-revalidation
JOB-FENCE,Fence Installer,36,Building Trades,,gap-no-direct-job-profile,WP-FENCE-003,Fencing Measurement / Set-Out Record,NATIVE,Deliver,Site|Location|Work Package,F27|F26,F27.06|F26.05,Measurement / Set-Out Record,Field/Mobile composition,drawings|dimensions|survey/control,Material / execution,"Measured values, location and attribution",candidate-revalidation
JOB-FENCE,Fence Installer,36,Building Trades,,gap-no-direct-job-profile,WP-FENCE-004,Fencing Material / Tool / Plant Usage,NATIVE,Deliver,Work Package|Material|Asset|Shift,F10|F22|F27,F10.05|F22.06|F27.06,Consumption / Usage Record,Field/Mobile composition,issued materials|tools|plant|task,Cost / stock / asset history,"Item identity, quantity, time and task",candidate-revalidation
JOB-FENCE,Fence Installer,36,Building Trades,,gap-no-direct-job-profile,WP-FENCE-005,Fencing Execution / Progress Record,NATIVE,Deliver,Work Package|Activity|Location|Shift,F27,F27.06,Progress / Execution Record,Field/Mobile composition,task|labour|materials,Project progress / valuation,"Quantity, location, time and photo evidence",candidate-revalidation
JOB-FENCE,Fence Installer,36,Building Trades,,gap-no-direct-job-profile,WP-FENCE-006,Fencing Quality Inspection / Check,NATIVE,Deliver,Work Package|Location,F13,F13.04,Inspection / Quality Check,Field/Mobile composition,criteria|completed work|drawing/specification,Acceptance / defect,"Criteria, result, photos and inspector",candidate-revalidation
JOB-FENCE,Fence Installer,36,Building Trades,,gap-no-direct-job-profile,WP-FENCE-007,Fencing Defect / Rework Record,NATIVE,Deliver,Work Package|Location|Finding,F13,F13.05,Defect / NCR,Case Workspace,inspection|site observation|requirement,Rework / verification,"Evidence, responsibility, disposition and closure",candidate-revalidation
JOB-FENCE,Fence Installer,36,Building Trades,,gap-no-direct-job-profile,WP-FENCE-008,Fencing Completion / Handover Record,NATIVE,Deliver,Work Package|Location|Project,F13|F27,F13.08|F27.08,Completion / Handover Record,Field/Mobile composition,accepted work|open items|evidence,Next trade / client / project closeout,"Completion, acceptance and retained evidence",candidate-revalidation
JOB-FORM,Formworker,38,Building Trades,,gap-no-direct-job-profile,WP-FORM-001,Formwork Work Instruction / Task Pack,NATIVE,Deliver,Project|Site|Work Package|Location,F27|F26,F27.06|F26.05,Work Package / Task Instruction,Field/Mobile composition,approved scope|drawings|method|location,Execution,"Exact task, location, revision and assignee",candidate-revalidation
JOB-FORM,Formworker,38,Building Trades,,gap-no-direct-job-profile,WP-FORM-002,Formwork Pre-Start / Control Check,NATIVE,Deliver,Site|Work Package|Person,F23|F27,F23.02|F27.06,Pre-Start / Control Record,Field/Mobile composition,task|RAMS|permit|competence,Authorised start,"Acknowledgement, time and exceptions",candidate-revalidation
JOB-FORM,Formworker,38,Building Trades,,gap-no-direct-job-profile,WP-FORM-003,Formwork Measurement / Set-Out Record,NATIVE,Deliver,Site|Location|Work Package,F27|F26,F27.06|F26.05,Measurement / Set-Out Record,Field/Mobile composition,drawings|dimensions|survey/control,Material / execution,"Measured values, location and attribution",candidate-revalidation
JOB-FORM,Formworker,38,Building Trades,,gap-no-direct-job-profile,WP-FORM-004,Formwork Material / Tool / Plant Usage,NATIVE,Deliver,Work Package|Material|Asset|Shift,F10|F22|F27,F10.05|F22.06|F27.06,Consumption / Usage Record,Field/Mobile composition,issued materials|tools|plant|task,Cost / stock / asset history,"Item identity, quantity, time and task",candidate-revalidation
JOB-FORM,Formworker,38,Building Trades,,gap-no-direct-job-profile,WP-FORM-005,Formwork Execution / Progress Record,NATIVE,Deliver,Work Package|Activity|Location|Shift,F27,F27.06,Progress / Execution Record,Field/Mobile composition,task|labour|materials,Project progress / valuation,"Quantity, location, time and photo evidence",candidate-revalidation
JOB-FORM,Formworker,38,Building Trades,,gap-no-direct-job-profile,WP-FORM-006,Formwork Quality Inspection / Check,NATIVE,Deliver,Work Package|Location,F13,F13.04,Inspection / Quality Check,Field/Mobile composition,criteria|completed work|drawing/specification,Acceptance / defect,"Criteria, result, photos and inspector",candidate-revalidation
JOB-FORM,Formworker,38,Building Trades,,gap-no-direct-job-profile,WP-FORM-007,Formwork Defect / Rework Record,NATIVE,Deliver,Work Package|Location|Finding,F13,F13.05,Defect / NCR,Case Workspace,inspection|site observation|requirement,Rework / verification,"Evidence, responsibility, disposition and closure",candidate-revalidation
JOB-FORM,Formworker,38,Building Trades,,gap-no-direct-job-profile,WP-FORM-008,Formwork Completion / Handover Record,NATIVE,Deliver,Work Package|Location|Project,F13|F27,F13.08|F27.08,Completion / Handover Record,Field/Mobile composition,accepted work|open items|evidence,Next trade / client / project closeout,"Completion, acceptance and retained evidence",candidate-revalidation
JOB-GLAZ,Glazier,44,Building Trades,,gap-no-direct-job-profile,WP-GLAZ-001,Glazing Work Instruction / Task Pack,NATIVE,Deliver,Project|Site|Work Package|Location,F27|F26,F27.06|F26.05,Work Package / Task Instruction,Field/Mobile composition,approved scope|drawings|method|location,Execution,"Exact task, location, revision and assignee",candidate-revalidation
JOB-GLAZ,Glazier,44,Building Trades,,gap-no-direct-job-profile,WP-GLAZ-002,Glazing Pre-Start / Control Check,NATIVE,Deliver,Site|Work Package|Person,F23|F27,F23.02|F27.06,Pre-Start / Control Record,Field/Mobile composition,task|RAMS|permit|competence,Authorised start,"Acknowledgement, time and exceptions",candidate-revalidation
JOB-GLAZ,Glazier,44,Building Trades,,gap-no-direct-job-profile,WP-GLAZ-003,Glazing Measurement / Set-Out Record,NATIVE,Deliver,Site|Location|Work Package,F27|F26,F27.06|F26.05,Measurement / Set-Out Record,Field/Mobile composition,drawings|dimensions|survey/control,Material / execution,"Measured values, location and attribution",candidate-revalidation
JOB-GLAZ,Glazier,44,Building Trades,,gap-no-direct-job-profile,WP-GLAZ-004,Glazing Material / Tool / Plant Usage,NATIVE,Deliver,Work Package|Material|Asset|Shift,F10|F22|F27,F10.05|F22.06|F27.06,Consumption / Usage Record,Field/Mobile composition,issued materials|tools|plant|task,Cost / stock / asset history,"Item identity, quantity, time and task",candidate-revalidation
JOB-GLAZ,Glazier,44,Building Trades,,gap-no-direct-job-profile,WP-GLAZ-005,Glazing Execution / Progress Record,NATIVE,Deliver,Work Package|Activity|Location|Shift,F27,F27.06,Progress / Execution Record,Field/Mobile composition,task|labour|materials,Project progress / valuation,"Quantity, location, time and photo evidence",candidate-revalidation
JOB-GLAZ,Glazier,44,Building Trades,,gap-no-direct-job-profile,WP-GLAZ-006,Glazing Quality Inspection / Check,NATIVE,Deliver,Work Package|Location,F13,F13.04,Inspection / Quality Check,Field/Mobile composition,criteria|completed work|drawing/specification,Acceptance / defect,"Criteria, result, photos and inspector",candidate-revalidation
JOB-GLAZ,Glazier,44,Building Trades,,gap-no-direct-job-profile,WP-GLAZ-007,Glazing Defect / Rework Record,NATIVE,Deliver,Work Package|Location|Finding,F13,F13.05,Defect / NCR,Case Workspace,inspection|site observation|requirement,Rework / verification,"Evidence, responsibility, disposition and closure",candidate-revalidation
JOB-GLAZ,Glazier,44,Building Trades,,gap-no-direct-job-profile,WP-GLAZ-008,Glazing Completion / Handover Record,NATIVE,Deliver,Work Package|Location|Project,F13|F27,F13.08|F27.08,Completion / Handover Record,Field/Mobile composition,accepted work|open items|evidence,Next trade / client / project closeout,"Completion, acceptance and retained evidence",candidate-revalidation
JOB-KBFIT,Kitchen and Bathroom Fitter,49,Building Trades,,gap-no-direct-job-profile,WP-KBFIT-001,Kitchen / Bathroom Fit-Out Work Instruction / Task Pack,NATIVE,Deliver,Project|Site|Work Package|Location,F27|F26,F27.06|F26.05,Work Package / Task Instruction,Field/Mobile composition,approved scope|drawings|method|location,Execution,"Exact task, location, revision and assignee",candidate-revalidation
JOB-KBFIT,Kitchen and Bathroom Fitter,49,Building Trades,,gap-no-direct-job-profile,WP-KBFIT-002,Kitchen / Bathroom Fit-Out Pre-Start / Control Check,NATIVE,Deliver,Site|Work Package|Person,F23|F27,F23.02|F27.06,Pre-Start / Control Record,Field/Mobile composition,task|RAMS|permit|competence,Authorised start,"Acknowledgement, time and exceptions",candidate-revalidation
JOB-KBFIT,Kitchen and Bathroom Fitter,49,Building Trades,,gap-no-direct-job-profile,WP-KBFIT-003,Kitchen / Bathroom Fit-Out Measurement / Set-Out Record,NATIVE,Deliver,Site|Location|Work Package,F27|F26,F27.06|F26.05,Measurement / Set-Out Record,Field/Mobile composition,drawings|dimensions|survey/control,Material / execution,"Measured values, location and attribution",candidate-revalidation
JOB-KBFIT,Kitchen and Bathroom Fitter,49,Building Trades,,gap-no-direct-job-profile,WP-KBFIT-004,Kitchen / Bathroom Fit-Out Material / Tool / Plant Usage,NATIVE,Deliver,Work Package|Material|Asset|Shift,F10|F22|F27,F10.05|F22.06|F27.06,Consumption / Usage Record,Field/Mobile composition,issued materials|tools|plant|task,Cost / stock / asset history,"Item identity, quantity, time and task",candidate-revalidation
JOB-KBFIT,Kitchen and Bathroom Fitter,49,Building Trades,,gap-no-direct-job-profile,WP-KBFIT-005,Kitchen / Bathroom Fit-Out Execution / Progress Record,NATIVE,Deliver,Work Package|Activity|Location|Shift,F27,F27.06,Progress / Execution Record,Field/Mobile composition,task|labour|materials,Project progress / valuation,"Quantity, location, time and photo evidence",candidate-revalidation
JOB-KBFIT,Kitchen and Bathroom Fitter,49,Building Trades,,gap-no-direct-job-profile,WP-KBFIT-006,Kitchen / Bathroom Fit-Out Quality Inspection / Check,NATIVE,Deliver,Work Package|Location,F13,F13.04,Inspection / Quality Check,Field/Mobile composition,criteria|completed work|drawing/specification,Acceptance / defect,"Criteria, result, photos and inspector",candidate-revalidation
JOB-KBFIT,Kitchen and Bathroom Fitter,49,Building Trades,,gap-no-direct-job-profile,WP-KBFIT-007,Kitchen / Bathroom Fit-Out Defect / Rework Record,NATIVE,Deliver,Work Package|Location|Finding,F13,F13.05,Defect / NCR,Case Workspace,inspection|site observation|requirement,Rework / verification,"Evidence, responsibility, disposition and closure",candidate-revalidation
JOB-KBFIT,Kitchen and Bathroom Fitter,49,Building Trades,,gap-no-direct-job-profile,WP-KBFIT-008,Kitchen / Bathroom Fit-Out Completion / Handover Record,NATIVE,Deliver,Work Package|Location|Project,F13|F27,F13.08|F27.08,Completion / Handover Record,Field/Mobile composition,accepted work|open items|evidence,Next trade / client / project closeout,"Completion, acceptance and retained evidence",candidate-revalidation
JOB-PAINT,Painter and Decorator,55,Building Trades,,gap-no-direct-job-profile,WP-PAINT-001,Decoration Work Instruction / Task Pack,NATIVE,Deliver,Project|Site|Work Package|Location,F27|F26,F27.06|F26.05,Work Package / Task Instruction,Field/Mobile composition,approved scope|drawings|method|location,Execution,"Exact task, location, revision and assignee",candidate-revalidation
JOB-PAINT,Painter and Decorator,55,Building Trades,,gap-no-direct-job-profile,WP-PAINT-002,Decoration Pre-Start / Control Check,NATIVE,Deliver,Site|Work Package|Person,F23|F27,F23.02|F27.06,Pre-Start / Control Record,Field/Mobile composition,task|RAMS|permit|competence,Authorised start,"Acknowledgement, time and exceptions",candidate-revalidation
JOB-PAINT,Painter and Decorator,55,Building Trades,,gap-no-direct-job-profile,WP-PAINT-003,Decoration Measurement / Set-Out Record,NATIVE,Deliver,Site|Location|Work Package,F27|F26,F27.06|F26.05,Measurement / Set-Out Record,Field/Mobile composition,drawings|dimensions|survey/control,Material / execution,"Measured values, location and attribution",candidate-revalidation
JOB-PAINT,Painter and Decorator,55,Building Trades,,gap-no-direct-job-profile,WP-PAINT-004,Decoration Material / Tool / Plant Usage,NATIVE,Deliver,Work Package|Material|Asset|Shift,F10|F22|F27,F10.05|F22.06|F27.06,Consumption / Usage Record,Field/Mobile composition,issued materials|tools|plant|task,Cost / stock / asset history,"Item identity, quantity, time and task",candidate-revalidation
JOB-PAINT,Painter and Decorator,55,Building Trades,,gap-no-direct-job-profile,WP-PAINT-005,Decoration Execution / Progress Record,NATIVE,Deliver,Work Package|Activity|Location|Shift,F27,F27.06,Progress / Execution Record,Field/Mobile composition,task|labour|materials,Project progress / valuation,"Quantity, location, time and photo evidence",candidate-revalidation
JOB-PAINT,Painter and Decorator,55,Building Trades,,gap-no-direct-job-profile,WP-PAINT-006,Decoration Quality Inspection / Check,NATIVE,Deliver,Work Package|Location,F13,F13.04,Inspection / Quality Check,Field/Mobile composition,criteria|completed work|drawing/specification,Acceptance / defect,"Criteria, result, photos and inspector",candidate-revalidation
JOB-PAINT,Painter and Decorator,55,Building Trades,,gap-no-direct-job-profile,WP-PAINT-007,Decoration Defect / Rework Record,NATIVE,Deliver,Work Package|Location|Finding,F13,F13.05,Defect / NCR,Case Workspace,inspection|site observation|requirement,Rework / verification,"Evidence, responsibility, disposition and closure",candidate-revalidation
JOB-PAINT,Painter and Decorator,55,Building Trades,,gap-no-direct-job-profile,WP-PAINT-008,Decoration Completion / Handover Record,NATIVE,Deliver,Work Package|Location|Project,F13|F27,F13.08|F27.08,Completion / Handover Record,Field/Mobile composition,accepted work|open items|evidence,Next trade / client / project closeout,"Completion, acceptance and retained evidence",candidate-revalidation
JOB-PLAST,Plasterer,58,Building Trades,,gap-no-direct-job-profile,WP-PLAST-001,Plastering Work Instruction / Task Pack,NATIVE,Deliver,Project|Site|Work Package|Location,F27|F26,F27.06|F26.05,Work Package / Task Instruction,Field/Mobile composition,approved scope|drawings|method|location,Execution,"Exact task, location, revision and assignee",candidate-revalidation
JOB-PLAST,Plasterer,58,Building Trades,,gap-no-direct-job-profile,WP-PLAST-002,Plastering Pre-Start / Control Check,NATIVE,Deliver,Site|Work Package|Person,F23|F27,F23.02|F27.06,Pre-Start / Control Record,Field/Mobile composition,task|RAMS|permit|competence,Authorised start,"Acknowledgement, time and exceptions",candidate-revalidation
JOB-PLAST,Plasterer,58,Building Trades,,gap-no-direct-job-profile,WP-PLAST-003,Plastering Measurement / Set-Out Record,NATIVE,Deliver,Site|Location|Work Package,F27|F26,F27.06|F26.05,Measurement / Set-Out Record,Field/Mobile composition,drawings|dimensions|survey/control,Material / execution,"Measured values, location and attribution",candidate-revalidation
JOB-PLAST,Plasterer,58,Building Trades,,gap-no-direct-job-profile,WP-PLAST-004,Plastering Material / Tool / Plant Usage,NATIVE,Deliver,Work Package|Material|Asset|Shift,F10|F22|F27,F10.05|F22.06|F27.06,Consumption / Usage Record,Field/Mobile composition,issued materials|tools|plant|task,Cost / stock / asset history,"Item identity, quantity, time and task",candidate-revalidation
JOB-PLAST,Plasterer,58,Building Trades,,gap-no-direct-job-profile,WP-PLAST-005,Plastering Execution / Progress Record,NATIVE,Deliver,Work Package|Activity|Location|Shift,F27,F27.06,Progress / Execution Record,Field/Mobile composition,task|labour|materials,Project progress / valuation,"Quantity, location, time and photo evidence",candidate-revalidation
JOB-PLAST,Plasterer,58,Building Trades,,gap-no-direct-job-profile,WP-PLAST-006,Plastering Quality Inspection / Check,NATIVE,Deliver,Work Package|Location,F13,F13.04,Inspection / Quality Check,Field/Mobile composition,criteria|completed work|drawing/specification,Acceptance / defect,"Criteria, result, photos and inspector",candidate-revalidation
JOB-PLAST,Plasterer,58,Building Trades,,gap-no-direct-job-profile,WP-PLAST-007,Plastering Defect / Rework Record,NATIVE,Deliver,Work Package|Location|Finding,F13,F13.05,Defect / NCR,Case Workspace,inspection|site observation|requirement,Rework / verification,"Evidence, responsibility, disposition and closure",candidate-revalidation
JOB-PLAST,Plasterer,58,Building Trades,,gap-no-direct-job-profile,WP-PLAST-008,Plastering Completion / Handover Record,NATIVE,Deliver,Work Package|Location|Project,F13|F27,F13.08|F27.08,Completion / Handover Record,Field/Mobile composition,accepted work|open items|evidence,Next trade / client / project closeout,"Completion, acceptance and retained evidence",candidate-revalidation
JOB-ROOF,Roofer,65,Building Trades,,gap-no-direct-job-profile,WP-ROOF-001,Roofing Work Instruction / Task Pack,NATIVE,Deliver,Project|Site|Work Package|Location,F27|F26,F27.06|F26.05,Work Package / Task Instruction,Field/Mobile composition,approved scope|drawings|method|location,Execution,"Exact task, location, revision and assignee",candidate-revalidation
JOB-ROOF,Roofer,65,Building Trades,,gap-no-direct-job-profile,WP-ROOF-002,Roofing Pre-Start / Control Check,NATIVE,Deliver,Site|Work Package|Person,F23|F27,F23.02|F27.06,Pre-Start / Control Record,Field/Mobile composition,task|RAMS|permit|competence,Authorised start,"Acknowledgement, time and exceptions",candidate-revalidation
JOB-ROOF,Roofer,65,Building Trades,,gap-no-direct-job-profile,WP-ROOF-003,Roofing Measurement / Set-Out Record,NATIVE,Deliver,Site|Location|Work Package,F27|F26,F27.06|F26.05,Measurement / Set-Out Record,Field/Mobile composition,drawings|dimensions|survey/control,Material / execution,"Measured values, location and attribution",candidate-revalidation
JOB-ROOF,Roofer,65,Building Trades,,gap-no-direct-job-profile,WP-ROOF-004,Roofing Material / Tool / Plant Usage,NATIVE,Deliver,Work Package|Material|Asset|Shift,F10|F22|F27,F10.05|F22.06|F27.06,Consumption / Usage Record,Field/Mobile composition,issued materials|tools|plant|task,Cost / stock / asset history,"Item identity, quantity, time and task",candidate-revalidation
JOB-ROOF,Roofer,65,Building Trades,,gap-no-direct-job-profile,WP-ROOF-005,Roofing Execution / Progress Record,NATIVE,Deliver,Work Package|Activity|Location|Shift,F27,F27.06,Progress / Execution Record,Field/Mobile composition,task|labour|materials,Project progress / valuation,"Quantity, location, time and photo evidence",candidate-revalidation
JOB-ROOF,Roofer,65,Building Trades,,gap-no-direct-job-profile,WP-ROOF-006,Roofing Quality Inspection / Check,NATIVE,Deliver,Work Package|Location,F13,F13.04,Inspection / Quality Check,Field/Mobile composition,criteria|completed work|drawing/specification,Acceptance / defect,"Criteria, result, photos and inspector",candidate-revalidation
JOB-ROOF,Roofer,65,Building Trades,,gap-no-direct-job-profile,WP-ROOF-007,Roofing Defect / Rework Record,NATIVE,Deliver,Work Package|Location|Finding,F13,F13.05,Defect / NCR,Case Workspace,inspection|site observation|requirement,Rework / verification,"Evidence, responsibility, disposition and closure",candidate-revalidation
JOB-ROOF,Roofer,65,Building Trades,,gap-no-direct-job-profile,WP-ROOF-008,Roofing Completion / Handover Record,NATIVE,Deliver,Work Package|Location|Project,F13|F27,F13.08|F27.08,Completion / Handover Record,Field/Mobile composition,accepted work|open items|evidence,Next trade / client / project closeout,"Completion, acceptance and retained evidence",candidate-revalidation
JOB-SHOP,Shopfitter,69,Building Trades,,gap-no-direct-job-profile,WP-SHOP-001,Shopfitting Work Instruction / Task Pack,NATIVE,Deliver,Project|Site|Work Package|Location,F27|F26,F27.06|F26.05,Work Package / Task Instruction,Field/Mobile composition,approved scope|drawings|method|location,Execution,"Exact task, location, revision and assignee",candidate-revalidation
JOB-SHOP,Shopfitter,69,Building Trades,,gap-no-direct-job-profile,WP-SHOP-002,Shopfitting Pre-Start / Control Check,NATIVE,Deliver,Site|Work Package|Person,F23|F27,F23.02|F27.06,Pre-Start / Control Record,Field/Mobile composition,task|RAMS|permit|competence,Authorised start,"Acknowledgement, time and exceptions",candidate-revalidation
JOB-SHOP,Shopfitter,69,Building Trades,,gap-no-direct-job-profile,WP-SHOP-003,Shopfitting Measurement / Set-Out Record,NATIVE,Deliver,Site|Location|Work Package,F27|F26,F27.06|F26.05,Measurement / Set-Out Record,Field/Mobile composition,drawings|dimensions|survey/control,Material / execution,"Measured values, location and attribution",candidate-revalidation
JOB-SHOP,Shopfitter,69,Building Trades,,gap-no-direct-job-profile,WP-SHOP-004,Shopfitting Material / Tool / Plant Usage,NATIVE,Deliver,Work Package|Material|Asset|Shift,F10|F22|F27,F10.05|F22.06|F27.06,Consumption / Usage Record,Field/Mobile composition,issued materials|tools|plant|task,Cost / stock / asset history,"Item identity, quantity, time and task",candidate-revalidation
JOB-SHOP,Shopfitter,69,Building Trades,,gap-no-direct-job-profile,WP-SHOP-005,Shopfitting Execution / Progress Record,NATIVE,Deliver,Work Package|Activity|Location|Shift,F27,F27.06,Progress / Execution Record,Field/Mobile composition,task|labour|materials,Project progress / valuation,"Quantity, location, time and photo evidence",candidate-revalidation
JOB-SHOP,Shopfitter,69,Building Trades,,gap-no-direct-job-profile,WP-SHOP-006,Shopfitting Quality Inspection / Check,NATIVE,Deliver,Work Package|Location,F13,F13.04,Inspection / Quality Check,Field/Mobile composition,criteria|completed work|drawing/specification,Acceptance / defect,"Criteria, result, photos and inspector",candidate-revalidation
JOB-SHOP,Shopfitter,69,Building Trades,,gap-no-direct-job-profile,WP-SHOP-007,Shopfitting Defect / Rework Record,NATIVE,Deliver,Work Package|Location|Finding,F13,F13.05,Defect / NCR,Case Workspace,inspection|site observation|requirement,Rework / verification,"Evidence, responsibility, disposition and closure",candidate-revalidation
JOB-SHOP,Shopfitter,69,Building Trades,,gap-no-direct-job-profile,WP-SHOP-008,Shopfitting Completion / Handover Record,NATIVE,Deliver,Work Package|Location|Project,F13|F27,F13.08|F27.08,Completion / Handover Record,Field/Mobile composition,accepted work|open items|evidence,Next trade / client / project closeout,"Completion, acceptance and retained evidence",candidate-revalidation
JOB-STEELERECT,Steel Erector,71,Building Trades,,gap-no-direct-job-profile,WP-STEELERECT-001,Steel Erection Work Instruction / Task Pack,NATIVE,Deliver,Project|Site|Work Package|Location,F27|F26,F27.06|F26.05,Work Package / Task Instruction,Field/Mobile composition,approved scope|drawings|method|location,Execution,"Exact task, location, revision and assignee",candidate-revalidation
JOB-STEELERECT,Steel Erector,71,Building Trades,,gap-no-direct-job-profile,WP-STEELERECT-002,Steel Erection Pre-Start / Control Check,NATIVE,Deliver,Site|Work Package|Person,F23|F27,F23.02|F27.06,Pre-Start / Control Record,Field/Mobile composition,task|RAMS|permit|competence,Authorised start,"Acknowledgement, time and exceptions",candidate-revalidation
JOB-STEELERECT,Steel Erector,71,Building Trades,,gap-no-direct-job-profile,WP-STEELERECT-003,Steel Erection Measurement / Set-Out Record,NATIVE,Deliver,Site|Location|Work Package,F27|F26,F27.06|F26.05,Measurement / Set-Out Record,Field/Mobile composition,drawings|dimensions|survey/control,Material / execution,"Measured values, location and attribution",candidate-revalidation
JOB-STEELERECT,Steel Erector,71,Building Trades,,gap-no-direct-job-profile,WP-STEELERECT-004,Steel Erection Material / Tool / Plant Usage,NATIVE,Deliver,Work Package|Material|Asset|Shift,F10|F22|F27,F10.05|F22.06|F27.06,Consumption / Usage Record,Field/Mobile composition,issued materials|tools|plant|task,Cost / stock / asset history,"Item identity, quantity, time and task",candidate-revalidation
JOB-STEELERECT,Steel Erector,71,Building Trades,,gap-no-direct-job-profile,WP-STEELERECT-005,Steel Erection Execution / Progress Record,NATIVE,Deliver,Work Package|Activity|Location|Shift,F27,F27.06,Progress / Execution Record,Field/Mobile composition,task|labour|materials,Project progress / valuation,"Quantity, location, time and photo evidence",candidate-revalidation
JOB-STEELERECT,Steel Erector,71,Building Trades,,gap-no-direct-job-profile,WP-STEELERECT-006,Steel Erection Quality Inspection / Check,NATIVE,Deliver,Work Package|Location,F13,F13.04,Inspection / Quality Check,Field/Mobile composition,criteria|completed work|drawing/specification,Acceptance / defect,"Criteria, result, photos and inspector",candidate-revalidation
JOB-STEELERECT,Steel Erector,71,Building Trades,,gap-no-direct-job-profile,WP-STEELERECT-007,Steel Erection Defect / Rework Record,NATIVE,Deliver,Work Package|Location|Finding,F13,F13.05,Defect / NCR,Case Workspace,inspection|site observation|requirement,Rework / verification,"Evidence, responsibility, disposition and closure",candidate-revalidation
JOB-STEELERECT,Steel Erector,71,Building Trades,,gap-no-direct-job-profile,WP-STEELERECT-008,Steel Erection Completion / Handover Record,NATIVE,Deliver,Work Package|Location|Project,F13|F27,F13.08|F27.08,Completion / Handover Record,Field/Mobile composition,accepted work|open items|evidence,Next trade / client / project closeout,"Completion, acceptance and retained evidence",candidate-revalidation
JOB-STEELFIX,Steel Fixer,72,Building Trades,,gap-no-direct-job-profile,WP-STEELFIX-001,Reinforcement Work Instruction / Task Pack,NATIVE,Deliver,Project|Site|Work Package|Location,F27|F26,F27.06|F26.05,Work Package / Task Instruction,Field/Mobile composition,approved scope|drawings|method|location,Execution,"Exact task, location, revision and assignee",candidate-revalidation
JOB-STEELFIX,Steel Fixer,72,Building Trades,,gap-no-direct-job-profile,WP-STEELFIX-002,Reinforcement Pre-Start / Control Check,NATIVE,Deliver,Site|Work Package|Person,F23|F27,F23.02|F27.06,Pre-Start / Control Record,Field/Mobile composition,task|RAMS|permit|competence,Authorised start,"Acknowledgement, time and exceptions",candidate-revalidation
JOB-STEELFIX,Steel Fixer,72,Building Trades,,gap-no-direct-job-profile,WP-STEELFIX-003,Reinforcement Measurement / Set-Out Record,NATIVE,Deliver,Site|Location|Work Package,F27|F26,F27.06|F26.05,Measurement / Set-Out Record,Field/Mobile composition,drawings|dimensions|survey/control,Material / execution,"Measured values, location and attribution",candidate-revalidation
JOB-STEELFIX,Steel Fixer,72,Building Trades,,gap-no-direct-job-profile,WP-STEELFIX-004,Reinforcement Material / Tool / Plant Usage,NATIVE,Deliver,Work Package|Material|Asset|Shift,F10|F22|F27,F10.05|F22.06|F27.06,Consumption / Usage Record,Field/Mobile composition,issued materials|tools|plant|task,Cost / stock / asset history,"Item identity, quantity, time and task",candidate-revalidation
JOB-STEELFIX,Steel Fixer,72,Building Trades,,gap-no-direct-job-profile,WP-STEELFIX-005,Reinforcement Execution / Progress Record,NATIVE,Deliver,Work Package|Activity|Location|Shift,F27,F27.06,Progress / Execution Record,Field/Mobile composition,task|labour|materials,Project progress / valuation,"Quantity, location, time and photo evidence",candidate-revalidation
JOB-STEELFIX,Steel Fixer,72,Building Trades,,gap-no-direct-job-profile,WP-STEELFIX-006,Reinforcement Quality Inspection / Check,NATIVE,Deliver,Work Package|Location,F13,F13.04,Inspection / Quality Check,Field/Mobile composition,criteria|completed work|drawing/specification,Acceptance / defect,"Criteria, result, photos and inspector",candidate-revalidation
JOB-STEELFIX,Steel Fixer,72,Building Trades,,gap-no-direct-job-profile,WP-STEELFIX-007,Reinforcement Defect / Rework Record,NATIVE,Deliver,Work Package|Location|Finding,F13,F13.05,Defect / NCR,Case Workspace,inspection|site observation|requirement,Rework / verification,"Evidence, responsibility, disposition and closure",candidate-revalidation
JOB-STEELFIX,Steel Fixer,72,Building Trades,,gap-no-direct-job-profile,WP-STEELFIX-008,Reinforcement Completion / Handover Record,NATIVE,Deliver,Work Package|Location|Project,F13|F27,F13.08|F27.08,Completion / Handover Record,Field/Mobile composition,accepted work|open items|evidence,Next trade / client / project closeout,"Completion, acceptance and retained evidence",candidate-revalidation
JOB-TILE,Tiler,78,Building Trades,,gap-no-direct-job-profile,WP-TILE-001,Tiling Work Instruction / Task Pack,NATIVE,Deliver,Project|Site|Work Package|Location,F27|F26,F27.06|F26.05,Work Package / Task Instruction,Field/Mobile composition,approved scope|drawings|method|location,Execution,"Exact task, location, revision and assignee",candidate-revalidation
JOB-TILE,Tiler,78,Building Trades,,gap-no-direct-job-profile,WP-TILE-002,Tiling Pre-Start / Control Check,NATIVE,Deliver,Site|Work Package|Person,F23|F27,F23.02|F27.06,Pre-Start / Control Record,Field/Mobile composition,task|RAMS|permit|competence,Authorised start,"Acknowledgement, time and exceptions",candidate-revalidation
JOB-TILE,Tiler,78,Building Trades,,gap-no-direct-job-profile,WP-TILE-003,Tiling Measurement / Set-Out Record,NATIVE,Deliver,Site|Location|Work Package,F27|F26,F27.06|F26.05,Measurement / Set-Out Record,Field/Mobile composition,drawings|dimensions|survey/control,Material / execution,"Measured values, location and attribution",candidate-revalidation
JOB-TILE,Tiler,78,Building Trades,,gap-no-direct-job-profile,WP-TILE-004,Tiling Material / Tool / Plant Usage,NATIVE,Deliver,Work Package|Material|Asset|Shift,F10|F22|F27,F10.05|F22.06|F27.06,Consumption / Usage Record,Field/Mobile composition,issued materials|tools|plant|task,Cost / stock / asset history,"Item identity, quantity, time and task",candidate-revalidation
JOB-TILE,Tiler,78,Building Trades,,gap-no-direct-job-profile,WP-TILE-005,Tiling Execution / Progress Record,NATIVE,Deliver,Work Package|Activity|Location|Shift,F27,F27.06,Progress / Execution Record,Field/Mobile composition,task|labour|materials,Project progress / valuation,"Quantity, location, time and photo evidence",candidate-revalidation
JOB-TILE,Tiler,78,Building Trades,,gap-no-direct-job-profile,WP-TILE-006,Tiling Quality Inspection / Check,NATIVE,Deliver,Work Package|Location,F13,F13.04,Inspection / Quality Check,Field/Mobile composition,criteria|completed work|drawing/specification,Acceptance / defect,"Criteria, result, photos and inspector",candidate-revalidation
JOB-TILE,Tiler,78,Building Trades,,gap-no-direct-job-profile,WP-TILE-007,Tiling Defect / Rework Record,NATIVE,Deliver,Work Package|Location|Finding,F13,F13.05,Defect / NCR,Case Workspace,inspection|site observation|requirement,Rework / verification,"Evidence, responsibility, disposition and closure",candidate-revalidation
JOB-TILE,Tiler,78,Building Trades,,gap-no-direct-job-profile,WP-TILE-008,Tiling Completion / Handover Record,NATIVE,Deliver,Work Package|Location|Project,F13|F27,F13.08|F27.08,Completion / Handover Record,Field/Mobile composition,accepted work|open items|evidence,Next trade / client / project closeout,"Completion, acceptance and retained evidence",candidate-revalidation
JOB-CAV,Cavity Insulation Installer,16,Energy & Building Performance,,gap-no-direct-job-profile,WP-CAV-001,Cavity Insulation Survey / Diagnostic Record,NATIVE,Operate,Property|Site|System|Asset,F22|F27,F22.06|F27.06,Survey / Diagnostic Record,Field/Mobile composition,instruction|existing asset data|site condition,Scope / design / quote,"Measurements, condition, photos and technician",candidate-revalidation
JOB-CAV,Cavity Insulation Installer,16,Energy & Building Performance,,gap-no-direct-job-profile,WP-CAV-002,Cavity Insulation Quote / Work Scope,NATIVE,Operate,Party|Property|Work Order,F07|F22,F07.04|F22.08,Quotation / Work Scope,Object Workspace,survey|rates|materials|labour,Approval / work order,"Scope, assumptions, price and validity",candidate-revalidation
JOB-CAV,Cavity Insulation Installer,16,Energy & Building Performance,,gap-no-direct-job-profile,WP-CAV-003,Cavity Insulation Equipment / Component Schedule,NATIVE,Enterprise Data,System|Asset|Product|Location,F22|F10,F22.06|F10.05,Equipment / Component Schedule,Enterprise Grid,survey|design|catalogue,Procurement / installation,"Product identity, quantity and location",candidate-revalidation
JOB-CAV,Cavity Insulation Installer,16,Energy & Building Performance,,gap-no-direct-job-profile,WP-CAV-004,Cavity Insulation Work Order / Job Sheet,NATIVE,Operate,Work Order|Property|System|Person,F22,F22.08,Maintenance / Service Work Order,Field/Mobile composition,approved scope|asset|schedule,Execution,"Authorised task, assignee, dates and status",candidate-revalidation
JOB-CAV,Cavity Insulation Installer,16,Energy & Building Performance,,gap-no-direct-job-profile,WP-CAV-005,Cavity Insulation Installation / Service Record,NATIVE,Operate,Work Order|System|Asset|Location,F22|F27,F22.08|F27.06,Installation / Service Record,Field/Mobile composition,work order|parts|method,Test / asset history,"Who, what, where, parts and configuration",candidate-revalidation
JOB-CAV,Cavity Insulation Installer,16,Energy & Building Performance,,gap-no-direct-job-profile,WP-CAV-006,Cavity Insulation Test / Commissioning Record,NATIVE,Operate,System|Asset|Property,F13|F22,F13.04|F22.06,Inspection / Test / Commissioning,Field/Mobile composition,installation|test procedure|criteria,Acceptance / certificate,"Readings, result, instrument and witness",candidate-revalidation
JOB-CAV,Cavity Insulation Installer,16,Energy & Building Performance,,gap-no-direct-job-profile,WP-CAV-007,Cavity Insulation Defect / Parts / Exception Record,NATIVE,Operate,System|Asset|Work Order,F22|F13,F22.08|F13.05,Defect / Service Exception,Case Workspace,diagnostic|test|asset history,Repair / replacement / follow-up,"Symptoms, cause, parts and disposition",candidate-revalidation
JOB-CAV,Cavity Insulation Installer,16,Energy & Building Performance,,gap-no-direct-job-profile,WP-CAV-008,Cavity Insulation Completion / Certificate / Handover,ASSISTED,Operate,Property|System|Asset|Party,F22|F26,F22.06|F26.06,Certificate / Handover Package,Assisted Report Generator,service record|tests|asset updates|open items,Client / operations / asset record,"Signer/technician, exact evidence and accepted status",candidate-revalidation
JOB-GAS,Gas Service Technician,41,Building Services Trades,,gap-no-direct-job-profile,WP-GAS-001,Gas Appliance / System Survey / Diagnostic Record,NATIVE,Operate,Property|Site|System|Asset,F22|F27,F22.06|F27.06,Survey / Diagnostic Record,Field/Mobile composition,instruction|existing asset data|site condition,Scope / design / quote,"Measurements, condition, photos and technician",candidate-revalidation
JOB-GAS,Gas Service Technician,41,Building Services Trades,,gap-no-direct-job-profile,WP-GAS-002,Gas Appliance / System Quote / Work Scope,NATIVE,Operate,Party|Property|Work Order,F07|F22,F07.04|F22.08,Quotation / Work Scope,Object Workspace,survey|rates|materials|labour,Approval / work order,"Scope, assumptions, price and validity",candidate-revalidation
JOB-GAS,Gas Service Technician,41,Building Services Trades,,gap-no-direct-job-profile,WP-GAS-003,Gas Appliance / System Equipment / Component Schedule,NATIVE,Enterprise Data,System|Asset|Product|Location,F22|F10,F22.06|F10.05,Equipment / Component Schedule,Enterprise Grid,survey|design|catalogue,Procurement / installation,"Product identity, quantity and location",candidate-revalidation
JOB-GAS,Gas Service Technician,41,Building Services Trades,,gap-no-direct-job-profile,WP-GAS-004,Gas Appliance / System Work Order / Job Sheet,NATIVE,Operate,Work Order|Property|System|Person,F22,F22.08,Maintenance / Service Work Order,Field/Mobile composition,approved scope|asset|schedule,Execution,"Authorised task, assignee, dates and status",candidate-revalidation
JOB-GAS,Gas Service Technician,41,Building Services Trades,,gap-no-direct-job-profile,WP-GAS-005,Gas Appliance / System Installation / Service Record,NATIVE,Operate,Work Order|System|Asset|Location,F22|F27,F22.08|F27.06,Installation / Service Record,Field/Mobile composition,work order|parts|method,Test / asset history,"Who, what, where, parts and configuration",candidate-revalidation
JOB-GAS,Gas Service Technician,41,Building Services Trades,,gap-no-direct-job-profile,WP-GAS-006,Gas Appliance / System Test / Commissioning Record,NATIVE,Operate,System|Asset|Property,F13|F22,F13.04|F22.06,Inspection / Test / Commissioning,Field/Mobile composition,installation|test procedure|criteria,Acceptance / certificate,"Readings, result, instrument and witness",candidate-revalidation
JOB-GAS,Gas Service Technician,41,Building Services Trades,,gap-no-direct-job-profile,WP-GAS-007,Gas Appliance / System Defect / Parts / Exception Record,NATIVE,Operate,System|Asset|Work Order,F22|F13,F22.08|F13.05,Defect / Service Exception,Case Workspace,diagnostic|test|asset history,Repair / replacement / follow-up,"Symptoms, cause, parts and disposition",candidate-revalidation
JOB-GAS,Gas Service Technician,41,Building Services Trades,,gap-no-direct-job-profile,WP-GAS-008,Gas Appliance / System Completion / Certificate / Handover,ASSISTED,Operate,Property|System|Asset|Party,F22|F26,F22.06|F26.06,Certificate / Handover Package,Assisted Report Generator,service record|tests|asset updates|open items,Client / operations / asset record,"Signer/technician, exact evidence and accepted status",candidate-revalidation
JOB-HP,Heat Pump Engineer,45,Building Services Trades,,gap-no-direct-job-profile,WP-HP-001,Heat Pump Survey / Diagnostic Record,NATIVE,Operate,Property|Site|System|Asset,F22|F27,F22.06|F27.06,Survey / Diagnostic Record,Field/Mobile composition,instruction|existing asset data|site condition,Scope / design / quote,"Measurements, condition, photos and technician",candidate-revalidation
JOB-HP,Heat Pump Engineer,45,Building Services Trades,,gap-no-direct-job-profile,WP-HP-002,Heat Pump Quote / Work Scope,NATIVE,Operate,Party|Property|Work Order,F07|F22,F07.04|F22.08,Quotation / Work Scope,Object Workspace,survey|rates|materials|labour,Approval / work order,"Scope, assumptions, price and validity",candidate-revalidation
JOB-HP,Heat Pump Engineer,45,Building Services Trades,,gap-no-direct-job-profile,WP-HP-003,Heat Pump Equipment / Component Schedule,NATIVE,Enterprise Data,System|Asset|Product|Location,F22|F10,F22.06|F10.05,Equipment / Component Schedule,Enterprise Grid,survey|design|catalogue,Procurement / installation,"Product identity, quantity and location",candidate-revalidation
JOB-HP,Heat Pump Engineer,45,Building Services Trades,,gap-no-direct-job-profile,WP-HP-004,Heat Pump Work Order / Job Sheet,NATIVE,Operate,Work Order|Property|System|Person,F22,F22.08,Maintenance / Service Work Order,Field/Mobile composition,approved scope|asset|schedule,Execution,"Authorised task, assignee, dates and status",candidate-revalidation
JOB-HP,Heat Pump Engineer,45,Building Services Trades,,gap-no-direct-job-profile,WP-HP-005,Heat Pump Installation / Service Record,NATIVE,Operate,Work Order|System|Asset|Location,F22|F27,F22.08|F27.06,Installation / Service Record,Field/Mobile composition,work order|parts|method,Test / asset history,"Who, what, where, parts and configuration",candidate-revalidation
JOB-HP,Heat Pump Engineer,45,Building Services Trades,,gap-no-direct-job-profile,WP-HP-006,Heat Pump Test / Commissioning Record,NATIVE,Operate,System|Asset|Property,F13|F22,F13.04|F22.06,Inspection / Test / Commissioning,Field/Mobile composition,installation|test procedure|criteria,Acceptance / certificate,"Readings, result, instrument and witness",candidate-revalidation
JOB-HP,Heat Pump Engineer,45,Building Services Trades,,gap-no-direct-job-profile,WP-HP-007,Heat Pump Defect / Parts / Exception Record,NATIVE,Operate,System|Asset|Work Order,F22|F13,F22.08|F13.05,Defect / Service Exception,Case Workspace,diagnostic|test|asset history,Repair / replacement / follow-up,"Symptoms, cause, parts and disposition",candidate-revalidation
JOB-HP,Heat Pump Engineer,45,Building Services Trades,,gap-no-direct-job-profile,WP-HP-008,Heat Pump Completion / Certificate / Handover,ASSISTED,Operate,Property|System|Asset|Party,F22|F26,F22.06|F26.06,Certificate / Handover Package,Assisted Report Generator,service record|tests|asset updates|open items,Client / operations / asset record,"Signer/technician, exact evidence and accepted status",candidate-revalidation
JOB-HVAC,Heating and Ventilation Engineer,46,Building Services Trades,,gap-no-direct-job-profile,WP-HVAC-001,Heating / Ventilation Survey / Diagnostic Record,NATIVE,Operate,Property|Site|System|Asset,F22|F27,F22.06|F27.06,Survey / Diagnostic Record,Field/Mobile composition,instruction|existing asset data|site condition,Scope / design / quote,"Measurements, condition, photos and technician",candidate-revalidation
JOB-HVAC,Heating and Ventilation Engineer,46,Building Services Trades,,gap-no-direct-job-profile,WP-HVAC-002,Heating / Ventilation Quote / Work Scope,NATIVE,Operate,Party|Property|Work Order,F07|F22,F07.04|F22.08,Quotation / Work Scope,Object Workspace,survey|rates|materials|labour,Approval / work order,"Scope, assumptions, price and validity",candidate-revalidation
JOB-HVAC,Heating and Ventilation Engineer,46,Building Services Trades,,gap-no-direct-job-profile,WP-HVAC-003,Heating / Ventilation Equipment / Component Schedule,NATIVE,Enterprise Data,System|Asset|Product|Location,F22|F10,F22.06|F10.05,Equipment / Component Schedule,Enterprise Grid,survey|design|catalogue,Procurement / installation,"Product identity, quantity and location",candidate-revalidation
JOB-HVAC,Heating and Ventilation Engineer,46,Building Services Trades,,gap-no-direct-job-profile,WP-HVAC-004,Heating / Ventilation Work Order / Job Sheet,NATIVE,Operate,Work Order|Property|System|Person,F22,F22.08,Maintenance / Service Work Order,Field/Mobile composition,approved scope|asset|schedule,Execution,"Authorised task, assignee, dates and status",candidate-revalidation
JOB-HVAC,Heating and Ventilation Engineer,46,Building Services Trades,,gap-no-direct-job-profile,WP-HVAC-005,Heating / Ventilation Installation / Service Record,NATIVE,Operate,Work Order|System|Asset|Location,F22|F27,F22.08|F27.06,Installation / Service Record,Field/Mobile composition,work order|parts|method,Test / asset history,"Who, what, where, parts and configuration",candidate-revalidation
JOB-HVAC,Heating and Ventilation Engineer,46,Building Services Trades,,gap-no-direct-job-profile,WP-HVAC-006,Heating / Ventilation Test / Commissioning Record,NATIVE,Operate,System|Asset|Property,F13|F22,F13.04|F22.06,Inspection / Test / Commissioning,Field/Mobile composition,installation|test procedure|criteria,Acceptance / certificate,"Readings, result, instrument and witness",candidate-revalidation
JOB-HVAC,Heating and Ventilation Engineer,46,Building Services Trades,,gap-no-direct-job-profile,WP-HVAC-007,Heating / Ventilation Defect / Parts / Exception Record,NATIVE,Operate,System|Asset|Work Order,F22|F13,F22.08|F13.05,Defect / Service Exception,Case Workspace,diagnostic|test|asset history,Repair / replacement / follow-up,"Symptoms, cause, parts and disposition",candidate-revalidation
JOB-HVAC,Heating and Ventilation Engineer,46,Building Services Trades,,gap-no-direct-job-profile,WP-HVAC-008,Heating / Ventilation Completion / Certificate / Handover,ASSISTED,Operate,Property|System|Asset|Party,F22|F26,F22.06|F26.06,Certificate / Handover Package,Assisted Report Generator,service record|tests|asset updates|open items,Client / operations / asset record,"Signer/technician, exact evidence and accepted status",candidate-revalidation
JOB-LOCK,Locksmith,54,Building Services Trades,,gap-no-direct-job-profile,WP-LOCK-001,Lock / Access Hardware Survey / Diagnostic Record,NATIVE,Operate,Property|Site|System|Asset,F22|F27,F22.06|F27.06,Survey / Diagnostic Record,Field/Mobile composition,instruction|existing asset data|site condition,Scope / design / quote,"Measurements, condition, photos and technician",candidate-revalidation
JOB-LOCK,Locksmith,54,Building Services Trades,,gap-no-direct-job-profile,WP-LOCK-002,Lock / Access Hardware Quote / Work Scope,NATIVE,Operate,Party|Property|Work Order,F07|F22,F07.04|F22.08,Quotation / Work Scope,Object Workspace,survey|rates|materials|labour,Approval / work order,"Scope, assumptions, price and validity",candidate-revalidation
JOB-LOCK,Locksmith,54,Building Services Trades,,gap-no-direct-job-profile,WP-LOCK-003,Lock / Access Hardware Equipment / Component Schedule,NATIVE,Enterprise Data,System|Asset|Product|Location,F22|F10,F22.06|F10.05,Equipment / Component Schedule,Enterprise Grid,survey|design|catalogue,Procurement / installation,"Product identity, quantity and location",candidate-revalidation
JOB-LOCK,Locksmith,54,Building Services Trades,,gap-no-direct-job-profile,WP-LOCK-004,Lock / Access Hardware Work Order / Job Sheet,NATIVE,Operate,Work Order|Property|System|Person,F22,F22.08,Maintenance / Service Work Order,Field/Mobile composition,approved scope|asset|schedule,Execution,"Authorised task, assignee, dates and status",candidate-revalidation
JOB-LOCK,Locksmith,54,Building Services Trades,,gap-no-direct-job-profile,WP-LOCK-005,Lock / Access Hardware Installation / Service Record,NATIVE,Operate,Work Order|System|Asset|Location,F22|F27,F22.08|F27.06,Installation / Service Record,Field/Mobile composition,work order|parts|method,Test / asset history,"Who, what, where, parts and configuration",candidate-revalidation
JOB-LOCK,Locksmith,54,Building Services Trades,,gap-no-direct-job-profile,WP-LOCK-006,Lock / Access Hardware Test / Commissioning Record,NATIVE,Operate,System|Asset|Property,F13|F22,F13.04|F22.06,Inspection / Test / Commissioning,Field/Mobile composition,installation|test procedure|criteria,Acceptance / certificate,"Readings, result, instrument and witness",candidate-revalidation
JOB-LOCK,Locksmith,54,Building Services Trades,,gap-no-direct-job-profile,WP-LOCK-007,Lock / Access Hardware Defect / Parts / Exception Record,NATIVE,Operate,System|Asset|Work Order,F22|F13,F22.08|F13.05,Defect / Service Exception,Case Workspace,diagnostic|test|asset history,Repair / replacement / follow-up,"Symptoms, cause, parts and disposition",candidate-revalidation
JOB-LOCK,Locksmith,54,Building Services Trades,,gap-no-direct-job-profile,WP-LOCK-008,Lock / Access Hardware Completion / Certificate / Handover,ASSISTED,Operate,Property|System|Asset|Party,F22|F26,F22.06|F26.06,Certificate / Handover Package,Assisted Report Generator,service record|tests|asset updates|open items,Client / operations / asset record,"Signer/technician, exact evidence and accepted status",candidate-revalidation
JOB-PIPE,Pipe Fitter,56,Building Services Trades,,gap-no-direct-job-profile,WP-PIPE-001,Pipework Survey / Diagnostic Record,NATIVE,Operate,Property|Site|System|Asset,F22|F27,F22.06|F27.06,Survey / Diagnostic Record,Field/Mobile composition,instruction|existing asset data|site condition,Scope / design / quote,"Measurements, condition, photos and technician",candidate-revalidation
JOB-PIPE,Pipe Fitter,56,Building Services Trades,,gap-no-direct-job-profile,WP-PIPE-002,Pipework Quote / Work Scope,NATIVE,Operate,Party|Property|Work Order,F07|F22,F07.04|F22.08,Quotation / Work Scope,Object Workspace,survey|rates|materials|labour,Approval / work order,"Scope, assumptions, price and validity",candidate-revalidation
JOB-PIPE,Pipe Fitter,56,Building Services Trades,,gap-no-direct-job-profile,WP-PIPE-003,Pipework Equipment / Component Schedule,NATIVE,Enterprise Data,System|Asset|Product|Location,F22|F10,F22.06|F10.05,Equipment / Component Schedule,Enterprise Grid,survey|design|catalogue,Procurement / installation,"Product identity, quantity and location",candidate-revalidation
JOB-PIPE,Pipe Fitter,56,Building Services Trades,,gap-no-direct-job-profile,WP-PIPE-004,Pipework Work Order / Job Sheet,NATIVE,Operate,Work Order|Property|System|Person,F22,F22.08,Maintenance / Service Work Order,Field/Mobile composition,approved scope|asset|schedule,Execution,"Authorised task, assignee, dates and status",candidate-revalidation
JOB-PIPE,Pipe Fitter,56,Building Services Trades,,gap-no-direct-job-profile,WP-PIPE-005,Pipework Installation / Service Record,NATIVE,Operate,Work Order|System|Asset|Location,F22|F27,F22.08|F27.06,Installation / Service Record,Field/Mobile composition,work order|parts|method,Test / asset history,"Who, what, where, parts and configuration",candidate-revalidation
JOB-PIPE,Pipe Fitter,56,Building Services Trades,,gap-no-direct-job-profile,WP-PIPE-006,Pipework Test / Commissioning Record,NATIVE,Operate,System|Asset|Property,F13|F22,F13.04|F22.06,Inspection / Test / Commissioning,Field/Mobile composition,installation|test procedure|criteria,Acceptance / certificate,"Readings, result, instrument and witness",candidate-revalidation
JOB-PIPE,Pipe Fitter,56,Building Services Trades,,gap-no-direct-job-profile,WP-PIPE-007,Pipework Defect / Parts / Exception Record,NATIVE,Operate,System|Asset|Work Order,F22|F13,F22.08|F13.05,Defect / Service Exception,Case Workspace,diagnostic|test|asset history,Repair / replacement / follow-up,"Symptoms, cause, parts and disposition",candidate-revalidation
JOB-PIPE,Pipe Fitter,56,Building Services Trades,,gap-no-direct-job-profile,WP-PIPE-008,Pipework Completion / Certificate / Handover,ASSISTED,Operate,Property|System|Asset|Party,F22|F26,F22.06|F26.06,Certificate / Handover Package,Assisted Report Generator,service record|tests|asset updates|open items,Client / operations / asset record,"Signer/technician, exact evidence and accepted status",candidate-revalidation
JOB-RAC,Refrigeration and Air-Conditioning Installer,63,Building Services Trades,,gap-no-direct-job-profile,WP-RAC-001,Refrigeration / Air-Conditioning Survey / Diagnostic Record,NATIVE,Operate,Property|Site|System|Asset,F22|F27,F22.06|F27.06,Survey / Diagnostic Record,Field/Mobile composition,instruction|existing asset data|site condition,Scope / design / quote,"Measurements, condition, photos and technician",candidate-revalidation
JOB-RAC,Refrigeration and Air-Conditioning Installer,63,Building Services Trades,,gap-no-direct-job-profile,WP-RAC-002,Refrigeration / Air-Conditioning Quote / Work Scope,NATIVE,Operate,Party|Property|Work Order,F07|F22,F07.04|F22.08,Quotation / Work Scope,Object Workspace,survey|rates|materials|labour,Approval / work order,"Scope, assumptions, price and validity",candidate-revalidation
JOB-RAC,Refrigeration and Air-Conditioning Installer,63,Building Services Trades,,gap-no-direct-job-profile,WP-RAC-003,Refrigeration / Air-Conditioning Equipment / Component Schedule,NATIVE,Enterprise Data,System|Asset|Product|Location,F22|F10,F22.06|F10.05,Equipment / Component Schedule,Enterprise Grid,survey|design|catalogue,Procurement / installation,"Product identity, quantity and location",candidate-revalidation
JOB-RAC,Refrigeration and Air-Conditioning Installer,63,Building Services Trades,,gap-no-direct-job-profile,WP-RAC-004,Refrigeration / Air-Conditioning Work Order / Job Sheet,NATIVE,Operate,Work Order|Property|System|Person,F22,F22.08,Maintenance / Service Work Order,Field/Mobile composition,approved scope|asset|schedule,Execution,"Authorised task, assignee, dates and status",candidate-revalidation
JOB-RAC,Refrigeration and Air-Conditioning Installer,63,Building Services Trades,,gap-no-direct-job-profile,WP-RAC-005,Refrigeration / Air-Conditioning Installation / Service Record,NATIVE,Operate,Work Order|System|Asset|Location,F22|F27,F22.08|F27.06,Installation / Service Record,Field/Mobile composition,work order|parts|method,Test / asset history,"Who, what, where, parts and configuration",candidate-revalidation
JOB-RAC,Refrigeration and Air-Conditioning Installer,63,Building Services Trades,,gap-no-direct-job-profile,WP-RAC-006,Refrigeration / Air-Conditioning Test / Commissioning Record,NATIVE,Operate,System|Asset|Property,F13|F22,F13.04|F22.06,Inspection / Test / Commissioning,Field/Mobile composition,installation|test procedure|criteria,Acceptance / certificate,"Readings, result, instrument and witness",candidate-revalidation
JOB-RAC,Refrigeration and Air-Conditioning Installer,63,Building Services Trades,,gap-no-direct-job-profile,WP-RAC-007,Refrigeration / Air-Conditioning Defect / Parts / Exception Record,NATIVE,Operate,System|Asset|Work Order,F22|F13,F22.08|F13.05,Defect / Service Exception,Case Workspace,diagnostic|test|asset history,Repair / replacement / follow-up,"Symptoms, cause, parts and disposition",candidate-revalidation
JOB-RAC,Refrigeration and Air-Conditioning Installer,63,Building Services Trades,,gap-no-direct-job-profile,WP-RAC-008,Refrigeration / Air-Conditioning Completion / Certificate / Handover,ASSISTED,Operate,Property|System|Asset|Party,F22|F26,F22.06|F26.06,Certificate / Handover Package,Assisted Report Generator,service record|tests|asset updates|open items,Client / operations / asset record,"Signer/technician, exact evidence and accepted status",candidate-revalidation
JOB-SEC,Security Systems Installer,68,Building Services Trades,,gap-no-direct-job-profile,WP-SEC-001,Security System Survey / Diagnostic Record,NATIVE,Operate,Property|Site|System|Asset,F22|F27,F22.06|F27.06,Survey / Diagnostic Record,Field/Mobile composition,instruction|existing asset data|site condition,Scope / design / quote,"Measurements, condition, photos and technician",candidate-revalidation
JOB-SEC,Security Systems Installer,68,Building Services Trades,,gap-no-direct-job-profile,WP-SEC-002,Security System Quote / Work Scope,NATIVE,Operate,Party|Property|Work Order,F07|F22,F07.04|F22.08,Quotation / Work Scope,Object Workspace,survey|rates|materials|labour,Approval / work order,"Scope, assumptions, price and validity",candidate-revalidation
JOB-SEC,Security Systems Installer,68,Building Services Trades,,gap-no-direct-job-profile,WP-SEC-003,Security System Equipment / Component Schedule,NATIVE,Enterprise Data,System|Asset|Product|Location,F22|F10,F22.06|F10.05,Equipment / Component Schedule,Enterprise Grid,survey|design|catalogue,Procurement / installation,"Product identity, quantity and location",candidate-revalidation
JOB-SEC,Security Systems Installer,68,Building Services Trades,,gap-no-direct-job-profile,WP-SEC-004,Security System Work Order / Job Sheet,NATIVE,Operate,Work Order|Property|System|Person,F22,F22.08,Maintenance / Service Work Order,Field/Mobile composition,approved scope|asset|schedule,Execution,"Authorised task, assignee, dates and status",candidate-revalidation
JOB-SEC,Security Systems Installer,68,Building Services Trades,,gap-no-direct-job-profile,WP-SEC-005,Security System Installation / Service Record,NATIVE,Operate,Work Order|System|Asset|Location,F22|F27,F22.08|F27.06,Installation / Service Record,Field/Mobile composition,work order|parts|method,Test / asset history,"Who, what, where, parts and configuration",candidate-revalidation
JOB-SEC,Security Systems Installer,68,Building Services Trades,,gap-no-direct-job-profile,WP-SEC-006,Security System Test / Commissioning Record,NATIVE,Operate,System|Asset|Property,F13|F22,F13.04|F22.06,Inspection / Test / Commissioning,Field/Mobile composition,installation|test procedure|criteria,Acceptance / certificate,"Readings, result, instrument and witness",candidate-revalidation
JOB-SEC,Security Systems Installer,68,Building Services Trades,,gap-no-direct-job-profile,WP-SEC-007,Security System Defect / Parts / Exception Record,NATIVE,Operate,System|Asset|Work Order,F22|F13,F22.08|F13.05,Defect / Service Exception,Case Workspace,diagnostic|test|asset history,Repair / replacement / follow-up,"Symptoms, cause, parts and disposition",candidate-revalidation
JOB-SEC,Security Systems Installer,68,Building Services Trades,,gap-no-direct-job-profile,WP-SEC-008,Security System Completion / Certificate / Handover,ASSISTED,Operate,Property|System|Asset|Party,F22|F26,F22.06|F26.06,Certificate / Handover Package,Assisted Report Generator,service record|tests|asset updates|open items,Client / operations / asset record,"Signer/technician, exact evidence and accepted status",candidate-revalidation
JOB-SOLAR,Solar Panel Installer,70,Energy & Building Performance,,gap-no-direct-job-profile,WP-SOLAR-001,Solar PV Survey / Diagnostic Record,NATIVE,Operate,Property|Site|System|Asset,F22|F27,F22.06|F27.06,Survey / Diagnostic Record,Field/Mobile composition,instruction|existing asset data|site condition,Scope / design / quote,"Measurements, condition, photos and technician",candidate-revalidation
JOB-SOLAR,Solar Panel Installer,70,Energy & Building Performance,,gap-no-direct-job-profile,WP-SOLAR-002,Solar PV Quote / Work Scope,NATIVE,Operate,Party|Property|Work Order,F07|F22,F07.04|F22.08,Quotation / Work Scope,Object Workspace,survey|rates|materials|labour,Approval / work order,"Scope, assumptions, price and validity",candidate-revalidation
JOB-SOLAR,Solar Panel Installer,70,Energy & Building Performance,,gap-no-direct-job-profile,WP-SOLAR-003,Solar PV Equipment / Component Schedule,NATIVE,Enterprise Data,System|Asset|Product|Location,F22|F10,F22.06|F10.05,Equipment / Component Schedule,Enterprise Grid,survey|design|catalogue,Procurement / installation,"Product identity, quantity and location",candidate-revalidation
JOB-SOLAR,Solar Panel Installer,70,Energy & Building Performance,,gap-no-direct-job-profile,WP-SOLAR-004,Solar PV Work Order / Job Sheet,NATIVE,Operate,Work Order|Property|System|Person,F22,F22.08,Maintenance / Service Work Order,Field/Mobile composition,approved scope|asset|schedule,Execution,"Authorised task, assignee, dates and status",candidate-revalidation
JOB-SOLAR,Solar Panel Installer,70,Energy & Building Performance,,gap-no-direct-job-profile,WP-SOLAR-005,Solar PV Installation / Service Record,NATIVE,Operate,Work Order|System|Asset|Location,F22|F27,F22.08|F27.06,Installation / Service Record,Field/Mobile composition,work order|parts|method,Test / asset history,"Who, what, where, parts and configuration",candidate-revalidation
JOB-SOLAR,Solar Panel Installer,70,Energy & Building Performance,,gap-no-direct-job-profile,WP-SOLAR-006,Solar PV Test / Commissioning Record,NATIVE,Operate,System|Asset|Property,F13|F22,F13.04|F22.06,Inspection / Test / Commissioning,Field/Mobile composition,installation|test procedure|criteria,Acceptance / certificate,"Readings, result, instrument and witness",candidate-revalidation
JOB-SOLAR,Solar Panel Installer,70,Energy & Building Performance,,gap-no-direct-job-profile,WP-SOLAR-007,Solar PV Defect / Parts / Exception Record,NATIVE,Operate,System|Asset|Work Order,F22|F13,F22.08|F13.05,Defect / Service Exception,Case Workspace,diagnostic|test|asset history,Repair / replacement / follow-up,"Symptoms, cause, parts and disposition",candidate-revalidation
JOB-SOLAR,Solar Panel Installer,70,Energy & Building Performance,,gap-no-direct-job-profile,WP-SOLAR-008,Solar PV Completion / Certificate / Handover,ASSISTED,Operate,Property|System|Asset|Party,F22|F26,F22.06|F26.06,Certificate / Handover Package,Assisted Report Generator,service record|tests|asset updates|open items,Client / operations / asset record,"Signer/technician, exact evidence and accepted status",candidate-revalidation
JOB-THERM,Thermal Insulation Engineer,77,Energy & Building Performance,,gap-no-direct-job-profile,WP-THERM-001,Thermal Insulation Survey / Diagnostic Record,NATIVE,Operate,Property|Site|System|Asset,F22|F27,F22.06|F27.06,Survey / Diagnostic Record,Field/Mobile composition,instruction|existing asset data|site condition,Scope / design / quote,"Measurements, condition, photos and technician",candidate-revalidation
JOB-THERM,Thermal Insulation Engineer,77,Energy & Building Performance,,gap-no-direct-job-profile,WP-THERM-002,Thermal Insulation Quote / Work Scope,NATIVE,Operate,Party|Property|Work Order,F07|F22,F07.04|F22.08,Quotation / Work Scope,Object Workspace,survey|rates|materials|labour,Approval / work order,"Scope, assumptions, price and validity",candidate-revalidation
JOB-THERM,Thermal Insulation Engineer,77,Energy & Building Performance,,gap-no-direct-job-profile,WP-THERM-003,Thermal Insulation Equipment / Component Schedule,NATIVE,Enterprise Data,System|Asset|Product|Location,F22|F10,F22.06|F10.05,Equipment / Component Schedule,Enterprise Grid,survey|design|catalogue,Procurement / installation,"Product identity, quantity and location",candidate-revalidation
JOB-THERM,Thermal Insulation Engineer,77,Energy & Building Performance,,gap-no-direct-job-profile,WP-THERM-004,Thermal Insulation Work Order / Job Sheet,NATIVE,Operate,Work Order|Property|System|Person,F22,F22.08,Maintenance / Service Work Order,Field/Mobile composition,approved scope|asset|schedule,Execution,"Authorised task, assignee, dates and status",candidate-revalidation
JOB-THERM,Thermal Insulation Engineer,77,Energy & Building Performance,,gap-no-direct-job-profile,WP-THERM-005,Thermal Insulation Installation / Service Record,NATIVE,Operate,Work Order|System|Asset|Location,F22|F27,F22.08|F27.06,Installation / Service Record,Field/Mobile composition,work order|parts|method,Test / asset history,"Who, what, where, parts and configuration",candidate-revalidation
JOB-THERM,Thermal Insulation Engineer,77,Energy & Building Performance,,gap-no-direct-job-profile,WP-THERM-006,Thermal Insulation Test / Commissioning Record,NATIVE,Operate,System|Asset|Property,F13|F22,F13.04|F22.06,Inspection / Test / Commissioning,Field/Mobile composition,installation|test procedure|criteria,Acceptance / certificate,"Readings, result, instrument and witness",candidate-revalidation
JOB-THERM,Thermal Insulation Engineer,77,Energy & Building Performance,,gap-no-direct-job-profile,WP-THERM-007,Thermal Insulation Defect / Parts / Exception Record,NATIVE,Operate,System|Asset|Work Order,F22|F13,F22.08|F13.05,Defect / Service Exception,Case Workspace,diagnostic|test|asset history,Repair / replacement / follow-up,"Symptoms, cause, parts and disposition",candidate-revalidation
JOB-THERM,Thermal Insulation Engineer,77,Energy & Building Performance,,gap-no-direct-job-profile,WP-THERM-008,Thermal Insulation Completion / Certificate / Handover,ASSISTED,Operate,Property|System|Asset|Party,F22|F26,F22.06|F26.06,Certificate / Handover Package,Assisted Report Generator,service record|tests|asset updates|open items,Client / operations / asset record,"Signer/technician, exact evidence and accepted status",candidate-revalidation
JOB-GASMAIN,Gas Mains Layer,40,Utilities & Networks,,gap-no-direct-job-profile,WP-GASMAIN-001,Gas Network Work Pack / Permit,ASSISTED,Deliver,Project|Site|Work Package|Network,F27|F23,F27.06|F23.05,Work Package / Permit Pack,Assisted Report Generator,scope|method|drawings|permit|traffic/access controls,Field execution,"Approved scope, controls and revisions",candidate-revalidation
JOB-GASMAIN,Gas Mains Layer,40,Utilities & Networks,,gap-no-direct-job-profile,WP-GASMAIN-002,Gas Network Location / Existing Asset Record,NATIVE,Deliver,Site|Network|Asset|Location,F22|F26,F22.06|F26.05,Network / Asset Location Record,Map Workspace|Field/Mobile composition,plans|locates|survey|utility records,Excavation / execution,"Geometry/source, date and locator evidence",candidate-revalidation
JOB-GASMAIN,Gas Mains Layer,40,Utilities & Networks,,gap-no-direct-job-profile,WP-GASMAIN-003,Gas Network Material / Plant Allocation,NATIVE,Deliver,Work Package|Material|Plant|Shift,F10|F22,F10.05|F22.06,Material / Plant Allocation,Enterprise Grid,work pack|stock|plant availability,Execution / cost,"Item identity, quantity, asset and task",candidate-revalidation
JOB-GASMAIN,Gas Mains Layer,40,Utilities & Networks,,gap-no-direct-job-profile,WP-GASMAIN-004,Gas Network Installation / Repair Record,NATIVE,Deliver,Network|Asset|Work Package|Location,F22|F27,F22.06|F27.06,Execution / Network Work Record,Field/Mobile composition,work pack|materials|crew|location,Test / as-built,"Installed/repaired configuration, time and crew",candidate-revalidation
JOB-GASMAIN,Gas Mains Layer,40,Utilities & Networks,,gap-no-direct-job-profile,WP-GASMAIN-005,Gas Network Test / Verification Record,NATIVE,Deliver,Network|Asset|Location,F13,F13.04,Inspection / Test,Field/Mobile composition,installed work|procedure|criteria,Acceptance / energisation/service,"Readings, result, instrument and witness",candidate-revalidation
JOB-GASMAIN,Gas Mains Layer,40,Utilities & Networks,,gap-no-direct-job-profile,WP-GASMAIN-006,Gas Network Reinstatement / Quality Inspection,NATIVE,Deliver,Site|Location|Work Package,F13|F27,F13.04|F27.06,Inspection / Reinstatement Record,Field/Mobile composition,completed works|surface/quality criteria,Closeout / defect,"Photos, criteria, result and inspector",candidate-revalidation
JOB-GASMAIN,Gas Mains Layer,40,Utilities & Networks,,gap-no-direct-job-profile,WP-GASMAIN-007,Gas Network Defect / Incident / Exception,NATIVE,Deliver,Network|Site|Asset|Finding,F13|F23,F13.05|F23.04,Defect / Incident / Exception,Case Workspace,test|inspection|event|asset,Repair / investigation / action,"Time, evidence, cause/disposition and closure",candidate-revalidation
JOB-GASMAIN,Gas Mains Layer,40,Utilities & Networks,,gap-no-direct-job-profile,WP-GASMAIN-008,Gas Network As-Built / Handover Record,ASSISTED,Deliver,Network|Asset|Project|Location,F22|F26|F27,F22.06|F26.06|F27.08,As-Built / Handover Package,Assisted Report Generator,work record|tests|survey|asset updates,Operations / network record,"Accepted geometry, configuration and evidence manifest",candidate-revalidation
JOB-ROAD,Road Worker,64,Utilities & Networks,,gap-no-direct-job-profile,WP-ROAD-001,Road / Highway Work Pack / Permit,ASSISTED,Deliver,Project|Site|Work Package|Network,F27|F23,F27.06|F23.05,Work Package / Permit Pack,Assisted Report Generator,scope|method|drawings|permit|traffic/access controls,Field execution,"Approved scope, controls and revisions",candidate-revalidation
JOB-ROAD,Road Worker,64,Utilities & Networks,,gap-no-direct-job-profile,WP-ROAD-002,Road / Highway Location / Existing Asset Record,NATIVE,Deliver,Site|Network|Asset|Location,F22|F26,F22.06|F26.05,Network / Asset Location Record,Map Workspace|Field/Mobile composition,plans|locates|survey|utility records,Excavation / execution,"Geometry/source, date and locator evidence",candidate-revalidation
JOB-ROAD,Road Worker,64,Utilities & Networks,,gap-no-direct-job-profile,WP-ROAD-003,Road / Highway Material / Plant Allocation,NATIVE,Deliver,Work Package|Material|Plant|Shift,F10|F22,F10.05|F22.06,Material / Plant Allocation,Enterprise Grid,work pack|stock|plant availability,Execution / cost,"Item identity, quantity, asset and task",candidate-revalidation
JOB-ROAD,Road Worker,64,Utilities & Networks,,gap-no-direct-job-profile,WP-ROAD-004,Road / Highway Installation / Repair Record,NATIVE,Deliver,Network|Asset|Work Package|Location,F22|F27,F22.06|F27.06,Execution / Network Work Record,Field/Mobile composition,work pack|materials|crew|location,Test / as-built,"Installed/repaired configuration, time and crew",candidate-revalidation
JOB-ROAD,Road Worker,64,Utilities & Networks,,gap-no-direct-job-profile,WP-ROAD-005,Road / Highway Test / Verification Record,NATIVE,Deliver,Network|Asset|Location,F13,F13.04,Inspection / Test,Field/Mobile composition,installed work|procedure|criteria,Acceptance / energisation/service,"Readings, result, instrument and witness",candidate-revalidation
JOB-ROAD,Road Worker,64,Utilities & Networks,,gap-no-direct-job-profile,WP-ROAD-006,Road / Highway Reinstatement / Quality Inspection,NATIVE,Deliver,Site|Location|Work Package,F13|F27,F13.04|F27.06,Inspection / Reinstatement Record,Field/Mobile composition,completed works|surface/quality criteria,Closeout / defect,"Photos, criteria, result and inspector",candidate-revalidation
JOB-ROAD,Road Worker,64,Utilities & Networks,,gap-no-direct-job-profile,WP-ROAD-007,Road / Highway Defect / Incident / Exception,NATIVE,Deliver,Network|Site|Asset|Finding,F13|F23,F13.05|F23.04,Defect / Incident / Exception,Case Workspace,test|inspection|event|asset,Repair / investigation / action,"Time, evidence, cause/disposition and closure",candidate-revalidation
JOB-ROAD,Road Worker,64,Utilities & Networks,,gap-no-direct-job-profile,WP-ROAD-008,Road / Highway As-Built / Handover Record,ASSISTED,Deliver,Network|Asset|Project|Location,F22|F26|F27,F22.06|F26.06|F27.08,As-Built / Handover Package,Assisted Report Generator,work record|tests|survey|asset updates,Operations / network record,"Accepted geometry, configuration and evidence manifest",candidate-revalidation
JOB-WATER,Water Network Operative,82,Utilities & Networks,,gap-no-direct-job-profile,WP-WATER-001,Water Network Work Pack / Permit,ASSISTED,Deliver,Project|Site|Work Package|Network,F27|F23,F27.06|F23.05,Work Package / Permit Pack,Assisted Report Generator,scope|method|drawings|permit|traffic/access controls,Field execution,"Approved scope, controls and revisions",candidate-revalidation
JOB-WATER,Water Network Operative,82,Utilities & Networks,,gap-no-direct-job-profile,WP-WATER-002,Water Network Location / Existing Asset Record,NATIVE,Deliver,Site|Network|Asset|Location,F22|F26,F22.06|F26.05,Network / Asset Location Record,Map Workspace|Field/Mobile composition,plans|locates|survey|utility records,Excavation / execution,"Geometry/source, date and locator evidence",candidate-revalidation
JOB-WATER,Water Network Operative,82,Utilities & Networks,,gap-no-direct-job-profile,WP-WATER-003,Water Network Material / Plant Allocation,NATIVE,Deliver,Work Package|Material|Plant|Shift,F10|F22,F10.05|F22.06,Material / Plant Allocation,Enterprise Grid,work pack|stock|plant availability,Execution / cost,"Item identity, quantity, asset and task",candidate-revalidation
JOB-WATER,Water Network Operative,82,Utilities & Networks,,gap-no-direct-job-profile,WP-WATER-004,Water Network Installation / Repair Record,NATIVE,Deliver,Network|Asset|Work Package|Location,F22|F27,F22.06|F27.06,Execution / Network Work Record,Field/Mobile composition,work pack|materials|crew|location,Test / as-built,"Installed/repaired configuration, time and crew",candidate-revalidation
JOB-WATER,Water Network Operative,82,Utilities & Networks,,gap-no-direct-job-profile,WP-WATER-005,Water Network Test / Verification Record,NATIVE,Deliver,Network|Asset|Location,F13,F13.04,Inspection / Test,Field/Mobile composition,installed work|procedure|criteria,Acceptance / energisation/service,"Readings, result, instrument and witness",candidate-revalidation
JOB-WATER,Water Network Operative,82,Utilities & Networks,,gap-no-direct-job-profile,WP-WATER-006,Water Network Reinstatement / Quality Inspection,NATIVE,Deliver,Site|Location|Work Package,F13|F27,F13.04|F27.06,Inspection / Reinstatement Record,Field/Mobile composition,completed works|surface/quality criteria,Closeout / defect,"Photos, criteria, result and inspector",candidate-revalidation
JOB-WATER,Water Network Operative,82,Utilities & Networks,,gap-no-direct-job-profile,WP-WATER-007,Water Network Defect / Incident / Exception,NATIVE,Deliver,Network|Site|Asset|Finding,F13|F23,F13.05|F23.04,Defect / Incident / Exception,Case Workspace,test|inspection|event|asset,Repair / investigation / action,"Time, evidence, cause/disposition and closure",candidate-revalidation
JOB-WATER,Water Network Operative,82,Utilities & Networks,,gap-no-direct-job-profile,WP-WATER-008,Water Network As-Built / Handover Record,ASSISTED,Deliver,Network|Asset|Project|Location,F22|F26|F27,F22.06|F26.06|F27.08,As-Built / Handover Package,Assisted Report Generator,work record|tests|survey|asset updates,Operations / network record,"Accepted geometry, configuration and evidence manifest",candidate-revalidation
JOB-FURN,Furniture Maker,39,Supply Chain & Manufacturing,,gap-no-direct-job-profile,WP-FURN-001,Furniture Production Requirement / Work Order,NATIVE,Operate,Order|Product|Work Centre,F11|F07,F11.01|F07.04,Production Work Order,Object Workspace,customer/order requirement|drawing/specification,Production planning,"Quantity, revision, due date and authority",candidate-revalidation
JOB-FURN,Furniture Maker,39,Supply Chain & Manufacturing,,gap-no-direct-job-profile,WP-FURN-002,Furniture Drawing / Cut List / BOM,CONNECTED,Operate,Product|Work Order|Information Container,F11|F26,F11.01|F26.05,Product Structure / Information Container,Connected Authoring Adapter,design|dimensions|specification,Material issue / production,"Revision, item structure and author",candidate-revalidation
JOB-FURN,Furniture Maker,39,Supply Chain & Manufacturing,,gap-no-direct-job-profile,WP-FURN-003,Furniture Material Issue / Traceability,NATIVE,Operate,Work Order|Material|Batch,F10|F11,F10.05|F11.02,Material Issue / Traceability,Enterprise Grid,BOM|stock|batch/heat data,Production / quality,"Batch/serial, quantity and work-order linkage",candidate-revalidation
JOB-FURN,Furniture Maker,39,Supply Chain & Manufacturing,,gap-no-direct-job-profile,WP-FURN-004,Furniture Production / Fabrication Record,NATIVE,Operate,Work Order|Work Centre|Shift,F11,F11.03,Production / Fabrication Record,Field/Mobile composition,work order|materials|machine/process,Quality / output,"Operator, process, quantity and time",candidate-revalidation
JOB-FURN,Furniture Maker,39,Supply Chain & Manufacturing,,gap-no-direct-job-profile,WP-FURN-005,Furniture Quality Inspection / Test,NATIVE,Operate,Product|Work Order|Inspection,F13,F13.04,Inspection / Test,Field/Mobile composition,specification|produced item|criteria,Accept / rework,"Measurements, result and inspector",candidate-revalidation
JOB-FURN,Furniture Maker,39,Supply Chain & Manufacturing,,gap-no-direct-job-profile,WP-FURN-006,Furniture Nonconformance / Rework,NATIVE,Operate,Product|Work Order|Finding,F13,F13.05,NCR / Rework Record,Case Workspace,inspection|defect|specification,Rework / concession / scrap,"Evidence, disposition and verification",candidate-revalidation
JOB-FURN,Furniture Maker,39,Supply Chain & Manufacturing,,gap-no-direct-job-profile,WP-FURN-007,Furniture Finished Item / Stock Receipt,NATIVE,Operate,Product|Inventory|Location,F10|F11,F10.04|F11.03,Finished Goods Receipt,Enterprise Grid,accepted output|work order,Inventory / order fulfilment,"Quantity, lot/serial and location",candidate-revalidation
JOB-FURN,Furniture Maker,39,Supply Chain & Manufacturing,,gap-no-direct-job-profile,WP-FURN-008,Furniture Delivery / Handover Package,ASSISTED,Operate,Order|Party|Product,F10|F26,F10.07|F26.06,Delivery / Handover Package,Assisted Report Generator,finished goods|certificates|order,Customer / project,"Delivered items, documents and acceptance evidence",candidate-revalidation
JOB-WELD,Welder,83,Supply Chain & Manufacturing,,gap-no-direct-job-profile,WP-WELD-001,Welded Fabrication Production Requirement / Work Order,NATIVE,Operate,Order|Product|Work Centre,F11|F07,F11.01|F07.04,Production Work Order,Object Workspace,customer/order requirement|drawing/specification,Production planning,"Quantity, revision, due date and authority",candidate-revalidation
JOB-WELD,Welder,83,Supply Chain & Manufacturing,,gap-no-direct-job-profile,WP-WELD-002,Welded Fabrication Drawing / Cut List / BOM,CONNECTED,Operate,Product|Work Order|Information Container,F11|F26,F11.01|F26.05,Product Structure / Information Container,Connected Authoring Adapter,design|dimensions|specification,Material issue / production,"Revision, item structure and author",candidate-revalidation
JOB-WELD,Welder,83,Supply Chain & Manufacturing,,gap-no-direct-job-profile,WP-WELD-003,Welded Fabrication Material Issue / Traceability,NATIVE,Operate,Work Order|Material|Batch,F10|F11,F10.05|F11.02,Material Issue / Traceability,Enterprise Grid,BOM|stock|batch/heat data,Production / quality,"Batch/serial, quantity and work-order linkage",candidate-revalidation
JOB-WELD,Welder,83,Supply Chain & Manufacturing,,gap-no-direct-job-profile,WP-WELD-004,Welded Fabrication Production / Fabrication Record,NATIVE,Operate,Work Order|Work Centre|Shift,F11,F11.03,Production / Fabrication Record,Field/Mobile composition,work order|materials|machine/process,Quality / output,"Operator, process, quantity and time",candidate-revalidation
JOB-WELD,Welder,83,Supply Chain & Manufacturing,,gap-no-direct-job-profile,WP-WELD-005,Welded Fabrication Quality Inspection / Test,NATIVE,Operate,Product|Work Order|Inspection,F13,F13.04,Inspection / Test,Field/Mobile composition,specification|produced item|criteria,Accept / rework,"Measurements, result and inspector",candidate-revalidation
JOB-WELD,Welder,83,Supply Chain & Manufacturing,,gap-no-direct-job-profile,WP-WELD-006,Welded Fabrication Nonconformance / Rework,NATIVE,Operate,Product|Work Order|Finding,F13,F13.05,NCR / Rework Record,Case Workspace,inspection|defect|specification,Rework / concession / scrap,"Evidence, disposition and verification",candidate-revalidation
JOB-WELD,Welder,83,Supply Chain & Manufacturing,,gap-no-direct-job-profile,WP-WELD-007,Welded Fabrication Finished Item / Stock Receipt,NATIVE,Operate,Product|Inventory|Location,F10|F11,F10.04|F11.03,Finished Goods Receipt,Enterprise Grid,accepted output|work order,Inventory / order fulfilment,"Quantity, lot/serial and location",candidate-revalidation
JOB-WELD,Welder,83,Supply Chain & Manufacturing,,gap-no-direct-job-profile,WP-WELD-008,Welded Fabrication Delivery / Handover Package,ASSISTED,Operate,Order|Party|Product,F10|F26,F10.07|F26.06,Delivery / Handover Package,Assisted Report Generator,finished goods|certificates|order,Customer / project,"Delivered items, documents and acceptance evidence",candidate-revalidation
JOB-WOOD,Wood Machinist,84,Supply Chain & Manufacturing,,gap-no-direct-job-profile,WP-WOOD-001,Machined Timber Component Production Requirement / Work Order,NATIVE,Operate,Order|Product|Work Centre,F11|F07,F11.01|F07.04,Production Work Order,Object Workspace,customer/order requirement|drawing/specification,Production planning,"Quantity, revision, due date and authority",candidate-revalidation
JOB-WOOD,Wood Machinist,84,Supply Chain & Manufacturing,,gap-no-direct-job-profile,WP-WOOD-002,Machined Timber Component Drawing / Cut List / BOM,CONNECTED,Operate,Product|Work Order|Information Container,F11|F26,F11.01|F26.05,Product Structure / Information Container,Connected Authoring Adapter,design|dimensions|specification,Material issue / production,"Revision, item structure and author",candidate-revalidation
JOB-WOOD,Wood Machinist,84,Supply Chain & Manufacturing,,gap-no-direct-job-profile,WP-WOOD-003,Machined Timber Component Material Issue / Traceability,NATIVE,Operate,Work Order|Material|Batch,F10|F11,F10.05|F11.02,Material Issue / Traceability,Enterprise Grid,BOM|stock|batch/heat data,Production / quality,"Batch/serial, quantity and work-order linkage",candidate-revalidation
JOB-WOOD,Wood Machinist,84,Supply Chain & Manufacturing,,gap-no-direct-job-profile,WP-WOOD-004,Machined Timber Component Production / Fabrication Record,NATIVE,Operate,Work Order|Work Centre|Shift,F11,F11.03,Production / Fabrication Record,Field/Mobile composition,work order|materials|machine/process,Quality / output,"Operator, process, quantity and time",candidate-revalidation
JOB-WOOD,Wood Machinist,84,Supply Chain & Manufacturing,,gap-no-direct-job-profile,WP-WOOD-005,Machined Timber Component Quality Inspection / Test,NATIVE,Operate,Product|Work Order|Inspection,F13,F13.04,Inspection / Test,Field/Mobile composition,specification|produced item|criteria,Accept / rework,"Measurements, result and inspector",candidate-revalidation
JOB-WOOD,Wood Machinist,84,Supply Chain & Manufacturing,,gap-no-direct-job-profile,WP-WOOD-006,Machined Timber Component Nonconformance / Rework,NATIVE,Operate,Product|Work Order|Finding,F13,F13.05,NCR / Rework Record,Case Workspace,inspection|defect|specification,Rework / concession / scrap,"Evidence, disposition and verification",candidate-revalidation
JOB-WOOD,Wood Machinist,84,Supply Chain & Manufacturing,,gap-no-direct-job-profile,WP-WOOD-007,Machined Timber Component Finished Item / Stock Receipt,NATIVE,Operate,Product|Inventory|Location,F10|F11,F10.04|F11.03,Finished Goods Receipt,Enterprise Grid,accepted output|work order,Inventory / order fulfilment,"Quantity, lot/serial and location",candidate-revalidation
JOB-WOOD,Wood Machinist,84,Supply Chain & Manufacturing,,gap-no-direct-job-profile,WP-WOOD-008,Machined Timber Component Delivery / Handover Package,ASSISTED,Operate,Order|Party|Product,F10|F26,F10.07|F26.06,Delivery / Handover Package,Assisted Report Generator,finished goods|certificates|order,Customer / project,"Delivered items, documents and acceptance evidence",candidate-revalidation
JOB-AGCON,Agricultural Contractor,2,"Infrastructure, Land & Rural",,gap-no-direct-job-profile,WP-AGCON-001,Agricultural Job / Field Work Plan,NATIVE,Operate,Client|Land Parcel|Field|Period,F12|F27,F12.01|F27.06,Service / Field Work Plan,Object Workspace|Map Workspace,client instruction|field|crop/land need|timing,Resource allocation / execution,"Scope, field, timing and agreed outcome",candidate-revalidation
JOB-AGCON,Agricultural Contractor,2,"Infrastructure, Land & Rural",,gap-no-direct-job-profile,WP-AGCON-002,Plant / Crew Allocation,NATIVE,Operate,Job|Plant|Person|Shift,F15|F22,F15.02|F22.06,Resource Allocation,Enterprise Grid,work plan|competence|plant availability,Field execution,"Assigned crew/plant, time and availability",candidate-revalidation
JOB-AGCON,Agricultural Contractor,2,"Infrastructure, Land & Rural",,gap-no-direct-job-profile,WP-AGCON-003,Pre-Use / Field Condition Check,NATIVE,Operate,Field|Plant|Job,F22|F23,F22.09|F23.02,Pre-Use / Condition Check,Field/Mobile composition,plant|field condition|weather|controls,Authorised start,"Condition, defects, controls and operator",candidate-revalidation
JOB-AGCON,Agricultural Contractor,2,"Infrastructure, Land & Rural",,gap-no-direct-job-profile,WP-AGCON-004,Agricultural Field Operation Record,NATIVE,Operate,Field|Job|Activity,F12|F27,F12.03|F27.06,Service Execution Record,Field/Mobile composition,plan|plant|crew|materials,Progress / client evidence,"Operation, area, time and operator evidence",candidate-revalidation
JOB-AGCON,Agricultural Contractor,2,"Infrastructure, Land & Rural",,gap-no-direct-job-profile,WP-AGCON-005,Material / Fuel / Consumable Usage,NATIVE,Operate,Job|Material|Plant,F10|F22,F10.05|F22.06,Consumption Record,Field/Mobile composition,issued material|fuel|task,Cost / inventory,"Item, quantity, field/job and time",candidate-revalidation
JOB-AGCON,Agricultural Contractor,2,"Infrastructure, Land & Rural",,gap-no-direct-job-profile,WP-AGCON-006,Plant Utilisation / Hours Record,NATIVE,Operate,Plant|Job|Shift,F22,F22.09,Plant Utilisation Record,Field/Mobile composition,allocation|meter start/end,Maintenance / costing,"Hours, operator, task and meter evidence",candidate-revalidation
JOB-AGCON,Agricultural Contractor,2,"Infrastructure, Land & Rural",,gap-no-direct-job-profile,WP-AGCON-007,Field Exception / Damage Record,NATIVE,Operate,Field|Job|Plant|Finding,F13|F23,F13.05|F23.04,Exception / Incident,Case Workspace,operation|event|photos,Remediation / claim / action,"Time, location, evidence and disposition",candidate-revalidation
JOB-AGCON,Agricultural Contractor,2,"Infrastructure, Land & Rural",,gap-no-direct-job-profile,WP-AGCON-008,Job Completion / Invoice Basis,ASSISTED,Operate,Job|Client|Period,F12|F14,F12.04|F14.06,Service Completion / Billing Evidence,Assisted Report Generator,operations|hours|materials|exceptions,Client acceptance / invoice,"Completed quantities, client acceptance and source records",candidate-revalidation
JOB-MERCH,Builders' Merchant,7,Supply Chain & Manufacturing,,gap-no-direct-job-profile,WP-MERCH-001,Product / Trade Catalogue Record,NATIVE,Operate,Product|Supplier|Branch,F10|F09,F10.05|F09.04,Product / Catalogue Item,Enterprise Grid,supplier product data|pricing|classification,Quote / sales order / stock,"Product identity, source and effective dates",candidate-revalidation
JOB-MERCH,Builders' Merchant,7,Supply Chain & Manufacturing,,gap-no-direct-job-profile,WP-MERCH-002,Stock / Availability Record,NATIVE,Operate,Product|Inventory|Branch,F10,F10.04,Inventory Balance / Availability,Enterprise Grid,receipts|issues|reservations,Quote / fulfilment,"Location, quantity and timestamp",candidate-revalidation
JOB-MERCH,Builders' Merchant,7,Supply Chain & Manufacturing,,gap-no-direct-job-profile,WP-MERCH-003,Trade Customer Quote,NATIVE,Operate,Party|Quote|Product,F07,F07.04,Quotation,Object Workspace,customer request|catalogue|price|availability,Sales order,"Lines, price, validity and terms",candidate-revalidation
JOB-MERCH,Builders' Merchant,7,Supply Chain & Manufacturing,,gap-no-direct-job-profile,WP-MERCH-004,Sales Order / Trade Account Order,NATIVE,Operate,Party|Order|Product,F07|F10,F07.05|F10.07,Sales Order,Object Workspace|Enterprise Grid,accepted quote|customer account|stock,Pick / delivery / invoice,"Customer, lines, terms and authority",candidate-revalidation
JOB-MERCH,Builders' Merchant,7,Supply Chain & Manufacturing,,gap-no-direct-job-profile,WP-MERCH-005,Pick / Dispatch Record,NATIVE,Operate,Order|Inventory|Branch,F10,F10.07,Pick / Dispatch,Field/Mobile composition,sales order|stock,Delivery / collection,"Picked items, quantities and handler",candidate-revalidation
JOB-MERCH,Builders' Merchant,7,Supply Chain & Manufacturing,,gap-no-direct-job-profile,WP-MERCH-006,Delivery / Collection Note,NATIVE,Operate,Order|Party|Delivery,F10,F10.07,Delivery / Collection Record,Field/Mobile composition,dispatch|vehicle/customer,Invoice / customer receipt,"Items, time, recipient and proof",candidate-revalidation
JOB-MERCH,Builders' Merchant,7,Supply Chain & Manufacturing,,gap-no-direct-job-profile,WP-MERCH-007,Return / Credit Case,NATIVE,Operate,Order|Product|Party,F07|F10,F07.06|F10.07,Return / Credit Case,Case Workspace,delivery|product|reason,Stock / credit / supplier claim,"Item, condition, reason and disposition",candidate-revalidation
JOB-MERCH,Builders' Merchant,7,Supply Chain & Manufacturing,,gap-no-direct-job-profile,WP-MERCH-008,Trade Invoice / Account Statement,ASSISTED,Operate,Party|Order|Period,F14,F14.06,Invoice / Statement,Assisted Report Generator,orders|deliveries|credits|terms,Accounts receivable / customer,Posted source references and period position,candidate-revalidation
JOB-CARE,Caretaker,12,"Facilities, Property & Asset Operations",,gap-no-direct-job-profile,WP-CARE-001,Property / Site Inspection Round,NATIVE,Operate,Property|Site|Location|Shift,F22,F22.10,Facilities Inspection / Check,Field/Mobile composition,inspection route|local standards,Work request / incident,"Time, location, observation and photos",candidate-revalidation
JOB-CARE,Caretaker,12,"Facilities, Property & Asset Operations",,gap-no-direct-job-profile,WP-CARE-002,Reactive Service Request,NATIVE,Operate,Property|Location|Request,F22,F22.10,Service Request,Field/Mobile composition,user report|inspection finding,Work order / contractor,"Issue, priority, location and requester",candidate-revalidation
JOB-CARE,Caretaker,12,"Facilities, Property & Asset Operations",,gap-no-direct-job-profile,WP-CARE-003,Access / Key / Opening Record,NATIVE,Operate,Property|Space|Access Item|Shift,F22,F22.10,Access / Key Record,Field/Mobile composition,schedule|authorisation,Access accountability,"Issue/return, holder and time",candidate-revalidation
JOB-CARE,Caretaker,12,"Facilities, Property & Asset Operations",,gap-no-direct-job-profile,WP-CARE-004,Caretaking / Routine Task Record,NATIVE,Operate,Property|Location|Shift,F22,F22.10,Service Execution Record,Field/Mobile composition,task schedule|request,Service completion,"Task, location, time and evidence",candidate-revalidation
JOB-CARE,Caretaker,12,"Facilities, Property & Asset Operations",,gap-no-direct-job-profile,WP-CARE-005,Minor Maintenance / Work Order Record,NATIVE,Operate,Property|Asset|Work Order,F22,F22.08,Maintenance Work Order,Field/Mobile composition,request|asset|parts,Asset history / completion,"Action, parts, time and technician",candidate-revalidation
JOB-CARE,Caretaker,12,"Facilities, Property & Asset Operations",,gap-no-direct-job-profile,WP-CARE-006,Incident / Security / Safety Report,NATIVE,Operate,Property|Location|Incident,F23,F23.04,Incident,Field/Mobile composition,event|people|photos,Investigation / action,"Time, location, witnesses and evidence",candidate-revalidation
JOB-CARE,Caretaker,12,"Facilities, Property & Asset Operations",,gap-no-direct-job-profile,WP-CARE-007,Contractor Attendance / Escort Record,NATIVE,Operate,Property|Supplier|Work Order,F09|F22,F09.06|F22.10,Contractor Attendance Record,Field/Mobile composition,booking|permit|work order,Supplier performance / closeout,"Supplier, arrival/departure and access evidence",candidate-revalidation
JOB-CARE,Caretaker,12,"Facilities, Property & Asset Operations",,gap-no-direct-job-profile,WP-CARE-008,Shift / Property Handover Log,NATIVE,Operate,Property|Shift|Person,F22,F22.10,Shift Handover,My Work|Object Workspace,open requests|incidents|access items,Next shift / facilities manager,"Open items, status and acknowledgement",candidate-revalidation
JOB-CONS,Conservator,21,"Heritage, Conservation & Landscape",,gap-no-direct-job-profile,WP-CONS-001,Condition Assessment / Object Record,NATIVE,Operate,Heritage Asset|Object|Location,F22,F22.09,Condition Assessment,Field/Mobile composition,asset/object identity|historic information,Conservation plan,"Condition, photos, date and assessor",candidate-revalidation
JOB-CONS,Conservator,21,"Heritage, Conservation & Landscape",,gap-no-direct-job-profile,WP-CONS-002,Conservation / Treatment Plan,NATIVE,Operate,Heritage Asset|Object|Project,F22|F27,F22.01|F27.04,Conservation Plan,Object Workspace,condition|significance|materials|constraints,Treatment authorisation,"Approved method, stages and responsibilities",candidate-revalidation
JOB-CONS,Conservator,21,"Heritage, Conservation & Landscape",,gap-no-direct-job-profile,WP-CONS-003,Treatment / Intervention Record,NATIVE,Operate,Heritage Asset|Object|Activity,F27,F27.06,Treatment / Execution Record,Field/Mobile composition,approved plan|materials|tools,QA / updated condition,"Actions, operator, dates and before/after evidence",candidate-revalidation
JOB-CONS,Conservator,21,"Heritage, Conservation & Landscape",,gap-no-direct-job-profile,WP-CONS-004,Material / Provenance Record,NATIVE,Enterprise Data,Heritage Asset|Material|Source,F10|F22,F10.05|F22.06,Material / Provenance Record,Enterprise Grid,procurement|historic samples|supplier data,Treatment record / archive,"Source, batch, composition and usage",candidate-revalidation
JOB-CONS,Conservator,21,"Heritage, Conservation & Landscape",,gap-no-direct-job-profile,WP-CONS-005,Conservation Photo / Evidence Set,NATIVE,Operate,Heritage Asset|Object|Information Container,F26,F26.05,Evidence / Information Container,Viewer Workspace,condition|treatment stages,Report / archive,"Date, viewpoint, stage and provenance",candidate-revalidation
JOB-CONS,Conservator,21,"Heritage, Conservation & Landscape",,gap-no-direct-job-profile,WP-CONS-006,Conservation Quality / Review Record,NATIVE,Operate,Heritage Asset|Treatment|Review,F13,F13.04,Inspection / Review,Object Workspace,plan|treatment|criteria,Acceptance / corrective action,"Reviewer, findings and disposition",candidate-revalidation
JOB-CONS,Conservator,21,"Heritage, Conservation & Landscape",,gap-no-direct-job-profile,WP-CONS-007,Conservation Exception / Damage Case,NATIVE,Operate,Heritage Asset|Object|Finding,F13|F20,F13.05|F20.03,Conservation Case / Finding,Case Workspace,damage|unexpected condition|treatment issue,Revised plan / decision,"Evidence, options, decision and closure",candidate-revalidation
JOB-CONS,Conservator,21,"Heritage, Conservation & Landscape",,gap-no-direct-job-profile,WP-CONS-008,Conservation Completion / Archive Report,ASSISTED,Operate,Heritage Asset|Project|Archive,F22|F26,F22.06|F26.06,Conservation Report / Archive Package,Assisted Report Generator,condition|plan|treatment|materials|photos|reviews,Owner / curator / archive,"Source manifest, final condition and stewardship",candidate-revalidation
JOB-LAB,Construction Labourer,23,Site Delivery & Construction Management,,gap-no-direct-job-profile,WP-LAB-001,Daily Task / Work Allocation,NATIVE,Deliver,Project|Site|Work Package|Shift,F27,F27.06,Task Allocation,My Work|Field/Mobile composition,supervisor allocation|location|method,Execution,"Assigned task, location and shift",candidate-revalidation
JOB-LAB,Construction Labourer,23,Site Delivery & Construction Management,,gap-no-direct-job-profile,WP-LAB-002,Induction / Briefing Acknowledgement,NATIVE,Deliver,Site|Person|Shift,F23,F23.01,Induction / Briefing Evidence,Field/Mobile composition,site induction|toolbox talk|RAMS,Authorised participation,"Person, briefing revision and time",candidate-revalidation
JOB-LAB,Construction Labourer,23,Site Delivery & Construction Management,,gap-no-direct-job-profile,WP-LAB-003,Pre-Task / Area Check,NATIVE,Deliver,Site|Location|Task,F23,F23.02,Pre-Task Check,Field/Mobile composition,task|area|controls,Start / escalation,Observed conditions and exceptions,candidate-revalidation
JOB-LAB,Construction Labourer,23,Site Delivery & Construction Management,,gap-no-direct-job-profile,WP-LAB-004,Labour / Time Record,NATIVE,Deliver,Person|Project|Shift|Activity,F15|F27,F15.10|F27.06,Time / Attendance Record,Field/Mobile composition,shift|task allocation,Payroll / job cost,"Person, time, activity and approval",candidate-revalidation
JOB-LAB,Construction Labourer,23,Site Delivery & Construction Management,,gap-no-direct-job-profile,WP-LAB-005,Material / Equipment Movement Record,NATIVE,Deliver,Site|Material|Equipment|Location,F10|F22,F10.05|F22.06,Material / Equipment Movement,Field/Mobile composition,instruction|stock|equipment,Work execution / inventory,"Item, quantity, from/to and handler",candidate-revalidation
JOB-LAB,Construction Labourer,23,Site Delivery & Construction Management,,gap-no-direct-job-profile,WP-LAB-006,Task Progress / Completion Record,NATIVE,Deliver,Task|Location|Work Package,F27,F27.06,Progress Record,Field/Mobile composition,task allocation|work completed,Supervisor / project progress,"Quantity/status, time and evidence",candidate-revalidation
JOB-LAB,Construction Labourer,23,Site Delivery & Construction Management,,gap-no-direct-job-profile,WP-LAB-007,Hazard / Incident / Near Miss Report,NATIVE,Deliver,Site|Location|Person|Incident,F23,F23.04,Incident / Hazard Report,Field/Mobile composition,event|observation,Investigation / action,"Time, location, description and evidence",candidate-revalidation
JOB-LAB,Construction Labourer,23,Site Delivery & Construction Management,,gap-no-direct-job-profile,WP-LAB-008,Shift Handover / Open Item Record,NATIVE,Deliver,Site|Shift|Task,F27,F27.06,Shift Handover,My Work|Field/Mobile composition,progress|issues|materials,Next shift / supervisor,"Status, open items and acknowledgement",candidate-revalidation
JOB-PLMECH,Construction Plant Mechanic,25,"Plant, Equipment & Specialist Operations",,gap-no-direct-job-profile,WP-PLMECH-001,Plant Inspection / Diagnostic Record,NATIVE,Operate,Asset|Site|Work Order,F22,F22.09,Asset Inspection / Diagnostic,Field/Mobile composition,asset history|operator defect|inspection criteria,Maintenance work,"Symptoms, readings and mechanic",candidate-revalidation
JOB-PLMECH,Construction Plant Mechanic,25,"Plant, Equipment & Specialist Operations",,gap-no-direct-job-profile,WP-PLMECH-002,Maintenance Work Order,NATIVE,Operate,Asset|Work Order|Site,F22,F22.08,Maintenance Work Order,Field/Mobile composition,defect|service schedule|priority,Repair / service,"Authorised scope, dates and assignee",candidate-revalidation
JOB-PLMECH,Construction Plant Mechanic,25,"Plant, Equipment & Specialist Operations",,gap-no-direct-job-profile,WP-PLMECH-003,Parts / Consumables Issue,NATIVE,Operate,Asset|Work Order|Material,F10|F22,F10.05|F22.08,Parts Issue / Consumption,Enterprise Grid,work order|stock|part identity,Repair / inventory / cost,"Part, quantity, batch/serial and asset",candidate-revalidation
JOB-PLMECH,Construction Plant Mechanic,25,"Plant, Equipment & Specialist Operations",,gap-no-direct-job-profile,WP-PLMECH-004,Repair / Service Record,NATIVE,Operate,Asset|Work Order,F22,F22.08,Maintenance Execution Record,Field/Mobile composition,work order|parts|method,Test / asset history,"Work performed, mechanic and configuration",candidate-revalidation
JOB-PLMECH,Construction Plant Mechanic,25,"Plant, Equipment & Specialist Operations",,gap-no-direct-job-profile,WP-PLMECH-005,Post-Repair Test / Inspection,NATIVE,Operate,Asset|Work Order,F13|F22,F13.04|F22.09,Inspection / Functional Test,Field/Mobile composition,repair|test criteria,Release / further work,"Measurements, result and tester",candidate-revalidation
JOB-PLMECH,Construction Plant Mechanic,25,"Plant, Equipment & Specialist Operations",,gap-no-direct-job-profile,WP-PLMECH-006,Plant Defect / Failure Analysis,NATIVE,Operate,Asset|Failure|Work Order,F22|F20,F22.09|F20.03,Failure / Defect Case,Case Workspace,breakdown|history|parts|conditions,Corrective action / reliability,"Cause, evidence and disposition",candidate-revalidation
JOB-PLMECH,Construction Plant Mechanic,25,"Plant, Equipment & Specialist Operations",,gap-no-direct-job-profile,WP-PLMECH-007,Plant Service History / Meter Update,NATIVE,Enterprise Data,Asset|Meter|Service Event,F22,F22.06,Asset Service History,Object Workspace,service record|meter reading,Next service / lifecycle,"Meter, date, service type and provenance",candidate-revalidation
JOB-PLMECH,Construction Plant Mechanic,25,"Plant, Equipment & Specialist Operations",,gap-no-direct-job-profile,WP-PLMECH-008,Plant Release / Return-to-Service Record,NATIVE,Operate,Asset|Site|Work Order,F22,F22.08,Return-to-Service Decision,Decision Workspace,completed work|test|open defects,Operations / allocation,"Release authority, restrictions and evidence",candidate-revalidation
JOB-CRANE,Crane Driver,28,"Plant, Equipment & Specialist Operations",,gap-no-direct-job-profile,WP-CRANE-001,Lift / Task Allocation,NATIVE,Deliver,Project|Site|Lift|Plant,F27,F27.06,Lift / Task Allocation,My Work|Field/Mobile composition,lift plan|programme|plant allocation,Pre-lift check,"Crane, operator, lift, time and location",candidate-revalidation
JOB-CRANE,Crane Driver,28,"Plant, Equipment & Specialist Operations",,gap-no-direct-job-profile,WP-CRANE-002,Lift Plan / Briefing Acknowledgement,NATIVE,Deliver,Lift|Person|Site,F23|F26,F23.02|F26.05,Briefing / Control Evidence,Field/Mobile composition,lift plan|RAMS|permit,Authorised lift,"Exact revision, operator and acknowledgement",candidate-revalidation
JOB-CRANE,Crane Driver,28,"Plant, Equipment & Specialist Operations",,gap-no-direct-job-profile,WP-CRANE-003,Crane Pre-Use Inspection,NATIVE,Deliver,Asset|Site|Shift,F22|F23,F22.09|F23.03,Pre-Use Inspection,Field/Mobile composition,asset|inspection checklist,Operation / defect,"Checks, result and operator",candidate-revalidation
JOB-CRANE,Crane Driver,28,"Plant, Equipment & Specialist Operations",,gap-no-direct-job-profile,WP-CRANE-004,Lift Execution Log,NATIVE,Deliver,Lift|Asset|Shift|Location,F27,F27.06,Lift Execution Record,Field/Mobile composition,allocation|lift plan|load,Progress / evidence,"Load, time, location and operator",candidate-revalidation
JOB-CRANE,Crane Driver,28,"Plant, Equipment & Specialist Operations",,gap-no-direct-job-profile,WP-CRANE-005,Crane Hours / Utilisation Record,NATIVE,Deliver,Asset|Project|Shift,F22,F22.09,Plant Utilisation Record,Field/Mobile composition,meter start/end|task,Cost / maintenance,"Hours, task and operator",candidate-revalidation
JOB-CRANE,Crane Driver,28,"Plant, Equipment & Specialist Operations",,gap-no-direct-job-profile,WP-CRANE-006,Crane Defect / Out-of-Service Record,NATIVE,Operate,Asset|Defect|Site,F22,F22.08,Plant Defect,Field/Mobile composition,pre-use check|operation event,Maintenance work order,"Symptoms, safe state and evidence",candidate-revalidation
JOB-CRANE,Crane Driver,28,"Plant, Equipment & Specialist Operations",,gap-no-direct-job-profile,WP-CRANE-007,Lift Incident / Near Miss Report,NATIVE,Deliver,Lift|Site|Incident,F23,F23.04,Incident,Field/Mobile composition,event|people|photos,Investigation / action,"Time, location, witnesses and evidence",candidate-revalidation
JOB-CRANE,Crane Driver,28,"Plant, Equipment & Specialist Operations",,gap-no-direct-job-profile,WP-CRANE-008,Shift / Plant Handover Record,NATIVE,Deliver,Asset|Shift|Person,F22,F22.09,Plant Handover,Field/Mobile composition,hours|defects|open lifts,Next operator / supervisor,"Condition, open issues and acknowledgement",candidate-revalidation
JOB-DEMO,Demolition Operative,29,Site Delivery & Construction Management,,gap-no-direct-job-profile,WP-DEMO-001,Demolition Task / Work Pack,ASSISTED,Deliver,Project|Site|Work Package,F27|F26,F27.06|F26.05,Work Package / Task Pack,Assisted Report Generator,demolition plan|drawings|method|survey,Execution,"Exact scope, sequence and information revisions",candidate-revalidation
JOB-DEMO,Demolition Operative,29,Site Delivery & Construction Management,,gap-no-direct-job-profile,WP-DEMO-002,Permit / Hazard Control Acknowledgement,NATIVE,Deliver,Site|Work Package|Person,F23,F23.05,Permit / Control Record,Field/Mobile composition,permit|RAMS|hazard survey,Authorised start,"Control revision, person and time",candidate-revalidation
JOB-DEMO,Demolition Operative,29,Site Delivery & Construction Management,,gap-no-direct-job-profile,WP-DEMO-003,Pre-Demolition Area / Service Check,NATIVE,Deliver,Site|Location|Work Package,F23|F22,F23.02|F22.06,Pre-Start / Isolation Check,Field/Mobile composition,service information|hazard data|area,Execution / escalation,"Checks, isolations and exceptions",candidate-revalidation
JOB-DEMO,Demolition Operative,29,Site Delivery & Construction Management,,gap-no-direct-job-profile,WP-DEMO-004,Demolition Execution / Progress Record,NATIVE,Deliver,Work Package|Location|Shift,F27,F27.06,Execution / Progress Record,Field/Mobile composition,task|plant|crew,Project progress,"Quantity/status, time and evidence",candidate-revalidation
JOB-DEMO,Demolition Operative,29,Site Delivery & Construction Management,,gap-no-direct-job-profile,WP-DEMO-005,Waste / Material Segregation Record,NATIVE,Deliver,Site|Waste|Material|Work Package,F23,F23.08,Waste / Resource Evidence,Field/Mobile composition,demolition output|classification,Reuse / disposal / compliance,"Material, quantity, route and evidence",candidate-revalidation
JOB-DEMO,Demolition Operative,29,Site Delivery & Construction Management,,gap-no-direct-job-profile,WP-DEMO-006,Demolition Plant / Resource Usage,NATIVE,Deliver,Work Package|Plant|Shift,F22|F27,F22.09|F27.06,Plant / Resource Usage,Field/Mobile composition,allocation|task,Cost / maintenance,"Asset, hours, task and operator",candidate-revalidation
JOB-DEMO,Demolition Operative,29,Site Delivery & Construction Management,,gap-no-direct-job-profile,WP-DEMO-007,Hazardous Material / Incident Exception,NATIVE,Deliver,Site|Location|Finding,F23|F20,F23.04|F20.03,Incident / Compliance Case,Case Workspace,unexpected material|event|survey,Stop / investigate / remediate,"Evidence, safe state and disposition",candidate-revalidation
JOB-DEMO,Demolition Operative,29,Site Delivery & Construction Management,,gap-no-direct-job-profile,WP-DEMO-008,Area Clearance / Handover Record,NATIVE,Deliver,Site|Location|Work Package,F13|F27,F13.08|F27.08,Completion / Handover Record,Field/Mobile composition,completed demolition|waste records|open items,Next works / project,"Clearance, acceptance and residual issues",candidate-revalidation
JOB-LAND,Landscaper,52,"Heritage, Conservation & Landscape",,gap-no-direct-job-profile,WP-LAND-001,Landscape Job / Site Work Plan,NATIVE,Deliver,Project|Site|Area,F27,F27.06,Work Plan / Task Pack,Object Workspace,design|scope|site condition,Resource allocation / execution,"Scope, sequence, location and dates",candidate-revalidation
JOB-LAND,Landscaper,52,"Heritage, Conservation & Landscape",,gap-no-direct-job-profile,WP-LAND-002,Site Measure / Setting-Out Record,NATIVE,Deliver,Site|Area|Location,F27|F26,F27.06|F26.05,Measurement / Set-Out Record,Field/Mobile composition,plan|survey|dimensions,Materials / execution,Measured/set-out points and evidence,candidate-revalidation
JOB-LAND,Landscaper,52,"Heritage, Conservation & Landscape",,gap-no-direct-job-profile,WP-LAND-003,Planting / Material Schedule,NATIVE,Deliver,Site|Area|Material,F10|F27,F10.05|F27.06,Material / Planting Schedule,Enterprise Grid,design|species/products|quantities,Procurement / execution,"Item, quantity, source and area",candidate-revalidation
JOB-LAND,Landscaper,52,"Heritage, Conservation & Landscape",,gap-no-direct-job-profile,WP-LAND-004,Landscape Execution / Progress Record,NATIVE,Deliver,Site|Area|Work Package,F27,F27.06,Execution / Progress Record,Field/Mobile composition,work plan|materials|crew,Progress / inspection,Completed area/quantity and photos,candidate-revalidation
JOB-LAND,Landscaper,52,"Heritage, Conservation & Landscape",,gap-no-direct-job-profile,WP-LAND-005,Plant / Tool Usage Record,NATIVE,Deliver,Site|Plant|Shift,F22,F22.09,Plant Usage Record,Field/Mobile composition,allocation|task,Cost / maintenance,"Asset, hours, operator and task",candidate-revalidation
JOB-LAND,Landscaper,52,"Heritage, Conservation & Landscape",,gap-no-direct-job-profile,WP-LAND-006,Landscape Quality / Establishment Check,NATIVE,Deliver,Site|Area|Work Package,F13,F13.04,Inspection / Quality Check,Field/Mobile composition,design|specification|completed works,Defect / acceptance,"Criteria, condition and inspector",candidate-revalidation
JOB-LAND,Landscaper,52,"Heritage, Conservation & Landscape",,gap-no-direct-job-profile,WP-LAND-007,Landscape Defect / Replacement Record,NATIVE,Deliver,Site|Area|Finding,F13,F13.05,Defect / Corrective Action,Case Workspace,inspection|failure|damage,Replacement / remediation,"Evidence, action and closure",candidate-revalidation
JOB-LAND,Landscaper,52,"Heritage, Conservation & Landscape",,gap-no-direct-job-profile,WP-LAND-008,Landscape Completion / Maintenance Handover,ASSISTED,Deliver,Site|Area|Operations,F22|F27,F22.07|F27.08,Handover / Maintenance Record,Assisted Report Generator,completed works|planting|defects|care requirements,Grounds maintenance / client,"Accepted areas, maintenance requirements and evidence",candidate-revalidation
JOB-LIGHT,Lighting Technician,53,"Plant, Equipment & Specialist Operations",,gap-no-direct-job-profile,WP-LIGHT-001,Lighting Equipment / Setup Plan,NATIVE,Operate,Event|Site|Equipment,F12|F27,F12.01|F27.06,Equipment / Setup Plan,Object Workspace,brief|venue|equipment inventory,Allocation / setup,"Equipment, location, timing and responsibilities",candidate-revalidation
JOB-LIGHT,Lighting Technician,53,"Plant, Equipment & Specialist Operations",,gap-no-direct-job-profile,WP-LIGHT-002,Lighting Equipment Allocation,NATIVE,Operate,Equipment|Event|Person,F22|F10,F22.06|F10.04,Equipment Allocation,Enterprise Grid,inventory|setup plan,Setup / return,"Asset identity, assignee and period",candidate-revalidation
JOB-LIGHT,Lighting Technician,53,"Plant, Equipment & Specialist Operations",,gap-no-direct-job-profile,WP-LIGHT-003,Pre-Use Equipment Check,NATIVE,Operate,Equipment|Site|Shift,F22,F22.09,Pre-Use Inspection,Field/Mobile composition,equipment|checklist,Operation / defect,"Condition, result and technician",candidate-revalidation
JOB-LIGHT,Lighting Technician,53,"Plant, Equipment & Specialist Operations",,gap-no-direct-job-profile,WP-LIGHT-004,Lighting Setup / Configuration Record,NATIVE,Operate,Event|Location|Equipment,F12|F22,F12.03|F22.06,Setup / Configuration Record,Field/Mobile composition,plan|equipment|settings,Operation,"Installed equipment, settings and location",candidate-revalidation
JOB-LIGHT,Lighting Technician,53,"Plant, Equipment & Specialist Operations",,gap-no-direct-job-profile,WP-LIGHT-005,Operation / Cue / Event Log,NATIVE,Operate,Event|Equipment|Time,F12,F12.03,Service / Operation Log,Field/Mobile composition,setup|run plan,Performance evidence,"Time, action, operator and exceptions",candidate-revalidation
JOB-LIGHT,Lighting Technician,53,"Plant, Equipment & Specialist Operations",,gap-no-direct-job-profile,WP-LIGHT-006,Lighting Fault / Defect Record,NATIVE,Operate,Equipment|Event|Defect,F22,F22.08,Equipment Defect,Case Workspace,operation|pre-use|failure,Repair / substitution,"Symptoms, safe state and disposition",candidate-revalidation
JOB-LIGHT,Lighting Technician,53,"Plant, Equipment & Specialist Operations",,gap-no-direct-job-profile,WP-LIGHT-007,Lighting Maintenance / Repair Record,NATIVE,Operate,Equipment|Work Order,F22,F22.08,Maintenance Execution Record,Field/Mobile composition,defect|parts,Return to service,"Repair, parts, test and technician",candidate-revalidation
JOB-LIGHT,Lighting Technician,53,"Plant, Equipment & Specialist Operations",,gap-no-direct-job-profile,WP-LIGHT-008,Equipment Return / Inventory Reconciliation,NATIVE,Operate,Event|Equipment|Inventory,F10|F22,F10.04|F22.06,Return / Inventory Reconciliation,Enterprise Grid,allocations|event log|faults,Stock / maintenance,"Returned assets, condition and variances",candidate-revalidation
JOB-QUARRYENG,Quarry Engineer,61,"Plant, Equipment & Specialist Operations",,gap-no-direct-job-profile,WP-QUARRYENG-001,Quarry / Extraction Plan,NATIVE,Operate,Site|Area|Period,F27|F22,F27.04|F22.01,Extraction / Production Plan,Map Workspace|Object Workspace,reserves|survey|licence|demand,Production / plant plan,"Approved phases, assumptions and constraints",candidate-revalidation
JOB-QUARRYENG,Quarry Engineer,61,"Plant, Equipment & Specialist Operations",,gap-no-direct-job-profile,WP-QUARRYENG-002,Quarry Survey / Geological Model,CONNECTED,Operate,Site|Area|Dataset,F26,F26.05,Information Container: Survey / Model,Connected Authoring Adapter,survey|geology|historic production,Extraction design / reconciliation,"Model revision, source and checker",candidate-revalidation
JOB-QUARRYENG,Quarry Engineer,61,"Plant, Equipment & Specialist Operations",,gap-no-direct-job-profile,WP-QUARRYENG-003,Plant / Production Allocation,NATIVE,Operate,Site|Plant|Shift|Area,F22|F27,F22.09|F27.06,Plant / Production Allocation,Enterprise Grid,plan|plant availability|crew,Shift production,"Assets, area, target and shift",candidate-revalidation
JOB-QUARRYENG,Quarry Engineer,61,"Plant, Equipment & Specialist Operations",,gap-no-direct-job-profile,WP-QUARRYENG-004,Extraction / Production Record,NATIVE,Operate,Site|Area|Shift|Material,F11|F27,F11.03|F27.06,Production Record,Field/Mobile composition,allocation|survey|material class,Stock / performance / reconciliation,"Quantity, location, material and shift",candidate-revalidation
JOB-QUARRYENG,Quarry Engineer,61,"Plant, Equipment & Specialist Operations",,gap-no-direct-job-profile,WP-QUARRYENG-005,Quarry Safety / Geotechnical Inspection,NATIVE,Operate,Site|Area|Location,F23|F13,F23.03|F13.04,Inspection,Field/Mobile composition,inspection plan|faces|roads|plant,Action / restriction,"Observations, photos and inspector",candidate-revalidation
JOB-QUARRYENG,Quarry Engineer,61,"Plant, Equipment & Specialist Operations",,gap-no-direct-job-profile,WP-QUARRYENG-006,Environmental / Restoration Monitoring,NATIVE,Operate,Site|Area|Period,F23,F23.07,Environmental Monitoring Record,Field/Mobile composition,permit|restoration plan|monitoring points,Compliance / restoration action,"Measurements, location and evidence",candidate-revalidation
JOB-QUARRYENG,Quarry Engineer,61,"Plant, Equipment & Specialist Operations",,gap-no-direct-job-profile,WP-QUARRYENG-007,Quarry Plant / Production Exception,NATIVE,Operate,Site|Plant|Production|Finding,F22|F20,F22.09|F20.03,Exception / Failure Case,Case Workspace,production|plant|survey|incident,Corrective action / replanning,"Evidence, cause and disposition",candidate-revalidation
JOB-QUARRYENG,Quarry Engineer,61,"Plant, Equipment & Specialist Operations",,gap-no-direct-job-profile,WP-QUARRYENG-008,Quarry Performance / Restoration Report,ASSISTED,Operate,Site|Period|Authority,F23|F27,F23.07|F27.07,Controlled Reporting Snapshot,Assisted Report Generator,production|survey|inspection|environment|restoration,Management / regulator,Period-locked evidence and source references,candidate-revalidation
JOB-QUARRYW,Quarry Worker,62,"Plant, Equipment & Specialist Operations",,gap-no-direct-job-profile,WP-QUARRYW-001,Quarry Shift / Task Allocation,NATIVE,Operate,Site|Area|Shift|Person,F27,F27.06,Task Allocation,My Work|Field/Mobile composition,production plan|supervisor allocation,Pre-start / execution,"Task, area, shift and assignee",candidate-revalidation
JOB-QUARRYW,Quarry Worker,62,"Plant, Equipment & Specialist Operations",,gap-no-direct-job-profile,WP-QUARRYW-002,Plant / Area Pre-Start Check,NATIVE,Operate,Site|Area|Plant|Shift,F22|F23,F22.09|F23.02,Pre-Start / Pre-Use Check,Field/Mobile composition,task|plant|area,Authorised start,"Condition, defects and controls",candidate-revalidation
JOB-QUARRYW,Quarry Worker,62,"Plant, Equipment & Specialist Operations",,gap-no-direct-job-profile,WP-QUARRYW-003,Extraction / Production Log,NATIVE,Operate,Site|Area|Shift|Material,F11|F27,F11.03|F27.06,Production Record,Field/Mobile composition,task|plant|material,Stock / performance,"Quantity, material class and operator",candidate-revalidation
JOB-QUARRYW,Quarry Worker,62,"Plant, Equipment & Specialist Operations",,gap-no-direct-job-profile,WP-QUARRYW-004,Material / Stockpile Movement,NATIVE,Operate,Material|Stockpile|Plant|Site,F10|F27,F10.04|F27.06,Material Movement Record,Field/Mobile composition,production|stockpile locations,Inventory / dispatch,"Quantity, from/to and operator",candidate-revalidation
JOB-QUARRYW,Quarry Worker,62,"Plant, Equipment & Specialist Operations",,gap-no-direct-job-profile,WP-QUARRYW-005,Safety / Workplace Inspection,NATIVE,Operate,Site|Area|Shift,F23,F23.03,Inspection,Field/Mobile composition,inspection criteria|area,Action / restriction,"Observation, location and evidence",candidate-revalidation
JOB-QUARRYW,Quarry Worker,62,"Plant, Equipment & Specialist Operations",,gap-no-direct-job-profile,WP-QUARRYW-006,Plant Defect / Breakdown Report,NATIVE,Operate,Plant|Site|Defect,F22,F22.08,Plant Defect,Field/Mobile composition,pre-use|operation event,Maintenance work order,"Symptoms, safe state and operator",candidate-revalidation
JOB-QUARRYW,Quarry Worker,62,"Plant, Equipment & Specialist Operations",,gap-no-direct-job-profile,WP-QUARRYW-007,Quarry Incident / Near Miss,NATIVE,Operate,Site|Area|Incident,F23,F23.04,Incident,Field/Mobile composition,event|people|plant,Investigation / action,"Time, location and evidence",candidate-revalidation
JOB-QUARRYW,Quarry Worker,62,"Plant, Equipment & Specialist Operations",,gap-no-direct-job-profile,WP-QUARRYW-008,Shift Handover / Production Summary,NATIVE,Operate,Site|Shift|Area,F27,F27.06,Shift Handover,My Work|Object Workspace,production|defects|incidents|open tasks,Next shift / supervisor,"Output, open items and acknowledgement",candidate-revalidation
JOB-SCAF,Scaffolder,67,"Plant, Equipment & Specialist Operations",,gap-no-direct-job-profile,WP-SCAF-001,Scaffold Requirement / Work Pack,ASSISTED,Deliver,Project|Site|Location|Scaffold,F27|F26,F27.06|F26.05,Work Package / Scaffold Requirement,Assisted Report Generator,access need|design/reference|load class|location,Erection,Approved scope and exact design/reference,candidate-revalidation
JOB-SCAF,Scaffolder,67,"Plant, Equipment & Specialist Operations",,gap-no-direct-job-profile,WP-SCAF-002,Scaffold Material / Component Allocation,NATIVE,Deliver,Scaffold|Material|Site,F10|F27,F10.05|F27.06,Component Allocation,Enterprise Grid,work pack|stock|component identity,Erection / inventory,"Component, quantity and location",candidate-revalidation
JOB-SCAF,Scaffolder,67,"Plant, Equipment & Specialist Operations",,gap-no-direct-job-profile,WP-SCAF-003,Scaffold Erection / Alteration Record,NATIVE,Deliver,Scaffold|Site|Location|Shift,F27,F27.06,Execution Record,Field/Mobile composition,work pack|components|crew,Inspection / handover,"Configuration, date, crew and photos",candidate-revalidation
JOB-SCAF,Scaffolder,67,"Plant, Equipment & Specialist Operations",,gap-no-direct-job-profile,WP-SCAF-004,Scaffold Inspection,NATIVE,Deliver,Scaffold|Site|Location,F13|F23,F13.04|F23.03,Inspection,Field/Mobile composition,erected scaffold|criteria,Tag / handover / defect,"Criteria, result and inspector",candidate-revalidation
JOB-SCAF,Scaffolder,67,"Plant, Equipment & Specialist Operations",,gap-no-direct-job-profile,WP-SCAF-005,Scaffold Tag / Status Record,NATIVE,Deliver,Scaffold|Site,F23,F23.03,Scaffold Status / Tag,Field/Mobile composition,inspection|restrictions,Use / isolation,"Status, date, inspector and restrictions",candidate-revalidation
JOB-SCAF,Scaffolder,67,"Plant, Equipment & Specialist Operations",,gap-no-direct-job-profile,WP-SCAF-006,Scaffold Defect / Restriction Record,NATIVE,Deliver,Scaffold|Finding|Site,F13|F23,F13.05|F23.03,Defect / Restriction,Case Workspace,inspection|event,Repair / reinspection,"Evidence, safe state and closure",candidate-revalidation
JOB-SCAF,Scaffolder,67,"Plant, Equipment & Specialist Operations",,gap-no-direct-job-profile,WP-SCAF-007,Scaffold Handover Certificate,ASSISTED,Deliver,Scaffold|Party|Site,F13|F26,F13.08|F26.05,Certificate / Formal Attestation,Assisted Report Generator,inspection|configuration|design/reference,User / principal contractor,Signer authority and accepted status,candidate-revalidation
JOB-SCAF,Scaffolder,67,"Plant, Equipment & Specialist Operations",,gap-no-direct-job-profile,WP-SCAF-008,Scaffold Dismantle / Return Record,NATIVE,Deliver,Scaffold|Site|Material,F10|F27,F10.05|F27.06,Dismantle / Material Return,Field/Mobile composition,instruction|scaffold status,Inventory / area release,"Components returned, condition and area clear",candidate-revalidation
JOB-STEEP,Steeplejack,73,"Plant, Equipment & Specialist Operations",,gap-no-direct-job-profile,WP-STEEP-001,Access / Specialist Work Plan,ASSISTED,Deliver,Site|Structure|Work Package,F27|F23,F27.06|F23.02,Specialist Work / Access Plan,Assisted Report Generator,scope|structure|access method|weather/constraints,Permit / execution,"Approved scope, method and exact references",candidate-revalidation
JOB-STEEP,Steeplejack,73,"Plant, Equipment & Specialist Operations",,gap-no-direct-job-profile,WP-STEEP-002,Permit / Rescue / Control Check,NATIVE,Deliver,Site|Structure|Person,F23,F23.05,Permit / Control Record,Field/Mobile composition,work plan|rescue plan|competence|weather,Authorised start,"Controls, person, time and exceptions",candidate-revalidation
JOB-STEEP,Steeplejack,73,"Plant, Equipment & Specialist Operations",,gap-no-direct-job-profile,WP-STEEP-003,High-Level Structure Inspection,NATIVE,Deliver,Structure|Location|Asset,F22|F13,F22.09|F13.04,Inspection,Field/Mobile composition,inspection scope|asset history,Repair / report,"Photos, observations and inspector",candidate-revalidation
JOB-STEEP,Steeplejack,73,"Plant, Equipment & Specialist Operations",,gap-no-direct-job-profile,WP-STEEP-004,Repair / Maintenance Execution Record,NATIVE,Deliver,Structure|Asset|Work Package,F22|F27,F22.08|F27.06,Maintenance / Execution Record,Field/Mobile composition,work order|materials|method,Test / completion,"Work performed, location and evidence",candidate-revalidation
JOB-STEEP,Steeplejack,73,"Plant, Equipment & Specialist Operations",,gap-no-direct-job-profile,WP-STEEP-005,Lightning Protection / Specialist Test,NATIVE,Deliver,Structure|System|Asset,F13|F22,F13.04|F22.06,Inspection / Test,Field/Mobile composition,test criteria|system,Acceptance / corrective action,"Readings, result and instrument",candidate-revalidation
JOB-STEEP,Steeplejack,73,"Plant, Equipment & Specialist Operations",,gap-no-direct-job-profile,WP-STEEP-006,Material / Equipment Usage,NATIVE,Deliver,Work Package|Material|Equipment,F10|F22,F10.05|F22.06,Usage Record,Field/Mobile composition,issued items|task,Cost / inventory,"Item, quantity, task and handler",candidate-revalidation
JOB-STEEP,Steeplejack,73,"Plant, Equipment & Specialist Operations",,gap-no-direct-job-profile,WP-STEEP-007,High-Level Defect / Safety Exception,NATIVE,Deliver,Structure|Finding|Site,F13|F23,F13.05|F23.04,Defect / Incident Case,Case Workspace,inspection|event,Restriction / repair / investigation,"Evidence, safe state and disposition",candidate-revalidation
JOB-STEEP,Steeplejack,73,"Plant, Equipment & Specialist Operations",,gap-no-direct-job-profile,WP-STEEP-008,Specialist Work Completion Report,ASSISTED,Deliver,Structure|Project|Party,F22|F26,F22.06|F26.06,Completion / Handover Report,Assisted Report Generator,inspection|repair|tests|photos,Client / asset record,"Completed scope, residual issues and evidence manifest",candidate-revalidation
JOB-STONE,Stonemason,74,"Heritage, Conservation & Landscape",,gap-no-direct-job-profile,WP-STONE-001,Stonework Survey / Template Record,NATIVE,Deliver,Project|Heritage Asset|Location,F22|F26,F22.09|F26.05,Survey / Template Record,Field/Mobile composition,design|existing stone|dimensions,Fabrication / repair,"Measurements, photos and provenance",candidate-revalidation
JOB-STONE,Stonemason,74,"Heritage, Conservation & Landscape",,gap-no-direct-job-profile,WP-STONE-002,Stone / Material Provenance Record,NATIVE,Enterprise Data,Material|Source|Work Package,F10|F22,F10.05|F22.06,Material / Provenance Record,Enterprise Grid,supplier/quarry|specification|sample,Fabrication / conservation,"Source, batch, properties and usage",candidate-revalidation
JOB-STONE,Stonemason,74,"Heritage, Conservation & Landscape",,gap-no-direct-job-profile,WP-STONE-003,Stone Cutting / Fabrication Work Order,NATIVE,Deliver,Work Package|Material|Workshop,F11|F27,F11.03|F27.06,Fabrication Work Order,Object Workspace,template|drawing|stone|finish,Fabrication / installation,"Item, dimensions, finish and revision",candidate-revalidation
JOB-STONE,Stonemason,74,"Heritage, Conservation & Landscape",,gap-no-direct-job-profile,WP-STONE-004,Stonework Installation / Repair Record,NATIVE,Deliver,Site|Location|Heritage Asset,F27,F27.06,Execution / Treatment Record,Field/Mobile composition,fabricated item|method|mortar/fixings,Inspection / completion,"Installed/repaired item, date and craftsperson",candidate-revalidation
JOB-STONE,Stonemason,74,"Heritage, Conservation & Landscape",,gap-no-direct-job-profile,WP-STONE-005,Stonework Quality Inspection,NATIVE,Deliver,Site|Location|Work Package,F13,F13.04,Inspection,Field/Mobile composition,drawing/specification|completed work,Acceptance / defect,"Criteria, photos and inspector",candidate-revalidation
JOB-STONE,Stonemason,74,"Heritage, Conservation & Landscape",,gap-no-direct-job-profile,WP-STONE-006,Conservation Treatment / Repair Evidence,NATIVE,Deliver,Heritage Asset|Location|Treatment,F22|F26,F22.09|F26.05,Treatment / Evidence Record,Viewer Workspace|Field/Mobile composition,condition|approved treatment,Conservation archive,"Before/after evidence, materials and method",candidate-revalidation
JOB-STONE,Stonemason,74,"Heritage, Conservation & Landscape",,gap-no-direct-job-profile,WP-STONE-007,Stonework Defect / Rework Record,NATIVE,Deliver,Location|Finding|Work Package,F13,F13.05,Defect / Rework,Case Workspace,inspection|damage|nonconformance,Repair / verification,"Evidence, action and closure",candidate-revalidation
JOB-STONE,Stonemason,74,"Heritage, Conservation & Landscape",,gap-no-direct-job-profile,WP-STONE-008,Stonework Completion / Handover,ASSISTED,Deliver,Project|Heritage Asset|Party,F22|F26|F27,F22.06|F26.06|F27.08,Completion / Handover Package,Assisted Report Generator,materials|fabrication|installation|inspection|photos,Client / heritage record,"Accepted scope, provenance and evidence manifest",candidate-revalidation
JOB-KBD,Kitchen and Bathroom Designer,48,Architecture & Design,,gap-no-direct-job-profile,WP-KBD-001,Customer Brief / Design Requirement,NATIVE,Operate,Party|Property|Room|Opportunity,F07|F22,F07.02|F22.06,Customer Brief / Requirement,Object Workspace,customer needs|budget|room,Survey / concept,"Requirements, constraints and approvals",candidate-revalidation
JOB-KBD,Kitchen and Bathroom Designer,48,Architecture & Design,,gap-no-direct-job-profile,WP-KBD-002,Room Survey / Measurement Record,NATIVE,Operate,Property|Room|Opportunity,F22|F26,F22.06|F26.05,Room Survey,Field/Mobile composition,site visit|existing services,Layout / product selection,"Measurements, photos and surveyor",candidate-revalidation
JOB-KBD,Kitchen and Bathroom Designer,48,Architecture & Design,,gap-no-direct-job-profile,WP-KBD-003,Kitchen / Bathroom Layout,CONNECTED,Operate,Opportunity|Room|Information Container,F26,F26.05,Information Container: Layout / Design,Connected Authoring Adapter,brief|survey|product catalogue,Quote / approval,"Revision, dimensions and designer",candidate-revalidation
JOB-KBD,Kitchen and Bathroom Designer,48,Architecture & Design,,gap-no-direct-job-profile,WP-KBD-004,Product / Finish Schedule,NATIVE,Operate,Opportunity|Room|Product,F10|F07,F10.05|F07.04,Product / Finish Schedule,Enterprise Grid,layout|catalogue|customer choices,Quote / order,"Product, quantity, finish and location",candidate-revalidation
JOB-KBD,Kitchen and Bathroom Designer,48,Architecture & Design,,gap-no-direct-job-profile,WP-KBD-005,Customer Quote / Proposal,NATIVE,Operate,Party|Opportunity|Quote,F07,F07.04,Quotation / Proposal,Object Workspace,layout|product schedule|installation scope,Customer decision,"Price, scope, exclusions and validity",candidate-revalidation
JOB-KBD,Kitchen and Bathroom Designer,48,Architecture & Design,,gap-no-direct-job-profile,WP-KBD-006,Design Approval / Decision Record,NATIVE,Operate,Opportunity|Party|Decision,F20|F07,F20.03|F07.05,Customer Approval / Decision,Decision Workspace,quote|layout|finishes,Order / installation,"Approved revision, options and customer evidence",candidate-revalidation
JOB-KBD,Kitchen and Bathroom Designer,48,Architecture & Design,,gap-no-direct-job-profile,WP-KBD-007,Design Revision / Change Record,NATIVE,Operate,Opportunity|Change|Information Container,F26|F07,F26.05|F07.05,Revision / Change,Enterprise Change Workspace,customer change|site issue|product change,Revised quote / order,"Reason, affected items and approval",candidate-revalidation
JOB-KBD,Kitchen and Bathroom Designer,48,Architecture & Design,,gap-no-direct-job-profile,WP-KBD-008,Installation / Order Handover Pack,ASSISTED,Operate,Order|Property|Room|Party,F10|F26,F10.07|F26.06,Order / Installation Package,Assisted Report Generator,approved design|products|survey|scope,Fitter / supplier / customer,"Exact revisions, items and acceptance basis",candidate-revalidation
JOB-TPA,Town Planning Assistant,80,"Geospatial, Planning & Transport",,gap-no-direct-job-profile,WP-TPA-001,Planning Case Setup / Validation Record,NATIVE,Operate,Application|Site|Party|Authority,F19|F22,F19.01|F22.04,Planning Case / Validation,Case Workspace,application|forms|plans|fee/data,Assessment / consultation,"Submitted items, validation status and dates",candidate-revalidation
JOB-TPA,Town Planning Assistant,80,"Geospatial, Planning & Transport",,gap-no-direct-job-profile,WP-TPA-002,Site / Application Data Record,NATIVE,Operate,Site|Application|Property,F22,F22.04,Planning Site / Application Record,Object Workspace|Map Workspace,application|property/spatial data,Assessment,Canonical site links and source provenance,candidate-revalidation
JOB-TPA,Town Planning Assistant,80,"Geospatial, Planning & Transport",,gap-no-direct-job-profile,WP-TPA-003,Policy / Constraint Data Pack,NATIVE,Operate,Site|Policy|Requirement,F20|F22,F20.02|F22.04,Constraint / Requirement Register,Enterprise Grid|Map Workspace,policy|designations|spatial layers,Planner assessment,"Source, applicability and date",candidate-revalidation
JOB-TPA,Town Planning Assistant,80,"Geospatial, Planning & Transport",,gap-no-direct-job-profile,WP-TPA-004,Consultation Administration Record,NATIVE,Operate,Application|Party|Authority,F19,F19.01,Consultation Record,Object Workspace,case|consultees|dates,Responses / assessment,"Recipients, issue date and response status",candidate-revalidation
JOB-TPA,Town Planning Assistant,80,"Geospatial, Planning & Transport",,gap-no-direct-job-profile,WP-TPA-005,Planning Plan / Spatial Exhibit,CONNECTED,Operate,Application|Site|Information Container,F26,F26.05,Information Container: Plan / Map,Connected Authoring Adapter,site data|application|spatial layers,Consultation / report,"Revision, scale, extent and source data",candidate-revalidation
JOB-TPA,Town Planning Assistant,80,"Geospatial, Planning & Transport",,gap-no-direct-job-profile,WP-TPA-006,Planning Correspondence / Case Note,NATIVE,Operate,Application|Party|Case,F19|F26,F19.01|F26.05,Case Note / Correspondence,Object Workspace,contact|meeting|submission,Planner / applicant action,"Author, date, parties and linked case",candidate-revalidation
JOB-TPA,Town Planning Assistant,80,"Geospatial, Planning & Transport",,gap-no-direct-job-profile,WP-TPA-007,Decision / Condition Administration,NATIVE,Operate,Application|Decision|Requirement,F20|F22,F20.03|F22.04,Decision / Condition Record,Enterprise Grid,planner/authority decision|conditions,Issue / monitoring,"Exact decision, conditions, dates and status",candidate-revalidation
JOB-TPA,Town Planning Assistant,80,"Geospatial, Planning & Transport",,gap-no-direct-job-profile,WP-TPA-008,Planning Case Closure / Archive,ASSISTED,Operate,Application|Archive|Authority,F26|F19,F26.06|F19.01,Case Archive Package,Assisted Report Generator,submission|consultations|reports|decision|conditions,Records / future monitoring,"Completeness, retention and final status",candidate-revalidation
