job_archetype_id,job_title,career_index,domain,internal_job_profile_ids,internal_profile_state,work_product_id,work_product_name,work_product_family,exact_activity_ids,authoring_mode_candidate,enterprise_stream,context_types,primary_functions,canonical_object_candidate,authoring_primitive_candidate,upstream_inputs,downstream_handoff,evidence_requirement,review_state
EJOB-F22.03-PROFESSIONAL,Asset Acquisition Specialist,,"Legal, Risk, Assets, HSE & Resilience — F22",JP-F22.03-PROFESSIONAL,reconciled-employment-profile,WP-W9-F22.03-PROFESSIONAL-001,Asset Specification,CONTROLLED INFORMATION,F22.03.A01,NATIVE,Operate,Asset|Property|Project|Work Order|Space|Lease|Utility,F22,Asset / Property Acquisition [AGG-16-SPATIAL-ASSET],Controlled Document Editor|Object Workspace,asset/property needs|capital plan|project/maintenance data|contracts/leases|utility consumption,operations/maintenance|finance/capitalisation|project delivery|lease/accounting|asset lifecycle,"Controlled revision with author, reviewer, approver, issue/effective date and supersession provenance",candidate-explicit
EJOB-F22.03-PROFESSIONAL,Asset Acquisition Specialist,,"Legal, Risk, Assets, HSE & Resilience — F22",JP-F22.03-PROFESSIONAL,reconciled-employment-profile,WP-W9-F22.03-PROFESSIONAL-002,Asset Procurement Handoff,HANDOVER / CLOSEOUT PACKAGE,F22.03.A02,NATIVE,Operate,Asset|Property|Project|Work Order|Space|Lease|Utility,F22,Asset / Property Acquisition [AGG-16-SPATIAL-ASSET],Package Workspace|Completeness Checklist,asset/property needs|capital plan|project/maintenance data|contracts/leases|utility consumption,operations/maintenance|finance/capitalisation|project delivery|lease/accounting|asset lifecycle,"Controlled completeness set with acceptance, outstanding items, evidence and closure provenance",candidate-explicit
EJOB-F22.03-PROFESSIONAL,Asset Acquisition Specialist,,"Legal, Risk, Assets, HSE & Resilience — F22",JP-F22.03-PROFESSIONAL,reconciled-employment-profile,WP-W9-F22.03-PROFESSIONAL-003,Asset Receipt Record,EXECUTION RECORD,F22.03.A03,NATIVE,Operate,Asset|Property|Project|Work Order|Space|Lease|Utility,F22,Asset / Property Acquisition [AGG-16-SPATIAL-ASSET],Execution Record|Evidence Panel,asset/property needs|capital plan|project/maintenance data|contracts/leases|utility consumption,operations/maintenance|finance/capitalisation|project delivery|lease/accounting|asset lifecycle,Attributable who/what/when/result record with source context and evidence,candidate-explicit
EJOB-F22.03-PROFESSIONAL,Asset Acquisition Specialist,,"Legal, Risk, Assets, HSE & Resilience — F22",JP-F22.03-PROFESSIONAL,reconciled-employment-profile,WP-W9-F22.03-PROFESSIONAL-004,Asset Commissioning Record,INSPECTION / TEST,F22.03.A04,NATIVE,Operate,Asset|Property|Project|Work Order|Space|Lease|Utility,F22,Asset / Property Acquisition [AGG-16-SPATIAL-ASSET],Test / Inspection Workbench|Evidence Panel,asset/property needs|capital plan|project/maintenance data|contracts/leases|utility consumption,operations/maintenance|finance/capitalisation|project delivery|lease/accounting|asset lifecycle,"Inspection/test basis, method, result, evidence, performer/reviewer and acceptance status",candidate-explicit
EJOB-F22.03-PROFESSIONAL,Asset Acquisition Specialist,,"Legal, Risk, Assets, HSE & Resilience — F22",JP-F22.03-PROFESSIONAL,reconciled-employment-profile,WP-W9-F22.03-PROFESSIONAL-005,Asset Capitalisation Handoff,HANDOVER / CLOSEOUT PACKAGE,F22.03.A05,NATIVE,Operate,Asset|Property|Project|Work Order|Space|Lease|Utility,F22,Asset / Property Acquisition [AGG-16-SPATIAL-ASSET],Package Workspace|Completeness Checklist,asset/property needs|capital plan|project/maintenance data|contracts/leases|utility consumption,operations/maintenance|finance/capitalisation|project delivery|lease/accounting|asset lifecycle,"Controlled completeness set with acceptance, outstanding items, evidence and closure provenance",candidate-explicit
EJOB-F22.14-PROFESSIONAL,Asset Disposal Specialist,,"Legal, Risk, Assets, HSE & Resilience — F22",JP-F22.14-PROFESSIONAL,reconciled-employment-profile,WP-W9-F22.14-PROFESSIONAL-001,Asset Disposal Assessment,CASE / ASSESSMENT,F22.14.A01,NATIVE,Operate,Asset|Property|Project|Work Order|Space|Lease|Utility,F22,Asset Disposal [AGG-16-SPATIAL-ASSET],Case Workspace|Assessment Form|Evidence Panel,asset/property needs|capital plan|project/maintenance data|contracts/leases|utility consumption,operations/maintenance|finance/capitalisation|project delivery|lease/accounting|asset lifecycle,"Evidence set, assessment rationale, findings, decisions/actions and closure history",candidate-explicit
EJOB-F22.14-PROFESSIONAL,Asset Disposal Specialist,,"Legal, Risk, Assets, HSE & Resilience — F22",JP-F22.14-PROFESSIONAL,reconciled-employment-profile,WP-W9-F22.14-PROFESSIONAL-002,Asset Disposal Approval,DECISION / APPROVAL,F22.14.A02,NATIVE,Operate,Asset|Property|Project|Work Order|Space|Lease|Utility,F22,Asset Disposal [AGG-16-SPATIAL-ASSET],Decision Workspace|Approval Panel,asset/property needs|capital plan|project/maintenance data|contracts/leases|utility consumption,operations/maintenance|finance/capitalisation|project delivery|lease/accounting|asset lifecycle,"Decision, approver/authority, rationale, conditions, date and affected objects",candidate-explicit
EJOB-F22.14-PROFESSIONAL,Asset Disposal Specialist,,"Legal, Risk, Assets, HSE & Resilience — F22",JP-F22.14-PROFESSIONAL,reconciled-employment-profile,WP-W9-F22.14-PROFESSIONAL-003,Asset Sale / Recycling / Disposal Record,TRANSACTION / COMMITMENT,F22.14.A03,NATIVE,Operate,Asset|Property|Project|Work Order|Space|Lease|Utility,F22,Asset Disposal [AGG-16-SPATIAL-ASSET],Transaction Workspace|Approval Panel,asset/property needs|capital plan|project/maintenance data|contracts/leases|utility consumption,operations/maintenance|finance/capitalisation|project delivery|lease/accounting|asset lifecycle,"Counterparty/terms/authority with immutable issue, execution, amendment and completion history",candidate-explicit
EJOB-F22.14-PROFESSIONAL,Asset Disposal Specialist,,"Legal, Risk, Assets, HSE & Resilience — F22",JP-F22.14-PROFESSIONAL,reconciled-employment-profile,WP-W9-F22.14-PROFESSIONAL-004,Asset Retirement / Lifecycle-End Record,HANDOVER / CLOSEOUT PACKAGE,F22.14.A04,NATIVE,Operate,Asset|Property|Project|Work Order|Space|Lease|Utility,F22,Asset Disposal [AGG-16-SPATIAL-ASSET],Package Workspace|Completeness Checklist,asset/property needs|capital plan|project/maintenance data|contracts/leases|utility consumption,operations/maintenance|finance/capitalisation|project delivery|lease/accounting|asset lifecycle,"Controlled completeness set with acceptance, outstanding items, evidence and closure provenance",candidate-explicit
EJOB-F22.06-PROFESSIONAL,Asset Information Manager,,"Legal, Risk, Assets, HSE & Resilience — F22",JP-F22.06-PROFESSIONAL,reconciled-employment-profile,WP-W9-F22.06-PROFESSIONAL-001,Asset Master Record,CONTROLLED INFORMATION,F22.06.A01|F22.06.A02|F22.06.A03|F22.06.A04,NATIVE,Operate,Asset|Property|Project|Work Order|Space|Lease|Utility,F22,Asset [AGG-16-SPATIAL-ASSET],Controlled Document Editor|Object Workspace,asset/property needs|capital plan|project/maintenance data|contracts/leases|utility consumption,operations/maintenance|finance/capitalisation|project delivery|lease/accounting|asset lifecycle,"Controlled revision with author, reviewer, approver, issue/effective date and supersession provenance",candidate-explicit
EJOB-F22.06-PROFESSIONAL,Asset Information Manager,,"Legal, Risk, Assets, HSE & Resilience — F22",JP-F22.06-PROFESSIONAL,reconciled-employment-profile,WP-W9-F22.06-PROFESSIONAL-002,Asset Master Data Change,CHANGE,F22.06.A05,NATIVE,Operate,Asset|Property|Project|Work Order|Space|Lease|Utility,F22,Asset [AGG-16-SPATIAL-ASSET],Change Workspace|Impact Assessment,asset/property needs|capital plan|project/maintenance data|contracts/leases|utility consumption,operations/maintenance|finance/capitalisation|project delivery|lease/accounting|asset lifecycle,"Baseline, impact assessment, authority decision, implementation and verification evidence",candidate-explicit
EJOB-F22.01-PROFESSIONAL,Asset Strategy Manager,,"Legal, Risk, Assets, HSE & Resilience — F22",JP-F22.01-PROFESSIONAL,reconciled-employment-profile,WP-W9-F22.01-PROFESSIONAL-001,Asset Strategy,PLAN / STRATEGY,F22.01.A01|F22.01.A02,NATIVE,Operate,Asset|Property|Project|Work Order|Space|Lease|Utility,F22,Asset Investment Plan [AGG-16-ASSET-INVESTMENT],Object Workspace|Structure Browser|Enterprise Grid,asset/property needs|capital plan|project/maintenance data|contracts/leases|utility consumption,operations/maintenance|finance/capitalisation|project delivery|lease/accounting|asset lifecycle,"Versioned plan/strategy with assumptions, ownership, review, approval and effective-date provenance",candidate-explicit
EJOB-F22.01-PROFESSIONAL,Asset Strategy Manager,,"Legal, Risk, Assets, HSE & Resilience — F22",JP-F22.01-PROFESSIONAL,reconciled-employment-profile,WP-W9-F22.01-PROFESSIONAL-002,Asset Replacement Policy,CONTROLLED INFORMATION,F22.01.A03,NATIVE,Operate,Asset|Property|Project|Work Order|Space|Lease|Utility,F22,Asset Investment Plan [AGG-16-ASSET-INVESTMENT],Controlled Document Editor|Object Workspace,asset/property needs|capital plan|project/maintenance data|contracts/leases|utility consumption,operations/maintenance|finance/capitalisation|project delivery|lease/accounting|asset lifecycle,"Controlled revision with author, reviewer, approver, issue/effective date and supersession provenance",candidate-explicit
EJOB-F20.16-PROFESSIONAL,Assurance Manager,,"Legal, Risk, Assets, HSE & Resilience — F20",JP-F20.16-PROFESSIONAL,reconciled-employment-profile,WP-W9-F20.16-PROFESSIONAL-001,Assurance Provider / Coverage Map,STRUCTURE / BREAKDOWN,F20.16.A01,NATIVE,Operate,Risk|Requirement|Control|Audit|Finding|Assurance,F20,Audit / Assurance [AGG-21-AUDIT],Structure Browser|Enterprise Grid,strategy/risk context|regulatory obligations|control evidence|business/audit data|independence rules,management decisions|remediation|audit committee|control owners|regulatory assurance,"Versioned hierarchy/structure with element identity, relationships, effectivity and approval provenance",candidate-explicit
EJOB-F20.16-PROFESSIONAL,Assurance Manager,,"Legal, Risk, Assets, HSE & Resilience — F20",JP-F20.16-PROFESSIONAL,reconciled-employment-profile,WP-W9-F20.16-PROFESSIONAL-002,Assurance Coordination Plan,PLAN / STRATEGY,F20.16.A02,NATIVE,Operate,Risk|Requirement|Control|Audit|Finding|Assurance,F20,Audit / Assurance [AGG-21-AUDIT],Object Workspace|Structure Browser|Enterprise Grid,strategy/risk context|regulatory obligations|control evidence|business/audit data|independence rules,management decisions|remediation|audit committee|control owners|regulatory assurance,"Versioned plan/strategy with assumptions, ownership, review, approval and effective-date provenance",candidate-explicit
EJOB-F20.16-PROFESSIONAL,Assurance Manager,,"Legal, Risk, Assets, HSE & Resilience — F20",JP-F20.16-PROFESSIONAL,reconciled-employment-profile,WP-W9-F20.16-PROFESSIONAL-003,Assurance Duplication / Gap Analysis,CASE / ASSESSMENT,F20.16.A03,NATIVE,Operate,Risk|Requirement|Control|Audit|Finding|Assurance,F20,Audit / Assurance [AGG-21-AUDIT],Case Workspace|Assessment Form|Evidence Panel,strategy/risk context|regulatory obligations|control evidence|business/audit data|independence rules,management decisions|remediation|audit committee|control owners|regulatory assurance,"Evidence set, assessment rationale, findings, decisions/actions and closure history",candidate-explicit
EJOB-F24.02-PROFESSIONAL,Business Continuity Analyst,,"Legal, Risk, Assets, HSE & Resilience — F24",JP-F24.02-PROFESSIONAL,reconciled-employment-profile,WP-W9-F24.02-PROFESSIONAL-001,Business Impact Analysis,CASE / ASSESSMENT,F24.02.A01|F24.02.A02|F24.02.A03,NATIVE,Operate,Continuity Plan|BIA|Crisis|Emergency|Recovery|Physical Security|Visitor|Travel,F24,Continuity / Recovery [AGG-23-CONTINUITY],Case Workspace|Assessment Form|Evidence Panel,critical services/dependencies|site/people context|incident/crisis signals|recovery capabilities|security/travel data,business recovery|emergency services|IT DR|communications|security investigations,"Evidence set, assessment rationale, findings, decisions/actions and closure history",candidate-explicit
EJOB-F24.02-PROFESSIONAL,Business Continuity Analyst,,"Legal, Risk, Assets, HSE & Resilience — F24",JP-F24.02-PROFESSIONAL,reconciled-employment-profile,WP-W9-F24.02-PROFESSIONAL-002,Recovery Objectives / Criticality Register,REGISTER / SCHEDULE,F24.02.A04,NATIVE,Operate,Continuity Plan|BIA|Crisis|Emergency|Recovery|Physical Security|Visitor|Travel,F24,Continuity / Recovery [AGG-23-CONTINUITY],Enterprise Grid|Collection View,critical services/dependencies|site/people context|incident/crisis signals|recovery capabilities|security/travel data,business recovery|emergency services|IT DR|communications|security investigations,"Governed entries with owner, status, dates, source references and immutable change history",candidate-explicit
EJOB-F24.04-PROFESSIONAL,Business Continuity Exercise Specialist,,"Legal, Risk, Assets, HSE & Resilience — F24",JP-F24.04-PROFESSIONAL,reconciled-employment-profile,WP-W9-F24.04-PROFESSIONAL-001,Continuity Exercise Plan,PLAN / STRATEGY,F24.04.A01,NATIVE,Operate,Continuity Plan|BIA|Crisis|Emergency|Recovery|Physical Security|Visitor|Travel,F24,Continuity / Recovery [AGG-23-CONTINUITY],Object Workspace|Structure Browser|Enterprise Grid,critical services/dependencies|site/people context|incident/crisis signals|recovery capabilities|security/travel data,business recovery|emergency services|IT DR|communications|security investigations,"Versioned plan/strategy with assumptions, ownership, review, approval and effective-date provenance",candidate-explicit
EJOB-F24.04-PROFESSIONAL,Business Continuity Exercise Specialist,,"Legal, Risk, Assets, HSE & Resilience — F24",JP-F24.04-PROFESSIONAL,reconciled-employment-profile,WP-W9-F24.04-PROFESSIONAL-002,Continuity Exercise Record,INSPECTION / TEST,F24.04.A02,NATIVE,Operate,Continuity Plan|BIA|Crisis|Emergency|Recovery|Physical Security|Visitor|Travel,F24,Continuity / Recovery [AGG-23-CONTINUITY],Test / Inspection Workbench|Evidence Panel,critical services/dependencies|site/people context|incident/crisis signals|recovery capabilities|security/travel data,business recovery|emergency services|IT DR|communications|security investigations,"Inspection/test basis, method, result, evidence, performer/reviewer and acceptance status",candidate-explicit
EJOB-F24.04-PROFESSIONAL,Business Continuity Exercise Specialist,,"Legal, Risk, Assets, HSE & Resilience — F24",JP-F24.04-PROFESSIONAL,reconciled-employment-profile,WP-W9-F24.04-PROFESSIONAL-003,Exercise Evaluation Report,REPORT / SNAPSHOT,F24.04.A03,NATIVE,Operate,Continuity Plan|BIA|Crisis|Emergency|Recovery|Physical Security|Visitor|Travel,F24,Continuity / Recovery [AGG-23-CONTINUITY],Report Builder|Snapshot View,critical services/dependencies|site/people context|incident/crisis signals|recovery capabilities|security/travel data,business recovery|emergency services|IT DR|communications|security investigations,"Point-in-time/as-of snapshot with source data, calculation/filter and publication provenance",candidate-explicit
EJOB-F24.04-PROFESSIONAL,Business Continuity Exercise Specialist,,"Legal, Risk, Assets, HSE & Resilience — F24",JP-F24.04-PROFESSIONAL,reconciled-employment-profile,WP-W9-F24.04-PROFESSIONAL-004,Continuity Remediation Action,CHANGE,F24.04.A04,NATIVE,Operate,Continuity Plan|BIA|Crisis|Emergency|Recovery|Physical Security|Visitor|Travel,F24,Continuity / Recovery [AGG-23-CONTINUITY],Change Workspace|Impact Assessment,critical services/dependencies|site/people context|incident/crisis signals|recovery capabilities|security/travel data,business recovery|emergency services|IT DR|communications|security investigations,"Baseline, impact assessment, authority decision, implementation and verification evidence",candidate-explicit
EJOB-F24.01-PROFESSIONAL,Business Continuity Manager,,"Legal, Risk, Assets, HSE & Resilience — F24",JP-F24.01-PROFESSIONAL,reconciled-employment-profile,WP-W9-F24.01-PROFESSIONAL-001,Business Continuity Framework,PLAN / STRATEGY,F24.01.A01|F24.01.A03|F24.01.A04,NATIVE,Operate,Continuity Plan|BIA|Crisis|Emergency|Recovery|Physical Security|Visitor|Travel,F24,Continuity / Recovery [AGG-23-CONTINUITY],Object Workspace|Structure Browser|Enterprise Grid,critical services/dependencies|site/people context|incident/crisis signals|recovery capabilities|security/travel data,business recovery|emergency services|IT DR|communications|security investigations,"Versioned plan/strategy with assumptions, ownership, review, approval and effective-date provenance",candidate-explicit
EJOB-F24.01-PROFESSIONAL,Business Continuity Manager,,"Legal, Risk, Assets, HSE & Resilience — F24",JP-F24.01-PROFESSIONAL,reconciled-employment-profile,WP-W9-F24.01-PROFESSIONAL-002,Business Continuity Policy,CONTROLLED INFORMATION,F24.01.A02,NATIVE,Operate,Continuity Plan|BIA|Crisis|Emergency|Recovery|Physical Security|Visitor|Travel,F24,Continuity / Recovery [AGG-23-CONTINUITY],Controlled Document Editor|Object Workspace,critical services/dependencies|site/people context|incident/crisis signals|recovery capabilities|security/travel data,business recovery|emergency services|IT DR|communications|security investigations,"Controlled revision with author, reviewer, approver, issue/effective date and supersession provenance",candidate-explicit
EJOB-F24.03-PROFESSIONAL,Business Continuity Planner,,"Legal, Risk, Assets, HSE & Resilience — F24",JP-F24.03-PROFESSIONAL,reconciled-employment-profile,WP-W9-F24.03-PROFESSIONAL-001,Continuity / Recovery Strategy,PLAN / STRATEGY,F24.03.A01,NATIVE,Operate,Continuity Plan|BIA|Crisis|Emergency|Recovery|Physical Security|Visitor|Travel,F24,Continuity / Recovery [AGG-23-CONTINUITY],Object Workspace|Structure Browser|Enterprise Grid,critical services/dependencies|site/people context|incident/crisis signals|recovery capabilities|security/travel data,business recovery|emergency services|IT DR|communications|security investigations,"Versioned plan/strategy with assumptions, ownership, review, approval and effective-date provenance",candidate-explicit
EJOB-F24.03-PROFESSIONAL,Business Continuity Planner,,"Legal, Risk, Assets, HSE & Resilience — F24",JP-F24.03-PROFESSIONAL,reconciled-employment-profile,WP-W9-F24.03-PROFESSIONAL-002,Business Continuity Plan,PLAN / STRATEGY,F24.03.A02,NATIVE,Operate,Continuity Plan|BIA|Crisis|Emergency|Recovery|Physical Security|Visitor|Travel,F24,Continuity / Recovery [AGG-23-CONTINUITY],Object Workspace|Structure Browser|Enterprise Grid,critical services/dependencies|site/people context|incident/crisis signals|recovery capabilities|security/travel data,business recovery|emergency services|IT DR|communications|security investigations,"Versioned plan/strategy with assumptions, ownership, review, approval and effective-date provenance",candidate-explicit
EJOB-F24.03-PROFESSIONAL,Business Continuity Planner,,"Legal, Risk, Assets, HSE & Resilience — F24",JP-F24.03-PROFESSIONAL,reconciled-employment-profile,WP-W9-F24.03-PROFESSIONAL-003,Continuity Roles / Call Tree,STRUCTURE / BREAKDOWN,F24.03.A03,NATIVE,Operate,Continuity Plan|BIA|Crisis|Emergency|Recovery|Physical Security|Visitor|Travel,F24,Continuity / Recovery [AGG-23-CONTINUITY],Structure Browser|Enterprise Grid,critical services/dependencies|site/people context|incident/crisis signals|recovery capabilities|security/travel data,business recovery|emergency services|IT DR|communications|security investigations,"Versioned hierarchy/structure with element identity, relationships, effectivity and approval provenance",candidate-explicit
EJOB-F22.02-PROFESSIONAL,Capital Planning Manager,,"Legal, Risk, Assets, HSE & Resilience — F22",JP-F22.02-PROFESSIONAL,reconciled-employment-profile,WP-W9-F22.02-PROFESSIONAL-001,Capital Need / Opportunity Register,REGISTER / SCHEDULE,F22.02.A01,NATIVE,Operate,Asset|Property|Project|Work Order|Space|Lease|Utility,F22,Asset Investment Plan [AGG-16-ASSET-INVESTMENT],Enterprise Grid|Collection View,asset/property needs|capital plan|project/maintenance data|contracts/leases|utility consumption,operations/maintenance|finance/capitalisation|project delivery|lease/accounting|asset lifecycle,"Governed entries with owner, status, dates, source references and immutable change history",candidate-explicit
EJOB-F22.02-PROFESSIONAL,Capital Planning Manager,,"Legal, Risk, Assets, HSE & Resilience — F22",JP-F22.02-PROFESSIONAL,reconciled-employment-profile,WP-W9-F22.02-PROFESSIONAL-002,Asset Investment Business Case,DECISION / APPROVAL,F22.02.A02,NATIVE,Operate,Asset|Property|Project|Work Order|Space|Lease|Utility,F22,Asset Investment Plan [AGG-16-ASSET-INVESTMENT],Decision Workspace|Approval Panel,asset/property needs|capital plan|project/maintenance data|contracts/leases|utility consumption,operations/maintenance|finance/capitalisation|project delivery|lease/accounting|asset lifecycle,"Decision, approver/authority, rationale, conditions, date and affected objects",candidate-explicit
EJOB-F22.02-PROFESSIONAL,Capital Planning Manager,,"Legal, Risk, Assets, HSE & Resilience — F22",JP-F22.02-PROFESSIONAL,reconciled-employment-profile,WP-W9-F22.02-PROFESSIONAL-003,Capital Investment Prioritisation,DECISION / APPROVAL,F22.02.A03,NATIVE,Operate,Asset|Property|Project|Work Order|Space|Lease|Utility,F22,Asset Investment Plan [AGG-16-ASSET-INVESTMENT],Decision Workspace|Approval Panel,asset/property needs|capital plan|project/maintenance data|contracts/leases|utility consumption,operations/maintenance|finance/capitalisation|project delivery|lease/accounting|asset lifecycle,"Decision, approver/authority, rationale, conditions, date and affected objects",candidate-explicit
EJOB-F23.09-PROFESSIONAL,Carbon Manager,,"Legal, Risk, Assets, HSE & Resilience — F23",JP-F23.09-PROFESSIONAL,reconciled-employment-profile,WP-W9-F23.09-PROFESSIONAL-001,Carbon Inventory / Emissions Calculation,CALCULATION / MODEL,F23.09.A01,NATIVE,Operate,Hazard|Inspection|Incident|Permit|Environmental Aspect|Carbon|Energy|ESG,F23,Carbon / Sustainability Performance [AGG-20-CARBON],Calculation Workbench|Enterprise Grid,HSE policy|work/activity context|monitoring/test data|supplier/environmental evidence|sustainability commitments,work controls|supplier/procurement|regulatory returns|operations|ESG disclosure,"Versioned calculation/model with inputs, assumptions, method, scenario and result provenance",candidate-explicit
EJOB-F23.09-PROFESSIONAL,Carbon Manager,,"Legal, Risk, Assets, HSE & Resilience — F23",JP-F23.09-PROFESSIONAL,reconciled-employment-profile,WP-W9-F23.09-PROFESSIONAL-002,Carbon Baseline,CALCULATION / MODEL,F23.09.A02,NATIVE,Operate,Hazard|Inspection|Incident|Permit|Environmental Aspect|Carbon|Energy|ESG,F23,Carbon / Sustainability Performance [AGG-20-CARBON],Calculation Workbench|Enterprise Grid,HSE policy|work/activity context|monitoring/test data|supplier/environmental evidence|sustainability commitments,work controls|supplier/procurement|regulatory returns|operations|ESG disclosure,"Versioned calculation/model with inputs, assumptions, method, scenario and result provenance",candidate-explicit
EJOB-F23.09-PROFESSIONAL,Carbon Manager,,"Legal, Risk, Assets, HSE & Resilience — F23",JP-F23.09-PROFESSIONAL,reconciled-employment-profile,WP-W9-F23.09-PROFESSIONAL-003,Carbon Target,PLAN / STRATEGY,F23.09.A03,NATIVE,Operate,Hazard|Inspection|Incident|Permit|Environmental Aspect|Carbon|Energy|ESG,F23,Carbon / Sustainability Performance [AGG-20-CARBON],Object Workspace|Structure Browser|Enterprise Grid,HSE policy|work/activity context|monitoring/test data|supplier/environmental evidence|sustainability commitments,work controls|supplier/procurement|regulatory returns|operations|ESG disclosure,"Versioned plan/strategy with assumptions, ownership, review, approval and effective-date provenance",candidate-explicit
EJOB-F23.09-PROFESSIONAL,Carbon Manager,,"Legal, Risk, Assets, HSE & Resilience — F23",JP-F23.09-PROFESSIONAL,reconciled-employment-profile,WP-W9-F23.09-PROFESSIONAL-004,Carbon Reduction Plan / Action,CHANGE,F23.09.A04,NATIVE,Operate,Hazard|Inspection|Incident|Permit|Environmental Aspect|Carbon|Energy|ESG,F23,Carbon / Sustainability Performance [AGG-20-CARBON],Change Workspace|Impact Assessment,HSE policy|work/activity context|monitoring/test data|supplier/environmental evidence|sustainability commitments,work controls|supplier/procurement|regulatory returns|operations|ESG disclosure,"Baseline, impact assessment, authority decision, implementation and verification evidence",candidate-explicit
EJOB-F19.02-PROFESSIONAL,Commercial Contracts Counsel,,"Legal, Risk, Assets, HSE & Resilience — F19",JP-F19.02-PROFESSIONAL,reconciled-employment-profile,WP-W9-F19.02-PROFESSIONAL-001,Contract Draft / Redline,CONTROLLED INFORMATION,F19.02.A01|F19.02.A02|F19.02.A03,NATIVE,Operate,Legal Matter|Contract|Entity|Proceeding|Obligation|Hold,F19,Contract [AGG-08-CONTRACT],Controlled Document Editor|Object Workspace,business request|contract/entity data|laws/regulations|evidence/records|authority policy,contract/business decisions|regulatory compliance|corporate governance|retention/eDiscovery|finance/legal spend,"Controlled revision with author, reviewer, approver, issue/effective date and supersession provenance",candidate-explicit
EJOB-F19.02-PROFESSIONAL,Commercial Contracts Counsel,,"Legal, Risk, Assets, HSE & Resilience — F19",JP-F19.02-PROFESSIONAL,reconciled-employment-profile,WP-W9-F19.02-PROFESSIONAL-002,Contract Approval,DECISION / APPROVAL,F19.02.A04,NATIVE,Operate,Legal Matter|Contract|Entity|Proceeding|Obligation|Hold,F19,Contract [AGG-08-CONTRACT],Decision Workspace|Approval Panel,business request|contract/entity data|laws/regulations|evidence/records|authority policy,contract/business decisions|regulatory compliance|corporate governance|retention/eDiscovery|finance/legal spend,"Decision, approver/authority, rationale, conditions, date and affected objects",candidate-explicit
EJOB-F19.02-PROFESSIONAL,Commercial Contracts Counsel,,"Legal, Risk, Assets, HSE & Resilience — F19",JP-F19.02-PROFESSIONAL,reconciled-employment-profile,WP-W9-F19.02-PROFESSIONAL-003,Executed Contract,TRANSACTION / COMMITMENT,F19.02.A05,NATIVE,Operate,Legal Matter|Contract|Entity|Proceeding|Obligation|Hold,F19,Contract [AGG-08-CONTRACT],Transaction Workspace|Approval Panel,business request|contract/entity data|laws/regulations|evidence/records|authority policy,contract/business decisions|regulatory compliance|corporate governance|retention/eDiscovery|finance/legal spend,"Counterparty/terms/authority with immutable issue, execution, amendment and completion history",candidate-explicit
EJOB-F19.02-PROFESSIONAL,Commercial Contracts Counsel,,"Legal, Risk, Assets, HSE & Resilience — F19",JP-F19.02-PROFESSIONAL,reconciled-employment-profile,WP-W9-F19.02-PROFESSIONAL-004,Contract Amendment,CHANGE,F19.02.A06,NATIVE,Operate,Legal Matter|Contract|Entity|Proceeding|Obligation|Hold,F19,Contract [AGG-08-CONTRACT],Change Workspace|Impact Assessment,business request|contract/entity data|laws/regulations|evidence/records|authority policy,contract/business decisions|regulatory compliance|corporate governance|retention/eDiscovery|finance/legal spend,"Baseline, impact assessment, authority decision, implementation and verification evidence",candidate-explicit
EJOB-F19.02-PROFESSIONAL,Commercial Contracts Counsel,,"Legal, Risk, Assets, HSE & Resilience — F19",JP-F19.02-PROFESSIONAL,reconciled-employment-profile,WP-W9-F19.02-PROFESSIONAL-005,Contract Renewal / Termination Decision,DECISION / APPROVAL,F19.02.A07|F19.02.A08,NATIVE,Operate,Legal Matter|Contract|Entity|Proceeding|Obligation|Hold,F19,Contract [AGG-08-CONTRACT],Decision Workspace|Approval Panel,business request|contract/entity data|laws/regulations|evidence/records|authority policy,contract/business decisions|regulatory compliance|corporate governance|retention/eDiscovery|finance/legal spend,"Decision, approver/authority, rationale, conditions, date and affected objects",candidate-explicit
EJOB-F19.05-PROFESSIONAL,Company Secretary,,"Legal, Risk, Assets, HSE & Resilience — F19",JP-F19.05-PROFESSIONAL,reconciled-employment-profile,WP-W9-F19.05-PROFESSIONAL-001,Board / Secretariat Governance Pack,CONTROLLED INFORMATION,F19.05.A01,NATIVE,Operate,Legal Matter|Contract|Entity|Proceeding|Obligation|Hold,F19,Corporate Secretariat / Entity Register [AGG-22-CORPORATE-SECRETARIAT],Controlled Document Editor|Object Workspace,business request|contract/entity data|laws/regulations|evidence/records|authority policy,contract/business decisions|regulatory compliance|corporate governance|retention/eDiscovery|finance/legal spend,"Controlled revision with author, reviewer, approver, issue/effective date and supersession provenance",candidate-explicit
EJOB-F19.05-PROFESSIONAL,Company Secretary,,"Legal, Risk, Assets, HSE & Resilience — F19",JP-F19.05-PROFESSIONAL,reconciled-employment-profile,WP-W9-F19.05-PROFESSIONAL-002,Corporate Resolution Record,DECISION / APPROVAL,F19.05.A02,NATIVE,Operate,Legal Matter|Contract|Entity|Proceeding|Obligation|Hold,F19,Corporate Secretariat / Entity Register [AGG-22-CORPORATE-SECRETARIAT],Decision Workspace|Approval Panel,business request|contract/entity data|laws/regulations|evidence/records|authority policy,contract/business decisions|regulatory compliance|corporate governance|retention/eDiscovery|finance/legal spend,"Decision, approver/authority, rationale, conditions, date and affected objects",candidate-explicit
EJOB-F19.05-PROFESSIONAL,Company Secretary,,"Legal, Risk, Assets, HSE & Resilience — F19",JP-F19.05-PROFESSIONAL,reconciled-employment-profile,WP-W9-F19.05-PROFESSIONAL-003,Statutory Book / Register,REGISTER / SCHEDULE,F19.05.A03,NATIVE,Operate,Legal Matter|Contract|Entity|Proceeding|Obligation|Hold,F19,Corporate Secretariat / Entity Register [AGG-22-CORPORATE-SECRETARIAT],Enterprise Grid|Collection View,business request|contract/entity data|laws/regulations|evidence/records|authority policy,contract/business decisions|regulatory compliance|corporate governance|retention/eDiscovery|finance/legal spend,"Governed entries with owner, status, dates, source references and immutable change history",candidate-explicit
EJOB-F19.05-PROFESSIONAL,Company Secretary,,"Legal, Risk, Assets, HSE & Resilience — F19",JP-F19.05-PROFESSIONAL,reconciled-employment-profile,WP-W9-F19.05-PROFESSIONAL-004,Secretarial Statutory Filing,CERTIFICATE / FORMAL ATTESTATION,F19.05.A04,NATIVE,Operate,Legal Matter|Contract|Entity|Proceeding|Obligation|Hold,F19,Corporate Secretariat / Entity Register [AGG-22-CORPORATE-SECRETARIAT],Attestation Workspace|Evidence Panel,business request|contract/entity data|laws/regulations|evidence/records|authority policy,contract/business decisions|regulatory compliance|corporate governance|retention/eDiscovery|finance/legal spend,"Formal attestation with issuer, authority, scope, date, evidence and validity",candidate-explicit
EJOB-F20.06-PROFESSIONAL,Compliance Manager,,"Legal, Risk, Assets, HSE & Resilience — F20",JP-F20.06-PROFESSIONAL,reconciled-employment-profile,WP-W9-F20.06-PROFESSIONAL-001,Compliance Obligation Register,REGISTER / SCHEDULE,F20.06.A01|F20.06.A02,NATIVE,Operate,Risk|Requirement|Control|Audit|Finding|Assurance,F20,Compliance Requirement / Assessment [AGG-21-REQUIREMENT],Enterprise Grid|Collection View,strategy/risk context|regulatory obligations|control evidence|business/audit data|independence rules,management decisions|remediation|audit committee|control owners|regulatory assurance,"Governed entries with owner, status, dates, source references and immutable change history",candidate-explicit
EJOB-F20.06-PROFESSIONAL,Compliance Manager,,"Legal, Risk, Assets, HSE & Resilience — F20",JP-F20.06-PROFESSIONAL,reconciled-employment-profile,WP-W9-F20.06-PROFESSIONAL-002,Compliance Control Implementation Plan,PLAN / STRATEGY,F20.06.A03,NATIVE,Operate,Risk|Requirement|Control|Audit|Finding|Assurance,F20,Compliance Requirement / Assessment [AGG-21-REQUIREMENT],Object Workspace|Structure Browser|Enterprise Grid,strategy/risk context|regulatory obligations|control evidence|business/audit data|independence rules,management decisions|remediation|audit committee|control owners|regulatory assurance,"Versioned plan/strategy with assumptions, ownership, review, approval and effective-date provenance",candidate-explicit
EJOB-F20.06-PROFESSIONAL,Compliance Manager,,"Legal, Risk, Assets, HSE & Resilience — F20",JP-F20.06-PROFESSIONAL,reconciled-employment-profile,WP-W9-F20.06-PROFESSIONAL-003,Compliance Attestation,CERTIFICATE / FORMAL ATTESTATION,F20.06.A04,NATIVE,Operate,Risk|Requirement|Control|Audit|Finding|Assurance,F20,Compliance Requirement / Assessment [AGG-21-REQUIREMENT],Attestation Workspace|Evidence Panel,strategy/risk context|regulatory obligations|control evidence|business/audit data|independence rules,management decisions|remediation|audit committee|control owners|regulatory assurance,"Formal attestation with issuer, authority, scope, date, evidence and validity",candidate-explicit
EJOB-F20.07-PROFESSIONAL,Compliance Monitoring Specialist,,"Legal, Risk, Assets, HSE & Resilience — F20",JP-F20.07-PROFESSIONAL,reconciled-employment-profile,WP-W9-F20.07-PROFESSIONAL-001,Compliance Test / Review,INSPECTION / TEST,F20.07.A01,NATIVE,Operate,Risk|Requirement|Control|Audit|Finding|Assurance,F20,Compliance Requirement / Assessment [AGG-21-REQUIREMENT],Test / Inspection Workbench|Evidence Panel,strategy/risk context|regulatory obligations|control evidence|business/audit data|independence rules,management decisions|remediation|audit committee|control owners|regulatory assurance,"Inspection/test basis, method, result, evidence, performer/reviewer and acceptance status",candidate-explicit
EJOB-F20.07-PROFESSIONAL,Compliance Monitoring Specialist,,"Legal, Risk, Assets, HSE & Resilience — F20",JP-F20.07-PROFESSIONAL,reconciled-employment-profile,WP-W9-F20.07-PROFESSIONAL-002,Compliance Breach / Exception Case,CASE / ASSESSMENT,F20.07.A02|F20.07.A03,NATIVE,Operate,Risk|Requirement|Control|Audit|Finding|Assurance,F20,Compliance Requirement / Assessment [AGG-21-REQUIREMENT],Case Workspace|Assessment Form|Evidence Panel,strategy/risk context|regulatory obligations|control evidence|business/audit data|independence rules,management decisions|remediation|audit committee|control owners|regulatory assurance,"Evidence set, assessment rationale, findings, decisions/actions and closure history",candidate-explicit
EJOB-F20.07-PROFESSIONAL,Compliance Monitoring Specialist,,"Legal, Risk, Assets, HSE & Resilience — F20",JP-F20.07-PROFESSIONAL,reconciled-employment-profile,WP-W9-F20.07-PROFESSIONAL-003,Compliance Remediation Action,CHANGE,F20.07.A04,NATIVE,Operate,Risk|Requirement|Control|Audit|Finding|Assurance,F20,Compliance Requirement / Assessment [AGG-21-REQUIREMENT],Change Workspace|Impact Assessment,strategy/risk context|regulatory obligations|control evidence|business/audit data|independence rules,management decisions|remediation|audit committee|control owners|regulatory assurance,"Baseline, impact assessment, authority decision, implementation and verification evidence",candidate-explicit
EJOB-F21.04-PROFESSIONAL,Consent & Preferences Specialist,,"Legal, Risk, Assets, HSE & Resilience — F21",JP-F21.04-PROFESSIONAL,reconciled-employment-profile,WP-W9-F21.04-PROFESSIONAL-001,Consent Evidence Record,CERTIFICATE / FORMAL ATTESTATION,F21.04.A01,NATIVE,Operate,Processing Activity|DPIA|Consent|Rights Request|Privacy Incident|Transfer|Retention,F21,Consent / Preference Evidence [AGG-22-CONSENT-EVIDENCE],Attestation Workspace|Evidence Panel,processing inventory|personal-data context|lawful basis|retention/legal hold|identity/evidence,processing controls|rights responses|incident notifications|retention/disposition|privacy assurance,"Formal attestation with issuer, authority, scope, date, evidence and validity",candidate-explicit
EJOB-F21.04-PROFESSIONAL,Consent & Preferences Specialist,,"Legal, Risk, Assets, HSE & Resilience — F21",JP-F21.04-PROFESSIONAL,reconciled-employment-profile,WP-W9-F21.04-PROFESSIONAL-002,Preference Record,CONTROLLED INFORMATION,F21.04.A02,NATIVE,Operate,Processing Activity|DPIA|Consent|Rights Request|Privacy Incident|Transfer|Retention,F21,Consent / Preference Evidence [AGG-22-CONSENT-EVIDENCE],Controlled Document Editor|Object Workspace,processing inventory|personal-data context|lawful basis|retention/legal hold|identity/evidence,processing controls|rights responses|incident notifications|retention/disposition|privacy assurance,"Controlled revision with author, reviewer, approver, issue/effective date and supersession provenance",candidate-explicit
EJOB-F21.04-PROFESSIONAL,Consent & Preferences Specialist,,"Legal, Risk, Assets, HSE & Resilience — F21",JP-F21.04-PROFESSIONAL,reconciled-employment-profile,WP-W9-F21.04-PROFESSIONAL-003,Consent Withdrawal Record,CHANGE,F21.04.A03,NATIVE,Operate,Processing Activity|DPIA|Consent|Rights Request|Privacy Incident|Transfer|Retention,F21,Consent / Preference Evidence [AGG-22-CONSENT-EVIDENCE],Change Workspace|Impact Assessment,processing inventory|personal-data context|lawful basis|retention/legal hold|identity/evidence,processing controls|rights responses|incident notifications|retention/disposition|privacy assurance,"Baseline, impact assessment, authority decision, implementation and verification evidence",candidate-explicit
EJOB-F22.05-PROFESSIONAL,Construction Project Manager,,"Legal, Risk, Assets, HSE & Resilience — F22",JP-F22.05-PROFESSIONAL,reconciled-employment-profile,WP-W9-F22.05-PROFESSIONAL-001,Project / Asset Design Definition,CONTROLLED INFORMATION,F22.05.A01,NATIVE,Operate,Asset|Property|Project|Work Order|Space|Lease|Utility,F22,Asset / Property Acquisition [AGG-16-SPATIAL-ASSET],Controlled Document Editor|Object Workspace,asset/property needs|capital plan|project/maintenance data|contracts/leases|utility consumption,operations/maintenance|finance/capitalisation|project delivery|lease/accounting|asset lifecycle,"Controlled revision with author, reviewer, approver, issue/effective date and supersession provenance",candidate-explicit
EJOB-F22.05-PROFESSIONAL,Construction Project Manager,,"Legal, Risk, Assets, HSE & Resilience — F22",JP-F22.05-PROFESSIONAL,reconciled-employment-profile,WP-W9-F22.05-PROFESSIONAL-002,Permit / Consent Pack,CERTIFICATE / FORMAL ATTESTATION,F22.05.A02,NATIVE,Operate,Asset|Property|Project|Work Order|Space|Lease|Utility,F22,Asset / Property Acquisition [AGG-16-SPATIAL-ASSET],Attestation Workspace|Evidence Panel,asset/property needs|capital plan|project/maintenance data|contracts/leases|utility consumption,operations/maintenance|finance/capitalisation|project delivery|lease/accounting|asset lifecycle,"Formal attestation with issuer, authority, scope, date, evidence and validity",candidate-explicit
EJOB-F22.05-PROFESSIONAL,Construction Project Manager,,"Legal, Risk, Assets, HSE & Resilience — F22",JP-F22.05-PROFESSIONAL,reconciled-employment-profile,WP-W9-F22.05-PROFESSIONAL-003,Construction Execution Record,EXECUTION RECORD,F22.05.A03,NATIVE,Operate,Asset|Property|Project|Work Order|Space|Lease|Utility,F22,Asset / Property Acquisition [AGG-16-SPATIAL-ASSET],Execution Record|Evidence Panel,asset/property needs|capital plan|project/maintenance data|contracts/leases|utility consumption,operations/maintenance|finance/capitalisation|project delivery|lease/accounting|asset lifecycle,Attributable who/what/when/result record with source context and evidence,candidate-explicit
EJOB-F22.05-PROFESSIONAL,Construction Project Manager,,"Legal, Risk, Assets, HSE & Resilience — F22",JP-F22.05-PROFESSIONAL,reconciled-employment-profile,WP-W9-F22.05-PROFESSIONAL-004,Construction Inspection Record,INSPECTION / TEST,F22.05.A04,NATIVE,Operate,Asset|Property|Project|Work Order|Space|Lease|Utility,F22,Asset / Property Acquisition [AGG-16-SPATIAL-ASSET],Test / Inspection Workbench|Evidence Panel,asset/property needs|capital plan|project/maintenance data|contracts/leases|utility consumption,operations/maintenance|finance/capitalisation|project delivery|lease/accounting|asset lifecycle,"Inspection/test basis, method, result, evidence, performer/reviewer and acceptance status",candidate-explicit
EJOB-F22.05-PROFESSIONAL,Construction Project Manager,,"Legal, Risk, Assets, HSE & Resilience — F22",JP-F22.05-PROFESSIONAL,reconciled-employment-profile,WP-W9-F22.05-PROFESSIONAL-005,Asset Commissioning Record,INSPECTION / TEST,F22.05.A05,NATIVE,Operate,Asset|Property|Project|Work Order|Space|Lease|Utility,F22,Asset / Property Acquisition [AGG-16-SPATIAL-ASSET],Test / Inspection Workbench|Evidence Panel,asset/property needs|capital plan|project/maintenance data|contracts/leases|utility consumption,operations/maintenance|finance/capitalisation|project delivery|lease/accounting|asset lifecycle,"Inspection/test basis, method, result, evidence, performer/reviewer and acceptance status",candidate-explicit
EJOB-F22.05-PROFESSIONAL,Construction Project Manager,,"Legal, Risk, Assets, HSE & Resilience — F22",JP-F22.05-PROFESSIONAL,reconciled-employment-profile,WP-W9-F22.05-PROFESSIONAL-006,Asset Handover Pack,HANDOVER / CLOSEOUT PACKAGE,F22.05.A06,NATIVE,Operate,Asset|Property|Project|Work Order|Space|Lease|Utility,F22,Asset / Property Acquisition [AGG-16-SPATIAL-ASSET],Package Workspace|Completeness Checklist,asset/property needs|capital plan|project/maintenance data|contracts/leases|utility consumption,operations/maintenance|finance/capitalisation|project delivery|lease/accounting|asset lifecycle,"Controlled completeness set with acceptance, outstanding items, evidence and closure provenance",candidate-explicit
EJOB-F19.03-PROFESSIONAL,Contract Administrator,,"Legal, Risk, Assets, HSE & Resilience — F19",JP-F19.03-PROFESSIONAL,reconciled-employment-profile,WP-W9-F19.03-PROFESSIONAL-001,Contract Repository Record,EXECUTION RECORD,F19.03.A01,NATIVE,Operate,Legal Matter|Contract|Entity|Proceeding|Obligation|Hold,F19,Contract [AGG-08-CONTRACT],Execution Record|Evidence Panel,business request|contract/entity data|laws/regulations|evidence/records|authority policy,contract/business decisions|regulatory compliance|corporate governance|retention/eDiscovery|finance/legal spend,Attributable who/what/when/result record with source context and evidence,candidate-explicit
EJOB-F19.03-PROFESSIONAL,Contract Administrator,,"Legal, Risk, Assets, HSE & Resilience — F19",JP-F19.03-PROFESSIONAL,reconciled-employment-profile,WP-W9-F19.03-PROFESSIONAL-002,Contract Obligation Register,REGISTER / SCHEDULE,F19.03.A02,NATIVE,Operate,Legal Matter|Contract|Entity|Proceeding|Obligation|Hold,F19,Contract [AGG-08-CONTRACT],Enterprise Grid|Collection View,business request|contract/entity data|laws/regulations|evidence/records|authority policy,contract/business decisions|regulatory compliance|corporate governance|retention/eDiscovery|finance/legal spend,"Governed entries with owner, status, dates, source references and immutable change history",candidate-explicit
EJOB-F19.03-PROFESSIONAL,Contract Administrator,,"Legal, Risk, Assets, HSE & Resilience — F19",JP-F19.03-PROFESSIONAL,reconciled-employment-profile,WP-W9-F19.03-PROFESSIONAL-003,Contract Milestone / Renewal Schedule,REGISTER / SCHEDULE,F19.03.A03,NATIVE,Operate,Legal Matter|Contract|Entity|Proceeding|Obligation|Hold,F19,Contract [AGG-08-CONTRACT],Enterprise Grid|Collection View,business request|contract/entity data|laws/regulations|evidence/records|authority policy,contract/business decisions|regulatory compliance|corporate governance|retention/eDiscovery|finance/legal spend,"Governed entries with owner, status, dates, source references and immutable change history",candidate-explicit
EJOB-F19.03-PROFESSIONAL,Contract Administrator,,"Legal, Risk, Assets, HSE & Resilience — F19",JP-F19.03-PROFESSIONAL,reconciled-employment-profile,WP-W9-F19.03-PROFESSIONAL-004,Contract Archive Record,HANDOVER / CLOSEOUT PACKAGE,F19.03.A04,NATIVE,Operate,Legal Matter|Contract|Entity|Proceeding|Obligation|Hold,F19,Contract [AGG-08-CONTRACT],Package Workspace|Completeness Checklist,business request|contract/entity data|laws/regulations|evidence/records|authority policy,contract/business decisions|regulatory compliance|corporate governance|retention/eDiscovery|finance/legal spend,"Controlled completeness set with acceptance, outstanding items, evidence and closure provenance",candidate-explicit
EJOB-F20.09-PROFESSIONAL,Controls Assurance Specialist,,"Legal, Risk, Assets, HSE & Resilience — F20",JP-F20.09-PROFESSIONAL,reconciled-employment-profile,WP-W9-F20.09-PROFESSIONAL-001,Control Test Sample,REGISTER / SCHEDULE,F20.09.A01,NATIVE,Operate,Risk|Requirement|Control|Audit|Finding|Assurance,F20,Internal Control / Test [AGG-21-CONTROL],Enterprise Grid|Collection View,strategy/risk context|regulatory obligations|control evidence|business/audit data|independence rules,management decisions|remediation|audit committee|control owners|regulatory assurance,"Governed entries with owner, status, dates, source references and immutable change history",candidate-explicit
EJOB-F20.09-PROFESSIONAL,Controls Assurance Specialist,,"Legal, Risk, Assets, HSE & Resilience — F20",JP-F20.09-PROFESSIONAL,reconciled-employment-profile,WP-W9-F20.09-PROFESSIONAL-002,Control Design Effectiveness Test,INSPECTION / TEST,F20.09.A02,NATIVE,Operate,Risk|Requirement|Control|Audit|Finding|Assurance,F20,Internal Control / Test [AGG-21-CONTROL],Test / Inspection Workbench|Evidence Panel,strategy/risk context|regulatory obligations|control evidence|business/audit data|independence rules,management decisions|remediation|audit committee|control owners|regulatory assurance,"Inspection/test basis, method, result, evidence, performer/reviewer and acceptance status",candidate-explicit
EJOB-F20.09-PROFESSIONAL,Controls Assurance Specialist,,"Legal, Risk, Assets, HSE & Resilience — F20",JP-F20.09-PROFESSIONAL,reconciled-employment-profile,WP-W9-F20.09-PROFESSIONAL-003,Control Operating Effectiveness Test,INSPECTION / TEST,F20.09.A03,NATIVE,Operate,Risk|Requirement|Control|Audit|Finding|Assurance,F20,Internal Control / Test [AGG-21-CONTROL],Test / Inspection Workbench|Evidence Panel,strategy/risk context|regulatory obligations|control evidence|business/audit data|independence rules,management decisions|remediation|audit committee|control owners|regulatory assurance,"Inspection/test basis, method, result, evidence, performer/reviewer and acceptance status",candidate-explicit
EJOB-F20.09-PROFESSIONAL,Controls Assurance Specialist,,"Legal, Risk, Assets, HSE & Resilience — F20",JP-F20.09-PROFESSIONAL,reconciled-employment-profile,WP-W9-F20.09-PROFESSIONAL-004,Control Deficiency / Finding,CASE / ASSESSMENT,F20.09.A04,NATIVE,Operate,Risk|Requirement|Control|Audit|Finding|Assurance,F20,Internal Control / Test [AGG-21-CONTROL],Case Workspace|Assessment Form|Evidence Panel,strategy/risk context|regulatory obligations|control evidence|business/audit data|independence rules,management decisions|remediation|audit committee|control owners|regulatory assurance,"Evidence set, assessment rationale, findings, decisions/actions and closure history",candidate-explicit
EJOB-F19.04-PROFESSIONAL,Corporate Counsel,,"Legal, Risk, Assets, HSE & Resilience — F19",JP-F19.04-PROFESSIONAL,reconciled-employment-profile,WP-W9-F19.04-PROFESSIONAL-001,Legal Entity Establishment Record,TRANSACTION / COMMITMENT,F19.04.A01,NATIVE,Operate,Legal Matter|Contract|Entity|Proceeding|Obligation|Hold,F19,Corporate Secretariat / Entity Register [AGG-22-CORPORATE-SECRETARIAT],Transaction Workspace|Approval Panel,business request|contract/entity data|laws/regulations|evidence/records|authority policy,contract/business decisions|regulatory compliance|corporate governance|retention/eDiscovery|finance/legal spend,"Counterparty/terms/authority with immutable issue, execution, amendment and completion history",candidate-explicit
EJOB-F19.04-PROFESSIONAL,Corporate Counsel,,"Legal, Risk, Assets, HSE & Resilience — F19",JP-F19.04-PROFESSIONAL,reconciled-employment-profile,WP-W9-F19.04-PROFESSIONAL-002,Entity Registration Record,CERTIFICATE / FORMAL ATTESTATION,F19.04.A02,NATIVE,Operate,Legal Matter|Contract|Entity|Proceeding|Obligation|Hold,F19,Corporate Secretariat / Entity Register [AGG-22-CORPORATE-SECRETARIAT],Attestation Workspace|Evidence Panel,business request|contract/entity data|laws/regulations|evidence/records|authority policy,contract/business decisions|regulatory compliance|corporate governance|retention/eDiscovery|finance/legal spend,"Formal attestation with issuer, authority, scope, date, evidence and validity",candidate-explicit
EJOB-F19.04-PROFESSIONAL,Corporate Counsel,,"Legal, Risk, Assets, HSE & Resilience — F19",JP-F19.04-PROFESSIONAL,reconciled-employment-profile,WP-W9-F19.04-PROFESSIONAL-003,Statutory Filing,CERTIFICATE / FORMAL ATTESTATION,F19.04.A03,NATIVE,Operate,Legal Matter|Contract|Entity|Proceeding|Obligation|Hold,F19,Corporate Secretariat / Entity Register [AGG-22-CORPORATE-SECRETARIAT],Attestation Workspace|Evidence Panel,business request|contract/entity data|laws/regulations|evidence/records|authority policy,contract/business decisions|regulatory compliance|corporate governance|retention/eDiscovery|finance/legal spend,"Formal attestation with issuer, authority, scope, date, evidence and validity",candidate-explicit
EJOB-F19.04-PROFESSIONAL,Corporate Counsel,,"Legal, Risk, Assets, HSE & Resilience — F19",JP-F19.04-PROFESSIONAL,reconciled-employment-profile,WP-W9-F19.04-PROFESSIONAL-004,Corporate Record / Entity Register,REGISTER / SCHEDULE,F19.04.A04,NATIVE,Operate,Legal Matter|Contract|Entity|Proceeding|Obligation|Hold,F19,Corporate Secretariat / Entity Register [AGG-22-CORPORATE-SECRETARIAT],Enterprise Grid|Collection View,business request|contract/entity data|laws/regulations|evidence/records|authority policy,contract/business decisions|regulatory compliance|corporate governance|retention/eDiscovery|finance/legal spend,"Governed entries with owner, status, dates, source references and immutable change history",candidate-explicit
EJOB-CRISIS-COMMUNICATIONS-MANAGER,Crisis Communications Manager,,"Legal, Risk, Assets, HSE & Resilience — F24",JP-F24.07-PROFESSIONAL|JP-F25.12-PROFESSIONAL,reconciled-employment-profile,WP-W9-CRISIS-COMMUNICATIONS-MANAGER-001,Crisis Response Message,CONTROLLED INFORMATION,F24.07.A01|F25.12.A01,NATIVE,Operate,Continuity Plan|BIA|Crisis|Emergency|Recovery|Physical Security|Visitor|Travel,F24|F25,Crisis / Emergency Response [AGG-23-CRISIS]|Communications Plan / Item [AGG-25-COMMUNICATIONS],Controlled Document Editor|Object Workspace,critical services/dependencies|site/people context|incident/crisis signals|recovery capabilities|security/travel data,business recovery|emergency services|IT DR|communications|security investigations,"Controlled revision with author, reviewer, approver, issue/effective date and supersession provenance",candidate-explicit
EJOB-CRISIS-COMMUNICATIONS-MANAGER,Crisis Communications Manager,,"Legal, Risk, Assets, HSE & Resilience — F24",JP-F24.07-PROFESSIONAL|JP-F25.12-PROFESSIONAL,reconciled-employment-profile,WP-W9-CRISIS-COMMUNICATIONS-MANAGER-002,Crisis Communications / Spokesperson Approval,DECISION / APPROVAL,F24.07.A02|F25.12.A02,NATIVE,Operate,Continuity Plan|BIA|Crisis|Emergency|Recovery|Physical Security|Visitor|Travel,F24|F25,Crisis / Emergency Response [AGG-23-CRISIS]|Communications Plan / Item [AGG-25-COMMUNICATIONS],Decision Workspace|Approval Panel,critical services/dependencies|site/people context|incident/crisis signals|recovery capabilities|security/travel data,business recovery|emergency services|IT DR|communications|security investigations,"Decision, approver/authority, rationale, conditions, date and affected objects",candidate-explicit
EJOB-CRISIS-COMMUNICATIONS-MANAGER,Crisis Communications Manager,,"Legal, Risk, Assets, HSE & Resilience — F24",JP-F24.07-PROFESSIONAL|JP-F25.12-PROFESSIONAL,reconciled-employment-profile,WP-W9-CRISIS-COMMUNICATIONS-MANAGER-003,Crisis Notification / Distribution Record,EXECUTION RECORD,F24.07.A03,NATIVE,Operate,Continuity Plan|BIA|Crisis|Emergency|Recovery|Physical Security|Visitor|Travel,F24,Crisis / Emergency Response [AGG-23-CRISIS],Execution Record|Evidence Panel,critical services/dependencies|site/people context|incident/crisis signals|recovery capabilities|security/travel data,business recovery|emergency services|IT DR|communications|security investigations,Attributable who/what/when/result record with source context and evidence,candidate-explicit
EJOB-CRISIS-COMMUNICATIONS-MANAGER,Crisis Communications Manager,,"Legal, Risk, Assets, HSE & Resilience — F24",JP-F24.07-PROFESSIONAL|JP-F25.12-PROFESSIONAL,reconciled-employment-profile,WP-W9-CRISIS-COMMUNICATIONS-MANAGER-004,Crisis Media Monitoring / Response Log,REPORT / SNAPSHOT,F25.12.A03|F25.12.A04,NATIVE,Operate,Continuity Plan|BIA|Crisis|Emergency|Recovery|Physical Security|Visitor|Travel,F25,Communications Plan / Item [AGG-25-COMMUNICATIONS],Report Builder|Snapshot View,critical services/dependencies|site/people context|incident/crisis signals|recovery capabilities|security/travel data,business recovery|emergency services|IT DR|communications|security investigations,"Point-in-time/as-of snapshot with source data, calculation/filter and publication provenance",candidate-explicit
EJOB-F24.05-PROFESSIONAL,Crisis Manager,,"Legal, Risk, Assets, HSE & Resilience — F24",JP-F24.05-PROFESSIONAL,reconciled-employment-profile,WP-W9-F24.05-PROFESSIONAL-001,Crisis Event / Activation Record,CASE / ASSESSMENT,F24.05.A01|F24.05.A02,NATIVE,Operate,Continuity Plan|BIA|Crisis|Emergency|Recovery|Physical Security|Visitor|Travel,F24,Crisis / Emergency Response [AGG-23-CRISIS],Case Workspace|Assessment Form|Evidence Panel,critical services/dependencies|site/people context|incident/crisis signals|recovery capabilities|security/travel data,business recovery|emergency services|IT DR|communications|security investigations,"Evidence set, assessment rationale, findings, decisions/actions and closure history",candidate-explicit
EJOB-F24.05-PROFESSIONAL,Crisis Manager,,"Legal, Risk, Assets, HSE & Resilience — F24",JP-F24.05-PROFESSIONAL,reconciled-employment-profile,WP-W9-F24.05-PROFESSIONAL-002,Crisis Severity Assessment,CASE / ASSESSMENT,F24.05.A03,NATIVE,Operate,Continuity Plan|BIA|Crisis|Emergency|Recovery|Physical Security|Visitor|Travel,F24,Crisis / Emergency Response [AGG-23-CRISIS],Case Workspace|Assessment Form|Evidence Panel,critical services/dependencies|site/people context|incident/crisis signals|recovery capabilities|security/travel data,business recovery|emergency services|IT DR|communications|security investigations,"Evidence set, assessment rationale, findings, decisions/actions and closure history",candidate-explicit
EJOB-F24.05-PROFESSIONAL,Crisis Manager,,"Legal, Risk, Assets, HSE & Resilience — F24",JP-F24.05-PROFESSIONAL,reconciled-employment-profile,WP-W9-F24.05-PROFESSIONAL-003,Crisis Response Action Log,EXECUTION RECORD,F24.05.A04,NATIVE,Operate,Continuity Plan|BIA|Crisis|Emergency|Recovery|Physical Security|Visitor|Travel,F24,Crisis / Emergency Response [AGG-23-CRISIS],Execution Record|Evidence Panel,critical services/dependencies|site/people context|incident/crisis signals|recovery capabilities|security/travel data,business recovery|emergency services|IT DR|communications|security investigations,Attributable who/what/when/result record with source context and evidence,candidate-explicit
EJOB-F21.05-PROFESSIONAL,Data Rights Specialist,,"Legal, Risk, Assets, HSE & Resilience — F21",JP-F21.05-PROFESSIONAL,reconciled-employment-profile,WP-W9-F21.05-PROFESSIONAL-001,Data Subject Rights Request Case,CASE / ASSESSMENT,F21.05.A01,NATIVE,Operate,Processing Activity|DPIA|Consent|Rights Request|Privacy Incident|Transfer|Retention,F21,Data Subject Request [AGG-22-DATA-SUBJECT-REQUEST],Case Workspace|Assessment Form|Evidence Panel,processing inventory|personal-data context|lawful basis|retention/legal hold|identity/evidence,processing controls|rights responses|incident notifications|retention/disposition|privacy assurance,"Evidence set, assessment rationale, findings, decisions/actions and closure history",candidate-explicit
EJOB-F21.05-PROFESSIONAL,Data Rights Specialist,,"Legal, Risk, Assets, HSE & Resilience — F21",JP-F21.05-PROFESSIONAL,reconciled-employment-profile,WP-W9-F21.05-PROFESSIONAL-002,Identity Verification Evidence,CASE / ASSESSMENT,F21.05.A02,NATIVE,Operate,Processing Activity|DPIA|Consent|Rights Request|Privacy Incident|Transfer|Retention,F21,Data Subject Request [AGG-22-DATA-SUBJECT-REQUEST],Case Workspace|Assessment Form|Evidence Panel,processing inventory|personal-data context|lawful basis|retention/legal hold|identity/evidence,processing controls|rights responses|incident notifications|retention/disposition|privacy assurance,"Evidence set, assessment rationale, findings, decisions/actions and closure history",candidate-explicit
EJOB-F21.05-PROFESSIONAL,Data Rights Specialist,,"Legal, Risk, Assets, HSE & Resilience — F21",JP-F21.05-PROFESSIONAL,reconciled-employment-profile,WP-W9-F21.05-PROFESSIONAL-003,Rights Search / Collection Record,EXECUTION RECORD,F21.05.A03,NATIVE,Operate,Processing Activity|DPIA|Consent|Rights Request|Privacy Incident|Transfer|Retention,F21,Data Subject Request [AGG-22-DATA-SUBJECT-REQUEST],Execution Record|Evidence Panel,processing inventory|personal-data context|lawful basis|retention/legal hold|identity/evidence,processing controls|rights responses|incident notifications|retention/disposition|privacy assurance,Attributable who/what/when/result record with source context and evidence,candidate-explicit
EJOB-F21.05-PROFESSIONAL,Data Rights Specialist,,"Legal, Risk, Assets, HSE & Resilience — F21",JP-F21.05-PROFESSIONAL,reconciled-employment-profile,WP-W9-F21.05-PROFESSIONAL-004,Exemption / Redaction Review,CASE / ASSESSMENT,F21.05.A04,NATIVE,Operate,Processing Activity|DPIA|Consent|Rights Request|Privacy Incident|Transfer|Retention,F21,Data Subject Request [AGG-22-DATA-SUBJECT-REQUEST],Case Workspace|Assessment Form|Evidence Panel,processing inventory|personal-data context|lawful basis|retention/legal hold|identity/evidence,processing controls|rights responses|incident notifications|retention/disposition|privacy assurance,"Evidence set, assessment rationale, findings, decisions/actions and closure history",candidate-explicit
EJOB-F21.05-PROFESSIONAL,Data Rights Specialist,,"Legal, Risk, Assets, HSE & Resilience — F21",JP-F21.05-PROFESSIONAL,reconciled-employment-profile,WP-W9-F21.05-PROFESSIONAL-005,Rights Response / Disclosure Pack,HANDOVER / CLOSEOUT PACKAGE,F21.05.A05,NATIVE,Operate,Processing Activity|DPIA|Consent|Rights Request|Privacy Incident|Transfer|Retention,F21,Data Subject Request [AGG-22-DATA-SUBJECT-REQUEST],Package Workspace|Completeness Checklist,processing inventory|personal-data context|lawful basis|retention/legal hold|identity/evidence,processing controls|rights responses|incident notifications|retention/disposition|privacy assurance,"Controlled completeness set with acceptance, outstanding items, evidence and closure provenance",candidate-explicit
EJOB-F24.08-PROFESSIONAL,Disaster Recovery Coordinator,,"Legal, Risk, Assets, HSE & Resilience — F24",JP-F24.08-PROFESSIONAL,reconciled-employment-profile,WP-W9-F24.08-PROFESSIONAL-001,Disaster Recovery Activation Record,EXECUTION RECORD,F24.08.A01,NATIVE,Operate,Continuity Plan|BIA|Crisis|Emergency|Recovery|Physical Security|Visitor|Travel,F24,Continuity / Recovery [AGG-23-CONTINUITY],Execution Record|Evidence Panel,critical services/dependencies|site/people context|incident/crisis signals|recovery capabilities|security/travel data,business recovery|emergency services|IT DR|communications|security investigations,Attributable who/what/when/result record with source context and evidence,candidate-explicit
EJOB-F24.08-PROFESSIONAL,Disaster Recovery Coordinator,,"Legal, Risk, Assets, HSE & Resilience — F24",JP-F24.08-PROFESSIONAL,reconciled-employment-profile,WP-W9-F24.08-PROFESSIONAL-002,System / Site Restoration Record,EXECUTION RECORD,F24.08.A02,NATIVE,Operate,Continuity Plan|BIA|Crisis|Emergency|Recovery|Physical Security|Visitor|Travel,F24,Continuity / Recovery [AGG-23-CONTINUITY],Execution Record|Evidence Panel,critical services/dependencies|site/people context|incident/crisis signals|recovery capabilities|security/travel data,business recovery|emergency services|IT DR|communications|security investigations,Attributable who/what/when/result record with source context and evidence,candidate-explicit
EJOB-F24.08-PROFESSIONAL,Disaster Recovery Coordinator,,"Legal, Risk, Assets, HSE & Resilience — F24",JP-F24.08-PROFESSIONAL,reconciled-employment-profile,WP-W9-F24.08-PROFESSIONAL-003,Recovered Service Validation,INSPECTION / TEST,F24.08.A03,NATIVE,Operate,Continuity Plan|BIA|Crisis|Emergency|Recovery|Physical Security|Visitor|Travel,F24,Continuity / Recovery [AGG-23-CONTINUITY],Test / Inspection Workbench|Evidence Panel,critical services/dependencies|site/people context|incident/crisis signals|recovery capabilities|security/travel data,business recovery|emergency services|IT DR|communications|security investigations,"Inspection/test basis, method, result, evidence, performer/reviewer and acceptance status",candidate-explicit
EJOB-F19.11-PROFESSIONAL,eDiscovery Specialist,,"Legal, Risk, Assets, HSE & Resilience — F19",JP-F19.11-PROFESSIONAL,reconciled-employment-profile,WP-W9-F19.11-PROFESSIONAL-001,Legal Hold Notice,DECISION / APPROVAL,F19.11.A01,NATIVE,Operate,Legal Matter|Contract|Entity|Proceeding|Obligation|Hold,F19,Legal Hold / eDiscovery [AGG-28-RETENTION],Decision Workspace|Approval Panel,business request|contract/entity data|laws/regulations|evidence/records|authority policy,contract/business decisions|regulatory compliance|corporate governance|retention/eDiscovery|finance/legal spend,"Decision, approver/authority, rationale, conditions, date and affected objects",candidate-explicit
EJOB-F19.11-PROFESSIONAL,eDiscovery Specialist,,"Legal, Risk, Assets, HSE & Resilience — F19",JP-F19.11-PROFESSIONAL,reconciled-employment-profile,WP-W9-F19.11-PROFESSIONAL-002,Preservation / Custodian Register,REGISTER / SCHEDULE,F19.11.A02,NATIVE,Operate,Legal Matter|Contract|Entity|Proceeding|Obligation|Hold,F19,Legal Hold / eDiscovery [AGG-28-RETENTION],Enterprise Grid|Collection View,business request|contract/entity data|laws/regulations|evidence/records|authority policy,contract/business decisions|regulatory compliance|corporate governance|retention/eDiscovery|finance/legal spend,"Governed entries with owner, status, dates, source references and immutable change history",candidate-explicit
EJOB-F19.11-PROFESSIONAL,eDiscovery Specialist,,"Legal, Risk, Assets, HSE & Resilience — F19",JP-F19.11-PROFESSIONAL,reconciled-employment-profile,WP-W9-F19.11-PROFESSIONAL-003,eDiscovery Search / Collection Record,EXECUTION RECORD,F19.11.A03|F19.11.A04,NATIVE,Operate,Legal Matter|Contract|Entity|Proceeding|Obligation|Hold,F19,Legal Hold / eDiscovery [AGG-28-RETENTION],Execution Record|Evidence Panel,business request|contract/entity data|laws/regulations|evidence/records|authority policy,contract/business decisions|regulatory compliance|corporate governance|retention/eDiscovery|finance/legal spend,Attributable who/what/when/result record with source context and evidence,candidate-explicit
EJOB-F19.11-PROFESSIONAL,eDiscovery Specialist,,"Legal, Risk, Assets, HSE & Resilience — F19",JP-F19.11-PROFESSIONAL,reconciled-employment-profile,WP-W9-F19.11-PROFESSIONAL-004,Disclosure / Production Pack,HANDOVER / CLOSEOUT PACKAGE,F19.11.A05,NATIVE,Operate,Legal Matter|Contract|Entity|Proceeding|Obligation|Hold,F19,Legal Hold / eDiscovery [AGG-28-RETENTION],Package Workspace|Completeness Checklist,business request|contract/entity data|laws/regulations|evidence/records|authority policy,contract/business decisions|regulatory compliance|corporate governance|retention/eDiscovery|finance/legal spend,"Controlled completeness set with acceptance, outstanding items, evidence and closure provenance",candidate-explicit
EJOB-F24.06-PROFESSIONAL,Emergency Response Coordinator,,"Legal, Risk, Assets, HSE & Resilience — F24",JP-F24.06-PROFESSIONAL,reconciled-employment-profile,WP-W9-F24.06-PROFESSIONAL-001,Emergency Alarm / Activation Record,EXECUTION RECORD,F24.06.A01,NATIVE,Operate,Continuity Plan|BIA|Crisis|Emergency|Recovery|Physical Security|Visitor|Travel,F24,Crisis / Emergency Response [AGG-23-CRISIS],Execution Record|Evidence Panel,critical services/dependencies|site/people context|incident/crisis signals|recovery capabilities|security/travel data,business recovery|emergency services|IT DR|communications|security investigations,Attributable who/what/when/result record with source context and evidence,candidate-explicit
EJOB-F24.06-PROFESSIONAL,Emergency Response Coordinator,,"Legal, Risk, Assets, HSE & Resilience — F24",JP-F24.06-PROFESSIONAL,reconciled-employment-profile,WP-W9-F24.06-PROFESSIONAL-002,Evacuation Record,EXECUTION RECORD,F24.06.A02,NATIVE,Operate,Continuity Plan|BIA|Crisis|Emergency|Recovery|Physical Security|Visitor|Travel,F24,Crisis / Emergency Response [AGG-23-CRISIS],Execution Record|Evidence Panel,critical services/dependencies|site/people context|incident/crisis signals|recovery capabilities|security/travel data,business recovery|emergency services|IT DR|communications|security investigations,Attributable who/what/when/result record with source context and evidence,candidate-explicit
EJOB-F24.06-PROFESSIONAL,Emergency Response Coordinator,,"Legal, Risk, Assets, HSE & Resilience — F24",JP-F24.06-PROFESSIONAL,reconciled-employment-profile,WP-W9-F24.06-PROFESSIONAL-003,People Accountability / Muster Record,REGISTER / SCHEDULE,F24.06.A03,NATIVE,Operate,Continuity Plan|BIA|Crisis|Emergency|Recovery|Physical Security|Visitor|Travel,F24,Crisis / Emergency Response [AGG-23-CRISIS],Enterprise Grid|Collection View,critical services/dependencies|site/people context|incident/crisis signals|recovery capabilities|security/travel data,business recovery|emergency services|IT DR|communications|security investigations,"Governed entries with owner, status, dates, source references and immutable change history",candidate-explicit
EJOB-F24.06-PROFESSIONAL,Emergency Response Coordinator,,"Legal, Risk, Assets, HSE & Resilience — F24",JP-F24.06-PROFESSIONAL,reconciled-employment-profile,WP-W9-F24.06-PROFESSIONAL-004,Emergency Services Contact / Handoff Record,HANDOVER / CLOSEOUT PACKAGE,F24.06.A04,NATIVE,Operate,Continuity Plan|BIA|Crisis|Emergency|Recovery|Physical Security|Visitor|Travel,F24,Crisis / Emergency Response [AGG-23-CRISIS],Package Workspace|Completeness Checklist,critical services/dependencies|site/people context|incident/crisis signals|recovery capabilities|security/travel data,business recovery|emergency services|IT DR|communications|security investigations,"Controlled completeness set with acceptance, outstanding items, evidence and closure provenance",candidate-explicit
EJOB-F19.09-PROFESSIONAL,Employment Counsel,,"Legal, Risk, Assets, HSE & Resilience — F19",JP-F19.09-PROFESSIONAL,reconciled-employment-profile,WP-W9-F19.09-PROFESSIONAL-001,Employment Contract Legal Review,CASE / ASSESSMENT,F19.09.A01,NATIVE,Operate,Legal Matter|Contract|Entity|Proceeding|Obligation|Hold,F19,Legal Matter [AGG-22-LEGAL],Case Workspace|Assessment Form|Evidence Panel,business request|contract/entity data|laws/regulations|evidence/records|authority policy,contract/business decisions|regulatory compliance|corporate governance|retention/eDiscovery|finance/legal spend,"Evidence set, assessment rationale, findings, decisions/actions and closure history",candidate-explicit
EJOB-F19.09-PROFESSIONAL,Employment Counsel,,"Legal, Risk, Assets, HSE & Resilience — F19",JP-F19.09-PROFESSIONAL,reconciled-employment-profile,WP-W9-F19.09-PROFESSIONAL-002,Employment Dispute Legal Matter,CASE / ASSESSMENT,F19.09.A02,NATIVE,Operate,Legal Matter|Contract|Entity|Proceeding|Obligation|Hold,F19,Legal Matter [AGG-22-LEGAL],Case Workspace|Assessment Form|Evidence Panel,business request|contract/entity data|laws/regulations|evidence/records|authority policy,contract/business decisions|regulatory compliance|corporate governance|retention/eDiscovery|finance/legal spend,"Evidence set, assessment rationale, findings, decisions/actions and closure history",candidate-explicit
EJOB-F19.09-PROFESSIONAL,Employment Counsel,,"Legal, Risk, Assets, HSE & Resilience — F19",JP-F19.09-PROFESSIONAL,reconciled-employment-profile,WP-W9-F19.09-PROFESSIONAL-003,Restructuring Legal Advice,CONTROLLED INFORMATION,F19.09.A03,NATIVE,Operate,Legal Matter|Contract|Entity|Proceeding|Obligation|Hold,F19,Legal Matter [AGG-22-LEGAL],Controlled Document Editor|Object Workspace,business request|contract/entity data|laws/regulations|evidence/records|authority policy,contract/business decisions|regulatory compliance|corporate governance|retention/eDiscovery|finance/legal spend,"Controlled revision with author, reviewer, approver, issue/effective date and supersession provenance",candidate-explicit
EJOB-F19.09-PROFESSIONAL,Employment Counsel,,"Legal, Risk, Assets, HSE & Resilience — F19",JP-F19.09-PROFESSIONAL,reconciled-employment-profile,WP-W9-F19.09-PROFESSIONAL-004,Employee Matter Legal Advice,CONTROLLED INFORMATION,F19.09.A04,NATIVE,Operate,Legal Matter|Contract|Entity|Proceeding|Obligation|Hold,F19,Legal Matter [AGG-22-LEGAL],Controlled Document Editor|Object Workspace,business request|contract/entity data|laws/regulations|evidence/records|authority policy,contract/business decisions|regulatory compliance|corporate governance|retention/eDiscovery|finance/legal spend,"Controlled revision with author, reviewer, approver, issue/effective date and supersession provenance",candidate-explicit
EJOB-F23.10-PROFESSIONAL,Energy Manager,,"Legal, Risk, Assets, HSE & Resilience — F23",JP-F23.10-PROFESSIONAL,reconciled-employment-profile,WP-W9-F23.10-PROFESSIONAL-001,Energy Consumption Baseline / Dashboard,REPORT / SNAPSHOT,F23.10.A01,NATIVE,Operate,Hazard|Inspection|Incident|Permit|Environmental Aspect|Carbon|Energy|ESG,F23,Carbon / Sustainability Performance [AGG-20-CARBON],Report Builder|Snapshot View,HSE policy|work/activity context|monitoring/test data|supplier/environmental evidence|sustainability commitments,work controls|supplier/procurement|regulatory returns|operations|ESG disclosure,"Point-in-time/as-of snapshot with source data, calculation/filter and publication provenance",candidate-explicit
EJOB-F23.10-PROFESSIONAL,Energy Manager,,"Legal, Risk, Assets, HSE & Resilience — F23",JP-F23.10-PROFESSIONAL,reconciled-employment-profile,WP-W9-F23.10-PROFESSIONAL-002,Energy Efficiency Opportunity Assessment,CASE / ASSESSMENT,F23.10.A02,NATIVE,Operate,Hazard|Inspection|Incident|Permit|Environmental Aspect|Carbon|Energy|ESG,F23,Carbon / Sustainability Performance [AGG-20-CARBON],Case Workspace|Assessment Form|Evidence Panel,HSE policy|work/activity context|monitoring/test data|supplier/environmental evidence|sustainability commitments,work controls|supplier/procurement|regulatory returns|operations|ESG disclosure,"Evidence set, assessment rationale, findings, decisions/actions and closure history",candidate-explicit
EJOB-F23.10-PROFESSIONAL,Energy Manager,,"Legal, Risk, Assets, HSE & Resilience — F23",JP-F23.10-PROFESSIONAL,reconciled-employment-profile,WP-W9-F23.10-PROFESSIONAL-003,Energy Improvement Action,CHANGE,F23.10.A03,NATIVE,Operate,Hazard|Inspection|Incident|Permit|Environmental Aspect|Carbon|Energy|ESG,F23,Carbon / Sustainability Performance [AGG-20-CARBON],Change Workspace|Impact Assessment,HSE policy|work/activity context|monitoring/test data|supplier/environmental evidence|sustainability commitments,work controls|supplier/procurement|regulatory returns|operations|ESG disclosure,"Baseline, impact assessment, authority decision, implementation and verification evidence",candidate-explicit
EJOB-F23.10-PROFESSIONAL,Energy Manager,,"Legal, Risk, Assets, HSE & Resilience — F23",JP-F23.10-PROFESSIONAL,reconciled-employment-profile,WP-W9-F23.10-PROFESSIONAL-004,Energy Savings Verification,INSPECTION / TEST,F23.10.A04,NATIVE,Operate,Hazard|Inspection|Incident|Permit|Environmental Aspect|Carbon|Energy|ESG,F23,Carbon / Sustainability Performance [AGG-20-CARBON],Test / Inspection Workbench|Evidence Panel,HSE policy|work/activity context|monitoring/test data|supplier/environmental evidence|sustainability commitments,work controls|supplier/procurement|regulatory returns|operations|ESG disclosure,"Inspection/test basis, method, result, evidence, performer/reviewer and acceptance status",candidate-explicit
EJOB-F20.01-PROFESSIONAL,Enterprise Risk Manager,,"Legal, Risk, Assets, HSE & Resilience — F20",JP-F20.01-PROFESSIONAL,reconciled-employment-profile,WP-W9-F20.01-PROFESSIONAL-001,Enterprise Risk Taxonomy,STRUCTURE / BREAKDOWN,F20.01.A01,NATIVE,Operate,Risk|Requirement|Control|Audit|Finding|Assurance,F20,Enterprise Risk / Assessment [AGG-21-RISK],Structure Browser|Enterprise Grid,strategy/risk context|regulatory obligations|control evidence|business/audit data|independence rules,management decisions|remediation|audit committee|control owners|regulatory assurance,"Versioned hierarchy/structure with element identity, relationships, effectivity and approval provenance",candidate-explicit
EJOB-F20.01-PROFESSIONAL,Enterprise Risk Manager,,"Legal, Risk, Assets, HSE & Resilience — F20",JP-F20.01-PROFESSIONAL,reconciled-employment-profile,WP-W9-F20.01-PROFESSIONAL-002,Risk Appetite / Tolerance Statement,CONTROLLED INFORMATION,F20.01.A02,NATIVE,Operate,Risk|Requirement|Control|Audit|Finding|Assurance,F20,Enterprise Risk / Assessment [AGG-21-RISK],Controlled Document Editor|Object Workspace,strategy/risk context|regulatory obligations|control evidence|business/audit data|independence rules,management decisions|remediation|audit committee|control owners|regulatory assurance,"Controlled revision with author, reviewer, approver, issue/effective date and supersession provenance",candidate-explicit
EJOB-F20.01-PROFESSIONAL,Enterprise Risk Manager,,"Legal, Risk, Assets, HSE & Resilience — F20",JP-F20.01-PROFESSIONAL,reconciled-employment-profile,WP-W9-F20.01-PROFESSIONAL-003,Risk Methodology,CONTROLLED INFORMATION,F20.01.A03,NATIVE,Operate,Risk|Requirement|Control|Audit|Finding|Assurance,F20,Enterprise Risk / Assessment [AGG-21-RISK],Controlled Document Editor|Object Workspace,strategy/risk context|regulatory obligations|control evidence|business/audit data|independence rules,management decisions|remediation|audit committee|control owners|regulatory assurance,"Controlled revision with author, reviewer, approver, issue/effective date and supersession provenance",candidate-explicit
EJOB-F20.01-PROFESSIONAL,Enterprise Risk Manager,,"Legal, Risk, Assets, HSE & Resilience — F20",JP-F20.01-PROFESSIONAL,reconciled-employment-profile,WP-W9-F20.01-PROFESSIONAL-004,Risk Governance Framework,PLAN / STRATEGY,F20.01.A04,NATIVE,Operate,Risk|Requirement|Control|Audit|Finding|Assurance,F20,Enterprise Risk / Assessment [AGG-21-RISK],Object Workspace|Structure Browser|Enterprise Grid,strategy/risk context|regulatory obligations|control evidence|business/audit data|independence rules,management decisions|remediation|audit committee|control owners|regulatory assurance,"Versioned plan/strategy with assumptions, ownership, review, approval and effective-date provenance",candidate-explicit
EJOB-F23.14-PROFESSIONAL,Environmental Compliance Specialist,,"Legal, Risk, Assets, HSE & Resilience — F23",JP-F23.14-PROFESSIONAL,reconciled-employment-profile,WP-W9-F23.14-PROFESSIONAL-001,Environmental Permit / Obligation Register,REGISTER / SCHEDULE,F23.14.A01,NATIVE,Operate,Hazard|Inspection|Incident|Permit|Environmental Aspect|Carbon|Energy|ESG,F23,Environmental Compliance [AGG-21-COMPLIANCE-REQUIREMENT],Enterprise Grid|Collection View,HSE policy|work/activity context|monitoring/test data|supplier/environmental evidence|sustainability commitments,work controls|supplier/procurement|regulatory returns|operations|ESG disclosure,"Governed entries with owner, status, dates, source references and immutable change history",candidate-explicit
EJOB-F23.14-PROFESSIONAL,Environmental Compliance Specialist,,"Legal, Risk, Assets, HSE & Resilience — F23",JP-F23.14-PROFESSIONAL,reconciled-employment-profile,WP-W9-F23.14-PROFESSIONAL-002,Environmental Sample / Test Record,INSPECTION / TEST,F23.14.A02,NATIVE,Operate,Hazard|Inspection|Incident|Permit|Environmental Aspect|Carbon|Energy|ESG,F23,Environmental Compliance [AGG-21-COMPLIANCE-REQUIREMENT],Test / Inspection Workbench|Evidence Panel,HSE policy|work/activity context|monitoring/test data|supplier/environmental evidence|sustainability commitments,work controls|supplier/procurement|regulatory returns|operations|ESG disclosure,"Inspection/test basis, method, result, evidence, performer/reviewer and acceptance status",candidate-explicit
EJOB-F23.14-PROFESSIONAL,Environmental Compliance Specialist,,"Legal, Risk, Assets, HSE & Resilience — F23",JP-F23.14-PROFESSIONAL,reconciled-employment-profile,WP-W9-F23.14-PROFESSIONAL-003,Environmental Return / Regulatory Submission,CERTIFICATE / FORMAL ATTESTATION,F23.14.A03,NATIVE,Operate,Hazard|Inspection|Incident|Permit|Environmental Aspect|Carbon|Energy|ESG,F23,Environmental Compliance [AGG-21-COMPLIANCE-REQUIREMENT],Attestation Workspace|Evidence Panel,HSE policy|work/activity context|monitoring/test data|supplier/environmental evidence|sustainability commitments,work controls|supplier/procurement|regulatory returns|operations|ESG disclosure,"Formal attestation with issuer, authority, scope, date, evidence and validity",candidate-explicit
EJOB-F23.14-PROFESSIONAL,Environmental Compliance Specialist,,"Legal, Risk, Assets, HSE & Resilience — F23",JP-F23.14-PROFESSIONAL,reconciled-employment-profile,WP-W9-F23.14-PROFESSIONAL-004,Environmental Non-Compliance Corrective Action,CHANGE,F23.14.A04,NATIVE,Operate,Hazard|Inspection|Incident|Permit|Environmental Aspect|Carbon|Energy|ESG,F23,Environmental Compliance [AGG-21-COMPLIANCE-REQUIREMENT],Change Workspace|Impact Assessment,HSE policy|work/activity context|monitoring/test data|supplier/environmental evidence|sustainability commitments,work controls|supplier/procurement|regulatory returns|operations|ESG disclosure,"Baseline, impact assessment, authority decision, implementation and verification evidence",candidate-explicit
EJOB-F23.12-PROFESSIONAL,ESG Reporting Specialist,,"Legal, Risk, Assets, HSE & Resilience — F23",JP-F23.12-PROFESSIONAL,reconciled-employment-profile,WP-W9-F23.12-PROFESSIONAL-001,ESG Metric Dataset,REGISTER / SCHEDULE,F23.12.A01,NATIVE,Operate,Hazard|Inspection|Incident|Permit|Environmental Aspect|Carbon|Energy|ESG,F23,Carbon / Sustainability Performance [AGG-20-CARBON],Enterprise Grid|Collection View,HSE policy|work/activity context|monitoring/test data|supplier/environmental evidence|sustainability commitments,work controls|supplier/procurement|regulatory returns|operations|ESG disclosure,"Governed entries with owner, status, dates, source references and immutable change history",candidate-explicit
EJOB-F23.12-PROFESSIONAL,ESG Reporting Specialist,,"Legal, Risk, Assets, HSE & Resilience — F23",JP-F23.12-PROFESSIONAL,reconciled-employment-profile,WP-W9-F23.12-PROFESSIONAL-002,ESG Data Validation Record,INSPECTION / TEST,F23.12.A02,NATIVE,Operate,Hazard|Inspection|Incident|Permit|Environmental Aspect|Carbon|Energy|ESG,F23,Carbon / Sustainability Performance [AGG-20-CARBON],Test / Inspection Workbench|Evidence Panel,HSE policy|work/activity context|monitoring/test data|supplier/environmental evidence|sustainability commitments,work controls|supplier/procurement|regulatory returns|operations|ESG disclosure,"Inspection/test basis, method, result, evidence, performer/reviewer and acceptance status",candidate-explicit
EJOB-F23.12-PROFESSIONAL,ESG Reporting Specialist,,"Legal, Risk, Assets, HSE & Resilience — F23",JP-F23.12-PROFESSIONAL,reconciled-employment-profile,WP-W9-F23.12-PROFESSIONAL-003,ESG Calculation / Metric Model,CALCULATION / MODEL,F23.12.A03,NATIVE,Operate,Hazard|Inspection|Incident|Permit|Environmental Aspect|Carbon|Energy|ESG,F23,Carbon / Sustainability Performance [AGG-20-CARBON],Calculation Workbench|Enterprise Grid,HSE policy|work/activity context|monitoring/test data|supplier/environmental evidence|sustainability commitments,work controls|supplier/procurement|regulatory returns|operations|ESG disclosure,"Versioned calculation/model with inputs, assumptions, method, scenario and result provenance",candidate-explicit
EJOB-F23.12-PROFESSIONAL,ESG Reporting Specialist,,"Legal, Risk, Assets, HSE & Resilience — F23",JP-F23.12-PROFESSIONAL,reconciled-employment-profile,WP-W9-F23.12-PROFESSIONAL-004,ESG Disclosure / Report,REPORT / SNAPSHOT,F23.12.A04,NATIVE,Operate,Hazard|Inspection|Incident|Permit|Environmental Aspect|Carbon|Energy|ESG,F23,Carbon / Sustainability Performance [AGG-20-CARBON],Report Builder|Snapshot View,HSE policy|work/activity context|monitoring/test data|supplier/environmental evidence|sustainability commitments,work controls|supplier/procurement|regulatory returns|operations|ESG disclosure,"Point-in-time/as-of snapshot with source data, calculation/filter and publication provenance",candidate-explicit
EJOB-F23.12-PROFESSIONAL,ESG Reporting Specialist,,"Legal, Risk, Assets, HSE & Resilience — F23",JP-F23.12-PROFESSIONAL,reconciled-employment-profile,WP-W9-F23.12-PROFESSIONAL-005,ESG Assurance Evidence,CERTIFICATE / FORMAL ATTESTATION,F23.12.A05,NATIVE,Operate,Hazard|Inspection|Incident|Permit|Environmental Aspect|Carbon|Energy|ESG,F23,Carbon / Sustainability Performance [AGG-20-CARBON],Attestation Workspace|Evidence Panel,HSE policy|work/activity context|monitoring/test data|supplier/environmental evidence|sustainability commitments,work controls|supplier/procurement|regulatory returns|operations|ESG disclosure,"Formal attestation with issuer, authority, scope, date, evidence and validity",candidate-explicit
EJOB-F20.15-PROFESSIONAL,Ethics & Conduct Officer,,"Legal, Risk, Assets, HSE & Resilience — F20",JP-F20.15-PROFESSIONAL,reconciled-employment-profile,WP-W9-F20.15-PROFESSIONAL-001,Ethics Declaration Register,REGISTER / SCHEDULE,F20.15.A01,NATIVE,Operate,Risk|Requirement|Control|Audit|Finding|Assurance,F20,Compliance Requirement / Assessment [AGG-21-REQUIREMENT],Enterprise Grid|Collection View,strategy/risk context|regulatory obligations|control evidence|business/audit data|independence rules,management decisions|remediation|audit committee|control owners|regulatory assurance,"Governed entries with owner, status, dates, source references and immutable change history",candidate-explicit
EJOB-F20.15-PROFESSIONAL,Ethics & Conduct Officer,,"Legal, Risk, Assets, HSE & Resilience — F20",JP-F20.15-PROFESSIONAL,reconciled-employment-profile,WP-W9-F20.15-PROFESSIONAL-002,Conflict of Interest Register / Case,CASE / ASSESSMENT,F20.15.A02,NATIVE,Operate,Risk|Requirement|Control|Audit|Finding|Assurance,F20,Compliance Requirement / Assessment [AGG-21-REQUIREMENT],Case Workspace|Assessment Form|Evidence Panel,strategy/risk context|regulatory obligations|control evidence|business/audit data|independence rules,management decisions|remediation|audit committee|control owners|regulatory assurance,"Evidence set, assessment rationale, findings, decisions/actions and closure history",candidate-explicit
EJOB-F20.15-PROFESSIONAL,Ethics & Conduct Officer,,"Legal, Risk, Assets, HSE & Resilience — F20",JP-F20.15-PROFESSIONAL,reconciled-employment-profile,WP-W9-F20.15-PROFESSIONAL-003,Gifts & Hospitality Register,REGISTER / SCHEDULE,F20.15.A03,NATIVE,Operate,Risk|Requirement|Control|Audit|Finding|Assurance,F20,Compliance Requirement / Assessment [AGG-21-REQUIREMENT],Enterprise Grid|Collection View,strategy/risk context|regulatory obligations|control evidence|business/audit data|independence rules,management decisions|remediation|audit committee|control owners|regulatory assurance,"Governed entries with owner, status, dates, source references and immutable change history",candidate-explicit
EJOB-F20.15-PROFESSIONAL,Ethics & Conduct Officer,,"Legal, Risk, Assets, HSE & Resilience — F20",JP-F20.15-PROFESSIONAL,reconciled-employment-profile,WP-W9-F20.15-PROFESSIONAL-004,Speak-Up / Whistleblowing Case,CASE / ASSESSMENT,F20.15.A04,NATIVE,Operate,Risk|Requirement|Control|Audit|Finding|Assurance,F20,Compliance Requirement / Assessment [AGG-21-REQUIREMENT],Case Workspace|Assessment Form|Evidence Panel,strategy/risk context|regulatory obligations|control evidence|business/audit data|independence rules,management decisions|remediation|audit committee|control owners|regulatory assurance,"Evidence set, assessment rationale, findings, decisions/actions and closure history",candidate-explicit
EJOB-F20.14-PROFESSIONAL,Fraud Risk Specialist,,"Legal, Risk, Assets, HSE & Resilience — F20",JP-F20.14-PROFESSIONAL,reconciled-employment-profile,WP-W9-F20.14-PROFESSIONAL-001,Fraud Risk Scenario Assessment,CASE / ASSESSMENT,F20.14.A01,NATIVE,Operate,Risk|Requirement|Control|Audit|Finding|Assurance,F20,Enterprise Risk / Assessment [AGG-21-RISK],Case Workspace|Assessment Form|Evidence Panel,strategy/risk context|regulatory obligations|control evidence|business/audit data|independence rules,management decisions|remediation|audit committee|control owners|regulatory assurance,"Evidence set, assessment rationale, findings, decisions/actions and closure history",candidate-explicit
EJOB-F20.14-PROFESSIONAL,Fraud Risk Specialist,,"Legal, Risk, Assets, HSE & Resilience — F20",JP-F20.14-PROFESSIONAL,reconciled-employment-profile,WP-W9-F20.14-PROFESSIONAL-002,Fraud Indicator Monitoring,REPORT / SNAPSHOT,F20.14.A02,NATIVE,Operate,Risk|Requirement|Control|Audit|Finding|Assurance,F20,Enterprise Risk / Assessment [AGG-21-RISK],Report Builder|Snapshot View,strategy/risk context|regulatory obligations|control evidence|business/audit data|independence rules,management decisions|remediation|audit committee|control owners|regulatory assurance,"Point-in-time/as-of snapshot with source data, calculation/filter and publication provenance",candidate-explicit
EJOB-F20.14-PROFESSIONAL,Fraud Risk Specialist,,"Legal, Risk, Assets, HSE & Resilience — F20",JP-F20.14-PROFESSIONAL,reconciled-employment-profile,WP-W9-F20.14-PROFESSIONAL-003,Fraud Investigation Case,CASE / ASSESSMENT,F20.14.A03,NATIVE,Operate,Risk|Requirement|Control|Audit|Finding|Assurance,F20,Enterprise Risk / Assessment [AGG-21-RISK],Case Workspace|Assessment Form|Evidence Panel,strategy/risk context|regulatory obligations|control evidence|business/audit data|independence rules,management decisions|remediation|audit committee|control owners|regulatory assurance,"Evidence set, assessment rationale, findings, decisions/actions and closure history",candidate-explicit
EJOB-F24-FUNCTION-LEAD,"Head of Business Continuity, Crisis & Physical Security",,"Legal, Risk, Assets, HSE & Resilience — F24",JP-F24-FUNCTION-LEAD,reconciled-function-lead,WP-W9-F24-FUNCTION-LEAD-001,Continuity / Crisis / Security Framework,PLAN / STRATEGY,F24.01.A01|F24.01.A02|F24.01.A03|F24.01.A04|F24.03.A01|F24.03.A02|F24.03.A03|F24.05.A01|F24.05.A02|F24.05.A03|F24.05.A04|F24.09.A01|F24.09.A02|F24.09.A03|F24.09.A04,NATIVE,Operate,Continuity Plan|BIA|Crisis|Emergency|Recovery|Physical Security|Visitor|Travel,F24,Continuity / Recovery [AGG-23-CONTINUITY]|Crisis / Emergency Response [AGG-23-CRISIS]|Physical / Travel Security [AGG-23-PHYSICAL-SECURITY-INCIDENT],Object Workspace|Structure Browser|Enterprise Grid,critical services/dependencies|site/people context|incident/crisis signals|recovery capabilities|security/travel data,business recovery|emergency services|IT DR|communications|security investigations,"Versioned plan/strategy with assumptions, ownership, review, approval and effective-date provenance",candidate-explicit
EJOB-F24-FUNCTION-LEAD,"Head of Business Continuity, Crisis & Physical Security",,"Legal, Risk, Assets, HSE & Resilience — F24",JP-F24-FUNCTION-LEAD,reconciled-function-lead,WP-W9-F24-FUNCTION-LEAD-002,Business Impact / Recovery Objectives Portfolio,REGISTER / SCHEDULE,F24.02.A01|F24.02.A02|F24.02.A03|F24.02.A04,NATIVE,Operate,Continuity Plan|BIA|Crisis|Emergency|Recovery|Physical Security|Visitor|Travel,F24,Continuity / Recovery [AGG-23-CONTINUITY],Enterprise Grid|Collection View,critical services/dependencies|site/people context|incident/crisis signals|recovery capabilities|security/travel data,business recovery|emergency services|IT DR|communications|security investigations,"Governed entries with owner, status, dates, source references and immutable change history",candidate-explicit
EJOB-F24-FUNCTION-LEAD,"Head of Business Continuity, Crisis & Physical Security",,"Legal, Risk, Assets, HSE & Resilience — F24",JP-F24-FUNCTION-LEAD,reconciled-function-lead,WP-W9-F24-FUNCTION-LEAD-003,Continuity Exercise / Remediation Pack,REPORT / SNAPSHOT,F24.04.A01|F24.04.A02|F24.04.A03|F24.04.A04,NATIVE,Operate,Continuity Plan|BIA|Crisis|Emergency|Recovery|Physical Security|Visitor|Travel,F24,Continuity / Recovery [AGG-23-CONTINUITY],Report Builder|Snapshot View,critical services/dependencies|site/people context|incident/crisis signals|recovery capabilities|security/travel data,business recovery|emergency services|IT DR|communications|security investigations,"Point-in-time/as-of snapshot with source data, calculation/filter and publication provenance",candidate-explicit
EJOB-F24-FUNCTION-LEAD,"Head of Business Continuity, Crisis & Physical Security",,"Legal, Risk, Assets, HSE & Resilience — F24",JP-F24-FUNCTION-LEAD,reconciled-function-lead,WP-W9-F24-FUNCTION-LEAD-004,Crisis / Emergency Response Pack,REPORT / SNAPSHOT,F24.05.A01|F24.05.A02|F24.05.A03|F24.05.A04|F24.06.A01|F24.06.A02|F24.06.A03|F24.06.A04,NATIVE,Operate,Continuity Plan|BIA|Crisis|Emergency|Recovery|Physical Security|Visitor|Travel,F24,Crisis / Emergency Response [AGG-23-CRISIS],Report Builder|Snapshot View,critical services/dependencies|site/people context|incident/crisis signals|recovery capabilities|security/travel data,business recovery|emergency services|IT DR|communications|security investigations,"Point-in-time/as-of snapshot with source data, calculation/filter and publication provenance",candidate-explicit
EJOB-F24-FUNCTION-LEAD,"Head of Business Continuity, Crisis & Physical Security",,"Legal, Risk, Assets, HSE & Resilience — F24",JP-F24-FUNCTION-LEAD,reconciled-function-lead,WP-W9-F24-FUNCTION-LEAD-005,Crisis Communications Governance Pack,REPORT / SNAPSHOT,F24.07.A01|F24.07.A02|F24.07.A03|F25.12.A01|F25.12.A02|F25.12.A03|F25.12.A04,NATIVE,Operate,Continuity Plan|BIA|Crisis|Emergency|Recovery|Physical Security|Visitor|Travel,F24|F25,Crisis / Emergency Response [AGG-23-CRISIS]|Communications Plan / Item [AGG-25-COMMUNICATIONS],Report Builder|Snapshot View,critical services/dependencies|site/people context|incident/crisis signals|recovery capabilities|security/travel data,business recovery|emergency services|IT DR|communications|security investigations,"Point-in-time/as-of snapshot with source data, calculation/filter and publication provenance",candidate-explicit
EJOB-F24-FUNCTION-LEAD,"Head of Business Continuity, Crisis & Physical Security",,"Legal, Risk, Assets, HSE & Resilience — F24",JP-F24-FUNCTION-LEAD,reconciled-function-lead,WP-W9-F24-FUNCTION-LEAD-006,Disaster Recovery / Physical Security Operations Review,REPORT / SNAPSHOT,F24.08.A01|F24.08.A02|F24.08.A03|F24.09.A01|F24.09.A02|F24.09.A03|F24.09.A04|F24.10.A01|F24.10.A02|F24.10.A03|F24.10.A04,NATIVE,Operate,Continuity Plan|BIA|Crisis|Emergency|Recovery|Physical Security|Visitor|Travel,F24,Continuity / Recovery [AGG-23-CONTINUITY]|Physical / Travel Security [AGG-23-PHYSICAL-SECURITY-INCIDENT],Report Builder|Snapshot View,critical services/dependencies|site/people context|incident/crisis signals|recovery capabilities|security/travel data,business recovery|emergency services|IT DR|communications|security investigations,"Point-in-time/as-of snapshot with source data, calculation/filter and publication provenance",candidate-explicit
EJOB-F24-FUNCTION-LEAD,"Head of Business Continuity, Crisis & Physical Security",,"Legal, Risk, Assets, HSE & Resilience — F24",JP-F24-FUNCTION-LEAD,reconciled-function-lead,WP-W9-F24-FUNCTION-LEAD-007,Security Investigation / Travel Security Portfolio,REGISTER / SCHEDULE,F24.11.A01|F24.11.A02|F24.11.A03|F24.11.A04|F24.12.A01|F24.12.A02|F24.12.A03|F24.12.A04,NATIVE,Operate,Continuity Plan|BIA|Crisis|Emergency|Recovery|Physical Security|Visitor|Travel,F24,Physical / Travel Security [AGG-23-PHYSICAL-SECURITY-INCIDENT],Enterprise Grid|Collection View,critical services/dependencies|site/people context|incident/crisis signals|recovery capabilities|security/travel data,business recovery|emergency services|IT DR|communications|security investigations,"Governed entries with owner, status, dates, source references and immutable change history",candidate-explicit
EJOB-F23-FUNCTION-LEAD,Head of HSE & Sustainability,,"Legal, Risk, Assets, HSE & Resilience — F23",JP-F23-FUNCTION-LEAD,reconciled-function-lead,WP-W9-F23-FUNCTION-LEAD-001,HSE / Sustainability Management Framework,PLAN / STRATEGY,F23.01.A01|F23.01.A02|F23.01.A03|F23.01.A04|F23.11.A01|F23.11.A02|F23.11.A03,NATIVE,Operate,Hazard|Inspection|Incident|Permit|Environmental Aspect|Carbon|Energy|ESG,F23,H&S / Incident / Permit [AGG-13-INCIDENT]|Carbon / Sustainability Performance [AGG-20-CARBON],Object Workspace|Structure Browser|Enterprise Grid,HSE policy|work/activity context|monitoring/test data|supplier/environmental evidence|sustainability commitments,work controls|supplier/procurement|regulatory returns|operations|ESG disclosure,"Versioned plan/strategy with assumptions, ownership, review, approval and effective-date provenance",candidate-explicit
EJOB-F23-FUNCTION-LEAD,Head of HSE & Sustainability,,"Legal, Risk, Assets, HSE & Resilience — F23",JP-F23-FUNCTION-LEAD,reconciled-function-lead,WP-W9-F23-FUNCTION-LEAD-002,Hazard / Inspection / Incident Portfolio,REGISTER / SCHEDULE,F23.02.A01|F23.02.A02|F23.02.A03|F23.03.A01|F23.03.A02|F23.03.A03|F23.03.A04|F23.04.A01|F23.04.A02|F23.04.A03|F23.04.A04,NATIVE,Operate,Hazard|Inspection|Incident|Permit|Environmental Aspect|Carbon|Energy|ESG,F23,H&S / Incident / Permit [AGG-13-INCIDENT],Enterprise Grid|Collection View,HSE policy|work/activity context|monitoring/test data|supplier/environmental evidence|sustainability commitments,work controls|supplier/procurement|regulatory returns|operations|ESG disclosure,"Governed entries with owner, status, dates, source references and immutable change history",candidate-explicit
EJOB-F23-FUNCTION-LEAD,Head of HSE & Sustainability,,"Legal, Risk, Assets, HSE & Resilience — F23",JP-F23-FUNCTION-LEAD,reconciled-function-lead,WP-W9-F23-FUNCTION-LEAD-003,Occupational Health / Permit-to-Work Review,REPORT / SNAPSHOT,F23.05.A01|F23.05.A02|F23.05.A03|F23.06.A01|F23.06.A02|F23.06.A03|F23.06.A04|F23.06.A05,NATIVE,Operate,Hazard|Inspection|Incident|Permit|Environmental Aspect|Carbon|Energy|ESG,F23,H&S / Incident / Permit [AGG-13-INCIDENT],Report Builder|Snapshot View,HSE policy|work/activity context|monitoring/test data|supplier/environmental evidence|sustainability commitments,work controls|supplier/procurement|regulatory returns|operations|ESG disclosure,"Point-in-time/as-of snapshot with source data, calculation/filter and publication provenance",candidate-explicit
EJOB-F23-FUNCTION-LEAD,Head of HSE & Sustainability,,"Legal, Risk, Assets, HSE & Resilience — F23",JP-F23-FUNCTION-LEAD,reconciled-function-lead,WP-W9-F23-FUNCTION-LEAD-004,Environmental / Waste Performance Pack,REPORT / SNAPSHOT,F23.07.A01|F23.07.A02|F23.07.A03|F23.08.A01|F23.08.A02|F23.08.A03|F23.08.A04|F23.08.A05|F23.08.A06|F23.14.A01|F23.14.A02|F23.14.A03|F23.14.A04,NATIVE,Operate,Hazard|Inspection|Incident|Permit|Environmental Aspect|Carbon|Energy|ESG,F23,Environmental Compliance [AGG-21-COMPLIANCE-REQUIREMENT]|Waste / Resource Evidence [AGG-20-WASTE-CONSIGNMENT],Report Builder|Snapshot View,HSE policy|work/activity context|monitoring/test data|supplier/environmental evidence|sustainability commitments,work controls|supplier/procurement|regulatory returns|operations|ESG disclosure,"Point-in-time/as-of snapshot with source data, calculation/filter and publication provenance",candidate-explicit
EJOB-F23-FUNCTION-LEAD,Head of HSE & Sustainability,,"Legal, Risk, Assets, HSE & Resilience — F23",JP-F23-FUNCTION-LEAD,reconciled-function-lead,WP-W9-F23-FUNCTION-LEAD-005,Carbon / Energy Performance Pack,REPORT / SNAPSHOT,F23.09.A01|F23.09.A02|F23.09.A03|F23.09.A04|F23.10.A01|F23.10.A02|F23.10.A03|F23.10.A04,NATIVE,Operate,Hazard|Inspection|Incident|Permit|Environmental Aspect|Carbon|Energy|ESG,F23,Carbon / Sustainability Performance [AGG-20-CARBON],Report Builder|Snapshot View,HSE policy|work/activity context|monitoring/test data|supplier/environmental evidence|sustainability commitments,work controls|supplier/procurement|regulatory returns|operations|ESG disclosure,"Point-in-time/as-of snapshot with source data, calculation/filter and publication provenance",candidate-explicit
EJOB-F23-FUNCTION-LEAD,Head of HSE & Sustainability,,"Legal, Risk, Assets, HSE & Resilience — F23",JP-F23-FUNCTION-LEAD,reconciled-function-lead,WP-W9-F23-FUNCTION-LEAD-006,ESG Disclosure / Assurance Pack,REPORT / SNAPSHOT,F23.12.A01|F23.12.A02|F23.12.A03|F23.12.A04|F23.12.A05,NATIVE,Operate,Hazard|Inspection|Incident|Permit|Environmental Aspect|Carbon|Energy|ESG,F23,Carbon / Sustainability Performance [AGG-20-CARBON],Report Builder|Snapshot View,HSE policy|work/activity context|monitoring/test data|supplier/environmental evidence|sustainability commitments,work controls|supplier/procurement|regulatory returns|operations|ESG disclosure,"Point-in-time/as-of snapshot with source data, calculation/filter and publication provenance",candidate-explicit
EJOB-F23-FUNCTION-LEAD,Head of HSE & Sustainability,,"Legal, Risk, Assets, HSE & Resilience — F23",JP-F23-FUNCTION-LEAD,reconciled-function-lead,WP-W9-F23-FUNCTION-LEAD-007,Responsible Procurement / Supplier ESG Review,REPORT / SNAPSHOT,F23.13.A01|F23.13.A02|F23.13.A03,NATIVE,Operate,Hazard|Inspection|Incident|Permit|Environmental Aspect|Carbon|Energy|ESG,F23,Responsible Procurement [AGG-20-RESPONSIBLE-PROCUREMENT],Report Builder|Snapshot View,HSE policy|work/activity context|monitoring/test data|supplier/environmental evidence|sustainability commitments,work controls|supplier/procurement|regulatory returns|operations|ESG disclosure,"Point-in-time/as-of snapshot with source data, calculation/filter and publication provenance",candidate-explicit
EJOB-F19-FUNCTION-LEAD,Head of Legal & Corporate Secretariat,,"Legal, Risk, Assets, HSE & Resilience — F19",JP-F19-FUNCTION-LEAD,reconciled-function-lead,WP-W9-F19-FUNCTION-LEAD-001,Legal & Secretariat Strategy / Operating Plan,PLAN / STRATEGY,F19.01.A01|F19.01.A02|F19.01.A03|F19.04.A01|F19.04.A02|F19.04.A03|F19.04.A04|F19.05.A01|F19.05.A02|F19.05.A03|F19.05.A04,NATIVE,Operate,Legal Matter|Contract|Entity|Proceeding|Obligation|Hold,F19,Legal Matter [AGG-22-LEGAL]|Corporate Secretariat / Entity Register [AGG-22-CORPORATE-SECRETARIAT],Object Workspace|Structure Browser|Enterprise Grid,business request|contract/entity data|laws/regulations|evidence/records|authority policy,contract/business decisions|regulatory compliance|corporate governance|retention/eDiscovery|finance/legal spend,"Versioned plan/strategy with assumptions, ownership, review, approval and effective-date provenance",candidate-explicit
EJOB-F19-FUNCTION-LEAD,Head of Legal & Corporate Secretariat,,"Legal, Risk, Assets, HSE & Resilience — F19",JP-F19-FUNCTION-LEAD,reconciled-function-lead,WP-W9-F19-FUNCTION-LEAD-002,Contract / Obligation Portfolio Review,REPORT / SNAPSHOT,F19.02.A01|F19.02.A02|F19.02.A03|F19.02.A04|F19.02.A05|F19.02.A06|F19.02.A07|F19.02.A08|F19.03.A01|F19.03.A02|F19.03.A03|F19.03.A04|F19.12.A01|F19.12.A02|F19.12.A03,NATIVE,Operate,Legal Matter|Contract|Entity|Proceeding|Obligation|Hold,F19,Contract [AGG-08-CONTRACT]|Legal Obligation [AGG-22-OBLIGATION],Report Builder|Snapshot View,business request|contract/entity data|laws/regulations|evidence/records|authority policy,contract/business decisions|regulatory compliance|corporate governance|retention/eDiscovery|finance/legal spend,"Point-in-time/as-of snapshot with source data, calculation/filter and publication provenance",candidate-explicit
EJOB-F19-FUNCTION-LEAD,Head of Legal & Corporate Secretariat,,"Legal, Risk, Assets, HSE & Resilience — F19",JP-F19-FUNCTION-LEAD,reconciled-function-lead,WP-W9-F19-FUNCTION-LEAD-003,Corporate Entity / Secretariat Governance Pack,REPORT / SNAPSHOT,F19.04.A01|F19.04.A02|F19.04.A03|F19.04.A04|F19.05.A01|F19.05.A02|F19.05.A03|F19.05.A04,NATIVE,Operate,Legal Matter|Contract|Entity|Proceeding|Obligation|Hold,F19,Corporate Secretariat / Entity Register [AGG-22-CORPORATE-SECRETARIAT],Report Builder|Snapshot View,business request|contract/entity data|laws/regulations|evidence/records|authority policy,contract/business decisions|regulatory compliance|corporate governance|retention/eDiscovery|finance/legal spend,"Point-in-time/as-of snapshot with source data, calculation/filter and publication provenance",candidate-explicit
EJOB-F19-FUNCTION-LEAD,Head of Legal & Corporate Secretariat,,"Legal, Risk, Assets, HSE & Resilience — F19",JP-F19-FUNCTION-LEAD,reconciled-function-lead,WP-W9-F19-FUNCTION-LEAD-004,IP / Litigation / Regulatory Matter Review,REPORT / SNAPSHOT,F19.06.A01|F19.06.A02|F19.06.A03|F19.06.A04|F19.07.A01|F19.07.A02|F19.07.A03|F19.07.A04|F19.07.A05|F19.08.A01|F19.08.A02|F19.08.A03,NATIVE,Operate,Legal Matter|Contract|Entity|Proceeding|Obligation|Hold,F19,Intellectual Property Asset [AGG-22-IP-ASSET]|Legal Proceeding / Dispute [AGG-22-PROCEEDING]|Legal Matter [AGG-22-LEGAL],Report Builder|Snapshot View,business request|contract/entity data|laws/regulations|evidence/records|authority policy,contract/business decisions|regulatory compliance|corporate governance|retention/eDiscovery|finance/legal spend,"Point-in-time/as-of snapshot with source data, calculation/filter and publication provenance",candidate-explicit
EJOB-F19-FUNCTION-LEAD,Head of Legal & Corporate Secretariat,,"Legal, Risk, Assets, HSE & Resilience — F19",JP-F19-FUNCTION-LEAD,reconciled-function-lead,WP-W9-F19-FUNCTION-LEAD-005,Employment / Legal Operations Review,REPORT / SNAPSHOT,F19.09.A01|F19.09.A02|F19.09.A03|F19.09.A04|F19.10.A01|F19.10.A02|F19.10.A03|F19.10.A04,NATIVE,Operate,Legal Matter|Contract|Entity|Proceeding|Obligation|Hold,F19,Legal Matter [AGG-22-LEGAL],Report Builder|Snapshot View,business request|contract/entity data|laws/regulations|evidence/records|authority policy,contract/business decisions|regulatory compliance|corporate governance|retention/eDiscovery|finance/legal spend,"Point-in-time/as-of snapshot with source data, calculation/filter and publication provenance",candidate-explicit
EJOB-F19-FUNCTION-LEAD,Head of Legal & Corporate Secretariat,,"Legal, Risk, Assets, HSE & Resilience — F19",JP-F19-FUNCTION-LEAD,reconciled-function-lead,WP-W9-F19-FUNCTION-LEAD-006,Legal Hold / eDiscovery Portfolio,REGISTER / SCHEDULE,F19.11.A01|F19.11.A02|F19.11.A03|F19.11.A04|F19.11.A05,NATIVE,Operate,Legal Matter|Contract|Entity|Proceeding|Obligation|Hold,F19,Legal Hold / eDiscovery [AGG-28-RETENTION],Enterprise Grid|Collection View,business request|contract/entity data|laws/regulations|evidence/records|authority policy,contract/business decisions|regulatory compliance|corporate governance|retention/eDiscovery|finance/legal spend,"Governed entries with owner, status, dates, source references and immutable change history",candidate-explicit
EJOB-F19-FUNCTION-LEAD,Head of Legal & Corporate Secretariat,,"Legal, Risk, Assets, HSE & Resilience — F19",JP-F19-FUNCTION-LEAD,reconciled-function-lead,WP-W9-F19-FUNCTION-LEAD-007,Legal Decision / Action Register,REGISTER / SCHEDULE,F19.01.A01|F19.01.A02|F19.01.A03|F19.02.A01|F19.02.A02|F19.02.A03|F19.02.A04|F19.02.A05|F19.02.A06|F19.02.A07|F19.02.A08|F19.07.A01|F19.07.A02|F19.07.A03|F19.07.A04|F19.07.A05|F19.08.A01|F19.08.A02|F19.08.A03|F19.12.A01|F19.12.A02|F19.12.A03,NATIVE,Operate,Legal Matter|Contract|Entity|Proceeding|Obligation|Hold,F19,Legal Matter [AGG-22-LEGAL]|Contract [AGG-08-CONTRACT]|Legal Proceeding / Dispute [AGG-22-PROCEEDING]|Legal Obligation [AGG-22-OBLIGATION],Enterprise Grid|Collection View,business request|contract/entity data|laws/regulations|evidence/records|authority policy,contract/business decisions|regulatory compliance|corporate governance|retention/eDiscovery|finance/legal spend,"Governed entries with owner, status, dates, source references and immutable change history",candidate-explicit
EJOB-F21-FUNCTION-LEAD,Head of Privacy & Information Governance,,"Legal, Risk, Assets, HSE & Resilience — F21",JP-F21-FUNCTION-LEAD,reconciled-function-lead,WP-W9-F21-FUNCTION-LEAD-001,Privacy Governance Framework,PLAN / STRATEGY,F21.01.A01|F21.01.A02|F21.01.A03,NATIVE,Operate,Processing Activity|DPIA|Consent|Rights Request|Privacy Incident|Transfer|Retention,F21,Privacy Framework / Policy [AGG-22-FRAMEWORK],Object Workspace|Structure Browser|Enterprise Grid,processing inventory|personal-data context|lawful basis|retention/legal hold|identity/evidence,processing controls|rights responses|incident notifications|retention/disposition|privacy assurance,"Versioned plan/strategy with assumptions, ownership, review, approval and effective-date provenance",candidate-explicit
EJOB-F21-FUNCTION-LEAD,Head of Privacy & Information Governance,,"Legal, Risk, Assets, HSE & Resilience — F21",JP-F21-FUNCTION-LEAD,reconciled-function-lead,WP-W9-F21-FUNCTION-LEAD-002,Processing / DPIA Portfolio,REGISTER / SCHEDULE,F21.02.A01|F21.02.A02|F21.02.A03|F21.02.A04|F21.02.A05|F21.03.A01|F21.03.A02|F21.03.A03|F21.03.A04,NATIVE,Operate,Processing Activity|DPIA|Consent|Rights Request|Privacy Incident|Transfer|Retention,F21,Processing Activity / DPIA [AGG-22-PRIVACY],Enterprise Grid|Collection View,processing inventory|personal-data context|lawful basis|retention/legal hold|identity/evidence,processing controls|rights responses|incident notifications|retention/disposition|privacy assurance,"Governed entries with owner, status, dates, source references and immutable change history",candidate-explicit
EJOB-F21-FUNCTION-LEAD,Head of Privacy & Information Governance,,"Legal, Risk, Assets, HSE & Resilience — F21",JP-F21-FUNCTION-LEAD,reconciled-function-lead,WP-W9-F21-FUNCTION-LEAD-003,Consent / Rights Case Performance Pack,REPORT / SNAPSHOT,F21.04.A01|F21.04.A02|F21.04.A03|F21.05.A01|F21.05.A02|F21.05.A03|F21.05.A04|F21.05.A05,NATIVE,Operate,Processing Activity|DPIA|Consent|Rights Request|Privacy Incident|Transfer|Retention,F21,Consent / Preference Evidence [AGG-22-CONSENT-EVIDENCE]|Data Subject Request [AGG-22-DATA-SUBJECT-REQUEST],Report Builder|Snapshot View,processing inventory|personal-data context|lawful basis|retention/legal hold|identity/evidence,processing controls|rights responses|incident notifications|retention/disposition|privacy assurance,"Point-in-time/as-of snapshot with source data, calculation/filter and publication provenance",candidate-explicit
EJOB-F21-FUNCTION-LEAD,Head of Privacy & Information Governance,,"Legal, Risk, Assets, HSE & Resilience — F21",JP-F21-FUNCTION-LEAD,reconciled-function-lead,WP-W9-F21-FUNCTION-LEAD-004,Privacy Incident Portfolio,REGISTER / SCHEDULE,F21.06.A01|F21.06.A02|F21.06.A03|F21.06.A04,NATIVE,Operate,Processing Activity|DPIA|Consent|Rights Request|Privacy Incident|Transfer|Retention,F21,Privacy Incident [AGG-22-INCIDENT],Enterprise Grid|Collection View,processing inventory|personal-data context|lawful basis|retention/legal hold|identity/evidence,processing controls|rights responses|incident notifications|retention/disposition|privacy assurance,"Governed entries with owner, status, dates, source references and immutable change history",candidate-explicit
EJOB-F21-FUNCTION-LEAD,Head of Privacy & Information Governance,,"Legal, Risk, Assets, HSE & Resilience — F21",JP-F21-FUNCTION-LEAD,reconciled-function-lead,WP-W9-F21-FUNCTION-LEAD-005,International Transfer Register,REGISTER / SCHEDULE,F21.07.A01|F21.07.A02|F21.07.A03,NATIVE,Operate,Processing Activity|DPIA|Consent|Rights Request|Privacy Incident|Transfer|Retention,F21,Processing Activity / DPIA [AGG-22-PRIVACY],Enterprise Grid|Collection View,processing inventory|personal-data context|lawful basis|retention/legal hold|identity/evidence,processing controls|rights responses|incident notifications|retention/disposition|privacy assurance,"Governed entries with owner, status, dates, source references and immutable change history",candidate-explicit
EJOB-F21-FUNCTION-LEAD,Head of Privacy & Information Governance,,"Legal, Risk, Assets, HSE & Resilience — F21",JP-F21-FUNCTION-LEAD,reconciled-function-lead,WP-W9-F21-FUNCTION-LEAD-006,Retention / Disposition Governance Pack,REPORT / SNAPSHOT,F21.08.A01|F21.08.A02|F21.08.A03,NATIVE,Operate,Processing Activity|DPIA|Consent|Rights Request|Privacy Incident|Transfer|Retention,F21,Retention / Disposition [AGG-28-RETENTION],Report Builder|Snapshot View,processing inventory|personal-data context|lawful basis|retention/legal hold|identity/evidence,processing controls|rights responses|incident notifications|retention/disposition|privacy assurance,"Point-in-time/as-of snapshot with source data, calculation/filter and publication provenance",candidate-explicit
EJOB-F21-FUNCTION-LEAD,Head of Privacy & Information Governance,,"Legal, Risk, Assets, HSE & Resilience — F21",JP-F21-FUNCTION-LEAD,reconciled-function-lead,WP-W9-F21-FUNCTION-LEAD-007,Privacy Assurance Report,REPORT / SNAPSHOT,F21.09.A01|F21.09.A02|F21.09.A03,NATIVE,Operate,Processing Activity|DPIA|Consent|Rights Request|Privacy Incident|Transfer|Retention,F21,Privacy Assurance Review [AGG-21-AUDIT],Report Builder|Snapshot View,processing inventory|personal-data context|lawful basis|retention/legal hold|identity/evidence,processing controls|rights responses|incident notifications|retention/disposition|privacy assurance,"Point-in-time/as-of snapshot with source data, calculation/filter and publication provenance",candidate-explicit
EJOB-F22-FUNCTION-LEAD,"Head of Property, Facilities & Physical Assets",,"Legal, Risk, Assets, HSE & Resilience — F22",JP-F22-FUNCTION-LEAD,reconciled-function-lead,WP-W9-F22-FUNCTION-LEAD-001,Asset / Property Strategy,PLAN / STRATEGY,F22.01.A01|F22.01.A02|F22.01.A03|F22.02.A01|F22.02.A02|F22.02.A03,NATIVE,Operate,Asset|Property|Project|Work Order|Space|Lease|Utility,F22,Asset Investment Plan [AGG-16-ASSET-INVESTMENT],Object Workspace|Structure Browser|Enterprise Grid,asset/property needs|capital plan|project/maintenance data|contracts/leases|utility consumption,operations/maintenance|finance/capitalisation|project delivery|lease/accounting|asset lifecycle,"Versioned plan/strategy with assumptions, ownership, review, approval and effective-date provenance",candidate-explicit
EJOB-F22-FUNCTION-LEAD,"Head of Property, Facilities & Physical Assets",,"Legal, Risk, Assets, HSE & Resilience — F22",JP-F22-FUNCTION-LEAD,reconciled-function-lead,WP-W9-F22-FUNCTION-LEAD-002,Asset / Property Acquisition Portfolio,REGISTER / SCHEDULE,F22.03.A01|F22.03.A02|F22.03.A03|F22.03.A04|F22.03.A05|F22.04.A01|F22.04.A02|F22.04.A03|F22.04.A04,NATIVE,Operate,Asset|Property|Project|Work Order|Space|Lease|Utility,F22,Asset / Property Acquisition [AGG-16-SPATIAL-ASSET],Enterprise Grid|Collection View,asset/property needs|capital plan|project/maintenance data|contracts/leases|utility consumption,operations/maintenance|finance/capitalisation|project delivery|lease/accounting|asset lifecycle,"Governed entries with owner, status, dates, source references and immutable change history",candidate-explicit
EJOB-F22-FUNCTION-LEAD,"Head of Property, Facilities & Physical Assets",,"Legal, Risk, Assets, HSE & Resilience — F22",JP-F22-FUNCTION-LEAD,reconciled-function-lead,WP-W9-F22-FUNCTION-LEAD-003,Construction / Asset Handover Portfolio,REGISTER / SCHEDULE,F22.05.A01|F22.05.A02|F22.05.A03|F22.05.A04|F22.05.A05|F22.05.A06|F22.06.A01|F22.06.A02|F22.06.A03|F22.06.A04|F22.06.A05,NATIVE,Operate,Asset|Property|Project|Work Order|Space|Lease|Utility,F22,Asset / Property Acquisition [AGG-16-SPATIAL-ASSET]|Asset [AGG-16-SPATIAL-ASSET],Enterprise Grid|Collection View,asset/property needs|capital plan|project/maintenance data|contracts/leases|utility consumption,operations/maintenance|finance/capitalisation|project delivery|lease/accounting|asset lifecycle,"Governed entries with owner, status, dates, source references and immutable change history",candidate-explicit
EJOB-F22-FUNCTION-LEAD,"Head of Property, Facilities & Physical Assets",,"Legal, Risk, Assets, HSE & Resilience — F22",JP-F22-FUNCTION-LEAD,reconciled-function-lead,WP-W9-F22-FUNCTION-LEAD-004,Maintenance / Reliability Review,REPORT / SNAPSHOT,F22.07.A01|F22.07.A02|F22.07.A03|F22.07.A04|F22.08.A01|F22.08.A02|F22.08.A03|F22.08.A04|F22.08.A05|F22.09.A01|F22.09.A02|F22.09.A03,NATIVE,Operate,Asset|Property|Project|Work Order|Space|Lease|Utility,F22,Maintenance Work Order [AGG-17-WORK-ORDER]|Reliability Strategy [AGG-17-RELIABILITY],Report Builder|Snapshot View,asset/property needs|capital plan|project/maintenance data|contracts/leases|utility consumption,operations/maintenance|finance/capitalisation|project delivery|lease/accounting|asset lifecycle,"Point-in-time/as-of snapshot with source data, calculation/filter and publication provenance",candidate-explicit
EJOB-F22-FUNCTION-LEAD,"Head of Property, Facilities & Physical Assets",,"Legal, Risk, Assets, HSE & Resilience — F22",JP-F22-FUNCTION-LEAD,reconciled-function-lead,WP-W9-F22-FUNCTION-LEAD-005,Facilities / Space / Lease Portfolio,REPORT / SNAPSHOT,F22.10.A01|F22.10.A02|F22.10.A03|F22.10.A04|F22.10.A05|F22.11.A01|F22.11.A02|F22.11.A03|F22.12.A01|F22.12.A02|F22.12.A03|F22.12.A04,NATIVE,Operate,Asset|Property|Project|Work Order|Space|Lease|Utility,F22,Facilities Service Case [AGG-17-SERVICE]|Space / Workplace Use [AGG-17-WORKPLACE]|Lease / Lease Accounting [AGG-19-LEASE-ACCOUNTING],Report Builder|Snapshot View,asset/property needs|capital plan|project/maintenance data|contracts/leases|utility consumption,operations/maintenance|finance/capitalisation|project delivery|lease/accounting|asset lifecycle,"Point-in-time/as-of snapshot with source data, calculation/filter and publication provenance",candidate-explicit
EJOB-F22-FUNCTION-LEAD,"Head of Property, Facilities & Physical Assets",,"Legal, Risk, Assets, HSE & Resilience — F22",JP-F22-FUNCTION-LEAD,reconciled-function-lead,WP-W9-F22-FUNCTION-LEAD-006,Utilities Performance Pack,REPORT / SNAPSHOT,F22.13.A01|F22.13.A02|F22.13.A03,NATIVE,Operate,Asset|Property|Project|Work Order|Space|Lease|Utility,F22,Utility Account / Consumption [AGG-17-UTILITY-ACCOUNT],Report Builder|Snapshot View,asset/property needs|capital plan|project/maintenance data|contracts/leases|utility consumption,operations/maintenance|finance/capitalisation|project delivery|lease/accounting|asset lifecycle,"Point-in-time/as-of snapshot with source data, calculation/filter and publication provenance",candidate-explicit
EJOB-F22-FUNCTION-LEAD,"Head of Property, Facilities & Physical Assets",,"Legal, Risk, Assets, HSE & Resilience — F22",JP-F22-FUNCTION-LEAD,reconciled-function-lead,WP-W9-F22-FUNCTION-LEAD-007,Asset Disposal / Lifecycle-End Portfolio,REGISTER / SCHEDULE,F22.14.A01|F22.14.A02|F22.14.A03|F22.14.A04,NATIVE,Operate,Asset|Property|Project|Work Order|Space|Lease|Utility,F22,Asset Disposal [AGG-16-SPATIAL-ASSET],Enterprise Grid|Collection View,asset/property needs|capital plan|project/maintenance data|contracts/leases|utility consumption,operations/maintenance|finance/capitalisation|project delivery|lease/accounting|asset lifecycle,"Governed entries with owner, status, dates, source references and immutable change history",candidate-explicit
EJOB-F20-FUNCTION-LEAD,"Head of Risk, Compliance & Assurance",,"Legal, Risk, Assets, HSE & Resilience — F20",JP-F20-FUNCTION-LEAD,reconciled-function-lead,WP-W9-F20-FUNCTION-LEAD-001,Enterprise Risk / Compliance / Assurance Framework,PLAN / STRATEGY,F20.01.A01|F20.01.A02|F20.01.A03|F20.01.A04|F20.06.A01|F20.06.A02|F20.06.A03|F20.06.A04|F20.16.A01|F20.16.A02|F20.16.A03,NATIVE,Operate,Risk|Requirement|Control|Audit|Finding|Assurance,F20,Enterprise Risk / Assessment [AGG-21-RISK]|Compliance Requirement / Assessment [AGG-21-REQUIREMENT]|Audit / Assurance [AGG-21-AUDIT],Object Workspace|Structure Browser|Enterprise Grid,strategy/risk context|regulatory obligations|control evidence|business/audit data|independence rules,management decisions|remediation|audit committee|control owners|regulatory assurance,"Versioned plan/strategy with assumptions, ownership, review, approval and effective-date provenance",candidate-explicit
EJOB-F20-FUNCTION-LEAD,"Head of Risk, Compliance & Assurance",,"Legal, Risk, Assets, HSE & Resilience — F20",JP-F20-FUNCTION-LEAD,reconciled-function-lead,WP-W9-F20-FUNCTION-LEAD-002,Enterprise Risk Portfolio,REGISTER / SCHEDULE,F20.02.A01|F20.02.A02|F20.02.A03|F20.03.A01|F20.03.A02|F20.03.A03|F20.03.A04|F20.04.A01|F20.04.A02|F20.04.A03|F20.04.A04|F20.04.A05|F20.05.A01|F20.05.A02|F20.05.A03|F20.05.A04,NATIVE,Operate,Risk|Requirement|Control|Audit|Finding|Assurance,F20,Enterprise Risk / Assessment [AGG-21-RISK],Enterprise Grid|Collection View,strategy/risk context|regulatory obligations|control evidence|business/audit data|independence rules,management decisions|remediation|audit committee|control owners|regulatory assurance,"Governed entries with owner, status, dates, source references and immutable change history",candidate-explicit
EJOB-F20-FUNCTION-LEAD,"Head of Risk, Compliance & Assurance",,"Legal, Risk, Assets, HSE & Resilience — F20",JP-F20-FUNCTION-LEAD,reconciled-function-lead,WP-W9-F20-FUNCTION-LEAD-003,Compliance / Control Performance Pack,REPORT / SNAPSHOT,F20.06.A01|F20.06.A02|F20.06.A03|F20.06.A04|F20.07.A01|F20.07.A02|F20.07.A03|F20.07.A04|F20.08.A01|F20.08.A02|F20.08.A03|F20.08.A04|F20.09.A01|F20.09.A02|F20.09.A03|F20.09.A04,NATIVE,Operate,Risk|Requirement|Control|Audit|Finding|Assurance,F20,Compliance Requirement / Assessment [AGG-21-REQUIREMENT]|Internal Control / Test [AGG-21-CONTROL],Report Builder|Snapshot View,strategy/risk context|regulatory obligations|control evidence|business/audit data|independence rules,management decisions|remediation|audit committee|control owners|regulatory assurance,"Point-in-time/as-of snapshot with source data, calculation/filter and publication provenance",candidate-explicit
EJOB-F20-FUNCTION-LEAD,"Head of Risk, Compliance & Assurance",,"Legal, Risk, Assets, HSE & Resilience — F20",JP-F20-FUNCTION-LEAD,reconciled-function-lead,WP-W9-F20-FUNCTION-LEAD-004,Internal Audit Plan / Reporting Pack,REPORT / SNAPSHOT,F20.10.A01|F20.10.A02|F20.10.A03|F20.11.A01|F20.11.A02|F20.11.A03|F20.11.A04|F20.11.A05|F20.12.A01|F20.12.A02|F20.12.A03|F20.12.A04,NATIVE,Operate,Risk|Requirement|Control|Audit|Finding|Assurance,F20,Audit / Assurance [AGG-21-AUDIT],Report Builder|Snapshot View,strategy/risk context|regulatory obligations|control evidence|business/audit data|independence rules,management decisions|remediation|audit committee|control owners|regulatory assurance,"Point-in-time/as-of snapshot with source data, calculation/filter and publication provenance",candidate-explicit
EJOB-F20-FUNCTION-LEAD,"Head of Risk, Compliance & Assurance",,"Legal, Risk, Assets, HSE & Resilience — F20",JP-F20-FUNCTION-LEAD,reconciled-function-lead,WP-W9-F20-FUNCTION-LEAD-005,Issue / Remediation Portfolio,REGISTER / SCHEDULE,F20.13.A01|F20.13.A02|F20.13.A03|F20.13.A04|F20.13.A05,NATIVE,Operate,Risk|Requirement|Control|Audit|Finding|Assurance,F20,Finding / Remediation [AGG-21-AUDIT],Enterprise Grid|Collection View,strategy/risk context|regulatory obligations|control evidence|business/audit data|independence rules,management decisions|remediation|audit committee|control owners|regulatory assurance,"Governed entries with owner, status, dates, source references and immutable change history",candidate-explicit
EJOB-F20-FUNCTION-LEAD,"Head of Risk, Compliance & Assurance",,"Legal, Risk, Assets, HSE & Resilience — F20",JP-F20-FUNCTION-LEAD,reconciled-function-lead,WP-W9-F20-FUNCTION-LEAD-006,Fraud / Ethics Restricted Case Review,REPORT / SNAPSHOT,F20.14.A01|F20.14.A02|F20.14.A03|F20.15.A01|F20.15.A02|F20.15.A03|F20.15.A04,NATIVE,Operate,Risk|Requirement|Control|Audit|Finding|Assurance,F20,Enterprise Risk / Assessment [AGG-21-RISK]|Compliance Requirement / Assessment [AGG-21-REQUIREMENT],Report Builder|Snapshot View,strategy/risk context|regulatory obligations|control evidence|business/audit data|independence rules,management decisions|remediation|audit committee|control owners|regulatory assurance,"Point-in-time/as-of snapshot with source data, calculation/filter and publication provenance",candidate-explicit
EJOB-F20-FUNCTION-LEAD,"Head of Risk, Compliance & Assurance",,"Legal, Risk, Assets, HSE & Resilience — F20",JP-F20-FUNCTION-LEAD,reconciled-function-lead,WP-W9-F20-FUNCTION-LEAD-007,Assurance Coverage / Independence Review,REPORT / SNAPSHOT,F20.16.A01|F20.16.A02|F20.16.A03,NATIVE,Operate,Risk|Requirement|Control|Audit|Finding|Assurance,F20,Audit / Assurance [AGG-21-AUDIT],Report Builder|Snapshot View,strategy/risk context|regulatory obligations|control evidence|business/audit data|independence rules,management decisions|remediation|audit committee|control owners|regulatory assurance,"Point-in-time/as-of snapshot with source data, calculation/filter and publication provenance",candidate-explicit
EJOB-F23.02-PROFESSIONAL,Health & Safety Risk Specialist,,"Legal, Risk, Assets, HSE & Resilience — F23",JP-F23.02-PROFESSIONAL,reconciled-employment-profile,WP-W9-F23.02-PROFESSIONAL-001,Hazard Register,REGISTER / SCHEDULE,F23.02.A01,NATIVE,Operate,Hazard|Inspection|Incident|Permit|Environmental Aspect|Carbon|Energy|ESG,F23,H&S / Incident / Permit [AGG-13-INCIDENT],Enterprise Grid|Collection View,HSE policy|work/activity context|monitoring/test data|supplier/environmental evidence|sustainability commitments,work controls|supplier/procurement|regulatory returns|operations|ESG disclosure,"Governed entries with owner, status, dates, source references and immutable change history",candidate-explicit
EJOB-F23.02-PROFESSIONAL,Health & Safety Risk Specialist,,"Legal, Risk, Assets, HSE & Resilience — F23",JP-F23.02-PROFESSIONAL,reconciled-employment-profile,WP-W9-F23.02-PROFESSIONAL-002,H&S Risk Assessment,CASE / ASSESSMENT,F23.02.A02,NATIVE,Operate,Hazard|Inspection|Incident|Permit|Environmental Aspect|Carbon|Energy|ESG,F23,H&S / Incident / Permit [AGG-13-INCIDENT],Case Workspace|Assessment Form|Evidence Panel,HSE policy|work/activity context|monitoring/test data|supplier/environmental evidence|sustainability commitments,work controls|supplier/procurement|regulatory returns|operations|ESG disclosure,"Evidence set, assessment rationale, findings, decisions/actions and closure history",candidate-explicit
EJOB-F23.02-PROFESSIONAL,Health & Safety Risk Specialist,,"Legal, Risk, Assets, HSE & Resilience — F23",JP-F23.02-PROFESSIONAL,reconciled-employment-profile,WP-W9-F23.02-PROFESSIONAL-003,Safety Control Plan,PLAN / STRATEGY,F23.02.A03,NATIVE,Operate,Hazard|Inspection|Incident|Permit|Environmental Aspect|Carbon|Energy|ESG,F23,H&S / Incident / Permit [AGG-13-INCIDENT],Object Workspace|Structure Browser|Enterprise Grid,HSE policy|work/activity context|monitoring/test data|supplier/environmental evidence|sustainability commitments,work controls|supplier/procurement|regulatory returns|operations|ESG disclosure,"Versioned plan/strategy with assumptions, ownership, review, approval and effective-date provenance",candidate-explicit
EJOB-F21.08-PROFESSIONAL,Information Retention Specialist,,"Legal, Risk, Assets, HSE & Resilience — F21",JP-F21.08-PROFESSIONAL,reconciled-employment-profile,WP-W9-F21.08-PROFESSIONAL-001,Retention Schedule,REGISTER / SCHEDULE,F21.08.A01,NATIVE,Operate,Processing Activity|DPIA|Consent|Rights Request|Privacy Incident|Transfer|Retention,F21,Retention / Disposition [AGG-28-RETENTION],Enterprise Grid|Collection View,processing inventory|personal-data context|lawful basis|retention/legal hold|identity/evidence,processing controls|rights responses|incident notifications|retention/disposition|privacy assurance,"Governed entries with owner, status, dates, source references and immutable change history",candidate-explicit
EJOB-F21.08-PROFESSIONAL,Information Retention Specialist,,"Legal, Risk, Assets, HSE & Resilience — F21",JP-F21.08-PROFESSIONAL,reconciled-employment-profile,WP-W9-F21.08-PROFESSIONAL-002,Retention Application Record,EXECUTION RECORD,F21.08.A02,NATIVE,Operate,Processing Activity|DPIA|Consent|Rights Request|Privacy Incident|Transfer|Retention,F21,Retention / Disposition [AGG-28-RETENTION],Execution Record|Evidence Panel,processing inventory|personal-data context|lawful basis|retention/legal hold|identity/evidence,processing controls|rights responses|incident notifications|retention/disposition|privacy assurance,Attributable who/what/when/result record with source context and evidence,candidate-explicit
EJOB-F21.08-PROFESSIONAL,Information Retention Specialist,,"Legal, Risk, Assets, HSE & Resilience — F21",JP-F21.08-PROFESSIONAL,reconciled-employment-profile,WP-W9-F21.08-PROFESSIONAL-003,Information Destruction / Disposition Record,CERTIFICATE / FORMAL ATTESTATION,F21.08.A03,NATIVE,Operate,Processing Activity|DPIA|Consent|Rights Request|Privacy Incident|Transfer|Retention,F21,Retention / Disposition [AGG-28-RETENTION],Attestation Workspace|Evidence Panel,processing inventory|personal-data context|lawful basis|retention/legal hold|identity/evidence,processing controls|rights responses|incident notifications|retention/disposition|privacy assurance,"Formal attestation with issuer, authority, scope, date, evidence and validity",candidate-explicit
EJOB-F19.06-PROFESSIONAL,Intellectual Property Counsel,,"Legal, Risk, Assets, HSE & Resilience — F19",JP-F19.06-PROFESSIONAL,reconciled-employment-profile,WP-W9-F19.06-PROFESSIONAL-001,IP Registration / Application,TRANSACTION / COMMITMENT,F19.06.A01,NATIVE,Operate,Legal Matter|Contract|Entity|Proceeding|Obligation|Hold,F19,Intellectual Property Asset [AGG-22-IP-ASSET],Transaction Workspace|Approval Panel,business request|contract/entity data|laws/regulations|evidence/records|authority policy,contract/business decisions|regulatory compliance|corporate governance|retention/eDiscovery|finance/legal spend,"Counterparty/terms/authority with immutable issue, execution, amendment and completion history",candidate-explicit
EJOB-F19.06-PROFESSIONAL,Intellectual Property Counsel,,"Legal, Risk, Assets, HSE & Resilience — F19",JP-F19.06-PROFESSIONAL,reconciled-employment-profile,WP-W9-F19.06-PROFESSIONAL-002,IP Rights Register,REGISTER / SCHEDULE,F19.06.A02,NATIVE,Operate,Legal Matter|Contract|Entity|Proceeding|Obligation|Hold,F19,Intellectual Property Asset [AGG-22-IP-ASSET],Enterprise Grid|Collection View,business request|contract/entity data|laws/regulations|evidence/records|authority policy,contract/business decisions|regulatory compliance|corporate governance|retention/eDiscovery|finance/legal spend,"Governed entries with owner, status, dates, source references and immutable change history",candidate-explicit
EJOB-F19.06-PROFESSIONAL,Intellectual Property Counsel,,"Legal, Risk, Assets, HSE & Resilience — F19",JP-F19.06-PROFESSIONAL,reconciled-employment-profile,WP-W9-F19.06-PROFESSIONAL-003,IP Licence Agreement,TRANSACTION / COMMITMENT,F19.06.A03,NATIVE,Operate,Legal Matter|Contract|Entity|Proceeding|Obligation|Hold,F19,Intellectual Property Asset [AGG-22-IP-ASSET],Transaction Workspace|Approval Panel,business request|contract/entity data|laws/regulations|evidence/records|authority policy,contract/business decisions|regulatory compliance|corporate governance|retention/eDiscovery|finance/legal spend,"Counterparty/terms/authority with immutable issue, execution, amendment and completion history",candidate-explicit
EJOB-F19.06-PROFESSIONAL,Intellectual Property Counsel,,"Legal, Risk, Assets, HSE & Resilience — F19",JP-F19.06-PROFESSIONAL,reconciled-employment-profile,WP-W9-F19.06-PROFESSIONAL-004,IP Enforcement Case,CASE / ASSESSMENT,F19.06.A04,NATIVE,Operate,Legal Matter|Contract|Entity|Proceeding|Obligation|Hold,F19,Intellectual Property Asset [AGG-22-IP-ASSET],Case Workspace|Assessment Form|Evidence Panel,business request|contract/entity data|laws/regulations|evidence/records|authority policy,contract/business decisions|regulatory compliance|corporate governance|retention/eDiscovery|finance/legal spend,"Evidence set, assessment rationale, findings, decisions/actions and closure history",candidate-explicit
EJOB-INTERNAL-AUDIT-MANAGER,Internal Audit Manager,,"Legal, Risk, Assets, HSE & Resilience — F20",JP-F20.10-PROFESSIONAL|JP-F20.12-PROFESSIONAL,reconciled-employment-profile,WP-W9-INTERNAL-AUDIT-MANAGER-001,Audit Universe,REGISTER / SCHEDULE,F20.10.A01,NATIVE,Operate,Risk|Requirement|Control|Audit|Finding|Assurance,F20,Audit / Assurance [AGG-21-AUDIT],Enterprise Grid|Collection View,strategy/risk context|regulatory obligations|control evidence|business/audit data|independence rules,management decisions|remediation|audit committee|control owners|regulatory assurance,"Governed entries with owner, status, dates, source references and immutable change history",candidate-explicit
EJOB-INTERNAL-AUDIT-MANAGER,Internal Audit Manager,,"Legal, Risk, Assets, HSE & Resilience — F20",JP-F20.10-PROFESSIONAL|JP-F20.12-PROFESSIONAL,reconciled-employment-profile,WP-W9-INTERNAL-AUDIT-MANAGER-002,Audit Risk Assessment,CASE / ASSESSMENT,F20.10.A02,NATIVE,Operate,Risk|Requirement|Control|Audit|Finding|Assurance,F20,Audit / Assurance [AGG-21-AUDIT],Case Workspace|Assessment Form|Evidence Panel,strategy/risk context|regulatory obligations|control evidence|business/audit data|independence rules,management decisions|remediation|audit committee|control owners|regulatory assurance,"Evidence set, assessment rationale, findings, decisions/actions and closure history",candidate-explicit
EJOB-INTERNAL-AUDIT-MANAGER,Internal Audit Manager,,"Legal, Risk, Assets, HSE & Resilience — F20",JP-F20.10-PROFESSIONAL|JP-F20.12-PROFESSIONAL,reconciled-employment-profile,WP-W9-INTERNAL-AUDIT-MANAGER-003,Internal Audit Plan,PLAN / STRATEGY,F20.10.A03,NATIVE,Operate,Risk|Requirement|Control|Audit|Finding|Assurance,F20,Audit / Assurance [AGG-21-AUDIT],Object Workspace|Structure Browser|Enterprise Grid,strategy/risk context|regulatory obligations|control evidence|business/audit data|independence rules,management decisions|remediation|audit committee|control owners|regulatory assurance,"Versioned plan/strategy with assumptions, ownership, review, approval and effective-date provenance",candidate-explicit
EJOB-INTERNAL-AUDIT-MANAGER,Internal Audit Manager,,"Legal, Risk, Assets, HSE & Resilience — F20",JP-F20.10-PROFESSIONAL|JP-F20.12-PROFESSIONAL,reconciled-employment-profile,WP-W9-INTERNAL-AUDIT-MANAGER-004,Audit Finding Classification,CONTROLLED INFORMATION,F20.12.A01,NATIVE,Operate,Risk|Requirement|Control|Audit|Finding|Assurance,F20,Audit / Assurance [AGG-21-AUDIT],Controlled Document Editor|Object Workspace,strategy/risk context|regulatory obligations|control evidence|business/audit data|independence rules,management decisions|remediation|audit committee|control owners|regulatory assurance,"Controlled revision with author, reviewer, approver, issue/effective date and supersession provenance",candidate-explicit
EJOB-INTERNAL-AUDIT-MANAGER,Internal Audit Manager,,"Legal, Risk, Assets, HSE & Resilience — F20",JP-F20.10-PROFESSIONAL|JP-F20.12-PROFESSIONAL,reconciled-employment-profile,WP-W9-INTERNAL-AUDIT-MANAGER-005,Internal Audit Report,REPORT / SNAPSHOT,F20.12.A02,NATIVE,Operate,Risk|Requirement|Control|Audit|Finding|Assurance,F20,Audit / Assurance [AGG-21-AUDIT],Report Builder|Snapshot View,strategy/risk context|regulatory obligations|control evidence|business/audit data|independence rules,management decisions|remediation|audit committee|control owners|regulatory assurance,"Point-in-time/as-of snapshot with source data, calculation/filter and publication provenance",candidate-explicit
EJOB-INTERNAL-AUDIT-MANAGER,Internal Audit Manager,,"Legal, Risk, Assets, HSE & Resilience — F20",JP-F20.10-PROFESSIONAL|JP-F20.12-PROFESSIONAL,reconciled-employment-profile,WP-W9-INTERNAL-AUDIT-MANAGER-006,Management Action Agreement,TRANSACTION / COMMITMENT,F20.12.A03,NATIVE,Operate,Risk|Requirement|Control|Audit|Finding|Assurance,F20,Audit / Assurance [AGG-21-AUDIT],Transaction Workspace|Approval Panel,strategy/risk context|regulatory obligations|control evidence|business/audit data|independence rules,management decisions|remediation|audit committee|control owners|regulatory assurance,"Counterparty/terms/authority with immutable issue, execution, amendment and completion history",candidate-explicit
EJOB-INTERNAL-AUDIT-MANAGER,Internal Audit Manager,,"Legal, Risk, Assets, HSE & Resilience — F20",JP-F20.10-PROFESSIONAL|JP-F20.12-PROFESSIONAL,reconciled-employment-profile,WP-W9-INTERNAL-AUDIT-MANAGER-007,Audit Committee Reporting Pack,REPORT / SNAPSHOT,F20.12.A04,NATIVE,Operate,Risk|Requirement|Control|Audit|Finding|Assurance,F20,Audit / Assurance [AGG-21-AUDIT],Report Builder|Snapshot View,strategy/risk context|regulatory obligations|control evidence|business/audit data|independence rules,management decisions|remediation|audit committee|control owners|regulatory assurance,"Point-in-time/as-of snapshot with source data, calculation/filter and publication provenance",candidate-explicit
EJOB-F20.11-PROFESSIONAL,Internal Auditor,,"Legal, Risk, Assets, HSE & Resilience — F20",JP-F20.11-PROFESSIONAL,reconciled-employment-profile,WP-W9-F20.11-PROFESSIONAL-001,Audit Scope / Engagement Plan,PLAN / STRATEGY,F20.11.A01,NATIVE,Operate,Risk|Requirement|Control|Audit|Finding|Assurance,F20,Audit / Assurance [AGG-21-AUDIT],Object Workspace|Structure Browser|Enterprise Grid,strategy/risk context|regulatory obligations|control evidence|business/audit data|independence rules,management decisions|remediation|audit committee|control owners|regulatory assurance,"Versioned plan/strategy with assumptions, ownership, review, approval and effective-date provenance",candidate-explicit
EJOB-F20.11-PROFESSIONAL,Internal Auditor,,"Legal, Risk, Assets, HSE & Resilience — F20",JP-F20.11-PROFESSIONAL,reconciled-employment-profile,WP-W9-F20.11-PROFESSIONAL-002,Audit Evidence / Workpaper Set,HANDOVER / CLOSEOUT PACKAGE,F20.11.A02|F20.11.A03|F20.11.A04,NATIVE,Operate,Risk|Requirement|Control|Audit|Finding|Assurance,F20,Audit / Assurance [AGG-21-AUDIT],Package Workspace|Completeness Checklist,strategy/risk context|regulatory obligations|control evidence|business/audit data|independence rules,management decisions|remediation|audit committee|control owners|regulatory assurance,"Controlled completeness set with acceptance, outstanding items, evidence and closure provenance",candidate-explicit
EJOB-F20.11-PROFESSIONAL,Internal Auditor,,"Legal, Risk, Assets, HSE & Resilience — F20",JP-F20.11-PROFESSIONAL,reconciled-employment-profile,WP-W9-F20.11-PROFESSIONAL-003,Audit Finding,CASE / ASSESSMENT,F20.11.A05,NATIVE,Operate,Risk|Requirement|Control|Audit|Finding|Assurance,F20,Audit / Assurance [AGG-21-AUDIT],Case Workspace|Assessment Form|Evidence Panel,strategy/risk context|regulatory obligations|control evidence|business/audit data|independence rules,management decisions|remediation|audit committee|control owners|regulatory assurance,"Evidence set, assessment rationale, findings, decisions/actions and closure history",candidate-explicit
EJOB-F20.08-PROFESSIONAL,Internal Controls Specialist,,"Legal, Risk, Assets, HSE & Resilience — F20",JP-F20.08-PROFESSIONAL,reconciled-employment-profile,WP-W9-F20.08-PROFESSIONAL-001,Internal Control Definition / Register,REGISTER / SCHEDULE,F20.08.A01|F20.08.A02,NATIVE,Operate,Risk|Requirement|Control|Audit|Finding|Assurance,F20,Internal Control / Test [AGG-21-CONTROL],Enterprise Grid|Collection View,strategy/risk context|regulatory obligations|control evidence|business/audit data|independence rules,management decisions|remediation|audit committee|control owners|regulatory assurance,"Governed entries with owner, status, dates, source references and immutable change history",candidate-explicit
EJOB-F20.08-PROFESSIONAL,Internal Controls Specialist,,"Legal, Risk, Assets, HSE & Resilience — F20",JP-F20.08-PROFESSIONAL,reconciled-employment-profile,WP-W9-F20.08-PROFESSIONAL-002,Control Execution Record,EXECUTION RECORD,F20.08.A03,NATIVE,Operate,Risk|Requirement|Control|Audit|Finding|Assurance,F20,Internal Control / Test [AGG-21-CONTROL],Execution Record|Evidence Panel,strategy/risk context|regulatory obligations|control evidence|business/audit data|independence rules,management decisions|remediation|audit committee|control owners|regulatory assurance,Attributable who/what/when/result record with source context and evidence,candidate-explicit
EJOB-F20.08-PROFESSIONAL,Internal Controls Specialist,,"Legal, Risk, Assets, HSE & Resilience — F20",JP-F20.08-PROFESSIONAL,reconciled-employment-profile,WP-W9-F20.08-PROFESSIONAL-003,Control Evidence Pack,HANDOVER / CLOSEOUT PACKAGE,F20.08.A04,NATIVE,Operate,Risk|Requirement|Control|Audit|Finding|Assurance,F20,Internal Control / Test [AGG-21-CONTROL],Package Workspace|Completeness Checklist,strategy/risk context|regulatory obligations|control evidence|business/audit data|independence rules,management decisions|remediation|audit committee|control owners|regulatory assurance,"Controlled completeness set with acceptance, outstanding items, evidence and closure provenance",candidate-explicit
EJOB-F21.07-PROFESSIONAL,International Data Transfer Specialist,,"Legal, Risk, Assets, HSE & Resilience — F21",JP-F21.07-PROFESSIONAL,reconciled-employment-profile,WP-W9-F21.07-PROFESSIONAL-001,International Transfer Assessment,CASE / ASSESSMENT,F21.07.A01,NATIVE,Operate,Processing Activity|DPIA|Consent|Rights Request|Privacy Incident|Transfer|Retention,F21,Processing Activity / DPIA [AGG-22-PRIVACY],Case Workspace|Assessment Form|Evidence Panel,processing inventory|personal-data context|lawful basis|retention/legal hold|identity/evidence,processing controls|rights responses|incident notifications|retention/disposition|privacy assurance,"Evidence set, assessment rationale, findings, decisions/actions and closure history",candidate-explicit
EJOB-F21.07-PROFESSIONAL,International Data Transfer Specialist,,"Legal, Risk, Assets, HSE & Resilience — F21",JP-F21.07-PROFESSIONAL,reconciled-employment-profile,WP-W9-F21.07-PROFESSIONAL-002,Transfer Safeguards Record,CONTROLLED INFORMATION,F21.07.A02,NATIVE,Operate,Processing Activity|DPIA|Consent|Rights Request|Privacy Incident|Transfer|Retention,F21,Processing Activity / DPIA [AGG-22-PRIVACY],Controlled Document Editor|Object Workspace,processing inventory|personal-data context|lawful basis|retention/legal hold|identity/evidence,processing controls|rights responses|incident notifications|retention/disposition|privacy assurance,"Controlled revision with author, reviewer, approver, issue/effective date and supersession provenance",candidate-explicit
EJOB-F21.07-PROFESSIONAL,International Data Transfer Specialist,,"Legal, Risk, Assets, HSE & Resilience — F21",JP-F21.07-PROFESSIONAL,reconciled-employment-profile,WP-W9-F21.07-PROFESSIONAL-003,International Transfer Decision,DECISION / APPROVAL,F21.07.A03,NATIVE,Operate,Processing Activity|DPIA|Consent|Rights Request|Privacy Incident|Transfer|Retention,F21,Processing Activity / DPIA [AGG-22-PRIVACY],Decision Workspace|Approval Panel,processing inventory|personal-data context|lawful basis|retention/legal hold|identity/evidence,processing controls|rights responses|incident notifications|retention/disposition|privacy assurance,"Decision, approver/authority, rationale, conditions, date and affected objects",candidate-explicit
EJOB-F22.12-PROFESSIONAL,Lease Manager,,"Legal, Risk, Assets, HSE & Resilience — F22",JP-F22.12-PROFESSIONAL,reconciled-employment-profile,WP-W9-F22.12-PROFESSIONAL-001,Lease Record / Abstract,CONTROLLED INFORMATION,F22.12.A01,NATIVE,Operate,Asset|Property|Project|Work Order|Space|Lease|Utility,F22,Lease / Lease Accounting [AGG-19-LEASE-ACCOUNTING],Controlled Document Editor|Object Workspace,asset/property needs|capital plan|project/maintenance data|contracts/leases|utility consumption,operations/maintenance|finance/capitalisation|project delivery|lease/accounting|asset lifecycle,"Controlled revision with author, reviewer, approver, issue/effective date and supersession provenance",candidate-explicit
EJOB-F22.12-PROFESSIONAL,Lease Manager,,"Legal, Risk, Assets, HSE & Resilience — F22",JP-F22.12-PROFESSIONAL,reconciled-employment-profile,WP-W9-F22.12-PROFESSIONAL-002,Lease Obligation Schedule,REGISTER / SCHEDULE,F22.12.A02,NATIVE,Operate,Asset|Property|Project|Work Order|Space|Lease|Utility,F22,Lease / Lease Accounting [AGG-19-LEASE-ACCOUNTING],Enterprise Grid|Collection View,asset/property needs|capital plan|project/maintenance data|contracts/leases|utility consumption,operations/maintenance|finance/capitalisation|project delivery|lease/accounting|asset lifecycle,"Governed entries with owner, status, dates, source references and immutable change history",candidate-explicit
EJOB-F22.12-PROFESSIONAL,Lease Manager,,"Legal, Risk, Assets, HSE & Resilience — F22",JP-F22.12-PROFESSIONAL,reconciled-employment-profile,WP-W9-F22.12-PROFESSIONAL-003,Lease Renewal Decision,DECISION / APPROVAL,F22.12.A03,NATIVE,Operate,Asset|Property|Project|Work Order|Space|Lease|Utility,F22,Lease / Lease Accounting [AGG-19-LEASE-ACCOUNTING],Decision Workspace|Approval Panel,asset/property needs|capital plan|project/maintenance data|contracts/leases|utility consumption,operations/maintenance|finance/capitalisation|project delivery|lease/accounting|asset lifecycle,"Decision, approver/authority, rationale, conditions, date and affected objects",candidate-explicit
EJOB-F22.12-PROFESSIONAL,Lease Manager,,"Legal, Risk, Assets, HSE & Resilience — F22",JP-F22.12-PROFESSIONAL,reconciled-employment-profile,WP-W9-F22.12-PROFESSIONAL-004,Lease Termination / Exit Record,HANDOVER / CLOSEOUT PACKAGE,F22.12.A04,NATIVE,Operate,Asset|Property|Project|Work Order|Space|Lease|Utility,F22,Lease / Lease Accounting [AGG-19-LEASE-ACCOUNTING],Package Workspace|Completeness Checklist,asset/property needs|capital plan|project/maintenance data|contracts/leases|utility consumption,operations/maintenance|finance/capitalisation|project delivery|lease/accounting|asset lifecycle,"Controlled completeness set with acceptance, outstanding items, evidence and closure provenance",candidate-explicit
EJOB-F19.01-PROFESSIONAL,Legal Counsel,,"Legal, Risk, Assets, HSE & Resilience — F19",JP-F19.01-PROFESSIONAL,reconciled-employment-profile,WP-W9-F19.01-PROFESSIONAL-001,Legal Advice Memorandum,CONTROLLED INFORMATION,F19.01.A01|F19.01.A02,NATIVE,Operate,Legal Matter|Contract|Entity|Proceeding|Obligation|Hold,F19,Legal Matter [AGG-22-LEGAL],Controlled Document Editor|Object Workspace,business request|contract/entity data|laws/regulations|evidence/records|authority policy,contract/business decisions|regulatory compliance|corporate governance|retention/eDiscovery|finance/legal spend,"Controlled revision with author, reviewer, approver, issue/effective date and supersession provenance",candidate-explicit
EJOB-F19.01-PROFESSIONAL,Legal Counsel,,"Legal, Risk, Assets, HSE & Resilience — F19",JP-F19.01-PROFESSIONAL,reconciled-employment-profile,WP-W9-F19.01-PROFESSIONAL-002,Legal Review / Decision Assessment,CASE / ASSESSMENT,F19.01.A03,NATIVE,Operate,Legal Matter|Contract|Entity|Proceeding|Obligation|Hold,F19,Legal Matter [AGG-22-LEGAL],Case Workspace|Assessment Form|Evidence Panel,business request|contract/entity data|laws/regulations|evidence/records|authority policy,contract/business decisions|regulatory compliance|corporate governance|retention/eDiscovery|finance/legal spend,"Evidence set, assessment rationale, findings, decisions/actions and closure history",candidate-explicit
EJOB-F19.12-PROFESSIONAL,Legal Obligations Manager,,"Legal, Risk, Assets, HSE & Resilience — F19",JP-F19.12-PROFESSIONAL,reconciled-employment-profile,WP-W9-F19.12-PROFESSIONAL-001,Legal Obligation Register,REGISTER / SCHEDULE,F19.12.A01,NATIVE,Operate,Legal Matter|Contract|Entity|Proceeding|Obligation|Hold,F19,Legal Obligation [AGG-22-OBLIGATION],Enterprise Grid|Collection View,business request|contract/entity data|laws/regulations|evidence/records|authority policy,contract/business decisions|regulatory compliance|corporate governance|retention/eDiscovery|finance/legal spend,"Governed entries with owner, status, dates, source references and immutable change history",candidate-explicit
EJOB-F19.12-PROFESSIONAL,Legal Obligations Manager,,"Legal, Risk, Assets, HSE & Resilience — F19",JP-F19.12-PROFESSIONAL,reconciled-employment-profile,WP-W9-F19.12-PROFESSIONAL-002,Legal Obligation Ownership Assignment,REGISTER / SCHEDULE,F19.12.A02,NATIVE,Operate,Legal Matter|Contract|Entity|Proceeding|Obligation|Hold,F19,Legal Obligation [AGG-22-OBLIGATION],Enterprise Grid|Collection View,business request|contract/entity data|laws/regulations|evidence/records|authority policy,contract/business decisions|regulatory compliance|corporate governance|retention/eDiscovery|finance/legal spend,"Governed entries with owner, status, dates, source references and immutable change history",candidate-explicit
EJOB-F19.12-PROFESSIONAL,Legal Obligations Manager,,"Legal, Risk, Assets, HSE & Resilience — F19",JP-F19.12-PROFESSIONAL,reconciled-employment-profile,WP-W9-F19.12-PROFESSIONAL-003,Legal Obligation Compliance Snapshot,REPORT / SNAPSHOT,F19.12.A03,NATIVE,Operate,Legal Matter|Contract|Entity|Proceeding|Obligation|Hold,F19,Legal Obligation [AGG-22-OBLIGATION],Report Builder|Snapshot View,business request|contract/entity data|laws/regulations|evidence/records|authority policy,contract/business decisions|regulatory compliance|corporate governance|retention/eDiscovery|finance/legal spend,"Point-in-time/as-of snapshot with source data, calculation/filter and publication provenance",candidate-explicit
EJOB-F19.10-PROFESSIONAL,Legal Operations Specialist,,"Legal, Risk, Assets, HSE & Resilience — F19",JP-F19.10-PROFESSIONAL,reconciled-employment-profile,WP-W9-F19.10-PROFESSIONAL-001,External Law Firm / Counsel Appointment,TRANSACTION / COMMITMENT,F19.10.A01,NATIVE,Operate,Legal Matter|Contract|Entity|Proceeding|Obligation|Hold,F19,Legal Matter [AGG-22-LEGAL],Transaction Workspace|Approval Panel,business request|contract/entity data|laws/regulations|evidence/records|authority policy,contract/business decisions|regulatory compliance|corporate governance|retention/eDiscovery|finance/legal spend,"Counterparty/terms/authority with immutable issue, execution, amendment and completion history",candidate-explicit
EJOB-F19.10-PROFESSIONAL,Legal Operations Specialist,,"Legal, Risk, Assets, HSE & Resilience — F19",JP-F19.10-PROFESSIONAL,reconciled-employment-profile,WP-W9-F19.10-PROFESSIONAL-002,Legal Matter Approval,DECISION / APPROVAL,F19.10.A02,NATIVE,Operate,Legal Matter|Contract|Entity|Proceeding|Obligation|Hold,F19,Legal Matter [AGG-22-LEGAL],Decision Workspace|Approval Panel,business request|contract/entity data|laws/regulations|evidence/records|authority policy,contract/business decisions|regulatory compliance|corporate governance|retention/eDiscovery|finance/legal spend,"Decision, approver/authority, rationale, conditions, date and affected objects",candidate-explicit
EJOB-F19.10-PROFESSIONAL,Legal Operations Specialist,,"Legal, Risk, Assets, HSE & Resilience — F19",JP-F19.10-PROFESSIONAL,reconciled-employment-profile,WP-W9-F19.10-PROFESSIONAL-003,Legal Invoice Review,CASE / ASSESSMENT,F19.10.A03,NATIVE,Operate,Legal Matter|Contract|Entity|Proceeding|Obligation|Hold,F19,Legal Matter [AGG-22-LEGAL],Case Workspace|Assessment Form|Evidence Panel,business request|contract/entity data|laws/regulations|evidence/records|authority policy,contract/business decisions|regulatory compliance|corporate governance|retention/eDiscovery|finance/legal spend,"Evidence set, assessment rationale, findings, decisions/actions and closure history",candidate-explicit
EJOB-F19.10-PROFESSIONAL,Legal Operations Specialist,,"Legal, Risk, Assets, HSE & Resilience — F19",JP-F19.10-PROFESSIONAL,reconciled-employment-profile,WP-W9-F19.10-PROFESSIONAL-004,Legal Spend Report,REPORT / SNAPSHOT,F19.10.A04,NATIVE,Operate,Legal Matter|Contract|Entity|Proceeding|Obligation|Hold,F19,Legal Matter [AGG-22-LEGAL],Report Builder|Snapshot View,business request|contract/entity data|laws/regulations|evidence/records|authority policy,contract/business decisions|regulatory compliance|corporate governance|retention/eDiscovery|finance/legal spend,"Point-in-time/as-of snapshot with source data, calculation/filter and publication provenance",candidate-explicit
EJOB-F19.07-PROFESSIONAL,Litigation Counsel,,"Legal, Risk, Assets, HSE & Resilience — F19",JP-F19.07-PROFESSIONAL,reconciled-employment-profile,WP-W9-F19.07-PROFESSIONAL-001,Litigation / Dispute Assessment,CASE / ASSESSMENT,F19.07.A01,NATIVE,Operate,Legal Matter|Contract|Entity|Proceeding|Obligation|Hold,F19,Legal Proceeding / Dispute [AGG-22-PROCEEDING],Case Workspace|Assessment Form|Evidence Panel,business request|contract/entity data|laws/regulations|evidence/records|authority policy,contract/business decisions|regulatory compliance|corporate governance|retention/eDiscovery|finance/legal spend,"Evidence set, assessment rationale, findings, decisions/actions and closure history",candidate-explicit
EJOB-F19.07-PROFESSIONAL,Litigation Counsel,,"Legal, Risk, Assets, HSE & Resilience — F19",JP-F19.07-PROFESSIONAL,reconciled-employment-profile,WP-W9-F19.07-PROFESSIONAL-002,External Counsel Appointment,TRANSACTION / COMMITMENT,F19.07.A02,NATIVE,Operate,Legal Matter|Contract|Entity|Proceeding|Obligation|Hold,F19,Legal Proceeding / Dispute [AGG-22-PROCEEDING],Transaction Workspace|Approval Panel,business request|contract/entity data|laws/regulations|evidence/records|authority policy,contract/business decisions|regulatory compliance|corporate governance|retention/eDiscovery|finance/legal spend,"Counterparty/terms/authority with immutable issue, execution, amendment and completion history",candidate-explicit
EJOB-F19.07-PROFESSIONAL,Litigation Counsel,,"Legal, Risk, Assets, HSE & Resilience — F19",JP-F19.07-PROFESSIONAL,reconciled-employment-profile,WP-W9-F19.07-PROFESSIONAL-003,Litigation Evidence / Matter File,HANDOVER / CLOSEOUT PACKAGE,F19.07.A03,NATIVE,Operate,Legal Matter|Contract|Entity|Proceeding|Obligation|Hold,F19,Legal Proceeding / Dispute [AGG-22-PROCEEDING],Package Workspace|Completeness Checklist,business request|contract/entity data|laws/regulations|evidence/records|authority policy,contract/business decisions|regulatory compliance|corporate governance|retention/eDiscovery|finance/legal spend,"Controlled completeness set with acceptance, outstanding items, evidence and closure provenance",candidate-explicit
EJOB-F19.07-PROFESSIONAL,Litigation Counsel,,"Legal, Risk, Assets, HSE & Resilience — F19",JP-F19.07-PROFESSIONAL,reconciled-employment-profile,WP-W9-F19.07-PROFESSIONAL-004,Settlement Position / Agreement,TRANSACTION / COMMITMENT,F19.07.A04,NATIVE,Operate,Legal Matter|Contract|Entity|Proceeding|Obligation|Hold,F19,Legal Proceeding / Dispute [AGG-22-PROCEEDING],Transaction Workspace|Approval Panel,business request|contract/entity data|laws/regulations|evidence/records|authority policy,contract/business decisions|regulatory compliance|corporate governance|retention/eDiscovery|finance/legal spend,"Counterparty/terms/authority with immutable issue, execution, amendment and completion history",candidate-explicit
EJOB-F19.07-PROFESSIONAL,Litigation Counsel,,"Legal, Risk, Assets, HSE & Resilience — F19",JP-F19.07-PROFESSIONAL,reconciled-employment-profile,WP-W9-F19.07-PROFESSIONAL-005,Proceeding / Litigation Record,CASE / ASSESSMENT,F19.07.A05,NATIVE,Operate,Legal Matter|Contract|Entity|Proceeding|Obligation|Hold,F19,Legal Proceeding / Dispute [AGG-22-PROCEEDING],Case Workspace|Assessment Form|Evidence Panel,business request|contract/entity data|laws/regulations|evidence/records|authority policy,contract/business decisions|regulatory compliance|corporate governance|retention/eDiscovery|finance/legal spend,"Evidence set, assessment rationale, findings, decisions/actions and closure history",candidate-explicit
EJOB-F22.08-PROFESSIONAL,Maintenance Coordinator,,"Legal, Risk, Assets, HSE & Resilience — F22",JP-F22.08-PROFESSIONAL,reconciled-employment-profile,WP-W9-F22.08-PROFESSIONAL-001,Reactive Maintenance Fault / Work Order,CASE / ASSESSMENT,F22.08.A01,NATIVE,Operate,Asset|Property|Project|Work Order|Space|Lease|Utility,F22,Maintenance Work Order [AGG-17-WORK-ORDER],Case Workspace|Assessment Form|Evidence Panel,asset/property needs|capital plan|project/maintenance data|contracts/leases|utility consumption,operations/maintenance|finance/capitalisation|project delivery|lease/accounting|asset lifecycle,"Evidence set, assessment rationale, findings, decisions/actions and closure history",candidate-explicit
EJOB-F22.08-PROFESSIONAL,Maintenance Coordinator,,"Legal, Risk, Assets, HSE & Resilience — F22",JP-F22.08-PROFESSIONAL,reconciled-employment-profile,WP-W9-F22.08-PROFESSIONAL-002,Maintenance Diagnostic Record,CASE / ASSESSMENT,F22.08.A02,NATIVE,Operate,Asset|Property|Project|Work Order|Space|Lease|Utility,F22,Maintenance Work Order [AGG-17-WORK-ORDER],Case Workspace|Assessment Form|Evidence Panel,asset/property needs|capital plan|project/maintenance data|contracts/leases|utility consumption,operations/maintenance|finance/capitalisation|project delivery|lease/accounting|asset lifecycle,"Evidence set, assessment rationale, findings, decisions/actions and closure history",candidate-explicit
EJOB-F22.08-PROFESSIONAL,Maintenance Coordinator,,"Legal, Risk, Assets, HSE & Resilience — F22",JP-F22.08-PROFESSIONAL,reconciled-employment-profile,WP-W9-F22.08-PROFESSIONAL-003,Repair Record,EXECUTION RECORD,F22.08.A03,NATIVE,Operate,Asset|Property|Project|Work Order|Space|Lease|Utility,F22,Maintenance Work Order [AGG-17-WORK-ORDER],Execution Record|Evidence Panel,asset/property needs|capital plan|project/maintenance data|contracts/leases|utility consumption,operations/maintenance|finance/capitalisation|project delivery|lease/accounting|asset lifecycle,Attributable who/what/when/result record with source context and evidence,candidate-explicit
EJOB-F22.08-PROFESSIONAL,Maintenance Coordinator,,"Legal, Risk, Assets, HSE & Resilience — F22",JP-F22.08-PROFESSIONAL,reconciled-employment-profile,WP-W9-F22.08-PROFESSIONAL-004,Post-Repair Test,INSPECTION / TEST,F22.08.A04,NATIVE,Operate,Asset|Property|Project|Work Order|Space|Lease|Utility,F22,Maintenance Work Order [AGG-17-WORK-ORDER],Test / Inspection Workbench|Evidence Panel,asset/property needs|capital plan|project/maintenance data|contracts/leases|utility consumption,operations/maintenance|finance/capitalisation|project delivery|lease/accounting|asset lifecycle,"Inspection/test basis, method, result, evidence, performer/reviewer and acceptance status",candidate-explicit
EJOB-F22.08-PROFESSIONAL,Maintenance Coordinator,,"Legal, Risk, Assets, HSE & Resilience — F22",JP-F22.08-PROFESSIONAL,reconciled-employment-profile,WP-W9-F22.08-PROFESSIONAL-005,Maintenance Closure Record,HANDOVER / CLOSEOUT PACKAGE,F22.08.A05,NATIVE,Operate,Asset|Property|Project|Work Order|Space|Lease|Utility,F22,Maintenance Work Order [AGG-17-WORK-ORDER],Package Workspace|Completeness Checklist,asset/property needs|capital plan|project/maintenance data|contracts/leases|utility consumption,operations/maintenance|finance/capitalisation|project delivery|lease/accounting|asset lifecycle,"Controlled completeness set with acceptance, outstanding items, evidence and closure provenance",candidate-explicit
EJOB-F23.05-PROFESSIONAL,Occupational Health Specialist,,"Legal, Risk, Assets, HSE & Resilience — F23",JP-F23.05-PROFESSIONAL,reconciled-employment-profile,WP-W9-F23.05-PROFESSIONAL-001,Occupational Exposure Assessment,CASE / ASSESSMENT,F23.05.A01,NATIVE,Operate,Hazard|Inspection|Incident|Permit|Environmental Aspect|Carbon|Energy|ESG,F23,H&S / Incident / Permit [AGG-13-INCIDENT],Case Workspace|Assessment Form|Evidence Panel,HSE policy|work/activity context|monitoring/test data|supplier/environmental evidence|sustainability commitments,work controls|supplier/procurement|regulatory returns|operations|ESG disclosure,"Evidence set, assessment rationale, findings, decisions/actions and closure history",candidate-explicit
EJOB-F23.05-PROFESSIONAL,Occupational Health Specialist,,"Legal, Risk, Assets, HSE & Resilience — F23",JP-F23.05-PROFESSIONAL,reconciled-employment-profile,WP-W9-F23.05-PROFESSIONAL-002,Health Surveillance Record,CERTIFICATE / FORMAL ATTESTATION,F23.05.A02,NATIVE,Operate,Hazard|Inspection|Incident|Permit|Environmental Aspect|Carbon|Energy|ESG,F23,H&S / Incident / Permit [AGG-13-INCIDENT],Attestation Workspace|Evidence Panel,HSE policy|work/activity context|monitoring/test data|supplier/environmental evidence|sustainability commitments,work controls|supplier/procurement|regulatory returns|operations|ESG disclosure,"Formal attestation with issuer, authority, scope, date, evidence and validity",candidate-explicit
EJOB-F23.05-PROFESSIONAL,Occupational Health Specialist,,"Legal, Risk, Assets, HSE & Resilience — F23",JP-F23.05-PROFESSIONAL,reconciled-employment-profile,WP-W9-F23.05-PROFESSIONAL-003,Workplace Health Programme,PLAN / STRATEGY,F23.05.A03,NATIVE,Operate,Hazard|Inspection|Incident|Permit|Environmental Aspect|Carbon|Energy|ESG,F23,H&S / Incident / Permit [AGG-13-INCIDENT],Object Workspace|Structure Browser|Enterprise Grid,HSE policy|work/activity context|monitoring/test data|supplier/environmental evidence|sustainability commitments,work controls|supplier/procurement|regulatory returns|operations|ESG disclosure,"Versioned plan/strategy with assumptions, ownership, review, approval and effective-date provenance",candidate-explicit
EJOB-F23.06-PROFESSIONAL,Permit-to-Work Coordinator,,"Legal, Risk, Assets, HSE & Resilience — F23",JP-F23.06-PROFESSIONAL,reconciled-employment-profile,WP-W9-F23.06-PROFESSIONAL-001,Permit-to-Work Request,CASE / ASSESSMENT,F23.06.A01,NATIVE,Operate,Hazard|Inspection|Incident|Permit|Environmental Aspect|Carbon|Energy|ESG,F23,H&S / Incident / Permit [AGG-13-INCIDENT],Case Workspace|Assessment Form|Evidence Panel,HSE policy|work/activity context|monitoring/test data|supplier/environmental evidence|sustainability commitments,work controls|supplier/procurement|regulatory returns|operations|ESG disclosure,"Evidence set, assessment rationale, findings, decisions/actions and closure history",candidate-explicit
EJOB-F23.06-PROFESSIONAL,Permit-to-Work Coordinator,,"Legal, Risk, Assets, HSE & Resilience — F23",JP-F23.06-PROFESSIONAL,reconciled-employment-profile,WP-W9-F23.06-PROFESSIONAL-002,Permit Hazard / Control Assessment,CASE / ASSESSMENT,F23.06.A02,NATIVE,Operate,Hazard|Inspection|Incident|Permit|Environmental Aspect|Carbon|Energy|ESG,F23,H&S / Incident / Permit [AGG-13-INCIDENT],Case Workspace|Assessment Form|Evidence Panel,HSE policy|work/activity context|monitoring/test data|supplier/environmental evidence|sustainability commitments,work controls|supplier/procurement|regulatory returns|operations|ESG disclosure,"Evidence set, assessment rationale, findings, decisions/actions and closure history",candidate-explicit
EJOB-F23.06-PROFESSIONAL,Permit-to-Work Coordinator,,"Legal, Risk, Assets, HSE & Resilience — F23",JP-F23.06-PROFESSIONAL,reconciled-employment-profile,WP-W9-F23.06-PROFESSIONAL-003,Issued Permit-to-Work,CERTIFICATE / FORMAL ATTESTATION,F23.06.A03,NATIVE,Operate,Hazard|Inspection|Incident|Permit|Environmental Aspect|Carbon|Energy|ESG,F23,H&S / Incident / Permit [AGG-13-INCIDENT],Attestation Workspace|Evidence Panel,HSE policy|work/activity context|monitoring/test data|supplier/environmental evidence|sustainability commitments,work controls|supplier/procurement|regulatory returns|operations|ESG disclosure,"Formal attestation with issuer, authority, scope, date, evidence and validity",candidate-explicit
EJOB-F23.06-PROFESSIONAL,Permit-to-Work Coordinator,,"Legal, Risk, Assets, HSE & Resilience — F23",JP-F23.06-PROFESSIONAL,reconciled-employment-profile,WP-W9-F23.06-PROFESSIONAL-004,Permit Monitoring Record,EXECUTION RECORD,F23.06.A04,NATIVE,Operate,Hazard|Inspection|Incident|Permit|Environmental Aspect|Carbon|Energy|ESG,F23,H&S / Incident / Permit [AGG-13-INCIDENT],Execution Record|Evidence Panel,HSE policy|work/activity context|monitoring/test data|supplier/environmental evidence|sustainability commitments,work controls|supplier/procurement|regulatory returns|operations|ESG disclosure,Attributable who/what/when/result record with source context and evidence,candidate-explicit
EJOB-F23.06-PROFESSIONAL,Permit-to-Work Coordinator,,"Legal, Risk, Assets, HSE & Resilience — F23",JP-F23.06-PROFESSIONAL,reconciled-employment-profile,WP-W9-F23.06-PROFESSIONAL-005,Permit Closure Record,HANDOVER / CLOSEOUT PACKAGE,F23.06.A05,NATIVE,Operate,Hazard|Inspection|Incident|Permit|Environmental Aspect|Carbon|Energy|ESG,F23,H&S / Incident / Permit [AGG-13-INCIDENT],Package Workspace|Completeness Checklist,HSE policy|work/activity context|monitoring/test data|supplier/environmental evidence|sustainability commitments,work controls|supplier/procurement|regulatory returns|operations|ESG disclosure,"Controlled completeness set with acceptance, outstanding items, evidence and closure provenance",candidate-explicit
EJOB-F24.09-PROFESSIONAL,Physical Security Manager,,"Legal, Risk, Assets, HSE & Resilience — F24",JP-F24.09-PROFESSIONAL,reconciled-employment-profile,WP-W9-F24.09-PROFESSIONAL-001,Physical Access Control Register / Policy,REGISTER / SCHEDULE,F24.09.A01,NATIVE,Operate,Continuity Plan|BIA|Crisis|Emergency|Recovery|Physical Security|Visitor|Travel,F24,Physical / Travel Security [AGG-23-PHYSICAL-SECURITY-INCIDENT],Enterprise Grid|Collection View,critical services/dependencies|site/people context|incident/crisis signals|recovery capabilities|security/travel data,business recovery|emergency services|IT DR|communications|security investigations,"Governed entries with owner, status, dates, source references and immutable change history",candidate-explicit
EJOB-F24.09-PROFESSIONAL,Physical Security Manager,,"Legal, Risk, Assets, HSE & Resilience — F24",JP-F24.09-PROFESSIONAL,reconciled-employment-profile,WP-W9-F24.09-PROFESSIONAL-002,Security Monitoring / Patrol Log,EXECUTION RECORD,F24.09.A02|F24.09.A03,NATIVE,Operate,Continuity Plan|BIA|Crisis|Emergency|Recovery|Physical Security|Visitor|Travel,F24,Physical / Travel Security [AGG-23-PHYSICAL-SECURITY-INCIDENT],Execution Record|Evidence Panel,critical services/dependencies|site/people context|incident/crisis signals|recovery capabilities|security/travel data,business recovery|emergency services|IT DR|communications|security investigations,Attributable who/what/when/result record with source context and evidence,candidate-explicit
EJOB-F24.09-PROFESSIONAL,Physical Security Manager,,"Legal, Risk, Assets, HSE & Resilience — F24",JP-F24.09-PROFESSIONAL,reconciled-employment-profile,WP-W9-F24.09-PROFESSIONAL-003,Physical Security Alarm / Response Case,CASE / ASSESSMENT,F24.09.A04,NATIVE,Operate,Continuity Plan|BIA|Crisis|Emergency|Recovery|Physical Security|Visitor|Travel,F24,Physical / Travel Security [AGG-23-PHYSICAL-SECURITY-INCIDENT],Case Workspace|Assessment Form|Evidence Panel,critical services/dependencies|site/people context|incident/crisis signals|recovery capabilities|security/travel data,business recovery|emergency services|IT DR|communications|security investigations,"Evidence set, assessment rationale, findings, decisions/actions and closure history",candidate-explicit
EJOB-F21.09-PROFESSIONAL,Privacy Assurance Specialist,,"Legal, Risk, Assets, HSE & Resilience — F21",JP-F21.09-PROFESSIONAL,reconciled-employment-profile,WP-W9-F21.09-PROFESSIONAL-001,Privacy Assurance Review,INSPECTION / TEST,F21.09.A01,NATIVE,Operate,Processing Activity|DPIA|Consent|Rights Request|Privacy Incident|Transfer|Retention,F21,Privacy Assurance Review [AGG-21-AUDIT],Test / Inspection Workbench|Evidence Panel,processing inventory|personal-data context|lawful basis|retention/legal hold|identity/evidence,processing controls|rights responses|incident notifications|retention/disposition|privacy assurance,"Inspection/test basis, method, result, evidence, performer/reviewer and acceptance status",candidate-explicit
EJOB-F21.09-PROFESSIONAL,Privacy Assurance Specialist,,"Legal, Risk, Assets, HSE & Resilience — F21",JP-F21.09-PROFESSIONAL,reconciled-employment-profile,WP-W9-F21.09-PROFESSIONAL-002,Privacy Control Monitoring Snapshot,REPORT / SNAPSHOT,F21.09.A02,NATIVE,Operate,Processing Activity|DPIA|Consent|Rights Request|Privacy Incident|Transfer|Retention,F21,Privacy Assurance Review [AGG-21-AUDIT],Report Builder|Snapshot View,processing inventory|personal-data context|lawful basis|retention/legal hold|identity/evidence,processing controls|rights responses|incident notifications|retention/disposition|privacy assurance,"Point-in-time/as-of snapshot with source data, calculation/filter and publication provenance",candidate-explicit
EJOB-F21.09-PROFESSIONAL,Privacy Assurance Specialist,,"Legal, Risk, Assets, HSE & Resilience — F21",JP-F21.09-PROFESSIONAL,reconciled-employment-profile,WP-W9-F21.09-PROFESSIONAL-003,Privacy Compliance Report,REPORT / SNAPSHOT,F21.09.A03,NATIVE,Operate,Processing Activity|DPIA|Consent|Rights Request|Privacy Incident|Transfer|Retention,F21,Privacy Assurance Review [AGG-21-AUDIT],Report Builder|Snapshot View,processing inventory|personal-data context|lawful basis|retention/legal hold|identity/evidence,processing controls|rights responses|incident notifications|retention/disposition|privacy assurance,"Point-in-time/as-of snapshot with source data, calculation/filter and publication provenance",candidate-explicit
EJOB-F21.06-PROFESSIONAL,Privacy Incident Manager,,"Legal, Risk, Assets, HSE & Resilience — F21",JP-F21.06-PROFESSIONAL,reconciled-employment-profile,WP-W9-F21.06-PROFESSIONAL-001,Privacy Incident / Breach Record,CASE / ASSESSMENT,F21.06.A01,NATIVE,Operate,Processing Activity|DPIA|Consent|Rights Request|Privacy Incident|Transfer|Retention,F21,Privacy Incident [AGG-22-INCIDENT],Case Workspace|Assessment Form|Evidence Panel,processing inventory|personal-data context|lawful basis|retention/legal hold|identity/evidence,processing controls|rights responses|incident notifications|retention/disposition|privacy assurance,"Evidence set, assessment rationale, findings, decisions/actions and closure history",candidate-explicit
EJOB-F21.06-PROFESSIONAL,Privacy Incident Manager,,"Legal, Risk, Assets, HSE & Resilience — F21",JP-F21.06-PROFESSIONAL,reconciled-employment-profile,WP-W9-F21.06-PROFESSIONAL-002,Privacy Incident Containment Record,CHANGE,F21.06.A02,NATIVE,Operate,Processing Activity|DPIA|Consent|Rights Request|Privacy Incident|Transfer|Retention,F21,Privacy Incident [AGG-22-INCIDENT],Change Workspace|Impact Assessment,processing inventory|personal-data context|lawful basis|retention/legal hold|identity/evidence,processing controls|rights responses|incident notifications|retention/disposition|privacy assurance,"Baseline, impact assessment, authority decision, implementation and verification evidence",candidate-explicit
EJOB-F21.06-PROFESSIONAL,Privacy Incident Manager,,"Legal, Risk, Assets, HSE & Resilience — F21",JP-F21.06-PROFESSIONAL,reconciled-employment-profile,WP-W9-F21.06-PROFESSIONAL-003,Privacy Incident Investigation,CASE / ASSESSMENT,F21.06.A03,NATIVE,Operate,Processing Activity|DPIA|Consent|Rights Request|Privacy Incident|Transfer|Retention,F21,Privacy Incident [AGG-22-INCIDENT],Case Workspace|Assessment Form|Evidence Panel,processing inventory|personal-data context|lawful basis|retention/legal hold|identity/evidence,processing controls|rights responses|incident notifications|retention/disposition|privacy assurance,"Evidence set, assessment rationale, findings, decisions/actions and closure history",candidate-explicit
EJOB-F21.06-PROFESSIONAL,Privacy Incident Manager,,"Legal, Risk, Assets, HSE & Resilience — F21",JP-F21.06-PROFESSIONAL,reconciled-employment-profile,WP-W9-F21.06-PROFESSIONAL-004,Notification Decision / Record,DECISION / APPROVAL,F21.06.A04,NATIVE,Operate,Processing Activity|DPIA|Consent|Rights Request|Privacy Incident|Transfer|Retention,F21,Privacy Incident [AGG-22-INCIDENT],Decision Workspace|Approval Panel,processing inventory|personal-data context|lawful basis|retention/legal hold|identity/evidence,processing controls|rights responses|incident notifications|retention/disposition|privacy assurance,"Decision, approver/authority, rationale, conditions, date and affected objects",candidate-explicit
EJOB-F21.01-PROFESSIONAL,Privacy Manager,,"Legal, Risk, Assets, HSE & Resilience — F21",JP-F21.01-PROFESSIONAL,reconciled-employment-profile,WP-W9-F21.01-PROFESSIONAL-001,Privacy Policy Framework,CONTROLLED INFORMATION,F21.01.A01,NATIVE,Operate,Processing Activity|DPIA|Consent|Rights Request|Privacy Incident|Transfer|Retention,F21,Privacy Framework / Policy [AGG-22-FRAMEWORK],Controlled Document Editor|Object Workspace,processing inventory|personal-data context|lawful basis|retention/legal hold|identity/evidence,processing controls|rights responses|incident notifications|retention/disposition|privacy assurance,"Controlled revision with author, reviewer, approver, issue/effective date and supersession provenance",candidate-explicit
EJOB-F21.01-PROFESSIONAL,Privacy Manager,,"Legal, Risk, Assets, HSE & Resilience — F21",JP-F21.01-PROFESSIONAL,reconciled-employment-profile,WP-W9-F21.01-PROFESSIONAL-002,Privacy Responsibility / RACI Register,STRUCTURE / BREAKDOWN,F21.01.A02,NATIVE,Operate,Processing Activity|DPIA|Consent|Rights Request|Privacy Incident|Transfer|Retention,F21,Privacy Framework / Policy [AGG-22-FRAMEWORK],Structure Browser|Enterprise Grid,processing inventory|personal-data context|lawful basis|retention/legal hold|identity/evidence,processing controls|rights responses|incident notifications|retention/disposition|privacy assurance,"Versioned hierarchy/structure with element identity, relationships, effectivity and approval provenance",candidate-explicit
EJOB-F21.01-PROFESSIONAL,Privacy Manager,,"Legal, Risk, Assets, HSE & Resilience — F21",JP-F21.01-PROFESSIONAL,reconciled-employment-profile,WP-W9-F21.01-PROFESSIONAL-003,Privacy Governance Framework,PLAN / STRATEGY,F21.01.A03,NATIVE,Operate,Processing Activity|DPIA|Consent|Rights Request|Privacy Incident|Transfer|Retention,F21,Privacy Framework / Policy [AGG-22-FRAMEWORK],Object Workspace|Structure Browser|Enterprise Grid,processing inventory|personal-data context|lawful basis|retention/legal hold|identity/evidence,processing controls|rights responses|incident notifications|retention/disposition|privacy assurance,"Versioned plan/strategy with assumptions, ownership, review, approval and effective-date provenance",candidate-explicit
EJOB-F21.02-PROFESSIONAL,Privacy Operations Specialist,,"Legal, Risk, Assets, HSE & Resilience — F21",JP-F21.02-PROFESSIONAL,reconciled-employment-profile,WP-W9-F21.02-PROFESSIONAL-001,Record of Processing Activity,REGISTER / SCHEDULE,F21.02.A01|F21.02.A02|F21.02.A03|F21.02.A04|F21.02.A05,NATIVE,Operate,Processing Activity|DPIA|Consent|Rights Request|Privacy Incident|Transfer|Retention,F21,Processing Activity / DPIA [AGG-22-PRIVACY],Enterprise Grid|Collection View,processing inventory|personal-data context|lawful basis|retention/legal hold|identity/evidence,processing controls|rights responses|incident notifications|retention/disposition|privacy assurance,"Governed entries with owner, status, dates, source references and immutable change history",candidate-explicit
EJOB-F21.03-PROFESSIONAL,Privacy Risk Specialist,,"Legal, Risk, Assets, HSE & Resilience — F21",JP-F21.03-PROFESSIONAL,reconciled-employment-profile,WP-W9-F21.03-PROFESSIONAL-001,DPIA / Privacy Impact Assessment,CASE / ASSESSMENT,F21.03.A01|F21.03.A02,NATIVE,Operate,Processing Activity|DPIA|Consent|Rights Request|Privacy Incident|Transfer|Retention,F21,Processing Activity / DPIA [AGG-22-PRIVACY],Case Workspace|Assessment Form|Evidence Panel,processing inventory|personal-data context|lawful basis|retention/legal hold|identity/evidence,processing controls|rights responses|incident notifications|retention/disposition|privacy assurance,"Evidence set, assessment rationale, findings, decisions/actions and closure history",candidate-explicit
EJOB-F21.03-PROFESSIONAL,Privacy Risk Specialist,,"Legal, Risk, Assets, HSE & Resilience — F21",JP-F21.03-PROFESSIONAL,reconciled-employment-profile,WP-W9-F21.03-PROFESSIONAL-002,Privacy Control Plan,PLAN / STRATEGY,F21.03.A03,NATIVE,Operate,Processing Activity|DPIA|Consent|Rights Request|Privacy Incident|Transfer|Retention,F21,Processing Activity / DPIA [AGG-22-PRIVACY],Object Workspace|Structure Browser|Enterprise Grid,processing inventory|personal-data context|lawful basis|retention/legal hold|identity/evidence,processing controls|rights responses|incident notifications|retention/disposition|privacy assurance,"Versioned plan/strategy with assumptions, ownership, review, approval and effective-date provenance",candidate-explicit
EJOB-F21.03-PROFESSIONAL,Privacy Risk Specialist,,"Legal, Risk, Assets, HSE & Resilience — F21",JP-F21.03-PROFESSIONAL,reconciled-employment-profile,WP-W9-F21.03-PROFESSIONAL-003,DPIA Approval,DECISION / APPROVAL,F21.03.A04,NATIVE,Operate,Processing Activity|DPIA|Consent|Rights Request|Privacy Incident|Transfer|Retention,F21,Processing Activity / DPIA [AGG-22-PRIVACY],Decision Workspace|Approval Panel,processing inventory|personal-data context|lawful basis|retention/legal hold|identity/evidence,processing controls|rights responses|incident notifications|retention/disposition|privacy assurance,"Decision, approver/authority, rationale, conditions, date and affected objects",candidate-explicit
EJOB-F22.04-PROFESSIONAL,Property Acquisition Manager,,"Legal, Risk, Assets, HSE & Resilience — F22",JP-F22.04-PROFESSIONAL,reconciled-employment-profile,WP-W9-F22.04-PROFESSIONAL-001,Property Search / Longlist,REGISTER / SCHEDULE,F22.04.A01,NATIVE,Operate,Asset|Property|Project|Work Order|Space|Lease|Utility,F22,Asset / Property Acquisition [AGG-16-SPATIAL-ASSET],Enterprise Grid|Collection View,asset/property needs|capital plan|project/maintenance data|contracts/leases|utility consumption,operations/maintenance|finance/capitalisation|project delivery|lease/accounting|asset lifecycle,"Governed entries with owner, status, dates, source references and immutable change history",candidate-explicit
EJOB-F22.04-PROFESSIONAL,Property Acquisition Manager,,"Legal, Risk, Assets, HSE & Resilience — F22",JP-F22.04-PROFESSIONAL,reconciled-employment-profile,WP-W9-F22.04-PROFESSIONAL-002,Property Assessment,CASE / ASSESSMENT,F22.04.A02,NATIVE,Operate,Asset|Property|Project|Work Order|Space|Lease|Utility,F22,Asset / Property Acquisition [AGG-16-SPATIAL-ASSET],Case Workspace|Assessment Form|Evidence Panel,asset/property needs|capital plan|project/maintenance data|contracts/leases|utility consumption,operations/maintenance|finance/capitalisation|project delivery|lease/accounting|asset lifecycle,"Evidence set, assessment rationale, findings, decisions/actions and closure history",candidate-explicit
EJOB-F22.04-PROFESSIONAL,Property Acquisition Manager,,"Legal, Risk, Assets, HSE & Resilience — F22",JP-F22.04-PROFESSIONAL,reconciled-employment-profile,WP-W9-F22.04-PROFESSIONAL-003,Property Negotiation / Heads of Terms,TRANSACTION / COMMITMENT,F22.04.A03,NATIVE,Operate,Asset|Property|Project|Work Order|Space|Lease|Utility,F22,Asset / Property Acquisition [AGG-16-SPATIAL-ASSET],Transaction Workspace|Approval Panel,asset/property needs|capital plan|project/maintenance data|contracts/leases|utility consumption,operations/maintenance|finance/capitalisation|project delivery|lease/accounting|asset lifecycle,"Counterparty/terms/authority with immutable issue, execution, amendment and completion history",candidate-explicit
EJOB-F22.04-PROFESSIONAL,Property Acquisition Manager,,"Legal, Risk, Assets, HSE & Resilience — F22",JP-F22.04-PROFESSIONAL,reconciled-employment-profile,WP-W9-F22.04-PROFESSIONAL-004,Property Acquisition / Lease Completion Pack,HANDOVER / CLOSEOUT PACKAGE,F22.04.A04,NATIVE,Operate,Asset|Property|Project|Work Order|Space|Lease|Utility,F22,Asset / Property Acquisition [AGG-16-SPATIAL-ASSET],Package Workspace|Completeness Checklist,asset/property needs|capital plan|project/maintenance data|contracts/leases|utility consumption,operations/maintenance|finance/capitalisation|project delivery|lease/accounting|asset lifecycle,"Controlled completeness set with acceptance, outstanding items, evidence and closure provenance",candidate-explicit
EJOB-F19.08-PROFESSIONAL,Regulatory Counsel,,"Legal, Risk, Assets, HSE & Resilience — F19",JP-F19.08-PROFESSIONAL,reconciled-employment-profile,WP-W9-F19.08-PROFESSIONAL-001,Regulatory Interpretation Memorandum,CONTROLLED INFORMATION,F19.08.A01,NATIVE,Operate,Legal Matter|Contract|Entity|Proceeding|Obligation|Hold,F19,Legal Matter [AGG-22-LEGAL],Controlled Document Editor|Object Workspace,business request|contract/entity data|laws/regulations|evidence/records|authority policy,contract/business decisions|regulatory compliance|corporate governance|retention/eDiscovery|finance/legal spend,"Controlled revision with author, reviewer, approver, issue/effective date and supersession provenance",candidate-explicit
EJOB-F19.08-PROFESSIONAL,Regulatory Counsel,,"Legal, Risk, Assets, HSE & Resilience — F19",JP-F19.08-PROFESSIONAL,reconciled-employment-profile,WP-W9-F19.08-PROFESSIONAL-002,Regulatory Change Impact Assessment,CASE / ASSESSMENT,F19.08.A02,NATIVE,Operate,Legal Matter|Contract|Entity|Proceeding|Obligation|Hold,F19,Legal Matter [AGG-22-LEGAL],Case Workspace|Assessment Form|Evidence Panel,business request|contract/entity data|laws/regulations|evidence/records|authority policy,contract/business decisions|regulatory compliance|corporate governance|retention/eDiscovery|finance/legal spend,"Evidence set, assessment rationale, findings, decisions/actions and closure history",candidate-explicit
EJOB-F19.08-PROFESSIONAL,Regulatory Counsel,,"Legal, Risk, Assets, HSE & Resilience — F19",JP-F19.08-PROFESSIONAL,reconciled-employment-profile,WP-W9-F19.08-PROFESSIONAL-003,Regulatory Implementation Advice,PLAN / STRATEGY,F19.08.A03,NATIVE,Operate,Legal Matter|Contract|Entity|Proceeding|Obligation|Hold,F19,Legal Matter [AGG-22-LEGAL],Object Workspace|Structure Browser|Enterprise Grid,business request|contract/entity data|laws/regulations|evidence/records|authority policy,contract/business decisions|regulatory compliance|corporate governance|retention/eDiscovery|finance/legal spend,"Versioned plan/strategy with assumptions, ownership, review, approval and effective-date provenance",candidate-explicit
EJOB-F22.09-PROFESSIONAL,Reliability Engineer,,"Legal, Risk, Assets, HSE & Resilience — F22",JP-F22.09-PROFESSIONAL,reconciled-employment-profile,WP-W9-F22.09-PROFESSIONAL-001,Failure / Reliability Analysis,CASE / ASSESSMENT,F22.09.A01,NATIVE,Operate,Asset|Property|Project|Work Order|Space|Lease|Utility,F22,Reliability Strategy [AGG-17-RELIABILITY],Case Workspace|Assessment Form|Evidence Panel,asset/property needs|capital plan|project/maintenance data|contracts/leases|utility consumption,operations/maintenance|finance/capitalisation|project delivery|lease/accounting|asset lifecycle,"Evidence set, assessment rationale, findings, decisions/actions and closure history",candidate-explicit
EJOB-F22.09-PROFESSIONAL,Reliability Engineer,,"Legal, Risk, Assets, HSE & Resilience — F22",JP-F22.09-PROFESSIONAL,reconciled-employment-profile,WP-W9-F22.09-PROFESSIONAL-002,Condition Monitoring Snapshot,REPORT / SNAPSHOT,F22.09.A02,NATIVE,Operate,Asset|Property|Project|Work Order|Space|Lease|Utility,F22,Reliability Strategy [AGG-17-RELIABILITY],Report Builder|Snapshot View,asset/property needs|capital plan|project/maintenance data|contracts/leases|utility consumption,operations/maintenance|finance/capitalisation|project delivery|lease/accounting|asset lifecycle,"Point-in-time/as-of snapshot with source data, calculation/filter and publication provenance",candidate-explicit
EJOB-F22.09-PROFESSIONAL,Reliability Engineer,,"Legal, Risk, Assets, HSE & Resilience — F22",JP-F22.09-PROFESSIONAL,reconciled-employment-profile,WP-W9-F22.09-PROFESSIONAL-003,Predictive Maintenance Recommendation,PLAN / STRATEGY,F22.09.A03,NATIVE,Operate,Asset|Property|Project|Work Order|Space|Lease|Utility,F22,Reliability Strategy [AGG-17-RELIABILITY],Object Workspace|Structure Browser|Enterprise Grid,asset/property needs|capital plan|project/maintenance data|contracts/leases|utility consumption,operations/maintenance|finance/capitalisation|project delivery|lease/accounting|asset lifecycle,"Versioned plan/strategy with assumptions, ownership, review, approval and effective-date provenance",candidate-explicit
EJOB-F20.13-PROFESSIONAL,Remediation Manager,,"Legal, Risk, Assets, HSE & Resilience — F20",JP-F20.13-PROFESSIONAL,reconciled-employment-profile,WP-W9-F20.13-PROFESSIONAL-001,Issue / Finding Register,REGISTER / SCHEDULE,F20.13.A01,NATIVE,Operate,Risk|Requirement|Control|Audit|Finding|Assurance,F20,Finding / Remediation [AGG-21-AUDIT],Enterprise Grid|Collection View,strategy/risk context|regulatory obligations|control evidence|business/audit data|independence rules,management decisions|remediation|audit committee|control owners|regulatory assurance,"Governed entries with owner, status, dates, source references and immutable change history",candidate-explicit
EJOB-F20.13-PROFESSIONAL,Remediation Manager,,"Legal, Risk, Assets, HSE & Resilience — F20",JP-F20.13-PROFESSIONAL,reconciled-employment-profile,WP-W9-F20.13-PROFESSIONAL-002,Remediation Action,CHANGE,F20.13.A02|F20.13.A03,NATIVE,Operate,Risk|Requirement|Control|Audit|Finding|Assurance,F20,Finding / Remediation [AGG-21-AUDIT],Change Workspace|Impact Assessment,strategy/risk context|regulatory obligations|control evidence|business/audit data|independence rules,management decisions|remediation|audit committee|control owners|regulatory assurance,"Baseline, impact assessment, authority decision, implementation and verification evidence",candidate-explicit
EJOB-F20.13-PROFESSIONAL,Remediation Manager,,"Legal, Risk, Assets, HSE & Resilience — F20",JP-F20.13-PROFESSIONAL,reconciled-employment-profile,WP-W9-F20.13-PROFESSIONAL-003,Remediation Status Report,REPORT / SNAPSHOT,F20.13.A04,NATIVE,Operate,Risk|Requirement|Control|Audit|Finding|Assurance,F20,Finding / Remediation [AGG-21-AUDIT],Report Builder|Snapshot View,strategy/risk context|regulatory obligations|control evidence|business/audit data|independence rules,management decisions|remediation|audit committee|control owners|regulatory assurance,"Point-in-time/as-of snapshot with source data, calculation/filter and publication provenance",candidate-explicit
EJOB-F20.13-PROFESSIONAL,Remediation Manager,,"Legal, Risk, Assets, HSE & Resilience — F20",JP-F20.13-PROFESSIONAL,reconciled-employment-profile,WP-W9-F20.13-PROFESSIONAL-004,Remediation Closure Verification,INSPECTION / TEST,F20.13.A05,NATIVE,Operate,Risk|Requirement|Control|Audit|Finding|Assurance,F20,Finding / Remediation [AGG-21-AUDIT],Test / Inspection Workbench|Evidence Panel,strategy/risk context|regulatory obligations|control evidence|business/audit data|independence rules,management decisions|remediation|audit committee|control owners|regulatory assurance,"Inspection/test basis, method, result, evidence, performer/reviewer and acceptance status",candidate-explicit
EJOB-RISK-ANALYST,Risk Analyst,,"Legal, Risk, Assets, HSE & Resilience — F20",JP-F20.02-PROFESSIONAL|JP-F20.03-PROFESSIONAL,reconciled-employment-profile,WP-W9-RISK-ANALYST-001,Risk Register Entry,CASE / ASSESSMENT,F20.02.A01|F20.02.A02|F20.02.A03,NATIVE,Operate,Risk|Requirement|Control|Audit|Finding|Assurance,F20,Enterprise Risk / Assessment [AGG-21-RISK],Case Workspace|Assessment Form|Evidence Panel,strategy/risk context|regulatory obligations|control evidence|business/audit data|independence rules,management decisions|remediation|audit committee|control owners|regulatory assurance,"Evidence set, assessment rationale, findings, decisions/actions and closure history",candidate-explicit
EJOB-RISK-ANALYST,Risk Analyst,,"Legal, Risk, Assets, HSE & Resilience — F20",JP-F20.02-PROFESSIONAL|JP-F20.03-PROFESSIONAL,reconciled-employment-profile,WP-W9-RISK-ANALYST-002,Risk Assessment,CASE / ASSESSMENT,F20.03.A01|F20.03.A02|F20.03.A03,NATIVE,Operate,Risk|Requirement|Control|Audit|Finding|Assurance,F20,Enterprise Risk / Assessment [AGG-21-RISK],Case Workspace|Assessment Form|Evidence Panel,strategy/risk context|regulatory obligations|control evidence|business/audit data|independence rules,management decisions|remediation|audit committee|control owners|regulatory assurance,"Evidence set, assessment rationale, findings, decisions/actions and closure history",candidate-explicit
EJOB-RISK-ANALYST,Risk Analyst,,"Legal, Risk, Assets, HSE & Resilience — F20",JP-F20.02-PROFESSIONAL|JP-F20.03-PROFESSIONAL,reconciled-employment-profile,WP-W9-RISK-ANALYST-003,Control Effectiveness Assessment,CASE / ASSESSMENT,F20.03.A04,NATIVE,Operate,Risk|Requirement|Control|Audit|Finding|Assurance,F20,Enterprise Risk / Assessment [AGG-21-RISK],Case Workspace|Assessment Form|Evidence Panel,strategy/risk context|regulatory obligations|control evidence|business/audit data|independence rules,management decisions|remediation|audit committee|control owners|regulatory assurance,"Evidence set, assessment rationale, findings, decisions/actions and closure history",candidate-explicit
EJOB-F20.04-PROFESSIONAL,Risk Manager,,"Legal, Risk, Assets, HSE & Resilience — F20",JP-F20.04-PROFESSIONAL,reconciled-employment-profile,WP-W9-F20.04-PROFESSIONAL-001,Risk Treatment Decision,DECISION / APPROVAL,F20.04.A01|F20.04.A02|F20.04.A03|F20.04.A04,NATIVE,Operate,Risk|Requirement|Control|Audit|Finding|Assurance,F20,Enterprise Risk / Assessment [AGG-21-RISK],Decision Workspace|Approval Panel,strategy/risk context|regulatory obligations|control evidence|business/audit data|independence rules,management decisions|remediation|audit committee|control owners|regulatory assurance,"Decision, approver/authority, rationale, conditions, date and affected objects",candidate-explicit
EJOB-F20.04-PROFESSIONAL,Risk Manager,,"Legal, Risk, Assets, HSE & Resilience — F20",JP-F20.04-PROFESSIONAL,reconciled-employment-profile,WP-W9-F20.04-PROFESSIONAL-002,Risk Treatment Plan,PLAN / STRATEGY,F20.04.A05,NATIVE,Operate,Risk|Requirement|Control|Audit|Finding|Assurance,F20,Enterprise Risk / Assessment [AGG-21-RISK],Object Workspace|Structure Browser|Enterprise Grid,strategy/risk context|regulatory obligations|control evidence|business/audit data|independence rules,management decisions|remediation|audit committee|control owners|regulatory assurance,"Versioned plan/strategy with assumptions, ownership, review, approval and effective-date provenance",candidate-explicit
EJOB-F20.05-PROFESSIONAL,Risk Monitoring Analyst,,"Legal, Risk, Assets, HSE & Resilience — F20",JP-F20.05-PROFESSIONAL,reconciled-employment-profile,WP-W9-F20.05-PROFESSIONAL-001,KRI / Risk Monitoring Dashboard,REPORT / SNAPSHOT,F20.05.A01,NATIVE,Operate,Risk|Requirement|Control|Audit|Finding|Assurance,F20,Enterprise Risk / Assessment [AGG-21-RISK],Report Builder|Snapshot View,strategy/risk context|regulatory obligations|control evidence|business/audit data|independence rules,management decisions|remediation|audit committee|control owners|regulatory assurance,"Point-in-time/as-of snapshot with source data, calculation/filter and publication provenance",candidate-explicit
EJOB-F20.05-PROFESSIONAL,Risk Monitoring Analyst,,"Legal, Risk, Assets, HSE & Resilience — F20",JP-F20.05-PROFESSIONAL,reconciled-employment-profile,WP-W9-F20.05-PROFESSIONAL-002,Risk Reassessment,CASE / ASSESSMENT,F20.05.A02,NATIVE,Operate,Risk|Requirement|Control|Audit|Finding|Assurance,F20,Enterprise Risk / Assessment [AGG-21-RISK],Case Workspace|Assessment Form|Evidence Panel,strategy/risk context|regulatory obligations|control evidence|business/audit data|independence rules,management decisions|remediation|audit committee|control owners|regulatory assurance,"Evidence set, assessment rationale, findings, decisions/actions and closure history",candidate-explicit
EJOB-F20.05-PROFESSIONAL,Risk Monitoring Analyst,,"Legal, Risk, Assets, HSE & Resilience — F20",JP-F20.05-PROFESSIONAL,reconciled-employment-profile,WP-W9-F20.05-PROFESSIONAL-003,Emerging Risk Record,CASE / ASSESSMENT,F20.05.A03,NATIVE,Operate,Risk|Requirement|Control|Audit|Finding|Assurance,F20,Enterprise Risk / Assessment [AGG-21-RISK],Case Workspace|Assessment Form|Evidence Panel,strategy/risk context|regulatory obligations|control evidence|business/audit data|independence rules,management decisions|remediation|audit committee|control owners|regulatory assurance,"Evidence set, assessment rationale, findings, decisions/actions and closure history",candidate-explicit
EJOB-F20.05-PROFESSIONAL,Risk Monitoring Analyst,,"Legal, Risk, Assets, HSE & Resilience — F20",JP-F20.05-PROFESSIONAL,reconciled-employment-profile,WP-W9-F20.05-PROFESSIONAL-004,Risk Escalation,HANDOVER / CLOSEOUT PACKAGE,F20.05.A04,NATIVE,Operate,Risk|Requirement|Control|Audit|Finding|Assurance,F20,Enterprise Risk / Assessment [AGG-21-RISK],Package Workspace|Completeness Checklist,strategy/risk context|regulatory obligations|control evidence|business/audit data|independence rules,management decisions|remediation|audit committee|control owners|regulatory assurance,"Controlled completeness set with acceptance, outstanding items, evidence and closure provenance",candidate-explicit
EJOB-F23.04-PROFESSIONAL,Safety Incident Investigator,,"Legal, Risk, Assets, HSE & Resilience — F23",JP-F23.04-PROFESSIONAL,reconciled-employment-profile,WP-W9-F23.04-PROFESSIONAL-001,Safety Incident Record,CASE / ASSESSMENT,F23.04.A01,NATIVE,Operate,Hazard|Inspection|Incident|Permit|Environmental Aspect|Carbon|Energy|ESG,F23,H&S / Incident / Permit [AGG-13-INCIDENT],Case Workspace|Assessment Form|Evidence Panel,HSE policy|work/activity context|monitoring/test data|supplier/environmental evidence|sustainability commitments,work controls|supplier/procurement|regulatory returns|operations|ESG disclosure,"Evidence set, assessment rationale, findings, decisions/actions and closure history",candidate-explicit
EJOB-F23.04-PROFESSIONAL,Safety Incident Investigator,,"Legal, Risk, Assets, HSE & Resilience — F23",JP-F23.04-PROFESSIONAL,reconciled-employment-profile,WP-W9-F23.04-PROFESSIONAL-002,Safety Incident Investigation,CASE / ASSESSMENT,F23.04.A02,NATIVE,Operate,Hazard|Inspection|Incident|Permit|Environmental Aspect|Carbon|Energy|ESG,F23,H&S / Incident / Permit [AGG-13-INCIDENT],Case Workspace|Assessment Form|Evidence Panel,HSE policy|work/activity context|monitoring/test data|supplier/environmental evidence|sustainability commitments,work controls|supplier/procurement|regulatory returns|operations|ESG disclosure,"Evidence set, assessment rationale, findings, decisions/actions and closure history",candidate-explicit
EJOB-F23.04-PROFESSIONAL,Safety Incident Investigator,,"Legal, Risk, Assets, HSE & Resilience — F23",JP-F23.04-PROFESSIONAL,reconciled-employment-profile,WP-W9-F23.04-PROFESSIONAL-003,Incident Root-Cause Analysis,CASE / ASSESSMENT,F23.04.A03,NATIVE,Operate,Hazard|Inspection|Incident|Permit|Environmental Aspect|Carbon|Energy|ESG,F23,H&S / Incident / Permit [AGG-13-INCIDENT],Case Workspace|Assessment Form|Evidence Panel,HSE policy|work/activity context|monitoring/test data|supplier/environmental evidence|sustainability commitments,work controls|supplier/procurement|regulatory returns|operations|ESG disclosure,"Evidence set, assessment rationale, findings, decisions/actions and closure history",candidate-explicit
EJOB-F23.04-PROFESSIONAL,Safety Incident Investigator,,"Legal, Risk, Assets, HSE & Resilience — F23",JP-F23.04-PROFESSIONAL,reconciled-employment-profile,WP-W9-F23.04-PROFESSIONAL-004,Incident Corrective Action,CHANGE,F23.04.A04,NATIVE,Operate,Hazard|Inspection|Incident|Permit|Environmental Aspect|Carbon|Energy|ESG,F23,H&S / Incident / Permit [AGG-13-INCIDENT],Change Workspace|Impact Assessment,HSE policy|work/activity context|monitoring/test data|supplier/environmental evidence|sustainability commitments,work controls|supplier/procurement|regulatory returns|operations|ESG disclosure,"Baseline, impact assessment, authority decision, implementation and verification evidence",candidate-explicit
EJOB-F23.03-PROFESSIONAL,Safety Inspector,,"Legal, Risk, Assets, HSE & Resilience — F23",JP-F23.03-PROFESSIONAL,reconciled-employment-profile,WP-W9-F23.03-PROFESSIONAL-001,Workplace Inspection Schedule,REGISTER / SCHEDULE,F23.03.A01,NATIVE,Operate,Hazard|Inspection|Incident|Permit|Environmental Aspect|Carbon|Energy|ESG,F23,H&S / Incident / Permit [AGG-13-INCIDENT],Enterprise Grid|Collection View,HSE policy|work/activity context|monitoring/test data|supplier/environmental evidence|sustainability commitments,work controls|supplier/procurement|regulatory returns|operations|ESG disclosure,"Governed entries with owner, status, dates, source references and immutable change history",candidate-explicit
EJOB-F23.03-PROFESSIONAL,Safety Inspector,,"Legal, Risk, Assets, HSE & Resilience — F23",JP-F23.03-PROFESSIONAL,reconciled-employment-profile,WP-W9-F23.03-PROFESSIONAL-002,Workplace Inspection Record,INSPECTION / TEST,F23.03.A02|F23.03.A03,NATIVE,Operate,Hazard|Inspection|Incident|Permit|Environmental Aspect|Carbon|Energy|ESG,F23,H&S / Incident / Permit [AGG-13-INCIDENT],Test / Inspection Workbench|Evidence Panel,HSE policy|work/activity context|monitoring/test data|supplier/environmental evidence|sustainability commitments,work controls|supplier/procurement|regulatory returns|operations|ESG disclosure,"Inspection/test basis, method, result, evidence, performer/reviewer and acceptance status",candidate-explicit
EJOB-F23.03-PROFESSIONAL,Safety Inspector,,"Legal, Risk, Assets, HSE & Resilience — F23",JP-F23.03-PROFESSIONAL,reconciled-employment-profile,WP-W9-F23.03-PROFESSIONAL-003,Safety Corrective Action,CHANGE,F23.03.A04,NATIVE,Operate,Hazard|Inspection|Incident|Permit|Environmental Aspect|Carbon|Energy|ESG,F23,H&S / Incident / Permit [AGG-13-INCIDENT],Change Workspace|Impact Assessment,HSE policy|work/activity context|monitoring/test data|supplier/environmental evidence|sustainability commitments,work controls|supplier/procurement|regulatory returns|operations|ESG disclosure,"Baseline, impact assessment, authority decision, implementation and verification evidence",candidate-explicit
EJOB-F24.11-PROFESSIONAL,Security Investigator,,"Legal, Risk, Assets, HSE & Resilience — F24",JP-F24.11-PROFESSIONAL,reconciled-employment-profile,WP-W9-F24.11-PROFESSIONAL-001,Security Investigation Case,CASE / ASSESSMENT,F24.11.A01,NATIVE,Operate,Continuity Plan|BIA|Crisis|Emergency|Recovery|Physical Security|Visitor|Travel,F24,Physical / Travel Security [AGG-23-PHYSICAL-SECURITY-INCIDENT],Case Workspace|Assessment Form|Evidence Panel,critical services/dependencies|site/people context|incident/crisis signals|recovery capabilities|security/travel data,business recovery|emergency services|IT DR|communications|security investigations,"Evidence set, assessment rationale, findings, decisions/actions and closure history",candidate-explicit
EJOB-F24.11-PROFESSIONAL,Security Investigator,,"Legal, Risk, Assets, HSE & Resilience — F24",JP-F24.11-PROFESSIONAL,reconciled-employment-profile,WP-W9-F24.11-PROFESSIONAL-002,Security Investigation Evidence Pack,HANDOVER / CLOSEOUT PACKAGE,F24.11.A02,NATIVE,Operate,Continuity Plan|BIA|Crisis|Emergency|Recovery|Physical Security|Visitor|Travel,F24,Physical / Travel Security [AGG-23-PHYSICAL-SECURITY-INCIDENT],Package Workspace|Completeness Checklist,critical services/dependencies|site/people context|incident/crisis signals|recovery capabilities|security/travel data,business recovery|emergency services|IT DR|communications|security investigations,"Controlled completeness set with acceptance, outstanding items, evidence and closure provenance",candidate-explicit
EJOB-F24.11-PROFESSIONAL,Security Investigator,,"Legal, Risk, Assets, HSE & Resilience — F24",JP-F24.11-PROFESSIONAL,reconciled-employment-profile,WP-W9-F24.11-PROFESSIONAL-003,Security Interview Record,CASE / ASSESSMENT,F24.11.A03,NATIVE,Operate,Continuity Plan|BIA|Crisis|Emergency|Recovery|Physical Security|Visitor|Travel,F24,Physical / Travel Security [AGG-23-PHYSICAL-SECURITY-INCIDENT],Case Workspace|Assessment Form|Evidence Panel,critical services/dependencies|site/people context|incident/crisis signals|recovery capabilities|security/travel data,business recovery|emergency services|IT DR|communications|security investigations,"Evidence set, assessment rationale, findings, decisions/actions and closure history",candidate-explicit
EJOB-F24.11-PROFESSIONAL,Security Investigator,,"Legal, Risk, Assets, HSE & Resilience — F24",JP-F24.11-PROFESSIONAL,reconciled-employment-profile,WP-W9-F24.11-PROFESSIONAL-004,Security Investigation Outcome / Decision,DECISION / APPROVAL,F24.11.A04,NATIVE,Operate,Continuity Plan|BIA|Crisis|Emergency|Recovery|Physical Security|Visitor|Travel,F24,Physical / Travel Security [AGG-23-PHYSICAL-SECURITY-INCIDENT],Decision Workspace|Approval Panel,critical services/dependencies|site/people context|incident/crisis signals|recovery capabilities|security/travel data,business recovery|emergency services|IT DR|communications|security investigations,"Decision, approver/authority, rationale, conditions, date and affected objects",candidate-explicit
EJOB-F22.11-PROFESSIONAL,Space Planning Manager,,"Legal, Risk, Assets, HSE & Resilience — F22",JP-F22.11-PROFESSIONAL,reconciled-employment-profile,WP-W9-F22.11-PROFESSIONAL-001,Space Allocation Plan,PLAN / STRATEGY,F22.11.A01,NATIVE,Operate,Asset|Property|Project|Work Order|Space|Lease|Utility,F22,Space / Workplace Use [AGG-17-WORKPLACE],Object Workspace|Structure Browser|Enterprise Grid,asset/property needs|capital plan|project/maintenance data|contracts/leases|utility consumption,operations/maintenance|finance/capitalisation|project delivery|lease/accounting|asset lifecycle,"Versioned plan/strategy with assumptions, ownership, review, approval and effective-date provenance",candidate-explicit
EJOB-F22.11-PROFESSIONAL,Space Planning Manager,,"Legal, Risk, Assets, HSE & Resilience — F22",JP-F22.11-PROFESSIONAL,reconciled-employment-profile,WP-W9-F22.11-PROFESSIONAL-002,Occupancy Register / Snapshot,REGISTER / SCHEDULE,F22.11.A02,NATIVE,Operate,Asset|Property|Project|Work Order|Space|Lease|Utility,F22,Space / Workplace Use [AGG-17-WORKPLACE],Enterprise Grid|Collection View,asset/property needs|capital plan|project/maintenance data|contracts/leases|utility consumption,operations/maintenance|finance/capitalisation|project delivery|lease/accounting|asset lifecycle,"Governed entries with owner, status, dates, source references and immutable change history",candidate-explicit
EJOB-F22.11-PROFESSIONAL,Space Planning Manager,,"Legal, Risk, Assets, HSE & Resilience — F22",JP-F22.11-PROFESSIONAL,reconciled-employment-profile,WP-W9-F22.11-PROFESSIONAL-003,Moves / Adds / Changes Record,CHANGE,F22.11.A03,NATIVE,Operate,Asset|Property|Project|Work Order|Space|Lease|Utility,F22,Space / Workplace Use [AGG-17-WORKPLACE],Change Workspace|Impact Assessment,asset/property needs|capital plan|project/maintenance data|contracts/leases|utility consumption,operations/maintenance|finance/capitalisation|project delivery|lease/accounting|asset lifecycle,"Baseline, impact assessment, authority decision, implementation and verification evidence",candidate-explicit
EJOB-F23.11-PROFESSIONAL,Sustainability Manager,,"Legal, Risk, Assets, HSE & Resilience — F23",JP-F23.11-PROFESSIONAL,reconciled-employment-profile,WP-W9-F23.11-PROFESSIONAL-001,Sustainability / ESG Strategy,PLAN / STRATEGY,F23.11.A01,NATIVE,Operate,Hazard|Inspection|Incident|Permit|Environmental Aspect|Carbon|Energy|ESG,F23,Carbon / Sustainability Performance [AGG-20-CARBON],Object Workspace|Structure Browser|Enterprise Grid,HSE policy|work/activity context|monitoring/test data|supplier/environmental evidence|sustainability commitments,work controls|supplier/procurement|regulatory returns|operations|ESG disclosure,"Versioned plan/strategy with assumptions, ownership, review, approval and effective-date provenance",candidate-explicit
EJOB-F23.11-PROFESSIONAL,Sustainability Manager,,"Legal, Risk, Assets, HSE & Resilience — F23",JP-F23.11-PROFESSIONAL,reconciled-employment-profile,WP-W9-F23.11-PROFESSIONAL-002,Sustainability Initiative Portfolio,REGISTER / SCHEDULE,F23.11.A02,NATIVE,Operate,Hazard|Inspection|Incident|Permit|Environmental Aspect|Carbon|Energy|ESG,F23,Carbon / Sustainability Performance [AGG-20-CARBON],Enterprise Grid|Collection View,HSE policy|work/activity context|monitoring/test data|supplier/environmental evidence|sustainability commitments,work controls|supplier/procurement|regulatory returns|operations|ESG disclosure,"Governed entries with owner, status, dates, source references and immutable change history",candidate-explicit
EJOB-F23.11-PROFESSIONAL,Sustainability Manager,,"Legal, Risk, Assets, HSE & Resilience — F23",JP-F23.11-PROFESSIONAL,reconciled-employment-profile,WP-W9-F23.11-PROFESSIONAL-003,Sustainability Commitment Register,REGISTER / SCHEDULE,F23.11.A03,NATIVE,Operate,Hazard|Inspection|Incident|Permit|Environmental Aspect|Carbon|Energy|ESG,F23,Carbon / Sustainability Performance [AGG-20-CARBON],Enterprise Grid|Collection View,HSE policy|work/activity context|monitoring/test data|supplier/environmental evidence|sustainability commitments,work controls|supplier/procurement|regulatory returns|operations|ESG disclosure,"Governed entries with owner, status, dates, source references and immutable change history",candidate-explicit
EJOB-F23.13-PROFESSIONAL,Sustainable Procurement Specialist,,"Legal, Risk, Assets, HSE & Resilience — F23",JP-F23.13-PROFESSIONAL,reconciled-employment-profile,WP-W9-F23.13-PROFESSIONAL-001,Responsible Procurement Requirement,CONTROLLED INFORMATION,F23.13.A01,NATIVE,Operate,Hazard|Inspection|Incident|Permit|Environmental Aspect|Carbon|Energy|ESG,F23,Responsible Procurement [AGG-20-RESPONSIBLE-PROCUREMENT],Controlled Document Editor|Object Workspace,HSE policy|work/activity context|monitoring/test data|supplier/environmental evidence|sustainability commitments,work controls|supplier/procurement|regulatory returns|operations|ESG disclosure,"Controlled revision with author, reviewer, approver, issue/effective date and supersession provenance",candidate-explicit
EJOB-F23.13-PROFESSIONAL,Sustainable Procurement Specialist,,"Legal, Risk, Assets, HSE & Resilience — F23",JP-F23.13-PROFESSIONAL,reconciled-employment-profile,WP-W9-F23.13-PROFESSIONAL-002,Supplier ESG Assessment,CASE / ASSESSMENT,F23.13.A02,NATIVE,Operate,Hazard|Inspection|Incident|Permit|Environmental Aspect|Carbon|Energy|ESG,F23,Responsible Procurement [AGG-20-RESPONSIBLE-PROCUREMENT],Case Workspace|Assessment Form|Evidence Panel,HSE policy|work/activity context|monitoring/test data|supplier/environmental evidence|sustainability commitments,work controls|supplier/procurement|regulatory returns|operations|ESG disclosure,"Evidence set, assessment rationale, findings, decisions/actions and closure history",candidate-explicit
EJOB-F23.13-PROFESSIONAL,Sustainable Procurement Specialist,,"Legal, Risk, Assets, HSE & Resilience — F23",JP-F23.13-PROFESSIONAL,reconciled-employment-profile,WP-W9-F23.13-PROFESSIONAL-003,Supplier ESG Remediation Plan,CHANGE,F23.13.A03,NATIVE,Operate,Hazard|Inspection|Incident|Permit|Environmental Aspect|Carbon|Energy|ESG,F23,Responsible Procurement [AGG-20-RESPONSIBLE-PROCUREMENT],Change Workspace|Impact Assessment,HSE policy|work/activity context|monitoring/test data|supplier/environmental evidence|sustainability commitments,work controls|supplier/procurement|regulatory returns|operations|ESG disclosure,"Baseline, impact assessment, authority decision, implementation and verification evidence",candidate-explicit
EJOB-F24.12-PROFESSIONAL,Travel Security Specialist,,"Legal, Risk, Assets, HSE & Resilience — F24",JP-F24.12-PROFESSIONAL,reconciled-employment-profile,WP-W9-F24.12-PROFESSIONAL-001,Travel Security Risk Assessment,CASE / ASSESSMENT,F24.12.A01,NATIVE,Operate,Continuity Plan|BIA|Crisis|Emergency|Recovery|Physical Security|Visitor|Travel,F24,Physical / Travel Security [AGG-23-PHYSICAL-SECURITY-INCIDENT],Case Workspace|Assessment Form|Evidence Panel,critical services/dependencies|site/people context|incident/crisis signals|recovery capabilities|security/travel data,business recovery|emergency services|IT DR|communications|security investigations,"Evidence set, assessment rationale, findings, decisions/actions and closure history",candidate-explicit
EJOB-F24.12-PROFESSIONAL,Travel Security Specialist,,"Legal, Risk, Assets, HSE & Resilience — F24",JP-F24.12-PROFESSIONAL,reconciled-employment-profile,WP-W9-F24.12-PROFESSIONAL-002,Traveller Risk Advisory,CONTROLLED INFORMATION,F24.12.A02,NATIVE,Operate,Continuity Plan|BIA|Crisis|Emergency|Recovery|Physical Security|Visitor|Travel,F24,Physical / Travel Security [AGG-23-PHYSICAL-SECURITY-INCIDENT],Controlled Document Editor|Object Workspace,critical services/dependencies|site/people context|incident/crisis signals|recovery capabilities|security/travel data,business recovery|emergency services|IT DR|communications|security investigations,"Controlled revision with author, reviewer, approver, issue/effective date and supersession provenance",candidate-explicit
EJOB-F24.12-PROFESSIONAL,Travel Security Specialist,,"Legal, Risk, Assets, HSE & Resilience — F24",JP-F24.12-PROFESSIONAL,reconciled-employment-profile,WP-W9-F24.12-PROFESSIONAL-003,Traveller Tracking / Itinerary Register,REGISTER / SCHEDULE,F24.12.A03,NATIVE,Operate,Continuity Plan|BIA|Crisis|Emergency|Recovery|Physical Security|Visitor|Travel,F24,Physical / Travel Security [AGG-23-PHYSICAL-SECURITY-INCIDENT],Enterprise Grid|Collection View,critical services/dependencies|site/people context|incident/crisis signals|recovery capabilities|security/travel data,business recovery|emergency services|IT DR|communications|security investigations,"Governed entries with owner, status, dates, source references and immutable change history",candidate-explicit
EJOB-F24.12-PROFESSIONAL,Travel Security Specialist,,"Legal, Risk, Assets, HSE & Resilience — F24",JP-F24.12-PROFESSIONAL,reconciled-employment-profile,WP-W9-F24.12-PROFESSIONAL-004,Travel Security Incident / Assistance Record,CASE / ASSESSMENT,F24.12.A04,NATIVE,Operate,Continuity Plan|BIA|Crisis|Emergency|Recovery|Physical Security|Visitor|Travel,F24,Physical / Travel Security [AGG-23-PHYSICAL-SECURITY-INCIDENT],Case Workspace|Assessment Form|Evidence Panel,critical services/dependencies|site/people context|incident/crisis signals|recovery capabilities|security/travel data,business recovery|emergency services|IT DR|communications|security investigations,"Evidence set, assessment rationale, findings, decisions/actions and closure history",candidate-explicit
EJOB-F22.13-PROFESSIONAL,Utilities Manager,,"Legal, Risk, Assets, HSE & Resilience — F22",JP-F22.13-PROFESSIONAL,reconciled-employment-profile,WP-W9-F22.13-PROFESSIONAL-001,Utility Consumption Dashboard,REPORT / SNAPSHOT,F22.13.A01,NATIVE,Operate,Asset|Property|Project|Work Order|Space|Lease|Utility,F22,Utility Account / Consumption [AGG-17-UTILITY-ACCOUNT],Report Builder|Snapshot View,asset/property needs|capital plan|project/maintenance data|contracts/leases|utility consumption,operations/maintenance|finance/capitalisation|project delivery|lease/accounting|asset lifecycle,"Point-in-time/as-of snapshot with source data, calculation/filter and publication provenance",candidate-explicit
EJOB-F22.13-PROFESSIONAL,Utilities Manager,,"Legal, Risk, Assets, HSE & Resilience — F22",JP-F22.13-PROFESSIONAL,reconciled-employment-profile,WP-W9-F22.13-PROFESSIONAL-002,Utility Contract / Tariff Record,TRANSACTION / COMMITMENT,F22.13.A02,NATIVE,Operate,Asset|Property|Project|Work Order|Space|Lease|Utility,F22,Utility Account / Consumption [AGG-17-UTILITY-ACCOUNT],Transaction Workspace|Approval Panel,asset/property needs|capital plan|project/maintenance data|contracts/leases|utility consumption,operations/maintenance|finance/capitalisation|project delivery|lease/accounting|asset lifecycle,"Counterparty/terms/authority with immutable issue, execution, amendment and completion history",candidate-explicit
EJOB-F22.13-PROFESSIONAL,Utilities Manager,,"Legal, Risk, Assets, HSE & Resilience — F22",JP-F22.13-PROFESSIONAL,reconciled-employment-profile,WP-W9-F22.13-PROFESSIONAL-003,Utility Optimisation Plan,PLAN / STRATEGY,F22.13.A03,NATIVE,Operate,Asset|Property|Project|Work Order|Space|Lease|Utility,F22,Utility Account / Consumption [AGG-17-UTILITY-ACCOUNT],Object Workspace|Structure Browser|Enterprise Grid,asset/property needs|capital plan|project/maintenance data|contracts/leases|utility consumption,operations/maintenance|finance/capitalisation|project delivery|lease/accounting|asset lifecycle,"Versioned plan/strategy with assumptions, ownership, review, approval and effective-date provenance",candidate-explicit
EJOB-F24.10-PROFESSIONAL,Visitor Management Coordinator,,"Legal, Risk, Assets, HSE & Resilience — F24",JP-F24.10-PROFESSIONAL,reconciled-employment-profile,WP-W9-F24.10-PROFESSIONAL-001,Visitor Registration,EXECUTION RECORD,F24.10.A01,NATIVE,Operate,Continuity Plan|BIA|Crisis|Emergency|Recovery|Physical Security|Visitor|Travel,F24,Physical / Travel Security [AGG-23-PHYSICAL-SECURITY-INCIDENT],Execution Record|Evidence Panel,critical services/dependencies|site/people context|incident/crisis signals|recovery capabilities|security/travel data,business recovery|emergency services|IT DR|communications|security investigations,Attributable who/what/when/result record with source context and evidence,candidate-explicit
EJOB-F24.10-PROFESSIONAL,Visitor Management Coordinator,,"Legal, Risk, Assets, HSE & Resilience — F24",JP-F24.10-PROFESSIONAL,reconciled-employment-profile,WP-W9-F24.10-PROFESSIONAL-002,Visitor Identity Verification,CASE / ASSESSMENT,F24.10.A02,NATIVE,Operate,Continuity Plan|BIA|Crisis|Emergency|Recovery|Physical Security|Visitor|Travel,F24,Physical / Travel Security [AGG-23-PHYSICAL-SECURITY-INCIDENT],Case Workspace|Assessment Form|Evidence Panel,critical services/dependencies|site/people context|incident/crisis signals|recovery capabilities|security/travel data,business recovery|emergency services|IT DR|communications|security investigations,"Evidence set, assessment rationale, findings, decisions/actions and closure history",candidate-explicit
EJOB-F24.10-PROFESSIONAL,Visitor Management Coordinator,,"Legal, Risk, Assets, HSE & Resilience — F24",JP-F24.10-PROFESSIONAL,reconciled-employment-profile,WP-W9-F24.10-PROFESSIONAL-003,Visitor Access Approval,DECISION / APPROVAL,F24.10.A03,NATIVE,Operate,Continuity Plan|BIA|Crisis|Emergency|Recovery|Physical Security|Visitor|Travel,F24,Physical / Travel Security [AGG-23-PHYSICAL-SECURITY-INCIDENT],Decision Workspace|Approval Panel,critical services/dependencies|site/people context|incident/crisis signals|recovery capabilities|security/travel data,business recovery|emergency services|IT DR|communications|security investigations,"Decision, approver/authority, rationale, conditions, date and affected objects",candidate-explicit
EJOB-F24.10-PROFESSIONAL,Visitor Management Coordinator,,"Legal, Risk, Assets, HSE & Resilience — F24",JP-F24.10-PROFESSIONAL,reconciled-employment-profile,WP-W9-F24.10-PROFESSIONAL-004,Visitor Pass Issue / Recovery Record,EXECUTION RECORD,F24.10.A04,NATIVE,Operate,Continuity Plan|BIA|Crisis|Emergency|Recovery|Physical Security|Visitor|Travel,F24,Physical / Travel Security [AGG-23-PHYSICAL-SECURITY-INCIDENT],Execution Record|Evidence Panel,critical services/dependencies|site/people context|incident/crisis signals|recovery capabilities|security/travel data,business recovery|emergency services|IT DR|communications|security investigations,Attributable who/what/when/result record with source context and evidence,candidate-explicit
EJOB-F23.08-PROFESSIONAL,Waste Management Specialist,,"Legal, Risk, Assets, HSE & Resilience — F23",JP-F23.08-PROFESSIONAL,reconciled-employment-profile,WP-W9-F23.08-PROFESSIONAL-001,Waste Classification Record,CONTROLLED INFORMATION,F23.08.A01,NATIVE,Operate,Hazard|Inspection|Incident|Permit|Environmental Aspect|Carbon|Energy|ESG,F23,Waste / Resource Evidence [AGG-20-WASTE-CONSIGNMENT],Controlled Document Editor|Object Workspace,HSE policy|work/activity context|monitoring/test data|supplier/environmental evidence|sustainability commitments,work controls|supplier/procurement|regulatory returns|operations|ESG disclosure,"Controlled revision with author, reviewer, approver, issue/effective date and supersession provenance",candidate-explicit
EJOB-F23.08-PROFESSIONAL,Waste Management Specialist,,"Legal, Risk, Assets, HSE & Resilience — F23",JP-F23.08-PROFESSIONAL,reconciled-employment-profile,WP-W9-F23.08-PROFESSIONAL-002,Waste Storage / Movement Record,EXECUTION RECORD,F23.08.A02|F23.08.A03,NATIVE,Operate,Hazard|Inspection|Incident|Permit|Environmental Aspect|Carbon|Energy|ESG,F23,Waste / Resource Evidence [AGG-20-WASTE-CONSIGNMENT],Execution Record|Evidence Panel,HSE policy|work/activity context|monitoring/test data|supplier/environmental evidence|sustainability commitments,work controls|supplier/procurement|regulatory returns|operations|ESG disclosure,Attributable who/what/when/result record with source context and evidence,candidate-explicit
EJOB-F23.08-PROFESSIONAL,Waste Management Specialist,,"Legal, Risk, Assets, HSE & Resilience — F23",JP-F23.08-PROFESSIONAL,reconciled-employment-profile,WP-W9-F23.08-PROFESSIONAL-003,Waste Recovery / Recycling Record,EXECUTION RECORD,F23.08.A04,NATIVE,Operate,Hazard|Inspection|Incident|Permit|Environmental Aspect|Carbon|Energy|ESG,F23,Waste / Resource Evidence [AGG-20-WASTE-CONSIGNMENT],Execution Record|Evidence Panel,HSE policy|work/activity context|monitoring/test data|supplier/environmental evidence|sustainability commitments,work controls|supplier/procurement|regulatory returns|operations|ESG disclosure,Attributable who/what/when/result record with source context and evidence,candidate-explicit
EJOB-F23.08-PROFESSIONAL,Waste Management Specialist,,"Legal, Risk, Assets, HSE & Resilience — F23",JP-F23.08-PROFESSIONAL,reconciled-employment-profile,WP-W9-F23.08-PROFESSIONAL-004,Waste Disposal / Consignment Record,CERTIFICATE / FORMAL ATTESTATION,F23.08.A05|F23.08.A06,NATIVE,Operate,Hazard|Inspection|Incident|Permit|Environmental Aspect|Carbon|Energy|ESG,F23,Waste / Resource Evidence [AGG-20-WASTE-CONSIGNMENT],Attestation Workspace|Evidence Panel,HSE policy|work/activity context|monitoring/test data|supplier/environmental evidence|sustainability commitments,work controls|supplier/procurement|regulatory returns|operations|ESG disclosure,"Formal attestation with issuer, authority, scope, date, evidence and validity",candidate-explicit
