mapping_id,job_profile_id,canonical_name,delivery_domain_id,participating_function_codes_candidate,market_tool_category,vendor,tool_product,specialist_capabilities,primary_structured_records,lifecycle_stages,source_url,verification_status,verified_date,nublox_native_requirement
CBE-JTM-0001,CBE-JP-001,Acoustics consultant,D02,F05;F13;F19;F23;F26;F27,Engineering analysis / design / technical information,SoundPLAN,SoundPLANnoise,Acoustic surveys; noise and vibration assessment; modelling; design recommendations; compliance evidence,Survey reports; models; recommendations; specifications,Feasibility; Design; Verification,https://www.soundplan.eu/en/software,WEB_ANCHOR_VERIFIED,2026-09-21,"Provide native job workspace for Acoustic surveys; noise and vibration assessment; modelling; design recommendations; compliance evidence; create/control Survey reports; models; recommendations; specifications as structured governed records; support assignment, revision/status, review/approval, evidence, audit and cross-functional handoff; provide specialist calculations/authoring or governed format interoperability where professional tooling requires it."
CBE-JTM-0002,CBE-JP-001,Acoustics consultant,D02,F05;F13;F19;F23;F26;F27,Engineering analysis / design / technical information,DataKustik,DataKustik CadnaA,Acoustic surveys; noise and vibration assessment; modelling; design recommendations; compliance evidence,Survey reports; models; recommendations; specifications,Feasibility; Design; Verification,,DISCOVERY_SEED_REQUIRES_MODULE_VERIFICATION,2026-09-21,"Provide native job workspace for Acoustic surveys; noise and vibration assessment; modelling; design recommendations; compliance evidence; create/control Survey reports; models; recommendations; specifications as structured governed records; support assignment, revision/status, review/approval, evidence, audit and cross-functional handoff; provide specialist calculations/authoring or governed format interoperability where professional tooling requires it."
CBE-JTM-0003,CBE-JP-001,Acoustics consultant,D02,F05;F13;F19;F23;F26;F27,Engineering analysis / design / technical information,ODEON A/S,ODEON Room Acoustics Software,Acoustic surveys; noise and vibration assessment; modelling; design recommendations; compliance evidence,Survey reports; models; recommendations; specifications,Feasibility; Design; Verification,,DISCOVERY_SEED_REQUIRES_MODULE_VERIFICATION,2026-09-21,"Provide native job workspace for Acoustic surveys; noise and vibration assessment; modelling; design recommendations; compliance evidence; create/control Survey reports; models; recommendations; specifications as structured governed records; support assignment, revision/status, review/approval, evidence, audit and cross-functional handoff; provide specialist calculations/authoring or governed format interoperability where professional tooling requires it."
CBE-JTM-0004,CBE-JP-001,Acoustics consultant,D02,F05;F13;F19;F23;F26;F27,Engineering analysis / design / technical information,Marshall Day Acoustics,Marshall Day Acoustics INSUL,Acoustic surveys; noise and vibration assessment; modelling; design recommendations; compliance evidence,Survey reports; models; recommendations; specifications,Feasibility; Design; Verification,,DISCOVERY_SEED_REQUIRES_MODULE_VERIFICATION,2026-09-21,"Provide native job workspace for Acoustic surveys; noise and vibration assessment; modelling; design recommendations; compliance evidence; create/control Survey reports; models; recommendations; specifications as structured governed records; support assignment, revision/status, review/approval, evidence, audit and cross-functional handoff; provide specialist calculations/authoring or governed format interoperability where professional tooling requires it."
CBE-JTM-0005,CBE-JP-001,Acoustics consultant,D02,F05;F13;F19;F23;F26;F27,Engineering analysis / design / technical information,Autodesk,Autodesk Revit,Acoustic surveys; noise and vibration assessment; modelling; design recommendations; compliance evidence,Survey reports; models; recommendations; specifications,Feasibility; Design; Verification,https://www.autodesk.com/products/revit/overview,WEB_ANCHOR_VERIFIED,2026-09-21,"Provide native job workspace for Acoustic surveys; noise and vibration assessment; modelling; design recommendations; compliance evidence; create/control Survey reports; models; recommendations; specifications as structured governed records; support assignment, revision/status, review/approval, evidence, audit and cross-functional handoff; provide specialist calculations/authoring or governed format interoperability where professional tooling requires it."
CBE-JTM-0006,CBE-JP-001,Acoustics consultant,D02,F05;F13;F19;F23;F26;F27,Engineering analysis / design / technical information,Bluebeam,Bluebeam Revu,Acoustic surveys; noise and vibration assessment; modelling; design recommendations; compliance evidence,Survey reports; models; recommendations; specifications,Feasibility; Design; Verification,https://www.bluebeam.com/revu/,WEB_ANCHOR_VERIFIED,2026-09-21,"Provide native job workspace for Acoustic surveys; noise and vibration assessment; modelling; design recommendations; compliance evidence; create/control Survey reports; models; recommendations; specifications as structured governed records; support assignment, revision/status, review/approval, evidence, audit and cross-functional handoff; provide specialist calculations/authoring or governed format interoperability where professional tooling requires it."
CBE-JTM-0007,CBE-JP-002,Agricultural contractor,D16,F09;F10;F11;F12;F13;F22;F23;F26;F27,Agricultural field operations / plant / service,Trimble,Trimble Agriculture software,Job planning; field operations; plant allocation; labour; materials; service records,Work orders; field logs; plant records; invoices,Planning; Delivery; Maintenance,,DISCOVERY_SEED_REQUIRES_MODULE_VERIFICATION,2026-09-21,"Provide native job workspace for Job planning; field operations; plant allocation; labour; materials; service records; create/control Work orders; field logs; plant records; invoices as structured governed records; support assignment, revision/status, review/approval, evidence, audit and cross-functional handoff; provide specialist calculations/authoring or governed format interoperability where professional tooling requires it."
CBE-JTM-0008,CBE-JP-002,Agricultural contractor,D16,F09;F10;F11;F12;F13;F22;F23;F26;F27,Agricultural field operations / plant / service,John Deere,John Deere Operations Center,Job planning; field operations; plant allocation; labour; materials; service records,Work orders; field logs; plant records; invoices,Planning; Delivery; Maintenance,,DISCOVERY_SEED_REQUIRES_MODULE_VERIFICATION,2026-09-21,"Provide native job workspace for Job planning; field operations; plant allocation; labour; materials; service records; create/control Work orders; field logs; plant records; invoices as structured governed records; support assignment, revision/status, review/approval, evidence, audit and cross-functional handoff; provide specialist calculations/authoring or governed format interoperability where professional tooling requires it."
CBE-JTM-0009,CBE-JP-002,Agricultural contractor,D16,F09;F10;F11;F12;F13;F22;F23;F26;F27,Agricultural field operations / plant / service,BigChange,BigChange,Job planning; field operations; plant allocation; labour; materials; service records,Work orders; field logs; plant records; invoices,Planning; Delivery; Maintenance,,DISCOVERY_SEED_REQUIRES_MODULE_VERIFICATION,2026-09-21,"Provide native job workspace for Job planning; field operations; plant allocation; labour; materials; service records; create/control Work orders; field logs; plant records; invoices as structured governed records; support assignment, revision/status, review/approval, evidence, audit and cross-functional handoff; provide specialist calculations/authoring or governed format interoperability where professional tooling requires it."
CBE-JTM-0010,CBE-JP-002,Agricultural contractor,D16,F09;F10;F11;F12;F13;F22;F23;F26;F27,Agricultural field operations / plant / service,Samsara,Samsara,Job planning; field operations; plant allocation; labour; materials; service records,Work orders; field logs; plant records; invoices,Planning; Delivery; Maintenance,,DISCOVERY_SEED_REQUIRES_MODULE_VERIFICATION,2026-09-21,"Provide native job workspace for Job planning; field operations; plant allocation; labour; materials; service records; create/control Work orders; field logs; plant records; invoices as structured governed records; support assignment, revision/status, review/approval, evidence, audit and cross-functional handoff; provide specialist calculations/authoring or governed format interoperability where professional tooling requires it."
CBE-JTM-0011,CBE-JP-002,Agricultural contractor,D16,F09;F10;F11;F12;F13;F22;F23;F26;F27,Agricultural field operations / plant / service,ServiceM8,ServiceM8,Job planning; field operations; plant allocation; labour; materials; service records,Work orders; field logs; plant records; invoices,Planning; Delivery; Maintenance,,DISCOVERY_SEED_REQUIRES_MODULE_VERIFICATION,2026-09-21,"Provide native job workspace for Job planning; field operations; plant allocation; labour; materials; service records; create/control Work orders; field logs; plant records; invoices as structured governed records; support assignment, revision/status, review/approval, evidence, audit and cross-functional handoff; provide specialist calculations/authoring or governed format interoperability where professional tooling requires it."
CBE-JTM-0012,CBE-JP-002,Agricultural contractor,D16,F09;F10;F11;F12;F13;F22;F23;F26;F27,Agricultural field operations / plant / service,SafetyCulture,SafetyCulture,Job planning; field operations; plant allocation; labour; materials; service records,Work orders; field logs; plant records; invoices,Planning; Delivery; Maintenance,,DISCOVERY_SEED_REQUIRES_MODULE_VERIFICATION,2026-09-21,"Provide native job workspace for Job planning; field operations; plant allocation; labour; materials; service records; create/control Work orders; field logs; plant records; invoices as structured governed records; support assignment, revision/status, review/approval, evidence, audit and cross-functional handoff; provide specialist calculations/authoring or governed format interoperability where professional tooling requires it."
CBE-JTM-0013,CBE-JP-003,Architect,D01,F05;F13;F19;F23;F26;F27,Design authoring / BIM / technical information,Autodesk,Autodesk Revit,Briefing; design stages; drawings; specifications; coordination; planning; approvals; site reviews,Drawings; models; specifications; design decisions; inspection records,Brief; Design; Construction; Handover,https://www.autodesk.com/products/revit/overview,WEB_ANCHOR_VERIFIED,2026-09-21,"Provide native job workspace for Briefing; design stages; drawings; specifications; coordination; planning; approvals; site reviews; create/control Drawings; models; specifications; design decisions; inspection records as structured governed records; support assignment, revision/status, review/approval, evidence, audit and cross-functional handoff; provide specialist calculations/authoring or governed format interoperability where professional tooling requires it."
CBE-JTM-0014,CBE-JP-003,Architect,D01,F05;F13;F19;F23;F26;F27,Design authoring / BIM / technical information,Graphisoft,Graphisoft Archicad,Briefing; design stages; drawings; specifications; coordination; planning; approvals; site reviews,Drawings; models; specifications; design decisions; inspection records,Brief; Design; Construction; Handover,,DISCOVERY_SEED_REQUIRES_MODULE_VERIFICATION,2026-09-21,"Provide native job workspace for Briefing; design stages; drawings; specifications; coordination; planning; approvals; site reviews; create/control Drawings; models; specifications; design decisions; inspection records as structured governed records; support assignment, revision/status, review/approval, evidence, audit and cross-functional handoff; provide specialist calculations/authoring or governed format interoperability where professional tooling requires it."
CBE-JTM-0015,CBE-JP-003,Architect,D01,F05;F13;F19;F23;F26;F27,Design authoring / BIM / technical information,Vectorworks,Vectorworks Architect,Briefing; design stages; drawings; specifications; coordination; planning; approvals; site reviews,Drawings; models; specifications; design decisions; inspection records,Brief; Design; Construction; Handover,,DISCOVERY_SEED_REQUIRES_MODULE_VERIFICATION,2026-09-21,"Provide native job workspace for Briefing; design stages; drawings; specifications; coordination; planning; approvals; site reviews; create/control Drawings; models; specifications; design decisions; inspection records as structured governed records; support assignment, revision/status, review/approval, evidence, audit and cross-functional handoff; provide specialist calculations/authoring or governed format interoperability where professional tooling requires it."
CBE-JTM-0016,CBE-JP-003,Architect,D01,F05;F13;F19;F23;F26;F27,Design authoring / BIM / technical information,ALLPLAN,ALLPLAN,Briefing; design stages; drawings; specifications; coordination; planning; approvals; site reviews,Drawings; models; specifications; design decisions; inspection records,Brief; Design; Construction; Handover,https://www.allplan.com/products/allplan/,WEB_ANCHOR_VERIFIED,2026-09-21,"Provide native job workspace for Briefing; design stages; drawings; specifications; coordination; planning; approvals; site reviews; create/control Drawings; models; specifications; design decisions; inspection records as structured governed records; support assignment, revision/status, review/approval, evidence, audit and cross-functional handoff; provide specialist calculations/authoring or governed format interoperability where professional tooling requires it."
CBE-JTM-0017,CBE-JP-003,Architect,D01,F05;F13;F19;F23;F26;F27,Design authoring / BIM / technical information,Autodesk,AutoCAD,Briefing; design stages; drawings; specifications; coordination; planning; approvals; site reviews,Drawings; models; specifications; design decisions; inspection records,Brief; Design; Construction; Handover,,DISCOVERY_SEED_REQUIRES_MODULE_VERIFICATION,2026-09-21,"Provide native job workspace for Briefing; design stages; drawings; specifications; coordination; planning; approvals; site reviews; create/control Drawings; models; specifications; design decisions; inspection records as structured governed records; support assignment, revision/status, review/approval, evidence, audit and cross-functional handoff; provide specialist calculations/authoring or governed format interoperability where professional tooling requires it."
CBE-JTM-0018,CBE-JP-003,Architect,D01,F05;F13;F19;F23;F26;F27,Design authoring / BIM / technical information,Robert McNeel & Associates,Rhino,Briefing; design stages; drawings; specifications; coordination; planning; approvals; site reviews,Drawings; models; specifications; design decisions; inspection records,Brief; Design; Construction; Handover,,DISCOVERY_SEED_REQUIRES_MODULE_VERIFICATION,2026-09-21,"Provide native job workspace for Briefing; design stages; drawings; specifications; coordination; planning; approvals; site reviews; create/control Drawings; models; specifications; design decisions; inspection records as structured governed records; support assignment, revision/status, review/approval, evidence, audit and cross-functional handoff; provide specialist calculations/authoring or governed format interoperability where professional tooling requires it."
CBE-JTM-0019,CBE-JP-003,Architect,D01,F05;F13;F19;F23;F26;F27,Design authoring / BIM / technical information,Robert McNeel & Associates,Grasshopper,Briefing; design stages; drawings; specifications; coordination; planning; approvals; site reviews,Drawings; models; specifications; design decisions; inspection records,Brief; Design; Construction; Handover,,DISCOVERY_SEED_REQUIRES_MODULE_VERIFICATION,2026-09-21,"Provide native job workspace for Briefing; design stages; drawings; specifications; coordination; planning; approvals; site reviews; create/control Drawings; models; specifications; design decisions; inspection records as structured governed records; support assignment, revision/status, review/approval, evidence, audit and cross-functional handoff; provide specialist calculations/authoring or governed format interoperability where professional tooling requires it."
CBE-JTM-0020,CBE-JP-003,Architect,D01,F05;F13;F19;F23;F26;F27,Design authoring / BIM / technical information,Trimble,SketchUp,Briefing; design stages; drawings; specifications; coordination; planning; approvals; site reviews,Drawings; models; specifications; design decisions; inspection records,Brief; Design; Construction; Handover,,DISCOVERY_SEED_REQUIRES_MODULE_VERIFICATION,2026-09-21,"Provide native job workspace for Briefing; design stages; drawings; specifications; coordination; planning; approvals; site reviews; create/control Drawings; models; specifications; design decisions; inspection records as structured governed records; support assignment, revision/status, review/approval, evidence, audit and cross-functional handoff; provide specialist calculations/authoring or governed format interoperability where professional tooling requires it."
CBE-JTM-0021,CBE-JP-003,Architect,D01,F05;F13;F19;F23;F26;F27,Design authoring / BIM / technical information,Autodesk,Autodesk Navisworks,Briefing; design stages; drawings; specifications; coordination; planning; approvals; site reviews,Drawings; models; specifications; design decisions; inspection records,Brief; Design; Construction; Handover,,DISCOVERY_SEED_REQUIRES_MODULE_VERIFICATION,2026-09-21,"Provide native job workspace for Briefing; design stages; drawings; specifications; coordination; planning; approvals; site reviews; create/control Drawings; models; specifications; design decisions; inspection records as structured governed records; support assignment, revision/status, review/approval, evidence, audit and cross-functional handoff; provide specialist calculations/authoring or governed format interoperability where professional tooling requires it."
CBE-JTM-0022,CBE-JP-003,Architect,D01,F05;F13;F19;F23;F26;F27,Design authoring / BIM / technical information,Solibri,Solibri,Briefing; design stages; drawings; specifications; coordination; planning; approvals; site reviews,Drawings; models; specifications; design decisions; inspection records,Brief; Design; Construction; Handover,,DISCOVERY_SEED_REQUIRES_MODULE_VERIFICATION,2026-09-21,"Provide native job workspace for Briefing; design stages; drawings; specifications; coordination; planning; approvals; site reviews; create/control Drawings; models; specifications; design decisions; inspection records as structured governed records; support assignment, revision/status, review/approval, evidence, audit and cross-functional handoff; provide specialist calculations/authoring or governed format interoperability where professional tooling requires it."
CBE-JTM-0023,CBE-JP-003,Architect,D01,F05;F13;F19;F23;F26;F27,Design authoring / BIM / technical information,Bluebeam,Bluebeam Revu,Briefing; design stages; drawings; specifications; coordination; planning; approvals; site reviews,Drawings; models; specifications; design decisions; inspection records,Brief; Design; Construction; Handover,https://www.bluebeam.com/revu/,WEB_ANCHOR_VERIFIED,2026-09-21,"Provide native job workspace for Briefing; design stages; drawings; specifications; coordination; planning; approvals; site reviews; create/control Drawings; models; specifications; design decisions; inspection records as structured governed records; support assignment, revision/status, review/approval, evidence, audit and cross-functional handoff; provide specialist calculations/authoring or governed format interoperability where professional tooling requires it."
CBE-JTM-0024,CBE-JP-003,Architect,D01,F05;F13;F19;F23;F26;F27,Design authoring / BIM / technical information,Autodesk,Autodesk Docs,Briefing; design stages; drawings; specifications; coordination; planning; approvals; site reviews,Drawings; models; specifications; design decisions; inspection records,Brief; Design; Construction; Handover,,DISCOVERY_SEED_REQUIRES_MODULE_VERIFICATION,2026-09-21,"Provide native job workspace for Briefing; design stages; drawings; specifications; coordination; planning; approvals; site reviews; create/control Drawings; models; specifications; design decisions; inspection records as structured governed records; support assignment, revision/status, review/approval, evidence, audit and cross-functional handoff; provide specialist calculations/authoring or governed format interoperability where professional tooling requires it."
CBE-JTM-0025,CBE-JP-003,Architect,D01,F05;F13;F19;F23;F26;F27,Design authoring / BIM / technical information,Oracle,Oracle Aconex,Briefing; design stages; drawings; specifications; coordination; planning; approvals; site reviews,Drawings; models; specifications; design decisions; inspection records,Brief; Design; Construction; Handover,https://www.oracle.com/construction-engineering/aconex/,WEB_ANCHOR_VERIFIED,2026-09-21,"Provide native job workspace for Briefing; design stages; drawings; specifications; coordination; planning; approvals; site reviews; create/control Drawings; models; specifications; design decisions; inspection records as structured governed records; support assignment, revision/status, review/approval, evidence, audit and cross-functional handoff; provide specialist calculations/authoring or governed format interoperability where professional tooling requires it."
CBE-JTM-0026,CBE-JP-003,Architect,D01,F05;F13;F19;F23;F26;F27,Design authoring / BIM / technical information,NBS,NBS Chorus,Briefing; design stages; drawings; specifications; coordination; planning; approvals; site reviews,Drawings; models; specifications; design decisions; inspection records,Brief; Design; Construction; Handover,,DISCOVERY_SEED_REQUIRES_MODULE_VERIFICATION,2026-09-21,"Provide native job workspace for Briefing; design stages; drawings; specifications; coordination; planning; approvals; site reviews; create/control Drawings; models; specifications; design decisions; inspection records as structured governed records; support assignment, revision/status, review/approval, evidence, audit and cross-functional handoff; provide specialist calculations/authoring or governed format interoperability where professional tooling requires it."
CBE-JTM-0027,CBE-JP-004,Architectural technician,D01,F05;F13;F19;F23;F26;F27,Design authoring / BIM / technical information,Autodesk,Autodesk Revit,Technical drawings; detailing; schedules; coordination; document production,Drawings; details; schedules; issue sheets,Design; Construction,https://www.autodesk.com/products/revit/overview,WEB_ANCHOR_VERIFIED,2026-09-21,"Provide native job workspace for Technical drawings; detailing; schedules; coordination; document production; create/control Drawings; details; schedules; issue sheets as structured governed records; support assignment, revision/status, review/approval, evidence, audit and cross-functional handoff; provide specialist calculations/authoring or governed format interoperability where professional tooling requires it."
CBE-JTM-0028,CBE-JP-004,Architectural technician,D01,F05;F13;F19;F23;F26;F27,Design authoring / BIM / technical information,Graphisoft,Graphisoft Archicad,Technical drawings; detailing; schedules; coordination; document production,Drawings; details; schedules; issue sheets,Design; Construction,,DISCOVERY_SEED_REQUIRES_MODULE_VERIFICATION,2026-09-21,"Provide native job workspace for Technical drawings; detailing; schedules; coordination; document production; create/control Drawings; details; schedules; issue sheets as structured governed records; support assignment, revision/status, review/approval, evidence, audit and cross-functional handoff; provide specialist calculations/authoring or governed format interoperability where professional tooling requires it."
CBE-JTM-0029,CBE-JP-004,Architectural technician,D01,F05;F13;F19;F23;F26;F27,Design authoring / BIM / technical information,Vectorworks,Vectorworks Architect,Technical drawings; detailing; schedules; coordination; document production,Drawings; details; schedules; issue sheets,Design; Construction,,DISCOVERY_SEED_REQUIRES_MODULE_VERIFICATION,2026-09-21,"Provide native job workspace for Technical drawings; detailing; schedules; coordination; document production; create/control Drawings; details; schedules; issue sheets as structured governed records; support assignment, revision/status, review/approval, evidence, audit and cross-functional handoff; provide specialist calculations/authoring or governed format interoperability where professional tooling requires it."
CBE-JTM-0030,CBE-JP-004,Architectural technician,D01,F05;F13;F19;F23;F26;F27,Design authoring / BIM / technical information,ALLPLAN,ALLPLAN,Technical drawings; detailing; schedules; coordination; document production,Drawings; details; schedules; issue sheets,Design; Construction,https://www.allplan.com/products/allplan/,WEB_ANCHOR_VERIFIED,2026-09-21,"Provide native job workspace for Technical drawings; detailing; schedules; coordination; document production; create/control Drawings; details; schedules; issue sheets as structured governed records; support assignment, revision/status, review/approval, evidence, audit and cross-functional handoff; provide specialist calculations/authoring or governed format interoperability where professional tooling requires it."
CBE-JTM-0031,CBE-JP-004,Architectural technician,D01,F05;F13;F19;F23;F26;F27,Design authoring / BIM / technical information,Autodesk,AutoCAD,Technical drawings; detailing; schedules; coordination; document production,Drawings; details; schedules; issue sheets,Design; Construction,,DISCOVERY_SEED_REQUIRES_MODULE_VERIFICATION,2026-09-21,"Provide native job workspace for Technical drawings; detailing; schedules; coordination; document production; create/control Drawings; details; schedules; issue sheets as structured governed records; support assignment, revision/status, review/approval, evidence, audit and cross-functional handoff; provide specialist calculations/authoring or governed format interoperability where professional tooling requires it."
CBE-JTM-0032,CBE-JP-004,Architectural technician,D01,F05;F13;F19;F23;F26;F27,Design authoring / BIM / technical information,Autodesk,Autodesk Navisworks,Technical drawings; detailing; schedules; coordination; document production,Drawings; details; schedules; issue sheets,Design; Construction,,DISCOVERY_SEED_REQUIRES_MODULE_VERIFICATION,2026-09-21,"Provide native job workspace for Technical drawings; detailing; schedules; coordination; document production; create/control Drawings; details; schedules; issue sheets as structured governed records; support assignment, revision/status, review/approval, evidence, audit and cross-functional handoff; provide specialist calculations/authoring or governed format interoperability where professional tooling requires it."
CBE-JTM-0033,CBE-JP-004,Architectural technician,D01,F05;F13;F19;F23;F26;F27,Design authoring / BIM / technical information,Solibri,Solibri,Technical drawings; detailing; schedules; coordination; document production,Drawings; details; schedules; issue sheets,Design; Construction,,DISCOVERY_SEED_REQUIRES_MODULE_VERIFICATION,2026-09-21,"Provide native job workspace for Technical drawings; detailing; schedules; coordination; document production; create/control Drawings; details; schedules; issue sheets as structured governed records; support assignment, revision/status, review/approval, evidence, audit and cross-functional handoff; provide specialist calculations/authoring or governed format interoperability where professional tooling requires it."
CBE-JTM-0034,CBE-JP-004,Architectural technician,D01,F05;F13;F19;F23;F26;F27,Design authoring / BIM / technical information,Bluebeam,Bluebeam Revu,Technical drawings; detailing; schedules; coordination; document production,Drawings; details; schedules; issue sheets,Design; Construction,https://www.bluebeam.com/revu/,WEB_ANCHOR_VERIFIED,2026-09-21,"Provide native job workspace for Technical drawings; detailing; schedules; coordination; document production; create/control Drawings; details; schedules; issue sheets as structured governed records; support assignment, revision/status, review/approval, evidence, audit and cross-functional handoff; provide specialist calculations/authoring or governed format interoperability where professional tooling requires it."
CBE-JTM-0035,CBE-JP-004,Architectural technician,D01,F05;F13;F19;F23;F26;F27,Design authoring / BIM / technical information,Autodesk,Autodesk Docs,Technical drawings; detailing; schedules; coordination; document production,Drawings; details; schedules; issue sheets,Design; Construction,,DISCOVERY_SEED_REQUIRES_MODULE_VERIFICATION,2026-09-21,"Provide native job workspace for Technical drawings; detailing; schedules; coordination; document production; create/control Drawings; details; schedules; issue sheets as structured governed records; support assignment, revision/status, review/approval, evidence, audit and cross-functional handoff; provide specialist calculations/authoring or governed format interoperability where professional tooling requires it."
CBE-JTM-0036,CBE-JP-004,Architectural technician,D01,F05;F13;F19;F23;F26;F27,Design authoring / BIM / technical information,NBS,NBS Chorus,Technical drawings; detailing; schedules; coordination; document production,Drawings; details; schedules; issue sheets,Design; Construction,,DISCOVERY_SEED_REQUIRES_MODULE_VERIFICATION,2026-09-21,"Provide native job workspace for Technical drawings; detailing; schedules; coordination; document production; create/control Drawings; details; schedules; issue sheets as structured governed records; support assignment, revision/status, review/approval, evidence, audit and cross-functional handoff; provide specialist calculations/authoring or governed format interoperability where professional tooling requires it."
CBE-JTM-0037,CBE-JP-005,Architectural technologist,D01,F05;F13;F19;F23;F26;F27,Design authoring / BIM / technical information,Autodesk,Autodesk Revit,Technical design management; detailing; compliance; specifications; coordination,Technical designs; specifications; schedules; compliance records,Design; Construction; Handover,https://www.autodesk.com/products/revit/overview,WEB_ANCHOR_VERIFIED,2026-09-21,"Provide native job workspace for Technical design management; detailing; compliance; specifications; coordination; create/control Technical designs; specifications; schedules; compliance records as structured governed records; support assignment, revision/status, review/approval, evidence, audit and cross-functional handoff; provide specialist calculations/authoring or governed format interoperability where professional tooling requires it."
CBE-JTM-0038,CBE-JP-005,Architectural technologist,D01,F05;F13;F19;F23;F26;F27,Design authoring / BIM / technical information,Graphisoft,Graphisoft Archicad,Technical design management; detailing; compliance; specifications; coordination,Technical designs; specifications; schedules; compliance records,Design; Construction; Handover,,DISCOVERY_SEED_REQUIRES_MODULE_VERIFICATION,2026-09-21,"Provide native job workspace for Technical design management; detailing; compliance; specifications; coordination; create/control Technical designs; specifications; schedules; compliance records as structured governed records; support assignment, revision/status, review/approval, evidence, audit and cross-functional handoff; provide specialist calculations/authoring or governed format interoperability where professional tooling requires it."
CBE-JTM-0039,CBE-JP-005,Architectural technologist,D01,F05;F13;F19;F23;F26;F27,Design authoring / BIM / technical information,Vectorworks,Vectorworks Architect,Technical design management; detailing; compliance; specifications; coordination,Technical designs; specifications; schedules; compliance records,Design; Construction; Handover,,DISCOVERY_SEED_REQUIRES_MODULE_VERIFICATION,2026-09-21,"Provide native job workspace for Technical design management; detailing; compliance; specifications; coordination; create/control Technical designs; specifications; schedules; compliance records as structured governed records; support assignment, revision/status, review/approval, evidence, audit and cross-functional handoff; provide specialist calculations/authoring or governed format interoperability where professional tooling requires it."
CBE-JTM-0040,CBE-JP-005,Architectural technologist,D01,F05;F13;F19;F23;F26;F27,Design authoring / BIM / technical information,ALLPLAN,ALLPLAN,Technical design management; detailing; compliance; specifications; coordination,Technical designs; specifications; schedules; compliance records,Design; Construction; Handover,https://www.allplan.com/products/allplan/,WEB_ANCHOR_VERIFIED,2026-09-21,"Provide native job workspace for Technical design management; detailing; compliance; specifications; coordination; create/control Technical designs; specifications; schedules; compliance records as structured governed records; support assignment, revision/status, review/approval, evidence, audit and cross-functional handoff; provide specialist calculations/authoring or governed format interoperability where professional tooling requires it."
CBE-JTM-0041,CBE-JP-005,Architectural technologist,D01,F05;F13;F19;F23;F26;F27,Design authoring / BIM / technical information,Autodesk,AutoCAD,Technical design management; detailing; compliance; specifications; coordination,Technical designs; specifications; schedules; compliance records,Design; Construction; Handover,,DISCOVERY_SEED_REQUIRES_MODULE_VERIFICATION,2026-09-21,"Provide native job workspace for Technical design management; detailing; compliance; specifications; coordination; create/control Technical designs; specifications; schedules; compliance records as structured governed records; support assignment, revision/status, review/approval, evidence, audit and cross-functional handoff; provide specialist calculations/authoring or governed format interoperability where professional tooling requires it."
CBE-JTM-0042,CBE-JP-005,Architectural technologist,D01,F05;F13;F19;F23;F26;F27,Design authoring / BIM / technical information,Autodesk,Autodesk Navisworks,Technical design management; detailing; compliance; specifications; coordination,Technical designs; specifications; schedules; compliance records,Design; Construction; Handover,,DISCOVERY_SEED_REQUIRES_MODULE_VERIFICATION,2026-09-21,"Provide native job workspace for Technical design management; detailing; compliance; specifications; coordination; create/control Technical designs; specifications; schedules; compliance records as structured governed records; support assignment, revision/status, review/approval, evidence, audit and cross-functional handoff; provide specialist calculations/authoring or governed format interoperability where professional tooling requires it."
CBE-JTM-0043,CBE-JP-005,Architectural technologist,D01,F05;F13;F19;F23;F26;F27,Design authoring / BIM / technical information,Solibri,Solibri,Technical design management; detailing; compliance; specifications; coordination,Technical designs; specifications; schedules; compliance records,Design; Construction; Handover,,DISCOVERY_SEED_REQUIRES_MODULE_VERIFICATION,2026-09-21,"Provide native job workspace for Technical design management; detailing; compliance; specifications; coordination; create/control Technical designs; specifications; schedules; compliance records as structured governed records; support assignment, revision/status, review/approval, evidence, audit and cross-functional handoff; provide specialist calculations/authoring or governed format interoperability where professional tooling requires it."
CBE-JTM-0044,CBE-JP-005,Architectural technologist,D01,F05;F13;F19;F23;F26;F27,Design authoring / BIM / technical information,Bluebeam,Bluebeam Revu,Technical design management; detailing; compliance; specifications; coordination,Technical designs; specifications; schedules; compliance records,Design; Construction; Handover,https://www.bluebeam.com/revu/,WEB_ANCHOR_VERIFIED,2026-09-21,"Provide native job workspace for Technical design management; detailing; compliance; specifications; coordination; create/control Technical designs; specifications; schedules; compliance records as structured governed records; support assignment, revision/status, review/approval, evidence, audit and cross-functional handoff; provide specialist calculations/authoring or governed format interoperability where professional tooling requires it."
CBE-JTM-0045,CBE-JP-005,Architectural technologist,D01,F05;F13;F19;F23;F26;F27,Design authoring / BIM / technical information,Autodesk,Autodesk Docs,Technical design management; detailing; compliance; specifications; coordination,Technical designs; specifications; schedules; compliance records,Design; Construction; Handover,,DISCOVERY_SEED_REQUIRES_MODULE_VERIFICATION,2026-09-21,"Provide native job workspace for Technical design management; detailing; compliance; specifications; coordination; create/control Technical designs; specifications; schedules; compliance records as structured governed records; support assignment, revision/status, review/approval, evidence, audit and cross-functional handoff; provide specialist calculations/authoring or governed format interoperability where professional tooling requires it."
CBE-JTM-0046,CBE-JP-005,Architectural technologist,D01,F05;F13;F19;F23;F26;F27,Design authoring / BIM / technical information,Oracle,Oracle Aconex,Technical design management; detailing; compliance; specifications; coordination,Technical designs; specifications; schedules; compliance records,Design; Construction; Handover,https://www.oracle.com/construction-engineering/aconex/,WEB_ANCHOR_VERIFIED,2026-09-21,"Provide native job workspace for Technical design management; detailing; compliance; specifications; coordination; create/control Technical designs; specifications; schedules; compliance records as structured governed records; support assignment, revision/status, review/approval, evidence, audit and cross-functional handoff; provide specialist calculations/authoring or governed format interoperability where professional tooling requires it."
CBE-JTM-0047,CBE-JP-005,Architectural technologist,D01,F05;F13;F19;F23;F26;F27,Design authoring / BIM / technical information,NBS,NBS Chorus,Technical design management; detailing; compliance; specifications; coordination,Technical designs; specifications; schedules; compliance records,Design; Construction; Handover,,DISCOVERY_SEED_REQUIRES_MODULE_VERIFICATION,2026-09-21,"Provide native job workspace for Technical design management; detailing; compliance; specifications; coordination; create/control Technical designs; specifications; schedules; compliance records as structured governed records; support assignment, revision/status, review/approval, evidence, audit and cross-functional handoff; provide specialist calculations/authoring or governed format interoperability where professional tooling requires it."
CBE-JTM-0048,CBE-JP-006,Bricklayer,D07,F09;F10;F12;F13;F23;F26;F27,Trade field execution / estimating / evidence,Procore,Procore,Job planning; setting out; masonry works; materials; progress; quality checks,Work orders; material usage; photos; quality records,Construction,https://www.procore.com/,WEB_ANCHOR_VERIFIED,2026-09-21,"Provide native job workspace for Job planning; setting out; masonry works; materials; progress; quality checks; create/control Work orders; material usage; photos; quality records as structured governed records; support assignment, revision/status, review/approval, evidence, audit and cross-functional handoff; provide specialist calculations/authoring or governed format interoperability where professional tooling requires it."
CBE-JTM-0049,CBE-JP-006,Bricklayer,D07,F09;F10;F12;F13;F23;F26;F27,Trade field execution / estimating / evidence,Autodesk,Autodesk Build,Job planning; setting out; masonry works; materials; progress; quality checks,Work orders; material usage; photos; quality records,Construction,https://construction.autodesk.com/products/autodesk-build/,WEB_ANCHOR_VERIFIED,2026-09-21,"Provide native job workspace for Job planning; setting out; masonry works; materials; progress; quality checks; create/control Work orders; material usage; photos; quality records as structured governed records; support assignment, revision/status, review/approval, evidence, audit and cross-functional handoff; provide specialist calculations/authoring or governed format interoperability where professional tooling requires it."
CBE-JTM-0050,CBE-JP-006,Bricklayer,D07,F09;F10;F12;F13;F23;F26;F27,Trade field execution / estimating / evidence,Dalux,Dalux Field,Job planning; setting out; masonry works; materials; progress; quality checks,Work orders; material usage; photos; quality records,Construction,,DISCOVERY_SEED_REQUIRES_MODULE_VERIFICATION,2026-09-21,"Provide native job workspace for Job planning; setting out; masonry works; materials; progress; quality checks; create/control Work orders; material usage; photos; quality records as structured governed records; support assignment, revision/status, review/approval, evidence, audit and cross-functional handoff; provide specialist calculations/authoring or governed format interoperability where professional tooling requires it."
CBE-JTM-0051,CBE-JP-006,Bricklayer,D07,F09;F10;F12;F13;F23;F26;F27,Trade field execution / estimating / evidence,SafetyCulture,SafetyCulture,Job planning; setting out; masonry works; materials; progress; quality checks,Work orders; material usage; photos; quality records,Construction,,DISCOVERY_SEED_REQUIRES_MODULE_VERIFICATION,2026-09-21,"Provide native job workspace for Job planning; setting out; masonry works; materials; progress; quality checks; create/control Work orders; material usage; photos; quality records as structured governed records; support assignment, revision/status, review/approval, evidence, audit and cross-functional handoff; provide specialist calculations/authoring or governed format interoperability where professional tooling requires it."
CBE-JTM-0052,CBE-JP-006,Bricklayer,D07,F09;F10;F12;F13;F23;F26;F27,Trade field execution / estimating / evidence,Tradify,Tradify,Job planning; setting out; masonry works; materials; progress; quality checks,Work orders; material usage; photos; quality records,Construction,,DISCOVERY_SEED_REQUIRES_MODULE_VERIFICATION,2026-09-21,"Provide native job workspace for Job planning; setting out; masonry works; materials; progress; quality checks; create/control Work orders; material usage; photos; quality records as structured governed records; support assignment, revision/status, review/approval, evidence, audit and cross-functional handoff; provide specialist calculations/authoring or governed format interoperability where professional tooling requires it."
CBE-JTM-0053,CBE-JP-006,Bricklayer,D07,F09;F10;F12;F13;F23;F26;F27,Trade field execution / estimating / evidence,Fergus,Fergus,Job planning; setting out; masonry works; materials; progress; quality checks,Work orders; material usage; photos; quality records,Construction,,DISCOVERY_SEED_REQUIRES_MODULE_VERIFICATION,2026-09-21,"Provide native job workspace for Job planning; setting out; masonry works; materials; progress; quality checks; create/control Work orders; material usage; photos; quality records as structured governed records; support assignment, revision/status, review/approval, evidence, audit and cross-functional handoff; provide specialist calculations/authoring or governed format interoperability where professional tooling requires it."
CBE-JTM-0054,CBE-JP-006,Bricklayer,D07,F09;F10;F12;F13;F23;F26;F27,Trade field execution / estimating / evidence,BigChange,BigChange,Job planning; setting out; masonry works; materials; progress; quality checks,Work orders; material usage; photos; quality records,Construction,,DISCOVERY_SEED_REQUIRES_MODULE_VERIFICATION,2026-09-21,"Provide native job workspace for Job planning; setting out; masonry works; materials; progress; quality checks; create/control Work orders; material usage; photos; quality records as structured governed records; support assignment, revision/status, review/approval, evidence, audit and cross-functional handoff; provide specialist calculations/authoring or governed format interoperability where professional tooling requires it."
CBE-JTM-0055,CBE-JP-007,Builders' merchant,D14,F07;F09;F10;F11;F13;F14;F26;F27,Supply / fabrication / manufacturing,Epicor,Epicor BisTrack,Catalogue; stock; quotations; orders; trade accounts; deliveries; returns,Products; stock; quotes; sales orders; delivery notes; invoices,Procurement; Supply,,DISCOVERY_SEED_REQUIRES_MODULE_VERIFICATION,2026-09-21,"Provide native job workspace for Catalogue; stock; quotations; orders; trade accounts; deliveries; returns; create/control Products; stock; quotes; sales orders; delivery notes; invoices as structured governed records; support assignment, revision/status, review/approval, evidence, audit and cross-functional handoff; provide specialist calculations/authoring or governed format interoperability where professional tooling requires it."
CBE-JTM-0056,CBE-JP-007,Builders' merchant,D14,F07;F09;F10;F11;F13;F14;F26;F27,Supply / fabrication / manufacturing,Kerridge Commercial Systems,Kerridge Commercial Systems K8,Catalogue; stock; quotations; orders; trade accounts; deliveries; returns,Products; stock; quotes; sales orders; delivery notes; invoices,Procurement; Supply,,DISCOVERY_SEED_REQUIRES_MODULE_VERIFICATION,2026-09-21,"Provide native job workspace for Catalogue; stock; quotations; orders; trade accounts; deliveries; returns; create/control Products; stock; quotes; sales orders; delivery notes; invoices as structured governed records; support assignment, revision/status, review/approval, evidence, audit and cross-functional handoff; provide specialist calculations/authoring or governed format interoperability where professional tooling requires it."
CBE-JTM-0057,CBE-JP-007,Builders' merchant,D14,F07;F09;F10;F11;F13;F14;F26;F27,Supply / fabrication / manufacturing,Sage,Sage 200,Catalogue; stock; quotations; orders; trade accounts; deliveries; returns,Products; stock; quotes; sales orders; delivery notes; invoices,Procurement; Supply,,DISCOVERY_SEED_REQUIRES_MODULE_VERIFICATION,2026-09-21,"Provide native job workspace for Catalogue; stock; quotations; orders; trade accounts; deliveries; returns; create/control Products; stock; quotes; sales orders; delivery notes; invoices as structured governed records; support assignment, revision/status, review/approval, evidence, audit and cross-functional handoff; provide specialist calculations/authoring or governed format interoperability where professional tooling requires it."
CBE-JTM-0058,CBE-JP-007,Builders' merchant,D14,F07;F09;F10;F11;F13;F14;F26;F27,Supply / fabrication / manufacturing,Microsoft,Microsoft Dynamics 365 Business Central,Catalogue; stock; quotations; orders; trade accounts; deliveries; returns,Products; stock; quotes; sales orders; delivery notes; invoices,Procurement; Supply,,DISCOVERY_SEED_REQUIRES_MODULE_VERIFICATION,2026-09-21,"Provide native job workspace for Catalogue; stock; quotations; orders; trade accounts; deliveries; returns; create/control Products; stock; quotes; sales orders; delivery notes; invoices as structured governed records; support assignment, revision/status, review/approval, evidence, audit and cross-functional handoff; provide specialist calculations/authoring or governed format interoperability where professional tooling requires it."
CBE-JTM-0059,CBE-JP-007,Builders' merchant,D14,F07;F09;F10;F11;F13;F14;F26;F27,Supply / fabrication / manufacturing,Oracle,Oracle NetSuite,Catalogue; stock; quotations; orders; trade accounts; deliveries; returns,Products; stock; quotes; sales orders; delivery notes; invoices,Procurement; Supply,,DISCOVERY_SEED_REQUIRES_MODULE_VERIFICATION,2026-09-21,"Provide native job workspace for Catalogue; stock; quotations; orders; trade accounts; deliveries; returns; create/control Products; stock; quotes; sales orders; delivery notes; invoices as structured governed records; support assignment, revision/status, review/approval, evidence, audit and cross-functional handoff; provide specialist calculations/authoring or governed format interoperability where professional tooling requires it."
CBE-JTM-0060,CBE-JP-007,Builders' merchant,D14,F07;F09;F10;F11;F13;F14;F26;F27,Supply / fabrication / manufacturing,Phocas,Phocas,Catalogue; stock; quotations; orders; trade accounts; deliveries; returns,Products; stock; quotes; sales orders; delivery notes; invoices,Procurement; Supply,,DISCOVERY_SEED_REQUIRES_MODULE_VERIFICATION,2026-09-21,"Provide native job workspace for Catalogue; stock; quotations; orders; trade accounts; deliveries; returns; create/control Products; stock; quotes; sales orders; delivery notes; invoices as structured governed records; support assignment, revision/status, review/approval, evidence, audit and cross-functional handoff; provide specialist calculations/authoring or governed format interoperability where professional tooling requires it."
CBE-JTM-0061,CBE-JP-008,Building control officer,D15,F13;F19;F20;F23;F26;F27,Regulatory case management / inspection,Idox,Idox Cloud,Applications; plan assessment; inspections; evidence; defects; decisions,Applications; inspection records; notices; decisions; certificates,Design; Construction; Completion,https://www.idoxgroup.com/solutions/regulatory-services/idox-cloud/,WEB_ANCHOR_VERIFIED,2026-09-21,"Provide native job workspace for Applications; plan assessment; inspections; evidence; defects; decisions; create/control Applications; inspection records; notices; decisions; certificates as structured governed records; support assignment, revision/status, review/approval, evidence, audit and cross-functional handoff; provide specialist calculations/authoring or governed format interoperability where professional tooling requires it."
CBE-JTM-0062,CBE-JP-008,Building control officer,D15,F13;F19;F20;F23;F26;F27,Regulatory case management / inspection,Idox,Idox Uniform,Applications; plan assessment; inspections; evidence; defects; decisions,Applications; inspection records; notices; decisions; certificates,Design; Construction; Completion,https://www.idoxgroup.com/solutions/regulatory-services/,WEB_ANCHOR_VERIFIED,2026-09-21,"Provide native job workspace for Applications; plan assessment; inspections; evidence; defects; decisions; create/control Applications; inspection records; notices; decisions; certificates as structured governed records; support assignment, revision/status, review/approval, evidence, audit and cross-functional handoff; provide specialist calculations/authoring or governed format interoperability where professional tooling requires it."
CBE-JTM-0063,CBE-JP-008,Building control officer,D15,F13;F19;F20;F23;F26;F27,Regulatory case management / inspection,Bluebeam,Bluebeam Revu,Applications; plan assessment; inspections; evidence; defects; decisions,Applications; inspection records; notices; decisions; certificates,Design; Construction; Completion,https://www.bluebeam.com/revu/,WEB_ANCHOR_VERIFIED,2026-09-21,"Provide native job workspace for Applications; plan assessment; inspections; evidence; defects; decisions; create/control Applications; inspection records; notices; decisions; certificates as structured governed records; support assignment, revision/status, review/approval, evidence, audit and cross-functional handoff; provide specialist calculations/authoring or governed format interoperability where professional tooling requires it."
CBE-JTM-0064,CBE-JP-008,Building control officer,D15,F13;F19;F20;F23;F26;F27,Regulatory case management / inspection,Esri,ArcGIS Field Maps,Applications; plan assessment; inspections; evidence; defects; decisions,Applications; inspection records; notices; decisions; certificates,Design; Construction; Completion,,DISCOVERY_SEED_REQUIRES_MODULE_VERIFICATION,2026-09-21,"Provide native job workspace for Applications; plan assessment; inspections; evidence; defects; decisions; create/control Applications; inspection records; notices; decisions; certificates as structured governed records; support assignment, revision/status, review/approval, evidence, audit and cross-functional handoff; provide specialist calculations/authoring or governed format interoperability where professional tooling requires it."
CBE-JTM-0065,CBE-JP-008,Building control officer,D15,F13;F19;F20;F23;F26;F27,Regulatory case management / inspection,PlanRadar,PlanRadar,Applications; plan assessment; inspections; evidence; defects; decisions,Applications; inspection records; notices; decisions; certificates,Design; Construction; Completion,,DISCOVERY_SEED_REQUIRES_MODULE_VERIFICATION,2026-09-21,"Provide native job workspace for Applications; plan assessment; inspections; evidence; defects; decisions; create/control Applications; inspection records; notices; decisions; certificates as structured governed records; support assignment, revision/status, review/approval, evidence, audit and cross-functional handoff; provide specialist calculations/authoring or governed format interoperability where professional tooling requires it."
CBE-JTM-0066,CBE-JP-008,Building control officer,D15,F13;F19;F20;F23;F26;F27,Regulatory case management / inspection,Microsoft,Microsoft Power BI,Applications; plan assessment; inspections; evidence; defects; decisions,Applications; inspection records; notices; decisions; certificates,Design; Construction; Completion,,DISCOVERY_SEED_REQUIRES_MODULE_VERIFICATION,2026-09-21,"Provide native job workspace for Applications; plan assessment; inspections; evidence; defects; decisions; create/control Applications; inspection records; notices; decisions; certificates as structured governed records; support assignment, revision/status, review/approval, evidence, audit and cross-functional handoff; provide specialist calculations/authoring or governed format interoperability where professional tooling requires it."
CBE-JTM-0067,CBE-JP-009,Building services engineer,D02,F05;F13;F19;F23;F26;F27,Engineering analysis / design / technical information,Autodesk,Autodesk Revit,MEP design; calculations; equipment schedules; coordination; commissioning requirements,Designs; calculations; specifications; equipment schedules,Design; Construction; Commissioning,https://www.autodesk.com/products/revit/overview,WEB_ANCHOR_VERIFIED,2026-09-21,"Provide native job workspace for MEP design; calculations; equipment schedules; coordination; commissioning requirements; create/control Designs; calculations; specifications; equipment schedules as structured governed records; support assignment, revision/status, review/approval, evidence, audit and cross-functional handoff; provide specialist calculations/authoring or governed format interoperability where professional tooling requires it."
CBE-JTM-0068,CBE-JP-009,Building services engineer,D02,F05;F13;F19;F23;F26;F27,Engineering analysis / design / technical information,MagiCAD Group,MagiCAD,MEP design; calculations; equipment schedules; coordination; commissioning requirements,Designs; calculations; specifications; equipment schedules,Design; Construction; Commissioning,,DISCOVERY_SEED_REQUIRES_MODULE_VERIFICATION,2026-09-21,"Provide native job workspace for MEP design; calculations; equipment schedules; coordination; commissioning requirements; create/control Designs; calculations; specifications; equipment schedules as structured governed records; support assignment, revision/status, review/approval, evidence, audit and cross-functional handoff; provide specialist calculations/authoring or governed format interoperability where professional tooling requires it."
CBE-JTM-0069,CBE-JP-009,Building services engineer,D02,F05;F13;F19;F23;F26;F27,Engineering analysis / design / technical information,IES,IES VE 2026,MEP design; calculations; equipment schedules; coordination; commissioning requirements,Designs; calculations; specifications; equipment schedules,Design; Construction; Commissioning,https://www.iesve.com/ve2026,WEB_ANCHOR_VERIFIED,2026-09-21,"Provide native job workspace for MEP design; calculations; equipment schedules; coordination; commissioning requirements; create/control Designs; calculations; specifications; equipment schedules as structured governed records; support assignment, revision/status, review/approval, evidence, audit and cross-functional handoff; provide specialist calculations/authoring or governed format interoperability where professional tooling requires it."
CBE-JTM-0070,CBE-JP-009,Building services engineer,D02,F05;F13;F19;F23;F26;F27,Engineering analysis / design / technical information,DesignBuilder Software,DesignBuilder,MEP design; calculations; equipment schedules; coordination; commissioning requirements,Designs; calculations; specifications; equipment schedules,Design; Construction; Commissioning,,DISCOVERY_SEED_REQUIRES_MODULE_VERIFICATION,2026-09-21,"Provide native job workspace for MEP design; calculations; equipment schedules; coordination; commissioning requirements; create/control Designs; calculations; specifications; equipment schedules as structured governed records; support assignment, revision/status, review/approval, evidence, audit and cross-functional handoff; provide specialist calculations/authoring or governed format interoperability where professional tooling requires it."
CBE-JTM-0071,CBE-JP-009,Building services engineer,D02,F05;F13;F19;F23;F26;F27,Engineering analysis / design / technical information,Trimble,Trimble ProDesign,MEP design; calculations; equipment schedules; coordination; commissioning requirements,Designs; calculations; specifications; equipment schedules,Design; Construction; Commissioning,,DISCOVERY_SEED_REQUIRES_MODULE_VERIFICATION,2026-09-21,"Provide native job workspace for MEP design; calculations; equipment schedules; coordination; commissioning requirements; create/control Designs; calculations; specifications; equipment schedules as structured governed records; support assignment, revision/status, review/approval, evidence, audit and cross-functional handoff; provide specialist calculations/authoring or governed format interoperability where professional tooling requires it."
CBE-JTM-0072,CBE-JP-009,Building services engineer,D02,F05;F13;F19;F23;F26;F27,Engineering analysis / design / technical information,DIAL,DIALux evo,MEP design; calculations; equipment schedules; coordination; commissioning requirements,Designs; calculations; specifications; equipment schedules,Design; Construction; Commissioning,,DISCOVERY_SEED_REQUIRES_MODULE_VERIFICATION,2026-09-21,"Provide native job workspace for MEP design; calculations; equipment schedules; coordination; commissioning requirements; create/control Designs; calculations; specifications; equipment schedules as structured governed records; support assignment, revision/status, review/approval, evidence, audit and cross-functional handoff; provide specialist calculations/authoring or governed format interoperability where professional tooling requires it."
CBE-JTM-0073,CBE-JP-009,Building services engineer,D02,F05;F13;F19;F23;F26;F27,Engineering analysis / design / technical information,Autodesk,Autodesk Navisworks,MEP design; calculations; equipment schedules; coordination; commissioning requirements,Designs; calculations; specifications; equipment schedules,Design; Construction; Commissioning,,DISCOVERY_SEED_REQUIRES_MODULE_VERIFICATION,2026-09-21,"Provide native job workspace for MEP design; calculations; equipment schedules; coordination; commissioning requirements; create/control Designs; calculations; specifications; equipment schedules as structured governed records; support assignment, revision/status, review/approval, evidence, audit and cross-functional handoff; provide specialist calculations/authoring or governed format interoperability where professional tooling requires it."
CBE-JTM-0074,CBE-JP-009,Building services engineer,D02,F05;F13;F19;F23;F26;F27,Engineering analysis / design / technical information,Solibri,Solibri,MEP design; calculations; equipment schedules; coordination; commissioning requirements,Designs; calculations; specifications; equipment schedules,Design; Construction; Commissioning,,DISCOVERY_SEED_REQUIRES_MODULE_VERIFICATION,2026-09-21,"Provide native job workspace for MEP design; calculations; equipment schedules; coordination; commissioning requirements; create/control Designs; calculations; specifications; equipment schedules as structured governed records; support assignment, revision/status, review/approval, evidence, audit and cross-functional handoff; provide specialist calculations/authoring or governed format interoperability where professional tooling requires it."
CBE-JTM-0075,CBE-JP-009,Building services engineer,D02,F05;F13;F19;F23;F26;F27,Engineering analysis / design / technical information,Autodesk,Autodesk Docs,MEP design; calculations; equipment schedules; coordination; commissioning requirements,Designs; calculations; specifications; equipment schedules,Design; Construction; Commissioning,,DISCOVERY_SEED_REQUIRES_MODULE_VERIFICATION,2026-09-21,"Provide native job workspace for MEP design; calculations; equipment schedules; coordination; commissioning requirements; create/control Designs; calculations; specifications; equipment schedules as structured governed records; support assignment, revision/status, review/approval, evidence, audit and cross-functional handoff; provide specialist calculations/authoring or governed format interoperability where professional tooling requires it."
CBE-JTM-0076,CBE-JP-010,Building surveyor,D03,F05;F07;F14;F19;F22;F26;F27,Survey / property / valuation / evidence,GoReport,GoReport,Condition surveys; defects; schedules; project advice; dilapidations; maintenance planning,Survey reports; defect schedules; photos; scopes; certificates,Survey; Design; Construction; Operations,,DISCOVERY_SEED_REQUIRES_MODULE_VERIFICATION,2026-09-21,"Provide native job workspace for Condition surveys; defects; schedules; project advice; dilapidations; maintenance planning; create/control Survey reports; defect schedules; photos; scopes; certificates as structured governed records; support assignment, revision/status, review/approval, evidence, audit and cross-functional handoff; provide specialist calculations/authoring or governed format interoperability where professional tooling requires it."
CBE-JTM-0077,CBE-JP-010,Building surveyor,D03,F05;F07;F14;F19;F22;F26;F27,Survey / property / valuation / evidence,PlanRadar,PlanRadar,Condition surveys; defects; schedules; project advice; dilapidations; maintenance planning,Survey reports; defect schedules; photos; scopes; certificates,Survey; Design; Construction; Operations,,DISCOVERY_SEED_REQUIRES_MODULE_VERIFICATION,2026-09-21,"Provide native job workspace for Condition surveys; defects; schedules; project advice; dilapidations; maintenance planning; create/control Survey reports; defect schedules; photos; scopes; certificates as structured governed records; support assignment, revision/status, review/approval, evidence, audit and cross-functional handoff; provide specialist calculations/authoring or governed format interoperability where professional tooling requires it."
CBE-JTM-0078,CBE-JP-010,Building surveyor,D03,F05;F07;F14;F19;F22;F26;F27,Survey / property / valuation / evidence,Bluebeam,Bluebeam Revu,Condition surveys; defects; schedules; project advice; dilapidations; maintenance planning,Survey reports; defect schedules; photos; scopes; certificates,Survey; Design; Construction; Operations,https://www.bluebeam.com/revu/,WEB_ANCHOR_VERIFIED,2026-09-21,"Provide native job workspace for Condition surveys; defects; schedules; project advice; dilapidations; maintenance planning; create/control Survey reports; defect schedules; photos; scopes; certificates as structured governed records; support assignment, revision/status, review/approval, evidence, audit and cross-functional handoff; provide specialist calculations/authoring or governed format interoperability where professional tooling requires it."
CBE-JTM-0079,CBE-JP-010,Building surveyor,D03,F05;F07;F14;F19;F22;F26;F27,Survey / property / valuation / evidence,Matterport,Matterport,Condition surveys; defects; schedules; project advice; dilapidations; maintenance planning,Survey reports; defect schedules; photos; scopes; certificates,Survey; Design; Construction; Operations,,DISCOVERY_SEED_REQUIRES_MODULE_VERIFICATION,2026-09-21,"Provide native job workspace for Condition surveys; defects; schedules; project advice; dilapidations; maintenance planning; create/control Survey reports; defect schedules; photos; scopes; certificates as structured governed records; support assignment, revision/status, review/approval, evidence, audit and cross-functional handoff; provide specialist calculations/authoring or governed format interoperability where professional tooling requires it."
CBE-JTM-0080,CBE-JP-010,Building surveyor,D03,F05;F07;F14;F19;F22;F26;F27,Survey / property / valuation / evidence,Autodesk,Autodesk ReCap Pro,Condition surveys; defects; schedules; project advice; dilapidations; maintenance planning,Survey reports; defect schedules; photos; scopes; certificates,Survey; Design; Construction; Operations,,DISCOVERY_SEED_REQUIRES_MODULE_VERIFICATION,2026-09-21,"Provide native job workspace for Condition surveys; defects; schedules; project advice; dilapidations; maintenance planning; create/control Survey reports; defect schedules; photos; scopes; certificates as structured governed records; support assignment, revision/status, review/approval, evidence, audit and cross-functional handoff; provide specialist calculations/authoring or governed format interoperability where professional tooling requires it."
CBE-JTM-0081,CBE-JP-010,Building surveyor,D03,F05;F07;F14;F19;F22;F26;F27,Survey / property / valuation / evidence,Esri,ArcGIS Field Maps,Condition surveys; defects; schedules; project advice; dilapidations; maintenance planning,Survey reports; defect schedules; photos; scopes; certificates,Survey; Design; Construction; Operations,,DISCOVERY_SEED_REQUIRES_MODULE_VERIFICATION,2026-09-21,"Provide native job workspace for Condition surveys; defects; schedules; project advice; dilapidations; maintenance planning; create/control Survey reports; defect schedules; photos; scopes; certificates as structured governed records; support assignment, revision/status, review/approval, evidence, audit and cross-functional handoff; provide specialist calculations/authoring or governed format interoperability where professional tooling requires it."
CBE-JTM-0082,CBE-JP-010,Building surveyor,D03,F05;F07;F14;F19;F22;F26;F27,Survey / property / valuation / evidence,Autodesk,AutoCAD,Condition surveys; defects; schedules; project advice; dilapidations; maintenance planning,Survey reports; defect schedules; photos; scopes; certificates,Survey; Design; Construction; Operations,,DISCOVERY_SEED_REQUIRES_MODULE_VERIFICATION,2026-09-21,"Provide native job workspace for Condition surveys; defects; schedules; project advice; dilapidations; maintenance planning; create/control Survey reports; defect schedules; photos; scopes; certificates as structured governed records; support assignment, revision/status, review/approval, evidence, audit and cross-functional handoff; provide specialist calculations/authoring or governed format interoperability where professional tooling requires it."
CBE-JTM-0083,CBE-JP-010,Building surveyor,D03,F05;F07;F14;F19;F22;F26;F27,Survey / property / valuation / evidence,Microsoft,Microsoft Power BI,Condition surveys; defects; schedules; project advice; dilapidations; maintenance planning,Survey reports; defect schedules; photos; scopes; certificates,Survey; Design; Construction; Operations,,DISCOVERY_SEED_REQUIRES_MODULE_VERIFICATION,2026-09-21,"Provide native job workspace for Condition surveys; defects; schedules; project advice; dilapidations; maintenance planning; create/control Survey reports; defect schedules; photos; scopes; certificates as structured governed records; support assignment, revision/status, review/approval, evidence, audit and cross-functional handoff; provide specialist calculations/authoring or governed format interoperability where professional tooling requires it."
CBE-JTM-0084,CBE-JP-011,Building technician,D02,F05;F13;F19;F23;F26;F27,Engineering analysis / design / technical information,Autodesk,AutoCAD,Technical support; drawings; surveys; records; project coordination,Drawings; survey data; schedules; reports,Design; Construction,,DISCOVERY_SEED_REQUIRES_MODULE_VERIFICATION,2026-09-21,"Provide native job workspace for Technical support; drawings; surveys; records; project coordination; create/control Drawings; survey data; schedules; reports as structured governed records; support assignment, revision/status, review/approval, evidence, audit and cross-functional handoff; provide specialist calculations/authoring or governed format interoperability where professional tooling requires it."
CBE-JTM-0085,CBE-JP-011,Building technician,D02,F05;F13;F19;F23;F26;F27,Engineering analysis / design / technical information,Autodesk,Autodesk Revit,Technical support; drawings; surveys; records; project coordination,Drawings; survey data; schedules; reports,Design; Construction,https://www.autodesk.com/products/revit/overview,WEB_ANCHOR_VERIFIED,2026-09-21,"Provide native job workspace for Technical support; drawings; surveys; records; project coordination; create/control Drawings; survey data; schedules; reports as structured governed records; support assignment, revision/status, review/approval, evidence, audit and cross-functional handoff; provide specialist calculations/authoring or governed format interoperability where professional tooling requires it."
CBE-JTM-0086,CBE-JP-011,Building technician,D02,F05;F13;F19;F23;F26;F27,Engineering analysis / design / technical information,Bluebeam,Bluebeam Revu,Technical support; drawings; surveys; records; project coordination,Drawings; survey data; schedules; reports,Design; Construction,https://www.bluebeam.com/revu/,WEB_ANCHOR_VERIFIED,2026-09-21,"Provide native job workspace for Technical support; drawings; surveys; records; project coordination; create/control Drawings; survey data; schedules; reports as structured governed records; support assignment, revision/status, review/approval, evidence, audit and cross-functional handoff; provide specialist calculations/authoring or governed format interoperability where professional tooling requires it."
CBE-JTM-0087,CBE-JP-011,Building technician,D02,F05;F13;F19;F23;F26;F27,Engineering analysis / design / technical information,Autodesk,Autodesk Docs,Technical support; drawings; surveys; records; project coordination,Drawings; survey data; schedules; reports,Design; Construction,,DISCOVERY_SEED_REQUIRES_MODULE_VERIFICATION,2026-09-21,"Provide native job workspace for Technical support; drawings; surveys; records; project coordination; create/control Drawings; survey data; schedules; reports as structured governed records; support assignment, revision/status, review/approval, evidence, audit and cross-functional handoff; provide specialist calculations/authoring or governed format interoperability where professional tooling requires it."
CBE-JTM-0088,CBE-JP-011,Building technician,D02,F05;F13;F19;F23;F26;F27,Engineering analysis / design / technical information,Autodesk,Autodesk Navisworks,Technical support; drawings; surveys; records; project coordination,Drawings; survey data; schedules; reports,Design; Construction,,DISCOVERY_SEED_REQUIRES_MODULE_VERIFICATION,2026-09-21,"Provide native job workspace for Technical support; drawings; surveys; records; project coordination; create/control Drawings; survey data; schedules; reports as structured governed records; support assignment, revision/status, review/approval, evidence, audit and cross-functional handoff; provide specialist calculations/authoring or governed format interoperability where professional tooling requires it."
CBE-JTM-0089,CBE-JP-011,Building technician,D02,F05;F13;F19;F23;F26;F27,Engineering analysis / design / technical information,PlanRadar,PlanRadar,Technical support; drawings; surveys; records; project coordination,Drawings; survey data; schedules; reports,Design; Construction,,DISCOVERY_SEED_REQUIRES_MODULE_VERIFICATION,2026-09-21,"Provide native job workspace for Technical support; drawings; surveys; records; project coordination; create/control Drawings; survey data; schedules; reports as structured governed records; support assignment, revision/status, review/approval, evidence, audit and cross-functional handoff; provide specialist calculations/authoring or governed format interoperability where professional tooling requires it."
CBE-JTM-0090,CBE-JP-012,Caretaker,D10,F08;F09;F12;F13;F14;F22;F23;F26;F27,Facilities / asset / maintenance operations,Planon,Planon IWMS,Inspections; reactive tasks; access; cleaning/maintenance coordination; incident reporting,Work orders; checks; logs; incident records,Operations,,DISCOVERY_SEED_REQUIRES_MODULE_VERIFICATION,2026-09-21,"Provide native job workspace for Inspections; reactive tasks; access; cleaning/maintenance coordination; incident reporting; create/control Work orders; checks; logs; incident records as structured governed records; support assignment, revision/status, review/approval, evidence, audit and cross-functional handoff; provide specialist calculations/authoring or governed format interoperability where professional tooling requires it."
CBE-JTM-0091,CBE-JP-012,Caretaker,D10,F08;F09;F12;F13;F14;F22;F23;F26;F27,Facilities / asset / maintenance operations,IBM,IBM Maximo Application Suite,Inspections; reactive tasks; access; cleaning/maintenance coordination; incident reporting,Work orders; checks; logs; incident records,Operations,,DISCOVERY_SEED_REQUIRES_MODULE_VERIFICATION,2026-09-21,"Provide native job workspace for Inspections; reactive tasks; access; cleaning/maintenance coordination; incident reporting; create/control Work orders; checks; logs; incident records as structured governed records; support assignment, revision/status, review/approval, evidence, audit and cross-functional handoff; provide specialist calculations/authoring or governed format interoperability where professional tooling requires it."
CBE-JTM-0092,CBE-JP-012,Caretaker,D10,F08;F09;F12;F13;F14;F22;F23;F26;F27,Facilities / asset / maintenance operations,Eptura,Eptura / Archibus,Inspections; reactive tasks; access; cleaning/maintenance coordination; incident reporting,Work orders; checks; logs; incident records,Operations,,DISCOVERY_SEED_REQUIRES_MODULE_VERIFICATION,2026-09-21,"Provide native job workspace for Inspections; reactive tasks; access; cleaning/maintenance coordination; incident reporting; create/control Work orders; checks; logs; incident records as structured governed records; support assignment, revision/status, review/approval, evidence, audit and cross-functional handoff; provide specialist calculations/authoring or governed format interoperability where professional tooling requires it."
CBE-JTM-0093,CBE-JP-012,Caretaker,D10,F08;F09;F12;F13;F14;F22;F23;F26;F27,Facilities / asset / maintenance operations,MRI Software,MRI Facilities Management,Inspections; reactive tasks; access; cleaning/maintenance coordination; incident reporting,Work orders; checks; logs; incident records,Operations,,DISCOVERY_SEED_REQUIRES_MODULE_VERIFICATION,2026-09-21,"Provide native job workspace for Inspections; reactive tasks; access; cleaning/maintenance coordination; incident reporting; create/control Work orders; checks; logs; incident records as structured governed records; support assignment, revision/status, review/approval, evidence, audit and cross-functional handoff; provide specialist calculations/authoring or governed format interoperability where professional tooling requires it."
CBE-JTM-0094,CBE-JP-012,Caretaker,D10,F08;F09;F12;F13;F14;F22;F23;F26;F27,Facilities / asset / maintenance operations,ServiceNow,ServiceNow Field Service Management,Inspections; reactive tasks; access; cleaning/maintenance coordination; incident reporting,Work orders; checks; logs; incident records,Operations,,DISCOVERY_SEED_REQUIRES_MODULE_VERIFICATION,2026-09-21,"Provide native job workspace for Inspections; reactive tasks; access; cleaning/maintenance coordination; incident reporting; create/control Work orders; checks; logs; incident records as structured governed records; support assignment, revision/status, review/approval, evidence, audit and cross-functional handoff; provide specialist calculations/authoring or governed format interoperability where professional tooling requires it."
CBE-JTM-0095,CBE-JP-012,Caretaker,D10,F08;F09;F12;F13;F14;F22;F23;F26;F27,Facilities / asset / maintenance operations,SafetyCulture,SafetyCulture,Inspections; reactive tasks; access; cleaning/maintenance coordination; incident reporting,Work orders; checks; logs; incident records,Operations,,DISCOVERY_SEED_REQUIRES_MODULE_VERIFICATION,2026-09-21,"Provide native job workspace for Inspections; reactive tasks; access; cleaning/maintenance coordination; incident reporting; create/control Work orders; checks; logs; incident records as structured governed records; support assignment, revision/status, review/approval, evidence, audit and cross-functional handoff; provide specialist calculations/authoring or governed format interoperability where professional tooling requires it."
CBE-JTM-0096,CBE-JP-013,Carpenter,D07,F09;F10;F12;F13;F23;F26;F27,Trade field execution / estimating / evidence,Tradify,Tradify,Job planning; setting out; fabrication; installation; materials; quality,Work orders; cut lists; material usage; photos,Construction,,DISCOVERY_SEED_REQUIRES_MODULE_VERIFICATION,2026-09-21,"Provide native job workspace for Job planning; setting out; fabrication; installation; materials; quality; create/control Work orders; cut lists; material usage; photos as structured governed records; support assignment, revision/status, review/approval, evidence, audit and cross-functional handoff; provide specialist calculations/authoring or governed format interoperability where professional tooling requires it."
CBE-JTM-0097,CBE-JP-013,Carpenter,D07,F09;F10;F12;F13;F23;F26;F27,Trade field execution / estimating / evidence,Fergus,Fergus,Job planning; setting out; fabrication; installation; materials; quality,Work orders; cut lists; material usage; photos,Construction,,DISCOVERY_SEED_REQUIRES_MODULE_VERIFICATION,2026-09-21,"Provide native job workspace for Job planning; setting out; fabrication; installation; materials; quality; create/control Work orders; cut lists; material usage; photos as structured governed records; support assignment, revision/status, review/approval, evidence, audit and cross-functional handoff; provide specialist calculations/authoring or governed format interoperability where professional tooling requires it."
CBE-JTM-0098,CBE-JP-013,Carpenter,D07,F09;F10;F12;F13;F23;F26;F27,Trade field execution / estimating / evidence,ServiceM8,ServiceM8,Job planning; setting out; fabrication; installation; materials; quality,Work orders; cut lists; material usage; photos,Construction,,DISCOVERY_SEED_REQUIRES_MODULE_VERIFICATION,2026-09-21,"Provide native job workspace for Job planning; setting out; fabrication; installation; materials; quality; create/control Work orders; cut lists; material usage; photos as structured governed records; support assignment, revision/status, review/approval, evidence, audit and cross-functional handoff; provide specialist calculations/authoring or governed format interoperability where professional tooling requires it."
CBE-JTM-0099,CBE-JP-013,Carpenter,D07,F09;F10;F12;F13;F23;F26;F27,Trade field execution / estimating / evidence,BigChange,BigChange,Job planning; setting out; fabrication; installation; materials; quality,Work orders; cut lists; material usage; photos,Construction,,DISCOVERY_SEED_REQUIRES_MODULE_VERIFICATION,2026-09-21,"Provide native job workspace for Job planning; setting out; fabrication; installation; materials; quality; create/control Work orders; cut lists; material usage; photos as structured governed records; support assignment, revision/status, review/approval, evidence, audit and cross-functional handoff; provide specialist calculations/authoring or governed format interoperability where professional tooling requires it."
CBE-JTM-0100,CBE-JP-013,Carpenter,D07,F09;F10;F12;F13;F23;F26;F27,Trade field execution / estimating / evidence,Trimble,SketchUp,Job planning; setting out; fabrication; installation; materials; quality,Work orders; cut lists; material usage; photos,Construction,,DISCOVERY_SEED_REQUIRES_MODULE_VERIFICATION,2026-09-21,"Provide native job workspace for Job planning; setting out; fabrication; installation; materials; quality; create/control Work orders; cut lists; material usage; photos as structured governed records; support assignment, revision/status, review/approval, evidence, audit and cross-functional handoff; provide specialist calculations/authoring or governed format interoperability where professional tooling requires it."
CBE-JTM-0101,CBE-JP-013,Carpenter,D07,F09;F10;F12;F13;F23;F26;F27,Trade field execution / estimating / evidence,Autodesk,AutoCAD,Job planning; setting out; fabrication; installation; materials; quality,Work orders; cut lists; material usage; photos,Construction,,DISCOVERY_SEED_REQUIRES_MODULE_VERIFICATION,2026-09-21,"Provide native job workspace for Job planning; setting out; fabrication; installation; materials; quality; create/control Work orders; cut lists; material usage; photos as structured governed records; support assignment, revision/status, review/approval, evidence, audit and cross-functional handoff; provide specialist calculations/authoring or governed format interoperability where professional tooling requires it."
CBE-JTM-0102,CBE-JP-013,Carpenter,D07,F09;F10;F12;F13;F23;F26;F27,Trade field execution / estimating / evidence,Procore,Procore,Job planning; setting out; fabrication; installation; materials; quality,Work orders; cut lists; material usage; photos,Construction,https://www.procore.com/,WEB_ANCHOR_VERIFIED,2026-09-21,"Provide native job workspace for Job planning; setting out; fabrication; installation; materials; quality; create/control Work orders; cut lists; material usage; photos as structured governed records; support assignment, revision/status, review/approval, evidence, audit and cross-functional handoff; provide specialist calculations/authoring or governed format interoperability where professional tooling requires it."
CBE-JTM-0103,CBE-JP-013,Carpenter,D07,F09;F10;F12;F13;F23;F26;F27,Trade field execution / estimating / evidence,Autodesk,Autodesk Build,Job planning; setting out; fabrication; installation; materials; quality,Work orders; cut lists; material usage; photos,Construction,https://construction.autodesk.com/products/autodesk-build/,WEB_ANCHOR_VERIFIED,2026-09-21,"Provide native job workspace for Job planning; setting out; fabrication; installation; materials; quality; create/control Work orders; cut lists; material usage; photos as structured governed records; support assignment, revision/status, review/approval, evidence, audit and cross-functional handoff; provide specialist calculations/authoring or governed format interoperability where professional tooling requires it."
CBE-JTM-0104,CBE-JP-014,Carpet fitter and floor layer,D07,F09;F10;F12;F13;F23;F26;F27,Trade field execution / estimating / evidence,Measure Square,MeasureSquare,Site measure; product selection; preparation; installation; snagging,Measurements; material schedules; work orders; completion records,Fit-out,,DISCOVERY_SEED_REQUIRES_MODULE_VERIFICATION,2026-09-21,"Provide native job workspace for Site measure; product selection; preparation; installation; snagging; create/control Measurements; material schedules; work orders; completion records as structured governed records; support assignment, revision/status, review/approval, evidence, audit and cross-functional handoff; provide specialist calculations/authoring or governed format interoperability where professional tooling requires it."
CBE-JTM-0105,CBE-JP-014,Carpet fitter and floor layer,D07,F09;F10;F12;F13;F23;F26;F27,Trade field execution / estimating / evidence,RFMS,RFMS MeasureMobile,Site measure; product selection; preparation; installation; snagging,Measurements; material schedules; work orders; completion records,Fit-out,,DISCOVERY_SEED_REQUIRES_MODULE_VERIFICATION,2026-09-21,"Provide native job workspace for Site measure; product selection; preparation; installation; snagging; create/control Measurements; material schedules; work orders; completion records as structured governed records; support assignment, revision/status, review/approval, evidence, audit and cross-functional handoff; provide specialist calculations/authoring or governed format interoperability where professional tooling requires it."
CBE-JTM-0106,CBE-JP-014,Carpet fitter and floor layer,D07,F09;F10;F12;F13;F23;F26;F27,Trade field execution / estimating / evidence,Tradify,Tradify,Site measure; product selection; preparation; installation; snagging,Measurements; material schedules; work orders; completion records,Fit-out,,DISCOVERY_SEED_REQUIRES_MODULE_VERIFICATION,2026-09-21,"Provide native job workspace for Site measure; product selection; preparation; installation; snagging; create/control Measurements; material schedules; work orders; completion records as structured governed records; support assignment, revision/status, review/approval, evidence, audit and cross-functional handoff; provide specialist calculations/authoring or governed format interoperability where professional tooling requires it."
CBE-JTM-0107,CBE-JP-014,Carpet fitter and floor layer,D07,F09;F10;F12;F13;F23;F26;F27,Trade field execution / estimating / evidence,ServiceM8,ServiceM8,Site measure; product selection; preparation; installation; snagging,Measurements; material schedules; work orders; completion records,Fit-out,,DISCOVERY_SEED_REQUIRES_MODULE_VERIFICATION,2026-09-21,"Provide native job workspace for Site measure; product selection; preparation; installation; snagging; create/control Measurements; material schedules; work orders; completion records as structured governed records; support assignment, revision/status, review/approval, evidence, audit and cross-functional handoff; provide specialist calculations/authoring or governed format interoperability where professional tooling requires it."
CBE-JTM-0108,CBE-JP-014,Carpet fitter and floor layer,D07,F09;F10;F12;F13;F23;F26;F27,Trade field execution / estimating / evidence,Jobber,Jobber,Site measure; product selection; preparation; installation; snagging,Measurements; material schedules; work orders; completion records,Fit-out,,DISCOVERY_SEED_REQUIRES_MODULE_VERIFICATION,2026-09-21,"Provide native job workspace for Site measure; product selection; preparation; installation; snagging; create/control Measurements; material schedules; work orders; completion records as structured governed records; support assignment, revision/status, review/approval, evidence, audit and cross-functional handoff; provide specialist calculations/authoring or governed format interoperability where professional tooling requires it."
CBE-JTM-0109,CBE-JP-014,Carpet fitter and floor layer,D07,F09;F10;F12;F13;F23;F26;F27,Trade field execution / estimating / evidence,BigChange,BigChange,Site measure; product selection; preparation; installation; snagging,Measurements; material schedules; work orders; completion records,Fit-out,,DISCOVERY_SEED_REQUIRES_MODULE_VERIFICATION,2026-09-21,"Provide native job workspace for Site measure; product selection; preparation; installation; snagging; create/control Measurements; material schedules; work orders; completion records as structured governed records; support assignment, revision/status, review/approval, evidence, audit and cross-functional handoff; provide specialist calculations/authoring or governed format interoperability where professional tooling requires it."
CBE-JTM-0110,CBE-JP-015,Cartographer,D05,F05;F17;F19;F22;F26;F27,GIS / planning / modelling / case management,Esri,Esri ArcGIS Pro,Spatial data management; map production; revisions; exports,Maps; datasets; layers; metadata,Survey; Planning; Design,,DISCOVERY_SEED_REQUIRES_MODULE_VERIFICATION,2026-09-21,"Provide native job workspace for Spatial data management; map production; revisions; exports; create/control Maps; datasets; layers; metadata as structured governed records; support assignment, revision/status, review/approval, evidence, audit and cross-functional handoff; provide specialist calculations/authoring or governed format interoperability where professional tooling requires it."
CBE-JTM-0111,CBE-JP-015,Cartographer,D05,F05;F17;F19;F22;F26;F27,GIS / planning / modelling / case management,QGIS Project,QGIS,Spatial data management; map production; revisions; exports,Maps; datasets; layers; metadata,Survey; Planning; Design,,DISCOVERY_SEED_REQUIRES_MODULE_VERIFICATION,2026-09-21,"Provide native job workspace for Spatial data management; map production; revisions; exports; create/control Maps; datasets; layers; metadata as structured governed records; support assignment, revision/status, review/approval, evidence, audit and cross-functional handoff; provide specialist calculations/authoring or governed format interoperability where professional tooling requires it."
CBE-JTM-0112,CBE-JP-015,Cartographer,D05,F05;F17;F19;F22;F26;F27,GIS / planning / modelling / case management,Precisely,Precisely MapInfo Pro,Spatial data management; map production; revisions; exports,Maps; datasets; layers; metadata,Survey; Planning; Design,,DISCOVERY_SEED_REQUIRES_MODULE_VERIFICATION,2026-09-21,"Provide native job workspace for Spatial data management; map production; revisions; exports; create/control Maps; datasets; layers; metadata as structured governed records; support assignment, revision/status, review/approval, evidence, audit and cross-functional handoff; provide specialist calculations/authoring or governed format interoperability where professional tooling requires it."
CBE-JTM-0113,CBE-JP-015,Cartographer,D05,F05;F17;F19;F22;F26;F27,GIS / planning / modelling / case management,Safe Software,Safe Software FME,Spatial data management; map production; revisions; exports,Maps; datasets; layers; metadata,Survey; Planning; Design,,DISCOVERY_SEED_REQUIRES_MODULE_VERIFICATION,2026-09-21,"Provide native job workspace for Spatial data management; map production; revisions; exports; create/control Maps; datasets; layers; metadata as structured governed records; support assignment, revision/status, review/approval, evidence, audit and cross-functional handoff; provide specialist calculations/authoring or governed format interoperability where professional tooling requires it."
CBE-JTM-0114,CBE-JP-015,Cartographer,D05,F05;F17;F19;F22;F26;F27,GIS / planning / modelling / case management,,Adobe Illustrator,Spatial data management; map production; revisions; exports,Maps; datasets; layers; metadata,Survey; Planning; Design,,DISCOVERY_SEED_REQUIRES_MODULE_VERIFICATION,2026-09-21,"Provide native job workspace for Spatial data management; map production; revisions; exports; create/control Maps; datasets; layers; metadata as structured governed records; support assignment, revision/status, review/approval, evidence, audit and cross-functional handoff; provide specialist calculations/authoring or governed format interoperability where professional tooling requires it."
CBE-JTM-0115,CBE-JP-016,Cavity insulation installer,D09,F05;F12;F13;F22;F23;F26;F27,Energy assessment / retrofit / field execution,Joblogic,Joblogic,Survey; suitability checks; installation; materials; photos; completion evidence,Survey records; installation records; certificates; photos,Retrofit; Completion,,DISCOVERY_SEED_REQUIRES_MODULE_VERIFICATION,2026-09-21,"Provide native job workspace for Survey; suitability checks; installation; materials; photos; completion evidence; create/control Survey records; installation records; certificates; photos as structured governed records; support assignment, revision/status, review/approval, evidence, audit and cross-functional handoff; provide specialist calculations/authoring or governed format interoperability where professional tooling requires it."
CBE-JTM-0116,CBE-JP-016,Cavity insulation installer,D09,F05;F12;F13;F22;F23;F26;F27,Energy assessment / retrofit / field execution,simPRO,simPRO,Survey; suitability checks; installation; materials; photos; completion evidence,Survey records; installation records; certificates; photos,Retrofit; Completion,,DISCOVERY_SEED_REQUIRES_MODULE_VERIFICATION,2026-09-21,"Provide native job workspace for Survey; suitability checks; installation; materials; photos; completion evidence; create/control Survey records; installation records; certificates; photos as structured governed records; support assignment, revision/status, review/approval, evidence, audit and cross-functional handoff; provide specialist calculations/authoring or governed format interoperability where professional tooling requires it."
CBE-JTM-0117,CBE-JP-016,Cavity insulation installer,D09,F05;F12;F13;F22;F23;F26;F27,Energy assessment / retrofit / field execution,BigChange,BigChange,Survey; suitability checks; installation; materials; photos; completion evidence,Survey records; installation records; certificates; photos,Retrofit; Completion,,DISCOVERY_SEED_REQUIRES_MODULE_VERIFICATION,2026-09-21,"Provide native job workspace for Survey; suitability checks; installation; materials; photos; completion evidence; create/control Survey records; installation records; certificates; photos as structured governed records; support assignment, revision/status, review/approval, evidence, audit and cross-functional handoff; provide specialist calculations/authoring or governed format interoperability where professional tooling requires it."
CBE-JTM-0118,CBE-JP-016,Cavity insulation installer,D09,F05;F12;F13;F22;F23;F26;F27,Energy assessment / retrofit / field execution,Tradify,Tradify,Survey; suitability checks; installation; materials; photos; completion evidence,Survey records; installation records; certificates; photos,Retrofit; Completion,,DISCOVERY_SEED_REQUIRES_MODULE_VERIFICATION,2026-09-21,"Provide native job workspace for Survey; suitability checks; installation; materials; photos; completion evidence; create/control Survey records; installation records; certificates; photos as structured governed records; support assignment, revision/status, review/approval, evidence, audit and cross-functional handoff; provide specialist calculations/authoring or governed format interoperability where professional tooling requires it."
CBE-JTM-0119,CBE-JP-016,Cavity insulation installer,D09,F05;F12;F13;F22;F23;F26;F27,Energy assessment / retrofit / field execution,SafetyCulture,SafetyCulture,Survey; suitability checks; installation; materials; photos; completion evidence,Survey records; installation records; certificates; photos,Retrofit; Completion,,DISCOVERY_SEED_REQUIRES_MODULE_VERIFICATION,2026-09-21,"Provide native job workspace for Survey; suitability checks; installation; materials; photos; completion evidence; create/control Survey records; installation records; certificates; photos as structured governed records; support assignment, revision/status, review/approval, evidence, audit and cross-functional handoff; provide specialist calculations/authoring or governed format interoperability where professional tooling requires it."
CBE-JTM-0120,CBE-JP-016,Cavity insulation installer,D09,F05;F12;F13;F22;F23;F26;F27,Energy assessment / retrofit / field execution,PlanRadar,PlanRadar,Survey; suitability checks; installation; materials; photos; completion evidence,Survey records; installation records; certificates; photos,Retrofit; Completion,,DISCOVERY_SEED_REQUIRES_MODULE_VERIFICATION,2026-09-21,"Provide native job workspace for Survey; suitability checks; installation; materials; photos; completion evidence; create/control Survey records; installation records; certificates; photos as structured governed records; support assignment, revision/status, review/approval, evidence, audit and cross-functional handoff; provide specialist calculations/authoring or governed format interoperability where professional tooling requires it."
CBE-JTM-0121,CBE-JP-017,Ceiling fixer,D07,F09;F10;F12;F13;F23;F26;F27,Trade field execution / estimating / evidence,Procore,Procore,Take-off; layout; installation; materials; progress; snagging,Work orders; material usage; photos; defects,Fit-out,https://www.procore.com/,WEB_ANCHOR_VERIFIED,2026-09-21,"Provide native job workspace for Take-off; layout; installation; materials; progress; snagging; create/control Work orders; material usage; photos; defects as structured governed records; support assignment, revision/status, review/approval, evidence, audit and cross-functional handoff; provide specialist calculations/authoring or governed format interoperability where professional tooling requires it."
CBE-JTM-0122,CBE-JP-017,Ceiling fixer,D07,F09;F10;F12;F13;F23;F26;F27,Trade field execution / estimating / evidence,Autodesk,Autodesk Build,Take-off; layout; installation; materials; progress; snagging,Work orders; material usage; photos; defects,Fit-out,https://construction.autodesk.com/products/autodesk-build/,WEB_ANCHOR_VERIFIED,2026-09-21,"Provide native job workspace for Take-off; layout; installation; materials; progress; snagging; create/control Work orders; material usage; photos; defects as structured governed records; support assignment, revision/status, review/approval, evidence, audit and cross-functional handoff; provide specialist calculations/authoring or governed format interoperability where professional tooling requires it."
CBE-JTM-0123,CBE-JP-017,Ceiling fixer,D07,F09;F10;F12;F13;F23;F26;F27,Trade field execution / estimating / evidence,Dalux,Dalux Field,Take-off; layout; installation; materials; progress; snagging,Work orders; material usage; photos; defects,Fit-out,,DISCOVERY_SEED_REQUIRES_MODULE_VERIFICATION,2026-09-21,"Provide native job workspace for Take-off; layout; installation; materials; progress; snagging; create/control Work orders; material usage; photos; defects as structured governed records; support assignment, revision/status, review/approval, evidence, audit and cross-functional handoff; provide specialist calculations/authoring or governed format interoperability where professional tooling requires it."
CBE-JTM-0124,CBE-JP-017,Ceiling fixer,D07,F09;F10;F12;F13;F23;F26;F27,Trade field execution / estimating / evidence,SafetyCulture,SafetyCulture,Take-off; layout; installation; materials; progress; snagging,Work orders; material usage; photos; defects,Fit-out,,DISCOVERY_SEED_REQUIRES_MODULE_VERIFICATION,2026-09-21,"Provide native job workspace for Take-off; layout; installation; materials; progress; snagging; create/control Work orders; material usage; photos; defects as structured governed records; support assignment, revision/status, review/approval, evidence, audit and cross-functional handoff; provide specialist calculations/authoring or governed format interoperability where professional tooling requires it."
CBE-JTM-0125,CBE-JP-017,Ceiling fixer,D07,F09;F10;F12;F13;F23;F26;F27,Trade field execution / estimating / evidence,Tradify,Tradify,Take-off; layout; installation; materials; progress; snagging,Work orders; material usage; photos; defects,Fit-out,,DISCOVERY_SEED_REQUIRES_MODULE_VERIFICATION,2026-09-21,"Provide native job workspace for Take-off; layout; installation; materials; progress; snagging; create/control Work orders; material usage; photos; defects as structured governed records; support assignment, revision/status, review/approval, evidence, audit and cross-functional handoff; provide specialist calculations/authoring or governed format interoperability where professional tooling requires it."
CBE-JTM-0126,CBE-JP-017,Ceiling fixer,D07,F09;F10;F12;F13;F23;F26;F27,Trade field execution / estimating / evidence,Fergus,Fergus,Take-off; layout; installation; materials; progress; snagging,Work orders; material usage; photos; defects,Fit-out,,DISCOVERY_SEED_REQUIRES_MODULE_VERIFICATION,2026-09-21,"Provide native job workspace for Take-off; layout; installation; materials; progress; snagging; create/control Work orders; material usage; photos; defects as structured governed records; support assignment, revision/status, review/approval, evidence, audit and cross-functional handoff; provide specialist calculations/authoring or governed format interoperability where professional tooling requires it."
CBE-JTM-0127,CBE-JP-017,Ceiling fixer,D07,F09;F10;F12;F13;F23;F26;F27,Trade field execution / estimating / evidence,Bluebeam,Bluebeam Revu,Take-off; layout; installation; materials; progress; snagging,Work orders; material usage; photos; defects,Fit-out,https://www.bluebeam.com/revu/,WEB_ANCHOR_VERIFIED,2026-09-21,"Provide native job workspace for Take-off; layout; installation; materials; progress; snagging; create/control Work orders; material usage; photos; defects as structured governed records; support assignment, revision/status, review/approval, evidence, audit and cross-functional handoff; provide specialist calculations/authoring or governed format interoperability where professional tooling requires it."
CBE-JTM-0128,CBE-JP-018,Civil engineer,D02,F05;F13;F19;F23;F26;F27,Engineering analysis / design / technical information,Autodesk,Autodesk Civil 3D,Civil design; calculations; specifications; coordination; site queries; inspections,Designs; calculations; specifications; RFIs; inspection records,Feasibility; Design; Construction,https://www.autodesk.com/products/civil-3d/overview,WEB_ANCHOR_VERIFIED,2026-09-21,"Provide native job workspace for Civil design; calculations; specifications; coordination; site queries; inspections; create/control Designs; calculations; specifications; RFIs; inspection records as structured governed records; support assignment, revision/status, review/approval, evidence, audit and cross-functional handoff; provide specialist calculations/authoring or governed format interoperability where professional tooling requires it."
CBE-JTM-0129,CBE-JP-018,Civil engineer,D02,F05;F13;F19;F23;F26;F27,Engineering analysis / design / technical information,Bentley Systems,Bentley OpenRoads Designer,Civil design; calculations; specifications; coordination; site queries; inspections,Designs; calculations; specifications; RFIs; inspection records,Feasibility; Design; Construction,,DISCOVERY_SEED_REQUIRES_MODULE_VERIFICATION,2026-09-21,"Provide native job workspace for Civil design; calculations; specifications; coordination; site queries; inspections; create/control Designs; calculations; specifications; RFIs; inspection records as structured governed records; support assignment, revision/status, review/approval, evidence, audit and cross-functional handoff; provide specialist calculations/authoring or governed format interoperability where professional tooling requires it."
CBE-JTM-0130,CBE-JP-018,Civil engineer,D02,F05;F13;F19;F23;F26;F27,Engineering analysis / design / technical information,12d Synergy / 12d Solutions,12d Model,Civil design; calculations; specifications; coordination; site queries; inspections,Designs; calculations; specifications; RFIs; inspection records,Feasibility; Design; Construction,,DISCOVERY_SEED_REQUIRES_MODULE_VERIFICATION,2026-09-21,"Provide native job workspace for Civil design; calculations; specifications; coordination; site queries; inspections; create/control Designs; calculations; specifications; RFIs; inspection records as structured governed records; support assignment, revision/status, review/approval, evidence, audit and cross-functional handoff; provide specialist calculations/authoring or governed format interoperability where professional tooling requires it."
CBE-JTM-0131,CBE-JP-018,Civil engineer,D02,F05;F13;F19;F23;F26;F27,Engineering analysis / design / technical information,Bentley Systems,Bentley MicroStation,Civil design; calculations; specifications; coordination; site queries; inspections,Designs; calculations; specifications; RFIs; inspection records,Feasibility; Design; Construction,,DISCOVERY_SEED_REQUIRES_MODULE_VERIFICATION,2026-09-21,"Provide native job workspace for Civil design; calculations; specifications; coordination; site queries; inspections; create/control Designs; calculations; specifications; RFIs; inspection records as structured governed records; support assignment, revision/status, review/approval, evidence, audit and cross-functional handoff; provide specialist calculations/authoring or governed format interoperability where professional tooling requires it."
CBE-JTM-0132,CBE-JP-018,Civil engineer,D02,F05;F13;F19;F23;F26;F27,Engineering analysis / design / technical information,Autodesk,Autodesk InfraWorks,Civil design; calculations; specifications; coordination; site queries; inspections,Designs; calculations; specifications; RFIs; inspection records,Feasibility; Design; Construction,,DISCOVERY_SEED_REQUIRES_MODULE_VERIFICATION,2026-09-21,"Provide native job workspace for Civil design; calculations; specifications; coordination; site queries; inspections; create/control Designs; calculations; specifications; RFIs; inspection records as structured governed records; support assignment, revision/status, review/approval, evidence, audit and cross-functional handoff; provide specialist calculations/authoring or governed format interoperability where professional tooling requires it."
CBE-JTM-0133,CBE-JP-018,Civil engineer,D02,F05;F13;F19;F23;F26;F27,Engineering analysis / design / technical information,Trimble,Tekla Tedds,Civil design; calculations; specifications; coordination; site queries; inspections,Designs; calculations; specifications; RFIs; inspection records,Feasibility; Design; Construction,,DISCOVERY_SEED_REQUIRES_MODULE_VERIFICATION,2026-09-21,"Provide native job workspace for Civil design; calculations; specifications; coordination; site queries; inspections; create/control Designs; calculations; specifications; RFIs; inspection records as structured governed records; support assignment, revision/status, review/approval, evidence, audit and cross-functional handoff; provide specialist calculations/authoring or governed format interoperability where professional tooling requires it."
CBE-JTM-0134,CBE-JP-018,Civil engineer,D02,F05;F13;F19;F23;F26;F27,Engineering analysis / design / technical information,Autodesk,Autodesk Navisworks,Civil design; calculations; specifications; coordination; site queries; inspections,Designs; calculations; specifications; RFIs; inspection records,Feasibility; Design; Construction,,DISCOVERY_SEED_REQUIRES_MODULE_VERIFICATION,2026-09-21,"Provide native job workspace for Civil design; calculations; specifications; coordination; site queries; inspections; create/control Designs; calculations; specifications; RFIs; inspection records as structured governed records; support assignment, revision/status, review/approval, evidence, audit and cross-functional handoff; provide specialist calculations/authoring or governed format interoperability where professional tooling requires it."
CBE-JTM-0135,CBE-JP-018,Civil engineer,D02,F05;F13;F19;F23;F26;F27,Engineering analysis / design / technical information,Bentley Systems,Bentley ProjectWise,Civil design; calculations; specifications; coordination; site queries; inspections,Designs; calculations; specifications; RFIs; inspection records,Feasibility; Design; Construction,,DISCOVERY_SEED_REQUIRES_MODULE_VERIFICATION,2026-09-21,"Provide native job workspace for Civil design; calculations; specifications; coordination; site queries; inspections; create/control Designs; calculations; specifications; RFIs; inspection records as structured governed records; support assignment, revision/status, review/approval, evidence, audit and cross-functional handoff; provide specialist calculations/authoring or governed format interoperability where professional tooling requires it."
CBE-JTM-0136,CBE-JP-018,Civil engineer,D02,F05;F13;F19;F23;F26;F27,Engineering analysis / design / technical information,Bluebeam,Bluebeam Revu,Civil design; calculations; specifications; coordination; site queries; inspections,Designs; calculations; specifications; RFIs; inspection records,Feasibility; Design; Construction,https://www.bluebeam.com/revu/,WEB_ANCHOR_VERIFIED,2026-09-21,"Provide native job workspace for Civil design; calculations; specifications; coordination; site queries; inspections; create/control Designs; calculations; specifications; RFIs; inspection records as structured governed records; support assignment, revision/status, review/approval, evidence, audit and cross-functional handoff; provide specialist calculations/authoring or governed format interoperability where professional tooling requires it."
CBE-JTM-0137,CBE-JP-019,Civil engineering technician,D02,F05;F13;F19;F23;F26;F27,Engineering analysis / design / technical information,Autodesk,Autodesk Civil 3D,CAD/BIM support; surveys; calculations; drawings; records,Drawings; models; survey data; schedules,Design; Construction,https://www.autodesk.com/products/civil-3d/overview,WEB_ANCHOR_VERIFIED,2026-09-21,"Provide native job workspace for CAD/BIM support; surveys; calculations; drawings; records; create/control Drawings; models; survey data; schedules as structured governed records; support assignment, revision/status, review/approval, evidence, audit and cross-functional handoff; provide specialist calculations/authoring or governed format interoperability where professional tooling requires it."
CBE-JTM-0138,CBE-JP-019,Civil engineering technician,D02,F05;F13;F19;F23;F26;F27,Engineering analysis / design / technical information,Bentley Systems,Bentley OpenRoads Designer,CAD/BIM support; surveys; calculations; drawings; records,Drawings; models; survey data; schedules,Design; Construction,,DISCOVERY_SEED_REQUIRES_MODULE_VERIFICATION,2026-09-21,"Provide native job workspace for CAD/BIM support; surveys; calculations; drawings; records; create/control Drawings; models; survey data; schedules as structured governed records; support assignment, revision/status, review/approval, evidence, audit and cross-functional handoff; provide specialist calculations/authoring or governed format interoperability where professional tooling requires it."
CBE-JTM-0139,CBE-JP-019,Civil engineering technician,D02,F05;F13;F19;F23;F26;F27,Engineering analysis / design / technical information,Autodesk,AutoCAD,CAD/BIM support; surveys; calculations; drawings; records,Drawings; models; survey data; schedules,Design; Construction,,DISCOVERY_SEED_REQUIRES_MODULE_VERIFICATION,2026-09-21,"Provide native job workspace for CAD/BIM support; surveys; calculations; drawings; records; create/control Drawings; models; survey data; schedules as structured governed records; support assignment, revision/status, review/approval, evidence, audit and cross-functional handoff; provide specialist calculations/authoring or governed format interoperability where professional tooling requires it."
CBE-JTM-0140,CBE-JP-019,Civil engineering technician,D02,F05;F13;F19;F23;F26;F27,Engineering analysis / design / technical information,Bentley Systems,Bentley MicroStation,CAD/BIM support; surveys; calculations; drawings; records,Drawings; models; survey data; schedules,Design; Construction,,DISCOVERY_SEED_REQUIRES_MODULE_VERIFICATION,2026-09-21,"Provide native job workspace for CAD/BIM support; surveys; calculations; drawings; records; create/control Drawings; models; survey data; schedules as structured governed records; support assignment, revision/status, review/approval, evidence, audit and cross-functional handoff; provide specialist calculations/authoring or governed format interoperability where professional tooling requires it."
CBE-JTM-0141,CBE-JP-019,Civil engineering technician,D02,F05;F13;F19;F23;F26;F27,Engineering analysis / design / technical information,Trimble,Trimble Business Center,CAD/BIM support; surveys; calculations; drawings; records,Drawings; models; survey data; schedules,Design; Construction,https://geospatial.trimble.com/en/products/software/trimble-business-center,WEB_ANCHOR_VERIFIED,2026-09-21,"Provide native job workspace for CAD/BIM support; surveys; calculations; drawings; records; create/control Drawings; models; survey data; schedules as structured governed records; support assignment, revision/status, review/approval, evidence, audit and cross-functional handoff; provide specialist calculations/authoring or governed format interoperability where professional tooling requires it."
CBE-JTM-0142,CBE-JP-019,Civil engineering technician,D02,F05;F13;F19;F23;F26;F27,Engineering analysis / design / technical information,Autodesk,Autodesk Navisworks,CAD/BIM support; surveys; calculations; drawings; records,Drawings; models; survey data; schedules,Design; Construction,,DISCOVERY_SEED_REQUIRES_MODULE_VERIFICATION,2026-09-21,"Provide native job workspace for CAD/BIM support; surveys; calculations; drawings; records; create/control Drawings; models; survey data; schedules as structured governed records; support assignment, revision/status, review/approval, evidence, audit and cross-functional handoff; provide specialist calculations/authoring or governed format interoperability where professional tooling requires it."
CBE-JTM-0143,CBE-JP-019,Civil engineering technician,D02,F05;F13;F19;F23;F26;F27,Engineering analysis / design / technical information,Bluebeam,Bluebeam Revu,CAD/BIM support; surveys; calculations; drawings; records,Drawings; models; survey data; schedules,Design; Construction,https://www.bluebeam.com/revu/,WEB_ANCHOR_VERIFIED,2026-09-21,"Provide native job workspace for CAD/BIM support; surveys; calculations; drawings; records; create/control Drawings; models; survey data; schedules as structured governed records; support assignment, revision/status, review/approval, evidence, audit and cross-functional handoff; provide specialist calculations/authoring or governed format interoperability where professional tooling requires it."
CBE-JTM-0144,CBE-JP-020,Commercial energy assessor,D09,F05;F12;F13;F22;F23;F26;F27,Energy assessment / retrofit / field execution,IES,IES VE 2026,Property data capture; energy assessment; evidence; certificate workflow,Assessment records; evidence; EPC-related outputs,Survey; Assessment; Certification,https://www.iesve.com/ve2026,WEB_ANCHOR_VERIFIED,2026-09-21,"Provide native job workspace for Property data capture; energy assessment; evidence; certificate workflow; create/control Assessment records; evidence; EPC-related outputs as structured governed records; support assignment, revision/status, review/approval, evidence, audit and cross-functional handoff; provide specialist calculations/authoring or governed format interoperability where professional tooling requires it."
CBE-JTM-0145,CBE-JP-020,Commercial energy assessor,D09,F05;F12;F13;F22;F23;F26;F27,Energy assessment / retrofit / field execution,DesignBuilder Software,DesignBuilder,Property data capture; energy assessment; evidence; certificate workflow,Assessment records; evidence; EPC-related outputs,Survey; Assessment; Certification,,DISCOVERY_SEED_REQUIRES_MODULE_VERIFICATION,2026-09-21,"Provide native job workspace for Property data capture; energy assessment; evidence; certificate workflow; create/control Assessment records; evidence; EPC-related outputs as structured governed records; support assignment, revision/status, review/approval, evidence, audit and cross-functional handoff; provide specialist calculations/authoring or governed format interoperability where professional tooling requires it."
CBE-JTM-0146,CBE-JP-020,Commercial energy assessor,D09,F05;F12;F13;F22;F23;F26;F27,Energy assessment / retrofit / field execution,Elmhurst Energy,Elmhurst SBEM Online,Property data capture; energy assessment; evidence; certificate workflow,Assessment records; evidence; EPC-related outputs,Survey; Assessment; Certification,https://www.elmhurstenergy.co.uk/software-with-elmhurst/,WEB_ANCHOR_VERIFIED,2026-09-21,"Provide native job workspace for Property data capture; energy assessment; evidence; certificate workflow; create/control Assessment records; evidence; EPC-related outputs as structured governed records; support assignment, revision/status, review/approval, evidence, audit and cross-functional handoff; provide specialist calculations/authoring or governed format interoperability where professional tooling requires it."
CBE-JTM-0147,CBE-JP-020,Commercial energy assessor,D09,F05;F12;F13;F22;F23;F26;F27,Energy assessment / retrofit / field execution,UK NCM,iSBEM,Property data capture; energy assessment; evidence; certificate workflow,Assessment records; evidence; EPC-related outputs,Survey; Assessment; Certification,,DISCOVERY_SEED_REQUIRES_MODULE_VERIFICATION,2026-09-21,"Provide native job workspace for Property data capture; energy assessment; evidence; certificate workflow; create/control Assessment records; evidence; EPC-related outputs as structured governed records; support assignment, revision/status, review/approval, evidence, audit and cross-functional handoff; provide specialist calculations/authoring or governed format interoperability where professional tooling requires it."
CBE-JTM-0148,CBE-JP-020,Commercial energy assessor,D09,F05;F12;F13;F22;F23;F26;F27,Energy assessment / retrofit / field execution,Bentley Systems,Bentley EnergySimulator,Property data capture; energy assessment; evidence; certificate workflow,Assessment records; evidence; EPC-related outputs,Survey; Assessment; Certification,,DISCOVERY_SEED_REQUIRES_MODULE_VERIFICATION,2026-09-21,"Provide native job workspace for Property data capture; energy assessment; evidence; certificate workflow; create/control Assessment records; evidence; EPC-related outputs as structured governed records; support assignment, revision/status, review/approval, evidence, audit and cross-functional handoff; provide specialist calculations/authoring or governed format interoperability where professional tooling requires it."
CBE-JTM-0149,CBE-JP-021,Conservator,D13,F05;F12;F13;F19;F22;F23;F26;F27,Heritage / landscape / conservation information,Arches Project,Arches,Condition assessment; conservation plan; treatment records; provenance/evidence,Condition reports; treatment plans; photos; conservation records,Survey; Conservation; Maintenance,,DISCOVERY_SEED_REQUIRES_MODULE_VERIFICATION,2026-09-21,"Provide native job workspace for Condition assessment; conservation plan; treatment records; provenance/evidence; create/control Condition reports; treatment plans; photos; conservation records as structured governed records; support assignment, revision/status, review/approval, evidence, audit and cross-functional handoff; provide specialist calculations/authoring or governed format interoperability where professional tooling requires it."
CBE-JTM-0150,CBE-JP-021,Conservator,D13,F05;F12;F13;F19;F22;F23;F26;F27,Heritage / landscape / conservation information,Axiell,Axiell Collections,Condition assessment; conservation plan; treatment records; provenance/evidence,Condition reports; treatment plans; photos; conservation records,Survey; Conservation; Maintenance,,DISCOVERY_SEED_REQUIRES_MODULE_VERIFICATION,2026-09-21,"Provide native job workspace for Condition assessment; conservation plan; treatment records; provenance/evidence; create/control Condition reports; treatment plans; photos; conservation records as structured governed records; support assignment, revision/status, review/approval, evidence, audit and cross-functional handoff; provide specialist calculations/authoring or governed format interoperability where professional tooling requires it."
CBE-JTM-0151,CBE-JP-021,Conservator,D13,F05;F12;F13;F19;F22;F23;F26;F27,Heritage / landscape / conservation information,Esri,Esri ArcGIS Pro,Condition assessment; conservation plan; treatment records; provenance/evidence,Condition reports; treatment plans; photos; conservation records,Survey; Conservation; Maintenance,,DISCOVERY_SEED_REQUIRES_MODULE_VERIFICATION,2026-09-21,"Provide native job workspace for Condition assessment; conservation plan; treatment records; provenance/evidence; create/control Condition reports; treatment plans; photos; conservation records as structured governed records; support assignment, revision/status, review/approval, evidence, audit and cross-functional handoff; provide specialist calculations/authoring or governed format interoperability where professional tooling requires it."
CBE-JTM-0152,CBE-JP-021,Conservator,D13,F05;F12;F13;F19;F22;F23;F26;F27,Heritage / landscape / conservation information,QGIS Project,QGIS,Condition assessment; conservation plan; treatment records; provenance/evidence,Condition reports; treatment plans; photos; conservation records,Survey; Conservation; Maintenance,,DISCOVERY_SEED_REQUIRES_MODULE_VERIFICATION,2026-09-21,"Provide native job workspace for Condition assessment; conservation plan; treatment records; provenance/evidence; create/control Condition reports; treatment plans; photos; conservation records as structured governed records; support assignment, revision/status, review/approval, evidence, audit and cross-functional handoff; provide specialist calculations/authoring or governed format interoperability where professional tooling requires it."
CBE-JTM-0153,CBE-JP-021,Conservator,D13,F05;F12;F13;F19;F22;F23;F26;F27,Heritage / landscape / conservation information,Bluebeam,Bluebeam Revu,Condition assessment; conservation plan; treatment records; provenance/evidence,Condition reports; treatment plans; photos; conservation records,Survey; Conservation; Maintenance,https://www.bluebeam.com/revu/,WEB_ANCHOR_VERIFIED,2026-09-21,"Provide native job workspace for Condition assessment; conservation plan; treatment records; provenance/evidence; create/control Condition reports; treatment plans; photos; conservation records as structured governed records; support assignment, revision/status, review/approval, evidence, audit and cross-functional handoff; provide specialist calculations/authoring or governed format interoperability where professional tooling requires it."
CBE-JTM-0154,CBE-JP-021,Conservator,D13,F05;F12;F13;F19;F22;F23;F26;F27,Heritage / landscape / conservation information,Autodesk,Autodesk ReCap Pro,Condition assessment; conservation plan; treatment records; provenance/evidence,Condition reports; treatment plans; photos; conservation records,Survey; Conservation; Maintenance,,DISCOVERY_SEED_REQUIRES_MODULE_VERIFICATION,2026-09-21,"Provide native job workspace for Condition assessment; conservation plan; treatment records; provenance/evidence; create/control Condition reports; treatment plans; photos; conservation records as structured governed records; support assignment, revision/status, review/approval, evidence, audit and cross-functional handoff; provide specialist calculations/authoring or governed format interoperability where professional tooling requires it."
CBE-JTM-0155,CBE-JP-021,Conservator,D13,F05;F12;F13;F19;F22;F23;F26;F27,Heritage / landscape / conservation information,Agisoft,Agisoft Metashape,Condition assessment; conservation plan; treatment records; provenance/evidence,Condition reports; treatment plans; photos; conservation records,Survey; Conservation; Maintenance,,DISCOVERY_SEED_REQUIRES_MODULE_VERIFICATION,2026-09-21,"Provide native job workspace for Condition assessment; conservation plan; treatment records; provenance/evidence; create/control Condition reports; treatment plans; photos; conservation records as structured governed records; support assignment, revision/status, review/approval, evidence, audit and cross-functional handoff; provide specialist calculations/authoring or governed format interoperability where professional tooling requires it."
CBE-JTM-0156,CBE-JP-022,Construction contracts manager,D04,F07;F09;F14;F19;F20;F26;F27,Estimating / commercial / contract administration,Thinkproject,Thinkproject CEMAR,Contract register; obligations; notices; change; payment; claims; correspondence,Contracts; notices; instructions; variations; payment records,Pre-contract; Construction; Closeout,,DISCOVERY_SEED_REQUIRES_MODULE_VERIFICATION,2026-09-21,"Provide native job workspace for Contract register; obligations; notices; change; payment; claims; correspondence; create/control Contracts; notices; instructions; variations; payment records as structured governed records; support assignment, revision/status, review/approval, evidence, audit and cross-functional handoff; provide specialist calculations/authoring or governed format interoperability where professional tooling requires it."
CBE-JTM-0157,CBE-JP-022,Construction contracts manager,D04,F07;F09;F14;F19;F20;F26;F27,Estimating / commercial / contract administration,Oracle,Oracle Primavera Unifier,Contract register; obligations; notices; change; payment; claims; correspondence,Contracts; notices; instructions; variations; payment records,Pre-contract; Construction; Closeout,https://www.oracle.com/construction-engineering/primavera-unifier/,WEB_ANCHOR_VERIFIED,2026-09-21,"Provide native job workspace for Contract register; obligations; notices; change; payment; claims; correspondence; create/control Contracts; notices; instructions; variations; payment records as structured governed records; support assignment, revision/status, review/approval, evidence, audit and cross-functional handoff; provide specialist calculations/authoring or governed format interoperability where professional tooling requires it."
CBE-JTM-0158,CBE-JP-022,Construction contracts manager,D04,F07;F09;F14;F19;F20;F26;F27,Estimating / commercial / contract administration,Oracle,Oracle Aconex,Contract register; obligations; notices; change; payment; claims; correspondence,Contracts; notices; instructions; variations; payment records,Pre-contract; Construction; Closeout,https://www.oracle.com/construction-engineering/aconex/,WEB_ANCHOR_VERIFIED,2026-09-21,"Provide native job workspace for Contract register; obligations; notices; change; payment; claims; correspondence; create/control Contracts; notices; instructions; variations; payment records as structured governed records; support assignment, revision/status, review/approval, evidence, audit and cross-functional handoff; provide specialist calculations/authoring or governed format interoperability where professional tooling requires it."
CBE-JTM-0159,CBE-JP-022,Construction contracts manager,D04,F07;F09;F14;F19;F20;F26;F27,Estimating / commercial / contract administration,Asite,Asite,Contract register; obligations; notices; change; payment; claims; correspondence,Contracts; notices; instructions; variations; payment records,Pre-contract; Construction; Closeout,,DISCOVERY_SEED_REQUIRES_MODULE_VERIFICATION,2026-09-21,"Provide native job workspace for Contract register; obligations; notices; change; payment; claims; correspondence; create/control Contracts; notices; instructions; variations; payment records as structured governed records; support assignment, revision/status, review/approval, evidence, audit and cross-functional handoff; provide specialist calculations/authoring or governed format interoperability where professional tooling requires it."
CBE-JTM-0160,CBE-JP-022,Construction contracts manager,D04,F07;F09;F14;F19;F20;F26;F27,Estimating / commercial / contract administration,Procore,Procore,Contract register; obligations; notices; change; payment; claims; correspondence,Contracts; notices; instructions; variations; payment records,Pre-contract; Construction; Closeout,https://www.procore.com/,WEB_ANCHOR_VERIFIED,2026-09-21,"Provide native job workspace for Contract register; obligations; notices; change; payment; claims; correspondence; create/control Contracts; notices; instructions; variations; payment records as structured governed records; support assignment, revision/status, review/approval, evidence, audit and cross-functional handoff; provide specialist calculations/authoring or governed format interoperability where professional tooling requires it."
CBE-JTM-0161,CBE-JP-022,Construction contracts manager,D04,F07;F09;F14;F19;F20;F26;F27,Estimating / commercial / contract administration,Icertis,Icertis Contract Intelligence,Contract register; obligations; notices; change; payment; claims; correspondence,Contracts; notices; instructions; variations; payment records,Pre-contract; Construction; Closeout,,DISCOVERY_SEED_REQUIRES_MODULE_VERIFICATION,2026-09-21,"Provide native job workspace for Contract register; obligations; notices; change; payment; claims; correspondence; create/control Contracts; notices; instructions; variations; payment records as structured governed records; support assignment, revision/status, review/approval, evidence, audit and cross-functional handoff; provide specialist calculations/authoring or governed format interoperability where professional tooling requires it."
CBE-JTM-0162,CBE-JP-023,Construction labourer,D06,F09;F10;F12;F13;F23;F26;F27,Construction management / field execution,Procore,Procore,Task allocation; attendance; inductions; daily work; equipment; safety records,Timesheets; task records; inductions; site diary entries,Construction,https://www.procore.com/,WEB_ANCHOR_VERIFIED,2026-09-21,"Provide native job workspace for Task allocation; attendance; inductions; daily work; equipment; safety records; create/control Timesheets; task records; inductions; site diary entries as structured governed records; support assignment, revision/status, review/approval, evidence, audit and cross-functional handoff; provide specialist calculations/authoring or governed format interoperability where professional tooling requires it."
CBE-JTM-0163,CBE-JP-023,Construction labourer,D06,F09;F10;F12;F13;F23;F26;F27,Construction management / field execution,Autodesk,Autodesk Build,Task allocation; attendance; inductions; daily work; equipment; safety records,Timesheets; task records; inductions; site diary entries,Construction,https://construction.autodesk.com/products/autodesk-build/,WEB_ANCHOR_VERIFIED,2026-09-21,"Provide native job workspace for Task allocation; attendance; inductions; daily work; equipment; safety records; create/control Timesheets; task records; inductions; site diary entries as structured governed records; support assignment, revision/status, review/approval, evidence, audit and cross-functional handoff; provide specialist calculations/authoring or governed format interoperability where professional tooling requires it."
CBE-JTM-0164,CBE-JP-023,Construction labourer,D06,F09;F10;F12;F13;F23;F26;F27,Construction management / field execution,Dalux,Dalux Field,Task allocation; attendance; inductions; daily work; equipment; safety records,Timesheets; task records; inductions; site diary entries,Construction,,DISCOVERY_SEED_REQUIRES_MODULE_VERIFICATION,2026-09-21,"Provide native job workspace for Task allocation; attendance; inductions; daily work; equipment; safety records; create/control Timesheets; task records; inductions; site diary entries as structured governed records; support assignment, revision/status, review/approval, evidence, audit and cross-functional handoff; provide specialist calculations/authoring or governed format interoperability where professional tooling requires it."
CBE-JTM-0165,CBE-JP-023,Construction labourer,D06,F09;F10;F12;F13;F23;F26;F27,Construction management / field execution,SafetyCulture,SafetyCulture,Task allocation; attendance; inductions; daily work; equipment; safety records,Timesheets; task records; inductions; site diary entries,Construction,,DISCOVERY_SEED_REQUIRES_MODULE_VERIFICATION,2026-09-21,"Provide native job workspace for Task allocation; attendance; inductions; daily work; equipment; safety records; create/control Timesheets; task records; inductions; site diary entries as structured governed records; support assignment, revision/status, review/approval, evidence, audit and cross-functional handoff; provide specialist calculations/authoring or governed format interoperability where professional tooling requires it."
CBE-JTM-0166,CBE-JP-023,Construction labourer,D06,F09;F10;F12;F13;F23;F26;F27,Construction management / field execution,BigChange,BigChange,Task allocation; attendance; inductions; daily work; equipment; safety records,Timesheets; task records; inductions; site diary entries,Construction,,DISCOVERY_SEED_REQUIRES_MODULE_VERIFICATION,2026-09-21,"Provide native job workspace for Task allocation; attendance; inductions; daily work; equipment; safety records; create/control Timesheets; task records; inductions; site diary entries as structured governed records; support assignment, revision/status, review/approval, evidence, audit and cross-functional handoff; provide specialist calculations/authoring or governed format interoperability where professional tooling requires it."
CBE-JTM-0167,CBE-JP-023,Construction labourer,D06,F09;F10;F12;F13;F23;F26;F27,Construction management / field execution,Samsara,Samsara,Task allocation; attendance; inductions; daily work; equipment; safety records,Timesheets; task records; inductions; site diary entries,Construction,,DISCOVERY_SEED_REQUIRES_MODULE_VERIFICATION,2026-09-21,"Provide native job workspace for Task allocation; attendance; inductions; daily work; equipment; safety records; create/control Timesheets; task records; inductions; site diary entries as structured governed records; support assignment, revision/status, review/approval, evidence, audit and cross-functional handoff; provide specialist calculations/authoring or governed format interoperability where professional tooling requires it."
CBE-JTM-0168,CBE-JP-024,Construction manager,D06,F09;F10;F12;F13;F23;F26;F27,Construction management / field execution,Oracle,Oracle Primavera P6,Programme; packages; coordination; site diary; labour; plant; quality; safety; progress,Programme; diaries; RFIs; reports; inspections; progress records,Pre-construction; Construction; Handover,https://www.oracle.com/construction-engineering/primavera-p6/,WEB_ANCHOR_VERIFIED,2026-09-21,"Provide native job workspace for Programme; packages; coordination; site diary; labour; plant; quality; safety; progress; create/control Programme; diaries; RFIs; reports; inspections; progress records as structured governed records; support assignment, revision/status, review/approval, evidence, audit and cross-functional handoff; provide specialist calculations/authoring or governed format interoperability where professional tooling requires it."
CBE-JTM-0169,CBE-JP-024,Construction manager,D06,F09;F10;F12;F13;F23;F26;F27,Construction management / field execution,Elecosoft,Asta Powerproject,Programme; packages; coordination; site diary; labour; plant; quality; safety; progress,Programme; diaries; RFIs; reports; inspections; progress records,Pre-construction; Construction; Handover,,DISCOVERY_SEED_REQUIRES_MODULE_VERIFICATION,2026-09-21,"Provide native job workspace for Programme; packages; coordination; site diary; labour; plant; quality; safety; progress; create/control Programme; diaries; RFIs; reports; inspections; progress records as structured governed records; support assignment, revision/status, review/approval, evidence, audit and cross-functional handoff; provide specialist calculations/authoring or governed format interoperability where professional tooling requires it."
CBE-JTM-0170,CBE-JP-024,Construction manager,D06,F09;F10;F12;F13;F23;F26;F27,Construction management / field execution,Procore,Procore,Programme; packages; coordination; site diary; labour; plant; quality; safety; progress,Programme; diaries; RFIs; reports; inspections; progress records,Pre-construction; Construction; Handover,https://www.procore.com/,WEB_ANCHOR_VERIFIED,2026-09-21,"Provide native job workspace for Programme; packages; coordination; site diary; labour; plant; quality; safety; progress; create/control Programme; diaries; RFIs; reports; inspections; progress records as structured governed records; support assignment, revision/status, review/approval, evidence, audit and cross-functional handoff; provide specialist calculations/authoring or governed format interoperability where professional tooling requires it."
CBE-JTM-0171,CBE-JP-024,Construction manager,D06,F09;F10;F12;F13;F23;F26;F27,Construction management / field execution,Autodesk,Autodesk Build,Programme; packages; coordination; site diary; labour; plant; quality; safety; progress,Programme; diaries; RFIs; reports; inspections; progress records,Pre-construction; Construction; Handover,https://construction.autodesk.com/products/autodesk-build/,WEB_ANCHOR_VERIFIED,2026-09-21,"Provide native job workspace for Programme; packages; coordination; site diary; labour; plant; quality; safety; progress; create/control Programme; diaries; RFIs; reports; inspections; progress records as structured governed records; support assignment, revision/status, review/approval, evidence, audit and cross-functional handoff; provide specialist calculations/authoring or governed format interoperability where professional tooling requires it."
CBE-JTM-0172,CBE-JP-024,Construction manager,D06,F09;F10;F12;F13;F23;F26;F27,Construction management / field execution,Oracle,Oracle Aconex,Programme; packages; coordination; site diary; labour; plant; quality; safety; progress,Programme; diaries; RFIs; reports; inspections; progress records,Pre-construction; Construction; Handover,https://www.oracle.com/construction-engineering/aconex/,WEB_ANCHOR_VERIFIED,2026-09-21,"Provide native job workspace for Programme; packages; coordination; site diary; labour; plant; quality; safety; progress; create/control Programme; diaries; RFIs; reports; inspections; progress records as structured governed records; support assignment, revision/status, review/approval, evidence, audit and cross-functional handoff; provide specialist calculations/authoring or governed format interoperability where professional tooling requires it."
CBE-JTM-0173,CBE-JP-024,Construction manager,D06,F09;F10;F12;F13;F23;F26;F27,Construction management / field execution,Asite,Asite,Programme; packages; coordination; site diary; labour; plant; quality; safety; progress,Programme; diaries; RFIs; reports; inspections; progress records,Pre-construction; Construction; Handover,,DISCOVERY_SEED_REQUIRES_MODULE_VERIFICATION,2026-09-21,"Provide native job workspace for Programme; packages; coordination; site diary; labour; plant; quality; safety; progress; create/control Programme; diaries; RFIs; reports; inspections; progress records as structured governed records; support assignment, revision/status, review/approval, evidence, audit and cross-functional handoff; provide specialist calculations/authoring or governed format interoperability where professional tooling requires it."
CBE-JTM-0174,CBE-JP-024,Construction manager,D06,F09;F10;F12;F13;F23;F26;F27,Construction management / field execution,Dalux,Dalux,Programme; packages; coordination; site diary; labour; plant; quality; safety; progress,Programme; diaries; RFIs; reports; inspections; progress records,Pre-construction; Construction; Handover,,DISCOVERY_SEED_REQUIRES_MODULE_VERIFICATION,2026-09-21,"Provide native job workspace for Programme; packages; coordination; site diary; labour; plant; quality; safety; progress; create/control Programme; diaries; RFIs; reports; inspections; progress records as structured governed records; support assignment, revision/status, review/approval, evidence, audit and cross-functional handoff; provide specialist calculations/authoring or governed format interoperability where professional tooling requires it."
CBE-JTM-0175,CBE-JP-024,Construction manager,D06,F09;F10;F12;F13;F23;F26;F27,Construction management / field execution,Trimble,Trimble Field View,Programme; packages; coordination; site diary; labour; plant; quality; safety; progress,Programme; diaries; RFIs; reports; inspections; progress records,Pre-construction; Construction; Handover,,DISCOVERY_SEED_REQUIRES_MODULE_VERIFICATION,2026-09-21,"Provide native job workspace for Programme; packages; coordination; site diary; labour; plant; quality; safety; progress; create/control Programme; diaries; RFIs; reports; inspections; progress records as structured governed records; support assignment, revision/status, review/approval, evidence, audit and cross-functional handoff; provide specialist calculations/authoring or governed format interoperability where professional tooling requires it."
CBE-JTM-0176,CBE-JP-024,Construction manager,D06,F09;F10;F12;F13;F23;F26;F27,Construction management / field execution,Bluebeam,Bluebeam Revu,Programme; packages; coordination; site diary; labour; plant; quality; safety; progress,Programme; diaries; RFIs; reports; inspections; progress records,Pre-construction; Construction; Handover,https://www.bluebeam.com/revu/,WEB_ANCHOR_VERIFIED,2026-09-21,"Provide native job workspace for Programme; packages; coordination; site diary; labour; plant; quality; safety; progress; create/control Programme; diaries; RFIs; reports; inspections; progress records as structured governed records; support assignment, revision/status, review/approval, evidence, audit and cross-functional handoff; provide specialist calculations/authoring or governed format interoperability where professional tooling requires it."
CBE-JTM-0177,CBE-JP-024,Construction manager,D06,F09;F10;F12;F13;F23;F26;F27,Construction management / field execution,SafetyCulture,SafetyCulture,Programme; packages; coordination; site diary; labour; plant; quality; safety; progress,Programme; diaries; RFIs; reports; inspections; progress records,Pre-construction; Construction; Handover,,DISCOVERY_SEED_REQUIRES_MODULE_VERIFICATION,2026-09-21,"Provide native job workspace for Programme; packages; coordination; site diary; labour; plant; quality; safety; progress; create/control Programme; diaries; RFIs; reports; inspections; progress records as structured governed records; support assignment, revision/status, review/approval, evidence, audit and cross-functional handoff; provide specialist calculations/authoring or governed format interoperability where professional tooling requires it."
CBE-JTM-0178,CBE-JP-025,Construction plant mechanic,D11,F09;F10;F11;F12;F13;F22;F23;F26;F27,Plant / specialist operations / production,HCSS,HCSS Equipment360,Asset register; servicing; defects; inspections; parts; breakdowns,Asset records; service history; defect reports; work orders,Construction; Maintenance,,DISCOVERY_SEED_REQUIRES_MODULE_VERIFICATION,2026-09-21,"Provide native job workspace for Asset register; servicing; defects; inspections; parts; breakdowns; create/control Asset records; service history; defect reports; work orders as structured governed records; support assignment, revision/status, review/approval, evidence, audit and cross-functional handoff; provide specialist calculations/authoring or governed format interoperability where professional tooling requires it."
CBE-JTM-0179,CBE-JP-025,Construction plant mechanic,D11,F09;F10;F11;F12;F13;F22;F23;F26;F27,Plant / specialist operations / production,Tenna,Tenna,Asset register; servicing; defects; inspections; parts; breakdowns,Asset records; service history; defect reports; work orders,Construction; Maintenance,,DISCOVERY_SEED_REQUIRES_MODULE_VERIFICATION,2026-09-21,"Provide native job workspace for Asset register; servicing; defects; inspections; parts; breakdowns; create/control Asset records; service history; defect reports; work orders as structured governed records; support assignment, revision/status, review/approval, evidence, audit and cross-functional handoff; provide specialist calculations/authoring or governed format interoperability where professional tooling requires it."
CBE-JTM-0180,CBE-JP-025,Construction plant mechanic,D11,F09;F10;F11;F12;F13;F22;F23;F26;F27,Plant / specialist operations / production,Samsara,Samsara,Asset register; servicing; defects; inspections; parts; breakdowns,Asset records; service history; defect reports; work orders,Construction; Maintenance,,DISCOVERY_SEED_REQUIRES_MODULE_VERIFICATION,2026-09-21,"Provide native job workspace for Asset register; servicing; defects; inspections; parts; breakdowns; create/control Asset records; service history; defect reports; work orders as structured governed records; support assignment, revision/status, review/approval, evidence, audit and cross-functional handoff; provide specialist calculations/authoring or governed format interoperability where professional tooling requires it."
CBE-JTM-0181,CBE-JP-025,Construction plant mechanic,D11,F09;F10;F11;F12;F13;F22;F23;F26;F27,Plant / specialist operations / production,IBM,IBM Maximo Application Suite,Asset register; servicing; defects; inspections; parts; breakdowns,Asset records; service history; defect reports; work orders,Construction; Maintenance,,DISCOVERY_SEED_REQUIRES_MODULE_VERIFICATION,2026-09-21,"Provide native job workspace for Asset register; servicing; defects; inspections; parts; breakdowns; create/control Asset records; service history; defect reports; work orders as structured governed records; support assignment, revision/status, review/approval, evidence, audit and cross-functional handoff; provide specialist calculations/authoring or governed format interoperability where professional tooling requires it."
CBE-JTM-0182,CBE-JP-025,Construction plant mechanic,D11,F09;F10;F11;F12;F13;F22;F23;F26;F27,Plant / specialist operations / production,Rockwell Automation,Fiix CMMS,Asset register; servicing; defects; inspections; parts; breakdowns,Asset records; service history; defect reports; work orders,Construction; Maintenance,,DISCOVERY_SEED_REQUIRES_MODULE_VERIFICATION,2026-09-21,"Provide native job workspace for Asset register; servicing; defects; inspections; parts; breakdowns; create/control Asset records; service history; defect reports; work orders as structured governed records; support assignment, revision/status, review/approval, evidence, audit and cross-functional handoff; provide specialist calculations/authoring or governed format interoperability where professional tooling requires it."
CBE-JTM-0183,CBE-JP-025,Construction plant mechanic,D11,F09;F10;F11;F12;F13;F22;F23;F26;F27,Plant / specialist operations / production,SafetyCulture,SafetyCulture,Asset register; servicing; defects; inspections; parts; breakdowns,Asset records; service history; defect reports; work orders,Construction; Maintenance,,DISCOVERY_SEED_REQUIRES_MODULE_VERIFICATION,2026-09-21,"Provide native job workspace for Asset register; servicing; defects; inspections; parts; breakdowns; create/control Asset records; service history; defect reports; work orders as structured governed records; support assignment, revision/status, review/approval, evidence, audit and cross-functional handoff; provide specialist calculations/authoring or governed format interoperability where professional tooling requires it."
CBE-JTM-0184,CBE-JP-026,Construction plant operator,D11,F09;F10;F11;F12;F13;F22;F23;F26;F27,Plant / specialist operations / production,Tenna,Tenna,Plant allocation; pre-use checks; hours; tasks; defects; competencies,Plant checks; utilisation; task logs; defect records,Construction,,DISCOVERY_SEED_REQUIRES_MODULE_VERIFICATION,2026-09-21,"Provide native job workspace for Plant allocation; pre-use checks; hours; tasks; defects; competencies; create/control Plant checks; utilisation; task logs; defect records as structured governed records; support assignment, revision/status, review/approval, evidence, audit and cross-functional handoff; provide specialist calculations/authoring or governed format interoperability where professional tooling requires it."
CBE-JTM-0185,CBE-JP-026,Construction plant operator,D11,F09;F10;F11;F12;F13;F22;F23;F26;F27,Plant / specialist operations / production,Samsara,Samsara,Plant allocation; pre-use checks; hours; tasks; defects; competencies,Plant checks; utilisation; task logs; defect records,Construction,,DISCOVERY_SEED_REQUIRES_MODULE_VERIFICATION,2026-09-21,"Provide native job workspace for Plant allocation; pre-use checks; hours; tasks; defects; competencies; create/control Plant checks; utilisation; task logs; defect records as structured governed records; support assignment, revision/status, review/approval, evidence, audit and cross-functional handoff; provide specialist calculations/authoring or governed format interoperability where professional tooling requires it."
CBE-JTM-0186,CBE-JP-026,Construction plant operator,D11,F09;F10;F11;F12;F13;F22;F23;F26;F27,Plant / specialist operations / production,HCSS,HCSS Equipment360,Plant allocation; pre-use checks; hours; tasks; defects; competencies,Plant checks; utilisation; task logs; defect records,Construction,,DISCOVERY_SEED_REQUIRES_MODULE_VERIFICATION,2026-09-21,"Provide native job workspace for Plant allocation; pre-use checks; hours; tasks; defects; competencies; create/control Plant checks; utilisation; task logs; defect records as structured governed records; support assignment, revision/status, review/approval, evidence, audit and cross-functional handoff; provide specialist calculations/authoring or governed format interoperability where professional tooling requires it."
CBE-JTM-0187,CBE-JP-026,Construction plant operator,D11,F09;F10;F11;F12;F13;F22;F23;F26;F27,Plant / specialist operations / production,Procore,Procore,Plant allocation; pre-use checks; hours; tasks; defects; competencies,Plant checks; utilisation; task logs; defect records,Construction,https://www.procore.com/,WEB_ANCHOR_VERIFIED,2026-09-21,"Provide native job workspace for Plant allocation; pre-use checks; hours; tasks; defects; competencies; create/control Plant checks; utilisation; task logs; defect records as structured governed records; support assignment, revision/status, review/approval, evidence, audit and cross-functional handoff; provide specialist calculations/authoring or governed format interoperability where professional tooling requires it."
CBE-JTM-0188,CBE-JP-026,Construction plant operator,D11,F09;F10;F11;F12;F13;F22;F23;F26;F27,Plant / specialist operations / production,Autodesk,Autodesk Build,Plant allocation; pre-use checks; hours; tasks; defects; competencies,Plant checks; utilisation; task logs; defect records,Construction,https://construction.autodesk.com/products/autodesk-build/,WEB_ANCHOR_VERIFIED,2026-09-21,"Provide native job workspace for Plant allocation; pre-use checks; hours; tasks; defects; competencies; create/control Plant checks; utilisation; task logs; defect records as structured governed records; support assignment, revision/status, review/approval, evidence, audit and cross-functional handoff; provide specialist calculations/authoring or governed format interoperability where professional tooling requires it."
CBE-JTM-0189,CBE-JP-026,Construction plant operator,D11,F09;F10;F11;F12;F13;F22;F23;F26;F27,Plant / specialist operations / production,SafetyCulture,SafetyCulture,Plant allocation; pre-use checks; hours; tasks; defects; competencies,Plant checks; utilisation; task logs; defect records,Construction,,DISCOVERY_SEED_REQUIRES_MODULE_VERIFICATION,2026-09-21,"Provide native job workspace for Plant allocation; pre-use checks; hours; tasks; defects; competencies; create/control Plant checks; utilisation; task logs; defect records as structured governed records; support assignment, revision/status, review/approval, evidence, audit and cross-functional handoff; provide specialist calculations/authoring or governed format interoperability where professional tooling requires it."
CBE-JTM-0190,CBE-JP-027,Construction site supervisor,D06,F09;F10;F12;F13;F23;F26;F27,Construction management / field execution,Procore,Procore,Daily supervision; labour; inspections; permits; quality; progress; safety,Site diary; inspections; permits; progress records,Construction,https://www.procore.com/,WEB_ANCHOR_VERIFIED,2026-09-21,"Provide native job workspace for Daily supervision; labour; inspections; permits; quality; progress; safety; create/control Site diary; inspections; permits; progress records as structured governed records; support assignment, revision/status, review/approval, evidence, audit and cross-functional handoff; provide specialist calculations/authoring or governed format interoperability where professional tooling requires it."
CBE-JTM-0191,CBE-JP-027,Construction site supervisor,D06,F09;F10;F12;F13;F23;F26;F27,Construction management / field execution,Autodesk,Autodesk Build,Daily supervision; labour; inspections; permits; quality; progress; safety,Site diary; inspections; permits; progress records,Construction,https://construction.autodesk.com/products/autodesk-build/,WEB_ANCHOR_VERIFIED,2026-09-21,"Provide native job workspace for Daily supervision; labour; inspections; permits; quality; progress; safety; create/control Site diary; inspections; permits; progress records as structured governed records; support assignment, revision/status, review/approval, evidence, audit and cross-functional handoff; provide specialist calculations/authoring or governed format interoperability where professional tooling requires it."
CBE-JTM-0192,CBE-JP-027,Construction site supervisor,D06,F09;F10;F12;F13;F23;F26;F27,Construction management / field execution,Dalux,Dalux Field,Daily supervision; labour; inspections; permits; quality; progress; safety,Site diary; inspections; permits; progress records,Construction,,DISCOVERY_SEED_REQUIRES_MODULE_VERIFICATION,2026-09-21,"Provide native job workspace for Daily supervision; labour; inspections; permits; quality; progress; safety; create/control Site diary; inspections; permits; progress records as structured governed records; support assignment, revision/status, review/approval, evidence, audit and cross-functional handoff; provide specialist calculations/authoring or governed format interoperability where professional tooling requires it."
CBE-JTM-0193,CBE-JP-027,Construction site supervisor,D06,F09;F10;F12;F13;F23;F26;F27,Construction management / field execution,Trimble,Trimble Field View,Daily supervision; labour; inspections; permits; quality; progress; safety,Site diary; inspections; permits; progress records,Construction,,DISCOVERY_SEED_REQUIRES_MODULE_VERIFICATION,2026-09-21,"Provide native job workspace for Daily supervision; labour; inspections; permits; quality; progress; safety; create/control Site diary; inspections; permits; progress records as structured governed records; support assignment, revision/status, review/approval, evidence, audit and cross-functional handoff; provide specialist calculations/authoring or governed format interoperability where professional tooling requires it."
CBE-JTM-0194,CBE-JP-027,Construction site supervisor,D06,F09;F10;F12;F13;F23;F26;F27,Construction management / field execution,PlanRadar,PlanRadar,Daily supervision; labour; inspections; permits; quality; progress; safety,Site diary; inspections; permits; progress records,Construction,,DISCOVERY_SEED_REQUIRES_MODULE_VERIFICATION,2026-09-21,"Provide native job workspace for Daily supervision; labour; inspections; permits; quality; progress; safety; create/control Site diary; inspections; permits; progress records as structured governed records; support assignment, revision/status, review/approval, evidence, audit and cross-functional handoff; provide specialist calculations/authoring or governed format interoperability where professional tooling requires it."
CBE-JTM-0195,CBE-JP-027,Construction site supervisor,D06,F09;F10;F12;F13;F23;F26;F27,Construction management / field execution,SafetyCulture,SafetyCulture,Daily supervision; labour; inspections; permits; quality; progress; safety,Site diary; inspections; permits; progress records,Construction,,DISCOVERY_SEED_REQUIRES_MODULE_VERIFICATION,2026-09-21,"Provide native job workspace for Daily supervision; labour; inspections; permits; quality; progress; safety; create/control Site diary; inspections; permits; progress records as structured governed records; support assignment, revision/status, review/approval, evidence, audit and cross-functional handoff; provide specialist calculations/authoring or governed format interoperability where professional tooling requires it."
CBE-JTM-0196,CBE-JP-027,Construction site supervisor,D06,F09;F10;F12;F13;F23;F26;F27,Construction management / field execution,Bluebeam,Bluebeam Revu,Daily supervision; labour; inspections; permits; quality; progress; safety,Site diary; inspections; permits; progress records,Construction,https://www.bluebeam.com/revu/,WEB_ANCHOR_VERIFIED,2026-09-21,"Provide native job workspace for Daily supervision; labour; inspections; permits; quality; progress; safety; create/control Site diary; inspections; permits; progress records as structured governed records; support assignment, revision/status, review/approval, evidence, audit and cross-functional handoff; provide specialist calculations/authoring or governed format interoperability where professional tooling requires it."
CBE-JTM-0197,CBE-JP-028,Crane driver,D11,F09;F10;F11;F12;F13;F22;F23;F26;F27,Plant / specialist operations / production,A1A Software,3D Lift Plan,Lift allocation; pre-use checks; plant hours; competency; lift records; defects,Checks; lift logs; utilisation; defect records,Construction,,DISCOVERY_SEED_REQUIRES_MODULE_VERIFICATION,2026-09-21,"Provide native job workspace for Lift allocation; pre-use checks; plant hours; competency; lift records; defects; create/control Checks; lift logs; utilisation; defect records as structured governed records; support assignment, revision/status, review/approval, evidence, audit and cross-functional handoff; provide specialist calculations/authoring or governed format interoperability where professional tooling requires it."
CBE-JTM-0198,CBE-JP-028,Crane driver,D11,F09;F10;F11;F12;F13;F22;F23;F26;F27,Plant / specialist operations / production,Liebherr,Liebherr Crane Planner 2.0,Lift allocation; pre-use checks; plant hours; competency; lift records; defects,Checks; lift logs; utilisation; defect records,Construction,,DISCOVERY_SEED_REQUIRES_MODULE_VERIFICATION,2026-09-21,"Provide native job workspace for Lift allocation; pre-use checks; plant hours; competency; lift records; defects; create/control Checks; lift logs; utilisation; defect records as structured governed records; support assignment, revision/status, review/approval, evidence, audit and cross-functional handoff; provide specialist calculations/authoring or governed format interoperability where professional tooling requires it."
CBE-JTM-0199,CBE-JP-028,Crane driver,D11,F09;F10;F11;F12;F13;F22;F23;F26;F27,Plant / specialist operations / production,Procore,Procore,Lift allocation; pre-use checks; plant hours; competency; lift records; defects,Checks; lift logs; utilisation; defect records,Construction,https://www.procore.com/,WEB_ANCHOR_VERIFIED,2026-09-21,"Provide native job workspace for Lift allocation; pre-use checks; plant hours; competency; lift records; defects; create/control Checks; lift logs; utilisation; defect records as structured governed records; support assignment, revision/status, review/approval, evidence, audit and cross-functional handoff; provide specialist calculations/authoring or governed format interoperability where professional tooling requires it."
CBE-JTM-0200,CBE-JP-028,Crane driver,D11,F09;F10;F11;F12;F13;F22;F23;F26;F27,Plant / specialist operations / production,Autodesk,Autodesk Build,Lift allocation; pre-use checks; plant hours; competency; lift records; defects,Checks; lift logs; utilisation; defect records,Construction,https://construction.autodesk.com/products/autodesk-build/,WEB_ANCHOR_VERIFIED,2026-09-21,"Provide native job workspace for Lift allocation; pre-use checks; plant hours; competency; lift records; defects; create/control Checks; lift logs; utilisation; defect records as structured governed records; support assignment, revision/status, review/approval, evidence, audit and cross-functional handoff; provide specialist calculations/authoring or governed format interoperability where professional tooling requires it."
CBE-JTM-0201,CBE-JP-028,Crane driver,D11,F09;F10;F11;F12;F13;F22;F23;F26;F27,Plant / specialist operations / production,SafetyCulture,SafetyCulture,Lift allocation; pre-use checks; plant hours; competency; lift records; defects,Checks; lift logs; utilisation; defect records,Construction,,DISCOVERY_SEED_REQUIRES_MODULE_VERIFICATION,2026-09-21,"Provide native job workspace for Lift allocation; pre-use checks; plant hours; competency; lift records; defects; create/control Checks; lift logs; utilisation; defect records as structured governed records; support assignment, revision/status, review/approval, evidence, audit and cross-functional handoff; provide specialist calculations/authoring or governed format interoperability where professional tooling requires it."
CBE-JTM-0202,CBE-JP-028,Crane driver,D11,F09;F10;F11;F12;F13;F22;F23;F26;F27,Plant / specialist operations / production,Tenna,Tenna,Lift allocation; pre-use checks; plant hours; competency; lift records; defects,Checks; lift logs; utilisation; defect records,Construction,,DISCOVERY_SEED_REQUIRES_MODULE_VERIFICATION,2026-09-21,"Provide native job workspace for Lift allocation; pre-use checks; plant hours; competency; lift records; defects; create/control Checks; lift logs; utilisation; defect records as structured governed records; support assignment, revision/status, review/approval, evidence, audit and cross-functional handoff; provide specialist calculations/authoring or governed format interoperability where professional tooling requires it."
CBE-JTM-0203,CBE-JP-029,Demolition operative,D06,F09;F10;F12;F13;F23;F26;F27,Construction management / field execution,Procore,Procore,Method/task planning; permits; hazardous materials records; waste; progress,RAMS references; permits; waste records; photos; task logs,Enabling; Demolition,https://www.procore.com/,WEB_ANCHOR_VERIFIED,2026-09-21,"Provide native job workspace for Method/task planning; permits; hazardous materials records; waste; progress; create/control RAMS references; permits; waste records; photos; task logs as structured governed records; support assignment, revision/status, review/approval, evidence, audit and cross-functional handoff; provide specialist calculations/authoring or governed format interoperability where professional tooling requires it."
CBE-JTM-0204,CBE-JP-029,Demolition operative,D06,F09;F10;F12;F13;F23;F26;F27,Construction management / field execution,Autodesk,Autodesk Build,Method/task planning; permits; hazardous materials records; waste; progress,RAMS references; permits; waste records; photos; task logs,Enabling; Demolition,https://construction.autodesk.com/products/autodesk-build/,WEB_ANCHOR_VERIFIED,2026-09-21,"Provide native job workspace for Method/task planning; permits; hazardous materials records; waste; progress; create/control RAMS references; permits; waste records; photos; task logs as structured governed records; support assignment, revision/status, review/approval, evidence, audit and cross-functional handoff; provide specialist calculations/authoring or governed format interoperability where professional tooling requires it."
CBE-JTM-0205,CBE-JP-029,Demolition operative,D06,F09;F10;F12;F13;F23;F26;F27,Construction management / field execution,Dalux,Dalux Field,Method/task planning; permits; hazardous materials records; waste; progress,RAMS references; permits; waste records; photos; task logs,Enabling; Demolition,,DISCOVERY_SEED_REQUIRES_MODULE_VERIFICATION,2026-09-21,"Provide native job workspace for Method/task planning; permits; hazardous materials records; waste; progress; create/control RAMS references; permits; waste records; photos; task logs as structured governed records; support assignment, revision/status, review/approval, evidence, audit and cross-functional handoff; provide specialist calculations/authoring or governed format interoperability where professional tooling requires it."
CBE-JTM-0206,CBE-JP-029,Demolition operative,D06,F09;F10;F12;F13;F23;F26;F27,Construction management / field execution,PlanRadar,PlanRadar,Method/task planning; permits; hazardous materials records; waste; progress,RAMS references; permits; waste records; photos; task logs,Enabling; Demolition,,DISCOVERY_SEED_REQUIRES_MODULE_VERIFICATION,2026-09-21,"Provide native job workspace for Method/task planning; permits; hazardous materials records; waste; progress; create/control RAMS references; permits; waste records; photos; task logs as structured governed records; support assignment, revision/status, review/approval, evidence, audit and cross-functional handoff; provide specialist calculations/authoring or governed format interoperability where professional tooling requires it."
CBE-JTM-0207,CBE-JP-029,Demolition operative,D06,F09;F10;F12;F13;F23;F26;F27,Construction management / field execution,SafetyCulture,SafetyCulture,Method/task planning; permits; hazardous materials records; waste; progress,RAMS references; permits; waste records; photos; task logs,Enabling; Demolition,,DISCOVERY_SEED_REQUIRES_MODULE_VERIFICATION,2026-09-21,"Provide native job workspace for Method/task planning; permits; hazardous materials records; waste; progress; create/control RAMS references; permits; waste records; photos; task logs as structured governed records; support assignment, revision/status, review/approval, evidence, audit and cross-functional handoff; provide specialist calculations/authoring or governed format interoperability where professional tooling requires it."
CBE-JTM-0208,CBE-JP-029,Demolition operative,D06,F09;F10;F12;F13;F23;F26;F27,Construction management / field execution,BigChange,BigChange,Method/task planning; permits; hazardous materials records; waste; progress,RAMS references; permits; waste records; photos; task logs,Enabling; Demolition,,DISCOVERY_SEED_REQUIRES_MODULE_VERIFICATION,2026-09-21,"Provide native job workspace for Method/task planning; permits; hazardous materials records; waste; progress; create/control RAMS references; permits; waste records; photos; task logs as structured governed records; support assignment, revision/status, review/approval, evidence, audit and cross-functional handoff; provide specialist calculations/authoring or governed format interoperability where professional tooling requires it."
CBE-JTM-0209,CBE-JP-030,Domestic energy assessor,D09,F05;F12;F13;F22;F23;F26;F27,Energy assessment / retrofit / field execution,Elmhurst Energy,Elmhurst RdSAP Go,Dwelling data capture; energy assessment; evidence; certificate workflow,Assessment records; evidence; EPC-related outputs,Survey; Assessment; Certification,https://www.elmhurstenergy.co.uk/rdsap-mobile/,WEB_ANCHOR_VERIFIED,2026-09-21,"Provide native job workspace for Dwelling data capture; energy assessment; evidence; certificate workflow; create/control Assessment records; evidence; EPC-related outputs as structured governed records; support assignment, revision/status, review/approval, evidence, audit and cross-functional handoff; provide specialist calculations/authoring or governed format interoperability where professional tooling requires it."
CBE-JTM-0210,CBE-JP-030,Domestic energy assessor,D09,F05;F12;F13;F22;F23;F26;F27,Energy assessment / retrofit / field execution,Elmhurst Energy,Elmhurst RdSAP Online,Dwelling data capture; energy assessment; evidence; certificate workflow,Assessment records; evidence; EPC-related outputs,Survey; Assessment; Certification,https://www.elmhurstenergy.co.uk/rdsap-online/,WEB_ANCHOR_VERIFIED,2026-09-21,"Provide native job workspace for Dwelling data capture; energy assessment; evidence; certificate workflow; create/control Assessment records; evidence; EPC-related outputs as structured governed records; support assignment, revision/status, review/approval, evidence, audit and cross-functional handoff; provide specialist calculations/authoring or governed format interoperability where professional tooling requires it."
CBE-JTM-0211,CBE-JP-030,Domestic energy assessor,D09,F05;F12;F13;F22;F23;F26;F27,Energy assessment / retrofit / field execution,Quidos,Quidos iQ-Energy,Dwelling data capture; energy assessment; evidence; certificate workflow,Assessment records; evidence; EPC-related outputs,Survey; Assessment; Certification,https://quidos.co.uk/software/,WEB_ANCHOR_VERIFIED,2026-09-21,"Provide native job workspace for Dwelling data capture; energy assessment; evidence; certificate workflow; create/control Assessment records; evidence; EPC-related outputs as structured governed records; support assignment, revision/status, review/approval, evidence, audit and cross-functional handoff; provide specialist calculations/authoring or governed format interoperability where professional tooling requires it."
CBE-JTM-0212,CBE-JP-030,Domestic energy assessor,D09,F05;F12;F13;F22;F23;F26;F27,Energy assessment / retrofit / field execution,Elmhurst Energy,Elmhurst Design SAP 10,Dwelling data capture; energy assessment; evidence; certificate workflow,Assessment records; evidence; EPC-related outputs,Survey; Assessment; Certification,https://www.elmhurstenergy.co.uk/design-sap-software/,WEB_ANCHOR_VERIFIED,2026-09-21,"Provide native job workspace for Dwelling data capture; energy assessment; evidence; certificate workflow; create/control Assessment records; evidence; EPC-related outputs as structured governed records; support assignment, revision/status, review/approval, evidence, audit and cross-functional handoff; provide specialist calculations/authoring or governed format interoperability where professional tooling requires it."
CBE-JTM-0213,CBE-JP-031,Dryliner,D07,F09;F10;F12;F13;F23;F26;F27,Trade field execution / estimating / evidence,Procore,Procore,Take-off; layout; installation; materials; progress; defects,Work orders; material usage; photos; snagging,Fit-out,https://www.procore.com/,WEB_ANCHOR_VERIFIED,2026-09-21,"Provide native job workspace for Take-off; layout; installation; materials; progress; defects; create/control Work orders; material usage; photos; snagging as structured governed records; support assignment, revision/status, review/approval, evidence, audit and cross-functional handoff; provide specialist calculations/authoring or governed format interoperability where professional tooling requires it."
CBE-JTM-0214,CBE-JP-031,Dryliner,D07,F09;F10;F12;F13;F23;F26;F27,Trade field execution / estimating / evidence,Autodesk,Autodesk Build,Take-off; layout; installation; materials; progress; defects,Work orders; material usage; photos; snagging,Fit-out,https://construction.autodesk.com/products/autodesk-build/,WEB_ANCHOR_VERIFIED,2026-09-21,"Provide native job workspace for Take-off; layout; installation; materials; progress; defects; create/control Work orders; material usage; photos; snagging as structured governed records; support assignment, revision/status, review/approval, evidence, audit and cross-functional handoff; provide specialist calculations/authoring or governed format interoperability where professional tooling requires it."
CBE-JTM-0215,CBE-JP-031,Dryliner,D07,F09;F10;F12;F13;F23;F26;F27,Trade field execution / estimating / evidence,Dalux,Dalux Field,Take-off; layout; installation; materials; progress; defects,Work orders; material usage; photos; snagging,Fit-out,,DISCOVERY_SEED_REQUIRES_MODULE_VERIFICATION,2026-09-21,"Provide native job workspace for Take-off; layout; installation; materials; progress; defects; create/control Work orders; material usage; photos; snagging as structured governed records; support assignment, revision/status, review/approval, evidence, audit and cross-functional handoff; provide specialist calculations/authoring or governed format interoperability where professional tooling requires it."
CBE-JTM-0216,CBE-JP-031,Dryliner,D07,F09;F10;F12;F13;F23;F26;F27,Trade field execution / estimating / evidence,SafetyCulture,SafetyCulture,Take-off; layout; installation; materials; progress; defects,Work orders; material usage; photos; snagging,Fit-out,,DISCOVERY_SEED_REQUIRES_MODULE_VERIFICATION,2026-09-21,"Provide native job workspace for Take-off; layout; installation; materials; progress; defects; create/control Work orders; material usage; photos; snagging as structured governed records; support assignment, revision/status, review/approval, evidence, audit and cross-functional handoff; provide specialist calculations/authoring or governed format interoperability where professional tooling requires it."
CBE-JTM-0217,CBE-JP-031,Dryliner,D07,F09;F10;F12;F13;F23;F26;F27,Trade field execution / estimating / evidence,Tradify,Tradify,Take-off; layout; installation; materials; progress; defects,Work orders; material usage; photos; snagging,Fit-out,,DISCOVERY_SEED_REQUIRES_MODULE_VERIFICATION,2026-09-21,"Provide native job workspace for Take-off; layout; installation; materials; progress; defects; create/control Work orders; material usage; photos; snagging as structured governed records; support assignment, revision/status, review/approval, evidence, audit and cross-functional handoff; provide specialist calculations/authoring or governed format interoperability where professional tooling requires it."
CBE-JTM-0218,CBE-JP-031,Dryliner,D07,F09;F10;F12;F13;F23;F26;F27,Trade field execution / estimating / evidence,Fergus,Fergus,Take-off; layout; installation; materials; progress; defects,Work orders; material usage; photos; snagging,Fit-out,,DISCOVERY_SEED_REQUIRES_MODULE_VERIFICATION,2026-09-21,"Provide native job workspace for Take-off; layout; installation; materials; progress; defects; create/control Work orders; material usage; photos; snagging as structured governed records; support assignment, revision/status, review/approval, evidence, audit and cross-functional handoff; provide specialist calculations/authoring or governed format interoperability where professional tooling requires it."
CBE-JTM-0219,CBE-JP-031,Dryliner,D07,F09;F10;F12;F13;F23;F26;F27,Trade field execution / estimating / evidence,Bluebeam,Bluebeam Revu,Take-off; layout; installation; materials; progress; defects,Work orders; material usage; photos; snagging,Fit-out,https://www.bluebeam.com/revu/,WEB_ANCHOR_VERIFIED,2026-09-21,"Provide native job workspace for Take-off; layout; installation; materials; progress; defects; create/control Work orders; material usage; photos; snagging as structured governed records; support assignment, revision/status, review/approval, evidence, audit and cross-functional handoff; provide specialist calculations/authoring or governed format interoperability where professional tooling requires it."
CBE-JTM-0220,CBE-JP-032,Electrician,D08,F09;F10;F12;F13;F22;F23;F26;F27,Building-services design / field service / certification,Trimble,Trimble ProDesign,Survey; estimate; schedule; installation; circuits; testing; defects; certification; maintenance,Quotes; job sheets; circuit/test records; certificates; invoices,Design support; Installation; Testing; Maintenance,,DISCOVERY_SEED_REQUIRES_MODULE_VERIFICATION,2026-09-21,"Provide native job workspace for Survey; estimate; schedule; installation; circuits; testing; defects; certification; maintenance; create/control Quotes; job sheets; circuit/test records; certificates; invoices as structured governed records; support assignment, revision/status, review/approval, evidence, audit and cross-functional handoff; provide specialist calculations/authoring or governed format interoperability where professional tooling requires it."
CBE-JTM-0221,CBE-JP-032,Electrician,D08,F09;F10;F12;F13;F22;F23;F26;F27,Building-services design / field service / certification,MODECSOFT,ElectricalOM,Survey; estimate; schedule; installation; circuits; testing; defects; certification; maintenance,Quotes; job sheets; circuit/test records; certificates; invoices,Design support; Installation; Testing; Maintenance,,DISCOVERY_SEED_REQUIRES_MODULE_VERIFICATION,2026-09-21,"Provide native job workspace for Survey; estimate; schedule; installation; circuits; testing; defects; certification; maintenance; create/control Quotes; job sheets; circuit/test records; certificates; invoices as structured governed records; support assignment, revision/status, review/approval, evidence, audit and cross-functional handoff; provide specialist calculations/authoring or governed format interoperability where professional tooling requires it."
CBE-JTM-0222,CBE-JP-032,Electrician,D08,F09;F10;F12;F13;F22;F23;F26;F27,Building-services design / field service / certification,DIAL,DIALux evo,Survey; estimate; schedule; installation; circuits; testing; defects; certification; maintenance,Quotes; job sheets; circuit/test records; certificates; invoices,Design support; Installation; Testing; Maintenance,,DISCOVERY_SEED_REQUIRES_MODULE_VERIFICATION,2026-09-21,"Provide native job workspace for Survey; estimate; schedule; installation; circuits; testing; defects; certification; maintenance; create/control Quotes; job sheets; circuit/test records; certificates; invoices as structured governed records; support assignment, revision/status, review/approval, evidence, audit and cross-functional handoff; provide specialist calculations/authoring or governed format interoperability where professional tooling requires it."
CBE-JTM-0223,CBE-JP-032,Electrician,D08,F09;F10;F12;F13;F22;F23;F26;F27,Building-services design / field service / certification,simPRO,simPRO,Survey; estimate; schedule; installation; circuits; testing; defects; certification; maintenance,Quotes; job sheets; circuit/test records; certificates; invoices,Design support; Installation; Testing; Maintenance,,DISCOVERY_SEED_REQUIRES_MODULE_VERIFICATION,2026-09-21,"Provide native job workspace for Survey; estimate; schedule; installation; circuits; testing; defects; certification; maintenance; create/control Quotes; job sheets; circuit/test records; certificates; invoices as structured governed records; support assignment, revision/status, review/approval, evidence, audit and cross-functional handoff; provide specialist calculations/authoring or governed format interoperability where professional tooling requires it."
CBE-JTM-0224,CBE-JP-032,Electrician,D08,F09;F10;F12;F13;F22;F23;F26;F27,Building-services design / field service / certification,Joblogic,Joblogic,Survey; estimate; schedule; installation; circuits; testing; defects; certification; maintenance,Quotes; job sheets; circuit/test records; certificates; invoices,Design support; Installation; Testing; Maintenance,,DISCOVERY_SEED_REQUIRES_MODULE_VERIFICATION,2026-09-21,"Provide native job workspace for Survey; estimate; schedule; installation; circuits; testing; defects; certification; maintenance; create/control Quotes; job sheets; circuit/test records; certificates; invoices as structured governed records; support assignment, revision/status, review/approval, evidence, audit and cross-functional handoff; provide specialist calculations/authoring or governed format interoperability where professional tooling requires it."
CBE-JTM-0225,CBE-JP-032,Electrician,D08,F09;F10;F12;F13;F22;F23;F26;F27,Building-services design / field service / certification,Commusoft,Commusoft,Survey; estimate; schedule; installation; circuits; testing; defects; certification; maintenance,Quotes; job sheets; circuit/test records; certificates; invoices,Design support; Installation; Testing; Maintenance,,DISCOVERY_SEED_REQUIRES_MODULE_VERIFICATION,2026-09-21,"Provide native job workspace for Survey; estimate; schedule; installation; circuits; testing; defects; certification; maintenance; create/control Quotes; job sheets; circuit/test records; certificates; invoices as structured governed records; support assignment, revision/status, review/approval, evidence, audit and cross-functional handoff; provide specialist calculations/authoring or governed format interoperability where professional tooling requires it."
CBE-JTM-0226,CBE-JP-032,Electrician,D08,F09;F10;F12;F13;F22;F23;F26;F27,Building-services design / field service / certification,ServiceM8,ServiceM8,Survey; estimate; schedule; installation; circuits; testing; defects; certification; maintenance,Quotes; job sheets; circuit/test records; certificates; invoices,Design support; Installation; Testing; Maintenance,,DISCOVERY_SEED_REQUIRES_MODULE_VERIFICATION,2026-09-21,"Provide native job workspace for Survey; estimate; schedule; installation; circuits; testing; defects; certification; maintenance; create/control Quotes; job sheets; circuit/test records; certificates; invoices as structured governed records; support assignment, revision/status, review/approval, evidence, audit and cross-functional handoff; provide specialist calculations/authoring or governed format interoperability where professional tooling requires it."
CBE-JTM-0227,CBE-JP-032,Electrician,D08,F09;F10;F12;F13;F22;F23;F26;F27,Building-services design / field service / certification,Tradify,Tradify,Survey; estimate; schedule; installation; circuits; testing; defects; certification; maintenance,Quotes; job sheets; circuit/test records; certificates; invoices,Design support; Installation; Testing; Maintenance,,DISCOVERY_SEED_REQUIRES_MODULE_VERIFICATION,2026-09-21,"Provide native job workspace for Survey; estimate; schedule; installation; circuits; testing; defects; certification; maintenance; create/control Quotes; job sheets; circuit/test records; certificates; invoices as structured governed records; support assignment, revision/status, review/approval, evidence, audit and cross-functional handoff; provide specialist calculations/authoring or governed format interoperability where professional tooling requires it."
CBE-JTM-0228,CBE-JP-033,Engineering construction technician,D02,F05;F13;F19;F23;F26;F27,Engineering analysis / design / technical information,Autodesk,AutoCAD,Technical support; installation records; commissioning/decommissioning support; drawings,Drawings; technical records; test sheets; schedules,Design; Installation; Commissioning,,DISCOVERY_SEED_REQUIRES_MODULE_VERIFICATION,2026-09-21,"Provide native job workspace for Technical support; installation records; commissioning/decommissioning support; drawings; create/control Drawings; technical records; test sheets; schedules as structured governed records; support assignment, revision/status, review/approval, evidence, audit and cross-functional handoff; provide specialist calculations/authoring or governed format interoperability where professional tooling requires it."
CBE-JTM-0229,CBE-JP-033,Engineering construction technician,D02,F05;F13;F19;F23;F26;F27,Engineering analysis / design / technical information,Autodesk,Autodesk Revit,Technical support; installation records; commissioning/decommissioning support; drawings,Drawings; technical records; test sheets; schedules,Design; Installation; Commissioning,https://www.autodesk.com/products/revit/overview,WEB_ANCHOR_VERIFIED,2026-09-21,"Provide native job workspace for Technical support; installation records; commissioning/decommissioning support; drawings; create/control Drawings; technical records; test sheets; schedules as structured governed records; support assignment, revision/status, review/approval, evidence, audit and cross-functional handoff; provide specialist calculations/authoring or governed format interoperability where professional tooling requires it."
CBE-JTM-0230,CBE-JP-033,Engineering construction technician,D02,F05;F13;F19;F23;F26;F27,Engineering analysis / design / technical information,Autodesk,Autodesk Navisworks,Technical support; installation records; commissioning/decommissioning support; drawings,Drawings; technical records; test sheets; schedules,Design; Installation; Commissioning,,DISCOVERY_SEED_REQUIRES_MODULE_VERIFICATION,2026-09-21,"Provide native job workspace for Technical support; installation records; commissioning/decommissioning support; drawings; create/control Drawings; technical records; test sheets; schedules as structured governed records; support assignment, revision/status, review/approval, evidence, audit and cross-functional handoff; provide specialist calculations/authoring or governed format interoperability where professional tooling requires it."
CBE-JTM-0231,CBE-JP-033,Engineering construction technician,D02,F05;F13;F19;F23;F26;F27,Engineering analysis / design / technical information,Bluebeam,Bluebeam Revu,Technical support; installation records; commissioning/decommissioning support; drawings,Drawings; technical records; test sheets; schedules,Design; Installation; Commissioning,https://www.bluebeam.com/revu/,WEB_ANCHOR_VERIFIED,2026-09-21,"Provide native job workspace for Technical support; installation records; commissioning/decommissioning support; drawings; create/control Drawings; technical records; test sheets; schedules as structured governed records; support assignment, revision/status, review/approval, evidence, audit and cross-functional handoff; provide specialist calculations/authoring or governed format interoperability where professional tooling requires it."
CBE-JTM-0232,CBE-JP-033,Engineering construction technician,D02,F05;F13;F19;F23;F26;F27,Engineering analysis / design / technical information,Autodesk,Autodesk Docs,Technical support; installation records; commissioning/decommissioning support; drawings,Drawings; technical records; test sheets; schedules,Design; Installation; Commissioning,,DISCOVERY_SEED_REQUIRES_MODULE_VERIFICATION,2026-09-21,"Provide native job workspace for Technical support; installation records; commissioning/decommissioning support; drawings; create/control Drawings; technical records; test sheets; schedules as structured governed records; support assignment, revision/status, review/approval, evidence, audit and cross-functional handoff; provide specialist calculations/authoring or governed format interoperability where professional tooling requires it."
CBE-JTM-0233,CBE-JP-033,Engineering construction technician,D02,F05;F13;F19;F23;F26;F27,Engineering analysis / design / technical information,Trimble,Trimble Connect,Technical support; installation records; commissioning/decommissioning support; drawings,Drawings; technical records; test sheets; schedules,Design; Installation; Commissioning,,DISCOVERY_SEED_REQUIRES_MODULE_VERIFICATION,2026-09-21,"Provide native job workspace for Technical support; installation records; commissioning/decommissioning support; drawings; create/control Drawings; technical records; test sheets; schedules as structured governed records; support assignment, revision/status, review/approval, evidence, audit and cross-functional handoff; provide specialist calculations/authoring or governed format interoperability where professional tooling requires it."
CBE-JTM-0234,CBE-JP-034,Estimator,D04,F07;F09;F14;F19;F20;F26;F27,Estimating / commercial / contract administration,RIB Software,RIB CostX,Take-off; resource build-ups; supplier enquiries; estimates; tender submissions; revisions,Estimates; take-offs; RFQs; tender returns; bid documents,Pre-contract,,DISCOVERY_SEED_REQUIRES_MODULE_VERIFICATION,2026-09-21,"Provide native job workspace for Take-off; resource build-ups; supplier enquiries; estimates; tender submissions; revisions; create/control Estimates; take-offs; RFQs; tender returns; bid documents as structured governed records; support assignment, revision/status, review/approval, evidence, audit and cross-functional handoff; provide specialist calculations/authoring or governed format interoperability where professional tooling requires it."
CBE-JTM-0235,CBE-JP-034,Estimator,D04,F07;F09;F14;F19;F20;F26;F27,Estimating / commercial / contract administration,RIB Software,RIB Candy,Take-off; resource build-ups; supplier enquiries; estimates; tender submissions; revisions,Estimates; take-offs; RFQs; tender returns; bid documents,Pre-contract,,DISCOVERY_SEED_REQUIRES_MODULE_VERIFICATION,2026-09-21,"Provide native job workspace for Take-off; resource build-ups; supplier enquiries; estimates; tender submissions; revisions; create/control Estimates; take-offs; RFQs; tender returns; bid documents as structured governed records; support assignment, revision/status, review/approval, evidence, audit and cross-functional handoff; provide specialist calculations/authoring or governed format interoperability where professional tooling requires it."
CBE-JTM-0236,CBE-JP-034,Estimator,D04,F07;F09;F14;F19;F20;F26;F27,Estimating / commercial / contract administration,Causeway Technologies,Causeway Estimating,Take-off; resource build-ups; supplier enquiries; estimates; tender submissions; revisions,Estimates; take-offs; RFQs; tender returns; bid documents,Pre-contract,,DISCOVERY_SEED_REQUIRES_MODULE_VERIFICATION,2026-09-21,"Provide native job workspace for Take-off; resource build-ups; supplier enquiries; estimates; tender submissions; revisions; create/control Estimates; take-offs; RFQs; tender returns; bid documents as structured governed records; support assignment, revision/status, review/approval, evidence, audit and cross-functional handoff; provide specialist calculations/authoring or governed format interoperability where professional tooling requires it."
CBE-JTM-0237,CBE-JP-034,Estimator,D04,F07;F09;F14;F19;F20;F26;F27,Estimating / commercial / contract administration,ConQuest,ConQuest Estimating,Take-off; resource build-ups; supplier enquiries; estimates; tender submissions; revisions,Estimates; take-offs; RFQs; tender returns; bid documents,Pre-contract,,DISCOVERY_SEED_REQUIRES_MODULE_VERIFICATION,2026-09-21,"Provide native job workspace for Take-off; resource build-ups; supplier enquiries; estimates; tender submissions; revisions; create/control Estimates; take-offs; RFQs; tender returns; bid documents as structured governed records; support assignment, revision/status, review/approval, evidence, audit and cross-functional handoff; provide specialist calculations/authoring or governed format interoperability where professional tooling requires it."
CBE-JTM-0238,CBE-JP-034,Estimator,D04,F07;F09;F14;F19;F20;F26;F27,Estimating / commercial / contract administration,Autodesk,Autodesk Takeoff,Take-off; resource build-ups; supplier enquiries; estimates; tender submissions; revisions,Estimates; take-offs; RFQs; tender returns; bid documents,Pre-contract,,DISCOVERY_SEED_REQUIRES_MODULE_VERIFICATION,2026-09-21,"Provide native job workspace for Take-off; resource build-ups; supplier enquiries; estimates; tender submissions; revisions; create/control Estimates; take-offs; RFQs; tender returns; bid documents as structured governed records; support assignment, revision/status, review/approval, evidence, audit and cross-functional handoff; provide specialist calculations/authoring or governed format interoperability where professional tooling requires it."
CBE-JTM-0239,CBE-JP-034,Estimator,D04,F07;F09;F14;F19;F20;F26;F27,Estimating / commercial / contract administration,Bluebeam,Bluebeam Revu,Take-off; resource build-ups; supplier enquiries; estimates; tender submissions; revisions,Estimates; take-offs; RFQs; tender returns; bid documents,Pre-contract,https://www.bluebeam.com/revu/,WEB_ANCHOR_VERIFIED,2026-09-21,"Provide native job workspace for Take-off; resource build-ups; supplier enquiries; estimates; tender submissions; revisions; create/control Estimates; take-offs; RFQs; tender returns; bid documents as structured governed records; support assignment, revision/status, review/approval, evidence, audit and cross-functional handoff; provide specialist calculations/authoring or governed format interoperability where professional tooling requires it."
CBE-JTM-0240,CBE-JP-034,Estimator,D04,F07;F09;F14;F19;F20;F26;F27,Estimating / commercial / contract administration,Trimble,Trimble WinEst,Take-off; resource build-ups; supplier enquiries; estimates; tender submissions; revisions,Estimates; take-offs; RFQs; tender returns; bid documents,Pre-contract,,DISCOVERY_SEED_REQUIRES_MODULE_VERIFICATION,2026-09-21,"Provide native job workspace for Take-off; resource build-ups; supplier enquiries; estimates; tender submissions; revisions; create/control Estimates; take-offs; RFQs; tender returns; bid documents as structured governed records; support assignment, revision/status, review/approval, evidence, audit and cross-functional handoff; provide specialist calculations/authoring or governed format interoperability where professional tooling requires it."
CBE-JTM-0241,CBE-JP-034,Estimator,D04,F07;F09;F14;F19;F20;F26;F27,Estimating / commercial / contract administration,Sage,Sage Estimating,Take-off; resource build-ups; supplier enquiries; estimates; tender submissions; revisions,Estimates; take-offs; RFQs; tender returns; bid documents,Pre-contract,,DISCOVERY_SEED_REQUIRES_MODULE_VERIFICATION,2026-09-21,"Provide native job workspace for Take-off; resource build-ups; supplier enquiries; estimates; tender submissions; revisions; create/control Estimates; take-offs; RFQs; tender returns; bid documents as structured governed records; support assignment, revision/status, review/approval, evidence, audit and cross-functional handoff; provide specialist calculations/authoring or governed format interoperability where professional tooling requires it."
CBE-JTM-0242,CBE-JP-035,Facilities manager,D10,F08;F09;F12;F13;F14;F22;F23;F26;F27,Facilities / asset / maintenance operations,IBM,IBM Maximo Application Suite,Property/asset register; PPM; reactive maintenance; compliance; contractors; SLAs; budgets,Assets; work orders; service records; inspections; compliance evidence,Operations,,DISCOVERY_SEED_REQUIRES_MODULE_VERIFICATION,2026-09-21,"Provide native job workspace for Property/asset register; PPM; reactive maintenance; compliance; contractors; SLAs; budgets; create/control Assets; work orders; service records; inspections; compliance evidence as structured governed records; support assignment, revision/status, review/approval, evidence, audit and cross-functional handoff; provide specialist calculations/authoring or governed format interoperability where professional tooling requires it."
CBE-JTM-0243,CBE-JP-035,Facilities manager,D10,F08;F09;F12;F13;F14;F22;F23;F26;F27,Facilities / asset / maintenance operations,Planon,Planon IWMS,Property/asset register; PPM; reactive maintenance; compliance; contractors; SLAs; budgets,Assets; work orders; service records; inspections; compliance evidence,Operations,,DISCOVERY_SEED_REQUIRES_MODULE_VERIFICATION,2026-09-21,"Provide native job workspace for Property/asset register; PPM; reactive maintenance; compliance; contractors; SLAs; budgets; create/control Assets; work orders; service records; inspections; compliance evidence as structured governed records; support assignment, revision/status, review/approval, evidence, audit and cross-functional handoff; provide specialist calculations/authoring or governed format interoperability where professional tooling requires it."
CBE-JTM-0244,CBE-JP-035,Facilities manager,D10,F08;F09;F12;F13;F14;F22;F23;F26;F27,Facilities / asset / maintenance operations,MRI Software,MRI Software,Property/asset register; PPM; reactive maintenance; compliance; contractors; SLAs; budgets,Assets; work orders; service records; inspections; compliance evidence,Operations,,DISCOVERY_SEED_REQUIRES_MODULE_VERIFICATION,2026-09-21,"Provide native job workspace for Property/asset register; PPM; reactive maintenance; compliance; contractors; SLAs; budgets; create/control Assets; work orders; service records; inspections; compliance evidence as structured governed records; support assignment, revision/status, review/approval, evidence, audit and cross-functional handoff; provide specialist calculations/authoring or governed format interoperability where professional tooling requires it."
CBE-JTM-0245,CBE-JP-035,Facilities manager,D10,F08;F09;F12;F13;F14;F22;F23;F26;F27,Facilities / asset / maintenance operations,Eptura,Eptura / Archibus,Property/asset register; PPM; reactive maintenance; compliance; contractors; SLAs; budgets,Assets; work orders; service records; inspections; compliance evidence,Operations,,DISCOVERY_SEED_REQUIRES_MODULE_VERIFICATION,2026-09-21,"Provide native job workspace for Property/asset register; PPM; reactive maintenance; compliance; contractors; SLAs; budgets; create/control Assets; work orders; service records; inspections; compliance evidence as structured governed records; support assignment, revision/status, review/approval, evidence, audit and cross-functional handoff; provide specialist calculations/authoring or governed format interoperability where professional tooling requires it."
CBE-JTM-0246,CBE-JP-035,Facilities manager,D10,F08;F09;F12;F13;F14;F22;F23;F26;F27,Facilities / asset / maintenance operations,Spacewell,Spacewell,Property/asset register; PPM; reactive maintenance; compliance; contractors; SLAs; budgets,Assets; work orders; service records; inspections; compliance evidence,Operations,,DISCOVERY_SEED_REQUIRES_MODULE_VERIFICATION,2026-09-21,"Provide native job workspace for Property/asset register; PPM; reactive maintenance; compliance; contractors; SLAs; budgets; create/control Assets; work orders; service records; inspections; compliance evidence as structured governed records; support assignment, revision/status, review/approval, evidence, audit and cross-functional handoff; provide specialist calculations/authoring or governed format interoperability where professional tooling requires it."
CBE-JTM-0247,CBE-JP-035,Facilities manager,D10,F08;F09;F12;F13;F14;F22;F23;F26;F27,Facilities / asset / maintenance operations,IFS,IFS Cloud EAM,Property/asset register; PPM; reactive maintenance; compliance; contractors; SLAs; budgets,Assets; work orders; service records; inspections; compliance evidence,Operations,,DISCOVERY_SEED_REQUIRES_MODULE_VERIFICATION,2026-09-21,"Provide native job workspace for Property/asset register; PPM; reactive maintenance; compliance; contractors; SLAs; budgets; create/control Assets; work orders; service records; inspections; compliance evidence as structured governed records; support assignment, revision/status, review/approval, evidence, audit and cross-functional handoff; provide specialist calculations/authoring or governed format interoperability where professional tooling requires it."
CBE-JTM-0248,CBE-JP-035,Facilities manager,D10,F08;F09;F12;F13;F14;F22;F23;F26;F27,Facilities / asset / maintenance operations,Hexagon,HxGN EAM,Property/asset register; PPM; reactive maintenance; compliance; contractors; SLAs; budgets,Assets; work orders; service records; inspections; compliance evidence,Operations,,DISCOVERY_SEED_REQUIRES_MODULE_VERIFICATION,2026-09-21,"Provide native job workspace for Property/asset register; PPM; reactive maintenance; compliance; contractors; SLAs; budgets; create/control Assets; work orders; service records; inspections; compliance evidence as structured governed records; support assignment, revision/status, review/approval, evidence, audit and cross-functional handoff; provide specialist calculations/authoring or governed format interoperability where professional tooling requires it."
CBE-JTM-0249,CBE-JP-035,Facilities manager,D10,F08;F09;F12;F13;F14;F22;F23;F26;F27,Facilities / asset / maintenance operations,SAP,SAP Asset Management,Property/asset register; PPM; reactive maintenance; compliance; contractors; SLAs; budgets,Assets; work orders; service records; inspections; compliance evidence,Operations,,DISCOVERY_SEED_REQUIRES_MODULE_VERIFICATION,2026-09-21,"Provide native job workspace for Property/asset register; PPM; reactive maintenance; compliance; contractors; SLAs; budgets; create/control Assets; work orders; service records; inspections; compliance evidence as structured governed records; support assignment, revision/status, review/approval, evidence, audit and cross-functional handoff; provide specialist calculations/authoring or governed format interoperability where professional tooling requires it."
CBE-JTM-0250,CBE-JP-036,Fence installer,D07,F09;F10;F12;F13;F23;F26;F27,Trade field execution / estimating / evidence,Tradify,Tradify,Survey; estimate; set-out; installation; materials; completion,Quotes; work orders; material usage; photos,Construction / External works,,DISCOVERY_SEED_REQUIRES_MODULE_VERIFICATION,2026-09-21,"Provide native job workspace for Survey; estimate; set-out; installation; materials; completion; create/control Quotes; work orders; material usage; photos as structured governed records; support assignment, revision/status, review/approval, evidence, audit and cross-functional handoff; provide specialist calculations/authoring or governed format interoperability where professional tooling requires it."
CBE-JTM-0251,CBE-JP-036,Fence installer,D07,F09;F10;F12;F13;F23;F26;F27,Trade field execution / estimating / evidence,Fergus,Fergus,Survey; estimate; set-out; installation; materials; completion,Quotes; work orders; material usage; photos,Construction / External works,,DISCOVERY_SEED_REQUIRES_MODULE_VERIFICATION,2026-09-21,"Provide native job workspace for Survey; estimate; set-out; installation; materials; completion; create/control Quotes; work orders; material usage; photos as structured governed records; support assignment, revision/status, review/approval, evidence, audit and cross-functional handoff; provide specialist calculations/authoring or governed format interoperability where professional tooling requires it."
CBE-JTM-0252,CBE-JP-036,Fence installer,D07,F09;F10;F12;F13;F23;F26;F27,Trade field execution / estimating / evidence,ServiceM8,ServiceM8,Survey; estimate; set-out; installation; materials; completion,Quotes; work orders; material usage; photos,Construction / External works,,DISCOVERY_SEED_REQUIRES_MODULE_VERIFICATION,2026-09-21,"Provide native job workspace for Survey; estimate; set-out; installation; materials; completion; create/control Quotes; work orders; material usage; photos as structured governed records; support assignment, revision/status, review/approval, evidence, audit and cross-functional handoff; provide specialist calculations/authoring or governed format interoperability where professional tooling requires it."
CBE-JTM-0253,CBE-JP-036,Fence installer,D07,F09;F10;F12;F13;F23;F26;F27,Trade field execution / estimating / evidence,BigChange,BigChange,Survey; estimate; set-out; installation; materials; completion,Quotes; work orders; material usage; photos,Construction / External works,,DISCOVERY_SEED_REQUIRES_MODULE_VERIFICATION,2026-09-21,"Provide native job workspace for Survey; estimate; set-out; installation; materials; completion; create/control Quotes; work orders; material usage; photos as structured governed records; support assignment, revision/status, review/approval, evidence, audit and cross-functional handoff; provide specialist calculations/authoring or governed format interoperability where professional tooling requires it."
CBE-JTM-0254,CBE-JP-036,Fence installer,D07,F09;F10;F12;F13;F23;F26;F27,Trade field execution / estimating / evidence,Jobber,Jobber,Survey; estimate; set-out; installation; materials; completion,Quotes; work orders; material usage; photos,Construction / External works,,DISCOVERY_SEED_REQUIRES_MODULE_VERIFICATION,2026-09-21,"Provide native job workspace for Survey; estimate; set-out; installation; materials; completion; create/control Quotes; work orders; material usage; photos as structured governed records; support assignment, revision/status, review/approval, evidence, audit and cross-functional handoff; provide specialist calculations/authoring or governed format interoperability where professional tooling requires it."
CBE-JTM-0255,CBE-JP-036,Fence installer,D07,F09;F10;F12;F13;F23;F26;F27,Trade field execution / estimating / evidence,SafetyCulture,SafetyCulture,Survey; estimate; set-out; installation; materials; completion,Quotes; work orders; material usage; photos,Construction / External works,,DISCOVERY_SEED_REQUIRES_MODULE_VERIFICATION,2026-09-21,"Provide native job workspace for Survey; estimate; set-out; installation; materials; completion; create/control Quotes; work orders; material usage; photos as structured governed records; support assignment, revision/status, review/approval, evidence, audit and cross-functional handoff; provide specialist calculations/authoring or governed format interoperability where professional tooling requires it."
CBE-JTM-0256,CBE-JP-037,Fire safety engineer,D02,F05;F13;F19;F23;F26;F27,Engineering analysis / design / technical information,Thunderhead Engineering,Thunderhead Engineering PyroSim,Fire strategy; modelling; design review; compliance evidence; inspections,Fire strategies; calculations; reports; design comments,Design; Construction; Operations,,DISCOVERY_SEED_REQUIRES_MODULE_VERIFICATION,2026-09-21,"Provide native job workspace for Fire strategy; modelling; design review; compliance evidence; inspections; create/control Fire strategies; calculations; reports; design comments as structured governed records; support assignment, revision/status, review/approval, evidence, audit and cross-functional handoff; provide specialist calculations/authoring or governed format interoperability where professional tooling requires it."
CBE-JTM-0257,CBE-JP-037,Fire safety engineer,D02,F05;F13;F19;F23;F26;F27,Engineering analysis / design / technical information,NIST,NIST Fire Dynamics Simulator (FDS),Fire strategy; modelling; design review; compliance evidence; inspections,Fire strategies; calculations; reports; design comments,Design; Construction; Operations,,DISCOVERY_SEED_REQUIRES_MODULE_VERIFICATION,2026-09-21,"Provide native job workspace for Fire strategy; modelling; design review; compliance evidence; inspections; create/control Fire strategies; calculations; reports; design comments as structured governed records; support assignment, revision/status, review/approval, evidence, audit and cross-functional handoff; provide specialist calculations/authoring or governed format interoperability where professional tooling requires it."
CBE-JTM-0258,CBE-JP-037,Fire safety engineer,D02,F05;F13;F19;F23;F26;F27,Engineering analysis / design / technical information,Thunderhead Engineering,Thunderhead Engineering Pathfinder,Fire strategy; modelling; design review; compliance evidence; inspections,Fire strategies; calculations; reports; design comments,Design; Construction; Operations,,DISCOVERY_SEED_REQUIRES_MODULE_VERIFICATION,2026-09-21,"Provide native job workspace for Fire strategy; modelling; design review; compliance evidence; inspections; create/control Fire strategies; calculations; reports; design comments as structured governed records; support assignment, revision/status, review/approval, evidence, audit and cross-functional handoff; provide specialist calculations/authoring or governed format interoperability where professional tooling requires it."
CBE-JTM-0259,CBE-JP-037,Fire safety engineer,D02,F05;F13;F19;F23;F26;F27,Engineering analysis / design / technical information,NIST,NIST CFAST,Fire strategy; modelling; design review; compliance evidence; inspections,Fire strategies; calculations; reports; design comments,Design; Construction; Operations,,DISCOVERY_SEED_REQUIRES_MODULE_VERIFICATION,2026-09-21,"Provide native job workspace for Fire strategy; modelling; design review; compliance evidence; inspections; create/control Fire strategies; calculations; reports; design comments as structured governed records; support assignment, revision/status, review/approval, evidence, audit and cross-functional handoff; provide specialist calculations/authoring or governed format interoperability where professional tooling requires it."
CBE-JTM-0260,CBE-JP-037,Fire safety engineer,D02,F05;F13;F19;F23;F26;F27,Engineering analysis / design / technical information,Oasys / Arup,Oasys MassMotion,Fire strategy; modelling; design review; compliance evidence; inspections,Fire strategies; calculations; reports; design comments,Design; Construction; Operations,,DISCOVERY_SEED_REQUIRES_MODULE_VERIFICATION,2026-09-21,"Provide native job workspace for Fire strategy; modelling; design review; compliance evidence; inspections; create/control Fire strategies; calculations; reports; design comments as structured governed records; support assignment, revision/status, review/approval, evidence, audit and cross-functional handoff; provide specialist calculations/authoring or governed format interoperability where professional tooling requires it."
CBE-JTM-0261,CBE-JP-037,Fire safety engineer,D02,F05;F13;F19;F23;F26;F27,Engineering analysis / design / technical information,Autodesk,Autodesk Revit,Fire strategy; modelling; design review; compliance evidence; inspections,Fire strategies; calculations; reports; design comments,Design; Construction; Operations,https://www.autodesk.com/products/revit/overview,WEB_ANCHOR_VERIFIED,2026-09-21,"Provide native job workspace for Fire strategy; modelling; design review; compliance evidence; inspections; create/control Fire strategies; calculations; reports; design comments as structured governed records; support assignment, revision/status, review/approval, evidence, audit and cross-functional handoff; provide specialist calculations/authoring or governed format interoperability where professional tooling requires it."
CBE-JTM-0262,CBE-JP-037,Fire safety engineer,D02,F05;F13;F19;F23;F26;F27,Engineering analysis / design / technical information,Bluebeam,Bluebeam Revu,Fire strategy; modelling; design review; compliance evidence; inspections,Fire strategies; calculations; reports; design comments,Design; Construction; Operations,https://www.bluebeam.com/revu/,WEB_ANCHOR_VERIFIED,2026-09-21,"Provide native job workspace for Fire strategy; modelling; design review; compliance evidence; inspections; create/control Fire strategies; calculations; reports; design comments as structured governed records; support assignment, revision/status, review/approval, evidence, audit and cross-functional handoff; provide specialist calculations/authoring or governed format interoperability where professional tooling requires it."
CBE-JTM-0263,CBE-JP-038,Formworker,D07,F09;F10;F12;F13;F23;F26;F27,Trade field execution / estimating / evidence,Trimble,Tekla Structures,Formwork planning; drawings; material/plant requirements; installation; striking; checks,Work orders; checklists; material records; photos,Structural construction,https://www.tekla.com/products/tekla-structures,WEB_ANCHOR_VERIFIED,2026-09-21,"Provide native job workspace for Formwork planning; drawings; material/plant requirements; installation; striking; checks; create/control Work orders; checklists; material records; photos as structured governed records; support assignment, revision/status, review/approval, evidence, audit and cross-functional handoff; provide specialist calculations/authoring or governed format interoperability where professional tooling requires it."
CBE-JTM-0264,CBE-JP-038,Formworker,D07,F09;F10;F12;F13;F23;F26;F27,Trade field execution / estimating / evidence,PERI,PERI CAD / planning tools,Formwork planning; drawings; material/plant requirements; installation; striking; checks,Work orders; checklists; material records; photos,Structural construction,,DISCOVERY_SEED_REQUIRES_MODULE_VERIFICATION,2026-09-21,"Provide native job workspace for Formwork planning; drawings; material/plant requirements; installation; striking; checks; create/control Work orders; checklists; material records; photos as structured governed records; support assignment, revision/status, review/approval, evidence, audit and cross-functional handoff; provide specialist calculations/authoring or governed format interoperability where professional tooling requires it."
CBE-JTM-0265,CBE-JP-038,Formworker,D07,F09;F10;F12;F13;F23;F26;F27,Trade field execution / estimating / evidence,Doka,Doka Tipos / planning tools,Formwork planning; drawings; material/plant requirements; installation; striking; checks,Work orders; checklists; material records; photos,Structural construction,,DISCOVERY_SEED_REQUIRES_MODULE_VERIFICATION,2026-09-21,"Provide native job workspace for Formwork planning; drawings; material/plant requirements; installation; striking; checks; create/control Work orders; checklists; material records; photos as structured governed records; support assignment, revision/status, review/approval, evidence, audit and cross-functional handoff; provide specialist calculations/authoring or governed format interoperability where professional tooling requires it."
CBE-JTM-0266,CBE-JP-038,Formworker,D07,F09;F10;F12;F13;F23;F26;F27,Trade field execution / estimating / evidence,Autodesk,Autodesk Revit,Formwork planning; drawings; material/plant requirements; installation; striking; checks,Work orders; checklists; material records; photos,Structural construction,https://www.autodesk.com/products/revit/overview,WEB_ANCHOR_VERIFIED,2026-09-21,"Provide native job workspace for Formwork planning; drawings; material/plant requirements; installation; striking; checks; create/control Work orders; checklists; material records; photos as structured governed records; support assignment, revision/status, review/approval, evidence, audit and cross-functional handoff; provide specialist calculations/authoring or governed format interoperability where professional tooling requires it."
CBE-JTM-0267,CBE-JP-038,Formworker,D07,F09;F10;F12;F13;F23;F26;F27,Trade field execution / estimating / evidence,Procore,Procore,Formwork planning; drawings; material/plant requirements; installation; striking; checks,Work orders; checklists; material records; photos,Structural construction,https://www.procore.com/,WEB_ANCHOR_VERIFIED,2026-09-21,"Provide native job workspace for Formwork planning; drawings; material/plant requirements; installation; striking; checks; create/control Work orders; checklists; material records; photos as structured governed records; support assignment, revision/status, review/approval, evidence, audit and cross-functional handoff; provide specialist calculations/authoring or governed format interoperability where professional tooling requires it."
CBE-JTM-0268,CBE-JP-038,Formworker,D07,F09;F10;F12;F13;F23;F26;F27,Trade field execution / estimating / evidence,Autodesk,Autodesk Build,Formwork planning; drawings; material/plant requirements; installation; striking; checks,Work orders; checklists; material records; photos,Structural construction,https://construction.autodesk.com/products/autodesk-build/,WEB_ANCHOR_VERIFIED,2026-09-21,"Provide native job workspace for Formwork planning; drawings; material/plant requirements; installation; striking; checks; create/control Work orders; checklists; material records; photos as structured governed records; support assignment, revision/status, review/approval, evidence, audit and cross-functional handoff; provide specialist calculations/authoring or governed format interoperability where professional tooling requires it."
CBE-JTM-0269,CBE-JP-038,Formworker,D07,F09;F10;F12;F13;F23;F26;F27,Trade field execution / estimating / evidence,SafetyCulture,SafetyCulture,Formwork planning; drawings; material/plant requirements; installation; striking; checks,Work orders; checklists; material records; photos,Structural construction,,DISCOVERY_SEED_REQUIRES_MODULE_VERIFICATION,2026-09-21,"Provide native job workspace for Formwork planning; drawings; material/plant requirements; installation; striking; checks; create/control Work orders; checklists; material records; photos as structured governed records; support assignment, revision/status, review/approval, evidence, audit and cross-functional handoff; provide specialist calculations/authoring or governed format interoperability where professional tooling requires it."
CBE-JTM-0270,CBE-JP-039,Furniture maker,D14,F07;F09;F10;F11;F13;F14;F26;F27,Supply / fabrication / manufacturing,Hexagon,Hexagon Cabinet Vision,Design; BOM; production; stock; quality; orders; delivery,Drawings; BOMs; work orders; QC records; sales orders,Manufacture; Supply,,DISCOVERY_SEED_REQUIRES_MODULE_VERIFICATION,2026-09-21,"Provide native job workspace for Design; BOM; production; stock; quality; orders; delivery; create/control Drawings; BOMs; work orders; QC records; sales orders as structured governed records; support assignment, revision/status, review/approval, evidence, audit and cross-functional handoff; provide specialist calculations/authoring or governed format interoperability where professional tooling requires it."
CBE-JTM-0271,CBE-JP-039,Furniture maker,D14,F07;F09;F10;F11;F13;F14;F26;F27,Supply / fabrication / manufacturing,Microvellum,Microvellum,Design; BOM; production; stock; quality; orders; delivery,Drawings; BOMs; work orders; QC records; sales orders,Manufacture; Supply,,DISCOVERY_SEED_REQUIRES_MODULE_VERIFICATION,2026-09-21,"Provide native job workspace for Design; BOM; production; stock; quality; orders; delivery; create/control Drawings; BOMs; work orders; QC records; sales orders as structured governed records; support assignment, revision/status, review/approval, evidence, audit and cross-functional handoff; provide specialist calculations/authoring or governed format interoperability where professional tooling requires it."
CBE-JTM-0272,CBE-JP-039,Furniture maker,D14,F07;F09;F10;F11;F13;F14;F26;F27,Supply / fabrication / manufacturing,Autodesk,Autodesk Fusion,Design; BOM; production; stock; quality; orders; delivery,Drawings; BOMs; work orders; QC records; sales orders,Manufacture; Supply,,DISCOVERY_SEED_REQUIRES_MODULE_VERIFICATION,2026-09-21,"Provide native job workspace for Design; BOM; production; stock; quality; orders; delivery; create/control Drawings; BOMs; work orders; QC records; sales orders as structured governed records; support assignment, revision/status, review/approval, evidence, audit and cross-functional handoff; provide specialist calculations/authoring or governed format interoperability where professional tooling requires it."
CBE-JTM-0273,CBE-JP-039,Furniture maker,D14,F07;F09;F10;F11;F13;F14;F26;F27,Supply / fabrication / manufacturing,Dassault Systèmes,SOLIDWORKS,Design; BOM; production; stock; quality; orders; delivery,Drawings; BOMs; work orders; QC records; sales orders,Manufacture; Supply,,DISCOVERY_SEED_REQUIRES_MODULE_VERIFICATION,2026-09-21,"Provide native job workspace for Design; BOM; production; stock; quality; orders; delivery; create/control Drawings; BOMs; work orders; QC records; sales orders as structured governed records; support assignment, revision/status, review/approval, evidence, audit and cross-functional handoff; provide specialist calculations/authoring or governed format interoperability where professional tooling requires it."
CBE-JTM-0274,CBE-JP-039,Furniture maker,D14,F07;F09;F10;F11;F13;F14;F26;F27,Supply / fabrication / manufacturing,Cyncly,Cyncly 3CAD,Design; BOM; production; stock; quality; orders; delivery,Drawings; BOMs; work orders; QC records; sales orders,Manufacture; Supply,,DISCOVERY_SEED_REQUIRES_MODULE_VERIFICATION,2026-09-21,"Provide native job workspace for Design; BOM; production; stock; quality; orders; delivery; create/control Drawings; BOMs; work orders; QC records; sales orders as structured governed records; support assignment, revision/status, review/approval, evidence, audit and cross-functional handoff; provide specialist calculations/authoring or governed format interoperability where professional tooling requires it."
CBE-JTM-0275,CBE-JP-039,Furniture maker,D14,F07;F09;F10;F11;F13;F14;F26;F27,Supply / fabrication / manufacturing,HOMAG,HOMAG productionManager,Design; BOM; production; stock; quality; orders; delivery,Drawings; BOMs; work orders; QC records; sales orders,Manufacture; Supply,,DISCOVERY_SEED_REQUIRES_MODULE_VERIFICATION,2026-09-21,"Provide native job workspace for Design; BOM; production; stock; quality; orders; delivery; create/control Drawings; BOMs; work orders; QC records; sales orders as structured governed records; support assignment, revision/status, review/approval, evidence, audit and cross-functional handoff; provide specialist calculations/authoring or governed format interoperability where professional tooling requires it."
CBE-JTM-0276,CBE-JP-040,Gas mains layer,D12,F09;F10;F12;F13;F22;F23;F26;F27,Utilities / network / field operations,Esri,Esri ArcGIS Utility Network,Work orders; excavation/laying records; materials; pressure/test records; reinstatement; asset location,Job packs; network records; test results; as-builts,Infrastructure construction; Maintenance,,DISCOVERY_SEED_REQUIRES_MODULE_VERIFICATION,2026-09-21,"Provide native job workspace for Work orders; excavation/laying records; materials; pressure/test records; reinstatement; asset location; create/control Job packs; network records; test results; as-builts as structured governed records; support assignment, revision/status, review/approval, evidence, audit and cross-functional handoff; provide specialist calculations/authoring or governed format interoperability where professional tooling requires it."
CBE-JTM-0277,CBE-JP-040,Gas mains layer,D12,F09;F10;F12;F13;F22;F23;F26;F27,Utilities / network / field operations,Bentley Systems,Bentley OpenUtilities,Work orders; excavation/laying records; materials; pressure/test records; reinstatement; asset location,Job packs; network records; test results; as-builts,Infrastructure construction; Maintenance,,DISCOVERY_SEED_REQUIRES_MODULE_VERIFICATION,2026-09-21,"Provide native job workspace for Work orders; excavation/laying records; materials; pressure/test records; reinstatement; asset location; create/control Job packs; network records; test results; as-builts as structured governed records; support assignment, revision/status, review/approval, evidence, audit and cross-functional handoff; provide specialist calculations/authoring or governed format interoperability where professional tooling requires it."
CBE-JTM-0278,CBE-JP-040,Gas mains layer,D12,F09;F10;F12;F13;F22;F23;F26;F27,Utilities / network / field operations,Trimble,Trimble Siteworks,Work orders; excavation/laying records; materials; pressure/test records; reinstatement; asset location,Job packs; network records; test results; as-builts,Infrastructure construction; Maintenance,,DISCOVERY_SEED_REQUIRES_MODULE_VERIFICATION,2026-09-21,"Provide native job workspace for Work orders; excavation/laying records; materials; pressure/test records; reinstatement; asset location; create/control Job packs; network records; test results; as-builts as structured governed records; support assignment, revision/status, review/approval, evidence, audit and cross-functional handoff; provide specialist calculations/authoring or governed format interoperability where professional tooling requires it."
CBE-JTM-0279,CBE-JP-040,Gas mains layer,D12,F09;F10;F12;F13;F22;F23;F26;F27,Utilities / network / field operations,IBM,IBM Maximo Application Suite,Work orders; excavation/laying records; materials; pressure/test records; reinstatement; asset location,Job packs; network records; test results; as-builts,Infrastructure construction; Maintenance,,DISCOVERY_SEED_REQUIRES_MODULE_VERIFICATION,2026-09-21,"Provide native job workspace for Work orders; excavation/laying records; materials; pressure/test records; reinstatement; asset location; create/control Job packs; network records; test results; as-builts as structured governed records; support assignment, revision/status, review/approval, evidence, audit and cross-functional handoff; provide specialist calculations/authoring or governed format interoperability where professional tooling requires it."
CBE-JTM-0280,CBE-JP-040,Gas mains layer,D12,F09;F10;F12;F13;F22;F23;F26;F27,Utilities / network / field operations,SAP,SAP Field Service Management,Work orders; excavation/laying records; materials; pressure/test records; reinstatement; asset location,Job packs; network records; test results; as-builts,Infrastructure construction; Maintenance,,DISCOVERY_SEED_REQUIRES_MODULE_VERIFICATION,2026-09-21,"Provide native job workspace for Work orders; excavation/laying records; materials; pressure/test records; reinstatement; asset location; create/control Job packs; network records; test results; as-builts as structured governed records; support assignment, revision/status, review/approval, evidence, audit and cross-functional handoff; provide specialist calculations/authoring or governed format interoperability where professional tooling requires it."
CBE-JTM-0281,CBE-JP-040,Gas mains layer,D12,F09;F10;F12;F13;F22;F23;F26;F27,Utilities / network / field operations,SafetyCulture,SafetyCulture,Work orders; excavation/laying records; materials; pressure/test records; reinstatement; asset location,Job packs; network records; test results; as-builts,Infrastructure construction; Maintenance,,DISCOVERY_SEED_REQUIRES_MODULE_VERIFICATION,2026-09-21,"Provide native job workspace for Work orders; excavation/laying records; materials; pressure/test records; reinstatement; asset location; create/control Job packs; network records; test results; as-builts as structured governed records; support assignment, revision/status, review/approval, evidence, audit and cross-functional handoff; provide specialist calculations/authoring or governed format interoperability where professional tooling requires it."
CBE-JTM-0282,CBE-JP-041,Gas service technician,D08,F09;F10;F12;F13;F22;F23;F26;F27,Building-services design / field service / certification,Joblogic,Joblogic,Jobs; appliances; service schedules; tests; defects; parts; certification,Job sheets; appliance records; test results; service records,Installation; Maintenance,,DISCOVERY_SEED_REQUIRES_MODULE_VERIFICATION,2026-09-21,"Provide native job workspace for Jobs; appliances; service schedules; tests; defects; parts; certification; create/control Job sheets; appliance records; test results; service records as structured governed records; support assignment, revision/status, review/approval, evidence, audit and cross-functional handoff; provide specialist calculations/authoring or governed format interoperability where professional tooling requires it."
CBE-JTM-0283,CBE-JP-041,Gas service technician,D08,F09;F10;F12;F13;F22;F23;F26;F27,Building-services design / field service / certification,simPRO,simPRO,Jobs; appliances; service schedules; tests; defects; parts; certification,Job sheets; appliance records; test results; service records,Installation; Maintenance,,DISCOVERY_SEED_REQUIRES_MODULE_VERIFICATION,2026-09-21,"Provide native job workspace for Jobs; appliances; service schedules; tests; defects; parts; certification; create/control Job sheets; appliance records; test results; service records as structured governed records; support assignment, revision/status, review/approval, evidence, audit and cross-functional handoff; provide specialist calculations/authoring or governed format interoperability where professional tooling requires it."
CBE-JTM-0284,CBE-JP-041,Gas service technician,D08,F09;F10;F12;F13;F22;F23;F26;F27,Building-services design / field service / certification,Commusoft,Commusoft,Jobs; appliances; service schedules; tests; defects; parts; certification,Job sheets; appliance records; test results; service records,Installation; Maintenance,,DISCOVERY_SEED_REQUIRES_MODULE_VERIFICATION,2026-09-21,"Provide native job workspace for Jobs; appliances; service schedules; tests; defects; parts; certification; create/control Job sheets; appliance records; test results; service records as structured governed records; support assignment, revision/status, review/approval, evidence, audit and cross-functional handoff; provide specialist calculations/authoring or governed format interoperability where professional tooling requires it."
CBE-JTM-0285,CBE-JP-041,Gas service technician,D08,F09;F10;F12;F13;F22;F23;F26;F27,Building-services design / field service / certification,BigChange,BigChange,Jobs; appliances; service schedules; tests; defects; parts; certification,Job sheets; appliance records; test results; service records,Installation; Maintenance,,DISCOVERY_SEED_REQUIRES_MODULE_VERIFICATION,2026-09-21,"Provide native job workspace for Jobs; appliances; service schedules; tests; defects; parts; certification; create/control Job sheets; appliance records; test results; service records as structured governed records; support assignment, revision/status, review/approval, evidence, audit and cross-functional handoff; provide specialist calculations/authoring or governed format interoperability where professional tooling requires it."
CBE-JTM-0286,CBE-JP-041,Gas service technician,D08,F09;F10;F12;F13;F22;F23;F26;F27,Building-services design / field service / certification,ServiceM8,ServiceM8,Jobs; appliances; service schedules; tests; defects; parts; certification,Job sheets; appliance records; test results; service records,Installation; Maintenance,,DISCOVERY_SEED_REQUIRES_MODULE_VERIFICATION,2026-09-21,"Provide native job workspace for Jobs; appliances; service schedules; tests; defects; parts; certification; create/control Job sheets; appliance records; test results; service records as structured governed records; support assignment, revision/status, review/approval, evidence, audit and cross-functional handoff; provide specialist calculations/authoring or governed format interoperability where professional tooling requires it."
CBE-JTM-0287,CBE-JP-041,Gas service technician,D08,F09;F10;F12;F13;F22;F23;F26;F27,Building-services design / field service / certification,Tradify,Tradify,Jobs; appliances; service schedules; tests; defects; parts; certification,Job sheets; appliance records; test results; service records,Installation; Maintenance,,DISCOVERY_SEED_REQUIRES_MODULE_VERIFICATION,2026-09-21,"Provide native job workspace for Jobs; appliances; service schedules; tests; defects; parts; certification; create/control Job sheets; appliance records; test results; service records as structured governed records; support assignment, revision/status, review/approval, evidence, audit and cross-functional handoff; provide specialist calculations/authoring or governed format interoperability where professional tooling requires it."
CBE-JTM-0288,CBE-JP-042,General practice surveyor,D03,F05;F07;F14;F19;F22;F26;F27,Survey / property / valuation / evidence,Altus Group,ARGUS Enterprise,Property records; valuations; transactions; leases; development appraisal; client advice,Valuations; property records; instructions; reports,Acquisition; Development; Operations,,DISCOVERY_SEED_REQUIRES_MODULE_VERIFICATION,2026-09-21,"Provide native job workspace for Property records; valuations; transactions; leases; development appraisal; client advice; create/control Valuations; property records; instructions; reports as structured governed records; support assignment, revision/status, review/approval, evidence, audit and cross-functional handoff; provide specialist calculations/authoring or governed format interoperability where professional tooling requires it."
CBE-JTM-0289,CBE-JP-042,General practice surveyor,D03,F05;F07;F14;F19;F22;F26;F27,Survey / property / valuation / evidence,MRI Software,MRI Horizon,Property records; valuations; transactions; leases; development appraisal; client advice,Valuations; property records; instructions; reports,Acquisition; Development; Operations,,DISCOVERY_SEED_REQUIRES_MODULE_VERIFICATION,2026-09-21,"Provide native job workspace for Property records; valuations; transactions; leases; development appraisal; client advice; create/control Valuations; property records; instructions; reports as structured governed records; support assignment, revision/status, review/approval, evidence, audit and cross-functional handoff; provide specialist calculations/authoring or governed format interoperability where professional tooling requires it."
CBE-JTM-0290,CBE-JP-042,General practice surveyor,D03,F05;F07;F14;F19;F22;F26;F27,Survey / property / valuation / evidence,Yardi,Yardi Voyager,Property records; valuations; transactions; leases; development appraisal; client advice,Valuations; property records; instructions; reports,Acquisition; Development; Operations,,DISCOVERY_SEED_REQUIRES_MODULE_VERIFICATION,2026-09-21,"Provide native job workspace for Property records; valuations; transactions; leases; development appraisal; client advice; create/control Valuations; property records; instructions; reports as structured governed records; support assignment, revision/status, review/approval, evidence, audit and cross-functional handoff; provide specialist calculations/authoring or governed format interoperability where professional tooling requires it."
CBE-JTM-0291,CBE-JP-042,General practice surveyor,D03,F05;F07;F14;F19;F22;F26;F27,Survey / property / valuation / evidence,Re-Leased,Re-Leased,Property records; valuations; transactions; leases; development appraisal; client advice,Valuations; property records; instructions; reports,Acquisition; Development; Operations,,DISCOVERY_SEED_REQUIRES_MODULE_VERIFICATION,2026-09-21,"Provide native job workspace for Property records; valuations; transactions; leases; development appraisal; client advice; create/control Valuations; property records; instructions; reports as structured governed records; support assignment, revision/status, review/approval, evidence, audit and cross-functional handoff; provide specialist calculations/authoring or governed format interoperability where professional tooling requires it."
CBE-JTM-0292,CBE-JP-042,General practice surveyor,D03,F05;F07;F14;F19;F22;F26;F27,Survey / property / valuation / evidence,Esri,Esri ArcGIS Pro,Property records; valuations; transactions; leases; development appraisal; client advice,Valuations; property records; instructions; reports,Acquisition; Development; Operations,,DISCOVERY_SEED_REQUIRES_MODULE_VERIFICATION,2026-09-21,"Provide native job workspace for Property records; valuations; transactions; leases; development appraisal; client advice; create/control Valuations; property records; instructions; reports as structured governed records; support assignment, revision/status, review/approval, evidence, audit and cross-functional handoff; provide specialist calculations/authoring or governed format interoperability where professional tooling requires it."
CBE-JTM-0293,CBE-JP-042,General practice surveyor,D03,F05;F07;F14;F19;F22;F26;F27,Survey / property / valuation / evidence,Microsoft,Microsoft Power BI,Property records; valuations; transactions; leases; development appraisal; client advice,Valuations; property records; instructions; reports,Acquisition; Development; Operations,,DISCOVERY_SEED_REQUIRES_MODULE_VERIFICATION,2026-09-21,"Provide native job workspace for Property records; valuations; transactions; leases; development appraisal; client advice; create/control Valuations; property records; instructions; reports as structured governed records; support assignment, revision/status, review/approval, evidence, audit and cross-functional handoff; provide specialist calculations/authoring or governed format interoperability where professional tooling requires it."
CBE-JTM-0294,CBE-JP-043,Geospatial technician,D05,F05;F17;F19;F22;F26;F27,GIS / planning / modelling / case management,Trimble,Trimble Business Center,Data capture; GIS layers; coordinate/reference management; mapping; exports,Spatial datasets; maps; metadata,Survey; Planning; Construction,https://geospatial.trimble.com/en/products/software/trimble-business-center,WEB_ANCHOR_VERIFIED,2026-09-21,"Provide native job workspace for Data capture; GIS layers; coordinate/reference management; mapping; exports; create/control Spatial datasets; maps; metadata as structured governed records; support assignment, revision/status, review/approval, evidence, audit and cross-functional handoff; provide specialist calculations/authoring or governed format interoperability where professional tooling requires it."
CBE-JTM-0295,CBE-JP-043,Geospatial technician,D05,F05;F17;F19;F22;F26;F27,GIS / planning / modelling / case management,Leica Geosystems,Leica Cyclone,Data capture; GIS layers; coordinate/reference management; mapping; exports,Spatial datasets; maps; metadata,Survey; Planning; Construction,,DISCOVERY_SEED_REQUIRES_MODULE_VERIFICATION,2026-09-21,"Provide native job workspace for Data capture; GIS layers; coordinate/reference management; mapping; exports; create/control Spatial datasets; maps; metadata as structured governed records; support assignment, revision/status, review/approval, evidence, audit and cross-functional handoff; provide specialist calculations/authoring or governed format interoperability where professional tooling requires it."
CBE-JTM-0296,CBE-JP-043,Geospatial technician,D05,F05;F17;F19;F22;F26;F27,GIS / planning / modelling / case management,Leica Geosystems,Leica Infinity,Data capture; GIS layers; coordinate/reference management; mapping; exports,Spatial datasets; maps; metadata,Survey; Planning; Construction,,DISCOVERY_SEED_REQUIRES_MODULE_VERIFICATION,2026-09-21,"Provide native job workspace for Data capture; GIS layers; coordinate/reference management; mapping; exports; create/control Spatial datasets; maps; metadata as structured governed records; support assignment, revision/status, review/approval, evidence, audit and cross-functional handoff; provide specialist calculations/authoring or governed format interoperability where professional tooling requires it."
CBE-JTM-0297,CBE-JP-043,Geospatial technician,D05,F05;F17;F19;F22;F26;F27,GIS / planning / modelling / case management,Esri,Esri ArcGIS Pro,Data capture; GIS layers; coordinate/reference management; mapping; exports,Spatial datasets; maps; metadata,Survey; Planning; Construction,,DISCOVERY_SEED_REQUIRES_MODULE_VERIFICATION,2026-09-21,"Provide native job workspace for Data capture; GIS layers; coordinate/reference management; mapping; exports; create/control Spatial datasets; maps; metadata as structured governed records; support assignment, revision/status, review/approval, evidence, audit and cross-functional handoff; provide specialist calculations/authoring or governed format interoperability where professional tooling requires it."
CBE-JTM-0298,CBE-JP-043,Geospatial technician,D05,F05;F17;F19;F22;F26;F27,GIS / planning / modelling / case management,QGIS Project,QGIS,Data capture; GIS layers; coordinate/reference management; mapping; exports,Spatial datasets; maps; metadata,Survey; Planning; Construction,,DISCOVERY_SEED_REQUIRES_MODULE_VERIFICATION,2026-09-21,"Provide native job workspace for Data capture; GIS layers; coordinate/reference management; mapping; exports; create/control Spatial datasets; maps; metadata as structured governed records; support assignment, revision/status, review/approval, evidence, audit and cross-functional handoff; provide specialist calculations/authoring or governed format interoperability where professional tooling requires it."
CBE-JTM-0299,CBE-JP-043,Geospatial technician,D05,F05;F17;F19;F22;F26;F27,GIS / planning / modelling / case management,Autodesk,Autodesk Civil 3D,Data capture; GIS layers; coordinate/reference management; mapping; exports,Spatial datasets; maps; metadata,Survey; Planning; Construction,https://www.autodesk.com/products/civil-3d/overview,WEB_ANCHOR_VERIFIED,2026-09-21,"Provide native job workspace for Data capture; GIS layers; coordinate/reference management; mapping; exports; create/control Spatial datasets; maps; metadata as structured governed records; support assignment, revision/status, review/approval, evidence, audit and cross-functional handoff; provide specialist calculations/authoring or governed format interoperability where professional tooling requires it."
CBE-JTM-0300,CBE-JP-043,Geospatial technician,D05,F05;F17;F19;F22;F26;F27,GIS / planning / modelling / case management,Safe Software,Safe Software FME,Data capture; GIS layers; coordinate/reference management; mapping; exports,Spatial datasets; maps; metadata,Survey; Planning; Construction,,DISCOVERY_SEED_REQUIRES_MODULE_VERIFICATION,2026-09-21,"Provide native job workspace for Data capture; GIS layers; coordinate/reference management; mapping; exports; create/control Spatial datasets; maps; metadata as structured governed records; support assignment, revision/status, review/approval, evidence, audit and cross-functional handoff; provide specialist calculations/authoring or governed format interoperability where professional tooling requires it."
CBE-JTM-0301,CBE-JP-044,Glazier,D07,F09;F10;F12;F13;F23;F26;F27,Trade field execution / estimating / evidence,Cyncly,Cyncly Soft Tech,Measure; quote; product/order; installation; repair; completion,Measurements; quotes; work orders; product records; photos,Fit-out; Maintenance,,DISCOVERY_SEED_REQUIRES_MODULE_VERIFICATION,2026-09-21,"Provide native job workspace for Measure; quote; product/order; installation; repair; completion; create/control Measurements; quotes; work orders; product records; photos as structured governed records; support assignment, revision/status, review/approval, evidence, audit and cross-functional handoff; provide specialist calculations/authoring or governed format interoperability where professional tooling requires it."
CBE-JTM-0302,CBE-JP-044,Glazier,D07,F09;F10;F12;F13;F23;F26;F27,Trade field execution / estimating / evidence,Orgadata,Orgadata Logikal,Measure; quote; product/order; installation; repair; completion,Measurements; quotes; work orders; product records; photos,Fit-out; Maintenance,,DISCOVERY_SEED_REQUIRES_MODULE_VERIFICATION,2026-09-21,"Provide native job workspace for Measure; quote; product/order; installation; repair; completion; create/control Measurements; quotes; work orders; product records; photos as structured governed records; support assignment, revision/status, review/approval, evidence, audit and cross-functional handoff; provide specialist calculations/authoring or governed format interoperability where professional tooling requires it."
CBE-JTM-0303,CBE-JP-044,Glazier,D07,F09;F10;F12;F13;F23;F26;F27,Trade field execution / estimating / evidence,Tradify,Tradify,Measure; quote; product/order; installation; repair; completion,Measurements; quotes; work orders; product records; photos,Fit-out; Maintenance,,DISCOVERY_SEED_REQUIRES_MODULE_VERIFICATION,2026-09-21,"Provide native job workspace for Measure; quote; product/order; installation; repair; completion; create/control Measurements; quotes; work orders; product records; photos as structured governed records; support assignment, revision/status, review/approval, evidence, audit and cross-functional handoff; provide specialist calculations/authoring or governed format interoperability where professional tooling requires it."
CBE-JTM-0304,CBE-JP-044,Glazier,D07,F09;F10;F12;F13;F23;F26;F27,Trade field execution / estimating / evidence,simPRO,simPRO,Measure; quote; product/order; installation; repair; completion,Measurements; quotes; work orders; product records; photos,Fit-out; Maintenance,,DISCOVERY_SEED_REQUIRES_MODULE_VERIFICATION,2026-09-21,"Provide native job workspace for Measure; quote; product/order; installation; repair; completion; create/control Measurements; quotes; work orders; product records; photos as structured governed records; support assignment, revision/status, review/approval, evidence, audit and cross-functional handoff; provide specialist calculations/authoring or governed format interoperability where professional tooling requires it."
CBE-JTM-0305,CBE-JP-044,Glazier,D07,F09;F10;F12;F13;F23;F26;F27,Trade field execution / estimating / evidence,BigChange,BigChange,Measure; quote; product/order; installation; repair; completion,Measurements; quotes; work orders; product records; photos,Fit-out; Maintenance,,DISCOVERY_SEED_REQUIRES_MODULE_VERIFICATION,2026-09-21,"Provide native job workspace for Measure; quote; product/order; installation; repair; completion; create/control Measurements; quotes; work orders; product records; photos as structured governed records; support assignment, revision/status, review/approval, evidence, audit and cross-functional handoff; provide specialist calculations/authoring or governed format interoperability where professional tooling requires it."
CBE-JTM-0306,CBE-JP-044,Glazier,D07,F09;F10;F12;F13;F23;F26;F27,Trade field execution / estimating / evidence,ServiceM8,ServiceM8,Measure; quote; product/order; installation; repair; completion,Measurements; quotes; work orders; product records; photos,Fit-out; Maintenance,,DISCOVERY_SEED_REQUIRES_MODULE_VERIFICATION,2026-09-21,"Provide native job workspace for Measure; quote; product/order; installation; repair; completion; create/control Measurements; quotes; work orders; product records; photos as structured governed records; support assignment, revision/status, review/approval, evidence, audit and cross-functional handoff; provide specialist calculations/authoring or governed format interoperability where professional tooling requires it."
CBE-JTM-0307,CBE-JP-045,Heat pump engineer,D08,F09;F10;F12;F13;F22;F23;F26;F27,Building-services design / field service / certification,Heat Engineer Software,Heat Engineer Software,Survey; sizing; estimate; installation; commissioning; servicing; evidence,Survey; calculations; job sheets; commissioning/test records,Retrofit/Installation; Maintenance,,DISCOVERY_SEED_REQUIRES_MODULE_VERIFICATION,2026-09-21,"Provide native job workspace for Survey; sizing; estimate; installation; commissioning; servicing; evidence; create/control Survey; calculations; job sheets; commissioning/test records as structured governed records; support assignment, revision/status, review/approval, evidence, audit and cross-functional handoff; provide specialist calculations/authoring or governed format interoperability where professional tooling requires it."
CBE-JTM-0308,CBE-JP-045,Heat pump engineer,D08,F09;F10;F12;F13;F22;F23;F26;F27,Building-services design / field service / certification,IES,IES VE 2026,Survey; sizing; estimate; installation; commissioning; servicing; evidence,Survey; calculations; job sheets; commissioning/test records,Retrofit/Installation; Maintenance,https://www.iesve.com/ve2026,WEB_ANCHOR_VERIFIED,2026-09-21,"Provide native job workspace for Survey; sizing; estimate; installation; commissioning; servicing; evidence; create/control Survey; calculations; job sheets; commissioning/test records as structured governed records; support assignment, revision/status, review/approval, evidence, audit and cross-functional handoff; provide specialist calculations/authoring or governed format interoperability where professional tooling requires it."
CBE-JTM-0309,CBE-JP-045,Heat pump engineer,D08,F09;F10;F12;F13;F22;F23;F26;F27,Building-services design / field service / certification,DesignBuilder Software,DesignBuilder,Survey; sizing; estimate; installation; commissioning; servicing; evidence,Survey; calculations; job sheets; commissioning/test records,Retrofit/Installation; Maintenance,,DISCOVERY_SEED_REQUIRES_MODULE_VERIFICATION,2026-09-21,"Provide native job workspace for Survey; sizing; estimate; installation; commissioning; servicing; evidence; create/control Survey; calculations; job sheets; commissioning/test records as structured governed records; support assignment, revision/status, review/approval, evidence, audit and cross-functional handoff; provide specialist calculations/authoring or governed format interoperability where professional tooling requires it."
CBE-JTM-0310,CBE-JP-045,Heat pump engineer,D08,F09;F10;F12;F13;F22;F23;F26;F27,Building-services design / field service / certification,Joblogic,Joblogic,Survey; sizing; estimate; installation; commissioning; servicing; evidence,Survey; calculations; job sheets; commissioning/test records,Retrofit/Installation; Maintenance,,DISCOVERY_SEED_REQUIRES_MODULE_VERIFICATION,2026-09-21,"Provide native job workspace for Survey; sizing; estimate; installation; commissioning; servicing; evidence; create/control Survey; calculations; job sheets; commissioning/test records as structured governed records; support assignment, revision/status, review/approval, evidence, audit and cross-functional handoff; provide specialist calculations/authoring or governed format interoperability where professional tooling requires it."
CBE-JTM-0311,CBE-JP-045,Heat pump engineer,D08,F09;F10;F12;F13;F22;F23;F26;F27,Building-services design / field service / certification,simPRO,simPRO,Survey; sizing; estimate; installation; commissioning; servicing; evidence,Survey; calculations; job sheets; commissioning/test records,Retrofit/Installation; Maintenance,,DISCOVERY_SEED_REQUIRES_MODULE_VERIFICATION,2026-09-21,"Provide native job workspace for Survey; sizing; estimate; installation; commissioning; servicing; evidence; create/control Survey; calculations; job sheets; commissioning/test records as structured governed records; support assignment, revision/status, review/approval, evidence, audit and cross-functional handoff; provide specialist calculations/authoring or governed format interoperability where professional tooling requires it."
CBE-JTM-0312,CBE-JP-045,Heat pump engineer,D08,F09;F10;F12;F13;F22;F23;F26;F27,Building-services design / field service / certification,Commusoft,Commusoft,Survey; sizing; estimate; installation; commissioning; servicing; evidence,Survey; calculations; job sheets; commissioning/test records,Retrofit/Installation; Maintenance,,DISCOVERY_SEED_REQUIRES_MODULE_VERIFICATION,2026-09-21,"Provide native job workspace for Survey; sizing; estimate; installation; commissioning; servicing; evidence; create/control Survey; calculations; job sheets; commissioning/test records as structured governed records; support assignment, revision/status, review/approval, evidence, audit and cross-functional handoff; provide specialist calculations/authoring or governed format interoperability where professional tooling requires it."
CBE-JTM-0313,CBE-JP-045,Heat pump engineer,D08,F09;F10;F12;F13;F22;F23;F26;F27,Building-services design / field service / certification,Elmhurst Energy,Elmhurst Design SAP 10,Survey; sizing; estimate; installation; commissioning; servicing; evidence,Survey; calculations; job sheets; commissioning/test records,Retrofit/Installation; Maintenance,https://www.elmhurstenergy.co.uk/design-sap-software/,WEB_ANCHOR_VERIFIED,2026-09-21,"Provide native job workspace for Survey; sizing; estimate; installation; commissioning; servicing; evidence; create/control Survey; calculations; job sheets; commissioning/test records as structured governed records; support assignment, revision/status, review/approval, evidence, audit and cross-functional handoff; provide specialist calculations/authoring or governed format interoperability where professional tooling requires it."
CBE-JTM-0314,CBE-JP-046,Heating and ventilation engineer,D08,F09;F10;F12;F13;F22;F23;F26;F27,Building-services design / field service / certification,MagiCAD Group,MagiCAD,Survey; design support; installation; commissioning; service; defects,Job sheets; equipment records; test/commissioning sheets,Installation; Commissioning; Maintenance,,DISCOVERY_SEED_REQUIRES_MODULE_VERIFICATION,2026-09-21,"Provide native job workspace for Survey; design support; installation; commissioning; service; defects; create/control Job sheets; equipment records; test/commissioning sheets as structured governed records; support assignment, revision/status, review/approval, evidence, audit and cross-functional handoff; provide specialist calculations/authoring or governed format interoperability where professional tooling requires it."
CBE-JTM-0315,CBE-JP-046,Heating and ventilation engineer,D08,F09;F10;F12;F13;F22;F23;F26;F27,Building-services design / field service / certification,Autodesk,Autodesk Revit,Survey; design support; installation; commissioning; service; defects,Job sheets; equipment records; test/commissioning sheets,Installation; Commissioning; Maintenance,https://www.autodesk.com/products/revit/overview,WEB_ANCHOR_VERIFIED,2026-09-21,"Provide native job workspace for Survey; design support; installation; commissioning; service; defects; create/control Job sheets; equipment records; test/commissioning sheets as structured governed records; support assignment, revision/status, review/approval, evidence, audit and cross-functional handoff; provide specialist calculations/authoring or governed format interoperability where professional tooling requires it."
CBE-JTM-0316,CBE-JP-046,Heating and ventilation engineer,D08,F09;F10;F12;F13;F22;F23;F26;F27,Building-services design / field service / certification,IES,IES VE 2026,Survey; design support; installation; commissioning; service; defects,Job sheets; equipment records; test/commissioning sheets,Installation; Commissioning; Maintenance,https://www.iesve.com/ve2026,WEB_ANCHOR_VERIFIED,2026-09-21,"Provide native job workspace for Survey; design support; installation; commissioning; service; defects; create/control Job sheets; equipment records; test/commissioning sheets as structured governed records; support assignment, revision/status, review/approval, evidence, audit and cross-functional handoff; provide specialist calculations/authoring or governed format interoperability where professional tooling requires it."
CBE-JTM-0317,CBE-JP-046,Heating and ventilation engineer,D08,F09;F10;F12;F13;F22;F23;F26;F27,Building-services design / field service / certification,DesignBuilder Software,DesignBuilder,Survey; design support; installation; commissioning; service; defects,Job sheets; equipment records; test/commissioning sheets,Installation; Commissioning; Maintenance,,DISCOVERY_SEED_REQUIRES_MODULE_VERIFICATION,2026-09-21,"Provide native job workspace for Survey; design support; installation; commissioning; service; defects; create/control Job sheets; equipment records; test/commissioning sheets as structured governed records; support assignment, revision/status, review/approval, evidence, audit and cross-functional handoff; provide specialist calculations/authoring or governed format interoperability where professional tooling requires it."
CBE-JTM-0318,CBE-JP-046,Heating and ventilation engineer,D08,F09;F10;F12;F13;F22;F23;F26;F27,Building-services design / field service / certification,Danfoss,Danfoss Coolselector2,Survey; design support; installation; commissioning; service; defects,Job sheets; equipment records; test/commissioning sheets,Installation; Commissioning; Maintenance,,DISCOVERY_SEED_REQUIRES_MODULE_VERIFICATION,2026-09-21,"Provide native job workspace for Survey; design support; installation; commissioning; service; defects; create/control Job sheets; equipment records; test/commissioning sheets as structured governed records; support assignment, revision/status, review/approval, evidence, audit and cross-functional handoff; provide specialist calculations/authoring or governed format interoperability where professional tooling requires it."
CBE-JTM-0319,CBE-JP-046,Heating and ventilation engineer,D08,F09;F10;F12;F13;F22;F23;F26;F27,Building-services design / field service / certification,Joblogic,Joblogic,Survey; design support; installation; commissioning; service; defects,Job sheets; equipment records; test/commissioning sheets,Installation; Commissioning; Maintenance,,DISCOVERY_SEED_REQUIRES_MODULE_VERIFICATION,2026-09-21,"Provide native job workspace for Survey; design support; installation; commissioning; service; defects; create/control Job sheets; equipment records; test/commissioning sheets as structured governed records; support assignment, revision/status, review/approval, evidence, audit and cross-functional handoff; provide specialist calculations/authoring or governed format interoperability where professional tooling requires it."
CBE-JTM-0320,CBE-JP-046,Heating and ventilation engineer,D08,F09;F10;F12;F13;F22;F23;F26;F27,Building-services design / field service / certification,simPRO,simPRO,Survey; design support; installation; commissioning; service; defects,Job sheets; equipment records; test/commissioning sheets,Installation; Commissioning; Maintenance,,DISCOVERY_SEED_REQUIRES_MODULE_VERIFICATION,2026-09-21,"Provide native job workspace for Survey; design support; installation; commissioning; service; defects; create/control Job sheets; equipment records; test/commissioning sheets as structured governed records; support assignment, revision/status, review/approval, evidence, audit and cross-functional handoff; provide specialist calculations/authoring or governed format interoperability where professional tooling requires it."
CBE-JTM-0321,CBE-JP-046,Heating and ventilation engineer,D08,F09;F10;F12;F13;F22;F23;F26;F27,Building-services design / field service / certification,Commusoft,Commusoft,Survey; design support; installation; commissioning; service; defects,Job sheets; equipment records; test/commissioning sheets,Installation; Commissioning; Maintenance,,DISCOVERY_SEED_REQUIRES_MODULE_VERIFICATION,2026-09-21,"Provide native job workspace for Survey; design support; installation; commissioning; service; defects; create/control Job sheets; equipment records; test/commissioning sheets as structured governed records; support assignment, revision/status, review/approval, evidence, audit and cross-functional handoff; provide specialist calculations/authoring or governed format interoperability where professional tooling requires it."
CBE-JTM-0322,CBE-JP-047,Heritage officer,D13,F05;F12;F13;F19;F22;F23;F26;F27,Heritage / landscape / conservation information,Arches Project,Arches,Heritage asset records; significance assessment; consultations; case management; condition monitoring,Case files; assessments; consultation records; reports,Planning; Conservation; Operations,,DISCOVERY_SEED_REQUIRES_MODULE_VERIFICATION,2026-09-21,"Provide native job workspace for Heritage asset records; significance assessment; consultations; case management; condition monitoring; create/control Case files; assessments; consultation records; reports as structured governed records; support assignment, revision/status, review/approval, evidence, audit and cross-functional handoff; provide specialist calculations/authoring or governed format interoperability where professional tooling requires it."
CBE-JTM-0323,CBE-JP-047,Heritage officer,D13,F05;F12;F13;F19;F22;F23;F26;F27,Heritage / landscape / conservation information,Idox,Idox Uniform,Heritage asset records; significance assessment; consultations; case management; condition monitoring,Case files; assessments; consultation records; reports,Planning; Conservation; Operations,https://www.idoxgroup.com/solutions/regulatory-services/,WEB_ANCHOR_VERIFIED,2026-09-21,"Provide native job workspace for Heritage asset records; significance assessment; consultations; case management; condition monitoring; create/control Case files; assessments; consultation records; reports as structured governed records; support assignment, revision/status, review/approval, evidence, audit and cross-functional handoff; provide specialist calculations/authoring or governed format interoperability where professional tooling requires it."
CBE-JTM-0324,CBE-JP-047,Heritage officer,D13,F05;F12;F13;F19;F22;F23;F26;F27,Heritage / landscape / conservation information,Esri,Esri ArcGIS Pro,Heritage asset records; significance assessment; consultations; case management; condition monitoring,Case files; assessments; consultation records; reports,Planning; Conservation; Operations,,DISCOVERY_SEED_REQUIRES_MODULE_VERIFICATION,2026-09-21,"Provide native job workspace for Heritage asset records; significance assessment; consultations; case management; condition monitoring; create/control Case files; assessments; consultation records; reports as structured governed records; support assignment, revision/status, review/approval, evidence, audit and cross-functional handoff; provide specialist calculations/authoring or governed format interoperability where professional tooling requires it."
CBE-JTM-0325,CBE-JP-047,Heritage officer,D13,F05;F12;F13;F19;F22;F23;F26;F27,Heritage / landscape / conservation information,QGIS Project,QGIS,Heritage asset records; significance assessment; consultations; case management; condition monitoring,Case files; assessments; consultation records; reports,Planning; Conservation; Operations,,DISCOVERY_SEED_REQUIRES_MODULE_VERIFICATION,2026-09-21,"Provide native job workspace for Heritage asset records; significance assessment; consultations; case management; condition monitoring; create/control Case files; assessments; consultation records; reports as structured governed records; support assignment, revision/status, review/approval, evidence, audit and cross-functional handoff; provide specialist calculations/authoring or governed format interoperability where professional tooling requires it."
CBE-JTM-0326,CBE-JP-047,Heritage officer,D13,F05;F12;F13;F19;F22;F23;F26;F27,Heritage / landscape / conservation information,Axiell,Axiell Collections,Heritage asset records; significance assessment; consultations; case management; condition monitoring,Case files; assessments; consultation records; reports,Planning; Conservation; Operations,,DISCOVERY_SEED_REQUIRES_MODULE_VERIFICATION,2026-09-21,"Provide native job workspace for Heritage asset records; significance assessment; consultations; case management; condition monitoring; create/control Case files; assessments; consultation records; reports as structured governed records; support assignment, revision/status, review/approval, evidence, audit and cross-functional handoff; provide specialist calculations/authoring or governed format interoperability where professional tooling requires it."
CBE-JTM-0327,CBE-JP-047,Heritage officer,D13,F05;F12;F13;F19;F22;F23;F26;F27,Heritage / landscape / conservation information,Microsoft,Microsoft Power BI,Heritage asset records; significance assessment; consultations; case management; condition monitoring,Case files; assessments; consultation records; reports,Planning; Conservation; Operations,,DISCOVERY_SEED_REQUIRES_MODULE_VERIFICATION,2026-09-21,"Provide native job workspace for Heritage asset records; significance assessment; consultations; case management; condition monitoring; create/control Case files; assessments; consultation records; reports as structured governed records; support assignment, revision/status, review/approval, evidence, audit and cross-functional handoff; provide specialist calculations/authoring or governed format interoperability where professional tooling requires it."
CBE-JTM-0328,CBE-JP-048,Kitchen and bathroom designer,D01,F05;F13;F19;F23;F26;F27,Design authoring / BIM / technical information,Cyncly,Cyncly Winner Flex,Customer brief; survey; layouts; products; quotation; revisions; approvals,Layouts; product schedules; quotes; approvals,Sales; Design; Fit-out,https://www.cyncly.com/,WEB_ANCHOR_VERIFIED,2026-09-21,"Provide native job workspace for Customer brief; survey; layouts; products; quotation; revisions; approvals; create/control Layouts; product schedules; quotes; approvals as structured governed records; support assignment, revision/status, review/approval, evidence, audit and cross-functional handoff; provide specialist calculations/authoring or governed format interoperability where professional tooling requires it."
CBE-JTM-0329,CBE-JP-048,Kitchen and bathroom designer,D01,F05;F13;F19;F23;F26;F27,Design authoring / BIM / technical information,Cyncly,Cyncly Innoplus,Customer brief; survey; layouts; products; quotation; revisions; approvals,Layouts; product schedules; quotes; approvals,Sales; Design; Fit-out,https://www.cyncly.com/,WEB_ANCHOR_VERIFIED,2026-09-21,"Provide native job workspace for Customer brief; survey; layouts; products; quotation; revisions; approvals; create/control Layouts; product schedules; quotes; approvals as structured governed records; support assignment, revision/status, review/approval, evidence, audit and cross-functional handoff; provide specialist calculations/authoring or governed format interoperability where professional tooling requires it."
CBE-JTM-0330,CBE-JP-048,Kitchen and bathroom designer,D01,F05;F13;F19;F23;F26;F27,Design authoring / BIM / technical information,Logicom / Cyncly ecosystem,Virtual Worlds,Customer brief; survey; layouts; products; quotation; revisions; approvals,Layouts; product schedules; quotes; approvals,Sales; Design; Fit-out,https://www.virtualworlds.co.uk/,WEB_ANCHOR_VERIFIED,2026-09-21,"Provide native job workspace for Customer brief; survey; layouts; products; quotation; revisions; approvals; create/control Layouts; product schedules; quotes; approvals as structured governed records; support assignment, revision/status, review/approval, evidence, audit and cross-functional handoff; provide specialist calculations/authoring or governed format interoperability where professional tooling requires it."
CBE-JTM-0331,CBE-JP-048,Kitchen and bathroom designer,D01,F05;F13;F19;F23;F26;F27,Design authoring / BIM / technical information,ArtiCAD,ArtiCAD,Customer brief; survey; layouts; products; quotation; revisions; approvals,Layouts; product schedules; quotes; approvals,Sales; Design; Fit-out,,DISCOVERY_SEED_REQUIRES_MODULE_VERIFICATION,2026-09-21,"Provide native job workspace for Customer brief; survey; layouts; products; quotation; revisions; approvals; create/control Layouts; product schedules; quotes; approvals as structured governed records; support assignment, revision/status, review/approval, evidence, audit and cross-functional handoff; provide specialist calculations/authoring or governed format interoperability where professional tooling requires it."
CBE-JTM-0332,CBE-JP-048,Kitchen and bathroom designer,D01,F05;F13;F19;F23;F26;F27,Design authoring / BIM / technical information,Cyncly,2020 Design Live,Customer brief; survey; layouts; products; quotation; revisions; approvals,Layouts; product schedules; quotes; approvals,Sales; Design; Fit-out,,DISCOVERY_SEED_REQUIRES_MODULE_VERIFICATION,2026-09-21,"Provide native job workspace for Customer brief; survey; layouts; products; quotation; revisions; approvals; create/control Layouts; product schedules; quotes; approvals as structured governed records; support assignment, revision/status, review/approval, evidence, audit and cross-functional handoff; provide specialist calculations/authoring or governed format interoperability where professional tooling requires it."
CBE-JTM-0333,CBE-JP-048,Kitchen and bathroom designer,D01,F05;F13;F19;F23;F26;F27,Design authoring / BIM / technical information,Cyncly,Cyncly EQ Flex,Customer brief; survey; layouts; products; quotation; revisions; approvals,Layouts; product schedules; quotes; approvals,Sales; Design; Fit-out,,DISCOVERY_SEED_REQUIRES_MODULE_VERIFICATION,2026-09-21,"Provide native job workspace for Customer brief; survey; layouts; products; quotation; revisions; approvals; create/control Layouts; product schedules; quotes; approvals as structured governed records; support assignment, revision/status, review/approval, evidence, audit and cross-functional handoff; provide specialist calculations/authoring or governed format interoperability where professional tooling requires it."
CBE-JTM-0334,CBE-JP-049,Kitchen and bathroom fitter,D07,F09;F10;F12;F13;F23;F26;F27,Trade field execution / estimating / evidence,Tradify,Tradify,Survey; schedule; installation tasks; materials; coordination; snagging,Work orders; material lists; photos; completion records,Fit-out,,DISCOVERY_SEED_REQUIRES_MODULE_VERIFICATION,2026-09-21,"Provide native job workspace for Survey; schedule; installation tasks; materials; coordination; snagging; create/control Work orders; material lists; photos; completion records as structured governed records; support assignment, revision/status, review/approval, evidence, audit and cross-functional handoff; provide specialist calculations/authoring or governed format interoperability where professional tooling requires it."
CBE-JTM-0335,CBE-JP-049,Kitchen and bathroom fitter,D07,F09;F10;F12;F13;F23;F26;F27,Trade field execution / estimating / evidence,Fergus,Fergus,Survey; schedule; installation tasks; materials; coordination; snagging,Work orders; material lists; photos; completion records,Fit-out,,DISCOVERY_SEED_REQUIRES_MODULE_VERIFICATION,2026-09-21,"Provide native job workspace for Survey; schedule; installation tasks; materials; coordination; snagging; create/control Work orders; material lists; photos; completion records as structured governed records; support assignment, revision/status, review/approval, evidence, audit and cross-functional handoff; provide specialist calculations/authoring or governed format interoperability where professional tooling requires it."
CBE-JTM-0336,CBE-JP-049,Kitchen and bathroom fitter,D07,F09;F10;F12;F13;F23;F26;F27,Trade field execution / estimating / evidence,ServiceM8,ServiceM8,Survey; schedule; installation tasks; materials; coordination; snagging,Work orders; material lists; photos; completion records,Fit-out,,DISCOVERY_SEED_REQUIRES_MODULE_VERIFICATION,2026-09-21,"Provide native job workspace for Survey; schedule; installation tasks; materials; coordination; snagging; create/control Work orders; material lists; photos; completion records as structured governed records; support assignment, revision/status, review/approval, evidence, audit and cross-functional handoff; provide specialist calculations/authoring or governed format interoperability where professional tooling requires it."
CBE-JTM-0337,CBE-JP-049,Kitchen and bathroom fitter,D07,F09;F10;F12;F13;F23;F26;F27,Trade field execution / estimating / evidence,BigChange,BigChange,Survey; schedule; installation tasks; materials; coordination; snagging,Work orders; material lists; photos; completion records,Fit-out,,DISCOVERY_SEED_REQUIRES_MODULE_VERIFICATION,2026-09-21,"Provide native job workspace for Survey; schedule; installation tasks; materials; coordination; snagging; create/control Work orders; material lists; photos; completion records as structured governed records; support assignment, revision/status, review/approval, evidence, audit and cross-functional handoff; provide specialist calculations/authoring or governed format interoperability where professional tooling requires it."
CBE-JTM-0338,CBE-JP-049,Kitchen and bathroom fitter,D07,F09;F10;F12;F13;F23;F26;F27,Trade field execution / estimating / evidence,Procore,Procore,Survey; schedule; installation tasks; materials; coordination; snagging,Work orders; material lists; photos; completion records,Fit-out,https://www.procore.com/,WEB_ANCHOR_VERIFIED,2026-09-21,"Provide native job workspace for Survey; schedule; installation tasks; materials; coordination; snagging; create/control Work orders; material lists; photos; completion records as structured governed records; support assignment, revision/status, review/approval, evidence, audit and cross-functional handoff; provide specialist calculations/authoring or governed format interoperability where professional tooling requires it."
CBE-JTM-0339,CBE-JP-049,Kitchen and bathroom fitter,D07,F09;F10;F12;F13;F23;F26;F27,Trade field execution / estimating / evidence,Autodesk,Autodesk Build,Survey; schedule; installation tasks; materials; coordination; snagging,Work orders; material lists; photos; completion records,Fit-out,https://construction.autodesk.com/products/autodesk-build/,WEB_ANCHOR_VERIFIED,2026-09-21,"Provide native job workspace for Survey; schedule; installation tasks; materials; coordination; snagging; create/control Work orders; material lists; photos; completion records as structured governed records; support assignment, revision/status, review/approval, evidence, audit and cross-functional handoff; provide specialist calculations/authoring or governed format interoperability where professional tooling requires it."
CBE-JTM-0340,CBE-JP-050,Land surveyor,D03,F05;F07;F14;F19;F22;F26;F27,Survey / property / valuation / evidence,Trimble,Trimble Access,Survey planning; observations; control; coordinates; topographical outputs; setting out,Survey files; point data; drawings; reports,Survey; Design; Construction,,DISCOVERY_SEED_REQUIRES_MODULE_VERIFICATION,2026-09-21,"Provide native job workspace for Survey planning; observations; control; coordinates; topographical outputs; setting out; create/control Survey files; point data; drawings; reports as structured governed records; support assignment, revision/status, review/approval, evidence, audit and cross-functional handoff; provide specialist calculations/authoring or governed format interoperability where professional tooling requires it."
CBE-JTM-0341,CBE-JP-050,Land surveyor,D03,F05;F07;F14;F19;F22;F26;F27,Survey / property / valuation / evidence,Trimble,Trimble Business Center,Survey planning; observations; control; coordinates; topographical outputs; setting out,Survey files; point data; drawings; reports,Survey; Design; Construction,https://geospatial.trimble.com/en/products/software/trimble-business-center,WEB_ANCHOR_VERIFIED,2026-09-21,"Provide native job workspace for Survey planning; observations; control; coordinates; topographical outputs; setting out; create/control Survey files; point data; drawings; reports as structured governed records; support assignment, revision/status, review/approval, evidence, audit and cross-functional handoff; provide specialist calculations/authoring or governed format interoperability where professional tooling requires it."
CBE-JTM-0342,CBE-JP-050,Land surveyor,D03,F05;F07;F14;F19;F22;F26;F27,Survey / property / valuation / evidence,Leica Geosystems,Leica Captivate,Survey planning; observations; control; coordinates; topographical outputs; setting out,Survey files; point data; drawings; reports,Survey; Design; Construction,,DISCOVERY_SEED_REQUIRES_MODULE_VERIFICATION,2026-09-21,"Provide native job workspace for Survey planning; observations; control; coordinates; topographical outputs; setting out; create/control Survey files; point data; drawings; reports as structured governed records; support assignment, revision/status, review/approval, evidence, audit and cross-functional handoff; provide specialist calculations/authoring or governed format interoperability where professional tooling requires it."
CBE-JTM-0343,CBE-JP-050,Land surveyor,D03,F05;F07;F14;F19;F22;F26;F27,Survey / property / valuation / evidence,Leica Geosystems,Leica Infinity,Survey planning; observations; control; coordinates; topographical outputs; setting out,Survey files; point data; drawings; reports,Survey; Design; Construction,,DISCOVERY_SEED_REQUIRES_MODULE_VERIFICATION,2026-09-21,"Provide native job workspace for Survey planning; observations; control; coordinates; topographical outputs; setting out; create/control Survey files; point data; drawings; reports as structured governed records; support assignment, revision/status, review/approval, evidence, audit and cross-functional handoff; provide specialist calculations/authoring or governed format interoperability where professional tooling requires it."
CBE-JTM-0344,CBE-JP-050,Land surveyor,D03,F05;F07;F14;F19;F22;F26;F27,Survey / property / valuation / evidence,Leica Geosystems,Leica Cyclone,Survey planning; observations; control; coordinates; topographical outputs; setting out,Survey files; point data; drawings; reports,Survey; Design; Construction,,DISCOVERY_SEED_REQUIRES_MODULE_VERIFICATION,2026-09-21,"Provide native job workspace for Survey planning; observations; control; coordinates; topographical outputs; setting out; create/control Survey files; point data; drawings; reports as structured governed records; support assignment, revision/status, review/approval, evidence, audit and cross-functional handoff; provide specialist calculations/authoring or governed format interoperability where professional tooling requires it."
CBE-JTM-0345,CBE-JP-050,Land surveyor,D03,F05;F07;F14;F19;F22;F26;F27,Survey / property / valuation / evidence,Topcon,Topcon MAGNET,Survey planning; observations; control; coordinates; topographical outputs; setting out,Survey files; point data; drawings; reports,Survey; Design; Construction,,DISCOVERY_SEED_REQUIRES_MODULE_VERIFICATION,2026-09-21,"Provide native job workspace for Survey planning; observations; control; coordinates; topographical outputs; setting out; create/control Survey files; point data; drawings; reports as structured governed records; support assignment, revision/status, review/approval, evidence, audit and cross-functional handoff; provide specialist calculations/authoring or governed format interoperability where professional tooling requires it."
CBE-JTM-0346,CBE-JP-050,Land surveyor,D03,F05;F07;F14;F19;F22;F26;F27,Survey / property / valuation / evidence,Autodesk,Autodesk Civil 3D,Survey planning; observations; control; coordinates; topographical outputs; setting out,Survey files; point data; drawings; reports,Survey; Design; Construction,https://www.autodesk.com/products/civil-3d/overview,WEB_ANCHOR_VERIFIED,2026-09-21,"Provide native job workspace for Survey planning; observations; control; coordinates; topographical outputs; setting out; create/control Survey files; point data; drawings; reports as structured governed records; support assignment, revision/status, review/approval, evidence, audit and cross-functional handoff; provide specialist calculations/authoring or governed format interoperability where professional tooling requires it."
CBE-JTM-0347,CBE-JP-051,Landscape architect,D13,F05;F12;F13;F19;F22;F23;F26;F27,Heritage / landscape / conservation information,Vectorworks,Vectorworks Landmark,Brief; site analysis; landscape design; specifications; planting; coordination; inspections,Plans; schedules; specifications; inspection records,Planning; Design; Construction,https://www.vectorworks.net/en-GB/landmark,WEB_ANCHOR_VERIFIED,2026-09-21,"Provide native job workspace for Brief; site analysis; landscape design; specifications; planting; coordination; inspections; create/control Plans; schedules; specifications; inspection records as structured governed records; support assignment, revision/status, review/approval, evidence, audit and cross-functional handoff; provide specialist calculations/authoring or governed format interoperability where professional tooling requires it."
CBE-JTM-0348,CBE-JP-051,Landscape architect,D13,F05;F12;F13;F19;F22;F23;F26;F27,Heritage / landscape / conservation information,Land F/X,Land F/X,Brief; site analysis; landscape design; specifications; planting; coordination; inspections,Plans; schedules; specifications; inspection records,Planning; Design; Construction,,DISCOVERY_SEED_REQUIRES_MODULE_VERIFICATION,2026-09-21,"Provide native job workspace for Brief; site analysis; landscape design; specifications; planting; coordination; inspections; create/control Plans; schedules; specifications; inspection records as structured governed records; support assignment, revision/status, review/approval, evidence, audit and cross-functional handoff; provide specialist calculations/authoring or governed format interoperability where professional tooling requires it."
CBE-JTM-0349,CBE-JP-051,Landscape architect,D13,F05;F12;F13;F19;F22;F23;F26;F27,Heritage / landscape / conservation information,Keysoft Solutions,KeySCAPE,Brief; site analysis; landscape design; specifications; planting; coordination; inspections,Plans; schedules; specifications; inspection records,Planning; Design; Construction,,DISCOVERY_SEED_REQUIRES_MODULE_VERIFICATION,2026-09-21,"Provide native job workspace for Brief; site analysis; landscape design; specifications; planting; coordination; inspections; create/control Plans; schedules; specifications; inspection records as structured governed records; support assignment, revision/status, review/approval, evidence, audit and cross-functional handoff; provide specialist calculations/authoring or governed format interoperability where professional tooling requires it."
CBE-JTM-0350,CBE-JP-051,Landscape architect,D13,F05;F12;F13;F19;F22;F23;F26;F27,Heritage / landscape / conservation information,Autodesk,AutoCAD,Brief; site analysis; landscape design; specifications; planting; coordination; inspections,Plans; schedules; specifications; inspection records,Planning; Design; Construction,,DISCOVERY_SEED_REQUIRES_MODULE_VERIFICATION,2026-09-21,"Provide native job workspace for Brief; site analysis; landscape design; specifications; planting; coordination; inspections; create/control Plans; schedules; specifications; inspection records as structured governed records; support assignment, revision/status, review/approval, evidence, audit and cross-functional handoff; provide specialist calculations/authoring or governed format interoperability where professional tooling requires it."
CBE-JTM-0351,CBE-JP-051,Landscape architect,D13,F05;F12;F13;F19;F22;F23;F26;F27,Heritage / landscape / conservation information,Trimble,SketchUp,Brief; site analysis; landscape design; specifications; planting; coordination; inspections,Plans; schedules; specifications; inspection records,Planning; Design; Construction,,DISCOVERY_SEED_REQUIRES_MODULE_VERIFICATION,2026-09-21,"Provide native job workspace for Brief; site analysis; landscape design; specifications; planting; coordination; inspections; create/control Plans; schedules; specifications; inspection records as structured governed records; support assignment, revision/status, review/approval, evidence, audit and cross-functional handoff; provide specialist calculations/authoring or governed format interoperability where professional tooling requires it."
CBE-JTM-0352,CBE-JP-051,Landscape architect,D13,F05;F12;F13;F19;F22;F23;F26;F27,Heritage / landscape / conservation information,Esri,Esri ArcGIS Pro,Brief; site analysis; landscape design; specifications; planting; coordination; inspections,Plans; schedules; specifications; inspection records,Planning; Design; Construction,,DISCOVERY_SEED_REQUIRES_MODULE_VERIFICATION,2026-09-21,"Provide native job workspace for Brief; site analysis; landscape design; specifications; planting; coordination; inspections; create/control Plans; schedules; specifications; inspection records as structured governed records; support assignment, revision/status, review/approval, evidence, audit and cross-functional handoff; provide specialist calculations/authoring or governed format interoperability where professional tooling requires it."
CBE-JTM-0353,CBE-JP-051,Landscape architect,D13,F05;F12;F13;F19;F22;F23;F26;F27,Heritage / landscape / conservation information,QGIS Project,QGIS,Brief; site analysis; landscape design; specifications; planting; coordination; inspections,Plans; schedules; specifications; inspection records,Planning; Design; Construction,,DISCOVERY_SEED_REQUIRES_MODULE_VERIFICATION,2026-09-21,"Provide native job workspace for Brief; site analysis; landscape design; specifications; planting; coordination; inspections; create/control Plans; schedules; specifications; inspection records as structured governed records; support assignment, revision/status, review/approval, evidence, audit and cross-functional handoff; provide specialist calculations/authoring or governed format interoperability where professional tooling requires it."
CBE-JTM-0354,CBE-JP-052,Landscaper,D13,F05;F12;F13;F19;F22;F23;F26;F27,Heritage / landscape / conservation information,Tradify,Tradify,Quotes; site works; planting/materials; labour; maintenance schedule,Work orders; material schedules; photos; maintenance records,External works; Maintenance,,DISCOVERY_SEED_REQUIRES_MODULE_VERIFICATION,2026-09-21,"Provide native job workspace for Quotes; site works; planting/materials; labour; maintenance schedule; create/control Work orders; material schedules; photos; maintenance records as structured governed records; support assignment, revision/status, review/approval, evidence, audit and cross-functional handoff; provide specialist calculations/authoring or governed format interoperability where professional tooling requires it."
CBE-JTM-0355,CBE-JP-052,Landscaper,D13,F05;F12;F13;F19;F22;F23;F26;F27,Heritage / landscape / conservation information,Fergus,Fergus,Quotes; site works; planting/materials; labour; maintenance schedule,Work orders; material schedules; photos; maintenance records,External works; Maintenance,,DISCOVERY_SEED_REQUIRES_MODULE_VERIFICATION,2026-09-21,"Provide native job workspace for Quotes; site works; planting/materials; labour; maintenance schedule; create/control Work orders; material schedules; photos; maintenance records as structured governed records; support assignment, revision/status, review/approval, evidence, audit and cross-functional handoff; provide specialist calculations/authoring or governed format interoperability where professional tooling requires it."
CBE-JTM-0356,CBE-JP-052,Landscaper,D13,F05;F12;F13;F19;F22;F23;F26;F27,Heritage / landscape / conservation information,Jobber,Jobber,Quotes; site works; planting/materials; labour; maintenance schedule,Work orders; material schedules; photos; maintenance records,External works; Maintenance,,DISCOVERY_SEED_REQUIRES_MODULE_VERIFICATION,2026-09-21,"Provide native job workspace for Quotes; site works; planting/materials; labour; maintenance schedule; create/control Work orders; material schedules; photos; maintenance records as structured governed records; support assignment, revision/status, review/approval, evidence, audit and cross-functional handoff; provide specialist calculations/authoring or governed format interoperability where professional tooling requires it."
CBE-JTM-0357,CBE-JP-052,Landscaper,D13,F05;F12;F13;F19;F22;F23;F26;F27,Heritage / landscape / conservation information,ServiceM8,ServiceM8,Quotes; site works; planting/materials; labour; maintenance schedule,Work orders; material schedules; photos; maintenance records,External works; Maintenance,,DISCOVERY_SEED_REQUIRES_MODULE_VERIFICATION,2026-09-21,"Provide native job workspace for Quotes; site works; planting/materials; labour; maintenance schedule; create/control Work orders; material schedules; photos; maintenance records as structured governed records; support assignment, revision/status, review/approval, evidence, audit and cross-functional handoff; provide specialist calculations/authoring or governed format interoperability where professional tooling requires it."
CBE-JTM-0358,CBE-JP-052,Landscaper,D13,F05;F12;F13;F19;F22;F23;F26;F27,Heritage / landscape / conservation information,BigChange,BigChange,Quotes; site works; planting/materials; labour; maintenance schedule,Work orders; material schedules; photos; maintenance records,External works; Maintenance,,DISCOVERY_SEED_REQUIRES_MODULE_VERIFICATION,2026-09-21,"Provide native job workspace for Quotes; site works; planting/materials; labour; maintenance schedule; create/control Work orders; material schedules; photos; maintenance records as structured governed records; support assignment, revision/status, review/approval, evidence, audit and cross-functional handoff; provide specialist calculations/authoring or governed format interoperability where professional tooling requires it."
CBE-JTM-0359,CBE-JP-052,Landscaper,D13,F05;F12;F13;F19;F22;F23;F26;F27,Heritage / landscape / conservation information,Trimble,SketchUp,Quotes; site works; planting/materials; labour; maintenance schedule,Work orders; material schedules; photos; maintenance records,External works; Maintenance,,DISCOVERY_SEED_REQUIRES_MODULE_VERIFICATION,2026-09-21,"Provide native job workspace for Quotes; site works; planting/materials; labour; maintenance schedule; create/control Work orders; material schedules; photos; maintenance records as structured governed records; support assignment, revision/status, review/approval, evidence, audit and cross-functional handoff; provide specialist calculations/authoring or governed format interoperability where professional tooling requires it."
CBE-JTM-0360,CBE-JP-052,Landscaper,D13,F05;F12;F13;F19;F22;F23;F26;F27,Heritage / landscape / conservation information,Vectorworks,Vectorworks Landmark,Quotes; site works; planting/materials; labour; maintenance schedule,Work orders; material schedules; photos; maintenance records,External works; Maintenance,https://www.vectorworks.net/en-GB/landmark,WEB_ANCHOR_VERIFIED,2026-09-21,"Provide native job workspace for Quotes; site works; planting/materials; labour; maintenance schedule; create/control Work orders; material schedules; photos; maintenance records as structured governed records; support assignment, revision/status, review/approval, evidence, audit and cross-functional handoff; provide specialist calculations/authoring or governed format interoperability where professional tooling requires it."
CBE-JTM-0361,CBE-JP-053,Lighting technician,D11,F09;F10;F11;F12;F13;F22;F23;F26;F27,Plant / specialist operations / production,Vectorworks,Vectorworks Spotlight,Equipment planning; inventory; setup; inspections; operation; maintenance,Equipment lists; checklists; allocation records; faults,Installation/Event delivery; Maintenance,,DISCOVERY_SEED_REQUIRES_MODULE_VERIFICATION,2026-09-21,"Provide native job workspace for Equipment planning; inventory; setup; inspections; operation; maintenance; create/control Equipment lists; checklists; allocation records; faults as structured governed records; support assignment, revision/status, review/approval, evidence, audit and cross-functional handoff; provide specialist calculations/authoring or governed format interoperability where professional tooling requires it."
CBE-JTM-0362,CBE-JP-053,Lighting technician,D11,F09;F10;F11;F12;F13;F22;F23;F26;F27,Plant / specialist operations / production,Capture Sweden,Capture,Equipment planning; inventory; setup; inspections; operation; maintenance,Equipment lists; checklists; allocation records; faults,Installation/Event delivery; Maintenance,,DISCOVERY_SEED_REQUIRES_MODULE_VERIFICATION,2026-09-21,"Provide native job workspace for Equipment planning; inventory; setup; inspections; operation; maintenance; create/control Equipment lists; checklists; allocation records; faults as structured governed records; support assignment, revision/status, review/approval, evidence, audit and cross-functional handoff; provide specialist calculations/authoring or governed format interoperability where professional tooling requires it."
CBE-JTM-0363,CBE-JP-053,Lighting technician,D11,F09;F10;F11;F12;F13;F22;F23;F26;F27,Plant / specialist operations / production,CAST Group,CAST WYSIWYG,Equipment planning; inventory; setup; inspections; operation; maintenance,Equipment lists; checklists; allocation records; faults,Installation/Event delivery; Maintenance,,DISCOVERY_SEED_REQUIRES_MODULE_VERIFICATION,2026-09-21,"Provide native job workspace for Equipment planning; inventory; setup; inspections; operation; maintenance; create/control Equipment lists; checklists; allocation records; faults as structured governed records; support assignment, revision/status, review/approval, evidence, audit and cross-functional handoff; provide specialist calculations/authoring or governed format interoperability where professional tooling requires it."
CBE-JTM-0364,CBE-JP-053,Lighting technician,D11,F09;F10;F11;F12;F13;F22;F23;F26;F27,Plant / specialist operations / production,John McKernon Software,Lightwright,Equipment planning; inventory; setup; inspections; operation; maintenance,Equipment lists; checklists; allocation records; faults,Installation/Event delivery; Maintenance,,DISCOVERY_SEED_REQUIRES_MODULE_VERIFICATION,2026-09-21,"Provide native job workspace for Equipment planning; inventory; setup; inspections; operation; maintenance; create/control Equipment lists; checklists; allocation records; faults as structured governed records; support assignment, revision/status, review/approval, evidence, audit and cross-functional handoff; provide specialist calculations/authoring or governed format interoperability where professional tooling requires it."
CBE-JTM-0365,CBE-JP-053,Lighting technician,D11,F09;F10;F11;F12;F13;F22;F23;F26;F27,Plant / specialist operations / production,MA Lighting,grandMA3 onPC,Equipment planning; inventory; setup; inspections; operation; maintenance,Equipment lists; checklists; allocation records; faults,Installation/Event delivery; Maintenance,,DISCOVERY_SEED_REQUIRES_MODULE_VERIFICATION,2026-09-21,"Provide native job workspace for Equipment planning; inventory; setup; inspections; operation; maintenance; create/control Equipment lists; checklists; allocation records; faults as structured governed records; support assignment, revision/status, review/approval, evidence, audit and cross-functional handoff; provide specialist calculations/authoring or governed format interoperability where professional tooling requires it."
CBE-JTM-0366,CBE-JP-054,Locksmith,D08,F09;F10;F12;F13;F22;F23;F26;F27,Building-services design / field service / certification,Joblogic,Joblogic,Callouts; asset/lock register; access hardware; installation; repair; key/control records,Jobs; asset records; key/access records; invoices,Installation; Maintenance,,DISCOVERY_SEED_REQUIRES_MODULE_VERIFICATION,2026-09-21,"Provide native job workspace for Callouts; asset/lock register; access hardware; installation; repair; key/control records; create/control Jobs; asset records; key/access records; invoices as structured governed records; support assignment, revision/status, review/approval, evidence, audit and cross-functional handoff; provide specialist calculations/authoring or governed format interoperability where professional tooling requires it."
CBE-JTM-0367,CBE-JP-054,Locksmith,D08,F09;F10;F12;F13;F22;F23;F26;F27,Building-services design / field service / certification,simPRO,simPRO,Callouts; asset/lock register; access hardware; installation; repair; key/control records,Jobs; asset records; key/access records; invoices,Installation; Maintenance,,DISCOVERY_SEED_REQUIRES_MODULE_VERIFICATION,2026-09-21,"Provide native job workspace for Callouts; asset/lock register; access hardware; installation; repair; key/control records; create/control Jobs; asset records; key/access records; invoices as structured governed records; support assignment, revision/status, review/approval, evidence, audit and cross-functional handoff; provide specialist calculations/authoring or governed format interoperability where professional tooling requires it."
CBE-JTM-0368,CBE-JP-054,Locksmith,D08,F09;F10;F12;F13;F22;F23;F26;F27,Building-services design / field service / certification,ServiceM8,ServiceM8,Callouts; asset/lock register; access hardware; installation; repair; key/control records,Jobs; asset records; key/access records; invoices,Installation; Maintenance,,DISCOVERY_SEED_REQUIRES_MODULE_VERIFICATION,2026-09-21,"Provide native job workspace for Callouts; asset/lock register; access hardware; installation; repair; key/control records; create/control Jobs; asset records; key/access records; invoices as structured governed records; support assignment, revision/status, review/approval, evidence, audit and cross-functional handoff; provide specialist calculations/authoring or governed format interoperability where professional tooling requires it."
CBE-JTM-0369,CBE-JP-054,Locksmith,D08,F09;F10;F12;F13;F22;F23;F26;F27,Building-services design / field service / certification,BigChange,BigChange,Callouts; asset/lock register; access hardware; installation; repair; key/control records,Jobs; asset records; key/access records; invoices,Installation; Maintenance,,DISCOVERY_SEED_REQUIRES_MODULE_VERIFICATION,2026-09-21,"Provide native job workspace for Callouts; asset/lock register; access hardware; installation; repair; key/control records; create/control Jobs; asset records; key/access records; invoices as structured governed records; support assignment, revision/status, review/approval, evidence, audit and cross-functional handoff; provide specialist calculations/authoring or governed format interoperability where professional tooling requires it."
CBE-JTM-0370,CBE-JP-054,Locksmith,D08,F09;F10;F12;F13;F22;F23;F26;F27,Building-services design / field service / certification,Tradify,Tradify,Callouts; asset/lock register; access hardware; installation; repair; key/control records,Jobs; asset records; key/access records; invoices,Installation; Maintenance,,DISCOVERY_SEED_REQUIRES_MODULE_VERIFICATION,2026-09-21,"Provide native job workspace for Callouts; asset/lock register; access hardware; installation; repair; key/control records; create/control Jobs; asset records; key/access records; invoices as structured governed records; support assignment, revision/status, review/approval, evidence, audit and cross-functional handoff; provide specialist calculations/authoring or governed format interoperability where professional tooling requires it."
CBE-JTM-0371,CBE-JP-054,Locksmith,D08,F09;F10;F12;F13;F22;F23;F26;F27,Building-services design / field service / certification,Genetec,Genetec Security Center,Callouts; asset/lock register; access hardware; installation; repair; key/control records,Jobs; asset records; key/access records; invoices,Installation; Maintenance,,DISCOVERY_SEED_REQUIRES_MODULE_VERIFICATION,2026-09-21,"Provide native job workspace for Callouts; asset/lock register; access hardware; installation; repair; key/control records; create/control Jobs; asset records; key/access records; invoices as structured governed records; support assignment, revision/status, review/approval, evidence, audit and cross-functional handoff; provide specialist calculations/authoring or governed format interoperability where professional tooling requires it."
CBE-JTM-0372,CBE-JP-054,Locksmith,D08,F09;F10;F12;F13;F22;F23;F26;F27,Building-services design / field service / certification,LenelS2,LenelS2 OnGuard,Callouts; asset/lock register; access hardware; installation; repair; key/control records,Jobs; asset records; key/access records; invoices,Installation; Maintenance,,DISCOVERY_SEED_REQUIRES_MODULE_VERIFICATION,2026-09-21,"Provide native job workspace for Callouts; asset/lock register; access hardware; installation; repair; key/control records; create/control Jobs; asset records; key/access records; invoices as structured governed records; support assignment, revision/status, review/approval, evidence, audit and cross-functional handoff; provide specialist calculations/authoring or governed format interoperability where professional tooling requires it."
CBE-JTM-0373,CBE-JP-055,Painter and decorator,D07,F09;F10;F12;F13;F23;F26;F27,Trade field execution / estimating / evidence,Tradify,Tradify,Estimate; area/take-off; materials; schedule; application; completion,Quotes; work orders; material usage; photos,Finishes,,DISCOVERY_SEED_REQUIRES_MODULE_VERIFICATION,2026-09-21,"Provide native job workspace for Estimate; area/take-off; materials; schedule; application; completion; create/control Quotes; work orders; material usage; photos as structured governed records; support assignment, revision/status, review/approval, evidence, audit and cross-functional handoff; provide specialist calculations/authoring or governed format interoperability where professional tooling requires it."
CBE-JTM-0374,CBE-JP-055,Painter and decorator,D07,F09;F10;F12;F13;F23;F26;F27,Trade field execution / estimating / evidence,Fergus,Fergus,Estimate; area/take-off; materials; schedule; application; completion,Quotes; work orders; material usage; photos,Finishes,,DISCOVERY_SEED_REQUIRES_MODULE_VERIFICATION,2026-09-21,"Provide native job workspace for Estimate; area/take-off; materials; schedule; application; completion; create/control Quotes; work orders; material usage; photos as structured governed records; support assignment, revision/status, review/approval, evidence, audit and cross-functional handoff; provide specialist calculations/authoring or governed format interoperability where professional tooling requires it."
CBE-JTM-0375,CBE-JP-055,Painter and decorator,D07,F09;F10;F12;F13;F23;F26;F27,Trade field execution / estimating / evidence,ServiceM8,ServiceM8,Estimate; area/take-off; materials; schedule; application; completion,Quotes; work orders; material usage; photos,Finishes,,DISCOVERY_SEED_REQUIRES_MODULE_VERIFICATION,2026-09-21,"Provide native job workspace for Estimate; area/take-off; materials; schedule; application; completion; create/control Quotes; work orders; material usage; photos as structured governed records; support assignment, revision/status, review/approval, evidence, audit and cross-functional handoff; provide specialist calculations/authoring or governed format interoperability where professional tooling requires it."
CBE-JTM-0376,CBE-JP-055,Painter and decorator,D07,F09;F10;F12;F13;F23;F26;F27,Trade field execution / estimating / evidence,Jobber,Jobber,Estimate; area/take-off; materials; schedule; application; completion,Quotes; work orders; material usage; photos,Finishes,,DISCOVERY_SEED_REQUIRES_MODULE_VERIFICATION,2026-09-21,"Provide native job workspace for Estimate; area/take-off; materials; schedule; application; completion; create/control Quotes; work orders; material usage; photos as structured governed records; support assignment, revision/status, review/approval, evidence, audit and cross-functional handoff; provide specialist calculations/authoring or governed format interoperability where professional tooling requires it."
CBE-JTM-0377,CBE-JP-055,Painter and decorator,D07,F09;F10;F12;F13;F23;F26;F27,Trade field execution / estimating / evidence,BigChange,BigChange,Estimate; area/take-off; materials; schedule; application; completion,Quotes; work orders; material usage; photos,Finishes,,DISCOVERY_SEED_REQUIRES_MODULE_VERIFICATION,2026-09-21,"Provide native job workspace for Estimate; area/take-off; materials; schedule; application; completion; create/control Quotes; work orders; material usage; photos as structured governed records; support assignment, revision/status, review/approval, evidence, audit and cross-functional handoff; provide specialist calculations/authoring or governed format interoperability where professional tooling requires it."
CBE-JTM-0378,CBE-JP-055,Painter and decorator,D07,F09;F10;F12;F13;F23;F26;F27,Trade field execution / estimating / evidence,Procore,Procore,Estimate; area/take-off; materials; schedule; application; completion,Quotes; work orders; material usage; photos,Finishes,https://www.procore.com/,WEB_ANCHOR_VERIFIED,2026-09-21,"Provide native job workspace for Estimate; area/take-off; materials; schedule; application; completion; create/control Quotes; work orders; material usage; photos as structured governed records; support assignment, revision/status, review/approval, evidence, audit and cross-functional handoff; provide specialist calculations/authoring or governed format interoperability where professional tooling requires it."
CBE-JTM-0379,CBE-JP-056,Pipe fitter,D08,F09;F10;F12;F13;F22;F23;F26;F27,Building-services design / field service / certification,Autodesk,AutoCAD Plant 3D,Isometrics/work packs; fabrication/installation; weld/test references; materials; QA,Work packs; spool/line records; test records; material traceability,Installation; Testing,,DISCOVERY_SEED_REQUIRES_MODULE_VERIFICATION,2026-09-21,"Provide native job workspace for Isometrics/work packs; fabrication/installation; weld/test references; materials; QA; create/control Work packs; spool/line records; test records; material traceability as structured governed records; support assignment, revision/status, review/approval, evidence, audit and cross-functional handoff; provide specialist calculations/authoring or governed format interoperability where professional tooling requires it."
CBE-JTM-0380,CBE-JP-056,Pipe fitter,D08,F09;F10;F12;F13;F22;F23;F26;F27,Building-services design / field service / certification,AVEVA,AVEVA E3D Design,Isometrics/work packs; fabrication/installation; weld/test references; materials; QA,Work packs; spool/line records; test records; material traceability,Installation; Testing,,DISCOVERY_SEED_REQUIRES_MODULE_VERIFICATION,2026-09-21,"Provide native job workspace for Isometrics/work packs; fabrication/installation; weld/test references; materials; QA; create/control Work packs; spool/line records; test records; material traceability as structured governed records; support assignment, revision/status, review/approval, evidence, audit and cross-functional handoff; provide specialist calculations/authoring or governed format interoperability where professional tooling requires it."
CBE-JTM-0381,CBE-JP-056,Pipe fitter,D08,F09;F10;F12;F13;F22;F23;F26;F27,Building-services design / field service / certification,Hexagon,Hexagon Smart 3D,Isometrics/work packs; fabrication/installation; weld/test references; materials; QA,Work packs; spool/line records; test records; material traceability,Installation; Testing,,DISCOVERY_SEED_REQUIRES_MODULE_VERIFICATION,2026-09-21,"Provide native job workspace for Isometrics/work packs; fabrication/installation; weld/test references; materials; QA; create/control Work packs; spool/line records; test records; material traceability as structured governed records; support assignment, revision/status, review/approval, evidence, audit and cross-functional handoff; provide specialist calculations/authoring or governed format interoperability where professional tooling requires it."
CBE-JTM-0382,CBE-JP-056,Pipe fitter,D08,F09;F10;F12;F13;F22;F23;F26;F27,Building-services design / field service / certification,Hexagon,Hexagon Isogen,Isometrics/work packs; fabrication/installation; weld/test references; materials; QA,Work packs; spool/line records; test records; material traceability,Installation; Testing,,DISCOVERY_SEED_REQUIRES_MODULE_VERIFICATION,2026-09-21,"Provide native job workspace for Isometrics/work packs; fabrication/installation; weld/test references; materials; QA; create/control Work packs; spool/line records; test records; material traceability as structured governed records; support assignment, revision/status, review/approval, evidence, audit and cross-functional handoff; provide specialist calculations/authoring or governed format interoperability where professional tooling requires it."
CBE-JTM-0383,CBE-JP-056,Pipe fitter,D08,F09;F10;F12;F13;F22;F23;F26;F27,Building-services design / field service / certification,Autodesk,Autodesk Navisworks,Isometrics/work packs; fabrication/installation; weld/test references; materials; QA,Work packs; spool/line records; test records; material traceability,Installation; Testing,,DISCOVERY_SEED_REQUIRES_MODULE_VERIFICATION,2026-09-21,"Provide native job workspace for Isometrics/work packs; fabrication/installation; weld/test references; materials; QA; create/control Work packs; spool/line records; test records; material traceability as structured governed records; support assignment, revision/status, review/approval, evidence, audit and cross-functional handoff; provide specialist calculations/authoring or governed format interoperability where professional tooling requires it."
CBE-JTM-0384,CBE-JP-056,Pipe fitter,D08,F09;F10;F12;F13;F22;F23;F26;F27,Building-services design / field service / certification,Kemppi,WeldEye,Isometrics/work packs; fabrication/installation; weld/test references; materials; QA,Work packs; spool/line records; test records; material traceability,Installation; Testing,,DISCOVERY_SEED_REQUIRES_MODULE_VERIFICATION,2026-09-21,"Provide native job workspace for Isometrics/work packs; fabrication/installation; weld/test references; materials; QA; create/control Work packs; spool/line records; test records; material traceability as structured governed records; support assignment, revision/status, review/approval, evidence, audit and cross-functional handoff; provide specialist calculations/authoring or governed format interoperability where professional tooling requires it."
CBE-JTM-0385,CBE-JP-057,Planning and development surveyor,D03,F05;F07;F14;F19;F22;F26;F27,Survey / property / valuation / evidence,Altus Group,ARGUS Enterprise,Site appraisal; development appraisal; planning constraints; valuations; viability; client reports,Appraisals; reports; valuations; planning records,Feasibility; Planning,,DISCOVERY_SEED_REQUIRES_MODULE_VERIFICATION,2026-09-21,"Provide native job workspace for Site appraisal; development appraisal; planning constraints; valuations; viability; client reports; create/control Appraisals; reports; valuations; planning records as structured governed records; support assignment, revision/status, review/approval, evidence, audit and cross-functional handoff; provide specialist calculations/authoring or governed format interoperability where professional tooling requires it."
CBE-JTM-0386,CBE-JP-057,Planning and development surveyor,D03,F05;F07;F14;F19;F22;F26;F27,Survey / property / valuation / evidence,LandTech,LandTech,Site appraisal; development appraisal; planning constraints; valuations; viability; client reports,Appraisals; reports; valuations; planning records,Feasibility; Planning,,DISCOVERY_SEED_REQUIRES_MODULE_VERIFICATION,2026-09-21,"Provide native job workspace for Site appraisal; development appraisal; planning constraints; valuations; viability; client reports; create/control Appraisals; reports; valuations; planning records as structured governed records; support assignment, revision/status, review/approval, evidence, audit and cross-functional handoff; provide specialist calculations/authoring or governed format interoperability where professional tooling requires it."
CBE-JTM-0387,CBE-JP-057,Planning and development surveyor,D03,F05;F07;F14;F19;F22;F26;F27,Survey / property / valuation / evidence,Esri,Esri ArcGIS Pro,Site appraisal; development appraisal; planning constraints; valuations; viability; client reports,Appraisals; reports; valuations; planning records,Feasibility; Planning,,DISCOVERY_SEED_REQUIRES_MODULE_VERIFICATION,2026-09-21,"Provide native job workspace for Site appraisal; development appraisal; planning constraints; valuations; viability; client reports; create/control Appraisals; reports; valuations; planning records as structured governed records; support assignment, revision/status, review/approval, evidence, audit and cross-functional handoff; provide specialist calculations/authoring or governed format interoperability where professional tooling requires it."
CBE-JTM-0388,CBE-JP-057,Planning and development surveyor,D03,F05;F07;F14;F19;F22;F26;F27,Survey / property / valuation / evidence,Esri,ArcGIS Urban,Site appraisal; development appraisal; planning constraints; valuations; viability; client reports,Appraisals; reports; valuations; planning records,Feasibility; Planning,,DISCOVERY_SEED_REQUIRES_MODULE_VERIFICATION,2026-09-21,"Provide native job workspace for Site appraisal; development appraisal; planning constraints; valuations; viability; client reports; create/control Appraisals; reports; valuations; planning records as structured governed records; support assignment, revision/status, review/approval, evidence, audit and cross-functional handoff; provide specialist calculations/authoring or governed format interoperability where professional tooling requires it."
CBE-JTM-0389,CBE-JP-057,Planning and development surveyor,D03,F05;F07;F14;F19;F22;F26;F27,Survey / property / valuation / evidence,Idox,Idox Uniform,Site appraisal; development appraisal; planning constraints; valuations; viability; client reports,Appraisals; reports; valuations; planning records,Feasibility; Planning,https://www.idoxgroup.com/solutions/regulatory-services/,WEB_ANCHOR_VERIFIED,2026-09-21,"Provide native job workspace for Site appraisal; development appraisal; planning constraints; valuations; viability; client reports; create/control Appraisals; reports; valuations; planning records as structured governed records; support assignment, revision/status, review/approval, evidence, audit and cross-functional handoff; provide specialist calculations/authoring or governed format interoperability where professional tooling requires it."
CBE-JTM-0390,CBE-JP-057,Planning and development surveyor,D03,F05;F07;F14;F19;F22;F26;F27,Survey / property / valuation / evidence,Microsoft,Microsoft Power BI,Site appraisal; development appraisal; planning constraints; valuations; viability; client reports,Appraisals; reports; valuations; planning records,Feasibility; Planning,,DISCOVERY_SEED_REQUIRES_MODULE_VERIFICATION,2026-09-21,"Provide native job workspace for Site appraisal; development appraisal; planning constraints; valuations; viability; client reports; create/control Appraisals; reports; valuations; planning records as structured governed records; support assignment, revision/status, review/approval, evidence, audit and cross-functional handoff; provide specialist calculations/authoring or governed format interoperability where professional tooling requires it."
CBE-JTM-0391,CBE-JP-058,Plasterer,D07,F09;F10;F12;F13;F23;F26;F27,Trade field execution / estimating / evidence,Tradify,Tradify,Estimate; areas; materials; schedule; application; snagging,Quotes; work orders; material usage; photos,Finishes,,DISCOVERY_SEED_REQUIRES_MODULE_VERIFICATION,2026-09-21,"Provide native job workspace for Estimate; areas; materials; schedule; application; snagging; create/control Quotes; work orders; material usage; photos as structured governed records; support assignment, revision/status, review/approval, evidence, audit and cross-functional handoff; provide specialist calculations/authoring or governed format interoperability where professional tooling requires it."
CBE-JTM-0392,CBE-JP-058,Plasterer,D07,F09;F10;F12;F13;F23;F26;F27,Trade field execution / estimating / evidence,Fergus,Fergus,Estimate; areas; materials; schedule; application; snagging,Quotes; work orders; material usage; photos,Finishes,,DISCOVERY_SEED_REQUIRES_MODULE_VERIFICATION,2026-09-21,"Provide native job workspace for Estimate; areas; materials; schedule; application; snagging; create/control Quotes; work orders; material usage; photos as structured governed records; support assignment, revision/status, review/approval, evidence, audit and cross-functional handoff; provide specialist calculations/authoring or governed format interoperability where professional tooling requires it."
CBE-JTM-0393,CBE-JP-058,Plasterer,D07,F09;F10;F12;F13;F23;F26;F27,Trade field execution / estimating / evidence,ServiceM8,ServiceM8,Estimate; areas; materials; schedule; application; snagging,Quotes; work orders; material usage; photos,Finishes,,DISCOVERY_SEED_REQUIRES_MODULE_VERIFICATION,2026-09-21,"Provide native job workspace for Estimate; areas; materials; schedule; application; snagging; create/control Quotes; work orders; material usage; photos as structured governed records; support assignment, revision/status, review/approval, evidence, audit and cross-functional handoff; provide specialist calculations/authoring or governed format interoperability where professional tooling requires it."
CBE-JTM-0394,CBE-JP-058,Plasterer,D07,F09;F10;F12;F13;F23;F26;F27,Trade field execution / estimating / evidence,Jobber,Jobber,Estimate; areas; materials; schedule; application; snagging,Quotes; work orders; material usage; photos,Finishes,,DISCOVERY_SEED_REQUIRES_MODULE_VERIFICATION,2026-09-21,"Provide native job workspace for Estimate; areas; materials; schedule; application; snagging; create/control Quotes; work orders; material usage; photos as structured governed records; support assignment, revision/status, review/approval, evidence, audit and cross-functional handoff; provide specialist calculations/authoring or governed format interoperability where professional tooling requires it."
CBE-JTM-0395,CBE-JP-058,Plasterer,D07,F09;F10;F12;F13;F23;F26;F27,Trade field execution / estimating / evidence,BigChange,BigChange,Estimate; areas; materials; schedule; application; snagging,Quotes; work orders; material usage; photos,Finishes,,DISCOVERY_SEED_REQUIRES_MODULE_VERIFICATION,2026-09-21,"Provide native job workspace for Estimate; areas; materials; schedule; application; snagging; create/control Quotes; work orders; material usage; photos as structured governed records; support assignment, revision/status, review/approval, evidence, audit and cross-functional handoff; provide specialist calculations/authoring or governed format interoperability where professional tooling requires it."
CBE-JTM-0396,CBE-JP-058,Plasterer,D07,F09;F10;F12;F13;F23;F26;F27,Trade field execution / estimating / evidence,Procore,Procore,Estimate; areas; materials; schedule; application; snagging,Quotes; work orders; material usage; photos,Finishes,https://www.procore.com/,WEB_ANCHOR_VERIFIED,2026-09-21,"Provide native job workspace for Estimate; areas; materials; schedule; application; snagging; create/control Quotes; work orders; material usage; photos as structured governed records; support assignment, revision/status, review/approval, evidence, audit and cross-functional handoff; provide specialist calculations/authoring or governed format interoperability where professional tooling requires it."
CBE-JTM-0397,CBE-JP-059,Plumber,D08,F09;F10;F12;F13;F22;F23;F26;F27,Building-services design / field service / certification,simPRO,simPRO,Survey; quote; schedule; installation; fixtures; testing; callouts; maintenance,Quotes; job sheets; test records; asset/service records; invoices,Installation; Testing; Maintenance,,DISCOVERY_SEED_REQUIRES_MODULE_VERIFICATION,2026-09-21,"Provide native job workspace for Survey; quote; schedule; installation; fixtures; testing; callouts; maintenance; create/control Quotes; job sheets; test records; asset/service records; invoices as structured governed records; support assignment, revision/status, review/approval, evidence, audit and cross-functional handoff; provide specialist calculations/authoring or governed format interoperability where professional tooling requires it."
CBE-JTM-0398,CBE-JP-059,Plumber,D08,F09;F10;F12;F13;F22;F23;F26;F27,Building-services design / field service / certification,Joblogic,Joblogic,Survey; quote; schedule; installation; fixtures; testing; callouts; maintenance,Quotes; job sheets; test records; asset/service records; invoices,Installation; Testing; Maintenance,,DISCOVERY_SEED_REQUIRES_MODULE_VERIFICATION,2026-09-21,"Provide native job workspace for Survey; quote; schedule; installation; fixtures; testing; callouts; maintenance; create/control Quotes; job sheets; test records; asset/service records; invoices as structured governed records; support assignment, revision/status, review/approval, evidence, audit and cross-functional handoff; provide specialist calculations/authoring or governed format interoperability where professional tooling requires it."
CBE-JTM-0399,CBE-JP-059,Plumber,D08,F09;F10;F12;F13;F22;F23;F26;F27,Building-services design / field service / certification,Commusoft,Commusoft,Survey; quote; schedule; installation; fixtures; testing; callouts; maintenance,Quotes; job sheets; test records; asset/service records; invoices,Installation; Testing; Maintenance,,DISCOVERY_SEED_REQUIRES_MODULE_VERIFICATION,2026-09-21,"Provide native job workspace for Survey; quote; schedule; installation; fixtures; testing; callouts; maintenance; create/control Quotes; job sheets; test records; asset/service records; invoices as structured governed records; support assignment, revision/status, review/approval, evidence, audit and cross-functional handoff; provide specialist calculations/authoring or governed format interoperability where professional tooling requires it."
CBE-JTM-0400,CBE-JP-059,Plumber,D08,F09;F10;F12;F13;F22;F23;F26;F27,Building-services design / field service / certification,ServiceM8,ServiceM8,Survey; quote; schedule; installation; fixtures; testing; callouts; maintenance,Quotes; job sheets; test records; asset/service records; invoices,Installation; Testing; Maintenance,,DISCOVERY_SEED_REQUIRES_MODULE_VERIFICATION,2026-09-21,"Provide native job workspace for Survey; quote; schedule; installation; fixtures; testing; callouts; maintenance; create/control Quotes; job sheets; test records; asset/service records; invoices as structured governed records; support assignment, revision/status, review/approval, evidence, audit and cross-functional handoff; provide specialist calculations/authoring or governed format interoperability where professional tooling requires it."
CBE-JTM-0401,CBE-JP-059,Plumber,D08,F09;F10;F12;F13;F22;F23;F26;F27,Building-services design / field service / certification,Tradify,Tradify,Survey; quote; schedule; installation; fixtures; testing; callouts; maintenance,Quotes; job sheets; test records; asset/service records; invoices,Installation; Testing; Maintenance,,DISCOVERY_SEED_REQUIRES_MODULE_VERIFICATION,2026-09-21,"Provide native job workspace for Survey; quote; schedule; installation; fixtures; testing; callouts; maintenance; create/control Quotes; job sheets; test records; asset/service records; invoices as structured governed records; support assignment, revision/status, review/approval, evidence, audit and cross-functional handoff; provide specialist calculations/authoring or governed format interoperability where professional tooling requires it."
CBE-JTM-0402,CBE-JP-059,Plumber,D08,F09;F10;F12;F13;F22;F23;F26;F27,Building-services design / field service / certification,Fergus,Fergus,Survey; quote; schedule; installation; fixtures; testing; callouts; maintenance,Quotes; job sheets; test records; asset/service records; invoices,Installation; Testing; Maintenance,,DISCOVERY_SEED_REQUIRES_MODULE_VERIFICATION,2026-09-21,"Provide native job workspace for Survey; quote; schedule; installation; fixtures; testing; callouts; maintenance; create/control Quotes; job sheets; test records; asset/service records; invoices as structured governed records; support assignment, revision/status, review/approval, evidence, audit and cross-functional handoff; provide specialist calculations/authoring or governed format interoperability where professional tooling requires it."
CBE-JTM-0403,CBE-JP-059,Plumber,D08,F09;F10;F12;F13;F22;F23;F26;F27,Building-services design / field service / certification,BigChange,BigChange,Survey; quote; schedule; installation; fixtures; testing; callouts; maintenance,Quotes; job sheets; test records; asset/service records; invoices,Installation; Testing; Maintenance,,DISCOVERY_SEED_REQUIRES_MODULE_VERIFICATION,2026-09-21,"Provide native job workspace for Survey; quote; schedule; installation; fixtures; testing; callouts; maintenance; create/control Quotes; job sheets; test records; asset/service records; invoices as structured governed records; support assignment, revision/status, review/approval, evidence, audit and cross-functional handoff; provide specialist calculations/authoring or governed format interoperability where professional tooling requires it."
CBE-JTM-0404,CBE-JP-060,Quantity surveyor,D04,F07;F09;F14;F19;F20;F26;F27,Estimating / commercial / contract administration,RIB Software,RIB CostX,Measurement; cost plans; procurement; tender analysis; valuations; variations; forecasts; final accounts,Cost plans; BoQs; tender analyses; valuations; variations; cost reports,Feasibility; Design; Construction; Final account,,DISCOVERY_SEED_REQUIRES_MODULE_VERIFICATION,2026-09-21,"Provide native job workspace for Measurement; cost plans; procurement; tender analysis; valuations; variations; forecasts; final accounts; create/control Cost plans; BoQs; tender analyses; valuations; variations; cost reports as structured governed records; support assignment, revision/status, review/approval, evidence, audit and cross-functional handoff; provide specialist calculations/authoring or governed format interoperability where professional tooling requires it."
CBE-JTM-0405,CBE-JP-060,Quantity surveyor,D04,F07;F09;F14;F19;F20;F26;F27,Estimating / commercial / contract administration,RIB Software,RIB Candy,Measurement; cost plans; procurement; tender analysis; valuations; variations; forecasts; final accounts,Cost plans; BoQs; tender analyses; valuations; variations; cost reports,Feasibility; Design; Construction; Final account,,DISCOVERY_SEED_REQUIRES_MODULE_VERIFICATION,2026-09-21,"Provide native job workspace for Measurement; cost plans; procurement; tender analysis; valuations; variations; forecasts; final accounts; create/control Cost plans; BoQs; tender analyses; valuations; variations; cost reports as structured governed records; support assignment, revision/status, review/approval, evidence, audit and cross-functional handoff; provide specialist calculations/authoring or governed format interoperability where professional tooling requires it."
CBE-JTM-0406,CBE-JP-060,Quantity surveyor,D04,F07;F09;F14;F19;F20;F26;F27,Estimating / commercial / contract administration,Causeway Technologies,Causeway Estimating,Measurement; cost plans; procurement; tender analysis; valuations; variations; forecasts; final accounts,Cost plans; BoQs; tender analyses; valuations; variations; cost reports,Feasibility; Design; Construction; Final account,,DISCOVERY_SEED_REQUIRES_MODULE_VERIFICATION,2026-09-21,"Provide native job workspace for Measurement; cost plans; procurement; tender analysis; valuations; variations; forecasts; final accounts; create/control Cost plans; BoQs; tender analyses; valuations; variations; cost reports as structured governed records; support assignment, revision/status, review/approval, evidence, audit and cross-functional handoff; provide specialist calculations/authoring or governed format interoperability where professional tooling requires it."
CBE-JTM-0407,CBE-JP-060,Quantity surveyor,D04,F07;F09;F14;F19;F20;F26;F27,Estimating / commercial / contract administration,ConQuest,ConQuest Estimating,Measurement; cost plans; procurement; tender analysis; valuations; variations; forecasts; final accounts,Cost plans; BoQs; tender analyses; valuations; variations; cost reports,Feasibility; Design; Construction; Final account,,DISCOVERY_SEED_REQUIRES_MODULE_VERIFICATION,2026-09-21,"Provide native job workspace for Measurement; cost plans; procurement; tender analysis; valuations; variations; forecasts; final accounts; create/control Cost plans; BoQs; tender analyses; valuations; variations; cost reports as structured governed records; support assignment, revision/status, review/approval, evidence, audit and cross-functional handoff; provide specialist calculations/authoring or governed format interoperability where professional tooling requires it."
CBE-JTM-0408,CBE-JP-060,Quantity surveyor,D04,F07;F09;F14;F19;F20;F26;F27,Estimating / commercial / contract administration,Bluebeam,Bluebeam Revu,Measurement; cost plans; procurement; tender analysis; valuations; variations; forecasts; final accounts,Cost plans; BoQs; tender analyses; valuations; variations; cost reports,Feasibility; Design; Construction; Final account,https://www.bluebeam.com/revu/,WEB_ANCHOR_VERIFIED,2026-09-21,"Provide native job workspace for Measurement; cost plans; procurement; tender analysis; valuations; variations; forecasts; final accounts; create/control Cost plans; BoQs; tender analyses; valuations; variations; cost reports as structured governed records; support assignment, revision/status, review/approval, evidence, audit and cross-functional handoff; provide specialist calculations/authoring or governed format interoperability where professional tooling requires it."
CBE-JTM-0409,CBE-JP-060,Quantity surveyor,D04,F07;F09;F14;F19;F20;F26;F27,Estimating / commercial / contract administration,Autodesk,Autodesk Takeoff,Measurement; cost plans; procurement; tender analysis; valuations; variations; forecasts; final accounts,Cost plans; BoQs; tender analyses; valuations; variations; cost reports,Feasibility; Design; Construction; Final account,,DISCOVERY_SEED_REQUIRES_MODULE_VERIFICATION,2026-09-21,"Provide native job workspace for Measurement; cost plans; procurement; tender analysis; valuations; variations; forecasts; final accounts; create/control Cost plans; BoQs; tender analyses; valuations; variations; cost reports as structured governed records; support assignment, revision/status, review/approval, evidence, audit and cross-functional handoff; provide specialist calculations/authoring or governed format interoperability where professional tooling requires it."
CBE-JTM-0410,CBE-JP-060,Quantity surveyor,D04,F07;F09;F14;F19;F20;F26;F27,Estimating / commercial / contract administration,Thinkproject,Thinkproject CEMAR,Measurement; cost plans; procurement; tender analysis; valuations; variations; forecasts; final accounts,Cost plans; BoQs; tender analyses; valuations; variations; cost reports,Feasibility; Design; Construction; Final account,,DISCOVERY_SEED_REQUIRES_MODULE_VERIFICATION,2026-09-21,"Provide native job workspace for Measurement; cost plans; procurement; tender analysis; valuations; variations; forecasts; final accounts; create/control Cost plans; BoQs; tender analyses; valuations; variations; cost reports as structured governed records; support assignment, revision/status, review/approval, evidence, audit and cross-functional handoff; provide specialist calculations/authoring or governed format interoperability where professional tooling requires it."
CBE-JTM-0411,CBE-JP-060,Quantity surveyor,D04,F07;F09;F14;F19;F20;F26;F27,Estimating / commercial / contract administration,Oracle,Oracle Primavera Unifier,Measurement; cost plans; procurement; tender analysis; valuations; variations; forecasts; final accounts,Cost plans; BoQs; tender analyses; valuations; variations; cost reports,Feasibility; Design; Construction; Final account,https://www.oracle.com/construction-engineering/primavera-unifier/,WEB_ANCHOR_VERIFIED,2026-09-21,"Provide native job workspace for Measurement; cost plans; procurement; tender analysis; valuations; variations; forecasts; final accounts; create/control Cost plans; BoQs; tender analyses; valuations; variations; cost reports as structured governed records; support assignment, revision/status, review/approval, evidence, audit and cross-functional handoff; provide specialist calculations/authoring or governed format interoperability where professional tooling requires it."
CBE-JTM-0412,CBE-JP-060,Quantity surveyor,D04,F07;F09;F14;F19;F20;F26;F27,Estimating / commercial / contract administration,Procore,Procore,Measurement; cost plans; procurement; tender analysis; valuations; variations; forecasts; final accounts,Cost plans; BoQs; tender analyses; valuations; variations; cost reports,Feasibility; Design; Construction; Final account,https://www.procore.com/,WEB_ANCHOR_VERIFIED,2026-09-21,"Provide native job workspace for Measurement; cost plans; procurement; tender analysis; valuations; variations; forecasts; final accounts; create/control Cost plans; BoQs; tender analyses; valuations; variations; cost reports as structured governed records; support assignment, revision/status, review/approval, evidence, audit and cross-functional handoff; provide specialist calculations/authoring or governed format interoperability where professional tooling requires it."
CBE-JTM-0413,CBE-JP-061,Quarry engineer,D11,F09;F10;F11;F12;F13;F22;F23;F26;F27,Plant / specialist operations / production,BedRock Software,AggFlow DM,Site/production planning; extraction records; plant; safety; environmental/restoration records,Plans; production records; inspections; environmental records,Extraction; Restoration,,DISCOVERY_SEED_REQUIRES_MODULE_VERIFICATION,2026-09-21,"Provide native job workspace for Site/production planning; extraction records; plant; safety; environmental/restoration records; create/control Plans; production records; inspections; environmental records as structured governed records; support assignment, revision/status, review/approval, evidence, audit and cross-functional handoff; provide specialist calculations/authoring or governed format interoperability where professional tooling requires it."
CBE-JTM-0414,CBE-JP-061,Quarry engineer,D11,F09;F10;F11;F12;F13;F22;F23;F26;F27,Plant / specialist operations / production,Command Alkon,Command Alkon,Site/production planning; extraction records; plant; safety; environmental/restoration records,Plans; production records; inspections; environmental records,Extraction; Restoration,,DISCOVERY_SEED_REQUIRES_MODULE_VERIFICATION,2026-09-21,"Provide native job workspace for Site/production planning; extraction records; plant; safety; environmental/restoration records; create/control Plans; production records; inspections; environmental records as structured governed records; support assignment, revision/status, review/approval, evidence, audit and cross-functional handoff; provide specialist calculations/authoring or governed format interoperability where professional tooling requires it."
CBE-JTM-0415,CBE-JP-061,Quarry engineer,D11,F09;F10;F11;F12;F13;F22;F23;F26;F27,Plant / specialist operations / production,Wenco,Wenco,Site/production planning; extraction records; plant; safety; environmental/restoration records,Plans; production records; inspections; environmental records,Extraction; Restoration,,DISCOVERY_SEED_REQUIRES_MODULE_VERIFICATION,2026-09-21,"Provide native job workspace for Site/production planning; extraction records; plant; safety; environmental/restoration records; create/control Plans; production records; inspections; environmental records as structured governed records; support assignment, revision/status, review/approval, evidence, audit and cross-functional handoff; provide specialist calculations/authoring or governed format interoperability where professional tooling requires it."
CBE-JTM-0416,CBE-JP-061,Quarry engineer,D11,F09;F10;F11;F12;F13;F22;F23;F26;F27,Plant / specialist operations / production,Hexagon,Hexagon MinePlan,Site/production planning; extraction records; plant; safety; environmental/restoration records,Plans; production records; inspections; environmental records,Extraction; Restoration,,DISCOVERY_SEED_REQUIRES_MODULE_VERIFICATION,2026-09-21,"Provide native job workspace for Site/production planning; extraction records; plant; safety; environmental/restoration records; create/control Plans; production records; inspections; environmental records as structured governed records; support assignment, revision/status, review/approval, evidence, audit and cross-functional handoff; provide specialist calculations/authoring or governed format interoperability where professional tooling requires it."
CBE-JTM-0417,CBE-JP-061,Quarry engineer,D11,F09;F10;F11;F12;F13;F22;F23;F26;F27,Plant / specialist operations / production,IBM,IBM Maximo Application Suite,Site/production planning; extraction records; plant; safety; environmental/restoration records,Plans; production records; inspections; environmental records,Extraction; Restoration,,DISCOVERY_SEED_REQUIRES_MODULE_VERIFICATION,2026-09-21,"Provide native job workspace for Site/production planning; extraction records; plant; safety; environmental/restoration records; create/control Plans; production records; inspections; environmental records as structured governed records; support assignment, revision/status, review/approval, evidence, audit and cross-functional handoff; provide specialist calculations/authoring or governed format interoperability where professional tooling requires it."
CBE-JTM-0418,CBE-JP-061,Quarry engineer,D11,F09;F10;F11;F12;F13;F22;F23;F26;F27,Plant / specialist operations / production,SafetyCulture,SafetyCulture,Site/production planning; extraction records; plant; safety; environmental/restoration records,Plans; production records; inspections; environmental records,Extraction; Restoration,,DISCOVERY_SEED_REQUIRES_MODULE_VERIFICATION,2026-09-21,"Provide native job workspace for Site/production planning; extraction records; plant; safety; environmental/restoration records; create/control Plans; production records; inspections; environmental records as structured governed records; support assignment, revision/status, review/approval, evidence, audit and cross-functional handoff; provide specialist calculations/authoring or governed format interoperability where professional tooling requires it."
CBE-JTM-0419,CBE-JP-062,Quarry worker,D11,F09;F10;F11;F12;F13;F22;F23;F26;F27,Plant / specialist operations / production,Command Alkon,Command Alkon,Tasks; plant checks; production logs; materials; safety; maintenance defects,Shift logs; plant checks; production records,Extraction,,DISCOVERY_SEED_REQUIRES_MODULE_VERIFICATION,2026-09-21,"Provide native job workspace for Tasks; plant checks; production logs; materials; safety; maintenance defects; create/control Shift logs; plant checks; production records as structured governed records; support assignment, revision/status, review/approval, evidence, audit and cross-functional handoff; provide specialist calculations/authoring or governed format interoperability where professional tooling requires it."
CBE-JTM-0420,CBE-JP-062,Quarry worker,D11,F09;F10;F11;F12;F13;F22;F23;F26;F27,Plant / specialist operations / production,Wenco,Wenco,Tasks; plant checks; production logs; materials; safety; maintenance defects,Shift logs; plant checks; production records,Extraction,,DISCOVERY_SEED_REQUIRES_MODULE_VERIFICATION,2026-09-21,"Provide native job workspace for Tasks; plant checks; production logs; materials; safety; maintenance defects; create/control Shift logs; plant checks; production records as structured governed records; support assignment, revision/status, review/approval, evidence, audit and cross-functional handoff; provide specialist calculations/authoring or governed format interoperability where professional tooling requires it."
CBE-JTM-0421,CBE-JP-062,Quarry worker,D11,F09;F10;F11;F12;F13;F22;F23;F26;F27,Plant / specialist operations / production,Hexagon,Hexagon MinePlan,Tasks; plant checks; production logs; materials; safety; maintenance defects,Shift logs; plant checks; production records,Extraction,,DISCOVERY_SEED_REQUIRES_MODULE_VERIFICATION,2026-09-21,"Provide native job workspace for Tasks; plant checks; production logs; materials; safety; maintenance defects; create/control Shift logs; plant checks; production records as structured governed records; support assignment, revision/status, review/approval, evidence, audit and cross-functional handoff; provide specialist calculations/authoring or governed format interoperability where professional tooling requires it."
CBE-JTM-0422,CBE-JP-062,Quarry worker,D11,F09;F10;F11;F12;F13;F22;F23;F26;F27,Plant / specialist operations / production,Tenna,Tenna,Tasks; plant checks; production logs; materials; safety; maintenance defects,Shift logs; plant checks; production records,Extraction,,DISCOVERY_SEED_REQUIRES_MODULE_VERIFICATION,2026-09-21,"Provide native job workspace for Tasks; plant checks; production logs; materials; safety; maintenance defects; create/control Shift logs; plant checks; production records as structured governed records; support assignment, revision/status, review/approval, evidence, audit and cross-functional handoff; provide specialist calculations/authoring or governed format interoperability where professional tooling requires it."
CBE-JTM-0423,CBE-JP-062,Quarry worker,D11,F09;F10;F11;F12;F13;F22;F23;F26;F27,Plant / specialist operations / production,Samsara,Samsara,Tasks; plant checks; production logs; materials; safety; maintenance defects,Shift logs; plant checks; production records,Extraction,,DISCOVERY_SEED_REQUIRES_MODULE_VERIFICATION,2026-09-21,"Provide native job workspace for Tasks; plant checks; production logs; materials; safety; maintenance defects; create/control Shift logs; plant checks; production records as structured governed records; support assignment, revision/status, review/approval, evidence, audit and cross-functional handoff; provide specialist calculations/authoring or governed format interoperability where professional tooling requires it."
CBE-JTM-0424,CBE-JP-062,Quarry worker,D11,F09;F10;F11;F12;F13;F22;F23;F26;F27,Plant / specialist operations / production,SafetyCulture,SafetyCulture,Tasks; plant checks; production logs; materials; safety; maintenance defects,Shift logs; plant checks; production records,Extraction,,DISCOVERY_SEED_REQUIRES_MODULE_VERIFICATION,2026-09-21,"Provide native job workspace for Tasks; plant checks; production logs; materials; safety; maintenance defects; create/control Shift logs; plant checks; production records as structured governed records; support assignment, revision/status, review/approval, evidence, audit and cross-functional handoff; provide specialist calculations/authoring or governed format interoperability where professional tooling requires it."
CBE-JTM-0425,CBE-JP-063,Refrigeration and air-conditioning installer,D08,F09;F10;F12;F13;F22;F23;F26;F27,Building-services design / field service / certification,Danfoss,Danfoss Coolselector2,Survey; equipment selection; installation; commissioning; refrigerant/service records; maintenance,Job sheets; equipment records; commissioning/test records; service logs,Installation; Commissioning; Maintenance,,DISCOVERY_SEED_REQUIRES_MODULE_VERIFICATION,2026-09-21,"Provide native job workspace for Survey; equipment selection; installation; commissioning; refrigerant/service records; maintenance; create/control Job sheets; equipment records; commissioning/test records; service logs as structured governed records; support assignment, revision/status, review/approval, evidence, audit and cross-functional handoff; provide specialist calculations/authoring or governed format interoperability where professional tooling requires it."
CBE-JTM-0426,CBE-JP-063,Refrigeration and air-conditioning installer,D08,F09;F10;F12;F13;F22;F23;F26;F27,Building-services design / field service / certification,MagiCAD Group,MagiCAD,Survey; equipment selection; installation; commissioning; refrigerant/service records; maintenance,Job sheets; equipment records; commissioning/test records; service logs,Installation; Commissioning; Maintenance,,DISCOVERY_SEED_REQUIRES_MODULE_VERIFICATION,2026-09-21,"Provide native job workspace for Survey; equipment selection; installation; commissioning; refrigerant/service records; maintenance; create/control Job sheets; equipment records; commissioning/test records; service logs as structured governed records; support assignment, revision/status, review/approval, evidence, audit and cross-functional handoff; provide specialist calculations/authoring or governed format interoperability where professional tooling requires it."
CBE-JTM-0427,CBE-JP-063,Refrigeration and air-conditioning installer,D08,F09;F10;F12;F13;F22;F23;F26;F27,Building-services design / field service / certification,Autodesk,Autodesk Revit,Survey; equipment selection; installation; commissioning; refrigerant/service records; maintenance,Job sheets; equipment records; commissioning/test records; service logs,Installation; Commissioning; Maintenance,https://www.autodesk.com/products/revit/overview,WEB_ANCHOR_VERIFIED,2026-09-21,"Provide native job workspace for Survey; equipment selection; installation; commissioning; refrigerant/service records; maintenance; create/control Job sheets; equipment records; commissioning/test records; service logs as structured governed records; support assignment, revision/status, review/approval, evidence, audit and cross-functional handoff; provide specialist calculations/authoring or governed format interoperability where professional tooling requires it."
CBE-JTM-0428,CBE-JP-063,Refrigeration and air-conditioning installer,D08,F09;F10;F12;F13;F22;F23;F26;F27,Building-services design / field service / certification,Joblogic,Joblogic,Survey; equipment selection; installation; commissioning; refrigerant/service records; maintenance,Job sheets; equipment records; commissioning/test records; service logs,Installation; Commissioning; Maintenance,,DISCOVERY_SEED_REQUIRES_MODULE_VERIFICATION,2026-09-21,"Provide native job workspace for Survey; equipment selection; installation; commissioning; refrigerant/service records; maintenance; create/control Job sheets; equipment records; commissioning/test records; service logs as structured governed records; support assignment, revision/status, review/approval, evidence, audit and cross-functional handoff; provide specialist calculations/authoring or governed format interoperability where professional tooling requires it."
CBE-JTM-0429,CBE-JP-063,Refrigeration and air-conditioning installer,D08,F09;F10;F12;F13;F22;F23;F26;F27,Building-services design / field service / certification,simPRO,simPRO,Survey; equipment selection; installation; commissioning; refrigerant/service records; maintenance,Job sheets; equipment records; commissioning/test records; service logs,Installation; Commissioning; Maintenance,,DISCOVERY_SEED_REQUIRES_MODULE_VERIFICATION,2026-09-21,"Provide native job workspace for Survey; equipment selection; installation; commissioning; refrigerant/service records; maintenance; create/control Job sheets; equipment records; commissioning/test records; service logs as structured governed records; support assignment, revision/status, review/approval, evidence, audit and cross-functional handoff; provide specialist calculations/authoring or governed format interoperability where professional tooling requires it."
CBE-JTM-0430,CBE-JP-063,Refrigeration and air-conditioning installer,D08,F09;F10;F12;F13;F22;F23;F26;F27,Building-services design / field service / certification,Commusoft,Commusoft,Survey; equipment selection; installation; commissioning; refrigerant/service records; maintenance,Job sheets; equipment records; commissioning/test records; service logs,Installation; Commissioning; Maintenance,,DISCOVERY_SEED_REQUIRES_MODULE_VERIFICATION,2026-09-21,"Provide native job workspace for Survey; equipment selection; installation; commissioning; refrigerant/service records; maintenance; create/control Job sheets; equipment records; commissioning/test records; service logs as structured governed records; support assignment, revision/status, review/approval, evidence, audit and cross-functional handoff; provide specialist calculations/authoring or governed format interoperability where professional tooling requires it."
CBE-JTM-0431,CBE-JP-063,Refrigeration and air-conditioning installer,D08,F09;F10;F12;F13;F22;F23;F26;F27,Building-services design / field service / certification,ServiceM8,ServiceM8,Survey; equipment selection; installation; commissioning; refrigerant/service records; maintenance,Job sheets; equipment records; commissioning/test records; service logs,Installation; Commissioning; Maintenance,,DISCOVERY_SEED_REQUIRES_MODULE_VERIFICATION,2026-09-21,"Provide native job workspace for Survey; equipment selection; installation; commissioning; refrigerant/service records; maintenance; create/control Job sheets; equipment records; commissioning/test records; service logs as structured governed records; support assignment, revision/status, review/approval, evidence, audit and cross-functional handoff; provide specialist calculations/authoring or governed format interoperability where professional tooling requires it."
CBE-JTM-0432,CBE-JP-064,Road worker,D12,F09;F10;F12;F13;F22;F23;F26;F27,Utilities / network / field operations,Bentley Systems,Bentley OpenRoads Designer,Work packs; traffic-management references; plant; materials; daily progress; inspections,Work orders; daily records; material usage; inspection records,Infrastructure construction; Maintenance,,DISCOVERY_SEED_REQUIRES_MODULE_VERIFICATION,2026-09-21,"Provide native job workspace for Work packs; traffic-management references; plant; materials; daily progress; inspections; create/control Work orders; daily records; material usage; inspection records as structured governed records; support assignment, revision/status, review/approval, evidence, audit and cross-functional handoff; provide specialist calculations/authoring or governed format interoperability where professional tooling requires it."
CBE-JTM-0433,CBE-JP-064,Road worker,D12,F09;F10;F12;F13;F22;F23;F26;F27,Utilities / network / field operations,Autodesk,Autodesk Civil 3D,Work packs; traffic-management references; plant; materials; daily progress; inspections,Work orders; daily records; material usage; inspection records,Infrastructure construction; Maintenance,https://www.autodesk.com/products/civil-3d/overview,WEB_ANCHOR_VERIFIED,2026-09-21,"Provide native job workspace for Work packs; traffic-management references; plant; materials; daily progress; inspections; create/control Work orders; daily records; material usage; inspection records as structured governed records; support assignment, revision/status, review/approval, evidence, audit and cross-functional handoff; provide specialist calculations/authoring or governed format interoperability where professional tooling requires it."
CBE-JTM-0434,CBE-JP-064,Road worker,D12,F09;F10;F12;F13;F22;F23;F26;F27,Utilities / network / field operations,Trimble,Trimble Siteworks,Work packs; traffic-management references; plant; materials; daily progress; inspections,Work orders; daily records; material usage; inspection records,Infrastructure construction; Maintenance,,DISCOVERY_SEED_REQUIRES_MODULE_VERIFICATION,2026-09-21,"Provide native job workspace for Work packs; traffic-management references; plant; materials; daily progress; inspections; create/control Work orders; daily records; material usage; inspection records as structured governed records; support assignment, revision/status, review/approval, evidence, audit and cross-functional handoff; provide specialist calculations/authoring or governed format interoperability where professional tooling requires it."
CBE-JTM-0435,CBE-JP-064,Road worker,D12,F09;F10;F12;F13;F22;F23;F26;F27,Utilities / network / field operations,Esri,ArcGIS Field Maps,Work packs; traffic-management references; plant; materials; daily progress; inspections,Work orders; daily records; material usage; inspection records,Infrastructure construction; Maintenance,,DISCOVERY_SEED_REQUIRES_MODULE_VERIFICATION,2026-09-21,"Provide native job workspace for Work packs; traffic-management references; plant; materials; daily progress; inspections; create/control Work orders; daily records; material usage; inspection records as structured governed records; support assignment, revision/status, review/approval, evidence, audit and cross-functional handoff; provide specialist calculations/authoring or governed format interoperability where professional tooling requires it."
CBE-JTM-0436,CBE-JP-064,Road worker,D12,F09;F10;F12;F13;F22;F23;F26;F27,Utilities / network / field operations,Procore,Procore,Work packs; traffic-management references; plant; materials; daily progress; inspections,Work orders; daily records; material usage; inspection records,Infrastructure construction; Maintenance,https://www.procore.com/,WEB_ANCHOR_VERIFIED,2026-09-21,"Provide native job workspace for Work packs; traffic-management references; plant; materials; daily progress; inspections; create/control Work orders; daily records; material usage; inspection records as structured governed records; support assignment, revision/status, review/approval, evidence, audit and cross-functional handoff; provide specialist calculations/authoring or governed format interoperability where professional tooling requires it."
CBE-JTM-0437,CBE-JP-064,Road worker,D12,F09;F10;F12;F13;F22;F23;F26;F27,Utilities / network / field operations,SafetyCulture,SafetyCulture,Work packs; traffic-management references; plant; materials; daily progress; inspections,Work orders; daily records; material usage; inspection records,Infrastructure construction; Maintenance,,DISCOVERY_SEED_REQUIRES_MODULE_VERIFICATION,2026-09-21,"Provide native job workspace for Work packs; traffic-management references; plant; materials; daily progress; inspections; create/control Work orders; daily records; material usage; inspection records as structured governed records; support assignment, revision/status, review/approval, evidence, audit and cross-functional handoff; provide specialist calculations/authoring or governed format interoperability where professional tooling requires it."
CBE-JTM-0438,CBE-JP-065,Roofer,D07,F09;F10;F12;F13;F23;F26;F27,Trade field execution / estimating / evidence,Tradify,Tradify,Survey; estimate; materials; access; installation/repair; inspections; photos,Quotes; work orders; material schedules; photos,Envelope construction; Maintenance,,DISCOVERY_SEED_REQUIRES_MODULE_VERIFICATION,2026-09-21,"Provide native job workspace for Survey; estimate; materials; access; installation/repair; inspections; photos; create/control Quotes; work orders; material schedules; photos as structured governed records; support assignment, revision/status, review/approval, evidence, audit and cross-functional handoff; provide specialist calculations/authoring or governed format interoperability where professional tooling requires it."
CBE-JTM-0439,CBE-JP-065,Roofer,D07,F09;F10;F12;F13;F23;F26;F27,Trade field execution / estimating / evidence,Fergus,Fergus,Survey; estimate; materials; access; installation/repair; inspections; photos,Quotes; work orders; material schedules; photos,Envelope construction; Maintenance,,DISCOVERY_SEED_REQUIRES_MODULE_VERIFICATION,2026-09-21,"Provide native job workspace for Survey; estimate; materials; access; installation/repair; inspections; photos; create/control Quotes; work orders; material schedules; photos as structured governed records; support assignment, revision/status, review/approval, evidence, audit and cross-functional handoff; provide specialist calculations/authoring or governed format interoperability where professional tooling requires it."
CBE-JTM-0440,CBE-JP-065,Roofer,D07,F09;F10;F12;F13;F23;F26;F27,Trade field execution / estimating / evidence,Jobber,Jobber,Survey; estimate; materials; access; installation/repair; inspections; photos,Quotes; work orders; material schedules; photos,Envelope construction; Maintenance,,DISCOVERY_SEED_REQUIRES_MODULE_VERIFICATION,2026-09-21,"Provide native job workspace for Survey; estimate; materials; access; installation/repair; inspections; photos; create/control Quotes; work orders; material schedules; photos as structured governed records; support assignment, revision/status, review/approval, evidence, audit and cross-functional handoff; provide specialist calculations/authoring or governed format interoperability where professional tooling requires it."
CBE-JTM-0441,CBE-JP-065,Roofer,D07,F09;F10;F12;F13;F23;F26;F27,Trade field execution / estimating / evidence,ServiceM8,ServiceM8,Survey; estimate; materials; access; installation/repair; inspections; photos,Quotes; work orders; material schedules; photos,Envelope construction; Maintenance,,DISCOVERY_SEED_REQUIRES_MODULE_VERIFICATION,2026-09-21,"Provide native job workspace for Survey; estimate; materials; access; installation/repair; inspections; photos; create/control Quotes; work orders; material schedules; photos as structured governed records; support assignment, revision/status, review/approval, evidence, audit and cross-functional handoff; provide specialist calculations/authoring or governed format interoperability where professional tooling requires it."
CBE-JTM-0442,CBE-JP-065,Roofer,D07,F09;F10;F12;F13;F23;F26;F27,Trade field execution / estimating / evidence,BigChange,BigChange,Survey; estimate; materials; access; installation/repair; inspections; photos,Quotes; work orders; material schedules; photos,Envelope construction; Maintenance,,DISCOVERY_SEED_REQUIRES_MODULE_VERIFICATION,2026-09-21,"Provide native job workspace for Survey; estimate; materials; access; installation/repair; inspections; photos; create/control Quotes; work orders; material schedules; photos as structured governed records; support assignment, revision/status, review/approval, evidence, audit and cross-functional handoff; provide specialist calculations/authoring or governed format interoperability where professional tooling requires it."
CBE-JTM-0443,CBE-JP-065,Roofer,D07,F09;F10;F12;F13;F23;F26;F27,Trade field execution / estimating / evidence,PlanRadar,PlanRadar,Survey; estimate; materials; access; installation/repair; inspections; photos,Quotes; work orders; material schedules; photos,Envelope construction; Maintenance,,DISCOVERY_SEED_REQUIRES_MODULE_VERIFICATION,2026-09-21,"Provide native job workspace for Survey; estimate; materials; access; installation/repair; inspections; photos; create/control Quotes; work orders; material schedules; photos as structured governed records; support assignment, revision/status, review/approval, evidence, audit and cross-functional handoff; provide specialist calculations/authoring or governed format interoperability where professional tooling requires it."
CBE-JTM-0444,CBE-JP-065,Roofer,D07,F09;F10;F12;F13;F23;F26;F27,Trade field execution / estimating / evidence,SafetyCulture,SafetyCulture,Survey; estimate; materials; access; installation/repair; inspections; photos,Quotes; work orders; material schedules; photos,Envelope construction; Maintenance,,DISCOVERY_SEED_REQUIRES_MODULE_VERIFICATION,2026-09-21,"Provide native job workspace for Survey; estimate; materials; access; installation/repair; inspections; photos; create/control Quotes; work orders; material schedules; photos as structured governed records; support assignment, revision/status, review/approval, evidence, audit and cross-functional handoff; provide specialist calculations/authoring or governed format interoperability where professional tooling requires it."
CBE-JTM-0445,CBE-JP-066,Rural surveyor,D03,F05;F07;F14;F19;F22;F26;F27,Survey / property / valuation / evidence,Esri,Esri ArcGIS Pro,Land/property records; valuations; tenancy/estate work; land management; inspections,Valuations; plans; property records; reports,Acquisition; Management,,DISCOVERY_SEED_REQUIRES_MODULE_VERIFICATION,2026-09-21,"Provide native job workspace for Land/property records; valuations; tenancy/estate work; land management; inspections; create/control Valuations; plans; property records; reports as structured governed records; support assignment, revision/status, review/approval, evidence, audit and cross-functional handoff; provide specialist calculations/authoring or governed format interoperability where professional tooling requires it."
CBE-JTM-0446,CBE-JP-066,Rural surveyor,D03,F05;F07;F14;F19;F22;F26;F27,Survey / property / valuation / evidence,QGIS Project,QGIS,Land/property records; valuations; tenancy/estate work; land management; inspections,Valuations; plans; property records; reports,Acquisition; Management,,DISCOVERY_SEED_REQUIRES_MODULE_VERIFICATION,2026-09-21,"Provide native job workspace for Land/property records; valuations; tenancy/estate work; land management; inspections; create/control Valuations; plans; property records; reports as structured governed records; support assignment, revision/status, review/approval, evidence, audit and cross-functional handoff; provide specialist calculations/authoring or governed format interoperability where professional tooling requires it."
CBE-JTM-0447,CBE-JP-066,Rural surveyor,D03,F05;F07;F14;F19;F22;F26;F27,Survey / property / valuation / evidence,MRI Software,MRI Horizon,Land/property records; valuations; tenancy/estate work; land management; inspections,Valuations; plans; property records; reports,Acquisition; Management,,DISCOVERY_SEED_REQUIRES_MODULE_VERIFICATION,2026-09-21,"Provide native job workspace for Land/property records; valuations; tenancy/estate work; land management; inspections; create/control Valuations; plans; property records; reports as structured governed records; support assignment, revision/status, review/approval, evidence, audit and cross-functional handoff; provide specialist calculations/authoring or governed format interoperability where professional tooling requires it."
CBE-JTM-0448,CBE-JP-066,Rural surveyor,D03,F05;F07;F14;F19;F22;F26;F27,Survey / property / valuation / evidence,Re-Leased,Re-Leased,Land/property records; valuations; tenancy/estate work; land management; inspections,Valuations; plans; property records; reports,Acquisition; Management,,DISCOVERY_SEED_REQUIRES_MODULE_VERIFICATION,2026-09-21,"Provide native job workspace for Land/property records; valuations; tenancy/estate work; land management; inspections; create/control Valuations; plans; property records; reports as structured governed records; support assignment, revision/status, review/approval, evidence, audit and cross-functional handoff; provide specialist calculations/authoring or governed format interoperability where professional tooling requires it."
CBE-JTM-0449,CBE-JP-066,Rural surveyor,D03,F05;F07;F14;F19;F22;F26;F27,Survey / property / valuation / evidence,LandTech,LandTech,Land/property records; valuations; tenancy/estate work; land management; inspections,Valuations; plans; property records; reports,Acquisition; Management,,DISCOVERY_SEED_REQUIRES_MODULE_VERIFICATION,2026-09-21,"Provide native job workspace for Land/property records; valuations; tenancy/estate work; land management; inspections; create/control Valuations; plans; property records; reports as structured governed records; support assignment, revision/status, review/approval, evidence, audit and cross-functional handoff; provide specialist calculations/authoring or governed format interoperability where professional tooling requires it."
CBE-JTM-0450,CBE-JP-066,Rural surveyor,D03,F05;F07;F14;F19;F22;F26;F27,Survey / property / valuation / evidence,Microsoft,Microsoft Power BI,Land/property records; valuations; tenancy/estate work; land management; inspections,Valuations; plans; property records; reports,Acquisition; Management,,DISCOVERY_SEED_REQUIRES_MODULE_VERIFICATION,2026-09-21,"Provide native job workspace for Land/property records; valuations; tenancy/estate work; land management; inspections; create/control Valuations; plans; property records; reports as structured governed records; support assignment, revision/status, review/approval, evidence, audit and cross-functional handoff; provide specialist calculations/authoring or governed format interoperability where professional tooling requires it."
CBE-JTM-0451,CBE-JP-067,Scaffolder,D11,F09;F10;F11;F12;F13;F22;F23;F26;F27,Plant / specialist operations / production,CADS / SMART Scaffolder,SMART Scaffolder,Scaffold design/reference; erection; inspection; handover; tagging; alterations; dismantle,Scaffold register; inspection records; handover certificates,Construction enabling works,https://smartscaffolder.com/,WEB_ANCHOR_VERIFIED,2026-09-21,"Provide native job workspace for Scaffold design/reference; erection; inspection; handover; tagging; alterations; dismantle; create/control Scaffold register; inspection records; handover certificates as structured governed records; support assignment, revision/status, review/approval, evidence, audit and cross-functional handoff; provide specialist calculations/authoring or governed format interoperability where professional tooling requires it."
CBE-JTM-0452,CBE-JP-067,Scaffolder,D11,F09;F10;F11;F12;F13;F22;F23;F26;F27,Plant / specialist operations / production,Avontus,Avontus Scaffold Designer,Scaffold design/reference; erection; inspection; handover; tagging; alterations; dismantle,Scaffold register; inspection records; handover certificates,Construction enabling works,,DISCOVERY_SEED_REQUIRES_MODULE_VERIFICATION,2026-09-21,"Provide native job workspace for Scaffold design/reference; erection; inspection; handover; tagging; alterations; dismantle; create/control Scaffold register; inspection records; handover certificates as structured governed records; support assignment, revision/status, review/approval, evidence, audit and cross-functional handoff; provide specialist calculations/authoring or governed format interoperability where professional tooling requires it."
CBE-JTM-0453,CBE-JP-067,Scaffolder,D11,F09;F10;F11;F12;F13;F22;F23;F26;F27,Plant / specialist operations / production,Avontus,Avontus Quantify,Scaffold design/reference; erection; inspection; handover; tagging; alterations; dismantle,Scaffold register; inspection records; handover certificates,Construction enabling works,,DISCOVERY_SEED_REQUIRES_MODULE_VERIFICATION,2026-09-21,"Provide native job workspace for Scaffold design/reference; erection; inspection; handover; tagging; alterations; dismantle; create/control Scaffold register; inspection records; handover certificates as structured governed records; support assignment, revision/status, review/approval, evidence, audit and cross-functional handoff; provide specialist calculations/authoring or governed format interoperability where professional tooling requires it."
CBE-JTM-0454,CBE-JP-067,Scaffolder,D11,F09;F10;F11;F12;F13;F22;F23;F26;F27,Plant / specialist operations / production,Procore,Procore,Scaffold design/reference; erection; inspection; handover; tagging; alterations; dismantle,Scaffold register; inspection records; handover certificates,Construction enabling works,https://www.procore.com/,WEB_ANCHOR_VERIFIED,2026-09-21,"Provide native job workspace for Scaffold design/reference; erection; inspection; handover; tagging; alterations; dismantle; create/control Scaffold register; inspection records; handover certificates as structured governed records; support assignment, revision/status, review/approval, evidence, audit and cross-functional handoff; provide specialist calculations/authoring or governed format interoperability where professional tooling requires it."
CBE-JTM-0455,CBE-JP-067,Scaffolder,D11,F09;F10;F11;F12;F13;F22;F23;F26;F27,Plant / specialist operations / production,SafetyCulture,SafetyCulture,Scaffold design/reference; erection; inspection; handover; tagging; alterations; dismantle,Scaffold register; inspection records; handover certificates,Construction enabling works,,DISCOVERY_SEED_REQUIRES_MODULE_VERIFICATION,2026-09-21,"Provide native job workspace for Scaffold design/reference; erection; inspection; handover; tagging; alterations; dismantle; create/control Scaffold register; inspection records; handover certificates as structured governed records; support assignment, revision/status, review/approval, evidence, audit and cross-functional handoff; provide specialist calculations/authoring or governed format interoperability where professional tooling requires it."
CBE-JTM-0456,CBE-JP-067,Scaffolder,D11,F09;F10;F11;F12;F13;F22;F23;F26;F27,Plant / specialist operations / production,PlanRadar,PlanRadar,Scaffold design/reference; erection; inspection; handover; tagging; alterations; dismantle,Scaffold register; inspection records; handover certificates,Construction enabling works,,DISCOVERY_SEED_REQUIRES_MODULE_VERIFICATION,2026-09-21,"Provide native job workspace for Scaffold design/reference; erection; inspection; handover; tagging; alterations; dismantle; create/control Scaffold register; inspection records; handover certificates as structured governed records; support assignment, revision/status, review/approval, evidence, audit and cross-functional handoff; provide specialist calculations/authoring or governed format interoperability where professional tooling requires it."
CBE-JTM-0457,CBE-JP-068,Security systems installer,D08,F09;F10;F12;F13;F22;F23;F26;F27,Building-services design / field service / certification,JVSG,JVSG IP Video System Design Tool,Survey; quote; device/system design; installation; testing; commissioning; maintenance,Quotes; device registers; test results; commissioning/service records,Installation; Commissioning; Maintenance,https://www.jvsg.com/,WEB_ANCHOR_VERIFIED,2026-09-21,"Provide native job workspace for Survey; quote; device/system design; installation; testing; commissioning; maintenance; create/control Quotes; device registers; test results; commissioning/service records as structured governed records; support assignment, revision/status, review/approval, evidence, audit and cross-functional handoff; provide specialist calculations/authoring or governed format interoperability where professional tooling requires it."
CBE-JTM-0458,CBE-JP-068,Security systems installer,D08,F09;F10;F12;F13;F22;F23;F26;F27,Building-services design / field service / certification,System Surveyor,System Surveyor,Survey; quote; device/system design; installation; testing; commissioning; maintenance,Quotes; device registers; test results; commissioning/service records,Installation; Commissioning; Maintenance,,DISCOVERY_SEED_REQUIRES_MODULE_VERIFICATION,2026-09-21,"Provide native job workspace for Survey; quote; device/system design; installation; testing; commissioning; maintenance; create/control Quotes; device registers; test results; commissioning/service records as structured governed records; support assignment, revision/status, review/approval, evidence, audit and cross-functional handoff; provide specialist calculations/authoring or governed format interoperability where professional tooling requires it."
CBE-JTM-0459,CBE-JP-068,Security systems installer,D08,F09;F10;F12;F13;F22;F23;F26;F27,Building-services design / field service / certification,Autodesk,AutoCAD,Survey; quote; device/system design; installation; testing; commissioning; maintenance,Quotes; device registers; test results; commissioning/service records,Installation; Commissioning; Maintenance,,DISCOVERY_SEED_REQUIRES_MODULE_VERIFICATION,2026-09-21,"Provide native job workspace for Survey; quote; device/system design; installation; testing; commissioning; maintenance; create/control Quotes; device registers; test results; commissioning/service records as structured governed records; support assignment, revision/status, review/approval, evidence, audit and cross-functional handoff; provide specialist calculations/authoring or governed format interoperability where professional tooling requires it."
CBE-JTM-0460,CBE-JP-068,Security systems installer,D08,F09;F10;F12;F13;F22;F23;F26;F27,Building-services design / field service / certification,Genetec,Genetec Security Center,Survey; quote; device/system design; installation; testing; commissioning; maintenance,Quotes; device registers; test results; commissioning/service records,Installation; Commissioning; Maintenance,,DISCOVERY_SEED_REQUIRES_MODULE_VERIFICATION,2026-09-21,"Provide native job workspace for Survey; quote; device/system design; installation; testing; commissioning; maintenance; create/control Quotes; device registers; test results; commissioning/service records as structured governed records; support assignment, revision/status, review/approval, evidence, audit and cross-functional handoff; provide specialist calculations/authoring or governed format interoperability where professional tooling requires it."
CBE-JTM-0461,CBE-JP-068,Security systems installer,D08,F09;F10;F12;F13;F22;F23;F26;F27,Building-services design / field service / certification,LenelS2,LenelS2 OnGuard,Survey; quote; device/system design; installation; testing; commissioning; maintenance,Quotes; device registers; test results; commissioning/service records,Installation; Commissioning; Maintenance,,DISCOVERY_SEED_REQUIRES_MODULE_VERIFICATION,2026-09-21,"Provide native job workspace for Survey; quote; device/system design; installation; testing; commissioning; maintenance; create/control Quotes; device registers; test results; commissioning/service records as structured governed records; support assignment, revision/status, review/approval, evidence, audit and cross-functional handoff; provide specialist calculations/authoring or governed format interoperability where professional tooling requires it."
CBE-JTM-0462,CBE-JP-068,Security systems installer,D08,F09;F10;F12;F13;F22;F23;F26;F27,Building-services design / field service / certification,simPRO,simPRO,Survey; quote; device/system design; installation; testing; commissioning; maintenance,Quotes; device registers; test results; commissioning/service records,Installation; Commissioning; Maintenance,,DISCOVERY_SEED_REQUIRES_MODULE_VERIFICATION,2026-09-21,"Provide native job workspace for Survey; quote; device/system design; installation; testing; commissioning; maintenance; create/control Quotes; device registers; test results; commissioning/service records as structured governed records; support assignment, revision/status, review/approval, evidence, audit and cross-functional handoff; provide specialist calculations/authoring or governed format interoperability where professional tooling requires it."
CBE-JTM-0463,CBE-JP-068,Security systems installer,D08,F09;F10;F12;F13;F22;F23;F26;F27,Building-services design / field service / certification,Joblogic,Joblogic,Survey; quote; device/system design; installation; testing; commissioning; maintenance,Quotes; device registers; test results; commissioning/service records,Installation; Commissioning; Maintenance,,DISCOVERY_SEED_REQUIRES_MODULE_VERIFICATION,2026-09-21,"Provide native job workspace for Survey; quote; device/system design; installation; testing; commissioning; maintenance; create/control Quotes; device registers; test results; commissioning/service records as structured governed records; support assignment, revision/status, review/approval, evidence, audit and cross-functional handoff; provide specialist calculations/authoring or governed format interoperability where professional tooling requires it."
CBE-JTM-0464,CBE-JP-069,Shopfitter,D07,F09;F10;F12;F13;F23;F26;F27,Trade field execution / estimating / evidence,Autodesk,AutoCAD,Survey; programme; fabrication/install coordination; materials; snagging; handover,Work orders; drawings; material schedules; snagging records,Fit-out,,DISCOVERY_SEED_REQUIRES_MODULE_VERIFICATION,2026-09-21,"Provide native job workspace for Survey; programme; fabrication/install coordination; materials; snagging; handover; create/control Work orders; drawings; material schedules; snagging records as structured governed records; support assignment, revision/status, review/approval, evidence, audit and cross-functional handoff; provide specialist calculations/authoring or governed format interoperability where professional tooling requires it."
CBE-JTM-0465,CBE-JP-069,Shopfitter,D07,F09;F10;F12;F13;F23;F26;F27,Trade field execution / estimating / evidence,Autodesk,Autodesk Revit,Survey; programme; fabrication/install coordination; materials; snagging; handover,Work orders; drawings; material schedules; snagging records,Fit-out,https://www.autodesk.com/products/revit/overview,WEB_ANCHOR_VERIFIED,2026-09-21,"Provide native job workspace for Survey; programme; fabrication/install coordination; materials; snagging; handover; create/control Work orders; drawings; material schedules; snagging records as structured governed records; support assignment, revision/status, review/approval, evidence, audit and cross-functional handoff; provide specialist calculations/authoring or governed format interoperability where professional tooling requires it."
CBE-JTM-0466,CBE-JP-069,Shopfitter,D07,F09;F10;F12;F13;F23;F26;F27,Trade field execution / estimating / evidence,Trimble,SketchUp,Survey; programme; fabrication/install coordination; materials; snagging; handover,Work orders; drawings; material schedules; snagging records,Fit-out,,DISCOVERY_SEED_REQUIRES_MODULE_VERIFICATION,2026-09-21,"Provide native job workspace for Survey; programme; fabrication/install coordination; materials; snagging; handover; create/control Work orders; drawings; material schedules; snagging records as structured governed records; support assignment, revision/status, review/approval, evidence, audit and cross-functional handoff; provide specialist calculations/authoring or governed format interoperability where professional tooling requires it."
CBE-JTM-0467,CBE-JP-069,Shopfitter,D07,F09;F10;F12;F13;F23;F26;F27,Trade field execution / estimating / evidence,Procore,Procore,Survey; programme; fabrication/install coordination; materials; snagging; handover,Work orders; drawings; material schedules; snagging records,Fit-out,https://www.procore.com/,WEB_ANCHOR_VERIFIED,2026-09-21,"Provide native job workspace for Survey; programme; fabrication/install coordination; materials; snagging; handover; create/control Work orders; drawings; material schedules; snagging records as structured governed records; support assignment, revision/status, review/approval, evidence, audit and cross-functional handoff; provide specialist calculations/authoring or governed format interoperability where professional tooling requires it."
CBE-JTM-0468,CBE-JP-069,Shopfitter,D07,F09;F10;F12;F13;F23;F26;F27,Trade field execution / estimating / evidence,Autodesk,Autodesk Build,Survey; programme; fabrication/install coordination; materials; snagging; handover,Work orders; drawings; material schedules; snagging records,Fit-out,https://construction.autodesk.com/products/autodesk-build/,WEB_ANCHOR_VERIFIED,2026-09-21,"Provide native job workspace for Survey; programme; fabrication/install coordination; materials; snagging; handover; create/control Work orders; drawings; material schedules; snagging records as structured governed records; support assignment, revision/status, review/approval, evidence, audit and cross-functional handoff; provide specialist calculations/authoring or governed format interoperability where professional tooling requires it."
CBE-JTM-0469,CBE-JP-069,Shopfitter,D07,F09;F10;F12;F13;F23;F26;F27,Trade field execution / estimating / evidence,Bluebeam,Bluebeam Revu,Survey; programme; fabrication/install coordination; materials; snagging; handover,Work orders; drawings; material schedules; snagging records,Fit-out,https://www.bluebeam.com/revu/,WEB_ANCHOR_VERIFIED,2026-09-21,"Provide native job workspace for Survey; programme; fabrication/install coordination; materials; snagging; handover; create/control Work orders; drawings; material schedules; snagging records as structured governed records; support assignment, revision/status, review/approval, evidence, audit and cross-functional handoff; provide specialist calculations/authoring or governed format interoperability where professional tooling requires it."
CBE-JTM-0470,CBE-JP-069,Shopfitter,D07,F09;F10;F12;F13;F23;F26;F27,Trade field execution / estimating / evidence,Tradify,Tradify,Survey; programme; fabrication/install coordination; materials; snagging; handover,Work orders; drawings; material schedules; snagging records,Fit-out,,DISCOVERY_SEED_REQUIRES_MODULE_VERIFICATION,2026-09-21,"Provide native job workspace for Survey; programme; fabrication/install coordination; materials; snagging; handover; create/control Work orders; drawings; material schedules; snagging records as structured governed records; support assignment, revision/status, review/approval, evidence, audit and cross-functional handoff; provide specialist calculations/authoring or governed format interoperability where professional tooling requires it."
CBE-JTM-0471,CBE-JP-070,Solar panel installer,D09,F05;F12;F13;F22;F23;F26;F27,Energy assessment / retrofit / field execution,OpenSolar,OpenSolar,Survey; system sizing/design inputs; quote; installation; testing; commissioning; maintenance,Survey; quotes; equipment records; commissioning/test records,Retrofit/Installation; Maintenance,https://www.opensolar.com/,WEB_ANCHOR_VERIFIED,2026-09-21,"Provide native job workspace for Survey; system sizing/design inputs; quote; installation; testing; commissioning; maintenance; create/control Survey; quotes; equipment records; commissioning/test records as structured governed records; support assignment, revision/status, review/approval, evidence, audit and cross-functional handoff; provide specialist calculations/authoring or governed format interoperability where professional tooling requires it."
CBE-JTM-0472,CBE-JP-070,Solar panel installer,D09,F05;F12;F13;F22;F23;F26;F27,Energy assessment / retrofit / field execution,Valentin Software,Valentin PV*SOL premium,Survey; system sizing/design inputs; quote; installation; testing; commissioning; maintenance,Survey; quotes; equipment records; commissioning/test records,Retrofit/Installation; Maintenance,,DISCOVERY_SEED_REQUIRES_MODULE_VERIFICATION,2026-09-21,"Provide native job workspace for Survey; system sizing/design inputs; quote; installation; testing; commissioning; maintenance; create/control Survey; quotes; equipment records; commissioning/test records as structured governed records; support assignment, revision/status, review/approval, evidence, audit and cross-functional handoff; provide specialist calculations/authoring or governed format interoperability where professional tooling requires it."
CBE-JTM-0473,CBE-JP-070,Solar panel installer,D09,F05;F12;F13;F22;F23;F26;F27,Energy assessment / retrofit / field execution,SolarEdge,SolarEdge Designer,Survey; system sizing/design inputs; quote; installation; testing; commissioning; maintenance,Survey; quotes; equipment records; commissioning/test records,Retrofit/Installation; Maintenance,,DISCOVERY_SEED_REQUIRES_MODULE_VERIFICATION,2026-09-21,"Provide native job workspace for Survey; system sizing/design inputs; quote; installation; testing; commissioning; maintenance; create/control Survey; quotes; equipment records; commissioning/test records as structured governed records; support assignment, revision/status, review/approval, evidence, audit and cross-functional handoff; provide specialist calculations/authoring or governed format interoperability where professional tooling requires it."
CBE-JTM-0474,CBE-JP-070,Solar panel installer,D09,F05;F12;F13;F22;F23;F26;F27,Energy assessment / retrofit / field execution,PVcase,PVcase,Survey; system sizing/design inputs; quote; installation; testing; commissioning; maintenance,Survey; quotes; equipment records; commissioning/test records,Retrofit/Installation; Maintenance,,DISCOVERY_SEED_REQUIRES_MODULE_VERIFICATION,2026-09-21,"Provide native job workspace for Survey; system sizing/design inputs; quote; installation; testing; commissioning; maintenance; create/control Survey; quotes; equipment records; commissioning/test records as structured governed records; support assignment, revision/status, review/approval, evidence, audit and cross-functional handoff; provide specialist calculations/authoring or governed format interoperability where professional tooling requires it."
CBE-JTM-0475,CBE-JP-070,Solar panel installer,D09,F05;F12;F13;F22;F23;F26;F27,Energy assessment / retrofit / field execution,simPRO,simPRO,Survey; system sizing/design inputs; quote; installation; testing; commissioning; maintenance,Survey; quotes; equipment records; commissioning/test records,Retrofit/Installation; Maintenance,,DISCOVERY_SEED_REQUIRES_MODULE_VERIFICATION,2026-09-21,"Provide native job workspace for Survey; system sizing/design inputs; quote; installation; testing; commissioning; maintenance; create/control Survey; quotes; equipment records; commissioning/test records as structured governed records; support assignment, revision/status, review/approval, evidence, audit and cross-functional handoff; provide specialist calculations/authoring or governed format interoperability where professional tooling requires it."
CBE-JTM-0476,CBE-JP-070,Solar panel installer,D09,F05;F12;F13;F22;F23;F26;F27,Energy assessment / retrofit / field execution,Joblogic,Joblogic,Survey; system sizing/design inputs; quote; installation; testing; commissioning; maintenance,Survey; quotes; equipment records; commissioning/test records,Retrofit/Installation; Maintenance,,DISCOVERY_SEED_REQUIRES_MODULE_VERIFICATION,2026-09-21,"Provide native job workspace for Survey; system sizing/design inputs; quote; installation; testing; commissioning; maintenance; create/control Survey; quotes; equipment records; commissioning/test records as structured governed records; support assignment, revision/status, review/approval, evidence, audit and cross-functional handoff; provide specialist calculations/authoring or governed format interoperability where professional tooling requires it."
CBE-JTM-0477,CBE-JP-070,Solar panel installer,D09,F05;F12;F13;F22;F23;F26;F27,Energy assessment / retrofit / field execution,ServiceM8,ServiceM8,Survey; system sizing/design inputs; quote; installation; testing; commissioning; maintenance,Survey; quotes; equipment records; commissioning/test records,Retrofit/Installation; Maintenance,,DISCOVERY_SEED_REQUIRES_MODULE_VERIFICATION,2026-09-21,"Provide native job workspace for Survey; system sizing/design inputs; quote; installation; testing; commissioning; maintenance; create/control Survey; quotes; equipment records; commissioning/test records as structured governed records; support assignment, revision/status, review/approval, evidence, audit and cross-functional handoff; provide specialist calculations/authoring or governed format interoperability where professional tooling requires it."
CBE-JTM-0478,CBE-JP-071,Steel erector,D07,F09;F10;F12;F13;F23;F26;F27,Trade field execution / estimating / evidence,Trimble,Tekla Structures,Work packs; lifts; sequence; members; bolts/connections; inspections; progress,Work packs; member records; inspection records; photos,Structural construction,https://www.tekla.com/products/tekla-structures,WEB_ANCHOR_VERIFIED,2026-09-21,"Provide native job workspace for Work packs; lifts; sequence; members; bolts/connections; inspections; progress; create/control Work packs; member records; inspection records; photos as structured governed records; support assignment, revision/status, review/approval, evidence, audit and cross-functional handoff; provide specialist calculations/authoring or governed format interoperability where professional tooling requires it."
CBE-JTM-0479,CBE-JP-071,Steel erector,D07,F09;F10;F12;F13;F23;F26;F27,Trade field execution / estimating / evidence,Trimble,Trimble Connect,Work packs; lifts; sequence; members; bolts/connections; inspections; progress,Work packs; member records; inspection records; photos,Structural construction,,DISCOVERY_SEED_REQUIRES_MODULE_VERIFICATION,2026-09-21,"Provide native job workspace for Work packs; lifts; sequence; members; bolts/connections; inspections; progress; create/control Work packs; member records; inspection records; photos as structured governed records; support assignment, revision/status, review/approval, evidence, audit and cross-functional handoff; provide specialist calculations/authoring or governed format interoperability where professional tooling requires it."
CBE-JTM-0480,CBE-JP-071,Steel erector,D07,F09;F10;F12;F13;F23;F26;F27,Trade field execution / estimating / evidence,Procore,Procore,Work packs; lifts; sequence; members; bolts/connections; inspections; progress,Work packs; member records; inspection records; photos,Structural construction,https://www.procore.com/,WEB_ANCHOR_VERIFIED,2026-09-21,"Provide native job workspace for Work packs; lifts; sequence; members; bolts/connections; inspections; progress; create/control Work packs; member records; inspection records; photos as structured governed records; support assignment, revision/status, review/approval, evidence, audit and cross-functional handoff; provide specialist calculations/authoring or governed format interoperability where professional tooling requires it."
CBE-JTM-0481,CBE-JP-071,Steel erector,D07,F09;F10;F12;F13;F23;F26;F27,Trade field execution / estimating / evidence,Autodesk,Autodesk Build,Work packs; lifts; sequence; members; bolts/connections; inspections; progress,Work packs; member records; inspection records; photos,Structural construction,https://construction.autodesk.com/products/autodesk-build/,WEB_ANCHOR_VERIFIED,2026-09-21,"Provide native job workspace for Work packs; lifts; sequence; members; bolts/connections; inspections; progress; create/control Work packs; member records; inspection records; photos as structured governed records; support assignment, revision/status, review/approval, evidence, audit and cross-functional handoff; provide specialist calculations/authoring or governed format interoperability where professional tooling requires it."
CBE-JTM-0482,CBE-JP-071,Steel erector,D07,F09;F10;F12;F13;F23;F26;F27,Trade field execution / estimating / evidence,Bluebeam,Bluebeam Revu,Work packs; lifts; sequence; members; bolts/connections; inspections; progress,Work packs; member records; inspection records; photos,Structural construction,https://www.bluebeam.com/revu/,WEB_ANCHOR_VERIFIED,2026-09-21,"Provide native job workspace for Work packs; lifts; sequence; members; bolts/connections; inspections; progress; create/control Work packs; member records; inspection records; photos as structured governed records; support assignment, revision/status, review/approval, evidence, audit and cross-functional handoff; provide specialist calculations/authoring or governed format interoperability where professional tooling requires it."
CBE-JTM-0483,CBE-JP-071,Steel erector,D07,F09;F10;F12;F13;F23;F26;F27,Trade field execution / estimating / evidence,SafetyCulture,SafetyCulture,Work packs; lifts; sequence; members; bolts/connections; inspections; progress,Work packs; member records; inspection records; photos,Structural construction,,DISCOVERY_SEED_REQUIRES_MODULE_VERIFICATION,2026-09-21,"Provide native job workspace for Work packs; lifts; sequence; members; bolts/connections; inspections; progress; create/control Work packs; member records; inspection records; photos as structured governed records; support assignment, revision/status, review/approval, evidence, audit and cross-functional handoff; provide specialist calculations/authoring or governed format interoperability where professional tooling requires it."
CBE-JTM-0484,CBE-JP-072,Steel fixer,D07,F09;F10;F12;F13;F23;F26;F27,Trade field execution / estimating / evidence,Trimble,Tekla Structures,Bar schedules/reference; work areas; installation; checks; progress,Work orders; reinforcement records; inspections; photos,Structural construction,https://www.tekla.com/products/tekla-structures,WEB_ANCHOR_VERIFIED,2026-09-21,"Provide native job workspace for Bar schedules/reference; work areas; installation; checks; progress; create/control Work orders; reinforcement records; inspections; photos as structured governed records; support assignment, revision/status, review/approval, evidence, audit and cross-functional handoff; provide specialist calculations/authoring or governed format interoperability where professional tooling requires it."
CBE-JTM-0485,CBE-JP-072,Steel fixer,D07,F09;F10;F12;F13;F23;F26;F27,Trade field execution / estimating / evidence,ALLPLAN,ALLPLAN,Bar schedules/reference; work areas; installation; checks; progress,Work orders; reinforcement records; inspections; photos,Structural construction,https://www.allplan.com/products/allplan/,WEB_ANCHOR_VERIFIED,2026-09-21,"Provide native job workspace for Bar schedules/reference; work areas; installation; checks; progress; create/control Work orders; reinforcement records; inspections; photos as structured governed records; support assignment, revision/status, review/approval, evidence, audit and cross-functional handoff; provide specialist calculations/authoring or governed format interoperability where professional tooling requires it."
CBE-JTM-0486,CBE-JP-072,Steel fixer,D07,F09;F10;F12;F13;F23;F26;F27,Trade field execution / estimating / evidence,CADS,RebarCAD,Bar schedules/reference; work areas; installation; checks; progress,Work orders; reinforcement records; inspections; photos,Structural construction,,DISCOVERY_SEED_REQUIRES_MODULE_VERIFICATION,2026-09-21,"Provide native job workspace for Bar schedules/reference; work areas; installation; checks; progress; create/control Work orders; reinforcement records; inspections; photos as structured governed records; support assignment, revision/status, review/approval, evidence, audit and cross-functional handoff; provide specialist calculations/authoring or governed format interoperability where professional tooling requires it."
CBE-JTM-0487,CBE-JP-072,Steel fixer,D07,F09;F10;F12;F13;F23;F26;F27,Trade field execution / estimating / evidence,Autodesk,AutoCAD,Bar schedules/reference; work areas; installation; checks; progress,Work orders; reinforcement records; inspections; photos,Structural construction,,DISCOVERY_SEED_REQUIRES_MODULE_VERIFICATION,2026-09-21,"Provide native job workspace for Bar schedules/reference; work areas; installation; checks; progress; create/control Work orders; reinforcement records; inspections; photos as structured governed records; support assignment, revision/status, review/approval, evidence, audit and cross-functional handoff; provide specialist calculations/authoring or governed format interoperability where professional tooling requires it."
CBE-JTM-0488,CBE-JP-072,Steel fixer,D07,F09;F10;F12;F13;F23;F26;F27,Trade field execution / estimating / evidence,Trimble,Trimble Connect,Bar schedules/reference; work areas; installation; checks; progress,Work orders; reinforcement records; inspections; photos,Structural construction,,DISCOVERY_SEED_REQUIRES_MODULE_VERIFICATION,2026-09-21,"Provide native job workspace for Bar schedules/reference; work areas; installation; checks; progress; create/control Work orders; reinforcement records; inspections; photos as structured governed records; support assignment, revision/status, review/approval, evidence, audit and cross-functional handoff; provide specialist calculations/authoring or governed format interoperability where professional tooling requires it."
CBE-JTM-0489,CBE-JP-072,Steel fixer,D07,F09;F10;F12;F13;F23;F26;F27,Trade field execution / estimating / evidence,Procore,Procore,Bar schedules/reference; work areas; installation; checks; progress,Work orders; reinforcement records; inspections; photos,Structural construction,https://www.procore.com/,WEB_ANCHOR_VERIFIED,2026-09-21,"Provide native job workspace for Bar schedules/reference; work areas; installation; checks; progress; create/control Work orders; reinforcement records; inspections; photos as structured governed records; support assignment, revision/status, review/approval, evidence, audit and cross-functional handoff; provide specialist calculations/authoring or governed format interoperability where professional tooling requires it."
CBE-JTM-0490,CBE-JP-072,Steel fixer,D07,F09;F10;F12;F13;F23;F26;F27,Trade field execution / estimating / evidence,SafetyCulture,SafetyCulture,Bar schedules/reference; work areas; installation; checks; progress,Work orders; reinforcement records; inspections; photos,Structural construction,,DISCOVERY_SEED_REQUIRES_MODULE_VERIFICATION,2026-09-21,"Provide native job workspace for Bar schedules/reference; work areas; installation; checks; progress; create/control Work orders; reinforcement records; inspections; photos as structured governed records; support assignment, revision/status, review/approval, evidence, audit and cross-functional handoff; provide specialist calculations/authoring or governed format interoperability where professional tooling requires it."
CBE-JTM-0491,CBE-JP-073,Steeplejack,D11,F09;F10;F11;F12;F13;F22;F23;F26;F27,Plant / specialist operations / production,SafetyCulture,SafetyCulture,Access planning; inspection; repair; maintenance; lightning protection records; photos,Inspection reports; work orders; test records; photos,Maintenance / Specialist works,,DISCOVERY_SEED_REQUIRES_MODULE_VERIFICATION,2026-09-21,"Provide native job workspace for Access planning; inspection; repair; maintenance; lightning protection records; photos; create/control Inspection reports; work orders; test records; photos as structured governed records; support assignment, revision/status, review/approval, evidence, audit and cross-functional handoff; provide specialist calculations/authoring or governed format interoperability where professional tooling requires it."
CBE-JTM-0492,CBE-JP-073,Steeplejack,D11,F09;F10;F11;F12;F13;F22;F23;F26;F27,Plant / specialist operations / production,PlanRadar,PlanRadar,Access planning; inspection; repair; maintenance; lightning protection records; photos,Inspection reports; work orders; test records; photos,Maintenance / Specialist works,,DISCOVERY_SEED_REQUIRES_MODULE_VERIFICATION,2026-09-21,"Provide native job workspace for Access planning; inspection; repair; maintenance; lightning protection records; photos; create/control Inspection reports; work orders; test records; photos as structured governed records; support assignment, revision/status, review/approval, evidence, audit and cross-functional handoff; provide specialist calculations/authoring or governed format interoperability where professional tooling requires it."
CBE-JTM-0493,CBE-JP-073,Steeplejack,D11,F09;F10;F11;F12;F13;F22;F23;F26;F27,Plant / specialist operations / production,Esri,ArcGIS Field Maps,Access planning; inspection; repair; maintenance; lightning protection records; photos,Inspection reports; work orders; test records; photos,Maintenance / Specialist works,,DISCOVERY_SEED_REQUIRES_MODULE_VERIFICATION,2026-09-21,"Provide native job workspace for Access planning; inspection; repair; maintenance; lightning protection records; photos; create/control Inspection reports; work orders; test records; photos as structured governed records; support assignment, revision/status, review/approval, evidence, audit and cross-functional handoff; provide specialist calculations/authoring or governed format interoperability where professional tooling requires it."
CBE-JTM-0494,CBE-JP-073,Steeplejack,D11,F09;F10;F11;F12;F13;F22;F23;F26;F27,Plant / specialist operations / production,Matterport,Matterport,Access planning; inspection; repair; maintenance; lightning protection records; photos,Inspection reports; work orders; test records; photos,Maintenance / Specialist works,,DISCOVERY_SEED_REQUIRES_MODULE_VERIFICATION,2026-09-21,"Provide native job workspace for Access planning; inspection; repair; maintenance; lightning protection records; photos; create/control Inspection reports; work orders; test records; photos as structured governed records; support assignment, revision/status, review/approval, evidence, audit and cross-functional handoff; provide specialist calculations/authoring or governed format interoperability where professional tooling requires it."
CBE-JTM-0495,CBE-JP-073,Steeplejack,D11,F09;F10;F11;F12;F13;F22;F23;F26;F27,Plant / specialist operations / production,Autodesk,Autodesk ReCap Pro,Access planning; inspection; repair; maintenance; lightning protection records; photos,Inspection reports; work orders; test records; photos,Maintenance / Specialist works,,DISCOVERY_SEED_REQUIRES_MODULE_VERIFICATION,2026-09-21,"Provide native job workspace for Access planning; inspection; repair; maintenance; lightning protection records; photos; create/control Inspection reports; work orders; test records; photos as structured governed records; support assignment, revision/status, review/approval, evidence, audit and cross-functional handoff; provide specialist calculations/authoring or governed format interoperability where professional tooling requires it."
CBE-JTM-0496,CBE-JP-073,Steeplejack,D11,F09;F10;F11;F12;F13;F22;F23;F26;F27,Plant / specialist operations / production,BigChange,BigChange,Access planning; inspection; repair; maintenance; lightning protection records; photos,Inspection reports; work orders; test records; photos,Maintenance / Specialist works,,DISCOVERY_SEED_REQUIRES_MODULE_VERIFICATION,2026-09-21,"Provide native job workspace for Access planning; inspection; repair; maintenance; lightning protection records; photos; create/control Inspection reports; work orders; test records; photos as structured governed records; support assignment, revision/status, review/approval, evidence, audit and cross-functional handoff; provide specialist calculations/authoring or governed format interoperability where professional tooling requires it."
CBE-JTM-0497,CBE-JP-074,Stonemason,D13,F05;F12;F13;F19;F22;F23;F26;F27,Heritage / landscape / conservation information,Autodesk,AutoCAD,Survey/template; fabrication; installation; conservation repair; material traceability,Templates; work orders; material records; photos,Construction; Conservation,,DISCOVERY_SEED_REQUIRES_MODULE_VERIFICATION,2026-09-21,"Provide native job workspace for Survey/template; fabrication; installation; conservation repair; material traceability; create/control Templates; work orders; material records; photos as structured governed records; support assignment, revision/status, review/approval, evidence, audit and cross-functional handoff; provide specialist calculations/authoring or governed format interoperability where professional tooling requires it."
CBE-JTM-0498,CBE-JP-074,Stonemason,D13,F05;F12;F13;F19;F22;F23;F26;F27,Heritage / landscape / conservation information,Robert McNeel & Associates,Rhino,Survey/template; fabrication; installation; conservation repair; material traceability,Templates; work orders; material records; photos,Construction; Conservation,,DISCOVERY_SEED_REQUIRES_MODULE_VERIFICATION,2026-09-21,"Provide native job workspace for Survey/template; fabrication; installation; conservation repair; material traceability; create/control Templates; work orders; material records; photos as structured governed records; support assignment, revision/status, review/approval, evidence, audit and cross-functional handoff; provide specialist calculations/authoring or governed format interoperability where professional tooling requires it."
CBE-JTM-0499,CBE-JP-074,Stonemason,D13,F05;F12;F13;F19;F22;F23;F26;F27,Heritage / landscape / conservation information,Trimble,SketchUp,Survey/template; fabrication; installation; conservation repair; material traceability,Templates; work orders; material records; photos,Construction; Conservation,,DISCOVERY_SEED_REQUIRES_MODULE_VERIFICATION,2026-09-21,"Provide native job workspace for Survey/template; fabrication; installation; conservation repair; material traceability; create/control Templates; work orders; material records; photos as structured governed records; support assignment, revision/status, review/approval, evidence, audit and cross-functional handoff; provide specialist calculations/authoring or governed format interoperability where professional tooling requires it."
CBE-JTM-0500,CBE-JP-074,Stonemason,D13,F05;F12;F13;F19;F22;F23;F26;F27,Heritage / landscape / conservation information,Agisoft,Agisoft Metashape,Survey/template; fabrication; installation; conservation repair; material traceability,Templates; work orders; material records; photos,Construction; Conservation,,DISCOVERY_SEED_REQUIRES_MODULE_VERIFICATION,2026-09-21,"Provide native job workspace for Survey/template; fabrication; installation; conservation repair; material traceability; create/control Templates; work orders; material records; photos as structured governed records; support assignment, revision/status, review/approval, evidence, audit and cross-functional handoff; provide specialist calculations/authoring or governed format interoperability where professional tooling requires it."
CBE-JTM-0501,CBE-JP-074,Stonemason,D13,F05;F12;F13;F19;F22;F23;F26;F27,Heritage / landscape / conservation information,Autodesk,Autodesk ReCap Pro,Survey/template; fabrication; installation; conservation repair; material traceability,Templates; work orders; material records; photos,Construction; Conservation,,DISCOVERY_SEED_REQUIRES_MODULE_VERIFICATION,2026-09-21,"Provide native job workspace for Survey/template; fabrication; installation; conservation repair; material traceability; create/control Templates; work orders; material records; photos as structured governed records; support assignment, revision/status, review/approval, evidence, audit and cross-functional handoff; provide specialist calculations/authoring or governed format interoperability where professional tooling requires it."
CBE-JTM-0502,CBE-JP-074,Stonemason,D13,F05;F12;F13;F19;F22;F23;F26;F27,Heritage / landscape / conservation information,Tradify,Tradify,Survey/template; fabrication; installation; conservation repair; material traceability,Templates; work orders; material records; photos,Construction; Conservation,,DISCOVERY_SEED_REQUIRES_MODULE_VERIFICATION,2026-09-21,"Provide native job workspace for Survey/template; fabrication; installation; conservation repair; material traceability; create/control Templates; work orders; material records; photos as structured governed records; support assignment, revision/status, review/approval, evidence, audit and cross-functional handoff; provide specialist calculations/authoring or governed format interoperability where professional tooling requires it."
CBE-JTM-0503,CBE-JP-074,Stonemason,D13,F05;F12;F13;F19;F22;F23;F26;F27,Heritage / landscape / conservation information,Procore,Procore,Survey/template; fabrication; installation; conservation repair; material traceability,Templates; work orders; material records; photos,Construction; Conservation,https://www.procore.com/,WEB_ANCHOR_VERIFIED,2026-09-21,"Provide native job workspace for Survey/template; fabrication; installation; conservation repair; material traceability; create/control Templates; work orders; material records; photos as structured governed records; support assignment, revision/status, review/approval, evidence, audit and cross-functional handoff; provide specialist calculations/authoring or governed format interoperability where professional tooling requires it."
CBE-JTM-0504,CBE-JP-075,Structural engineer,D02,F05;F13;F19;F23;F26;F27,Engineering analysis / design / technical information,Trimble,Tekla Structural Designer 2026,Structural analysis; calculations; drawings; specifications; design changes; inspections,Calculations; models; drawings; specifications; inspection records,Design; Construction,https://www.tekla.com/products/tekla-structural-designer,WEB_ANCHOR_VERIFIED,2026-09-21,"Provide native job workspace for Structural analysis; calculations; drawings; specifications; design changes; inspections; create/control Calculations; models; drawings; specifications; inspection records as structured governed records; support assignment, revision/status, review/approval, evidence, audit and cross-functional handoff; provide specialist calculations/authoring or governed format interoperability where professional tooling requires it."
CBE-JTM-0505,CBE-JP-075,Structural engineer,D02,F05;F13;F19;F23;F26;F27,Engineering analysis / design / technical information,Trimble,Tekla Tedds 2026,Structural analysis; calculations; drawings; specifications; design changes; inspections,Calculations; models; drawings; specifications; inspection records,Design; Construction,https://www.tekla.com/products/tekla-tedds,WEB_ANCHOR_VERIFIED,2026-09-21,"Provide native job workspace for Structural analysis; calculations; drawings; specifications; design changes; inspections; create/control Calculations; models; drawings; specifications; inspection records as structured governed records; support assignment, revision/status, review/approval, evidence, audit and cross-functional handoff; provide specialist calculations/authoring or governed format interoperability where professional tooling requires it."
CBE-JTM-0506,CBE-JP-075,Structural engineer,D02,F05;F13;F19;F23;F26;F27,Engineering analysis / design / technical information,,ETABS,Structural analysis; calculations; drawings; specifications; design changes; inspections,Calculations; models; drawings; specifications; inspection records,Design; Construction,,DISCOVERY_SEED_REQUIRES_MODULE_VERIFICATION,2026-09-21,"Provide native job workspace for Structural analysis; calculations; drawings; specifications; design changes; inspections; create/control Calculations; models; drawings; specifications; inspection records as structured governed records; support assignment, revision/status, review/approval, evidence, audit and cross-functional handoff; provide specialist calculations/authoring or governed format interoperability where professional tooling requires it."
CBE-JTM-0507,CBE-JP-075,Structural engineer,D02,F05;F13;F19;F23;F26;F27,Engineering analysis / design / technical information,SAP,SAP2000,Structural analysis; calculations; drawings; specifications; design changes; inspections,Calculations; models; drawings; specifications; inspection records,Design; Construction,,DISCOVERY_SEED_REQUIRES_MODULE_VERIFICATION,2026-09-21,"Provide native job workspace for Structural analysis; calculations; drawings; specifications; design changes; inspections; create/control Calculations; models; drawings; specifications; inspection records as structured governed records; support assignment, revision/status, review/approval, evidence, audit and cross-functional handoff; provide specialist calculations/authoring or governed format interoperability where professional tooling requires it."
CBE-JTM-0508,CBE-JP-075,Structural engineer,D02,F05;F13;F19;F23;F26;F27,Engineering analysis / design / technical information,,STAAD.Pro,Structural analysis; calculations; drawings; specifications; design changes; inspections,Calculations; models; drawings; specifications; inspection records,Design; Construction,,DISCOVERY_SEED_REQUIRES_MODULE_VERIFICATION,2026-09-21,"Provide native job workspace for Structural analysis; calculations; drawings; specifications; design changes; inspections; create/control Calculations; models; drawings; specifications; inspection records as structured governed records; support assignment, revision/status, review/approval, evidence, audit and cross-functional handoff; provide specialist calculations/authoring or governed format interoperability where professional tooling requires it."
CBE-JTM-0509,CBE-JP-075,Structural engineer,D02,F05;F13;F19;F23;F26;F27,Engineering analysis / design / technical information,Autodesk,Autodesk Robot Structural Analysis,Structural analysis; calculations; drawings; specifications; design changes; inspections,Calculations; models; drawings; specifications; inspection records,Design; Construction,,DISCOVERY_SEED_REQUIRES_MODULE_VERIFICATION,2026-09-21,"Provide native job workspace for Structural analysis; calculations; drawings; specifications; design changes; inspections; create/control Calculations; models; drawings; specifications; inspection records as structured governed records; support assignment, revision/status, review/approval, evidence, audit and cross-functional handoff; provide specialist calculations/authoring or governed format interoperability where professional tooling requires it."
CBE-JTM-0510,CBE-JP-075,Structural engineer,D02,F05;F13;F19;F23;F26;F27,Engineering analysis / design / technical information,,SCIA Engineer,Structural analysis; calculations; drawings; specifications; design changes; inspections,Calculations; models; drawings; specifications; inspection records,Design; Construction,,DISCOVERY_SEED_REQUIRES_MODULE_VERIFICATION,2026-09-21,"Provide native job workspace for Structural analysis; calculations; drawings; specifications; design changes; inspections; create/control Calculations; models; drawings; specifications; inspection records as structured governed records; support assignment, revision/status, review/approval, evidence, audit and cross-functional handoff; provide specialist calculations/authoring or governed format interoperability where professional tooling requires it."
CBE-JTM-0511,CBE-JP-075,Structural engineer,D02,F05;F13;F19;F23;F26;F27,Engineering analysis / design / technical information,,Dlubal RFEM,Structural analysis; calculations; drawings; specifications; design changes; inspections,Calculations; models; drawings; specifications; inspection records,Design; Construction,,DISCOVERY_SEED_REQUIRES_MODULE_VERIFICATION,2026-09-21,"Provide native job workspace for Structural analysis; calculations; drawings; specifications; design changes; inspections; create/control Calculations; models; drawings; specifications; inspection records as structured governed records; support assignment, revision/status, review/approval, evidence, audit and cross-functional handoff; provide specialist calculations/authoring or governed format interoperability where professional tooling requires it."
CBE-JTM-0512,CBE-JP-075,Structural engineer,D02,F05;F13;F19;F23;F26;F27,Engineering analysis / design / technical information,Autodesk,Autodesk Revit,Structural analysis; calculations; drawings; specifications; design changes; inspections,Calculations; models; drawings; specifications; inspection records,Design; Construction,https://www.autodesk.com/products/revit/overview,WEB_ANCHOR_VERIFIED,2026-09-21,"Provide native job workspace for Structural analysis; calculations; drawings; specifications; design changes; inspections; create/control Calculations; models; drawings; specifications; inspection records as structured governed records; support assignment, revision/status, review/approval, evidence, audit and cross-functional handoff; provide specialist calculations/authoring or governed format interoperability where professional tooling requires it."
CBE-JTM-0513,CBE-JP-075,Structural engineer,D02,F05;F13;F19;F23;F26;F27,Engineering analysis / design / technical information,Trimble,Tekla Structures,Structural analysis; calculations; drawings; specifications; design changes; inspections,Calculations; models; drawings; specifications; inspection records,Design; Construction,https://www.tekla.com/products/tekla-structures,WEB_ANCHOR_VERIFIED,2026-09-21,"Provide native job workspace for Structural analysis; calculations; drawings; specifications; design changes; inspections; create/control Calculations; models; drawings; specifications; inspection records as structured governed records; support assignment, revision/status, review/approval, evidence, audit and cross-functional handoff; provide specialist calculations/authoring or governed format interoperability where professional tooling requires it."
CBE-JTM-0514,CBE-JP-076,Surveying technician,D03,F05;F07;F14;F19;F22;F26;F27,Survey / property / valuation / evidence,Trimble,Trimble Business Center,Survey support; site data; measurements; drawings; records; inspections,Survey data; drawings; schedules; reports,Survey; Design; Construction,https://geospatial.trimble.com/en/products/software/trimble-business-center,WEB_ANCHOR_VERIFIED,2026-09-21,"Provide native job workspace for Survey support; site data; measurements; drawings; records; inspections; create/control Survey data; drawings; schedules; reports as structured governed records; support assignment, revision/status, review/approval, evidence, audit and cross-functional handoff; provide specialist calculations/authoring or governed format interoperability where professional tooling requires it."
CBE-JTM-0515,CBE-JP-076,Surveying technician,D03,F05;F07;F14;F19;F22;F26;F27,Survey / property / valuation / evidence,Trimble,Trimble Access,Survey support; site data; measurements; drawings; records; inspections,Survey data; drawings; schedules; reports,Survey; Design; Construction,,DISCOVERY_SEED_REQUIRES_MODULE_VERIFICATION,2026-09-21,"Provide native job workspace for Survey support; site data; measurements; drawings; records; inspections; create/control Survey data; drawings; schedules; reports as structured governed records; support assignment, revision/status, review/approval, evidence, audit and cross-functional handoff; provide specialist calculations/authoring or governed format interoperability where professional tooling requires it."
CBE-JTM-0516,CBE-JP-076,Surveying technician,D03,F05;F07;F14;F19;F22;F26;F27,Survey / property / valuation / evidence,Leica Geosystems,Leica Infinity,Survey support; site data; measurements; drawings; records; inspections,Survey data; drawings; schedules; reports,Survey; Design; Construction,,DISCOVERY_SEED_REQUIRES_MODULE_VERIFICATION,2026-09-21,"Provide native job workspace for Survey support; site data; measurements; drawings; records; inspections; create/control Survey data; drawings; schedules; reports as structured governed records; support assignment, revision/status, review/approval, evidence, audit and cross-functional handoff; provide specialist calculations/authoring or governed format interoperability where professional tooling requires it."
CBE-JTM-0517,CBE-JP-076,Surveying technician,D03,F05;F07;F14;F19;F22;F26;F27,Survey / property / valuation / evidence,Leica Geosystems,Leica Cyclone,Survey support; site data; measurements; drawings; records; inspections,Survey data; drawings; schedules; reports,Survey; Design; Construction,,DISCOVERY_SEED_REQUIRES_MODULE_VERIFICATION,2026-09-21,"Provide native job workspace for Survey support; site data; measurements; drawings; records; inspections; create/control Survey data; drawings; schedules; reports as structured governed records; support assignment, revision/status, review/approval, evidence, audit and cross-functional handoff; provide specialist calculations/authoring or governed format interoperability where professional tooling requires it."
CBE-JTM-0518,CBE-JP-076,Surveying technician,D03,F05;F07;F14;F19;F22;F26;F27,Survey / property / valuation / evidence,Topcon,Topcon MAGNET,Survey support; site data; measurements; drawings; records; inspections,Survey data; drawings; schedules; reports,Survey; Design; Construction,,DISCOVERY_SEED_REQUIRES_MODULE_VERIFICATION,2026-09-21,"Provide native job workspace for Survey support; site data; measurements; drawings; records; inspections; create/control Survey data; drawings; schedules; reports as structured governed records; support assignment, revision/status, review/approval, evidence, audit and cross-functional handoff; provide specialist calculations/authoring or governed format interoperability where professional tooling requires it."
CBE-JTM-0519,CBE-JP-076,Surveying technician,D03,F05;F07;F14;F19;F22;F26;F27,Survey / property / valuation / evidence,Autodesk,AutoCAD,Survey support; site data; measurements; drawings; records; inspections,Survey data; drawings; schedules; reports,Survey; Design; Construction,,DISCOVERY_SEED_REQUIRES_MODULE_VERIFICATION,2026-09-21,"Provide native job workspace for Survey support; site data; measurements; drawings; records; inspections; create/control Survey data; drawings; schedules; reports as structured governed records; support assignment, revision/status, review/approval, evidence, audit and cross-functional handoff; provide specialist calculations/authoring or governed format interoperability where professional tooling requires it."
CBE-JTM-0520,CBE-JP-076,Surveying technician,D03,F05;F07;F14;F19;F22;F26;F27,Survey / property / valuation / evidence,Esri,ArcGIS Field Maps,Survey support; site data; measurements; drawings; records; inspections,Survey data; drawings; schedules; reports,Survey; Design; Construction,,DISCOVERY_SEED_REQUIRES_MODULE_VERIFICATION,2026-09-21,"Provide native job workspace for Survey support; site data; measurements; drawings; records; inspections; create/control Survey data; drawings; schedules; reports as structured governed records; support assignment, revision/status, review/approval, evidence, audit and cross-functional handoff; provide specialist calculations/authoring or governed format interoperability where professional tooling requires it."
CBE-JTM-0521,CBE-JP-077,Thermal insulation engineer,D09,F05;F12;F13;F22;F23;F26;F27,Energy assessment / retrofit / field execution,RIB Software,RIB CostX,Take-off; materials; installation; quality checks; completion evidence,Work orders; material usage; inspection records; photos,Installation; Completion,,DISCOVERY_SEED_REQUIRES_MODULE_VERIFICATION,2026-09-21,"Provide native job workspace for Take-off; materials; installation; quality checks; completion evidence; create/control Work orders; material usage; inspection records; photos as structured governed records; support assignment, revision/status, review/approval, evidence, audit and cross-functional handoff; provide specialist calculations/authoring or governed format interoperability where professional tooling requires it."
CBE-JTM-0522,CBE-JP-077,Thermal insulation engineer,D09,F05;F12;F13;F22;F23;F26;F27,Energy assessment / retrofit / field execution,Bluebeam,Bluebeam Revu,Take-off; materials; installation; quality checks; completion evidence,Work orders; material usage; inspection records; photos,Installation; Completion,https://www.bluebeam.com/revu/,WEB_ANCHOR_VERIFIED,2026-09-21,"Provide native job workspace for Take-off; materials; installation; quality checks; completion evidence; create/control Work orders; material usage; inspection records; photos as structured governed records; support assignment, revision/status, review/approval, evidence, audit and cross-functional handoff; provide specialist calculations/authoring or governed format interoperability where professional tooling requires it."
CBE-JTM-0523,CBE-JP-077,Thermal insulation engineer,D09,F05;F12;F13;F22;F23;F26;F27,Energy assessment / retrofit / field execution,Procore,Procore,Take-off; materials; installation; quality checks; completion evidence,Work orders; material usage; inspection records; photos,Installation; Completion,https://www.procore.com/,WEB_ANCHOR_VERIFIED,2026-09-21,"Provide native job workspace for Take-off; materials; installation; quality checks; completion evidence; create/control Work orders; material usage; inspection records; photos as structured governed records; support assignment, revision/status, review/approval, evidence, audit and cross-functional handoff; provide specialist calculations/authoring or governed format interoperability where professional tooling requires it."
CBE-JTM-0524,CBE-JP-077,Thermal insulation engineer,D09,F05;F12;F13;F22;F23;F26;F27,Energy assessment / retrofit / field execution,Autodesk,Autodesk Build,Take-off; materials; installation; quality checks; completion evidence,Work orders; material usage; inspection records; photos,Installation; Completion,https://construction.autodesk.com/products/autodesk-build/,WEB_ANCHOR_VERIFIED,2026-09-21,"Provide native job workspace for Take-off; materials; installation; quality checks; completion evidence; create/control Work orders; material usage; inspection records; photos as structured governed records; support assignment, revision/status, review/approval, evidence, audit and cross-functional handoff; provide specialist calculations/authoring or governed format interoperability where professional tooling requires it."
CBE-JTM-0525,CBE-JP-077,Thermal insulation engineer,D09,F05;F12;F13;F22;F23;F26;F27,Energy assessment / retrofit / field execution,SafetyCulture,SafetyCulture,Take-off; materials; installation; quality checks; completion evidence,Work orders; material usage; inspection records; photos,Installation; Completion,,DISCOVERY_SEED_REQUIRES_MODULE_VERIFICATION,2026-09-21,"Provide native job workspace for Take-off; materials; installation; quality checks; completion evidence; create/control Work orders; material usage; inspection records; photos as structured governed records; support assignment, revision/status, review/approval, evidence, audit and cross-functional handoff; provide specialist calculations/authoring or governed format interoperability where professional tooling requires it."
CBE-JTM-0526,CBE-JP-077,Thermal insulation engineer,D09,F05;F12;F13;F22;F23;F26;F27,Energy assessment / retrofit / field execution,Joblogic,Joblogic,Take-off; materials; installation; quality checks; completion evidence,Work orders; material usage; inspection records; photos,Installation; Completion,,DISCOVERY_SEED_REQUIRES_MODULE_VERIFICATION,2026-09-21,"Provide native job workspace for Take-off; materials; installation; quality checks; completion evidence; create/control Work orders; material usage; inspection records; photos as structured governed records; support assignment, revision/status, review/approval, evidence, audit and cross-functional handoff; provide specialist calculations/authoring or governed format interoperability where professional tooling requires it."
CBE-JTM-0527,CBE-JP-078,Tiler,D07,F09;F10;F12;F13;F23;F26;F27,Trade field execution / estimating / evidence,Tradify,Tradify,Measure; estimate; layout; materials; installation; snagging,Quotes; work orders; material usage; photos,Finishes,,DISCOVERY_SEED_REQUIRES_MODULE_VERIFICATION,2026-09-21,"Provide native job workspace for Measure; estimate; layout; materials; installation; snagging; create/control Quotes; work orders; material usage; photos as structured governed records; support assignment, revision/status, review/approval, evidence, audit and cross-functional handoff; provide specialist calculations/authoring or governed format interoperability where professional tooling requires it."
CBE-JTM-0528,CBE-JP-078,Tiler,D07,F09;F10;F12;F13;F23;F26;F27,Trade field execution / estimating / evidence,Fergus,Fergus,Measure; estimate; layout; materials; installation; snagging,Quotes; work orders; material usage; photos,Finishes,,DISCOVERY_SEED_REQUIRES_MODULE_VERIFICATION,2026-09-21,"Provide native job workspace for Measure; estimate; layout; materials; installation; snagging; create/control Quotes; work orders; material usage; photos as structured governed records; support assignment, revision/status, review/approval, evidence, audit and cross-functional handoff; provide specialist calculations/authoring or governed format interoperability where professional tooling requires it."
CBE-JTM-0529,CBE-JP-078,Tiler,D07,F09;F10;F12;F13;F23;F26;F27,Trade field execution / estimating / evidence,ServiceM8,ServiceM8,Measure; estimate; layout; materials; installation; snagging,Quotes; work orders; material usage; photos,Finishes,,DISCOVERY_SEED_REQUIRES_MODULE_VERIFICATION,2026-09-21,"Provide native job workspace for Measure; estimate; layout; materials; installation; snagging; create/control Quotes; work orders; material usage; photos as structured governed records; support assignment, revision/status, review/approval, evidence, audit and cross-functional handoff; provide specialist calculations/authoring or governed format interoperability where professional tooling requires it."
CBE-JTM-0530,CBE-JP-078,Tiler,D07,F09;F10;F12;F13;F23;F26;F27,Trade field execution / estimating / evidence,Jobber,Jobber,Measure; estimate; layout; materials; installation; snagging,Quotes; work orders; material usage; photos,Finishes,,DISCOVERY_SEED_REQUIRES_MODULE_VERIFICATION,2026-09-21,"Provide native job workspace for Measure; estimate; layout; materials; installation; snagging; create/control Quotes; work orders; material usage; photos as structured governed records; support assignment, revision/status, review/approval, evidence, audit and cross-functional handoff; provide specialist calculations/authoring or governed format interoperability where professional tooling requires it."
CBE-JTM-0531,CBE-JP-078,Tiler,D07,F09;F10;F12;F13;F23;F26;F27,Trade field execution / estimating / evidence,BigChange,BigChange,Measure; estimate; layout; materials; installation; snagging,Quotes; work orders; material usage; photos,Finishes,,DISCOVERY_SEED_REQUIRES_MODULE_VERIFICATION,2026-09-21,"Provide native job workspace for Measure; estimate; layout; materials; installation; snagging; create/control Quotes; work orders; material usage; photos as structured governed records; support assignment, revision/status, review/approval, evidence, audit and cross-functional handoff; provide specialist calculations/authoring or governed format interoperability where professional tooling requires it."
CBE-JTM-0532,CBE-JP-078,Tiler,D07,F09;F10;F12;F13;F23;F26;F27,Trade field execution / estimating / evidence,Measure Square,MeasureSquare,Measure; estimate; layout; materials; installation; snagging,Quotes; work orders; material usage; photos,Finishes,,DISCOVERY_SEED_REQUIRES_MODULE_VERIFICATION,2026-09-21,"Provide native job workspace for Measure; estimate; layout; materials; installation; snagging; create/control Quotes; work orders; material usage; photos as structured governed records; support assignment, revision/status, review/approval, evidence, audit and cross-functional handoff; provide specialist calculations/authoring or governed format interoperability where professional tooling requires it."
CBE-JTM-0533,CBE-JP-079,Town planner,D05,F05;F17;F19;F22;F26;F27,GIS / planning / modelling / case management,Idox,Idox Cloud,Planning cases; policy/constraints; consultations; site appraisal; reports; decisions tracking,Applications/cases; consultation records; reports; spatial data,Feasibility; Planning,https://www.idoxgroup.com/solutions/regulatory-services/idox-cloud/,WEB_ANCHOR_VERIFIED,2026-09-21,"Provide native job workspace for Planning cases; policy/constraints; consultations; site appraisal; reports; decisions tracking; create/control Applications/cases; consultation records; reports; spatial data as structured governed records; support assignment, revision/status, review/approval, evidence, audit and cross-functional handoff; provide specialist calculations/authoring or governed format interoperability where professional tooling requires it."
CBE-JTM-0534,CBE-JP-079,Town planner,D05,F05;F17;F19;F22;F26;F27,GIS / planning / modelling / case management,Idox,Idox Uniform,Planning cases; policy/constraints; consultations; site appraisal; reports; decisions tracking,Applications/cases; consultation records; reports; spatial data,Feasibility; Planning,https://www.idoxgroup.com/solutions/regulatory-services/,WEB_ANCHOR_VERIFIED,2026-09-21,"Provide native job workspace for Planning cases; policy/constraints; consultations; site appraisal; reports; decisions tracking; create/control Applications/cases; consultation records; reports; spatial data as structured governed records; support assignment, revision/status, review/approval, evidence, audit and cross-functional handoff; provide specialist calculations/authoring or governed format interoperability where professional tooling requires it."
CBE-JTM-0535,CBE-JP-079,Town planner,D05,F05;F17;F19;F22;F26;F27,GIS / planning / modelling / case management,Esri,ArcGIS Urban,Planning cases; policy/constraints; consultations; site appraisal; reports; decisions tracking,Applications/cases; consultation records; reports; spatial data,Feasibility; Planning,,DISCOVERY_SEED_REQUIRES_MODULE_VERIFICATION,2026-09-21,"Provide native job workspace for Planning cases; policy/constraints; consultations; site appraisal; reports; decisions tracking; create/control Applications/cases; consultation records; reports; spatial data as structured governed records; support assignment, revision/status, review/approval, evidence, audit and cross-functional handoff; provide specialist calculations/authoring or governed format interoperability where professional tooling requires it."
CBE-JTM-0536,CBE-JP-079,Town planner,D05,F05;F17;F19;F22;F26;F27,GIS / planning / modelling / case management,Esri,Esri ArcGIS Pro,Planning cases; policy/constraints; consultations; site appraisal; reports; decisions tracking,Applications/cases; consultation records; reports; spatial data,Feasibility; Planning,,DISCOVERY_SEED_REQUIRES_MODULE_VERIFICATION,2026-09-21,"Provide native job workspace for Planning cases; policy/constraints; consultations; site appraisal; reports; decisions tracking; create/control Applications/cases; consultation records; reports; spatial data as structured governed records; support assignment, revision/status, review/approval, evidence, audit and cross-functional handoff; provide specialist calculations/authoring or governed format interoperability where professional tooling requires it."
CBE-JTM-0537,CBE-JP-079,Town planner,D05,F05;F17;F19;F22;F26;F27,GIS / planning / modelling / case management,LandTech,LandTech,Planning cases; policy/constraints; consultations; site appraisal; reports; decisions tracking,Applications/cases; consultation records; reports; spatial data,Feasibility; Planning,,DISCOVERY_SEED_REQUIRES_MODULE_VERIFICATION,2026-09-21,"Provide native job workspace for Planning cases; policy/constraints; consultations; site appraisal; reports; decisions tracking; create/control Applications/cases; consultation records; reports; spatial data as structured governed records; support assignment, revision/status, review/approval, evidence, audit and cross-functional handoff; provide specialist calculations/authoring or governed format interoperability where professional tooling requires it."
CBE-JTM-0538,CBE-JP-079,Town planner,D05,F05;F17;F19;F22;F26;F27,GIS / planning / modelling / case management,,PlanX,Planning cases; policy/constraints; consultations; site appraisal; reports; decisions tracking,Applications/cases; consultation records; reports; spatial data,Feasibility; Planning,,DISCOVERY_SEED_REQUIRES_MODULE_VERIFICATION,2026-09-21,"Provide native job workspace for Planning cases; policy/constraints; consultations; site appraisal; reports; decisions tracking; create/control Applications/cases; consultation records; reports; spatial data as structured governed records; support assignment, revision/status, review/approval, evidence, audit and cross-functional handoff; provide specialist calculations/authoring or governed format interoperability where professional tooling requires it."
CBE-JTM-0539,CBE-JP-079,Town planner,D05,F05;F17;F19;F22;F26;F27,GIS / planning / modelling / case management,Microsoft,Microsoft Power BI,Planning cases; policy/constraints; consultations; site appraisal; reports; decisions tracking,Applications/cases; consultation records; reports; spatial data,Feasibility; Planning,,DISCOVERY_SEED_REQUIRES_MODULE_VERIFICATION,2026-09-21,"Provide native job workspace for Planning cases; policy/constraints; consultations; site appraisal; reports; decisions tracking; create/control Applications/cases; consultation records; reports; spatial data as structured governed records; support assignment, revision/status, review/approval, evidence, audit and cross-functional handoff; provide specialist calculations/authoring or governed format interoperability where professional tooling requires it."
CBE-JTM-0540,CBE-JP-080,Town planning assistant,D05,F05;F17;F19;F22;F26;F27,GIS / planning / modelling / case management,Idox,Idox Cloud,Application processing; data gathering; plans; consultations; case administration,Case records; plans; consultation records,Planning,https://www.idoxgroup.com/solutions/regulatory-services/idox-cloud/,WEB_ANCHOR_VERIFIED,2026-09-21,"Provide native job workspace for Application processing; data gathering; plans; consultations; case administration; create/control Case records; plans; consultation records as structured governed records; support assignment, revision/status, review/approval, evidence, audit and cross-functional handoff; provide specialist calculations/authoring or governed format interoperability where professional tooling requires it."
CBE-JTM-0541,CBE-JP-080,Town planning assistant,D05,F05;F17;F19;F22;F26;F27,GIS / planning / modelling / case management,Idox,Idox Uniform,Application processing; data gathering; plans; consultations; case administration,Case records; plans; consultation records,Planning,https://www.idoxgroup.com/solutions/regulatory-services/,WEB_ANCHOR_VERIFIED,2026-09-21,"Provide native job workspace for Application processing; data gathering; plans; consultations; case administration; create/control Case records; plans; consultation records as structured governed records; support assignment, revision/status, review/approval, evidence, audit and cross-functional handoff; provide specialist calculations/authoring or governed format interoperability where professional tooling requires it."
CBE-JTM-0542,CBE-JP-080,Town planning assistant,D05,F05;F17;F19;F22;F26;F27,GIS / planning / modelling / case management,Esri,Esri ArcGIS Pro,Application processing; data gathering; plans; consultations; case administration,Case records; plans; consultation records,Planning,,DISCOVERY_SEED_REQUIRES_MODULE_VERIFICATION,2026-09-21,"Provide native job workspace for Application processing; data gathering; plans; consultations; case administration; create/control Case records; plans; consultation records as structured governed records; support assignment, revision/status, review/approval, evidence, audit and cross-functional handoff; provide specialist calculations/authoring or governed format interoperability where professional tooling requires it."
CBE-JTM-0543,CBE-JP-080,Town planning assistant,D05,F05;F17;F19;F22;F26;F27,GIS / planning / modelling / case management,Esri,ArcGIS Online,Application processing; data gathering; plans; consultations; case administration,Case records; plans; consultation records,Planning,,DISCOVERY_SEED_REQUIRES_MODULE_VERIFICATION,2026-09-21,"Provide native job workspace for Application processing; data gathering; plans; consultations; case administration; create/control Case records; plans; consultation records as structured governed records; support assignment, revision/status, review/approval, evidence, audit and cross-functional handoff; provide specialist calculations/authoring or governed format interoperability where professional tooling requires it."
CBE-JTM-0544,CBE-JP-080,Town planning assistant,D05,F05;F17;F19;F22;F26;F27,GIS / planning / modelling / case management,LandTech,LandTech,Application processing; data gathering; plans; consultations; case administration,Case records; plans; consultation records,Planning,,DISCOVERY_SEED_REQUIRES_MODULE_VERIFICATION,2026-09-21,"Provide native job workspace for Application processing; data gathering; plans; consultations; case administration; create/control Case records; plans; consultation records as structured governed records; support assignment, revision/status, review/approval, evidence, audit and cross-functional handoff; provide specialist calculations/authoring or governed format interoperability where professional tooling requires it."
CBE-JTM-0545,CBE-JP-080,Town planning assistant,D05,F05;F17;F19;F22;F26;F27,GIS / planning / modelling / case management,Microsoft,Microsoft Power BI,Application processing; data gathering; plans; consultations; case administration,Case records; plans; consultation records,Planning,,DISCOVERY_SEED_REQUIRES_MODULE_VERIFICATION,2026-09-21,"Provide native job workspace for Application processing; data gathering; plans; consultations; case administration; create/control Case records; plans; consultation records as structured governed records; support assignment, revision/status, review/approval, evidence, audit and cross-functional handoff; provide specialist calculations/authoring or governed format interoperability where professional tooling requires it."
CBE-JTM-0546,CBE-JP-081,Transport planner,D05,F05;F17;F19;F22;F26;F27,GIS / planning / modelling / case management,PTV Group,PTV Visum,Demand/network analysis; options; modelling; consultation; reports; programme interfaces,Models; datasets; option reports; plans,Feasibility; Planning; Design,https://www.ptvgroup.com/en/products/ptv-visum,WEB_ANCHOR_VERIFIED,2026-09-21,"Provide native job workspace for Demand/network analysis; options; modelling; consultation; reports; programme interfaces; create/control Models; datasets; option reports; plans as structured governed records; support assignment, revision/status, review/approval, evidence, audit and cross-functional handoff; provide specialist calculations/authoring or governed format interoperability where professional tooling requires it."
CBE-JTM-0547,CBE-JP-081,Transport planner,D05,F05;F17;F19;F22;F26;F27,GIS / planning / modelling / case management,Aimsun,Aimsun Next 26,Demand/network analysis; options; modelling; consultation; reports; programme interfaces,Models; datasets; option reports; plans,Feasibility; Planning; Design,https://www.aimsun.com/aimsun-next-transport-modelling-software/,WEB_ANCHOR_VERIFIED,2026-09-21,"Provide native job workspace for Demand/network analysis; options; modelling; consultation; reports; programme interfaces; create/control Models; datasets; option reports; plans as structured governed records; support assignment, revision/status, review/approval, evidence, audit and cross-functional handoff; provide specialist calculations/authoring or governed format interoperability where professional tooling requires it."
CBE-JTM-0548,CBE-JP-081,Transport planner,D05,F05;F17;F19;F22;F26;F27,GIS / planning / modelling / case management,Bentley Systems,Bentley CUBE,Demand/network analysis; options; modelling; consultation; reports; programme interfaces,Models; datasets; option reports; plans,Feasibility; Planning; Design,,DISCOVERY_SEED_REQUIRES_MODULE_VERIFICATION,2026-09-21,"Provide native job workspace for Demand/network analysis; options; modelling; consultation; reports; programme interfaces; create/control Models; datasets; option reports; plans as structured governed records; support assignment, revision/status, review/approval, evidence, audit and cross-functional handoff; provide specialist calculations/authoring or governed format interoperability where professional tooling requires it."
CBE-JTM-0549,CBE-JP-081,Transport planner,D05,F05;F17;F19;F22;F26;F27,GIS / planning / modelling / case management,PTV Group,PTV Vissim,Demand/network analysis; options; modelling; consultation; reports; programme interfaces,Models; datasets; option reports; plans,Feasibility; Planning; Design,,DISCOVERY_SEED_REQUIRES_MODULE_VERIFICATION,2026-09-21,"Provide native job workspace for Demand/network analysis; options; modelling; consultation; reports; programme interfaces; create/control Models; datasets; option reports; plans as structured governed records; support assignment, revision/status, review/approval, evidence, audit and cross-functional handoff; provide specialist calculations/authoring or governed format interoperability where professional tooling requires it."
CBE-JTM-0550,CBE-JP-081,Transport planner,D05,F05;F17;F19;F22;F26;F27,GIS / planning / modelling / case management,Atkins / SATURN,SATURN,Demand/network analysis; options; modelling; consultation; reports; programme interfaces,Models; datasets; option reports; plans,Feasibility; Planning; Design,,DISCOVERY_SEED_REQUIRES_MODULE_VERIFICATION,2026-09-21,"Provide native job workspace for Demand/network analysis; options; modelling; consultation; reports; programme interfaces; create/control Models; datasets; option reports; plans as structured governed records; support assignment, revision/status, review/approval, evidence, audit and cross-functional handoff; provide specialist calculations/authoring or governed format interoperability where professional tooling requires it."
CBE-JTM-0551,CBE-JP-081,Transport planner,D05,F05;F17;F19;F22;F26;F27,GIS / planning / modelling / case management,Esri,Esri ArcGIS Pro,Demand/network analysis; options; modelling; consultation; reports; programme interfaces,Models; datasets; option reports; plans,Feasibility; Planning; Design,,DISCOVERY_SEED_REQUIRES_MODULE_VERIFICATION,2026-09-21,"Provide native job workspace for Demand/network analysis; options; modelling; consultation; reports; programme interfaces; create/control Models; datasets; option reports; plans as structured governed records; support assignment, revision/status, review/approval, evidence, audit and cross-functional handoff; provide specialist calculations/authoring or governed format interoperability where professional tooling requires it."
CBE-JTM-0552,CBE-JP-082,Water network operative,D12,F09;F10;F12;F13;F22;F23;F26;F27,Utilities / network / field operations,Esri,Esri ArcGIS Utility Network,Work orders; network asset location; repairs; leakage; tests; reinstatement; as-builts,Job packs; network records; test results; as-builts,Infrastructure construction; Maintenance,,DISCOVERY_SEED_REQUIRES_MODULE_VERIFICATION,2026-09-21,"Provide native job workspace for Work orders; network asset location; repairs; leakage; tests; reinstatement; as-builts; create/control Job packs; network records; test results; as-builts as structured governed records; support assignment, revision/status, review/approval, evidence, audit and cross-functional handoff; provide specialist calculations/authoring or governed format interoperability where professional tooling requires it."
CBE-JTM-0553,CBE-JP-082,Water network operative,D12,F09;F10;F12;F13;F22;F23;F26;F27,Utilities / network / field operations,Bentley Systems,Bentley OpenUtilities,Work orders; network asset location; repairs; leakage; tests; reinstatement; as-builts,Job packs; network records; test results; as-builts,Infrastructure construction; Maintenance,,DISCOVERY_SEED_REQUIRES_MODULE_VERIFICATION,2026-09-21,"Provide native job workspace for Work orders; network asset location; repairs; leakage; tests; reinstatement; as-builts; create/control Job packs; network records; test results; as-builts as structured governed records; support assignment, revision/status, review/approval, evidence, audit and cross-functional handoff; provide specialist calculations/authoring or governed format interoperability where professional tooling requires it."
CBE-JTM-0554,CBE-JP-082,Water network operative,D12,F09;F10;F12;F13;F22;F23;F26;F27,Utilities / network / field operations,Trimble,Cityworks,Work orders; network asset location; repairs; leakage; tests; reinstatement; as-builts,Job packs; network records; test results; as-builts,Infrastructure construction; Maintenance,,DISCOVERY_SEED_REQUIRES_MODULE_VERIFICATION,2026-09-21,"Provide native job workspace for Work orders; network asset location; repairs; leakage; tests; reinstatement; as-builts; create/control Job packs; network records; test results; as-builts as structured governed records; support assignment, revision/status, review/approval, evidence, audit and cross-functional handoff; provide specialist calculations/authoring or governed format interoperability where professional tooling requires it."
CBE-JTM-0555,CBE-JP-082,Water network operative,D12,F09;F10;F12;F13;F22;F23;F26;F27,Utilities / network / field operations,IBM,IBM Maximo Application Suite,Work orders; network asset location; repairs; leakage; tests; reinstatement; as-builts,Job packs; network records; test results; as-builts,Infrastructure construction; Maintenance,,DISCOVERY_SEED_REQUIRES_MODULE_VERIFICATION,2026-09-21,"Provide native job workspace for Work orders; network asset location; repairs; leakage; tests; reinstatement; as-builts; create/control Job packs; network records; test results; as-builts as structured governed records; support assignment, revision/status, review/approval, evidence, audit and cross-functional handoff; provide specialist calculations/authoring or governed format interoperability where professional tooling requires it."
CBE-JTM-0556,CBE-JP-082,Water network operative,D12,F09;F10;F12;F13;F22;F23;F26;F27,Utilities / network / field operations,Esri,ArcGIS Field Maps,Work orders; network asset location; repairs; leakage; tests; reinstatement; as-builts,Job packs; network records; test results; as-builts,Infrastructure construction; Maintenance,,DISCOVERY_SEED_REQUIRES_MODULE_VERIFICATION,2026-09-21,"Provide native job workspace for Work orders; network asset location; repairs; leakage; tests; reinstatement; as-builts; create/control Job packs; network records; test results; as-builts as structured governed records; support assignment, revision/status, review/approval, evidence, audit and cross-functional handoff; provide specialist calculations/authoring or governed format interoperability where professional tooling requires it."
CBE-JTM-0557,CBE-JP-082,Water network operative,D12,F09;F10;F12;F13;F22;F23;F26;F27,Utilities / network / field operations,Trimble,Trimble Siteworks,Work orders; network asset location; repairs; leakage; tests; reinstatement; as-builts,Job packs; network records; test results; as-builts,Infrastructure construction; Maintenance,,DISCOVERY_SEED_REQUIRES_MODULE_VERIFICATION,2026-09-21,"Provide native job workspace for Work orders; network asset location; repairs; leakage; tests; reinstatement; as-builts; create/control Job packs; network records; test results; as-builts as structured governed records; support assignment, revision/status, review/approval, evidence, audit and cross-functional handoff; provide specialist calculations/authoring or governed format interoperability where professional tooling requires it."
CBE-JTM-0558,CBE-JP-082,Water network operative,D12,F09;F10;F12;F13;F22;F23;F26;F27,Utilities / network / field operations,SafetyCulture,SafetyCulture,Work orders; network asset location; repairs; leakage; tests; reinstatement; as-builts,Job packs; network records; test results; as-builts,Infrastructure construction; Maintenance,,DISCOVERY_SEED_REQUIRES_MODULE_VERIFICATION,2026-09-21,"Provide native job workspace for Work orders; network asset location; repairs; leakage; tests; reinstatement; as-builts; create/control Job packs; network records; test results; as-builts as structured governed records; support assignment, revision/status, review/approval, evidence, audit and cross-functional handoff; provide specialist calculations/authoring or governed format interoperability where professional tooling requires it."
CBE-JTM-0559,CBE-JP-083,Welder,D14,F07;F09;F10;F11;F13;F14;F26;F27,Supply / fabrication / manufacturing,Kemppi,WeldEye,Work packs; weld procedures/references; material traceability; weld logs; inspections; repairs,Weld logs; material records; inspection/NDT references; work orders,Fabrication; Construction,,DISCOVERY_SEED_REQUIRES_MODULE_VERIFICATION,2026-09-21,"Provide native job workspace for Work packs; weld procedures/references; material traceability; weld logs; inspections; repairs; create/control Weld logs; material records; inspection/NDT references; work orders as structured governed records; support assignment, revision/status, review/approval, evidence, audit and cross-functional handoff; provide specialist calculations/authoring or governed format interoperability where professional tooling requires it."
CBE-JTM-0560,CBE-JP-083,Welder,D14,F07;F09;F10;F11;F13;F14;F26;F27,Supply / fabrication / manufacturing,WeldTrace,WeldTrace,Work packs; weld procedures/references; material traceability; weld logs; inspections; repairs,Weld logs; material records; inspection/NDT references; work orders,Fabrication; Construction,,DISCOVERY_SEED_REQUIRES_MODULE_VERIFICATION,2026-09-21,"Provide native job workspace for Work packs; weld procedures/references; material traceability; weld logs; inspections; repairs; create/control Weld logs; material records; inspection/NDT references; work orders as structured governed records; support assignment, revision/status, review/approval, evidence, audit and cross-functional handoff; provide specialist calculations/authoring or governed format interoperability where professional tooling requires it."
CBE-JTM-0561,CBE-JP-083,Welder,D14,F07;F09;F10;F11;F13;F14;F26;F27,Supply / fabrication / manufacturing,Fronius,Fronius WeldCube,Work packs; weld procedures/references; material traceability; weld logs; inspections; repairs,Weld logs; material records; inspection/NDT references; work orders,Fabrication; Construction,,DISCOVERY_SEED_REQUIRES_MODULE_VERIFICATION,2026-09-21,"Provide native job workspace for Work packs; weld procedures/references; material traceability; weld logs; inspections; repairs; create/control Weld logs; material records; inspection/NDT references; work orders as structured governed records; support assignment, revision/status, review/approval, evidence, audit and cross-functional handoff; provide specialist calculations/authoring or governed format interoperability where professional tooling requires it."
CBE-JTM-0562,CBE-JP-083,Welder,D14,F07;F09;F10;F11;F13;F14;F26;F27,Supply / fabrication / manufacturing,Trimble,Tekla PowerFab,Work packs; weld procedures/references; material traceability; weld logs; inspections; repairs,Weld logs; material records; inspection/NDT references; work orders,Fabrication; Construction,https://www.tekla.com/products/tekla-powerfab,WEB_ANCHOR_VERIFIED,2026-09-21,"Provide native job workspace for Work packs; weld procedures/references; material traceability; weld logs; inspections; repairs; create/control Weld logs; material records; inspection/NDT references; work orders as structured governed records; support assignment, revision/status, review/approval, evidence, audit and cross-functional handoff; provide specialist calculations/authoring or governed format interoperability where professional tooling requires it."
CBE-JTM-0563,CBE-JP-083,Welder,D14,F07;F09;F10;F11;F13;F14;F26;F27,Supply / fabrication / manufacturing,EWM,EWM Xnet,Work packs; weld procedures/references; material traceability; weld logs; inspections; repairs,Weld logs; material records; inspection/NDT references; work orders,Fabrication; Construction,,DISCOVERY_SEED_REQUIRES_MODULE_VERIFICATION,2026-09-21,"Provide native job workspace for Work packs; weld procedures/references; material traceability; weld logs; inspections; repairs; create/control Weld logs; material records; inspection/NDT references; work orders as structured governed records; support assignment, revision/status, review/approval, evidence, audit and cross-functional handoff; provide specialist calculations/authoring or governed format interoperability where professional tooling requires it."
CBE-JTM-0564,CBE-JP-083,Welder,D14,F07;F09;F10;F11;F13;F14;F26;F27,Supply / fabrication / manufacturing,SafetyCulture,SafetyCulture,Work packs; weld procedures/references; material traceability; weld logs; inspections; repairs,Weld logs; material records; inspection/NDT references; work orders,Fabrication; Construction,,DISCOVERY_SEED_REQUIRES_MODULE_VERIFICATION,2026-09-21,"Provide native job workspace for Work packs; weld procedures/references; material traceability; weld logs; inspections; repairs; create/control Weld logs; material records; inspection/NDT references; work orders as structured governed records; support assignment, revision/status, review/approval, evidence, audit and cross-functional handoff; provide specialist calculations/authoring or governed format interoperability where professional tooling requires it."
CBE-JTM-0565,CBE-JP-084,Wood machinist,D14,F07;F09;F10;F11;F13;F14;F26;F27,Supply / fabrication / manufacturing,Hexagon,Hexagon Cabinet Vision,Cut lists; machine jobs; BOM/material stock; quality; production output,Cut lists; work orders; material records; QC records,Manufacture,,DISCOVERY_SEED_REQUIRES_MODULE_VERIFICATION,2026-09-21,"Provide native job workspace for Cut lists; machine jobs; BOM/material stock; quality; production output; create/control Cut lists; work orders; material records; QC records as structured governed records; support assignment, revision/status, review/approval, evidence, audit and cross-functional handoff; provide specialist calculations/authoring or governed format interoperability where professional tooling requires it."
CBE-JTM-0566,CBE-JP-084,Wood machinist,D14,F07;F09;F10;F11;F13;F14;F26;F27,Supply / fabrication / manufacturing,Microvellum,Microvellum,Cut lists; machine jobs; BOM/material stock; quality; production output,Cut lists; work orders; material records; QC records,Manufacture,,DISCOVERY_SEED_REQUIRES_MODULE_VERIFICATION,2026-09-21,"Provide native job workspace for Cut lists; machine jobs; BOM/material stock; quality; production output; create/control Cut lists; work orders; material records; QC records as structured governed records; support assignment, revision/status, review/approval, evidence, audit and cross-functional handoff; provide specialist calculations/authoring or governed format interoperability where professional tooling requires it."
CBE-JTM-0567,CBE-JP-084,Wood machinist,D14,F07;F09;F10;F11;F13;F14;F26;F27,Supply / fabrication / manufacturing,HOMAG,HOMAG woodWOP,Cut lists; machine jobs; BOM/material stock; quality; production output,Cut lists; work orders; material records; QC records,Manufacture,,DISCOVERY_SEED_REQUIRES_MODULE_VERIFICATION,2026-09-21,"Provide native job workspace for Cut lists; machine jobs; BOM/material stock; quality; production output; create/control Cut lists; work orders; material records; QC records as structured governed records; support assignment, revision/status, review/approval, evidence, audit and cross-functional handoff; provide specialist calculations/authoring or governed format interoperability where professional tooling requires it."
CBE-JTM-0568,CBE-JP-084,Wood machinist,D14,F07;F09;F10;F11;F13;F14;F26;F27,Supply / fabrication / manufacturing,Hexagon,ALPHACAM,Cut lists; machine jobs; BOM/material stock; quality; production output,Cut lists; work orders; material records; QC records,Manufacture,,DISCOVERY_SEED_REQUIRES_MODULE_VERIFICATION,2026-09-21,"Provide native job workspace for Cut lists; machine jobs; BOM/material stock; quality; production output; create/control Cut lists; work orders; material records; QC records as structured governed records; support assignment, revision/status, review/approval, evidence, audit and cross-functional handoff; provide specialist calculations/authoring or governed format interoperability where professional tooling requires it."
CBE-JTM-0569,CBE-JP-084,Wood machinist,D14,F07;F09;F10;F11;F13;F14;F26;F27,Supply / fabrication / manufacturing,Autodesk,Autodesk Fusion,Cut lists; machine jobs; BOM/material stock; quality; production output,Cut lists; work orders; material records; QC records,Manufacture,,DISCOVERY_SEED_REQUIRES_MODULE_VERIFICATION,2026-09-21,"Provide native job workspace for Cut lists; machine jobs; BOM/material stock; quality; production output; create/control Cut lists; work orders; material records; QC records as structured governed records; support assignment, revision/status, review/approval, evidence, audit and cross-functional handoff; provide specialist calculations/authoring or governed format interoperability where professional tooling requires it."
CBE-JTM-0570,CBE-JP-084,Wood machinist,D14,F07;F09;F10;F11;F13;F14;F26;F27,Supply / fabrication / manufacturing,Cyncly,Cyncly 3CAD,Cut lists; machine jobs; BOM/material stock; quality; production output,Cut lists; work orders; material records; QC records,Manufacture,,DISCOVERY_SEED_REQUIRES_MODULE_VERIFICATION,2026-09-21,"Provide native job workspace for Cut lists; machine jobs; BOM/material stock; quality; production output; create/control Cut lists; work orders; material records; QC records as structured governed records; support assignment, revision/status, review/approval, evidence, audit and cross-functional handoff; provide specialist calculations/authoring or governed format interoperability where professional tooling requires it."
