backlog_id,source_record_id,function_code,function_name,market_category,vendor,product_or_suite,product_module_or_workspace,exact_operation_or_task,input_objects_or_data,output_work_product,lifecycle_or_status_model,review_approval_authority,audit_evidence,integration_formats,nublox_native_requirement,verification_status,source_url,verified_date
ENT-MTB-0001,MTR-0001,F01,Strategy & Enterprise Planning,"Strategic planning, scenario planning, portfolio alignment, goals and KPIs",Planview,Planview,PENDING_MODULE_VERIFICATION,PENDING_OPERATION_VERIFICATION,PENDING,PENDING,PENDING,PENDING,PENDING,PENDING,"Provide native governed capability for Strategic planning, scenario planning, portfolio alignment, goals and KPIs, with structured business objects, lifecycle/status, responsibility/authority, review/approval, audit evidence, reporting and integration semantics appropriate to F01 Strategy & Enterprise Planning.",PRODUCT_DEEP_BENCHMARK_VERIFIED__FUNCTION_SPECIFIC_MODULE_MAPPING_PENDING,https://www.planview.com/,2026-09-21
ENT-MTB-0002,MTR-0002,F01,Strategy & Enterprise Planning,"Strategic planning, scenario planning, portfolio alignment, goals and KPIs",Anaplan,Anaplan,PENDING_MODULE_VERIFICATION,PENDING_OPERATION_VERIFICATION,PENDING,PENDING,PENDING,PENDING,PENDING,PENDING,"Provide native governed capability for Strategic planning, scenario planning, portfolio alignment, goals and KPIs, with structured business objects, lifecycle/status, responsibility/authority, review/approval, audit evidence, reporting and integration semantics appropriate to F01 Strategy & Enterprise Planning.",PRODUCT_DEEP_BENCHMARK_VERIFIED__FUNCTION_SPECIFIC_MODULE_MAPPING_PENDING,https://www.anaplan.com/,2026-09-21
ENT-MTB-0003,MTR-0003,F01,Strategy & Enterprise Planning,"Strategic planning, scenario planning, portfolio alignment, goals and KPIs",Workday,Workday Adaptive Planning,PENDING_MODULE_VERIFICATION,PENDING_OPERATION_VERIFICATION,PENDING,PENDING,PENDING,PENDING,PENDING,PENDING,"Provide native governed capability for Strategic planning, scenario planning, portfolio alignment, goals and KPIs, with structured business objects, lifecycle/status, responsibility/authority, review/approval, audit evidence, reporting and integration semantics appropriate to F01 Strategy & Enterprise Planning.",EQUIVALENCE_CLASSIFIED__ARCHITECTURE_PATTERN_COVERED,https://www.workday.com/,2026-09-21
ENT-MTB-0004,MTR-0004,F01,Strategy & Enterprise Planning,"Strategic planning, scenario planning, portfolio alignment, goals and KPIs",Oracle,Oracle EPM,PENDING_MODULE_VERIFICATION,PENDING_OPERATION_VERIFICATION,PENDING,PENDING,PENDING,PENDING,PENDING,PENDING,"Provide native governed capability for Strategic planning, scenario planning, portfolio alignment, goals and KPIs, with structured business objects, lifecycle/status, responsibility/authority, review/approval, audit evidence, reporting and integration semantics appropriate to F01 Strategy & Enterprise Planning.",EQUIVALENCE_CLASSIFIED__ARCHITECTURE_PATTERN_COVERED,https://www.oracle.com/,2026-09-21
ENT-MTB-0005,MTR-0005,F01,Strategy & Enterprise Planning,"Strategic planning, scenario planning, portfolio alignment, goals and KPIs",SAP,SAP Analytics Cloud,PENDING_MODULE_VERIFICATION,PENDING_OPERATION_VERIFICATION,PENDING,PENDING,PENDING,PENDING,PENDING,PENDING,"Provide native governed capability for Strategic planning, scenario planning, portfolio alignment, goals and KPIs, with structured business objects, lifecycle/status, responsibility/authority, review/approval, audit evidence, reporting and integration semantics appropriate to F01 Strategy & Enterprise Planning.",EQUIVALENCE_CLASSIFIED__ARCHITECTURE_PATTERN_COVERED,https://www.sap.com/products.html,2026-09-21
ENT-MTB-0006,MTR-0006,F01,Strategy & Enterprise Planning,"Strategic planning, scenario planning, portfolio alignment, goals and KPIs",Board,Board,PENDING_MODULE_VERIFICATION,PENDING_OPERATION_VERIFICATION,PENDING,PENDING,PENDING,PENDING,PENDING,PENDING,"Provide native governed capability for Strategic planning, scenario planning, portfolio alignment, goals and KPIs, with structured business objects, lifecycle/status, responsibility/authority, review/approval, audit evidence, reporting and integration semantics appropriate to F01 Strategy & Enterprise Planning.",EQUIVALENCE_CLASSIFIED__ARCHITECTURE_PATTERN_COVERED,https://www.board.com/,2026-09-21
ENT-MTB-0007,MTR-0007,F01,Strategy & Enterprise Planning,"Strategic planning, scenario planning, portfolio alignment, goals and KPIs",IBM,IBM Planning Analytics,PENDING_MODULE_VERIFICATION,PENDING_OPERATION_VERIFICATION,PENDING,PENDING,PENDING,PENDING,PENDING,PENDING,"Provide native governed capability for Strategic planning, scenario planning, portfolio alignment, goals and KPIs, with structured business objects, lifecycle/status, responsibility/authority, review/approval, audit evidence, reporting and integration semantics appropriate to F01 Strategy & Enterprise Planning.",EQUIVALENCE_CLASSIFIED__ARCHITECTURE_PATTERN_COVERED,https://www.ibm.com/,2026-09-21
ENT-MTB-0008,MTR-0008,F01,Strategy & Enterprise Planning,"Strategic planning, scenario planning, portfolio alignment, goals and KPIs",Jedox,Jedox,PENDING_MODULE_VERIFICATION,PENDING_OPERATION_VERIFICATION,PENDING,PENDING,PENDING,PENDING,PENDING,PENDING,"Provide native governed capability for Strategic planning, scenario planning, portfolio alignment, goals and KPIs, with structured business objects, lifecycle/status, responsibility/authority, review/approval, audit evidence, reporting and integration semantics appropriate to F01 Strategy & Enterprise Planning.",EQUIVALENCE_CLASSIFIED__ARCHITECTURE_PATTERN_COVERED,https://www.jedox.com/,2026-09-21
ENT-MTB-0009,MTR-0009,F01,Strategy & Enterprise Planning,"Strategic planning, scenario planning, portfolio alignment, goals and KPIs",Pigment,Pigment,PENDING_MODULE_VERIFICATION,PENDING_OPERATION_VERIFICATION,PENDING,PENDING,PENDING,PENDING,PENDING,PENDING,"Provide native governed capability for Strategic planning, scenario planning, portfolio alignment, goals and KPIs, with structured business objects, lifecycle/status, responsibility/authority, review/approval, audit evidence, reporting and integration semantics appropriate to F01 Strategy & Enterprise Planning.",EQUIVALENCE_CLASSIFIED__ARCHITECTURE_PATTERN_COVERED,https://www.pigment.com/,2026-09-21
ENT-MTB-0010,MTR-0010,F01,Strategy & Enterprise Planning,"Strategic planning, scenario planning, portfolio alignment, goals and KPIs",Cascade,Cascade,PENDING_MODULE_VERIFICATION,PENDING_OPERATION_VERIFICATION,PENDING,PENDING,PENDING,PENDING,PENDING,PENDING,"Provide native governed capability for Strategic planning, scenario planning, portfolio alignment, goals and KPIs, with structured business objects, lifecycle/status, responsibility/authority, review/approval, audit evidence, reporting and integration semantics appropriate to F01 Strategy & Enterprise Planning.",EQUIVALENCE_CLASSIFIED__ARCHITECTURE_PATTERN_COVERED,https://www.cascade.app/,2026-09-21
ENT-MTB-0011,MTR-0011,F02,Corporate Governance,"Boards, committees, agendas, board packs, minutes, actions, policy and governance oversight",Diligent,Diligent Boards / Diligent One,PENDING_MODULE_VERIFICATION,PENDING_OPERATION_VERIFICATION,PENDING,PENDING,PENDING,PENDING,PENDING,PENDING,"Provide native governed capability for Boards, committees, agendas, board packs, minutes, actions, policy and governance oversight, with structured business objects, lifecycle/status, responsibility/authority, review/approval, audit evidence, reporting and integration semantics appropriate to F02 Corporate Governance.",PRODUCT_DEEP_BENCHMARK_VERIFIED__FUNCTION_SPECIFIC_MODULE_MAPPING_PENDING,https://www.diligent.com/platform/diligent-one,2026-09-21
ENT-MTB-0012,MTR-0012,F02,Corporate Governance,"Boards, committees, agendas, board packs, minutes, actions, policy and governance oversight",Board Intelligence,Board Intelligence,PENDING_MODULE_VERIFICATION,PENDING_OPERATION_VERIFICATION,PENDING,PENDING,PENDING,PENDING,PENDING,PENDING,"Provide native governed capability for Boards, committees, agendas, board packs, minutes, actions, policy and governance oversight, with structured business objects, lifecycle/status, responsibility/authority, review/approval, audit evidence, reporting and integration semantics appropriate to F02 Corporate Governance.",EQUIVALENCE_CLASSIFIED__ARCHITECTURE_PATTERN_COVERED,https://www.boardintelligence.com/,2026-09-21
ENT-MTB-0013,MTR-0013,F02,Corporate Governance,"Boards, committees, agendas, board packs, minutes, actions, policy and governance oversight",OnBoard,OnBoard,PENDING_MODULE_VERIFICATION,PENDING_OPERATION_VERIFICATION,PENDING,PENDING,PENDING,PENDING,PENDING,PENDING,"Provide native governed capability for Boards, committees, agendas, board packs, minutes, actions, policy and governance oversight, with structured business objects, lifecycle/status, responsibility/authority, review/approval, audit evidence, reporting and integration semantics appropriate to F02 Corporate Governance.",EQUIVALENCE_CLASSIFIED__ARCHITECTURE_PATTERN_COVERED,https://www.onboardmeetings.com/,2026-09-21
ENT-MTB-0014,MTR-0014,F02,Corporate Governance,"Boards, committees, agendas, board packs, minutes, actions, policy and governance oversight",Admincontrol,Admincontrol,PENDING_MODULE_VERIFICATION,PENDING_OPERATION_VERIFICATION,PENDING,PENDING,PENDING,PENDING,PENDING,PENDING,"Provide native governed capability for Boards, committees, agendas, board packs, minutes, actions, policy and governance oversight, with structured business objects, lifecycle/status, responsibility/authority, review/approval, audit evidence, reporting and integration semantics appropriate to F02 Corporate Governance.",EQUIVALENCE_CLASSIFIED__ARCHITECTURE_PATTERN_COVERED,https://admincontrol.com/,2026-09-21
ENT-MTB-0015,MTR-0015,F02,Corporate Governance,"Boards, committees, agendas, board packs, minutes, actions, policy and governance oversight",Convene,Convene,PENDING_MODULE_VERIFICATION,PENDING_OPERATION_VERIFICATION,PENDING,PENDING,PENDING,PENDING,PENDING,PENDING,"Provide native governed capability for Boards, committees, agendas, board packs, minutes, actions, policy and governance oversight, with structured business objects, lifecycle/status, responsibility/authority, review/approval, audit evidence, reporting and integration semantics appropriate to F02 Corporate Governance.",EQUIVALENCE_CLASSIFIED__ARCHITECTURE_PATTERN_COVERED,https://www.azeusconvene.com/,2026-09-21
ENT-MTB-0016,MTR-0016,F02,Corporate Governance,"Boards, committees, agendas, board packs, minutes, actions, policy and governance oversight",Govenda,Govenda,PENDING_MODULE_VERIFICATION,PENDING_OPERATION_VERIFICATION,PENDING,PENDING,PENDING,PENDING,PENDING,PENDING,"Provide native governed capability for Boards, committees, agendas, board packs, minutes, actions, policy and governance oversight, with structured business objects, lifecycle/status, responsibility/authority, review/approval, audit evidence, reporting and integration semantics appropriate to F02 Corporate Governance.",EQUIVALENCE_CLASSIFIED__ARCHITECTURE_PATTERN_COVERED,https://www.govenda.com/,2026-09-21
ENT-MTB-0017,MTR-0017,F02,Corporate Governance,"Boards, committees, agendas, board packs, minutes, actions, policy and governance oversight",Workiva,Workiva,PENDING_MODULE_VERIFICATION,PENDING_OPERATION_VERIFICATION,PENDING,PENDING,PENDING,PENDING,PENDING,PENDING,"Provide native governed capability for Boards, committees, agendas, board packs, minutes, actions, policy and governance oversight, with structured business objects, lifecycle/status, responsibility/authority, review/approval, audit evidence, reporting and integration semantics appropriate to F02 Corporate Governance.",PRODUCT_DEEP_BENCHMARK_VERIFIED__FUNCTION_SPECIFIC_MODULE_MAPPING_PENDING,https://www.workiva.com/,2026-09-21
ENT-MTB-0018,MTR-0018,F03,Enterprise Performance Management,"Planning, budgeting, forecasting, consolidation, management reporting and performance",Oracle,Oracle EPM,PENDING_MODULE_VERIFICATION,PENDING_OPERATION_VERIFICATION,PENDING,PENDING,PENDING,PENDING,PENDING,PENDING,"Provide native governed capability for Planning, budgeting, forecasting, consolidation, management reporting and performance, with structured business objects, lifecycle/status, responsibility/authority, review/approval, audit evidence, reporting and integration semantics appropriate to F03 Enterprise Performance Management.",PRODUCT_DEEP_BENCHMARK_VERIFIED__FUNCTION_SPECIFIC_MODULE_MAPPING_PENDING,https://www.oracle.com/,2026-09-21
ENT-MTB-0019,MTR-0019,F03,Enterprise Performance Management,"Planning, budgeting, forecasting, consolidation, management reporting and performance",SAP,SAP Analytics Cloud,PENDING_MODULE_VERIFICATION,PENDING_OPERATION_VERIFICATION,PENDING,PENDING,PENDING,PENDING,PENDING,PENDING,"Provide native governed capability for Planning, budgeting, forecasting, consolidation, management reporting and performance, with structured business objects, lifecycle/status, responsibility/authority, review/approval, audit evidence, reporting and integration semantics appropriate to F03 Enterprise Performance Management.",EQUIVALENCE_CLASSIFIED__ARCHITECTURE_PATTERN_COVERED,https://www.sap.com/products.html,2026-09-21
ENT-MTB-0020,MTR-0020,F03,Enterprise Performance Management,"Planning, budgeting, forecasting, consolidation, management reporting and performance",Workday,Workday Adaptive Planning,PENDING_MODULE_VERIFICATION,PENDING_OPERATION_VERIFICATION,PENDING,PENDING,PENDING,PENDING,PENDING,PENDING,"Provide native governed capability for Planning, budgeting, forecasting, consolidation, management reporting and performance, with structured business objects, lifecycle/status, responsibility/authority, review/approval, audit evidence, reporting and integration semantics appropriate to F03 Enterprise Performance Management.",PRODUCT_DEEP_BENCHMARK_VERIFIED__FUNCTION_SPECIFIC_MODULE_MAPPING_PENDING,https://www.workday.com/,2026-09-21
ENT-MTB-0021,MTR-0021,F03,Enterprise Performance Management,"Planning, budgeting, forecasting, consolidation, management reporting and performance",Anaplan,Anaplan,PENDING_MODULE_VERIFICATION,PENDING_OPERATION_VERIFICATION,PENDING,PENDING,PENDING,PENDING,PENDING,PENDING,"Provide native governed capability for Planning, budgeting, forecasting, consolidation, management reporting and performance, with structured business objects, lifecycle/status, responsibility/authority, review/approval, audit evidence, reporting and integration semantics appropriate to F03 Enterprise Performance Management.",EQUIVALENCE_CLASSIFIED__ARCHITECTURE_PATTERN_COVERED,https://www.anaplan.com/,2026-09-21
ENT-MTB-0022,MTR-0022,F03,Enterprise Performance Management,"Planning, budgeting, forecasting, consolidation, management reporting and performance",Board,Board,PENDING_MODULE_VERIFICATION,PENDING_OPERATION_VERIFICATION,PENDING,PENDING,PENDING,PENDING,PENDING,PENDING,"Provide native governed capability for Planning, budgeting, forecasting, consolidation, management reporting and performance, with structured business objects, lifecycle/status, responsibility/authority, review/approval, audit evidence, reporting and integration semantics appropriate to F03 Enterprise Performance Management.",EQUIVALENCE_CLASSIFIED__ARCHITECTURE_PATTERN_COVERED,https://www.board.com/,2026-09-21
ENT-MTB-0023,MTR-0023,F03,Enterprise Performance Management,"Planning, budgeting, forecasting, consolidation, management reporting and performance",IBM,IBM Planning Analytics,PENDING_MODULE_VERIFICATION,PENDING_OPERATION_VERIFICATION,PENDING,PENDING,PENDING,PENDING,PENDING,PENDING,"Provide native governed capability for Planning, budgeting, forecasting, consolidation, management reporting and performance, with structured business objects, lifecycle/status, responsibility/authority, review/approval, audit evidence, reporting and integration semantics appropriate to F03 Enterprise Performance Management.",EQUIVALENCE_CLASSIFIED__ARCHITECTURE_PATTERN_COVERED,https://www.ibm.com/,2026-09-21
ENT-MTB-0024,MTR-0024,F03,Enterprise Performance Management,"Planning, budgeting, forecasting, consolidation, management reporting and performance",OneStream,OneStream,PENDING_MODULE_VERIFICATION,PENDING_OPERATION_VERIFICATION,PENDING,PENDING,PENDING,PENDING,PENDING,PENDING,"Provide native governed capability for Planning, budgeting, forecasting, consolidation, management reporting and performance, with structured business objects, lifecycle/status, responsibility/authority, review/approval, audit evidence, reporting and integration semantics appropriate to F03 Enterprise Performance Management.",EQUIVALENCE_CLASSIFIED__ARCHITECTURE_PATTERN_COVERED,https://www.onestream.com/,2026-09-21
ENT-MTB-0025,MTR-0025,F03,Enterprise Performance Management,"Planning, budgeting, forecasting, consolidation, management reporting and performance",Wolters Kluwer,CCH Tagetik,PENDING_MODULE_VERIFICATION,PENDING_OPERATION_VERIFICATION,PENDING,PENDING,PENDING,PENDING,PENDING,PENDING,"Provide native governed capability for Planning, budgeting, forecasting, consolidation, management reporting and performance, with structured business objects, lifecycle/status, responsibility/authority, review/approval, audit evidence, reporting and integration semantics appropriate to F03 Enterprise Performance Management.",EQUIVALENCE_CLASSIFIED__ARCHITECTURE_PATTERN_COVERED,https://www.wolterskluwer.com/,2026-09-21
ENT-MTB-0026,MTR-0026,F03,Enterprise Performance Management,"Planning, budgeting, forecasting, consolidation, management reporting and performance",Planful,Planful,PENDING_MODULE_VERIFICATION,PENDING_OPERATION_VERIFICATION,PENDING,PENDING,PENDING,PENDING,PENDING,PENDING,"Provide native governed capability for Planning, budgeting, forecasting, consolidation, management reporting and performance, with structured business objects, lifecycle/status, responsibility/authority, review/approval, audit evidence, reporting and integration semantics appropriate to F03 Enterprise Performance Management.",EQUIVALENCE_CLASSIFIED__ARCHITECTURE_PATTERN_COVERED,https://planful.com/,2026-09-21
ENT-MTB-0027,MTR-0027,F03,Enterprise Performance Management,"Planning, budgeting, forecasting, consolidation, management reporting and performance",Prophix,Prophix,PENDING_MODULE_VERIFICATION,PENDING_OPERATION_VERIFICATION,PENDING,PENDING,PENDING,PENDING,PENDING,PENDING,"Provide native governed capability for Planning, budgeting, forecasting, consolidation, management reporting and performance, with structured business objects, lifecycle/status, responsibility/authority, review/approval, audit evidence, reporting and integration semantics appropriate to F03 Enterprise Performance Management.",EQUIVALENCE_CLASSIFIED__ARCHITECTURE_PATTERN_COVERED,https://www.prophix.com/,2026-09-21
ENT-MTB-0028,MTR-0028,F03,Enterprise Performance Management,"Planning, budgeting, forecasting, consolidation, management reporting and performance",Jedox,Jedox,PENDING_MODULE_VERIFICATION,PENDING_OPERATION_VERIFICATION,PENDING,PENDING,PENDING,PENDING,PENDING,PENDING,"Provide native governed capability for Planning, budgeting, forecasting, consolidation, management reporting and performance, with structured business objects, lifecycle/status, responsibility/authority, review/approval, audit evidence, reporting and integration semantics appropriate to F03 Enterprise Performance Management.",EQUIVALENCE_CLASSIFIED__ARCHITECTURE_PATTERN_COVERED,https://www.jedox.com/,2026-09-21
ENT-MTB-0029,MTR-0029,F04,Corporate Development & M&A,"Deal sourcing, valuation, due diligence, virtual data rooms, transaction and integration management",Datasite,Datasite,PENDING_MODULE_VERIFICATION,PENDING_OPERATION_VERIFICATION,PENDING,PENDING,PENDING,PENDING,PENDING,PENDING,"Provide native governed capability for Deal sourcing, valuation, due diligence, virtual data rooms, transaction and integration management, with structured business objects, lifecycle/status, responsibility/authority, review/approval, audit evidence, reporting and integration semantics appropriate to F04 Corporate Development & M&A.",PRODUCT_DEEP_BENCHMARK_VERIFIED__FUNCTION_SPECIFIC_MODULE_MAPPING_PENDING,https://www.datasite.com/,2026-09-21
ENT-MTB-0030,MTR-0030,F04,Corporate Development & M&A,"Deal sourcing, valuation, due diligence, virtual data rooms, transaction and integration management",Intralinks,Intralinks,PENDING_MODULE_VERIFICATION,PENDING_OPERATION_VERIFICATION,PENDING,PENDING,PENDING,PENDING,PENDING,PENDING,"Provide native governed capability for Deal sourcing, valuation, due diligence, virtual data rooms, transaction and integration management, with structured business objects, lifecycle/status, responsibility/authority, review/approval, audit evidence, reporting and integration semantics appropriate to F04 Corporate Development & M&A.",EQUIVALENCE_CLASSIFIED__ARCHITECTURE_PATTERN_COVERED,https://www.intralinks.com/,2026-09-21
ENT-MTB-0031,MTR-0031,F04,Corporate Development & M&A,"Deal sourcing, valuation, due diligence, virtual data rooms, transaction and integration management",Midaxo,Midaxo,PENDING_MODULE_VERIFICATION,PENDING_OPERATION_VERIFICATION,PENDING,PENDING,PENDING,PENDING,PENDING,PENDING,"Provide native governed capability for Deal sourcing, valuation, due diligence, virtual data rooms, transaction and integration management, with structured business objects, lifecycle/status, responsibility/authority, review/approval, audit evidence, reporting and integration semantics appropriate to F04 Corporate Development & M&A.",PRODUCT_DEEP_BENCHMARK_VERIFIED__FUNCTION_SPECIFIC_MODULE_MAPPING_PENDING,https://www.midaxo.com/,2026-09-21
ENT-MTB-0032,MTR-0032,F04,Corporate Development & M&A,"Deal sourcing, valuation, due diligence, virtual data rooms, transaction and integration management",DealRoom,DealRoom,PENDING_MODULE_VERIFICATION,PENDING_OPERATION_VERIFICATION,PENDING,PENDING,PENDING,PENDING,PENDING,PENDING,"Provide native governed capability for Deal sourcing, valuation, due diligence, virtual data rooms, transaction and integration management, with structured business objects, lifecycle/status, responsibility/authority, review/approval, audit evidence, reporting and integration semantics appropriate to F04 Corporate Development & M&A.",EQUIVALENCE_CLASSIFIED__ARCHITECTURE_PATTERN_COVERED,https://dealroom.net/,2026-09-21
ENT-MTB-0033,MTR-0033,F04,Corporate Development & M&A,"Deal sourcing, valuation, due diligence, virtual data rooms, transaction and integration management",Ansarada,Ansarada,PENDING_MODULE_VERIFICATION,PENDING_OPERATION_VERIFICATION,PENDING,PENDING,PENDING,PENDING,PENDING,PENDING,"Provide native governed capability for Deal sourcing, valuation, due diligence, virtual data rooms, transaction and integration management, with structured business objects, lifecycle/status, responsibility/authority, review/approval, audit evidence, reporting and integration semantics appropriate to F04 Corporate Development & M&A.",EQUIVALENCE_CLASSIFIED__ARCHITECTURE_PATTERN_COVERED,https://www.ansarada.com/,2026-09-21
ENT-MTB-0034,MTR-0034,F04,Corporate Development & M&A,"Deal sourcing, valuation, due diligence, virtual data rooms, transaction and integration management",DealCloud,DealCloud,PENDING_MODULE_VERIFICATION,PENDING_OPERATION_VERIFICATION,PENDING,PENDING,PENDING,PENDING,PENDING,PENDING,"Provide native governed capability for Deal sourcing, valuation, due diligence, virtual data rooms, transaction and integration management, with structured business objects, lifecycle/status, responsibility/authority, review/approval, audit evidence, reporting and integration semantics appropriate to F04 Corporate Development & M&A.",EQUIVALENCE_CLASSIFIED__ARCHITECTURE_PATTERN_COVERED,https://dealcloud.com/,2026-09-21
ENT-MTB-0035,MTR-0035,F04,Corporate Development & M&A,"Deal sourcing, valuation, due diligence, virtual data rooms, transaction and integration management",FirmRoom,FirmRoom,PENDING_MODULE_VERIFICATION,PENDING_OPERATION_VERIFICATION,PENDING,PENDING,PENDING,PENDING,PENDING,PENDING,"Provide native governed capability for Deal sourcing, valuation, due diligence, virtual data rooms, transaction and integration management, with structured business objects, lifecycle/status, responsibility/authority, review/approval, audit evidence, reporting and integration semantics appropriate to F04 Corporate Development & M&A.",EQUIVALENCE_CLASSIFIED__ARCHITECTURE_PATTERN_COVERED,https://firmroom.com/,2026-09-21
ENT-MTB-0036,MTR-0036,F04,Corporate Development & M&A,"Deal sourcing, valuation, due diligence, virtual data rooms, transaction and integration management",Intralinks,SS&C Intralinks DealCentre AI,PENDING_MODULE_VERIFICATION,PENDING_OPERATION_VERIFICATION,PENDING,PENDING,PENDING,PENDING,PENDING,PENDING,"Provide native governed capability for Deal sourcing, valuation, due diligence, virtual data rooms, transaction and integration management, with structured business objects, lifecycle/status, responsibility/authority, review/approval, audit evidence, reporting and integration semantics appropriate to F04 Corporate Development & M&A.",EQUIVALENCE_CLASSIFIED__ARCHITECTURE_PATTERN_COVERED,https://www.intralinks.com/,2026-09-21
ENT-MTB-0037,MTR-0037,F05,"Product, Service & Innovation Management","PLM, requirements, portfolio, ideation, product definition, configuration, change and lifecycle",PTC,PTC Windchill,PENDING_MODULE_VERIFICATION,PENDING_OPERATION_VERIFICATION,PENDING,PENDING,PENDING,PENDING,PENDING,PENDING,"Provide native governed capability for PLM, requirements, portfolio, ideation, product definition, configuration, change and lifecycle, with structured business objects, lifecycle/status, responsibility/authority, review/approval, audit evidence, reporting and integration semantics appropriate to F05 Product, Service & Innovation Management.",PRODUCT_DEEP_BENCHMARK_VERIFIED__FUNCTION_SPECIFIC_MODULE_MAPPING_PENDING,https://www.ptc.com/en/products/windchill,2026-09-21
ENT-MTB-0038,MTR-0038,F05,"Product, Service & Innovation Management","PLM, requirements, portfolio, ideation, product definition, configuration, change and lifecycle",Siemens,Siemens Teamcenter,PENDING_MODULE_VERIFICATION,PENDING_OPERATION_VERIFICATION,PENDING,PENDING,PENDING,PENDING,PENDING,PENDING,"Provide native governed capability for PLM, requirements, portfolio, ideation, product definition, configuration, change and lifecycle, with structured business objects, lifecycle/status, responsibility/authority, review/approval, audit evidence, reporting and integration semantics appropriate to F05 Product, Service & Innovation Management.",EQUIVALENCE_CLASSIFIED__ARCHITECTURE_PATTERN_COVERED,https://www.siemens.com/,2026-09-21
ENT-MTB-0039,MTR-0039,F05,"Product, Service & Innovation Management","PLM, requirements, portfolio, ideation, product definition, configuration, change and lifecycle",Dassault Systèmes,Dassault Systèmes ENOVIA / 3DEXPERIENCE,PENDING_MODULE_VERIFICATION,PENDING_OPERATION_VERIFICATION,PENDING,PENDING,PENDING,PENDING,PENDING,PENDING,"Provide native governed capability for PLM, requirements, portfolio, ideation, product definition, configuration, change and lifecycle, with structured business objects, lifecycle/status, responsibility/authority, review/approval, audit evidence, reporting and integration semantics appropriate to F05 Product, Service & Innovation Management.",EQUIVALENCE_CLASSIFIED__ARCHITECTURE_PATTERN_COVERED,https://www.3ds.com/,2026-09-21
ENT-MTB-0040,MTR-0040,F05,"Product, Service & Innovation Management","PLM, requirements, portfolio, ideation, product definition, configuration, change and lifecycle",Aras,Aras Innovator,PENDING_MODULE_VERIFICATION,PENDING_OPERATION_VERIFICATION,PENDING,PENDING,PENDING,PENDING,PENDING,PENDING,"Provide native governed capability for PLM, requirements, portfolio, ideation, product definition, configuration, change and lifecycle, with structured business objects, lifecycle/status, responsibility/authority, review/approval, audit evidence, reporting and integration semantics appropriate to F05 Product, Service & Innovation Management.",EQUIVALENCE_CLASSIFIED__ARCHITECTURE_PATTERN_COVERED,https://www.aras.com/,2026-09-21
ENT-MTB-0041,MTR-0041,F05,"Product, Service & Innovation Management","PLM, requirements, portfolio, ideation, product definition, configuration, change and lifecycle",Autodesk,Autodesk Fusion Manage,PENDING_MODULE_VERIFICATION,PENDING_OPERATION_VERIFICATION,PENDING,PENDING,PENDING,PENDING,PENDING,PENDING,"Provide native governed capability for PLM, requirements, portfolio, ideation, product definition, configuration, change and lifecycle, with structured business objects, lifecycle/status, responsibility/authority, review/approval, audit evidence, reporting and integration semantics appropriate to F05 Product, Service & Innovation Management.",EQUIVALENCE_CLASSIFIED__ARCHITECTURE_PATTERN_COVERED,https://www.autodesk.com/,2026-09-21
ENT-MTB-0042,MTR-0042,F05,"Product, Service & Innovation Management","PLM, requirements, portfolio, ideation, product definition, configuration, change and lifecycle",Oracle,Oracle Fusion Cloud PLM,PENDING_MODULE_VERIFICATION,PENDING_OPERATION_VERIFICATION,PENDING,PENDING,PENDING,PENDING,PENDING,PENDING,"Provide native governed capability for PLM, requirements, portfolio, ideation, product definition, configuration, change and lifecycle, with structured business objects, lifecycle/status, responsibility/authority, review/approval, audit evidence, reporting and integration semantics appropriate to F05 Product, Service & Innovation Management.",EQUIVALENCE_CLASSIFIED__ARCHITECTURE_PATTERN_COVERED,https://www.oracle.com/,2026-09-21
ENT-MTB-0043,MTR-0043,F05,"Product, Service & Innovation Management","PLM, requirements, portfolio, ideation, product definition, configuration, change and lifecycle",SAP,SAP Integrated Product Development,PENDING_MODULE_VERIFICATION,PENDING_OPERATION_VERIFICATION,PENDING,PENDING,PENDING,PENDING,PENDING,PENDING,"Provide native governed capability for PLM, requirements, portfolio, ideation, product definition, configuration, change and lifecycle, with structured business objects, lifecycle/status, responsibility/authority, review/approval, audit evidence, reporting and integration semantics appropriate to F05 Product, Service & Innovation Management.",EQUIVALENCE_CLASSIFIED__ARCHITECTURE_PATTERN_COVERED,https://www.sap.com/products.html,2026-09-21
ENT-MTB-0044,MTR-0044,F05,"Product, Service & Innovation Management","PLM, requirements, portfolio, ideation, product definition, configuration, change and lifecycle",Aha!,Aha!,PENDING_MODULE_VERIFICATION,PENDING_OPERATION_VERIFICATION,PENDING,PENDING,PENDING,PENDING,PENDING,PENDING,"Provide native governed capability for PLM, requirements, portfolio, ideation, product definition, configuration, change and lifecycle, with structured business objects, lifecycle/status, responsibility/authority, review/approval, audit evidence, reporting and integration semantics appropriate to F05 Product, Service & Innovation Management.",PRODUCT_DEEP_BENCHMARK_VERIFIED__FUNCTION_SPECIFIC_MODULE_MAPPING_PENDING,https://www.aha.io/,2026-09-21
ENT-MTB-0045,MTR-0045,F05,"Product, Service & Innovation Management","PLM, requirements, portfolio, ideation, product definition, configuration, change and lifecycle",Productboard,Productboard,PENDING_MODULE_VERIFICATION,PENDING_OPERATION_VERIFICATION,PENDING,PENDING,PENDING,PENDING,PENDING,PENDING,"Provide native governed capability for PLM, requirements, portfolio, ideation, product definition, configuration, change and lifecycle, with structured business objects, lifecycle/status, responsibility/authority, review/approval, audit evidence, reporting and integration semantics appropriate to F05 Product, Service & Innovation Management.",EQUIVALENCE_CLASSIFIED__ARCHITECTURE_PATTERN_COVERED,https://www.productboard.com/,2026-09-21
ENT-MTB-0046,MTR-0046,F05,"Product, Service & Innovation Management","PLM, requirements, portfolio, ideation, product definition, configuration, change and lifecycle",Atlassian,Jira Product Discovery,PENDING_MODULE_VERIFICATION,PENDING_OPERATION_VERIFICATION,PENDING,PENDING,PENDING,PENDING,PENDING,PENDING,"Provide native governed capability for PLM, requirements, portfolio, ideation, product definition, configuration, change and lifecycle, with structured business objects, lifecycle/status, responsibility/authority, review/approval, audit evidence, reporting and integration semantics appropriate to F05 Product, Service & Innovation Management.",PRODUCT_DEEP_BENCHMARK_VERIFIED__FUNCTION_SPECIFIC_MODULE_MAPPING_PENDING,https://www.atlassian.com/,2026-09-21
ENT-MTB-0047,MTR-0047,F06,Marketing & Brand,"Market intelligence, brand, campaigns, digital marketing, content, social, events and analytics",Salesforce,Salesforce Marketing Cloud,PENDING_MODULE_VERIFICATION,PENDING_OPERATION_VERIFICATION,PENDING,PENDING,PENDING,PENDING,PENDING,PENDING,"Provide native governed capability for Market intelligence, brand, campaigns, digital marketing, content, social, events and analytics, with structured business objects, lifecycle/status, responsibility/authority, review/approval, audit evidence, reporting and integration semantics appropriate to F06 Marketing & Brand.",PRODUCT_DEEP_BENCHMARK_VERIFIED__FUNCTION_SPECIFIC_MODULE_MAPPING_PENDING,https://www.salesforce.com/,2026-09-21
ENT-MTB-0048,MTR-0048,F06,Marketing & Brand,"Market intelligence, brand, campaigns, digital marketing, content, social, events and analytics",Adobe,Adobe Experience Cloud / Marketo Engage,PENDING_MODULE_VERIFICATION,PENDING_OPERATION_VERIFICATION,PENDING,PENDING,PENDING,PENDING,PENDING,PENDING,"Provide native governed capability for Market intelligence, brand, campaigns, digital marketing, content, social, events and analytics, with structured business objects, lifecycle/status, responsibility/authority, review/approval, audit evidence, reporting and integration semantics appropriate to F06 Marketing & Brand.",PRODUCT_DEEP_BENCHMARK_VERIFIED__FUNCTION_SPECIFIC_MODULE_MAPPING_PENDING,https://www.adobe.com/,2026-09-21
ENT-MTB-0049,MTR-0049,F06,Marketing & Brand,"Market intelligence, brand, campaigns, digital marketing, content, social, events and analytics",HubSpot,HubSpot Marketing Hub,PENDING_MODULE_VERIFICATION,PENDING_OPERATION_VERIFICATION,PENDING,PENDING,PENDING,PENDING,PENDING,PENDING,"Provide native governed capability for Market intelligence, brand, campaigns, digital marketing, content, social, events and analytics, with structured business objects, lifecycle/status, responsibility/authority, review/approval, audit evidence, reporting and integration semantics appropriate to F06 Marketing & Brand.",EQUIVALENCE_CLASSIFIED__ARCHITECTURE_PATTERN_COVERED,https://www.hubspot.com/,2026-09-21
ENT-MTB-0050,MTR-0050,F06,Marketing & Brand,"Market intelligence, brand, campaigns, digital marketing, content, social, events and analytics",Sprinklr,Sprinklr,PENDING_MODULE_VERIFICATION,PENDING_OPERATION_VERIFICATION,PENDING,PENDING,PENDING,PENDING,PENDING,PENDING,"Provide native governed capability for Market intelligence, brand, campaigns, digital marketing, content, social, events and analytics, with structured business objects, lifecycle/status, responsibility/authority, review/approval, audit evidence, reporting and integration semantics appropriate to F06 Marketing & Brand.",PRODUCT_DEEP_BENCHMARK_VERIFIED__FUNCTION_SPECIFIC_MODULE_MAPPING_PENDING,https://www.sprinklr.com/,2026-09-21
ENT-MTB-0051,MTR-0051,F06,Marketing & Brand,"Market intelligence, brand, campaigns, digital marketing, content, social, events and analytics",Hootsuite,Hootsuite,PENDING_MODULE_VERIFICATION,PENDING_OPERATION_VERIFICATION,PENDING,PENDING,PENDING,PENDING,PENDING,PENDING,"Provide native governed capability for Market intelligence, brand, campaigns, digital marketing, content, social, events and analytics, with structured business objects, lifecycle/status, responsibility/authority, review/approval, audit evidence, reporting and integration semantics appropriate to F06 Marketing & Brand.",EQUIVALENCE_CLASSIFIED__ARCHITECTURE_PATTERN_COVERED,https://www.hootsuite.com/,2026-09-21
ENT-MTB-0052,MTR-0052,F06,Marketing & Brand,"Market intelligence, brand, campaigns, digital marketing, content, social, events and analytics",Sprout Social,Sprout Social,PENDING_MODULE_VERIFICATION,PENDING_OPERATION_VERIFICATION,PENDING,PENDING,PENDING,PENDING,PENDING,PENDING,"Provide native governed capability for Market intelligence, brand, campaigns, digital marketing, content, social, events and analytics, with structured business objects, lifecycle/status, responsibility/authority, review/approval, audit evidence, reporting and integration semantics appropriate to F06 Marketing & Brand.",EQUIVALENCE_CLASSIFIED__ARCHITECTURE_PATTERN_COVERED,https://sproutsocial.com/,2026-09-21
ENT-MTB-0053,MTR-0053,F06,Marketing & Brand,"Market intelligence, brand, campaigns, digital marketing, content, social, events and analytics",Semrush,Semrush,PENDING_MODULE_VERIFICATION,PENDING_OPERATION_VERIFICATION,PENDING,PENDING,PENDING,PENDING,PENDING,PENDING,"Provide native governed capability for Market intelligence, brand, campaigns, digital marketing, content, social, events and analytics, with structured business objects, lifecycle/status, responsibility/authority, review/approval, audit evidence, reporting and integration semantics appropriate to F06 Marketing & Brand.",PRODUCT_DEEP_BENCHMARK_VERIFIED__FUNCTION_SPECIFIC_MODULE_MAPPING_PENDING,https://www.semrush.com/,2026-09-21
ENT-MTB-0054,MTR-0054,F06,Marketing & Brand,"Market intelligence, brand, campaigns, digital marketing, content, social, events and analytics",Brandwatch,Brandwatch,PENDING_MODULE_VERIFICATION,PENDING_OPERATION_VERIFICATION,PENDING,PENDING,PENDING,PENDING,PENDING,PENDING,"Provide native governed capability for Market intelligence, brand, campaigns, digital marketing, content, social, events and analytics, with structured business objects, lifecycle/status, responsibility/authority, review/approval, audit evidence, reporting and integration semantics appropriate to F06 Marketing & Brand.",EQUIVALENCE_CLASSIFIED__ARCHITECTURE_PATTERN_COVERED,https://www.brandwatch.com/,2026-09-21
ENT-MTB-0055,MTR-0055,F06,Marketing & Brand,"Market intelligence, brand, campaigns, digital marketing, content, social, events and analytics",Mailchimp,Mailchimp,PENDING_MODULE_VERIFICATION,PENDING_OPERATION_VERIFICATION,PENDING,PENDING,PENDING,PENDING,PENDING,PENDING,"Provide native governed capability for Market intelligence, brand, campaigns, digital marketing, content, social, events and analytics, with structured business objects, lifecycle/status, responsibility/authority, review/approval, audit evidence, reporting and integration semantics appropriate to F06 Marketing & Brand.",EQUIVALENCE_CLASSIFIED__ARCHITECTURE_PATTERN_COVERED,https://mailchimp.com/,2026-09-21
ENT-MTB-0056,MTR-0056,F06,Marketing & Brand,"Market intelligence, brand, campaigns, digital marketing, content, social, events and analytics",Canva,Canva,PENDING_MODULE_VERIFICATION,PENDING_OPERATION_VERIFICATION,PENDING,PENDING,PENDING,PENDING,PENDING,PENDING,"Provide native governed capability for Market intelligence, brand, campaigns, digital marketing, content, social, events and analytics, with structured business objects, lifecycle/status, responsibility/authority, review/approval, audit evidence, reporting and integration semantics appropriate to F06 Marketing & Brand.",PRODUCT_DEEP_BENCHMARK_VERIFIED__FUNCTION_SPECIFIC_MODULE_MAPPING_PENDING,https://www.canva.com/,2026-09-21
ENT-MTB-0057,MTR-0057,F07,Sales & Commercial Management,"Accounts, opportunities, pipeline, pricing, quotation, bids, proposals, contracts and forecasting",Salesforce,Salesforce Sales Cloud,PENDING_MODULE_VERIFICATION,PENDING_OPERATION_VERIFICATION,PENDING,PENDING,PENDING,PENDING,PENDING,PENDING,"Provide native governed capability for Accounts, opportunities, pipeline, pricing, quotation, bids, proposals, contracts and forecasting, with structured business objects, lifecycle/status, responsibility/authority, review/approval, audit evidence, reporting and integration semantics appropriate to F07 Sales & Commercial Management.",PRODUCT_DEEP_BENCHMARK_VERIFIED__FUNCTION_SPECIFIC_MODULE_MAPPING_PENDING,https://www.salesforce.com/,2026-09-21
ENT-MTB-0058,MTR-0058,F07,Sales & Commercial Management,"Accounts, opportunities, pipeline, pricing, quotation, bids, proposals, contracts and forecasting",Microsoft,Microsoft Dynamics 365 Sales,PENDING_MODULE_VERIFICATION,PENDING_OPERATION_VERIFICATION,PENDING,PENDING,PENDING,PENDING,PENDING,PENDING,"Provide native governed capability for Accounts, opportunities, pipeline, pricing, quotation, bids, proposals, contracts and forecasting, with structured business objects, lifecycle/status, responsibility/authority, review/approval, audit evidence, reporting and integration semantics appropriate to F07 Sales & Commercial Management.",PRODUCT_DEEP_BENCHMARK_VERIFIED__FUNCTION_SPECIFIC_MODULE_MAPPING_PENDING,https://www.microsoft.com/en-us/dynamics-365,2026-09-21
ENT-MTB-0059,MTR-0059,F07,Sales & Commercial Management,"Accounts, opportunities, pipeline, pricing, quotation, bids, proposals, contracts and forecasting",HubSpot,HubSpot Sales Hub,PENDING_MODULE_VERIFICATION,PENDING_OPERATION_VERIFICATION,PENDING,PENDING,PENDING,PENDING,PENDING,PENDING,"Provide native governed capability for Accounts, opportunities, pipeline, pricing, quotation, bids, proposals, contracts and forecasting, with structured business objects, lifecycle/status, responsibility/authority, review/approval, audit evidence, reporting and integration semantics appropriate to F07 Sales & Commercial Management.",EQUIVALENCE_CLASSIFIED__ARCHITECTURE_PATTERN_COVERED,https://www.hubspot.com/,2026-09-21
ENT-MTB-0060,MTR-0060,F07,Sales & Commercial Management,"Accounts, opportunities, pipeline, pricing, quotation, bids, proposals, contracts and forecasting",SAP,SAP Sales Cloud,PENDING_MODULE_VERIFICATION,PENDING_OPERATION_VERIFICATION,PENDING,PENDING,PENDING,PENDING,PENDING,PENDING,"Provide native governed capability for Accounts, opportunities, pipeline, pricing, quotation, bids, proposals, contracts and forecasting, with structured business objects, lifecycle/status, responsibility/authority, review/approval, audit evidence, reporting and integration semantics appropriate to F07 Sales & Commercial Management.",EQUIVALENCE_CLASSIFIED__ARCHITECTURE_PATTERN_COVERED,https://www.sap.com/products.html,2026-09-21
ENT-MTB-0061,MTR-0061,F07,Sales & Commercial Management,"Accounts, opportunities, pipeline, pricing, quotation, bids, proposals, contracts and forecasting",Oracle,Oracle Sales,PENDING_MODULE_VERIFICATION,PENDING_OPERATION_VERIFICATION,PENDING,PENDING,PENDING,PENDING,PENDING,PENDING,"Provide native governed capability for Accounts, opportunities, pipeline, pricing, quotation, bids, proposals, contracts and forecasting, with structured business objects, lifecycle/status, responsibility/authority, review/approval, audit evidence, reporting and integration semantics appropriate to F07 Sales & Commercial Management.",EQUIVALENCE_CLASSIFIED__ARCHITECTURE_PATTERN_COVERED,https://www.oracle.com/,2026-09-21
ENT-MTB-0062,MTR-0062,F07,Sales & Commercial Management,"Accounts, opportunities, pipeline, pricing, quotation, bids, proposals, contracts and forecasting",Zoho,Zoho CRM,PENDING_MODULE_VERIFICATION,PENDING_OPERATION_VERIFICATION,PENDING,PENDING,PENDING,PENDING,PENDING,PENDING,"Provide native governed capability for Accounts, opportunities, pipeline, pricing, quotation, bids, proposals, contracts and forecasting, with structured business objects, lifecycle/status, responsibility/authority, review/approval, audit evidence, reporting and integration semantics appropriate to F07 Sales & Commercial Management.",EQUIVALENCE_CLASSIFIED__ARCHITECTURE_PATTERN_COVERED,https://www.zoho.com/crm/,2026-09-21
ENT-MTB-0063,MTR-0063,F07,Sales & Commercial Management,"Accounts, opportunities, pipeline, pricing, quotation, bids, proposals, contracts and forecasting",Pipedrive,Pipedrive,PENDING_MODULE_VERIFICATION,PENDING_OPERATION_VERIFICATION,PENDING,PENDING,PENDING,PENDING,PENDING,PENDING,"Provide native governed capability for Accounts, opportunities, pipeline, pricing, quotation, bids, proposals, contracts and forecasting, with structured business objects, lifecycle/status, responsibility/authority, review/approval, audit evidence, reporting and integration semantics appropriate to F07 Sales & Commercial Management.",EQUIVALENCE_CLASSIFIED__ARCHITECTURE_PATTERN_COVERED,https://www.pipedrive.com/,2026-09-21
ENT-MTB-0064,MTR-0064,F07,Sales & Commercial Management,"Accounts, opportunities, pipeline, pricing, quotation, bids, proposals, contracts and forecasting",Procore,Procore Preconstruction,PENDING_MODULE_VERIFICATION,PENDING_OPERATION_VERIFICATION,PENDING,PENDING,PENDING,PENDING,PENDING,PENDING,"Provide native governed capability for Accounts, opportunities, pipeline, pricing, quotation, bids, proposals, contracts and forecasting, with structured business objects, lifecycle/status, responsibility/authority, review/approval, audit evidence, reporting and integration semantics appropriate to F07 Sales & Commercial Management.",EQUIVALENCE_CLASSIFIED__ARCHITECTURE_PATTERN_COVERED,https://www.procore.com/,2026-09-21
ENT-MTB-0065,MTR-0065,F07,Sales & Commercial Management,"Accounts, opportunities, pipeline, pricing, quotation, bids, proposals, contracts and forecasting",Autodesk,Autodesk BuildingConnected,PENDING_MODULE_VERIFICATION,PENDING_OPERATION_VERIFICATION,PENDING,PENDING,PENDING,PENDING,PENDING,PENDING,"Provide native governed capability for Accounts, opportunities, pipeline, pricing, quotation, bids, proposals, contracts and forecasting, with structured business objects, lifecycle/status, responsibility/authority, review/approval, audit evidence, reporting and integration semantics appropriate to F07 Sales & Commercial Management.",PRODUCT_DEEP_BENCHMARK_VERIFIED__FUNCTION_SPECIFIC_MODULE_MAPPING_PENDING,https://www.autodesk.com/,2026-09-21
ENT-MTB-0066,MTR-0066,F07,Sales & Commercial Management,"Accounts, opportunities, pipeline, pricing, quotation, bids, proposals, contracts and forecasting",RIB,RIB bid / estimating products,PENDING_MODULE_VERIFICATION,PENDING_OPERATION_VERIFICATION,PENDING,PENDING,PENDING,PENDING,PENDING,PENDING,"Provide native governed capability for Accounts, opportunities, pipeline, pricing, quotation, bids, proposals, contracts and forecasting, with structured business objects, lifecycle/status, responsibility/authority, review/approval, audit evidence, reporting and integration semantics appropriate to F07 Sales & Commercial Management.",EQUIVALENCE_CLASSIFIED__ARCHITECTURE_PATTERN_COVERED,https://www.rib-software.com/,2026-09-21
ENT-MTB-0067,MTR-0067,F08,"Customer Service, Experience & Success","Onboarding, enquiries, cases, complaints, support, warranty, success and service levels",Salesforce,Salesforce Service Cloud,PENDING_MODULE_VERIFICATION,PENDING_OPERATION_VERIFICATION,PENDING,PENDING,PENDING,PENDING,PENDING,PENDING,"Provide native governed capability for Onboarding, enquiries, cases, complaints, support, warranty, success and service levels, with structured business objects, lifecycle/status, responsibility/authority, review/approval, audit evidence, reporting and integration semantics appropriate to F08 Customer Service, Experience & Success.",PRODUCT_DEEP_BENCHMARK_VERIFIED__FUNCTION_SPECIFIC_MODULE_MAPPING_PENDING,https://www.salesforce.com/,2026-09-21
ENT-MTB-0068,MTR-0068,F08,"Customer Service, Experience & Success","Onboarding, enquiries, cases, complaints, support, warranty, success and service levels",Microsoft,Microsoft Dynamics 365 Customer Service,PENDING_MODULE_VERIFICATION,PENDING_OPERATION_VERIFICATION,PENDING,PENDING,PENDING,PENDING,PENDING,PENDING,"Provide native governed capability for Onboarding, enquiries, cases, complaints, support, warranty, success and service levels, with structured business objects, lifecycle/status, responsibility/authority, review/approval, audit evidence, reporting and integration semantics appropriate to F08 Customer Service, Experience & Success.",EQUIVALENCE_CLASSIFIED__ARCHITECTURE_PATTERN_COVERED,https://www.microsoft.com/en-us/dynamics-365,2026-09-21
ENT-MTB-0069,MTR-0069,F08,"Customer Service, Experience & Success","Onboarding, enquiries, cases, complaints, support, warranty, success and service levels",ServiceNow,ServiceNow Customer Service Management,PENDING_MODULE_VERIFICATION,PENDING_OPERATION_VERIFICATION,PENDING,PENDING,PENDING,PENDING,PENDING,PENDING,"Provide native governed capability for Onboarding, enquiries, cases, complaints, support, warranty, success and service levels, with structured business objects, lifecycle/status, responsibility/authority, review/approval, audit evidence, reporting and integration semantics appropriate to F08 Customer Service, Experience & Success.",PRODUCT_DEEP_BENCHMARK_VERIFIED__FUNCTION_SPECIFIC_MODULE_MAPPING_PENDING,https://www.servicenow.com/,2026-09-21
ENT-MTB-0070,MTR-0070,F08,"Customer Service, Experience & Success","Onboarding, enquiries, cases, complaints, support, warranty, success and service levels",Zendesk,Zendesk,PENDING_MODULE_VERIFICATION,PENDING_OPERATION_VERIFICATION,PENDING,PENDING,PENDING,PENDING,PENDING,PENDING,"Provide native governed capability for Onboarding, enquiries, cases, complaints, support, warranty, success and service levels, with structured business objects, lifecycle/status, responsibility/authority, review/approval, audit evidence, reporting and integration semantics appropriate to F08 Customer Service, Experience & Success.",EQUIVALENCE_CLASSIFIED__ARCHITECTURE_PATTERN_COVERED,https://www.zendesk.com/,2026-09-21
ENT-MTB-0071,MTR-0071,F08,"Customer Service, Experience & Success","Onboarding, enquiries, cases, complaints, support, warranty, success and service levels",Freshworks,Freshworks,PENDING_MODULE_VERIFICATION,PENDING_OPERATION_VERIFICATION,PENDING,PENDING,PENDING,PENDING,PENDING,PENDING,"Provide native governed capability for Onboarding, enquiries, cases, complaints, support, warranty, success and service levels, with structured business objects, lifecycle/status, responsibility/authority, review/approval, audit evidence, reporting and integration semantics appropriate to F08 Customer Service, Experience & Success.",EQUIVALENCE_CLASSIFIED__ARCHITECTURE_PATTERN_COVERED,https://www.freshworks.com/,2026-09-21
ENT-MTB-0072,MTR-0072,F08,"Customer Service, Experience & Success","Onboarding, enquiries, cases, complaints, support, warranty, success and service levels",Intercom,Intercom,PENDING_MODULE_VERIFICATION,PENDING_OPERATION_VERIFICATION,PENDING,PENDING,PENDING,PENDING,PENDING,PENDING,"Provide native governed capability for Onboarding, enquiries, cases, complaints, support, warranty, success and service levels, with structured business objects, lifecycle/status, responsibility/authority, review/approval, audit evidence, reporting and integration semantics appropriate to F08 Customer Service, Experience & Success.",EQUIVALENCE_CLASSIFIED__ARCHITECTURE_PATTERN_COVERED,https://www.intercom.com/,2026-09-21
ENT-MTB-0073,MTR-0073,F08,"Customer Service, Experience & Success","Onboarding, enquiries, cases, complaints, support, warranty, success and service levels",Genesys,Genesys Cloud CX,PENDING_MODULE_VERIFICATION,PENDING_OPERATION_VERIFICATION,PENDING,PENDING,PENDING,PENDING,PENDING,PENDING,"Provide native governed capability for Onboarding, enquiries, cases, complaints, support, warranty, success and service levels, with structured business objects, lifecycle/status, responsibility/authority, review/approval, audit evidence, reporting and integration semantics appropriate to F08 Customer Service, Experience & Success.",PRODUCT_DEEP_BENCHMARK_VERIFIED__FUNCTION_SPECIFIC_MODULE_MAPPING_PENDING,https://www.genesys.com/,2026-09-21
ENT-MTB-0074,MTR-0074,F08,"Customer Service, Experience & Success","Onboarding, enquiries, cases, complaints, support, warranty, success and service levels",NICE,NICE CXone,PENDING_MODULE_VERIFICATION,PENDING_OPERATION_VERIFICATION,PENDING,PENDING,PENDING,PENDING,PENDING,PENDING,"Provide native governed capability for Onboarding, enquiries, cases, complaints, support, warranty, success and service levels, with structured business objects, lifecycle/status, responsibility/authority, review/approval, audit evidence, reporting and integration semantics appropriate to F08 Customer Service, Experience & Success.",EQUIVALENCE_CLASSIFIED__ARCHITECTURE_PATTERN_COVERED,https://www.nice.com/,2026-09-21
ENT-MTB-0075,MTR-0075,F08,"Customer Service, Experience & Success","Onboarding, enquiries, cases, complaints, support, warranty, success and service levels",SAP,SAP Service Cloud,PENDING_MODULE_VERIFICATION,PENDING_OPERATION_VERIFICATION,PENDING,PENDING,PENDING,PENDING,PENDING,PENDING,"Provide native governed capability for Onboarding, enquiries, cases, complaints, support, warranty, success and service levels, with structured business objects, lifecycle/status, responsibility/authority, review/approval, audit evidence, reporting and integration semantics appropriate to F08 Customer Service, Experience & Success.",EQUIVALENCE_CLASSIFIED__ARCHITECTURE_PATTERN_COVERED,https://www.sap.com/products.html,2026-09-21
ENT-MTB-0076,MTR-0076,F08,"Customer Service, Experience & Success","Onboarding, enquiries, cases, complaints, support, warranty, success and service levels",Oracle,Oracle B2B Service,PENDING_MODULE_VERIFICATION,PENDING_OPERATION_VERIFICATION,PENDING,PENDING,PENDING,PENDING,PENDING,PENDING,"Provide native governed capability for Onboarding, enquiries, cases, complaints, support, warranty, success and service levels, with structured business objects, lifecycle/status, responsibility/authority, review/approval, audit evidence, reporting and integration semantics appropriate to F08 Customer Service, Experience & Success.",EQUIVALENCE_CLASSIFIED__ARCHITECTURE_PATTERN_COVERED,https://www.oracle.com/,2026-09-21
ENT-MTB-0077,MTR-0077,F09,Procurement & Supplier Management,"Category management, sourcing, supplier onboarding, RFx, contracting, requisitioning, purchasing and supplier performance",SAP,SAP Ariba,PENDING_MODULE_VERIFICATION,PENDING_OPERATION_VERIFICATION,PENDING,PENDING,PENDING,PENDING,PENDING,PENDING,"Provide native governed capability for Category management, sourcing, supplier onboarding, RFx, contracting, requisitioning, purchasing and supplier performance, with structured business objects, lifecycle/status, responsibility/authority, review/approval, audit evidence, reporting and integration semantics appropriate to F09 Procurement & Supplier Management.",PRODUCT_DEEP_BENCHMARK_VERIFIED__FUNCTION_SPECIFIC_MODULE_MAPPING_PENDING,https://www.sap.com/products.html,2026-09-21
ENT-MTB-0078,MTR-0078,F09,Procurement & Supplier Management,"Category management, sourcing, supplier onboarding, RFx, contracting, requisitioning, purchasing and supplier performance",Coupa,Coupa,PENDING_MODULE_VERIFICATION,PENDING_OPERATION_VERIFICATION,PENDING,PENDING,PENDING,PENDING,PENDING,PENDING,"Provide native governed capability for Category management, sourcing, supplier onboarding, RFx, contracting, requisitioning, purchasing and supplier performance, with structured business objects, lifecycle/status, responsibility/authority, review/approval, audit evidence, reporting and integration semantics appropriate to F09 Procurement & Supplier Management.",PRODUCT_DEEP_BENCHMARK_VERIFIED__FUNCTION_SPECIFIC_MODULE_MAPPING_PENDING,https://www.coupa.com/,2026-09-21
ENT-MTB-0079,MTR-0079,F09,Procurement & Supplier Management,"Category management, sourcing, supplier onboarding, RFx, contracting, requisitioning, purchasing and supplier performance",Oracle,Oracle Procurement,PENDING_MODULE_VERIFICATION,PENDING_OPERATION_VERIFICATION,PENDING,PENDING,PENDING,PENDING,PENDING,PENDING,"Provide native governed capability for Category management, sourcing, supplier onboarding, RFx, contracting, requisitioning, purchasing and supplier performance, with structured business objects, lifecycle/status, responsibility/authority, review/approval, audit evidence, reporting and integration semantics appropriate to F09 Procurement & Supplier Management.",EQUIVALENCE_CLASSIFIED__ARCHITECTURE_PATTERN_COVERED,https://www.oracle.com/,2026-09-21
ENT-MTB-0080,MTR-0080,F09,Procurement & Supplier Management,"Category management, sourcing, supplier onboarding, RFx, contracting, requisitioning, purchasing and supplier performance",Ivalua,Ivalua,PENDING_MODULE_VERIFICATION,PENDING_OPERATION_VERIFICATION,PENDING,PENDING,PENDING,PENDING,PENDING,PENDING,"Provide native governed capability for Category management, sourcing, supplier onboarding, RFx, contracting, requisitioning, purchasing and supplier performance, with structured business objects, lifecycle/status, responsibility/authority, review/approval, audit evidence, reporting and integration semantics appropriate to F09 Procurement & Supplier Management.",EQUIVALENCE_CLASSIFIED__ARCHITECTURE_PATTERN_COVERED,https://www.ivalua.com/,2026-09-21
ENT-MTB-0081,MTR-0081,F09,Procurement & Supplier Management,"Category management, sourcing, supplier onboarding, RFx, contracting, requisitioning, purchasing and supplier performance",JAGGAER,JAGGAER,PENDING_MODULE_VERIFICATION,PENDING_OPERATION_VERIFICATION,PENDING,PENDING,PENDING,PENDING,PENDING,PENDING,"Provide native governed capability for Category management, sourcing, supplier onboarding, RFx, contracting, requisitioning, purchasing and supplier performance, with structured business objects, lifecycle/status, responsibility/authority, review/approval, audit evidence, reporting and integration semantics appropriate to F09 Procurement & Supplier Management.",EQUIVALENCE_CLASSIFIED__ARCHITECTURE_PATTERN_COVERED,https://www.jaggaer.com/,2026-09-21
ENT-MTB-0082,MTR-0082,F09,Procurement & Supplier Management,"Category management, sourcing, supplier onboarding, RFx, contracting, requisitioning, purchasing and supplier performance",GEP,GEP SMART,PENDING_MODULE_VERIFICATION,PENDING_OPERATION_VERIFICATION,PENDING,PENDING,PENDING,PENDING,PENDING,PENDING,"Provide native governed capability for Category management, sourcing, supplier onboarding, RFx, contracting, requisitioning, purchasing and supplier performance, with structured business objects, lifecycle/status, responsibility/authority, review/approval, audit evidence, reporting and integration semantics appropriate to F09 Procurement & Supplier Management.",EQUIVALENCE_CLASSIFIED__ARCHITECTURE_PATTERN_COVERED,https://www.gep.com/,2026-09-21
ENT-MTB-0083,MTR-0083,F09,Procurement & Supplier Management,"Category management, sourcing, supplier onboarding, RFx, contracting, requisitioning, purchasing and supplier performance",Proactis,Proactis,PENDING_MODULE_VERIFICATION,PENDING_OPERATION_VERIFICATION,PENDING,PENDING,PENDING,PENDING,PENDING,PENDING,"Provide native governed capability for Category management, sourcing, supplier onboarding, RFx, contracting, requisitioning, purchasing and supplier performance, with structured business objects, lifecycle/status, responsibility/authority, review/approval, audit evidence, reporting and integration semantics appropriate to F09 Procurement & Supplier Management.",EQUIVALENCE_CLASSIFIED__ARCHITECTURE_PATTERN_COVERED,https://www.proactis.com/,2026-09-21
ENT-MTB-0084,MTR-0084,F09,Procurement & Supplier Management,"Category management, sourcing, supplier onboarding, RFx, contracting, requisitioning, purchasing and supplier performance",Zycus,Zycus,PENDING_MODULE_VERIFICATION,PENDING_OPERATION_VERIFICATION,PENDING,PENDING,PENDING,PENDING,PENDING,PENDING,"Provide native governed capability for Category management, sourcing, supplier onboarding, RFx, contracting, requisitioning, purchasing and supplier performance, with structured business objects, lifecycle/status, responsibility/authority, review/approval, audit evidence, reporting and integration semantics appropriate to F09 Procurement & Supplier Management.",EQUIVALENCE_CLASSIFIED__ARCHITECTURE_PATTERN_COVERED,https://www.zycus.com/,2026-09-21
ENT-MTB-0085,MTR-0085,F09,Procurement & Supplier Management,"Category management, sourcing, supplier onboarding, RFx, contracting, requisitioning, purchasing and supplier performance",Basware,Basware,PENDING_MODULE_VERIFICATION,PENDING_OPERATION_VERIFICATION,PENDING,PENDING,PENDING,PENDING,PENDING,PENDING,"Provide native governed capability for Category management, sourcing, supplier onboarding, RFx, contracting, requisitioning, purchasing and supplier performance, with structured business objects, lifecycle/status, responsibility/authority, review/approval, audit evidence, reporting and integration semantics appropriate to F09 Procurement & Supplier Management.",EQUIVALENCE_CLASSIFIED__ARCHITECTURE_PATTERN_COVERED,https://www.basware.com/,2026-09-21
ENT-MTB-0086,MTR-0086,F09,Procurement & Supplier Management,"Category management, sourcing, supplier onboarding, RFx, contracting, requisitioning, purchasing and supplier performance",Autodesk,Autodesk BuildingConnected,PENDING_MODULE_VERIFICATION,PENDING_OPERATION_VERIFICATION,PENDING,PENDING,PENDING,PENDING,PENDING,PENDING,"Provide native governed capability for Category management, sourcing, supplier onboarding, RFx, contracting, requisitioning, purchasing and supplier performance, with structured business objects, lifecycle/status, responsibility/authority, review/approval, audit evidence, reporting and integration semantics appropriate to F09 Procurement & Supplier Management.",PRODUCT_DEEP_BENCHMARK_VERIFIED__FUNCTION_SPECIFIC_MODULE_MAPPING_PENDING,https://www.autodesk.com/,2026-09-21
ENT-MTB-0087,MTR-0087,F10,"Demand, Supply Chain & Logistics","Demand and supply planning, inventory, warehouse, transport, distribution and supply-chain risk",SAP,SAP Integrated Business Planning / EWM / TM,PENDING_MODULE_VERIFICATION,PENDING_OPERATION_VERIFICATION,PENDING,PENDING,PENDING,PENDING,PENDING,PENDING,"Provide native governed capability for Demand and supply planning, inventory, warehouse, transport, distribution and supply-chain risk, with structured business objects, lifecycle/status, responsibility/authority, review/approval, audit evidence, reporting and integration semantics appropriate to F10 Demand, Supply Chain & Logistics.",PRODUCT_DEEP_BENCHMARK_VERIFIED__FUNCTION_SPECIFIC_MODULE_MAPPING_PENDING,https://www.sap.com/products.html,2026-09-21
ENT-MTB-0088,MTR-0088,F10,"Demand, Supply Chain & Logistics","Demand and supply planning, inventory, warehouse, transport, distribution and supply-chain risk",Oracle,Oracle SCM,PENDING_MODULE_VERIFICATION,PENDING_OPERATION_VERIFICATION,PENDING,PENDING,PENDING,PENDING,PENDING,PENDING,"Provide native governed capability for Demand and supply planning, inventory, warehouse, transport, distribution and supply-chain risk, with structured business objects, lifecycle/status, responsibility/authority, review/approval, audit evidence, reporting and integration semantics appropriate to F10 Demand, Supply Chain & Logistics.",EQUIVALENCE_CLASSIFIED__ARCHITECTURE_PATTERN_COVERED,https://www.oracle.com/,2026-09-21
ENT-MTB-0089,MTR-0089,F10,"Demand, Supply Chain & Logistics","Demand and supply planning, inventory, warehouse, transport, distribution and supply-chain risk",Microsoft,Microsoft Dynamics 365 Supply Chain Management,PENDING_MODULE_VERIFICATION,PENDING_OPERATION_VERIFICATION,PENDING,PENDING,PENDING,PENDING,PENDING,PENDING,"Provide native governed capability for Demand and supply planning, inventory, warehouse, transport, distribution and supply-chain risk, with structured business objects, lifecycle/status, responsibility/authority, review/approval, audit evidence, reporting and integration semantics appropriate to F10 Demand, Supply Chain & Logistics.",EQUIVALENCE_CLASSIFIED__ARCHITECTURE_PATTERN_COVERED,https://www.microsoft.com/en-us/dynamics-365,2026-09-21
ENT-MTB-0090,MTR-0090,F10,"Demand, Supply Chain & Logistics","Demand and supply planning, inventory, warehouse, transport, distribution and supply-chain risk",Blue Yonder,Blue Yonder,PENDING_MODULE_VERIFICATION,PENDING_OPERATION_VERIFICATION,PENDING,PENDING,PENDING,PENDING,PENDING,PENDING,"Provide native governed capability for Demand and supply planning, inventory, warehouse, transport, distribution and supply-chain risk, with structured business objects, lifecycle/status, responsibility/authority, review/approval, audit evidence, reporting and integration semantics appropriate to F10 Demand, Supply Chain & Logistics.",EQUIVALENCE_CLASSIFIED__ARCHITECTURE_PATTERN_COVERED,https://blueyonder.com/,2026-09-21
ENT-MTB-0091,MTR-0091,F10,"Demand, Supply Chain & Logistics","Demand and supply planning, inventory, warehouse, transport, distribution and supply-chain risk",Kinaxis,Kinaxis RapidResponse / Maestro,PENDING_MODULE_VERIFICATION,PENDING_OPERATION_VERIFICATION,PENDING,PENDING,PENDING,PENDING,PENDING,PENDING,"Provide native governed capability for Demand and supply planning, inventory, warehouse, transport, distribution and supply-chain risk, with structured business objects, lifecycle/status, responsibility/authority, review/approval, audit evidence, reporting and integration semantics appropriate to F10 Demand, Supply Chain & Logistics.",PRODUCT_DEEP_BENCHMARK_VERIFIED__FUNCTION_SPECIFIC_MODULE_MAPPING_PENDING,https://www.kinaxis.com/,2026-09-21
ENT-MTB-0092,MTR-0092,F10,"Demand, Supply Chain & Logistics","Demand and supply planning, inventory, warehouse, transport, distribution and supply-chain risk",Manhattan Associates,Manhattan Associates,PENDING_MODULE_VERIFICATION,PENDING_OPERATION_VERIFICATION,PENDING,PENDING,PENDING,PENDING,PENDING,PENDING,"Provide native governed capability for Demand and supply planning, inventory, warehouse, transport, distribution and supply-chain risk, with structured business objects, lifecycle/status, responsibility/authority, review/approval, audit evidence, reporting and integration semantics appropriate to F10 Demand, Supply Chain & Logistics.",EQUIVALENCE_CLASSIFIED__ARCHITECTURE_PATTERN_COVERED,https://www.manh.com/,2026-09-21
ENT-MTB-0093,MTR-0093,F10,"Demand, Supply Chain & Logistics","Demand and supply planning, inventory, warehouse, transport, distribution and supply-chain risk",Infor,Infor Supply Chain,PENDING_MODULE_VERIFICATION,PENDING_OPERATION_VERIFICATION,PENDING,PENDING,PENDING,PENDING,PENDING,PENDING,"Provide native governed capability for Demand and supply planning, inventory, warehouse, transport, distribution and supply-chain risk, with structured business objects, lifecycle/status, responsibility/authority, review/approval, audit evidence, reporting and integration semantics appropriate to F10 Demand, Supply Chain & Logistics.",EQUIVALENCE_CLASSIFIED__ARCHITECTURE_PATTERN_COVERED,https://www.infor.com/,2026-09-21
ENT-MTB-0094,MTR-0094,F10,"Demand, Supply Chain & Logistics","Demand and supply planning, inventory, warehouse, transport, distribution and supply-chain risk",Körber,Körber,PENDING_MODULE_VERIFICATION,PENDING_OPERATION_VERIFICATION,PENDING,PENDING,PENDING,PENDING,PENDING,PENDING,"Provide native governed capability for Demand and supply planning, inventory, warehouse, transport, distribution and supply-chain risk, with structured business objects, lifecycle/status, responsibility/authority, review/approval, audit evidence, reporting and integration semantics appropriate to F10 Demand, Supply Chain & Logistics.",EQUIVALENCE_CLASSIFIED__ARCHITECTURE_PATTERN_COVERED,https://www.koerber-supplychain.com/,2026-09-21
ENT-MTB-0095,MTR-0095,F10,"Demand, Supply Chain & Logistics","Demand and supply planning, inventory, warehouse, transport, distribution and supply-chain risk",Descartes,Descartes,PENDING_MODULE_VERIFICATION,PENDING_OPERATION_VERIFICATION,PENDING,PENDING,PENDING,PENDING,PENDING,PENDING,"Provide native governed capability for Demand and supply planning, inventory, warehouse, transport, distribution and supply-chain risk, with structured business objects, lifecycle/status, responsibility/authority, review/approval, audit evidence, reporting and integration semantics appropriate to F10 Demand, Supply Chain & Logistics.",EQUIVALENCE_CLASSIFIED__ARCHITECTURE_PATTERN_COVERED,https://www.descartes.com/,2026-09-21
ENT-MTB-0096,MTR-0096,F10,"Demand, Supply Chain & Logistics","Demand and supply planning, inventory, warehouse, transport, distribution and supply-chain risk",e2open,e2open,PENDING_MODULE_VERIFICATION,PENDING_OPERATION_VERIFICATION,PENDING,PENDING,PENDING,PENDING,PENDING,PENDING,"Provide native governed capability for Demand and supply planning, inventory, warehouse, transport, distribution and supply-chain risk, with structured business objects, lifecycle/status, responsibility/authority, review/approval, audit evidence, reporting and integration semantics appropriate to F10 Demand, Supply Chain & Logistics.",EQUIVALENCE_CLASSIFIED__ARCHITECTURE_PATTERN_COVERED,https://www.e2open.com/,2026-09-21
ENT-MTB-0097,MTR-0097,F11,Manufacturing / Production Operations,"Production planning, scheduling, MES, execution, WIP, capacity, quality and reporting",SAP,SAP Digital Manufacturing,PENDING_MODULE_VERIFICATION,PENDING_OPERATION_VERIFICATION,PENDING,PENDING,PENDING,PENDING,PENDING,PENDING,"Provide native governed capability for Production planning, scheduling, MES, execution, WIP, capacity, quality and reporting, with structured business objects, lifecycle/status, responsibility/authority, review/approval, audit evidence, reporting and integration semantics appropriate to F11 Manufacturing / Production Operations.",PRODUCT_DEEP_BENCHMARK_VERIFIED__FUNCTION_SPECIFIC_MODULE_MAPPING_PENDING,https://www.sap.com/products.html,2026-09-21
ENT-MTB-0098,MTR-0098,F11,Manufacturing / Production Operations,"Production planning, scheduling, MES, execution, WIP, capacity, quality and reporting",Siemens,Siemens Opcenter,PENDING_MODULE_VERIFICATION,PENDING_OPERATION_VERIFICATION,PENDING,PENDING,PENDING,PENDING,PENDING,PENDING,"Provide native governed capability for Production planning, scheduling, MES, execution, WIP, capacity, quality and reporting, with structured business objects, lifecycle/status, responsibility/authority, review/approval, audit evidence, reporting and integration semantics appropriate to F11 Manufacturing / Production Operations.",PRODUCT_DEEP_BENCHMARK_VERIFIED__FUNCTION_SPECIFIC_MODULE_MAPPING_PENDING,https://www.siemens.com/,2026-09-21
ENT-MTB-0099,MTR-0099,F11,Manufacturing / Production Operations,"Production planning, scheduling, MES, execution, WIP, capacity, quality and reporting",Oracle,Oracle Manufacturing,PENDING_MODULE_VERIFICATION,PENDING_OPERATION_VERIFICATION,PENDING,PENDING,PENDING,PENDING,PENDING,PENDING,"Provide native governed capability for Production planning, scheduling, MES, execution, WIP, capacity, quality and reporting, with structured business objects, lifecycle/status, responsibility/authority, review/approval, audit evidence, reporting and integration semantics appropriate to F11 Manufacturing / Production Operations.",EQUIVALENCE_CLASSIFIED__ARCHITECTURE_PATTERN_COVERED,https://www.oracle.com/,2026-09-21
ENT-MTB-0100,MTR-0100,F11,Manufacturing / Production Operations,"Production planning, scheduling, MES, execution, WIP, capacity, quality and reporting",Microsoft,Microsoft Dynamics 365 Supply Chain Management,PENDING_MODULE_VERIFICATION,PENDING_OPERATION_VERIFICATION,PENDING,PENDING,PENDING,PENDING,PENDING,PENDING,"Provide native governed capability for Production planning, scheduling, MES, execution, WIP, capacity, quality and reporting, with structured business objects, lifecycle/status, responsibility/authority, review/approval, audit evidence, reporting and integration semantics appropriate to F11 Manufacturing / Production Operations.",EQUIVALENCE_CLASSIFIED__ARCHITECTURE_PATTERN_COVERED,https://www.microsoft.com/en-us/dynamics-365,2026-09-21
ENT-MTB-0101,MTR-0101,F11,Manufacturing / Production Operations,"Production planning, scheduling, MES, execution, WIP, capacity, quality and reporting",Dassault Systèmes,Dassault Systèmes DELMIA,PENDING_MODULE_VERIFICATION,PENDING_OPERATION_VERIFICATION,PENDING,PENDING,PENDING,PENDING,PENDING,PENDING,"Provide native governed capability for Production planning, scheduling, MES, execution, WIP, capacity, quality and reporting, with structured business objects, lifecycle/status, responsibility/authority, review/approval, audit evidence, reporting and integration semantics appropriate to F11 Manufacturing / Production Operations.",EQUIVALENCE_CLASSIFIED__ARCHITECTURE_PATTERN_COVERED,https://www.3ds.com/,2026-09-21
ENT-MTB-0102,MTR-0102,F11,Manufacturing / Production Operations,"Production planning, scheduling, MES, execution, WIP, capacity, quality and reporting",Rockwell Automation,Rockwell Automation Plex / FactoryTalk,PENDING_MODULE_VERIFICATION,PENDING_OPERATION_VERIFICATION,PENDING,PENDING,PENDING,PENDING,PENDING,PENDING,"Provide native governed capability for Production planning, scheduling, MES, execution, WIP, capacity, quality and reporting, with structured business objects, lifecycle/status, responsibility/authority, review/approval, audit evidence, reporting and integration semantics appropriate to F11 Manufacturing / Production Operations.",EQUIVALENCE_CLASSIFIED__ARCHITECTURE_PATTERN_COVERED,https://www.rockwellautomation.com/,2026-09-21
ENT-MTB-0103,MTR-0103,F11,Manufacturing / Production Operations,"Production planning, scheduling, MES, execution, WIP, capacity, quality and reporting",Epicor,Epicor,PENDING_MODULE_VERIFICATION,PENDING_OPERATION_VERIFICATION,PENDING,PENDING,PENDING,PENDING,PENDING,PENDING,"Provide native governed capability for Production planning, scheduling, MES, execution, WIP, capacity, quality and reporting, with structured business objects, lifecycle/status, responsibility/authority, review/approval, audit evidence, reporting and integration semantics appropriate to F11 Manufacturing / Production Operations.",EQUIVALENCE_CLASSIFIED__ARCHITECTURE_PATTERN_COVERED,https://www.epicor.com/,2026-09-21
ENT-MTB-0104,MTR-0104,F11,Manufacturing / Production Operations,"Production planning, scheduling, MES, execution, WIP, capacity, quality and reporting",Infor,Infor,PENDING_MODULE_VERIFICATION,PENDING_OPERATION_VERIFICATION,PENDING,PENDING,PENDING,PENDING,PENDING,PENDING,"Provide native governed capability for Production planning, scheduling, MES, execution, WIP, capacity, quality and reporting, with structured business objects, lifecycle/status, responsibility/authority, review/approval, audit evidence, reporting and integration semantics appropriate to F11 Manufacturing / Production Operations.",EQUIVALENCE_CLASSIFIED__ARCHITECTURE_PATTERN_COVERED,https://www.infor.com/,2026-09-21
ENT-MTB-0105,MTR-0105,F11,Manufacturing / Production Operations,"Production planning, scheduling, MES, execution, WIP, capacity, quality and reporting",Tulip,Tulip,PENDING_MODULE_VERIFICATION,PENDING_OPERATION_VERIFICATION,PENDING,PENDING,PENDING,PENDING,PENDING,PENDING,"Provide native governed capability for Production planning, scheduling, MES, execution, WIP, capacity, quality and reporting, with structured business objects, lifecycle/status, responsibility/authority, review/approval, audit evidence, reporting and integration semantics appropriate to F11 Manufacturing / Production Operations.",PRODUCT_DEEP_BENCHMARK_VERIFIED__FUNCTION_SPECIFIC_MODULE_MAPPING_PENDING,https://tulip.co/,2026-09-21
ENT-MTB-0106,MTR-0106,F11,Manufacturing / Production Operations,"Production planning, scheduling, MES, execution, WIP, capacity, quality and reporting",Trimble,Tekla PowerFab,PENDING_MODULE_VERIFICATION,PENDING_OPERATION_VERIFICATION,PENDING,PENDING,PENDING,PENDING,PENDING,PENDING,"Provide native governed capability for Production planning, scheduling, MES, execution, WIP, capacity, quality and reporting, with structured business objects, lifecycle/status, responsibility/authority, review/approval, audit evidence, reporting and integration semantics appropriate to F11 Manufacturing / Production Operations.",EQUIVALENCE_CLASSIFIED__ARCHITECTURE_PATTERN_COVERED,https://www.trimble.com/,2026-09-21
ENT-MTB-0107,MTR-0107,F12,Service Delivery & Field Operations,"Service planning, scheduling, dispatch, work orders, mobile field execution, acceptance and service performance",IFS,IFS Cloud,PENDING_MODULE_VERIFICATION,PENDING_OPERATION_VERIFICATION,PENDING,PENDING,PENDING,PENDING,PENDING,PENDING,"Provide native governed capability for Service planning, scheduling, dispatch, work orders, mobile field execution, acceptance and service performance, with structured business objects, lifecycle/status, responsibility/authority, review/approval, audit evidence, reporting and integration semantics appropriate to F12 Service Delivery & Field Operations.",EQUIVALENCE_CLASSIFIED__ARCHITECTURE_PATTERN_COVERED,https://www.ifs.com/,2026-09-21
ENT-MTB-0108,MTR-0108,F12,Service Delivery & Field Operations,"Service planning, scheduling, dispatch, work orders, mobile field execution, acceptance and service performance",Salesforce,Salesforce Field Service,PENDING_MODULE_VERIFICATION,PENDING_OPERATION_VERIFICATION,PENDING,PENDING,PENDING,PENDING,PENDING,PENDING,"Provide native governed capability for Service planning, scheduling, dispatch, work orders, mobile field execution, acceptance and service performance, with structured business objects, lifecycle/status, responsibility/authority, review/approval, audit evidence, reporting and integration semantics appropriate to F12 Service Delivery & Field Operations.",PRODUCT_DEEP_BENCHMARK_VERIFIED__FUNCTION_SPECIFIC_MODULE_MAPPING_PENDING,https://www.salesforce.com/,2026-09-21
ENT-MTB-0109,MTR-0109,F12,Service Delivery & Field Operations,"Service planning, scheduling, dispatch, work orders, mobile field execution, acceptance and service performance",Microsoft,Microsoft Dynamics 365 Field Service,PENDING_MODULE_VERIFICATION,PENDING_OPERATION_VERIFICATION,PENDING,PENDING,PENDING,PENDING,PENDING,PENDING,"Provide native governed capability for Service planning, scheduling, dispatch, work orders, mobile field execution, acceptance and service performance, with structured business objects, lifecycle/status, responsibility/authority, review/approval, audit evidence, reporting and integration semantics appropriate to F12 Service Delivery & Field Operations.",EQUIVALENCE_CLASSIFIED__ARCHITECTURE_PATTERN_COVERED,https://www.microsoft.com/en-us/dynamics-365,2026-09-21
ENT-MTB-0110,MTR-0110,F12,Service Delivery & Field Operations,"Service planning, scheduling, dispatch, work orders, mobile field execution, acceptance and service performance",ServiceNow,ServiceNow Field Service Management,PENDING_MODULE_VERIFICATION,PENDING_OPERATION_VERIFICATION,PENDING,PENDING,PENDING,PENDING,PENDING,PENDING,"Provide native governed capability for Service planning, scheduling, dispatch, work orders, mobile field execution, acceptance and service performance, with structured business objects, lifecycle/status, responsibility/authority, review/approval, audit evidence, reporting and integration semantics appropriate to F12 Service Delivery & Field Operations.",PRODUCT_DEEP_BENCHMARK_VERIFIED__FUNCTION_SPECIFIC_MODULE_MAPPING_PENDING,https://www.servicenow.com/,2026-09-21
ENT-MTB-0111,MTR-0111,F12,Service Delivery & Field Operations,"Service planning, scheduling, dispatch, work orders, mobile field execution, acceptance and service performance",Oracle,Oracle Field Service,PENDING_MODULE_VERIFICATION,PENDING_OPERATION_VERIFICATION,PENDING,PENDING,PENDING,PENDING,PENDING,PENDING,"Provide native governed capability for Service planning, scheduling, dispatch, work orders, mobile field execution, acceptance and service performance, with structured business objects, lifecycle/status, responsibility/authority, review/approval, audit evidence, reporting and integration semantics appropriate to F12 Service Delivery & Field Operations.",EQUIVALENCE_CLASSIFIED__ARCHITECTURE_PATTERN_COVERED,https://www.oracle.com/,2026-09-21
ENT-MTB-0112,MTR-0112,F12,Service Delivery & Field Operations,"Service planning, scheduling, dispatch, work orders, mobile field execution, acceptance and service performance",PTC,PTC ServiceMax,PENDING_MODULE_VERIFICATION,PENDING_OPERATION_VERIFICATION,PENDING,PENDING,PENDING,PENDING,PENDING,PENDING,"Provide native governed capability for Service planning, scheduling, dispatch, work orders, mobile field execution, acceptance and service performance, with structured business objects, lifecycle/status, responsibility/authority, review/approval, audit evidence, reporting and integration semantics appropriate to F12 Service Delivery & Field Operations.",EQUIVALENCE_CLASSIFIED__ARCHITECTURE_PATTERN_COVERED,https://www.ptc.com/en/products/windchill,2026-09-21
ENT-MTB-0113,MTR-0113,F12,Service Delivery & Field Operations,"Service planning, scheduling, dispatch, work orders, mobile field execution, acceptance and service performance",IBM,IBM Maximo,PENDING_MODULE_VERIFICATION,PENDING_OPERATION_VERIFICATION,PENDING,PENDING,PENDING,PENDING,PENDING,PENDING,"Provide native governed capability for Service planning, scheduling, dispatch, work orders, mobile field execution, acceptance and service performance, with structured business objects, lifecycle/status, responsibility/authority, review/approval, audit evidence, reporting and integration semantics appropriate to F12 Service Delivery & Field Operations.",EQUIVALENCE_CLASSIFIED__ARCHITECTURE_PATTERN_COVERED,https://www.ibm.com/,2026-09-21
ENT-MTB-0114,MTR-0114,F12,Service Delivery & Field Operations,"Service planning, scheduling, dispatch, work orders, mobile field execution, acceptance and service performance",SAP,SAP Field Service Management,PENDING_MODULE_VERIFICATION,PENDING_OPERATION_VERIFICATION,PENDING,PENDING,PENDING,PENDING,PENDING,PENDING,"Provide native governed capability for Service planning, scheduling, dispatch, work orders, mobile field execution, acceptance and service performance, with structured business objects, lifecycle/status, responsibility/authority, review/approval, audit evidence, reporting and integration semantics appropriate to F12 Service Delivery & Field Operations.",EQUIVALENCE_CLASSIFIED__ARCHITECTURE_PATTERN_COVERED,https://www.sap.com/products.html,2026-09-21
ENT-MTB-0115,MTR-0115,F12,Service Delivery & Field Operations,"Service planning, scheduling, dispatch, work orders, mobile field execution, acceptance and service performance",Skedulo,Skedulo,PENDING_MODULE_VERIFICATION,PENDING_OPERATION_VERIFICATION,PENDING,PENDING,PENDING,PENDING,PENDING,PENDING,"Provide native governed capability for Service planning, scheduling, dispatch, work orders, mobile field execution, acceptance and service performance, with structured business objects, lifecycle/status, responsibility/authority, review/approval, audit evidence, reporting and integration semantics appropriate to F12 Service Delivery & Field Operations.",EQUIVALENCE_CLASSIFIED__ARCHITECTURE_PATTERN_COVERED,https://www.skedulo.com/,2026-09-21
ENT-MTB-0116,MTR-0116,F12,Service Delivery & Field Operations,"Service planning, scheduling, dispatch, work orders, mobile field execution, acceptance and service performance",Simpro,Simpro,PENDING_MODULE_VERIFICATION,PENDING_OPERATION_VERIFICATION,PENDING,PENDING,PENDING,PENDING,PENDING,PENDING,"Provide native governed capability for Service planning, scheduling, dispatch, work orders, mobile field execution, acceptance and service performance, with structured business objects, lifecycle/status, responsibility/authority, review/approval, audit evidence, reporting and integration semantics appropriate to F12 Service Delivery & Field Operations.",EQUIVALENCE_CLASSIFIED__ARCHITECTURE_PATTERN_COVERED,https://www.simprogroup.com/,2026-09-21
ENT-MTB-0117,MTR-0117,F13,Quality Management,"Quality planning, inspections, assurance, NCR, CAPA, supplier quality, documentation and analytics",ETQ,ETQ Reliance,PENDING_MODULE_VERIFICATION,PENDING_OPERATION_VERIFICATION,PENDING,PENDING,PENDING,PENDING,PENDING,PENDING,"Provide native governed capability for Quality planning, inspections, assurance, NCR, CAPA, supplier quality, documentation and analytics, with structured business objects, lifecycle/status, responsibility/authority, review/approval, audit evidence, reporting and integration semantics appropriate to F13 Quality Management.",PRODUCT_DEEP_BENCHMARK_VERIFIED__FUNCTION_SPECIFIC_MODULE_MAPPING_PENDING,https://www.etq.com/,2026-09-21
ENT-MTB-0118,MTR-0118,F13,Quality Management,"Quality planning, inspections, assurance, NCR, CAPA, supplier quality, documentation and analytics",MasterControl,MasterControl,PENDING_MODULE_VERIFICATION,PENDING_OPERATION_VERIFICATION,PENDING,PENDING,PENDING,PENDING,PENDING,PENDING,"Provide native governed capability for Quality planning, inspections, assurance, NCR, CAPA, supplier quality, documentation and analytics, with structured business objects, lifecycle/status, responsibility/authority, review/approval, audit evidence, reporting and integration semantics appropriate to F13 Quality Management.",PRODUCT_DEEP_BENCHMARK_VERIFIED__FUNCTION_SPECIFIC_MODULE_MAPPING_PENDING,https://www.mastercontrol.com/,2026-09-21
ENT-MTB-0119,MTR-0119,F13,Quality Management,"Quality planning, inspections, assurance, NCR, CAPA, supplier quality, documentation and analytics",Ideagen,Ideagen Quality Management,PENDING_MODULE_VERIFICATION,PENDING_OPERATION_VERIFICATION,PENDING,PENDING,PENDING,PENDING,PENDING,PENDING,"Provide native governed capability for Quality planning, inspections, assurance, NCR, CAPA, supplier quality, documentation and analytics, with structured business objects, lifecycle/status, responsibility/authority, review/approval, audit evidence, reporting and integration semantics appropriate to F13 Quality Management.",EQUIVALENCE_CLASSIFIED__ARCHITECTURE_PATTERN_COVERED,https://www.ideagen.com/,2026-09-21
ENT-MTB-0120,MTR-0120,F13,Quality Management,"Quality planning, inspections, assurance, NCR, CAPA, supplier quality, documentation and analytics",Intelex,Intelex Quality Management,PENDING_MODULE_VERIFICATION,PENDING_OPERATION_VERIFICATION,PENDING,PENDING,PENDING,PENDING,PENDING,PENDING,"Provide native governed capability for Quality planning, inspections, assurance, NCR, CAPA, supplier quality, documentation and analytics, with structured business objects, lifecycle/status, responsibility/authority, review/approval, audit evidence, reporting and integration semantics appropriate to F13 Quality Management.",EQUIVALENCE_CLASSIFIED__ARCHITECTURE_PATTERN_COVERED,https://www.intelex.com/,2026-09-21
ENT-MTB-0121,MTR-0121,F13,Quality Management,"Quality planning, inspections, assurance, NCR, CAPA, supplier quality, documentation and analytics",Honeywell,TrackWise Digital,PENDING_MODULE_VERIFICATION,PENDING_OPERATION_VERIFICATION,PENDING,PENDING,PENDING,PENDING,PENDING,PENDING,"Provide native governed capability for Quality planning, inspections, assurance, NCR, CAPA, supplier quality, documentation and analytics, with structured business objects, lifecycle/status, responsibility/authority, review/approval, audit evidence, reporting and integration semantics appropriate to F13 Quality Management.",EQUIVALENCE_CLASSIFIED__ARCHITECTURE_PATTERN_COVERED,https://www.spartasystems.com/,2026-09-21
ENT-MTB-0122,MTR-0122,F13,Quality Management,"Quality planning, inspections, assurance, NCR, CAPA, supplier quality, documentation and analytics",SAP,SAP Quality Management,PENDING_MODULE_VERIFICATION,PENDING_OPERATION_VERIFICATION,PENDING,PENDING,PENDING,PENDING,PENDING,PENDING,"Provide native governed capability for Quality planning, inspections, assurance, NCR, CAPA, supplier quality, documentation and analytics, with structured business objects, lifecycle/status, responsibility/authority, review/approval, audit evidence, reporting and integration semantics appropriate to F13 Quality Management.",EQUIVALENCE_CLASSIFIED__ARCHITECTURE_PATTERN_COVERED,https://www.sap.com/products.html,2026-09-21
ENT-MTB-0123,MTR-0123,F13,Quality Management,"Quality planning, inspections, assurance, NCR, CAPA, supplier quality, documentation and analytics",Oracle,Oracle Quality Management,PENDING_MODULE_VERIFICATION,PENDING_OPERATION_VERIFICATION,PENDING,PENDING,PENDING,PENDING,PENDING,PENDING,"Provide native governed capability for Quality planning, inspections, assurance, NCR, CAPA, supplier quality, documentation and analytics, with structured business objects, lifecycle/status, responsibility/authority, review/approval, audit evidence, reporting and integration semantics appropriate to F13 Quality Management.",EQUIVALENCE_CLASSIFIED__ARCHITECTURE_PATTERN_COVERED,https://www.oracle.com/,2026-09-21
ENT-MTB-0124,MTR-0124,F13,Quality Management,"Quality planning, inspections, assurance, NCR, CAPA, supplier quality, documentation and analytics",Siemens,Siemens Teamcenter Quality,PENDING_MODULE_VERIFICATION,PENDING_OPERATION_VERIFICATION,PENDING,PENDING,PENDING,PENDING,PENDING,PENDING,"Provide native governed capability for Quality planning, inspections, assurance, NCR, CAPA, supplier quality, documentation and analytics, with structured business objects, lifecycle/status, responsibility/authority, review/approval, audit evidence, reporting and integration semantics appropriate to F13 Quality Management.",EQUIVALENCE_CLASSIFIED__ARCHITECTURE_PATTERN_COVERED,https://www.siemens.com/,2026-09-21
ENT-MTB-0125,MTR-0125,F13,Quality Management,"Quality planning, inspections, assurance, NCR, CAPA, supplier quality, documentation and analytics",Procore,Procore Quality & Safety,PENDING_MODULE_VERIFICATION,PENDING_OPERATION_VERIFICATION,PENDING,PENDING,PENDING,PENDING,PENDING,PENDING,"Provide native governed capability for Quality planning, inspections, assurance, NCR, CAPA, supplier quality, documentation and analytics, with structured business objects, lifecycle/status, responsibility/authority, review/approval, audit evidence, reporting and integration semantics appropriate to F13 Quality Management.",EQUIVALENCE_CLASSIFIED__ARCHITECTURE_PATTERN_COVERED,https://www.procore.com/,2026-09-21
ENT-MTB-0126,MTR-0126,F13,Quality Management,"Quality planning, inspections, assurance, NCR, CAPA, supplier quality, documentation and analytics",Autodesk,Autodesk Build,PENDING_MODULE_VERIFICATION,PENDING_OPERATION_VERIFICATION,PENDING,PENDING,PENDING,PENDING,PENDING,PENDING,"Provide native governed capability for Quality planning, inspections, assurance, NCR, CAPA, supplier quality, documentation and analytics, with structured business objects, lifecycle/status, responsibility/authority, review/approval, audit evidence, reporting and integration semantics appropriate to F13 Quality Management.",EQUIVALENCE_CLASSIFIED__ARCHITECTURE_PATTERN_COVERED,https://www.autodesk.com/,2026-09-21
ENT-MTB-0127,MTR-0127,F13,Quality Management,"Quality planning, inspections, assurance, NCR, CAPA, supplier quality, documentation and analytics",Trimble,Trimble Field View,PENDING_MODULE_VERIFICATION,PENDING_OPERATION_VERIFICATION,PENDING,PENDING,PENDING,PENDING,PENDING,PENDING,"Provide native governed capability for Quality planning, inspections, assurance, NCR, CAPA, supplier quality, documentation and analytics, with structured business objects, lifecycle/status, responsibility/authority, review/approval, audit evidence, reporting and integration semantics appropriate to F13 Quality Management.",EQUIVALENCE_CLASSIFIED__ARCHITECTURE_PATTERN_COVERED,https://www.trimble.com/,2026-09-21
ENT-MTB-0128,MTR-0128,F13,Quality Management,"Quality planning, inspections, assurance, NCR, CAPA, supplier quality, documentation and analytics",Dalux,Dalux Field,PENDING_MODULE_VERIFICATION,PENDING_OPERATION_VERIFICATION,PENDING,PENDING,PENDING,PENDING,PENDING,PENDING,"Provide native governed capability for Quality planning, inspections, assurance, NCR, CAPA, supplier quality, documentation and analytics, with structured business objects, lifecycle/status, responsibility/authority, review/approval, audit evidence, reporting and integration semantics appropriate to F13 Quality Management.",EQUIVALENCE_CLASSIFIED__ARCHITECTURE_PATTERN_COVERED,https://www.dalux.com/,2026-09-21
ENT-MTB-0129,MTR-0129,F14,"Finance, Accounting, Treasury & Tax","GL, AP, AR, expenses, assets, cost accounting, close, consolidation, treasury, tax and project finance",SAP,SAP Cloud ERP,PENDING_MODULE_VERIFICATION,PENDING_OPERATION_VERIFICATION,PENDING,PENDING,PENDING,PENDING,PENDING,PENDING,"Provide native governed capability for GL, AP, AR, expenses, assets, cost accounting, close, consolidation, treasury, tax and project finance, with structured business objects, lifecycle/status, responsibility/authority, review/approval, audit evidence, reporting and integration semantics appropriate to F14 Finance, Accounting, Treasury & Tax.",EQUIVALENCE_CLASSIFIED__ARCHITECTURE_PATTERN_COVERED,https://www.sap.com/products.html,2026-09-21
ENT-MTB-0130,MTR-0130,F14,"Finance, Accounting, Treasury & Tax","GL, AP, AR, expenses, assets, cost accounting, close, consolidation, treasury, tax and project finance",Oracle,Oracle Fusion Cloud Financials,PENDING_MODULE_VERIFICATION,PENDING_OPERATION_VERIFICATION,PENDING,PENDING,PENDING,PENDING,PENDING,PENDING,"Provide native governed capability for GL, AP, AR, expenses, assets, cost accounting, close, consolidation, treasury, tax and project finance, with structured business objects, lifecycle/status, responsibility/authority, review/approval, audit evidence, reporting and integration semantics appropriate to F14 Finance, Accounting, Treasury & Tax.",PRODUCT_DEEP_BENCHMARK_VERIFIED__FUNCTION_SPECIFIC_MODULE_MAPPING_PENDING,https://www.oracle.com/,2026-09-21
ENT-MTB-0131,MTR-0131,F14,"Finance, Accounting, Treasury & Tax","GL, AP, AR, expenses, assets, cost accounting, close, consolidation, treasury, tax and project finance",Microsoft,Microsoft Dynamics 365 Finance,PENDING_MODULE_VERIFICATION,PENDING_OPERATION_VERIFICATION,PENDING,PENDING,PENDING,PENDING,PENDING,PENDING,"Provide native governed capability for GL, AP, AR, expenses, assets, cost accounting, close, consolidation, treasury, tax and project finance, with structured business objects, lifecycle/status, responsibility/authority, review/approval, audit evidence, reporting and integration semantics appropriate to F14 Finance, Accounting, Treasury & Tax.",EQUIVALENCE_CLASSIFIED__ARCHITECTURE_PATTERN_COVERED,https://www.microsoft.com/en-us/dynamics-365,2026-09-21
ENT-MTB-0132,MTR-0132,F14,"Finance, Accounting, Treasury & Tax","GL, AP, AR, expenses, assets, cost accounting, close, consolidation, treasury, tax and project finance",Workday,Workday Financial Management,PENDING_MODULE_VERIFICATION,PENDING_OPERATION_VERIFICATION,PENDING,PENDING,PENDING,PENDING,PENDING,PENDING,"Provide native governed capability for GL, AP, AR, expenses, assets, cost accounting, close, consolidation, treasury, tax and project finance, with structured business objects, lifecycle/status, responsibility/authority, review/approval, audit evidence, reporting and integration semantics appropriate to F14 Finance, Accounting, Treasury & Tax.",EQUIVALENCE_CLASSIFIED__ARCHITECTURE_PATTERN_COVERED,https://www.workday.com/,2026-09-21
ENT-MTB-0133,MTR-0133,F14,"Finance, Accounting, Treasury & Tax","GL, AP, AR, expenses, assets, cost accounting, close, consolidation, treasury, tax and project finance",Oracle,Oracle NetSuite,PENDING_MODULE_VERIFICATION,PENDING_OPERATION_VERIFICATION,PENDING,PENDING,PENDING,PENDING,PENDING,PENDING,"Provide native governed capability for GL, AP, AR, expenses, assets, cost accounting, close, consolidation, treasury, tax and project finance, with structured business objects, lifecycle/status, responsibility/authority, review/approval, audit evidence, reporting and integration semantics appropriate to F14 Finance, Accounting, Treasury & Tax.",EQUIVALENCE_CLASSIFIED__ARCHITECTURE_PATTERN_COVERED,https://www.oracle.com/,2026-09-21
ENT-MTB-0134,MTR-0134,F14,"Finance, Accounting, Treasury & Tax","GL, AP, AR, expenses, assets, cost accounting, close, consolidation, treasury, tax and project finance",Sage,Sage Intacct,PENDING_MODULE_VERIFICATION,PENDING_OPERATION_VERIFICATION,PENDING,PENDING,PENDING,PENDING,PENDING,PENDING,"Provide native governed capability for GL, AP, AR, expenses, assets, cost accounting, close, consolidation, treasury, tax and project finance, with structured business objects, lifecycle/status, responsibility/authority, review/approval, audit evidence, reporting and integration semantics appropriate to F14 Finance, Accounting, Treasury & Tax.",EQUIVALENCE_CLASSIFIED__ARCHITECTURE_PATTERN_COVERED,https://www.sage.com/,2026-09-21
ENT-MTB-0135,MTR-0135,F14,"Finance, Accounting, Treasury & Tax","GL, AP, AR, expenses, assets, cost accounting, close, consolidation, treasury, tax and project finance",Sage,Sage 200,PENDING_MODULE_VERIFICATION,PENDING_OPERATION_VERIFICATION,PENDING,PENDING,PENDING,PENDING,PENDING,PENDING,"Provide native governed capability for GL, AP, AR, expenses, assets, cost accounting, close, consolidation, treasury, tax and project finance, with structured business objects, lifecycle/status, responsibility/authority, review/approval, audit evidence, reporting and integration semantics appropriate to F14 Finance, Accounting, Treasury & Tax.",EQUIVALENCE_CLASSIFIED__ARCHITECTURE_PATTERN_COVERED,https://www.sage.com/,2026-09-21
ENT-MTB-0136,MTR-0136,F14,"Finance, Accounting, Treasury & Tax","GL, AP, AR, expenses, assets, cost accounting, close, consolidation, treasury, tax and project finance",Xero,Xero,PENDING_MODULE_VERIFICATION,PENDING_OPERATION_VERIFICATION,PENDING,PENDING,PENDING,PENDING,PENDING,PENDING,"Provide native governed capability for GL, AP, AR, expenses, assets, cost accounting, close, consolidation, treasury, tax and project finance, with structured business objects, lifecycle/status, responsibility/authority, review/approval, audit evidence, reporting and integration semantics appropriate to F14 Finance, Accounting, Treasury & Tax.",EQUIVALENCE_CLASSIFIED__ARCHITECTURE_PATTERN_COVERED,https://www.xero.com/,2026-09-21
ENT-MTB-0137,MTR-0137,F14,"Finance, Accounting, Treasury & Tax","GL, AP, AR, expenses, assets, cost accounting, close, consolidation, treasury, tax and project finance",Intuit,QuickBooks Online,PENDING_MODULE_VERIFICATION,PENDING_OPERATION_VERIFICATION,PENDING,PENDING,PENDING,PENDING,PENDING,PENDING,"Provide native governed capability for GL, AP, AR, expenses, assets, cost accounting, close, consolidation, treasury, tax and project finance, with structured business objects, lifecycle/status, responsibility/authority, review/approval, audit evidence, reporting and integration semantics appropriate to F14 Finance, Accounting, Treasury & Tax.",EQUIVALENCE_CLASSIFIED__ARCHITECTURE_PATTERN_COVERED,https://quickbooks.intuit.com/,2026-09-21
ENT-MTB-0138,MTR-0138,F14,"Finance, Accounting, Treasury & Tax","GL, AP, AR, expenses, assets, cost accounting, close, consolidation, treasury, tax and project finance",COINS,COINS,PENDING_MODULE_VERIFICATION,PENDING_OPERATION_VERIFICATION,PENDING,PENDING,PENDING,PENDING,PENDING,PENDING,"Provide native governed capability for GL, AP, AR, expenses, assets, cost accounting, close, consolidation, treasury, tax and project finance, with structured business objects, lifecycle/status, responsibility/authority, review/approval, audit evidence, reporting and integration semantics appropriate to F14 Finance, Accounting, Treasury & Tax.",EQUIVALENCE_CLASSIFIED__ARCHITECTURE_PATTERN_COVERED,https://www.coins-global.com/,2026-09-21
ENT-MTB-0139,MTR-0139,F14,"Finance, Accounting, Treasury & Tax","GL, AP, AR, expenses, assets, cost accounting, close, consolidation, treasury, tax and project finance",Trimble,Trimble Viewpoint Vista,PENDING_MODULE_VERIFICATION,PENDING_OPERATION_VERIFICATION,PENDING,PENDING,PENDING,PENDING,PENDING,PENDING,"Provide native governed capability for GL, AP, AR, expenses, assets, cost accounting, close, consolidation, treasury, tax and project finance, with structured business objects, lifecycle/status, responsibility/authority, review/approval, audit evidence, reporting and integration semantics appropriate to F14 Finance, Accounting, Treasury & Tax.",PRODUCT_DEEP_BENCHMARK_VERIFIED__FUNCTION_SPECIFIC_MODULE_MAPPING_PENDING,https://www.trimble.com/,2026-09-21
ENT-MTB-0140,MTR-0140,F14,"Finance, Accounting, Treasury & Tax","GL, AP, AR, expenses, assets, cost accounting, close, consolidation, treasury, tax and project finance",Trimble,Trimble Spectrum,PENDING_MODULE_VERIFICATION,PENDING_OPERATION_VERIFICATION,PENDING,PENDING,PENDING,PENDING,PENDING,PENDING,"Provide native governed capability for GL, AP, AR, expenses, assets, cost accounting, close, consolidation, treasury, tax and project finance, with structured business objects, lifecycle/status, responsibility/authority, review/approval, audit evidence, reporting and integration semantics appropriate to F14 Finance, Accounting, Treasury & Tax.",EQUIVALENCE_CLASSIFIED__ARCHITECTURE_PATTERN_COVERED,https://www.trimble.com/,2026-09-21
ENT-MTB-0141,MTR-0141,F14,"Finance, Accounting, Treasury & Tax","GL, AP, AR, expenses, assets, cost accounting, close, consolidation, treasury, tax and project finance",CMiC,CMiC,PENDING_MODULE_VERIFICATION,PENDING_OPERATION_VERIFICATION,PENDING,PENDING,PENDING,PENDING,PENDING,PENDING,"Provide native governed capability for GL, AP, AR, expenses, assets, cost accounting, close, consolidation, treasury, tax and project finance, with structured business objects, lifecycle/status, responsibility/authority, review/approval, audit evidence, reporting and integration semantics appropriate to F14 Finance, Accounting, Treasury & Tax.",EQUIVALENCE_CLASSIFIED__ARCHITECTURE_PATTERN_COVERED,https://cmicglobal.com/,2026-09-21
ENT-MTB-0142,MTR-0142,F14,"Finance, Accounting, Treasury & Tax","GL, AP, AR, expenses, assets, cost accounting, close, consolidation, treasury, tax and project finance",Kyriba,Kyriba,PENDING_MODULE_VERIFICATION,PENDING_OPERATION_VERIFICATION,PENDING,PENDING,PENDING,PENDING,PENDING,PENDING,"Provide native governed capability for GL, AP, AR, expenses, assets, cost accounting, close, consolidation, treasury, tax and project finance, with structured business objects, lifecycle/status, responsibility/authority, review/approval, audit evidence, reporting and integration semantics appropriate to F14 Finance, Accounting, Treasury & Tax.",PRODUCT_DEEP_BENCHMARK_VERIFIED__FUNCTION_SPECIFIC_MODULE_MAPPING_PENDING,https://www.kyriba.com/,2026-09-21
ENT-MTB-0143,MTR-0143,F14,"Finance, Accounting, Treasury & Tax","GL, AP, AR, expenses, assets, cost accounting, close, consolidation, treasury, tax and project finance",Avalara,Avalara,PENDING_MODULE_VERIFICATION,PENDING_OPERATION_VERIFICATION,PENDING,PENDING,PENDING,PENDING,PENDING,PENDING,"Provide native governed capability for GL, AP, AR, expenses, assets, cost accounting, close, consolidation, treasury, tax and project finance, with structured business objects, lifecycle/status, responsibility/authority, review/approval, audit evidence, reporting and integration semantics appropriate to F14 Finance, Accounting, Treasury & Tax.",PRODUCT_DEEP_BENCHMARK_VERIFIED__FUNCTION_SPECIFIC_MODULE_MAPPING_PENDING,https://www.avalara.com/,2026-09-21
ENT-MTB-0144,MTR-0144,F15,Human Resources / Human Capital,"Organisation, job architecture, recruitment, onboarding, time, payroll, compensation, performance, learning and talent",Workday,Workday HCM,PENDING_MODULE_VERIFICATION,PENDING_OPERATION_VERIFICATION,PENDING,PENDING,PENDING,PENDING,PENDING,PENDING,"Provide native governed capability for Organisation, job architecture, recruitment, onboarding, time, payroll, compensation, performance, learning and talent, with structured business objects, lifecycle/status, responsibility/authority, review/approval, audit evidence, reporting and integration semantics appropriate to F15 Human Resources / Human Capital.",PRODUCT_DEEP_BENCHMARK_VERIFIED__FUNCTION_SPECIFIC_MODULE_MAPPING_PENDING,https://www.workday.com/,2026-09-21
ENT-MTB-0145,MTR-0145,F15,Human Resources / Human Capital,"Organisation, job architecture, recruitment, onboarding, time, payroll, compensation, performance, learning and talent",SAP,SAP SuccessFactors,PENDING_MODULE_VERIFICATION,PENDING_OPERATION_VERIFICATION,PENDING,PENDING,PENDING,PENDING,PENDING,PENDING,"Provide native governed capability for Organisation, job architecture, recruitment, onboarding, time, payroll, compensation, performance, learning and talent, with structured business objects, lifecycle/status, responsibility/authority, review/approval, audit evidence, reporting and integration semantics appropriate to F15 Human Resources / Human Capital.",EQUIVALENCE_CLASSIFIED__ARCHITECTURE_PATTERN_COVERED,https://www.sap.com/products.html,2026-09-21
ENT-MTB-0146,MTR-0146,F15,Human Resources / Human Capital,"Organisation, job architecture, recruitment, onboarding, time, payroll, compensation, performance, learning and talent",Oracle,Oracle HCM Cloud,PENDING_MODULE_VERIFICATION,PENDING_OPERATION_VERIFICATION,PENDING,PENDING,PENDING,PENDING,PENDING,PENDING,"Provide native governed capability for Organisation, job architecture, recruitment, onboarding, time, payroll, compensation, performance, learning and talent, with structured business objects, lifecycle/status, responsibility/authority, review/approval, audit evidence, reporting and integration semantics appropriate to F15 Human Resources / Human Capital.",EQUIVALENCE_CLASSIFIED__ARCHITECTURE_PATTERN_COVERED,https://www.oracle.com/,2026-09-21
ENT-MTB-0147,MTR-0147,F15,Human Resources / Human Capital,"Organisation, job architecture, recruitment, onboarding, time, payroll, compensation, performance, learning and talent",UKG,UKG Pro,PENDING_MODULE_VERIFICATION,PENDING_OPERATION_VERIFICATION,PENDING,PENDING,PENDING,PENDING,PENDING,PENDING,"Provide native governed capability for Organisation, job architecture, recruitment, onboarding, time, payroll, compensation, performance, learning and talent, with structured business objects, lifecycle/status, responsibility/authority, review/approval, audit evidence, reporting and integration semantics appropriate to F15 Human Resources / Human Capital.",PRODUCT_DEEP_BENCHMARK_VERIFIED__FUNCTION_SPECIFIC_MODULE_MAPPING_PENDING,https://www.ukg.com/,2026-09-21
ENT-MTB-0148,MTR-0148,F15,Human Resources / Human Capital,"Organisation, job architecture, recruitment, onboarding, time, payroll, compensation, performance, learning and talent",Dayforce,Dayforce,PENDING_MODULE_VERIFICATION,PENDING_OPERATION_VERIFICATION,PENDING,PENDING,PENDING,PENDING,PENDING,PENDING,"Provide native governed capability for Organisation, job architecture, recruitment, onboarding, time, payroll, compensation, performance, learning and talent, with structured business objects, lifecycle/status, responsibility/authority, review/approval, audit evidence, reporting and integration semantics appropriate to F15 Human Resources / Human Capital.",EQUIVALENCE_CLASSIFIED__ARCHITECTURE_PATTERN_COVERED,https://www.dayforce.com/,2026-09-21
ENT-MTB-0149,MTR-0149,F15,Human Resources / Human Capital,"Organisation, job architecture, recruitment, onboarding, time, payroll, compensation, performance, learning and talent",Rippling,Rippling,PENDING_MODULE_VERIFICATION,PENDING_OPERATION_VERIFICATION,PENDING,PENDING,PENDING,PENDING,PENDING,PENDING,"Provide native governed capability for Organisation, job architecture, recruitment, onboarding, time, payroll, compensation, performance, learning and talent, with structured business objects, lifecycle/status, responsibility/authority, review/approval, audit evidence, reporting and integration semantics appropriate to F15 Human Resources / Human Capital.",EQUIVALENCE_CLASSIFIED__ARCHITECTURE_PATTERN_COVERED,https://www.rippling.com/,2026-09-21
ENT-MTB-0150,MTR-0150,F15,Human Resources / Human Capital,"Organisation, job architecture, recruitment, onboarding, time, payroll, compensation, performance, learning and talent",HiBob,HiBob,PENDING_MODULE_VERIFICATION,PENDING_OPERATION_VERIFICATION,PENDING,PENDING,PENDING,PENDING,PENDING,PENDING,"Provide native governed capability for Organisation, job architecture, recruitment, onboarding, time, payroll, compensation, performance, learning and talent, with structured business objects, lifecycle/status, responsibility/authority, review/approval, audit evidence, reporting and integration semantics appropriate to F15 Human Resources / Human Capital.",EQUIVALENCE_CLASSIFIED__ARCHITECTURE_PATTERN_COVERED,https://www.hibob.com/,2026-09-21
ENT-MTB-0151,MTR-0151,F15,Human Resources / Human Capital,"Organisation, job architecture, recruitment, onboarding, time, payroll, compensation, performance, learning and talent",BambooHR,BambooHR,PENDING_MODULE_VERIFICATION,PENDING_OPERATION_VERIFICATION,PENDING,PENDING,PENDING,PENDING,PENDING,PENDING,"Provide native governed capability for Organisation, job architecture, recruitment, onboarding, time, payroll, compensation, performance, learning and talent, with structured business objects, lifecycle/status, responsibility/authority, review/approval, audit evidence, reporting and integration semantics appropriate to F15 Human Resources / Human Capital.",EQUIVALENCE_CLASSIFIED__ARCHITECTURE_PATTERN_COVERED,https://www.bamboohr.com/,2026-09-21
ENT-MTB-0152,MTR-0152,F15,Human Resources / Human Capital,"Organisation, job architecture, recruitment, onboarding, time, payroll, compensation, performance, learning and talent",Deel,Deel,PENDING_MODULE_VERIFICATION,PENDING_OPERATION_VERIFICATION,PENDING,PENDING,PENDING,PENDING,PENDING,PENDING,"Provide native governed capability for Organisation, job architecture, recruitment, onboarding, time, payroll, compensation, performance, learning and talent, with structured business objects, lifecycle/status, responsibility/authority, review/approval, audit evidence, reporting and integration semantics appropriate to F15 Human Resources / Human Capital.",PRODUCT_DEEP_BENCHMARK_VERIFIED__FUNCTION_SPECIFIC_MODULE_MAPPING_PENDING,https://www.deel.com/,2026-09-21
ENT-MTB-0153,MTR-0153,F15,Human Resources / Human Capital,"Organisation, job architecture, recruitment, onboarding, time, payroll, compensation, performance, learning and talent",Personio,Personio,PENDING_MODULE_VERIFICATION,PENDING_OPERATION_VERIFICATION,PENDING,PENDING,PENDING,PENDING,PENDING,PENDING,"Provide native governed capability for Organisation, job architecture, recruitment, onboarding, time, payroll, compensation, performance, learning and talent, with structured business objects, lifecycle/status, responsibility/authority, review/approval, audit evidence, reporting and integration semantics appropriate to F15 Human Resources / Human Capital.",EQUIVALENCE_CLASSIFIED__ARCHITECTURE_PATTERN_COVERED,https://www.personio.com/,2026-09-21
ENT-MTB-0154,MTR-0154,F15,Human Resources / Human Capital,"Organisation, job architecture, recruitment, onboarding, time, payroll, compensation, performance, learning and talent",Sage,Sage HR / Payroll,PENDING_MODULE_VERIFICATION,PENDING_OPERATION_VERIFICATION,PENDING,PENDING,PENDING,PENDING,PENDING,PENDING,"Provide native governed capability for Organisation, job architecture, recruitment, onboarding, time, payroll, compensation, performance, learning and talent, with structured business objects, lifecycle/status, responsibility/authority, review/approval, audit evidence, reporting and integration semantics appropriate to F15 Human Resources / Human Capital.",EQUIVALENCE_CLASSIFIED__ARCHITECTURE_PATTERN_COVERED,https://www.sage.com/,2026-09-21
ENT-MTB-0155,MTR-0155,F15,Human Resources / Human Capital,"Organisation, job architecture, recruitment, onboarding, time, payroll, compensation, performance, learning and talent",BrightPay,BrightPay,PENDING_MODULE_VERIFICATION,PENDING_OPERATION_VERIFICATION,PENDING,PENDING,PENDING,PENDING,PENDING,PENDING,"Provide native governed capability for Organisation, job architecture, recruitment, onboarding, time, payroll, compensation, performance, learning and talent, with structured business objects, lifecycle/status, responsibility/authority, review/approval, audit evidence, reporting and integration semantics appropriate to F15 Human Resources / Human Capital.",EQUIVALENCE_CLASSIFIED__ARCHITECTURE_PATTERN_COVERED,https://www.brightpay.co.uk/,2026-09-21
ENT-MTB-0156,MTR-0156,F16,Information Technology,"IT strategy, architecture, development, DevOps, infrastructure, cloud, service desk, incidents, changes, CMDB and IT assets",ServiceNow,ServiceNow ITSM,PENDING_MODULE_VERIFICATION,PENDING_OPERATION_VERIFICATION,PENDING,PENDING,PENDING,PENDING,PENDING,PENDING,"Provide native governed capability for IT strategy, architecture, development, DevOps, infrastructure, cloud, service desk, incidents, changes, CMDB and IT assets, with structured business objects, lifecycle/status, responsibility/authority, review/approval, audit evidence, reporting and integration semantics appropriate to F16 Information Technology.",RESEARCH_PENDING,https://www.servicenow.com/,2026-09-21
ENT-MTB-0157,MTR-0157,F16,Information Technology,"IT strategy, architecture, development, DevOps, infrastructure, cloud, service desk, incidents, changes, CMDB and IT assets",Atlassian,Jira Service Management,PENDING_MODULE_VERIFICATION,PENDING_OPERATION_VERIFICATION,PENDING,PENDING,PENDING,PENDING,PENDING,PENDING,"Provide native governed capability for IT strategy, architecture, development, DevOps, infrastructure, cloud, service desk, incidents, changes, CMDB and IT assets, with structured business objects, lifecycle/status, responsibility/authority, review/approval, audit evidence, reporting and integration semantics appropriate to F16 Information Technology.",RESEARCH_PENDING,https://www.atlassian.com/,2026-09-21
ENT-MTB-0158,MTR-0158,F16,Information Technology,"IT strategy, architecture, development, DevOps, infrastructure, cloud, service desk, incidents, changes, CMDB and IT assets",BMC,BMC Helix,PENDING_MODULE_VERIFICATION,PENDING_OPERATION_VERIFICATION,PENDING,PENDING,PENDING,PENDING,PENDING,PENDING,"Provide native governed capability for IT strategy, architecture, development, DevOps, infrastructure, cloud, service desk, incidents, changes, CMDB and IT assets, with structured business objects, lifecycle/status, responsibility/authority, review/approval, audit evidence, reporting and integration semantics appropriate to F16 Information Technology.",RESEARCH_PENDING,https://www.bmc.com/,2026-09-21
ENT-MTB-0159,MTR-0159,F16,Information Technology,"IT strategy, architecture, development, DevOps, infrastructure, cloud, service desk, incidents, changes, CMDB and IT assets",Ivanti,Ivanti Neurons,PENDING_MODULE_VERIFICATION,PENDING_OPERATION_VERIFICATION,PENDING,PENDING,PENDING,PENDING,PENDING,PENDING,"Provide native governed capability for IT strategy, architecture, development, DevOps, infrastructure, cloud, service desk, incidents, changes, CMDB and IT assets, with structured business objects, lifecycle/status, responsibility/authority, review/approval, audit evidence, reporting and integration semantics appropriate to F16 Information Technology.",RESEARCH_PENDING,https://www.ivanti.com/,2026-09-21
ENT-MTB-0160,MTR-0160,F16,Information Technology,"IT strategy, architecture, development, DevOps, infrastructure, cloud, service desk, incidents, changes, CMDB and IT assets",ManageEngine,ManageEngine ServiceDesk Plus,PENDING_MODULE_VERIFICATION,PENDING_OPERATION_VERIFICATION,PENDING,PENDING,PENDING,PENDING,PENDING,PENDING,"Provide native governed capability for IT strategy, architecture, development, DevOps, infrastructure, cloud, service desk, incidents, changes, CMDB and IT assets, with structured business objects, lifecycle/status, responsibility/authority, review/approval, audit evidence, reporting and integration semantics appropriate to F16 Information Technology.",RESEARCH_PENDING,https://www.manageengine.com/,2026-09-21
ENT-MTB-0161,MTR-0161,F16,Information Technology,"IT strategy, architecture, development, DevOps, infrastructure, cloud, service desk, incidents, changes, CMDB and IT assets",Freshworks,Freshservice,PENDING_MODULE_VERIFICATION,PENDING_OPERATION_VERIFICATION,PENDING,PENDING,PENDING,PENDING,PENDING,PENDING,"Provide native governed capability for IT strategy, architecture, development, DevOps, infrastructure, cloud, service desk, incidents, changes, CMDB and IT assets, with structured business objects, lifecycle/status, responsibility/authority, review/approval, audit evidence, reporting and integration semantics appropriate to F16 Information Technology.",RESEARCH_PENDING,https://www.freshworks.com/,2026-09-21
ENT-MTB-0162,MTR-0162,F16,Information Technology,"IT strategy, architecture, development, DevOps, infrastructure, cloud, service desk, incidents, changes, CMDB and IT assets",Microsoft,Microsoft Intune,PENDING_MODULE_VERIFICATION,PENDING_OPERATION_VERIFICATION,PENDING,PENDING,PENDING,PENDING,PENDING,PENDING,"Provide native governed capability for IT strategy, architecture, development, DevOps, infrastructure, cloud, service desk, incidents, changes, CMDB and IT assets, with structured business objects, lifecycle/status, responsibility/authority, review/approval, audit evidence, reporting and integration semantics appropriate to F16 Information Technology.",RESEARCH_PENDING,https://www.microsoft.com/en-us/dynamics-365,2026-09-21
ENT-MTB-0163,MTR-0163,F16,Information Technology,"IT strategy, architecture, development, DevOps, infrastructure, cloud, service desk, incidents, changes, CMDB and IT assets",Microsoft,Microsoft Azure,PENDING_MODULE_VERIFICATION,PENDING_OPERATION_VERIFICATION,PENDING,PENDING,PENDING,PENDING,PENDING,PENDING,"Provide native governed capability for IT strategy, architecture, development, DevOps, infrastructure, cloud, service desk, incidents, changes, CMDB and IT assets, with structured business objects, lifecycle/status, responsibility/authority, review/approval, audit evidence, reporting and integration semantics appropriate to F16 Information Technology.",RESEARCH_PENDING,https://www.microsoft.com/en-us/dynamics-365,2026-09-21
ENT-MTB-0164,MTR-0164,F16,Information Technology,"IT strategy, architecture, development, DevOps, infrastructure, cloud, service desk, incidents, changes, CMDB and IT assets",Amazon Web Services,Amazon Web Services,PENDING_MODULE_VERIFICATION,PENDING_OPERATION_VERIFICATION,PENDING,PENDING,PENDING,PENDING,PENDING,PENDING,"Provide native governed capability for IT strategy, architecture, development, DevOps, infrastructure, cloud, service desk, incidents, changes, CMDB and IT assets, with structured business objects, lifecycle/status, responsibility/authority, review/approval, audit evidence, reporting and integration semantics appropriate to F16 Information Technology.",RESEARCH_PENDING,https://aws.amazon.com/,2026-09-21
ENT-MTB-0165,MTR-0165,F16,Information Technology,"IT strategy, architecture, development, DevOps, infrastructure, cloud, service desk, incidents, changes, CMDB and IT assets",GitHub,GitHub,PENDING_MODULE_VERIFICATION,PENDING_OPERATION_VERIFICATION,PENDING,PENDING,PENDING,PENDING,PENDING,PENDING,"Provide native governed capability for IT strategy, architecture, development, DevOps, infrastructure, cloud, service desk, incidents, changes, CMDB and IT assets, with structured business objects, lifecycle/status, responsibility/authority, review/approval, audit evidence, reporting and integration semantics appropriate to F16 Information Technology.",RESEARCH_PENDING,https://github.com/,2026-09-21
ENT-MTB-0166,MTR-0166,F16,Information Technology,"IT strategy, architecture, development, DevOps, infrastructure, cloud, service desk, incidents, changes, CMDB and IT assets",GitLab,GitLab,PENDING_MODULE_VERIFICATION,PENDING_OPERATION_VERIFICATION,PENDING,PENDING,PENDING,PENDING,PENDING,PENDING,"Provide native governed capability for IT strategy, architecture, development, DevOps, infrastructure, cloud, service desk, incidents, changes, CMDB and IT assets, with structured business objects, lifecycle/status, responsibility/authority, review/approval, audit evidence, reporting and integration semantics appropriate to F16 Information Technology.",RESEARCH_PENDING,https://about.gitlab.com/,2026-09-21
ENT-MTB-0167,MTR-0167,F16,Information Technology,"IT strategy, architecture, development, DevOps, infrastructure, cloud, service desk, incidents, changes, CMDB and IT assets",Atlassian,Atlassian Jira,PENDING_MODULE_VERIFICATION,PENDING_OPERATION_VERIFICATION,PENDING,PENDING,PENDING,PENDING,PENDING,PENDING,"Provide native governed capability for IT strategy, architecture, development, DevOps, infrastructure, cloud, service desk, incidents, changes, CMDB and IT assets, with structured business objects, lifecycle/status, responsibility/authority, review/approval, audit evidence, reporting and integration semantics appropriate to F16 Information Technology.",RESEARCH_PENDING,https://www.atlassian.com/,2026-09-21
ENT-MTB-0168,MTR-0168,F17,"Data, Analytics & AI","Data governance, architecture, MDM, engineering, BI, analytics, data science, AI, catalogues and lifecycle",Microsoft,Microsoft Fabric / Power BI,PENDING_MODULE_VERIFICATION,PENDING_OPERATION_VERIFICATION,PENDING,PENDING,PENDING,PENDING,PENDING,PENDING,"Provide native governed capability for Data governance, architecture, MDM, engineering, BI, analytics, data science, AI, catalogues and lifecycle, with structured business objects, lifecycle/status, responsibility/authority, review/approval, audit evidence, reporting and integration semantics appropriate to F17 Data, Analytics & AI.",RESEARCH_PENDING,https://www.microsoft.com/en-us/dynamics-365,2026-09-21
ENT-MTB-0169,MTR-0169,F17,"Data, Analytics & AI","Data governance, architecture, MDM, engineering, BI, analytics, data science, AI, catalogues and lifecycle",Snowflake,Snowflake,PENDING_MODULE_VERIFICATION,PENDING_OPERATION_VERIFICATION,PENDING,PENDING,PENDING,PENDING,PENDING,PENDING,"Provide native governed capability for Data governance, architecture, MDM, engineering, BI, analytics, data science, AI, catalogues and lifecycle, with structured business objects, lifecycle/status, responsibility/authority, review/approval, audit evidence, reporting and integration semantics appropriate to F17 Data, Analytics & AI.",RESEARCH_PENDING,https://www.snowflake.com/,2026-09-21
ENT-MTB-0170,MTR-0170,F17,"Data, Analytics & AI","Data governance, architecture, MDM, engineering, BI, analytics, data science, AI, catalogues and lifecycle",Databricks,Databricks,PENDING_MODULE_VERIFICATION,PENDING_OPERATION_VERIFICATION,PENDING,PENDING,PENDING,PENDING,PENDING,PENDING,"Provide native governed capability for Data governance, architecture, MDM, engineering, BI, analytics, data science, AI, catalogues and lifecycle, with structured business objects, lifecycle/status, responsibility/authority, review/approval, audit evidence, reporting and integration semantics appropriate to F17 Data, Analytics & AI.",RESEARCH_PENDING,https://www.databricks.com/,2026-09-21
ENT-MTB-0171,MTR-0171,F17,"Data, Analytics & AI","Data governance, architecture, MDM, engineering, BI, analytics, data science, AI, catalogues and lifecycle",Tableau,Tableau,PENDING_MODULE_VERIFICATION,PENDING_OPERATION_VERIFICATION,PENDING,PENDING,PENDING,PENDING,PENDING,PENDING,"Provide native governed capability for Data governance, architecture, MDM, engineering, BI, analytics, data science, AI, catalogues and lifecycle, with structured business objects, lifecycle/status, responsibility/authority, review/approval, audit evidence, reporting and integration semantics appropriate to F17 Data, Analytics & AI.",RESEARCH_PENDING,https://www.tableau.com/,2026-09-21
ENT-MTB-0172,MTR-0172,F17,"Data, Analytics & AI","Data governance, architecture, MDM, engineering, BI, analytics, data science, AI, catalogues and lifecycle",Qlik,Qlik,PENDING_MODULE_VERIFICATION,PENDING_OPERATION_VERIFICATION,PENDING,PENDING,PENDING,PENDING,PENDING,PENDING,"Provide native governed capability for Data governance, architecture, MDM, engineering, BI, analytics, data science, AI, catalogues and lifecycle, with structured business objects, lifecycle/status, responsibility/authority, review/approval, audit evidence, reporting and integration semantics appropriate to F17 Data, Analytics & AI.",RESEARCH_PENDING,https://www.qlik.com/,2026-09-21
ENT-MTB-0173,MTR-0173,F17,"Data, Analytics & AI","Data governance, architecture, MDM, engineering, BI, analytics, data science, AI, catalogues and lifecycle",Alteryx,Alteryx,PENDING_MODULE_VERIFICATION,PENDING_OPERATION_VERIFICATION,PENDING,PENDING,PENDING,PENDING,PENDING,PENDING,"Provide native governed capability for Data governance, architecture, MDM, engineering, BI, analytics, data science, AI, catalogues and lifecycle, with structured business objects, lifecycle/status, responsibility/authority, review/approval, audit evidence, reporting and integration semantics appropriate to F17 Data, Analytics & AI.",RESEARCH_PENDING,https://www.alteryx.com/,2026-09-21
ENT-MTB-0174,MTR-0174,F17,"Data, Analytics & AI","Data governance, architecture, MDM, engineering, BI, analytics, data science, AI, catalogues and lifecycle",Infor,Informatica,PENDING_MODULE_VERIFICATION,PENDING_OPERATION_VERIFICATION,PENDING,PENDING,PENDING,PENDING,PENDING,PENDING,"Provide native governed capability for Data governance, architecture, MDM, engineering, BI, analytics, data science, AI, catalogues and lifecycle, with structured business objects, lifecycle/status, responsibility/authority, review/approval, audit evidence, reporting and integration semantics appropriate to F17 Data, Analytics & AI.",RESEARCH_PENDING,https://www.infor.com/,2026-09-21
ENT-MTB-0175,MTR-0175,F17,"Data, Analytics & AI","Data governance, architecture, MDM, engineering, BI, analytics, data science, AI, catalogues and lifecycle",Collibra,Collibra,PENDING_MODULE_VERIFICATION,PENDING_OPERATION_VERIFICATION,PENDING,PENDING,PENDING,PENDING,PENDING,PENDING,"Provide native governed capability for Data governance, architecture, MDM, engineering, BI, analytics, data science, AI, catalogues and lifecycle, with structured business objects, lifecycle/status, responsibility/authority, review/approval, audit evidence, reporting and integration semantics appropriate to F17 Data, Analytics & AI.",RESEARCH_PENDING,https://www.collibra.com/,2026-09-21
ENT-MTB-0176,MTR-0176,F17,"Data, Analytics & AI","Data governance, architecture, MDM, engineering, BI, analytics, data science, AI, catalogues and lifecycle",Dataiku,Dataiku,PENDING_MODULE_VERIFICATION,PENDING_OPERATION_VERIFICATION,PENDING,PENDING,PENDING,PENDING,PENDING,PENDING,"Provide native governed capability for Data governance, architecture, MDM, engineering, BI, analytics, data science, AI, catalogues and lifecycle, with structured business objects, lifecycle/status, responsibility/authority, review/approval, audit evidence, reporting and integration semantics appropriate to F17 Data, Analytics & AI.",RESEARCH_PENDING,https://www.dataiku.com/,2026-09-21
ENT-MTB-0177,MTR-0177,F17,"Data, Analytics & AI","Data governance, architecture, MDM, engineering, BI, analytics, data science, AI, catalogues and lifecycle",dbt Labs,dbt,PENDING_MODULE_VERIFICATION,PENDING_OPERATION_VERIFICATION,PENDING,PENDING,PENDING,PENDING,PENDING,PENDING,"Provide native governed capability for Data governance, architecture, MDM, engineering, BI, analytics, data science, AI, catalogues and lifecycle, with structured business objects, lifecycle/status, responsibility/authority, review/approval, audit evidence, reporting and integration semantics appropriate to F17 Data, Analytics & AI.",RESEARCH_PENDING,https://www.getdbt.com/,2026-09-21
ENT-MTB-0178,MTR-0178,F17,"Data, Analytics & AI","Data governance, architecture, MDM, engineering, BI, analytics, data science, AI, catalogues and lifecycle",Fivetran,Fivetran,PENDING_MODULE_VERIFICATION,PENDING_OPERATION_VERIFICATION,PENDING,PENDING,PENDING,PENDING,PENDING,PENDING,"Provide native governed capability for Data governance, architecture, MDM, engineering, BI, analytics, data science, AI, catalogues and lifecycle, with structured business objects, lifecycle/status, responsibility/authority, review/approval, audit evidence, reporting and integration semantics appropriate to F17 Data, Analytics & AI.",RESEARCH_PENDING,https://www.fivetran.com/,2026-09-21
ENT-MTB-0179,MTR-0179,F17,"Data, Analytics & AI","Data governance, architecture, MDM, engineering, BI, analytics, data science, AI, catalogues and lifecycle",Google,Google Looker,PENDING_MODULE_VERIFICATION,PENDING_OPERATION_VERIFICATION,PENDING,PENDING,PENDING,PENDING,PENDING,PENDING,"Provide native governed capability for Data governance, architecture, MDM, engineering, BI, analytics, data science, AI, catalogues and lifecycle, with structured business objects, lifecycle/status, responsibility/authority, review/approval, audit evidence, reporting and integration semantics appropriate to F17 Data, Analytics & AI.",RESEARCH_PENDING,https://cloud.google.com/looker,2026-09-21
ENT-MTB-0180,MTR-0180,F17,"Data, Analytics & AI","Data governance, architecture, MDM, engineering, BI, analytics, data science, AI, catalogues and lifecycle",SAS,SAS Viya,PENDING_MODULE_VERIFICATION,PENDING_OPERATION_VERIFICATION,PENDING,PENDING,PENDING,PENDING,PENDING,PENDING,"Provide native governed capability for Data governance, architecture, MDM, engineering, BI, analytics, data science, AI, catalogues and lifecycle, with structured business objects, lifecycle/status, responsibility/authority, review/approval, audit evidence, reporting and integration semantics appropriate to F17 Data, Analytics & AI.",RESEARCH_PENDING,https://www.sas.com/,2026-09-21
ENT-MTB-0181,MTR-0181,F17,"Data, Analytics & AI","Data governance, architecture, MDM, engineering, BI, analytics, data science, AI, catalogues and lifecycle",Palantir,Palantir Foundry,PENDING_MODULE_VERIFICATION,PENDING_OPERATION_VERIFICATION,PENDING,PENDING,PENDING,PENDING,PENDING,PENDING,"Provide native governed capability for Data governance, architecture, MDM, engineering, BI, analytics, data science, AI, catalogues and lifecycle, with structured business objects, lifecycle/status, responsibility/authority, review/approval, audit evidence, reporting and integration semantics appropriate to F17 Data, Analytics & AI.",RESEARCH_PENDING,https://www.palantir.com/,2026-09-21
ENT-MTB-0182,MTR-0182,F18,Cybersecurity & Information Security,"Identity, vulnerability, endpoint, monitoring, SIEM, incident response, cloud security, application security and threat intelligence",Microsoft,Microsoft Defender / Sentinel / Entra,PENDING_MODULE_VERIFICATION,PENDING_OPERATION_VERIFICATION,PENDING,PENDING,PENDING,PENDING,PENDING,PENDING,"Provide native governed capability for Identity, vulnerability, endpoint, monitoring, SIEM, incident response, cloud security, application security and threat intelligence, with structured business objects, lifecycle/status, responsibility/authority, review/approval, audit evidence, reporting and integration semantics appropriate to F18 Cybersecurity & Information Security.",RESEARCH_PENDING,https://www.microsoft.com/en-us/dynamics-365,2026-09-21
ENT-MTB-0183,MTR-0183,F18,Cybersecurity & Information Security,"Identity, vulnerability, endpoint, monitoring, SIEM, incident response, cloud security, application security and threat intelligence",CrowdStrike,CrowdStrike Falcon,PENDING_MODULE_VERIFICATION,PENDING_OPERATION_VERIFICATION,PENDING,PENDING,PENDING,PENDING,PENDING,PENDING,"Provide native governed capability for Identity, vulnerability, endpoint, monitoring, SIEM, incident response, cloud security, application security and threat intelligence, with structured business objects, lifecycle/status, responsibility/authority, review/approval, audit evidence, reporting and integration semantics appropriate to F18 Cybersecurity & Information Security.",RESEARCH_PENDING,https://www.crowdstrike.com/,2026-09-21
ENT-MTB-0184,MTR-0184,F18,Cybersecurity & Information Security,"Identity, vulnerability, endpoint, monitoring, SIEM, incident response, cloud security, application security and threat intelligence",Palo Alto Networks,Palo Alto Networks Cortex,PENDING_MODULE_VERIFICATION,PENDING_OPERATION_VERIFICATION,PENDING,PENDING,PENDING,PENDING,PENDING,PENDING,"Provide native governed capability for Identity, vulnerability, endpoint, monitoring, SIEM, incident response, cloud security, application security and threat intelligence, with structured business objects, lifecycle/status, responsibility/authority, review/approval, audit evidence, reporting and integration semantics appropriate to F18 Cybersecurity & Information Security.",RESEARCH_PENDING,https://www.paloaltonetworks.com/,2026-09-21
ENT-MTB-0185,MTR-0185,F18,Cybersecurity & Information Security,"Identity, vulnerability, endpoint, monitoring, SIEM, incident response, cloud security, application security and threat intelligence",Splunk,Splunk Enterprise Security,PENDING_MODULE_VERIFICATION,PENDING_OPERATION_VERIFICATION,PENDING,PENDING,PENDING,PENDING,PENDING,PENDING,"Provide native governed capability for Identity, vulnerability, endpoint, monitoring, SIEM, incident response, cloud security, application security and threat intelligence, with structured business objects, lifecycle/status, responsibility/authority, review/approval, audit evidence, reporting and integration semantics appropriate to F18 Cybersecurity & Information Security.",RESEARCH_PENDING,https://www.splunk.com/,2026-09-21
ENT-MTB-0186,MTR-0186,F18,Cybersecurity & Information Security,"Identity, vulnerability, endpoint, monitoring, SIEM, incident response, cloud security, application security and threat intelligence",Wiz,Wiz,PENDING_MODULE_VERIFICATION,PENDING_OPERATION_VERIFICATION,PENDING,PENDING,PENDING,PENDING,PENDING,PENDING,"Provide native governed capability for Identity, vulnerability, endpoint, monitoring, SIEM, incident response, cloud security, application security and threat intelligence, with structured business objects, lifecycle/status, responsibility/authority, review/approval, audit evidence, reporting and integration semantics appropriate to F18 Cybersecurity & Information Security.",RESEARCH_PENDING,https://www.wiz.io/,2026-09-21
ENT-MTB-0187,MTR-0187,F18,Cybersecurity & Information Security,"Identity, vulnerability, endpoint, monitoring, SIEM, incident response, cloud security, application security and threat intelligence",Okta,Okta,PENDING_MODULE_VERIFICATION,PENDING_OPERATION_VERIFICATION,PENDING,PENDING,PENDING,PENDING,PENDING,PENDING,"Provide native governed capability for Identity, vulnerability, endpoint, monitoring, SIEM, incident response, cloud security, application security and threat intelligence, with structured business objects, lifecycle/status, responsibility/authority, review/approval, audit evidence, reporting and integration semantics appropriate to F18 Cybersecurity & Information Security.",RESEARCH_PENDING,https://www.okta.com/,2026-09-21
ENT-MTB-0188,MTR-0188,F18,Cybersecurity & Information Security,"Identity, vulnerability, endpoint, monitoring, SIEM, incident response, cloud security, application security and threat intelligence",CyberArk,CyberArk,PENDING_MODULE_VERIFICATION,PENDING_OPERATION_VERIFICATION,PENDING,PENDING,PENDING,PENDING,PENDING,PENDING,"Provide native governed capability for Identity, vulnerability, endpoint, monitoring, SIEM, incident response, cloud security, application security and threat intelligence, with structured business objects, lifecycle/status, responsibility/authority, review/approval, audit evidence, reporting and integration semantics appropriate to F18 Cybersecurity & Information Security.",RESEARCH_PENDING,https://www.cyberark.com/,2026-09-21
ENT-MTB-0189,MTR-0189,F18,Cybersecurity & Information Security,"Identity, vulnerability, endpoint, monitoring, SIEM, incident response, cloud security, application security and threat intelligence",Tenable,Tenable,PENDING_MODULE_VERIFICATION,PENDING_OPERATION_VERIFICATION,PENDING,PENDING,PENDING,PENDING,PENDING,PENDING,"Provide native governed capability for Identity, vulnerability, endpoint, monitoring, SIEM, incident response, cloud security, application security and threat intelligence, with structured business objects, lifecycle/status, responsibility/authority, review/approval, audit evidence, reporting and integration semantics appropriate to F18 Cybersecurity & Information Security.",RESEARCH_PENDING,https://www.tenable.com/,2026-09-21
ENT-MTB-0190,MTR-0190,F18,Cybersecurity & Information Security,"Identity, vulnerability, endpoint, monitoring, SIEM, incident response, cloud security, application security and threat intelligence",Qualys,Qualys,PENDING_MODULE_VERIFICATION,PENDING_OPERATION_VERIFICATION,PENDING,PENDING,PENDING,PENDING,PENDING,PENDING,"Provide native governed capability for Identity, vulnerability, endpoint, monitoring, SIEM, incident response, cloud security, application security and threat intelligence, with structured business objects, lifecycle/status, responsibility/authority, review/approval, audit evidence, reporting and integration semantics appropriate to F18 Cybersecurity & Information Security.",RESEARCH_PENDING,https://www.qualys.com/,2026-09-21
ENT-MTB-0191,MTR-0191,F18,Cybersecurity & Information Security,"Identity, vulnerability, endpoint, monitoring, SIEM, incident response, cloud security, application security and threat intelligence",Rapid7,Rapid7,PENDING_MODULE_VERIFICATION,PENDING_OPERATION_VERIFICATION,PENDING,PENDING,PENDING,PENDING,PENDING,PENDING,"Provide native governed capability for Identity, vulnerability, endpoint, monitoring, SIEM, incident response, cloud security, application security and threat intelligence, with structured business objects, lifecycle/status, responsibility/authority, review/approval, audit evidence, reporting and integration semantics appropriate to F18 Cybersecurity & Information Security.",RESEARCH_PENDING,https://www.rapid7.com/,2026-09-21
ENT-MTB-0192,MTR-0192,F18,Cybersecurity & Information Security,"Identity, vulnerability, endpoint, monitoring, SIEM, incident response, cloud security, application security and threat intelligence",Snyk,Snyk,PENDING_MODULE_VERIFICATION,PENDING_OPERATION_VERIFICATION,PENDING,PENDING,PENDING,PENDING,PENDING,PENDING,"Provide native governed capability for Identity, vulnerability, endpoint, monitoring, SIEM, incident response, cloud security, application security and threat intelligence, with structured business objects, lifecycle/status, responsibility/authority, review/approval, audit evidence, reporting and integration semantics appropriate to F18 Cybersecurity & Information Security.",RESEARCH_PENDING,https://snyk.io/,2026-09-21
ENT-MTB-0193,MTR-0193,F18,Cybersecurity & Information Security,"Identity, vulnerability, endpoint, monitoring, SIEM, incident response, cloud security, application security and threat intelligence",Zscaler,Zscaler,PENDING_MODULE_VERIFICATION,PENDING_OPERATION_VERIFICATION,PENDING,PENDING,PENDING,PENDING,PENDING,PENDING,"Provide native governed capability for Identity, vulnerability, endpoint, monitoring, SIEM, incident response, cloud security, application security and threat intelligence, with structured business objects, lifecycle/status, responsibility/authority, review/approval, audit evidence, reporting and integration semantics appropriate to F18 Cybersecurity & Information Security.",RESEARCH_PENDING,https://www.zscaler.com/,2026-09-21
ENT-MTB-0194,MTR-0194,F18,Cybersecurity & Information Security,"Identity, vulnerability, endpoint, monitoring, SIEM, incident response, cloud security, application security and threat intelligence",Cloudflare,Cloudflare,PENDING_MODULE_VERIFICATION,PENDING_OPERATION_VERIFICATION,PENDING,PENDING,PENDING,PENDING,PENDING,PENDING,"Provide native governed capability for Identity, vulnerability, endpoint, monitoring, SIEM, incident response, cloud security, application security and threat intelligence, with structured business objects, lifecycle/status, responsibility/authority, review/approval, audit evidence, reporting and integration semantics appropriate to F18 Cybersecurity & Information Security.",RESEARCH_PENDING,https://www.cloudflare.com/,2026-09-21
ENT-MTB-0195,MTR-0195,F18,Cybersecurity & Information Security,"Identity, vulnerability, endpoint, monitoring, SIEM, incident response, cloud security, application security and threat intelligence",Proofpoint,Proofpoint,PENDING_MODULE_VERIFICATION,PENDING_OPERATION_VERIFICATION,PENDING,PENDING,PENDING,PENDING,PENDING,PENDING,"Provide native governed capability for Identity, vulnerability, endpoint, monitoring, SIEM, incident response, cloud security, application security and threat intelligence, with structured business objects, lifecycle/status, responsibility/authority, review/approval, audit evidence, reporting and integration semantics appropriate to F18 Cybersecurity & Information Security.",RESEARCH_PENDING,https://www.proofpoint.com/,2026-09-21
ENT-MTB-0196,MTR-0196,F19,Legal & Corporate Secretariat,"Contract lifecycle, legal matters, entities, e-signature, obligations, legal knowledge and corporate records",Icertis,Icertis Contract Intelligence,PENDING_MODULE_VERIFICATION,PENDING_OPERATION_VERIFICATION,PENDING,PENDING,PENDING,PENDING,PENDING,PENDING,"Provide native governed capability for Contract lifecycle, legal matters, entities, e-signature, obligations, legal knowledge and corporate records, with structured business objects, lifecycle/status, responsibility/authority, review/approval, audit evidence, reporting and integration semantics appropriate to F19 Legal & Corporate Secretariat.",RESEARCH_PENDING,https://www.icertis.com/,2026-09-21
ENT-MTB-0197,MTR-0197,F19,Legal & Corporate Secretariat,"Contract lifecycle, legal matters, entities, e-signature, obligations, legal knowledge and corporate records",Ironclad,Ironclad,PENDING_MODULE_VERIFICATION,PENDING_OPERATION_VERIFICATION,PENDING,PENDING,PENDING,PENDING,PENDING,PENDING,"Provide native governed capability for Contract lifecycle, legal matters, entities, e-signature, obligations, legal knowledge and corporate records, with structured business objects, lifecycle/status, responsibility/authority, review/approval, audit evidence, reporting and integration semantics appropriate to F19 Legal & Corporate Secretariat.",RESEARCH_PENDING,https://ironcladapp.com/,2026-09-21
ENT-MTB-0198,MTR-0198,F19,Legal & Corporate Secretariat,"Contract lifecycle, legal matters, entities, e-signature, obligations, legal knowledge and corporate records",DocuSign,DocuSign CLM,PENDING_MODULE_VERIFICATION,PENDING_OPERATION_VERIFICATION,PENDING,PENDING,PENDING,PENDING,PENDING,PENDING,"Provide native governed capability for Contract lifecycle, legal matters, entities, e-signature, obligations, legal knowledge and corporate records, with structured business objects, lifecycle/status, responsibility/authority, review/approval, audit evidence, reporting and integration semantics appropriate to F19 Legal & Corporate Secretariat.",RESEARCH_PENDING,https://www.docusign.com/,2026-09-21
ENT-MTB-0199,MTR-0199,F19,Legal & Corporate Secretariat,"Contract lifecycle, legal matters, entities, e-signature, obligations, legal knowledge and corporate records",ContractPodAi,ContractPodAi,PENDING_MODULE_VERIFICATION,PENDING_OPERATION_VERIFICATION,PENDING,PENDING,PENDING,PENDING,PENDING,PENDING,"Provide native governed capability for Contract lifecycle, legal matters, entities, e-signature, obligations, legal knowledge and corporate records, with structured business objects, lifecycle/status, responsibility/authority, review/approval, audit evidence, reporting and integration semantics appropriate to F19 Legal & Corporate Secretariat.",RESEARCH_PENDING,https://contractpodai.com/,2026-09-21
ENT-MTB-0200,MTR-0200,F19,Legal & Corporate Secretariat,"Contract lifecycle, legal matters, entities, e-signature, obligations, legal knowledge and corporate records",Agiloft,Agiloft,PENDING_MODULE_VERIFICATION,PENDING_OPERATION_VERIFICATION,PENDING,PENDING,PENDING,PENDING,PENDING,PENDING,"Provide native governed capability for Contract lifecycle, legal matters, entities, e-signature, obligations, legal knowledge and corporate records, with structured business objects, lifecycle/status, responsibility/authority, review/approval, audit evidence, reporting and integration semantics appropriate to F19 Legal & Corporate Secretariat.",RESEARCH_PENDING,https://www.agiloft.com/,2026-09-21
ENT-MTB-0201,MTR-0201,F19,Legal & Corporate Secretariat,"Contract lifecycle, legal matters, entities, e-signature, obligations, legal knowledge and corporate records",Sirion,Sirion,PENDING_MODULE_VERIFICATION,PENDING_OPERATION_VERIFICATION,PENDING,PENDING,PENDING,PENDING,PENDING,PENDING,"Provide native governed capability for Contract lifecycle, legal matters, entities, e-signature, obligations, legal knowledge and corporate records, with structured business objects, lifecycle/status, responsibility/authority, review/approval, audit evidence, reporting and integration semantics appropriate to F19 Legal & Corporate Secretariat.",RESEARCH_PENDING,https://www.sirion.ai/,2026-09-21
ENT-MTB-0202,MTR-0202,F19,Legal & Corporate Secretariat,"Contract lifecycle, legal matters, entities, e-signature, obligations, legal knowledge and corporate records",Evisort,Evisort,PENDING_MODULE_VERIFICATION,PENDING_OPERATION_VERIFICATION,PENDING,PENDING,PENDING,PENDING,PENDING,PENDING,"Provide native governed capability for Contract lifecycle, legal matters, entities, e-signature, obligations, legal knowledge and corporate records, with structured business objects, lifecycle/status, responsibility/authority, review/approval, audit evidence, reporting and integration semantics appropriate to F19 Legal & Corporate Secretariat.",RESEARCH_PENDING,https://www.evisort.com/,2026-09-21
ENT-MTB-0203,MTR-0203,F19,Legal & Corporate Secretariat,"Contract lifecycle, legal matters, entities, e-signature, obligations, legal knowledge and corporate records",Thomson Reuters,Thomson Reuters HighQ,PENDING_MODULE_VERIFICATION,PENDING_OPERATION_VERIFICATION,PENDING,PENDING,PENDING,PENDING,PENDING,PENDING,"Provide native governed capability for Contract lifecycle, legal matters, entities, e-signature, obligations, legal knowledge and corporate records, with structured business objects, lifecycle/status, responsibility/authority, review/approval, audit evidence, reporting and integration semantics appropriate to F19 Legal & Corporate Secretariat.",RESEARCH_PENDING,https://www.thomsonreuters.com/,2026-09-21
ENT-MTB-0204,MTR-0204,F19,Legal & Corporate Secretariat,"Contract lifecycle, legal matters, entities, e-signature, obligations, legal knowledge and corporate records",Litera,Litera,PENDING_MODULE_VERIFICATION,PENDING_OPERATION_VERIFICATION,PENDING,PENDING,PENDING,PENDING,PENDING,PENDING,"Provide native governed capability for Contract lifecycle, legal matters, entities, e-signature, obligations, legal knowledge and corporate records, with structured business objects, lifecycle/status, responsibility/authority, review/approval, audit evidence, reporting and integration semantics appropriate to F19 Legal & Corporate Secretariat.",RESEARCH_PENDING,https://www.litera.com/,2026-09-21
ENT-MTB-0205,MTR-0205,F19,Legal & Corporate Secretariat,"Contract lifecycle, legal matters, entities, e-signature, obligations, legal knowledge and corporate records",Diligent,Diligent Entities,PENDING_MODULE_VERIFICATION,PENDING_OPERATION_VERIFICATION,PENDING,PENDING,PENDING,PENDING,PENDING,PENDING,"Provide native governed capability for Contract lifecycle, legal matters, entities, e-signature, obligations, legal knowledge and corporate records, with structured business objects, lifecycle/status, responsibility/authority, review/approval, audit evidence, reporting and integration semantics appropriate to F19 Legal & Corporate Secretariat.",RESEARCH_PENDING,https://www.diligent.com/platform/diligent-one,2026-09-21
ENT-MTB-0206,MTR-0206,F19,Legal & Corporate Secretariat,"Contract lifecycle, legal matters, entities, e-signature, obligations, legal knowledge and corporate records",Athennian,Athennian,PENDING_MODULE_VERIFICATION,PENDING_OPERATION_VERIFICATION,PENDING,PENDING,PENDING,PENDING,PENDING,PENDING,"Provide native governed capability for Contract lifecycle, legal matters, entities, e-signature, obligations, legal knowledge and corporate records, with structured business objects, lifecycle/status, responsibility/authority, review/approval, audit evidence, reporting and integration semantics appropriate to F19 Legal & Corporate Secretariat.",RESEARCH_PENDING,https://www.athennian.com/,2026-09-21
ENT-MTB-0207,MTR-0207,F19,Legal & Corporate Secretariat,"Contract lifecycle, legal matters, entities, e-signature, obligations, legal knowledge and corporate records",DocuSign,DocuSign eSignature,PENDING_MODULE_VERIFICATION,PENDING_OPERATION_VERIFICATION,PENDING,PENDING,PENDING,PENDING,PENDING,PENDING,"Provide native governed capability for Contract lifecycle, legal matters, entities, e-signature, obligations, legal knowledge and corporate records, with structured business objects, lifecycle/status, responsibility/authority, review/approval, audit evidence, reporting and integration semantics appropriate to F19 Legal & Corporate Secretariat.",RESEARCH_PENDING,https://www.docusign.com/,2026-09-21
ENT-MTB-0208,MTR-0208,F20,"Risk, Compliance, Internal Control & Audit","Enterprise risk, compliance, controls, audit, issues, third-party risk, cyber GRC and assurance",MetricStream,MetricStream,PENDING_MODULE_VERIFICATION,PENDING_OPERATION_VERIFICATION,PENDING,PENDING,PENDING,PENDING,PENDING,PENDING,"Provide native governed capability for Enterprise risk, compliance, controls, audit, issues, third-party risk, cyber GRC and assurance, with structured business objects, lifecycle/status, responsibility/authority, review/approval, audit evidence, reporting and integration semantics appropriate to F20 Risk, Compliance, Internal Control & Audit.",RESEARCH_PENDING,https://www.metricstream.com/,2026-09-21
ENT-MTB-0209,MTR-0209,F20,"Risk, Compliance, Internal Control & Audit","Enterprise risk, compliance, controls, audit, issues, third-party risk, cyber GRC and assurance",AuditBoard,AuditBoard,PENDING_MODULE_VERIFICATION,PENDING_OPERATION_VERIFICATION,PENDING,PENDING,PENDING,PENDING,PENDING,PENDING,"Provide native governed capability for Enterprise risk, compliance, controls, audit, issues, third-party risk, cyber GRC and assurance, with structured business objects, lifecycle/status, responsibility/authority, review/approval, audit evidence, reporting and integration semantics appropriate to F20 Risk, Compliance, Internal Control & Audit.",RESEARCH_PENDING,https://www.auditboard.com/,2026-09-21
ENT-MTB-0210,MTR-0210,F20,"Risk, Compliance, Internal Control & Audit","Enterprise risk, compliance, controls, audit, issues, third-party risk, cyber GRC and assurance",Diligent,Diligent One,PENDING_MODULE_VERIFICATION,PENDING_OPERATION_VERIFICATION,PENDING,PENDING,PENDING,PENDING,PENDING,PENDING,"Provide native governed capability for Enterprise risk, compliance, controls, audit, issues, third-party risk, cyber GRC and assurance, with structured business objects, lifecycle/status, responsibility/authority, review/approval, audit evidence, reporting and integration semantics appropriate to F20 Risk, Compliance, Internal Control & Audit.",RESEARCH_PENDING,https://www.diligent.com/platform/diligent-one,2026-09-21
ENT-MTB-0211,MTR-0211,F20,"Risk, Compliance, Internal Control & Audit","Enterprise risk, compliance, controls, audit, issues, third-party risk, cyber GRC and assurance",ServiceNow,ServiceNow Integrated Risk Management,PENDING_MODULE_VERIFICATION,PENDING_OPERATION_VERIFICATION,PENDING,PENDING,PENDING,PENDING,PENDING,PENDING,"Provide native governed capability for Enterprise risk, compliance, controls, audit, issues, third-party risk, cyber GRC and assurance, with structured business objects, lifecycle/status, responsibility/authority, review/approval, audit evidence, reporting and integration semantics appropriate to F20 Risk, Compliance, Internal Control & Audit.",RESEARCH_PENDING,https://www.servicenow.com/,2026-09-21
ENT-MTB-0212,MTR-0212,F20,"Risk, Compliance, Internal Control & Audit","Enterprise risk, compliance, controls, audit, issues, third-party risk, cyber GRC and assurance",Archer,Archer,PENDING_MODULE_VERIFICATION,PENDING_OPERATION_VERIFICATION,PENDING,PENDING,PENDING,PENDING,PENDING,PENDING,"Provide native governed capability for Enterprise risk, compliance, controls, audit, issues, third-party risk, cyber GRC and assurance, with structured business objects, lifecycle/status, responsibility/authority, review/approval, audit evidence, reporting and integration semantics appropriate to F20 Risk, Compliance, Internal Control & Audit.",RESEARCH_PENDING,https://www.archerirm.com/,2026-09-21
ENT-MTB-0213,MTR-0213,F20,"Risk, Compliance, Internal Control & Audit","Enterprise risk, compliance, controls, audit, issues, third-party risk, cyber GRC and assurance",LogicGate,LogicGate,PENDING_MODULE_VERIFICATION,PENDING_OPERATION_VERIFICATION,PENDING,PENDING,PENDING,PENDING,PENDING,PENDING,"Provide native governed capability for Enterprise risk, compliance, controls, audit, issues, third-party risk, cyber GRC and assurance, with structured business objects, lifecycle/status, responsibility/authority, review/approval, audit evidence, reporting and integration semantics appropriate to F20 Risk, Compliance, Internal Control & Audit.",RESEARCH_PENDING,https://www.logicgate.com/,2026-09-21
ENT-MTB-0214,MTR-0214,F20,"Risk, Compliance, Internal Control & Audit","Enterprise risk, compliance, controls, audit, issues, third-party risk, cyber GRC and assurance",Workiva,Workiva,PENDING_MODULE_VERIFICATION,PENDING_OPERATION_VERIFICATION,PENDING,PENDING,PENDING,PENDING,PENDING,PENDING,"Provide native governed capability for Enterprise risk, compliance, controls, audit, issues, third-party risk, cyber GRC and assurance, with structured business objects, lifecycle/status, responsibility/authority, review/approval, audit evidence, reporting and integration semantics appropriate to F20 Risk, Compliance, Internal Control & Audit.",RESEARCH_PENDING,https://www.workiva.com/,2026-09-21
ENT-MTB-0215,MTR-0215,F20,"Risk, Compliance, Internal Control & Audit","Enterprise risk, compliance, controls, audit, issues, third-party risk, cyber GRC and assurance",NAVEX,NAVEX One,PENDING_MODULE_VERIFICATION,PENDING_OPERATION_VERIFICATION,PENDING,PENDING,PENDING,PENDING,PENDING,PENDING,"Provide native governed capability for Enterprise risk, compliance, controls, audit, issues, third-party risk, cyber GRC and assurance, with structured business objects, lifecycle/status, responsibility/authority, review/approval, audit evidence, reporting and integration semantics appropriate to F20 Risk, Compliance, Internal Control & Audit.",RESEARCH_PENDING,https://www.navex.com/,2026-09-21
ENT-MTB-0216,MTR-0216,F20,"Risk, Compliance, Internal Control & Audit","Enterprise risk, compliance, controls, audit, issues, third-party risk, cyber GRC and assurance",Riskonnect,Riskonnect,PENDING_MODULE_VERIFICATION,PENDING_OPERATION_VERIFICATION,PENDING,PENDING,PENDING,PENDING,PENDING,PENDING,"Provide native governed capability for Enterprise risk, compliance, controls, audit, issues, third-party risk, cyber GRC and assurance, with structured business objects, lifecycle/status, responsibility/authority, review/approval, audit evidence, reporting and integration semantics appropriate to F20 Risk, Compliance, Internal Control & Audit.",RESEARCH_PENDING,https://riskonnect.com/,2026-09-21
ENT-MTB-0217,MTR-0217,F20,"Risk, Compliance, Internal Control & Audit","Enterprise risk, compliance, controls, audit, issues, third-party risk, cyber GRC and assurance",Resolver,Resolver,PENDING_MODULE_VERIFICATION,PENDING_OPERATION_VERIFICATION,PENDING,PENDING,PENDING,PENDING,PENDING,PENDING,"Provide native governed capability for Enterprise risk, compliance, controls, audit, issues, third-party risk, cyber GRC and assurance, with structured business objects, lifecycle/status, responsibility/authority, review/approval, audit evidence, reporting and integration semantics appropriate to F20 Risk, Compliance, Internal Control & Audit.",RESEARCH_PENDING,https://www.resolver.com/,2026-09-21
ENT-MTB-0218,MTR-0218,F21,Privacy & Information Governance,"Privacy operations, consent, data mapping, DPIA, DSAR, retention, data-use governance and information protection",OneTrust,OneTrust,PENDING_MODULE_VERIFICATION,PENDING_OPERATION_VERIFICATION,PENDING,PENDING,PENDING,PENDING,PENDING,PENDING,"Provide native governed capability for Privacy operations, consent, data mapping, DPIA, DSAR, retention, data-use governance and information protection, with structured business objects, lifecycle/status, responsibility/authority, review/approval, audit evidence, reporting and integration semantics appropriate to F21 Privacy & Information Governance.",RESEARCH_PENDING,https://www.onetrust.com/products/,2026-09-21
ENT-MTB-0219,MTR-0219,F21,Privacy & Information Governance,"Privacy operations, consent, data mapping, DPIA, DSAR, retention, data-use governance and information protection",TrustArc,TrustArc,PENDING_MODULE_VERIFICATION,PENDING_OPERATION_VERIFICATION,PENDING,PENDING,PENDING,PENDING,PENDING,PENDING,"Provide native governed capability for Privacy operations, consent, data mapping, DPIA, DSAR, retention, data-use governance and information protection, with structured business objects, lifecycle/status, responsibility/authority, review/approval, audit evidence, reporting and integration semantics appropriate to F21 Privacy & Information Governance.",RESEARCH_PENDING,https://trustarc.com/,2026-09-21
ENT-MTB-0220,MTR-0220,F21,Privacy & Information Governance,"Privacy operations, consent, data mapping, DPIA, DSAR, retention, data-use governance and information protection",BigID,BigID,PENDING_MODULE_VERIFICATION,PENDING_OPERATION_VERIFICATION,PENDING,PENDING,PENDING,PENDING,PENDING,PENDING,"Provide native governed capability for Privacy operations, consent, data mapping, DPIA, DSAR, retention, data-use governance and information protection, with structured business objects, lifecycle/status, responsibility/authority, review/approval, audit evidence, reporting and integration semantics appropriate to F21 Privacy & Information Governance.",RESEARCH_PENDING,https://bigid.com/,2026-09-21
ENT-MTB-0221,MTR-0221,F21,Privacy & Information Governance,"Privacy operations, consent, data mapping, DPIA, DSAR, retention, data-use governance and information protection",Microsoft,Microsoft Purview,PENDING_MODULE_VERIFICATION,PENDING_OPERATION_VERIFICATION,PENDING,PENDING,PENDING,PENDING,PENDING,PENDING,"Provide native governed capability for Privacy operations, consent, data mapping, DPIA, DSAR, retention, data-use governance and information protection, with structured business objects, lifecycle/status, responsibility/authority, review/approval, audit evidence, reporting and integration semantics appropriate to F21 Privacy & Information Governance.",RESEARCH_PENDING,https://www.microsoft.com/en-us/dynamics-365,2026-09-21
ENT-MTB-0222,MTR-0222,F21,Privacy & Information Governance,"Privacy operations, consent, data mapping, DPIA, DSAR, retention, data-use governance and information protection",Securiti,Securiti,PENDING_MODULE_VERIFICATION,PENDING_OPERATION_VERIFICATION,PENDING,PENDING,PENDING,PENDING,PENDING,PENDING,"Provide native governed capability for Privacy operations, consent, data mapping, DPIA, DSAR, retention, data-use governance and information protection, with structured business objects, lifecycle/status, responsibility/authority, review/approval, audit evidence, reporting and integration semantics appropriate to F21 Privacy & Information Governance.",RESEARCH_PENDING,https://securiti.ai/,2026-09-21
ENT-MTB-0223,MTR-0223,F21,Privacy & Information Governance,"Privacy operations, consent, data mapping, DPIA, DSAR, retention, data-use governance and information protection",Collibra,Collibra,PENDING_MODULE_VERIFICATION,PENDING_OPERATION_VERIFICATION,PENDING,PENDING,PENDING,PENDING,PENDING,PENDING,"Provide native governed capability for Privacy operations, consent, data mapping, DPIA, DSAR, retention, data-use governance and information protection, with structured business objects, lifecycle/status, responsibility/authority, review/approval, audit evidence, reporting and integration semantics appropriate to F21 Privacy & Information Governance.",RESEARCH_PENDING,https://www.collibra.com/,2026-09-21
ENT-MTB-0224,MTR-0224,F21,Privacy & Information Governance,"Privacy operations, consent, data mapping, DPIA, DSAR, retention, data-use governance and information protection",Transcend,Transcend,PENDING_MODULE_VERIFICATION,PENDING_OPERATION_VERIFICATION,PENDING,PENDING,PENDING,PENDING,PENDING,PENDING,"Provide native governed capability for Privacy operations, consent, data mapping, DPIA, DSAR, retention, data-use governance and information protection, with structured business objects, lifecycle/status, responsibility/authority, review/approval, audit evidence, reporting and integration semantics appropriate to F21 Privacy & Information Governance.",RESEARCH_PENDING,https://transcend.io/,2026-09-21
ENT-MTB-0225,MTR-0225,F21,Privacy & Information Governance,"Privacy operations, consent, data mapping, DPIA, DSAR, retention, data-use governance and information protection",DataGrail,DataGrail,PENDING_MODULE_VERIFICATION,PENDING_OPERATION_VERIFICATION,PENDING,PENDING,PENDING,PENDING,PENDING,PENDING,"Provide native governed capability for Privacy operations, consent, data mapping, DPIA, DSAR, retention, data-use governance and information protection, with structured business objects, lifecycle/status, responsibility/authority, review/approval, audit evidence, reporting and integration semantics appropriate to F21 Privacy & Information Governance.",RESEARCH_PENDING,https://www.datagrail.io/,2026-09-21
ENT-MTB-0226,MTR-0226,F22,"Property, Facilities & Physical Assets","Property, space, lease, facilities, asset register, maintenance, work orders, lifecycle and field service",IBM,IBM Maximo Application Suite,PENDING_MODULE_VERIFICATION,PENDING_OPERATION_VERIFICATION,PENDING,PENDING,PENDING,PENDING,PENDING,PENDING,"Provide native governed capability for Property, space, lease, facilities, asset register, maintenance, work orders, lifecycle and field service, with structured business objects, lifecycle/status, responsibility/authority, review/approval, audit evidence, reporting and integration semantics appropriate to F22 Property, Facilities & Physical Assets.",RESEARCH_PENDING,https://www.ibm.com/,2026-09-21
ENT-MTB-0227,MTR-0227,F22,"Property, Facilities & Physical Assets","Property, space, lease, facilities, asset register, maintenance, work orders, lifecycle and field service",Planon,Planon IWMS,PENDING_MODULE_VERIFICATION,PENDING_OPERATION_VERIFICATION,PENDING,PENDING,PENDING,PENDING,PENDING,PENDING,"Provide native governed capability for Property, space, lease, facilities, asset register, maintenance, work orders, lifecycle and field service, with structured business objects, lifecycle/status, responsibility/authority, review/approval, audit evidence, reporting and integration semantics appropriate to F22 Property, Facilities & Physical Assets.",RESEARCH_PENDING,https://planonsoftware.com/uk/software/iwms/,2026-09-21
ENT-MTB-0228,MTR-0228,F22,"Property, Facilities & Physical Assets","Property, space, lease, facilities, asset register, maintenance, work orders, lifecycle and field service",MRI Software,MRI Software,PENDING_MODULE_VERIFICATION,PENDING_OPERATION_VERIFICATION,PENDING,PENDING,PENDING,PENDING,PENDING,PENDING,"Provide native governed capability for Property, space, lease, facilities, asset register, maintenance, work orders, lifecycle and field service, with structured business objects, lifecycle/status, responsibility/authority, review/approval, audit evidence, reporting and integration semantics appropriate to F22 Property, Facilities & Physical Assets.",RESEARCH_PENDING,https://www.mrisoftware.com/,2026-09-21
ENT-MTB-0229,MTR-0229,F22,"Property, Facilities & Physical Assets","Property, space, lease, facilities, asset register, maintenance, work orders, lifecycle and field service",Eptura,Eptura / Archibus,PENDING_MODULE_VERIFICATION,PENDING_OPERATION_VERIFICATION,PENDING,PENDING,PENDING,PENDING,PENDING,PENDING,"Provide native governed capability for Property, space, lease, facilities, asset register, maintenance, work orders, lifecycle and field service, with structured business objects, lifecycle/status, responsibility/authority, review/approval, audit evidence, reporting and integration semantics appropriate to F22 Property, Facilities & Physical Assets.",RESEARCH_PENDING,https://eptura.com/,2026-09-21
ENT-MTB-0230,MTR-0230,F22,"Property, Facilities & Physical Assets","Property, space, lease, facilities, asset register, maintenance, work orders, lifecycle and field service",Spacewell,Spacewell,PENDING_MODULE_VERIFICATION,PENDING_OPERATION_VERIFICATION,PENDING,PENDING,PENDING,PENDING,PENDING,PENDING,"Provide native governed capability for Property, space, lease, facilities, asset register, maintenance, work orders, lifecycle and field service, with structured business objects, lifecycle/status, responsibility/authority, review/approval, audit evidence, reporting and integration semantics appropriate to F22 Property, Facilities & Physical Assets.",RESEARCH_PENDING,https://spacewell.com/,2026-09-21
ENT-MTB-0231,MTR-0231,F22,"Property, Facilities & Physical Assets","Property, space, lease, facilities, asset register, maintenance, work orders, lifecycle and field service",IFS,IFS Cloud / EAM,PENDING_MODULE_VERIFICATION,PENDING_OPERATION_VERIFICATION,PENDING,PENDING,PENDING,PENDING,PENDING,PENDING,"Provide native governed capability for Property, space, lease, facilities, asset register, maintenance, work orders, lifecycle and field service, with structured business objects, lifecycle/status, responsibility/authority, review/approval, audit evidence, reporting and integration semantics appropriate to F22 Property, Facilities & Physical Assets.",RESEARCH_PENDING,https://www.ifs.com/,2026-09-21
ENT-MTB-0232,MTR-0232,F22,"Property, Facilities & Physical Assets","Property, space, lease, facilities, asset register, maintenance, work orders, lifecycle and field service",SAP,SAP Asset Management,PENDING_MODULE_VERIFICATION,PENDING_OPERATION_VERIFICATION,PENDING,PENDING,PENDING,PENDING,PENDING,PENDING,"Provide native governed capability for Property, space, lease, facilities, asset register, maintenance, work orders, lifecycle and field service, with structured business objects, lifecycle/status, responsibility/authority, review/approval, audit evidence, reporting and integration semantics appropriate to F22 Property, Facilities & Physical Assets.",RESEARCH_PENDING,https://www.sap.com/products.html,2026-09-21
ENT-MTB-0233,MTR-0233,F22,"Property, Facilities & Physical Assets","Property, space, lease, facilities, asset register, maintenance, work orders, lifecycle and field service",Oracle,Oracle Maintenance,PENDING_MODULE_VERIFICATION,PENDING_OPERATION_VERIFICATION,PENDING,PENDING,PENDING,PENDING,PENDING,PENDING,"Provide native governed capability for Property, space, lease, facilities, asset register, maintenance, work orders, lifecycle and field service, with structured business objects, lifecycle/status, responsibility/authority, review/approval, audit evidence, reporting and integration semantics appropriate to F22 Property, Facilities & Physical Assets.",RESEARCH_PENDING,https://www.oracle.com/,2026-09-21
ENT-MTB-0234,MTR-0234,F22,"Property, Facilities & Physical Assets","Property, space, lease, facilities, asset register, maintenance, work orders, lifecycle and field service",Hexagon,HxGN EAM,PENDING_MODULE_VERIFICATION,PENDING_OPERATION_VERIFICATION,PENDING,PENDING,PENDING,PENDING,PENDING,PENDING,"Provide native governed capability for Property, space, lease, facilities, asset register, maintenance, work orders, lifecycle and field service, with structured business objects, lifecycle/status, responsibility/authority, review/approval, audit evidence, reporting and integration semantics appropriate to F22 Property, Facilities & Physical Assets.",RESEARCH_PENDING,https://hexagon.com/,2026-09-21
ENT-MTB-0235,MTR-0235,F22,"Property, Facilities & Physical Assets","Property, space, lease, facilities, asset register, maintenance, work orders, lifecycle and field service",Bentley Systems,Bentley AssetWise,PENDING_MODULE_VERIFICATION,PENDING_OPERATION_VERIFICATION,PENDING,PENDING,PENDING,PENDING,PENDING,PENDING,"Provide native governed capability for Property, space, lease, facilities, asset register, maintenance, work orders, lifecycle and field service, with structured business objects, lifecycle/status, responsibility/authority, review/approval, audit evidence, reporting and integration semantics appropriate to F22 Property, Facilities & Physical Assets.",RESEARCH_PENDING,https://www.bentley.com/,2026-09-21
ENT-MTB-0236,MTR-0236,F22,"Property, Facilities & Physical Assets","Property, space, lease, facilities, asset register, maintenance, work orders, lifecycle and field service",UpKeep,UpKeep,PENDING_MODULE_VERIFICATION,PENDING_OPERATION_VERIFICATION,PENDING,PENDING,PENDING,PENDING,PENDING,PENDING,"Provide native governed capability for Property, space, lease, facilities, asset register, maintenance, work orders, lifecycle and field service, with structured business objects, lifecycle/status, responsibility/authority, review/approval, audit evidence, reporting and integration semantics appropriate to F22 Property, Facilities & Physical Assets.",RESEARCH_PENDING,https://upkeep.com/,2026-09-21
ENT-MTB-0237,MTR-0237,F22,"Property, Facilities & Physical Assets","Property, space, lease, facilities, asset register, maintenance, work orders, lifecycle and field service",Fiix,Fiix,PENDING_MODULE_VERIFICATION,PENDING_OPERATION_VERIFICATION,PENDING,PENDING,PENDING,PENDING,PENDING,PENDING,"Provide native governed capability for Property, space, lease, facilities, asset register, maintenance, work orders, lifecycle and field service, with structured business objects, lifecycle/status, responsibility/authority, review/approval, audit evidence, reporting and integration semantics appropriate to F22 Property, Facilities & Physical Assets.",RESEARCH_PENDING,https://fiixsoftware.com/,2026-09-21
ENT-MTB-0238,MTR-0238,F23,"Health, Safety, Environment & Sustainability","H&S, incidents, inspections, permits, environmental compliance, ESG, carbon, energy and sustainability",Intelex,Intelex,PENDING_MODULE_VERIFICATION,PENDING_OPERATION_VERIFICATION,PENDING,PENDING,PENDING,PENDING,PENDING,PENDING,"Provide native governed capability for H&S, incidents, inspections, permits, environmental compliance, ESG, carbon, energy and sustainability, with structured business objects, lifecycle/status, responsibility/authority, review/approval, audit evidence, reporting and integration semantics appropriate to F23 Health, Safety, Environment & Sustainability.",RESEARCH_PENDING,https://www.intelex.com/,2026-09-21
ENT-MTB-0239,MTR-0239,F23,"Health, Safety, Environment & Sustainability","H&S, incidents, inspections, permits, environmental compliance, ESG, carbon, energy and sustainability",Enablon,Enablon,PENDING_MODULE_VERIFICATION,PENDING_OPERATION_VERIFICATION,PENDING,PENDING,PENDING,PENDING,PENDING,PENDING,"Provide native governed capability for H&S, incidents, inspections, permits, environmental compliance, ESG, carbon, energy and sustainability, with structured business objects, lifecycle/status, responsibility/authority, review/approval, audit evidence, reporting and integration semantics appropriate to F23 Health, Safety, Environment & Sustainability.",RESEARCH_PENDING,https://www.wolterskluwer.com/en/solutions/enablon,2026-09-21
ENT-MTB-0240,MTR-0240,F23,"Health, Safety, Environment & Sustainability","H&S, incidents, inspections, permits, environmental compliance, ESG, carbon, energy and sustainability",Sphera,Sphera,PENDING_MODULE_VERIFICATION,PENDING_OPERATION_VERIFICATION,PENDING,PENDING,PENDING,PENDING,PENDING,PENDING,"Provide native governed capability for H&S, incidents, inspections, permits, environmental compliance, ESG, carbon, energy and sustainability, with structured business objects, lifecycle/status, responsibility/authority, review/approval, audit evidence, reporting and integration semantics appropriate to F23 Health, Safety, Environment & Sustainability.",RESEARCH_PENDING,https://sphera.com/,2026-09-21
ENT-MTB-0241,MTR-0241,F23,"Health, Safety, Environment & Sustainability","H&S, incidents, inspections, permits, environmental compliance, ESG, carbon, energy and sustainability",Cority,Cority,PENDING_MODULE_VERIFICATION,PENDING_OPERATION_VERIFICATION,PENDING,PENDING,PENDING,PENDING,PENDING,PENDING,"Provide native governed capability for H&S, incidents, inspections, permits, environmental compliance, ESG, carbon, energy and sustainability, with structured business objects, lifecycle/status, responsibility/authority, review/approval, audit evidence, reporting and integration semantics appropriate to F23 Health, Safety, Environment & Sustainability.",RESEARCH_PENDING,https://www.cority.com/,2026-09-21
ENT-MTB-0242,MTR-0242,F23,"Health, Safety, Environment & Sustainability","H&S, incidents, inspections, permits, environmental compliance, ESG, carbon, energy and sustainability",EcoOnline,EcoOnline,PENDING_MODULE_VERIFICATION,PENDING_OPERATION_VERIFICATION,PENDING,PENDING,PENDING,PENDING,PENDING,PENDING,"Provide native governed capability for H&S, incidents, inspections, permits, environmental compliance, ESG, carbon, energy and sustainability, with structured business objects, lifecycle/status, responsibility/authority, review/approval, audit evidence, reporting and integration semantics appropriate to F23 Health, Safety, Environment & Sustainability.",RESEARCH_PENDING,https://www.ecoonline.com/,2026-09-21
ENT-MTB-0243,MTR-0243,F23,"Health, Safety, Environment & Sustainability","H&S, incidents, inspections, permits, environmental compliance, ESG, carbon, energy and sustainability",Quentic,Quentic,PENDING_MODULE_VERIFICATION,PENDING_OPERATION_VERIFICATION,PENDING,PENDING,PENDING,PENDING,PENDING,PENDING,"Provide native governed capability for H&S, incidents, inspections, permits, environmental compliance, ESG, carbon, energy and sustainability, with structured business objects, lifecycle/status, responsibility/authority, review/approval, audit evidence, reporting and integration semantics appropriate to F23 Health, Safety, Environment & Sustainability.",RESEARCH_PENDING,https://www.quentic.com/,2026-09-21
ENT-MTB-0244,MTR-0244,F23,"Health, Safety, Environment & Sustainability","H&S, incidents, inspections, permits, environmental compliance, ESG, carbon, energy and sustainability",VelocityEHS,VelocityEHS,PENDING_MODULE_VERIFICATION,PENDING_OPERATION_VERIFICATION,PENDING,PENDING,PENDING,PENDING,PENDING,PENDING,"Provide native governed capability for H&S, incidents, inspections, permits, environmental compliance, ESG, carbon, energy and sustainability, with structured business objects, lifecycle/status, responsibility/authority, review/approval, audit evidence, reporting and integration semantics appropriate to F23 Health, Safety, Environment & Sustainability.",RESEARCH_PENDING,https://www.ehs.com/,2026-09-21
ENT-MTB-0245,MTR-0245,F23,"Health, Safety, Environment & Sustainability","H&S, incidents, inspections, permits, environmental compliance, ESG, carbon, energy and sustainability",Evotix,Evotix,PENDING_MODULE_VERIFICATION,PENDING_OPERATION_VERIFICATION,PENDING,PENDING,PENDING,PENDING,PENDING,PENDING,"Provide native governed capability for H&S, incidents, inspections, permits, environmental compliance, ESG, carbon, energy and sustainability, with structured business objects, lifecycle/status, responsibility/authority, review/approval, audit evidence, reporting and integration semantics appropriate to F23 Health, Safety, Environment & Sustainability.",RESEARCH_PENDING,https://www.evotix.com/,2026-09-21
ENT-MTB-0246,MTR-0246,F23,"Health, Safety, Environment & Sustainability","H&S, incidents, inspections, permits, environmental compliance, ESG, carbon, energy and sustainability",SafetyCulture,SafetyCulture,PENDING_MODULE_VERIFICATION,PENDING_OPERATION_VERIFICATION,PENDING,PENDING,PENDING,PENDING,PENDING,PENDING,"Provide native governed capability for H&S, incidents, inspections, permits, environmental compliance, ESG, carbon, energy and sustainability, with structured business objects, lifecycle/status, responsibility/authority, review/approval, audit evidence, reporting and integration semantics appropriate to F23 Health, Safety, Environment & Sustainability.",RESEARCH_PENDING,https://safetyculture.com/,2026-09-21
ENT-MTB-0247,MTR-0247,F23,"Health, Safety, Environment & Sustainability","H&S, incidents, inspections, permits, environmental compliance, ESG, carbon, energy and sustainability",SAP,SAP Sustainability,PENDING_MODULE_VERIFICATION,PENDING_OPERATION_VERIFICATION,PENDING,PENDING,PENDING,PENDING,PENDING,PENDING,"Provide native governed capability for H&S, incidents, inspections, permits, environmental compliance, ESG, carbon, energy and sustainability, with structured business objects, lifecycle/status, responsibility/authority, review/approval, audit evidence, reporting and integration semantics appropriate to F23 Health, Safety, Environment & Sustainability.",RESEARCH_PENDING,https://www.sap.com/products.html,2026-09-21
ENT-MTB-0248,MTR-0248,F23,"Health, Safety, Environment & Sustainability","H&S, incidents, inspections, permits, environmental compliance, ESG, carbon, energy and sustainability",Persefoni,Persefoni,PENDING_MODULE_VERIFICATION,PENDING_OPERATION_VERIFICATION,PENDING,PENDING,PENDING,PENDING,PENDING,PENDING,"Provide native governed capability for H&S, incidents, inspections, permits, environmental compliance, ESG, carbon, energy and sustainability, with structured business objects, lifecycle/status, responsibility/authority, review/approval, audit evidence, reporting and integration semantics appropriate to F23 Health, Safety, Environment & Sustainability.",RESEARCH_PENDING,https://www.persefoni.com/,2026-09-21
ENT-MTB-0249,MTR-0249,F23,"Health, Safety, Environment & Sustainability","H&S, incidents, inspections, permits, environmental compliance, ESG, carbon, energy and sustainability",Watershed,Watershed,PENDING_MODULE_VERIFICATION,PENDING_OPERATION_VERIFICATION,PENDING,PENDING,PENDING,PENDING,PENDING,PENDING,"Provide native governed capability for H&S, incidents, inspections, permits, environmental compliance, ESG, carbon, energy and sustainability, with structured business objects, lifecycle/status, responsibility/authority, review/approval, audit evidence, reporting and integration semantics appropriate to F23 Health, Safety, Environment & Sustainability.",RESEARCH_PENDING,https://watershed.com/,2026-09-21
ENT-MTB-0250,MTR-0250,F23,"Health, Safety, Environment & Sustainability","H&S, incidents, inspections, permits, environmental compliance, ESG, carbon, energy and sustainability",Sweep,Sweep,PENDING_MODULE_VERIFICATION,PENDING_OPERATION_VERIFICATION,PENDING,PENDING,PENDING,PENDING,PENDING,PENDING,"Provide native governed capability for H&S, incidents, inspections, permits, environmental compliance, ESG, carbon, energy and sustainability, with structured business objects, lifecycle/status, responsibility/authority, review/approval, audit evidence, reporting and integration semantics appropriate to F23 Health, Safety, Environment & Sustainability.",RESEARCH_PENDING,https://www.sweep.net/,2026-09-21
ENT-MTB-0251,MTR-0251,F23,"Health, Safety, Environment & Sustainability","H&S, incidents, inspections, permits, environmental compliance, ESG, carbon, energy and sustainability",One Click LCA,One Click LCA,PENDING_MODULE_VERIFICATION,PENDING_OPERATION_VERIFICATION,PENDING,PENDING,PENDING,PENDING,PENDING,PENDING,"Provide native governed capability for H&S, incidents, inspections, permits, environmental compliance, ESG, carbon, energy and sustainability, with structured business objects, lifecycle/status, responsibility/authority, review/approval, audit evidence, reporting and integration semantics appropriate to F23 Health, Safety, Environment & Sustainability.",RESEARCH_PENDING,https://oneclicklca.com/,2026-09-21
ENT-MTB-0252,MTR-0252,F24,"Business Continuity, Crisis & Physical Security","BCM, resilience, crisis management, emergency notification and physical security operations",Fusion Risk Management,Fusion Risk Management,PENDING_MODULE_VERIFICATION,PENDING_OPERATION_VERIFICATION,PENDING,PENDING,PENDING,PENDING,PENDING,PENDING,"Provide native governed capability for BCM, resilience, crisis management, emergency notification and physical security operations, with structured business objects, lifecycle/status, responsibility/authority, review/approval, audit evidence, reporting and integration semantics appropriate to F24 Business Continuity, Crisis & Physical Security.",RESEARCH_PENDING,https://www.fusionrm.com/,2026-09-21
ENT-MTB-0253,MTR-0253,F24,"Business Continuity, Crisis & Physical Security","BCM, resilience, crisis management, emergency notification and physical security operations",Everbridge,Everbridge,PENDING_MODULE_VERIFICATION,PENDING_OPERATION_VERIFICATION,PENDING,PENDING,PENDING,PENDING,PENDING,PENDING,"Provide native governed capability for BCM, resilience, crisis management, emergency notification and physical security operations, with structured business objects, lifecycle/status, responsibility/authority, review/approval, audit evidence, reporting and integration semantics appropriate to F24 Business Continuity, Crisis & Physical Security.",RESEARCH_PENDING,https://www.everbridge.com/,2026-09-21
ENT-MTB-0254,MTR-0254,F24,"Business Continuity, Crisis & Physical Security","BCM, resilience, crisis management, emergency notification and physical security operations",Riskonnect,Riskonnect,PENDING_MODULE_VERIFICATION,PENDING_OPERATION_VERIFICATION,PENDING,PENDING,PENDING,PENDING,PENDING,PENDING,"Provide native governed capability for BCM, resilience, crisis management, emergency notification and physical security operations, with structured business objects, lifecycle/status, responsibility/authority, review/approval, audit evidence, reporting and integration semantics appropriate to F24 Business Continuity, Crisis & Physical Security.",RESEARCH_PENDING,https://riskonnect.com/,2026-09-21
ENT-MTB-0255,MTR-0255,F24,"Business Continuity, Crisis & Physical Security","BCM, resilience, crisis management, emergency notification and physical security operations",Resolver,Resolver,PENDING_MODULE_VERIFICATION,PENDING_OPERATION_VERIFICATION,PENDING,PENDING,PENDING,PENDING,PENDING,PENDING,"Provide native governed capability for BCM, resilience, crisis management, emergency notification and physical security operations, with structured business objects, lifecycle/status, responsibility/authority, review/approval, audit evidence, reporting and integration semantics appropriate to F24 Business Continuity, Crisis & Physical Security.",RESEARCH_PENDING,https://www.resolver.com/,2026-09-21
ENT-MTB-0256,MTR-0256,F24,"Business Continuity, Crisis & Physical Security","BCM, resilience, crisis management, emergency notification and physical security operations",Noggin,Noggin,PENDING_MODULE_VERIFICATION,PENDING_OPERATION_VERIFICATION,PENDING,PENDING,PENDING,PENDING,PENDING,PENDING,"Provide native governed capability for BCM, resilience, crisis management, emergency notification and physical security operations, with structured business objects, lifecycle/status, responsibility/authority, review/approval, audit evidence, reporting and integration semantics appropriate to F24 Business Continuity, Crisis & Physical Security.",RESEARCH_PENDING,https://www.noggin.io/,2026-09-21
ENT-MTB-0257,MTR-0257,F24,"Business Continuity, Crisis & Physical Security","BCM, resilience, crisis management, emergency notification and physical security operations",AlertMedia,AlertMedia,PENDING_MODULE_VERIFICATION,PENDING_OPERATION_VERIFICATION,PENDING,PENDING,PENDING,PENDING,PENDING,PENDING,"Provide native governed capability for BCM, resilience, crisis management, emergency notification and physical security operations, with structured business objects, lifecycle/status, responsibility/authority, review/approval, audit evidence, reporting and integration semantics appropriate to F24 Business Continuity, Crisis & Physical Security.",RESEARCH_PENDING,https://www.alertmedia.com/,2026-09-21
ENT-MTB-0258,MTR-0258,F24,"Business Continuity, Crisis & Physical Security","BCM, resilience, crisis management, emergency notification and physical security operations",OnSolve,OnSolve,PENDING_MODULE_VERIFICATION,PENDING_OPERATION_VERIFICATION,PENDING,PENDING,PENDING,PENDING,PENDING,PENDING,"Provide native governed capability for BCM, resilience, crisis management, emergency notification and physical security operations, with structured business objects, lifecycle/status, responsibility/authority, review/approval, audit evidence, reporting and integration semantics appropriate to F24 Business Continuity, Crisis & Physical Security.",RESEARCH_PENDING,https://www.onsolve.com/,2026-09-21
ENT-MTB-0259,MTR-0259,F24,"Business Continuity, Crisis & Physical Security","BCM, resilience, crisis management, emergency notification and physical security operations",Genetec,Genetec Security Center,PENDING_MODULE_VERIFICATION,PENDING_OPERATION_VERIFICATION,PENDING,PENDING,PENDING,PENDING,PENDING,PENDING,"Provide native governed capability for BCM, resilience, crisis management, emergency notification and physical security operations, with structured business objects, lifecycle/status, responsibility/authority, review/approval, audit evidence, reporting and integration semantics appropriate to F24 Business Continuity, Crisis & Physical Security.",RESEARCH_PENDING,https://www.genetec.com/,2026-09-21
ENT-MTB-0260,MTR-0260,F24,"Business Continuity, Crisis & Physical Security","BCM, resilience, crisis management, emergency notification and physical security operations",LenelS2,LenelS2 OnGuard,PENDING_MODULE_VERIFICATION,PENDING_OPERATION_VERIFICATION,PENDING,PENDING,PENDING,PENDING,PENDING,PENDING,"Provide native governed capability for BCM, resilience, crisis management, emergency notification and physical security operations, with structured business objects, lifecycle/status, responsibility/authority, review/approval, audit evidence, reporting and integration semantics appropriate to F24 Business Continuity, Crisis & Physical Security.",RESEARCH_PENDING,https://www.lenels2.com/,2026-09-21
ENT-MTB-0261,MTR-0261,F24,"Business Continuity, Crisis & Physical Security","BCM, resilience, crisis management, emergency notification and physical security operations",Milestone Systems,Milestone XProtect,PENDING_MODULE_VERIFICATION,PENDING_OPERATION_VERIFICATION,PENDING,PENDING,PENDING,PENDING,PENDING,PENDING,"Provide native governed capability for BCM, resilience, crisis management, emergency notification and physical security operations, with structured business objects, lifecycle/status, responsibility/authority, review/approval, audit evidence, reporting and integration semantics appropriate to F24 Business Continuity, Crisis & Physical Security.",RESEARCH_PENDING,https://www.milestonesys.com/,2026-09-21
ENT-MTB-0262,MTR-0262,F24,"Business Continuity, Crisis & Physical Security","BCM, resilience, crisis management, emergency notification and physical security operations",Verkada,Verkada,PENDING_MODULE_VERIFICATION,PENDING_OPERATION_VERIFICATION,PENDING,PENDING,PENDING,PENDING,PENDING,PENDING,"Provide native governed capability for BCM, resilience, crisis management, emergency notification and physical security operations, with structured business objects, lifecycle/status, responsibility/authority, review/approval, audit evidence, reporting and integration semantics appropriate to F24 Business Continuity, Crisis & Physical Security.",RESEARCH_PENDING,https://www.verkada.com/,2026-09-21
ENT-MTB-0263,MTR-0263,F25,"Communications, Public Affairs & Investor Relations","Media monitoring, communications, public affairs, social, investor communications, earnings and disclosure",Cision,Cision,PENDING_MODULE_VERIFICATION,PENDING_OPERATION_VERIFICATION,PENDING,PENDING,PENDING,PENDING,PENDING,PENDING,"Provide native governed capability for Media monitoring, communications, public affairs, social, investor communications, earnings and disclosure, with structured business objects, lifecycle/status, responsibility/authority, review/approval, audit evidence, reporting and integration semantics appropriate to F25 Communications, Public Affairs & Investor Relations.",RESEARCH_PENDING,https://www.cision.com/,2026-09-21
ENT-MTB-0264,MTR-0264,F25,"Communications, Public Affairs & Investor Relations","Media monitoring, communications, public affairs, social, investor communications, earnings and disclosure",Meltwater,Meltwater,PENDING_MODULE_VERIFICATION,PENDING_OPERATION_VERIFICATION,PENDING,PENDING,PENDING,PENDING,PENDING,PENDING,"Provide native governed capability for Media monitoring, communications, public affairs, social, investor communications, earnings and disclosure, with structured business objects, lifecycle/status, responsibility/authority, review/approval, audit evidence, reporting and integration semantics appropriate to F25 Communications, Public Affairs & Investor Relations.",RESEARCH_PENDING,https://www.meltwater.com/,2026-09-21
ENT-MTB-0265,MTR-0265,F25,"Communications, Public Affairs & Investor Relations","Media monitoring, communications, public affairs, social, investor communications, earnings and disclosure",Sprinklr,Sprinklr,PENDING_MODULE_VERIFICATION,PENDING_OPERATION_VERIFICATION,PENDING,PENDING,PENDING,PENDING,PENDING,PENDING,"Provide native governed capability for Media monitoring, communications, public affairs, social, investor communications, earnings and disclosure, with structured business objects, lifecycle/status, responsibility/authority, review/approval, audit evidence, reporting and integration semantics appropriate to F25 Communications, Public Affairs & Investor Relations.",RESEARCH_PENDING,https://www.sprinklr.com/,2026-09-21
ENT-MTB-0266,MTR-0266,F25,"Communications, Public Affairs & Investor Relations","Media monitoring, communications, public affairs, social, investor communications, earnings and disclosure",Brandwatch,Brandwatch,PENDING_MODULE_VERIFICATION,PENDING_OPERATION_VERIFICATION,PENDING,PENDING,PENDING,PENDING,PENDING,PENDING,"Provide native governed capability for Media monitoring, communications, public affairs, social, investor communications, earnings and disclosure, with structured business objects, lifecycle/status, responsibility/authority, review/approval, audit evidence, reporting and integration semantics appropriate to F25 Communications, Public Affairs & Investor Relations.",RESEARCH_PENDING,https://www.brandwatch.com/,2026-09-21
ENT-MTB-0267,MTR-0267,F25,"Communications, Public Affairs & Investor Relations","Media monitoring, communications, public affairs, social, investor communications, earnings and disclosure",Hootsuite,Hootsuite,PENDING_MODULE_VERIFICATION,PENDING_OPERATION_VERIFICATION,PENDING,PENDING,PENDING,PENDING,PENDING,PENDING,"Provide native governed capability for Media monitoring, communications, public affairs, social, investor communications, earnings and disclosure, with structured business objects, lifecycle/status, responsibility/authority, review/approval, audit evidence, reporting and integration semantics appropriate to F25 Communications, Public Affairs & Investor Relations.",RESEARCH_PENDING,https://www.hootsuite.com/,2026-09-21
ENT-MTB-0268,MTR-0268,F25,"Communications, Public Affairs & Investor Relations","Media monitoring, communications, public affairs, social, investor communications, earnings and disclosure",Q4,Q4,PENDING_MODULE_VERIFICATION,PENDING_OPERATION_VERIFICATION,PENDING,PENDING,PENDING,PENDING,PENDING,PENDING,"Provide native governed capability for Media monitoring, communications, public affairs, social, investor communications, earnings and disclosure, with structured business objects, lifecycle/status, responsibility/authority, review/approval, audit evidence, reporting and integration semantics appropriate to F25 Communications, Public Affairs & Investor Relations.",RESEARCH_PENDING,https://www.q4inc.com/,2026-09-21
ENT-MTB-0269,MTR-0269,F25,"Communications, Public Affairs & Investor Relations","Media monitoring, communications, public affairs, social, investor communications, earnings and disclosure",Workiva,Workiva,PENDING_MODULE_VERIFICATION,PENDING_OPERATION_VERIFICATION,PENDING,PENDING,PENDING,PENDING,PENDING,PENDING,"Provide native governed capability for Media monitoring, communications, public affairs, social, investor communications, earnings and disclosure, with structured business objects, lifecycle/status, responsibility/authority, review/approval, audit evidence, reporting and integration semantics appropriate to F25 Communications, Public Affairs & Investor Relations.",RESEARCH_PENDING,https://www.workiva.com/,2026-09-21
ENT-MTB-0270,MTR-0270,F25,"Communications, Public Affairs & Investor Relations","Media monitoring, communications, public affairs, social, investor communications, earnings and disclosure",Notified,Notified,PENDING_MODULE_VERIFICATION,PENDING_OPERATION_VERIFICATION,PENDING,PENDING,PENDING,PENDING,PENDING,PENDING,"Provide native governed capability for Media monitoring, communications, public affairs, social, investor communications, earnings and disclosure, with structured business objects, lifecycle/status, responsibility/authority, review/approval, audit evidence, reporting and integration semantics appropriate to F25 Communications, Public Affairs & Investor Relations.",RESEARCH_PENDING,https://www.notified.com/,2026-09-21
ENT-MTB-0271,MTR-0271,F25,"Communications, Public Affairs & Investor Relations","Media monitoring, communications, public affairs, social, investor communications, earnings and disclosure",Onclusive,Onclusive,PENDING_MODULE_VERIFICATION,PENDING_OPERATION_VERIFICATION,PENDING,PENDING,PENDING,PENDING,PENDING,PENDING,"Provide native governed capability for Media monitoring, communications, public affairs, social, investor communications, earnings and disclosure, with structured business objects, lifecycle/status, responsibility/authority, review/approval, audit evidence, reporting and integration semantics appropriate to F25 Communications, Public Affairs & Investor Relations.",RESEARCH_PENDING,https://onclusive.com/,2026-09-21
ENT-MTB-0272,MTR-0272,F26,"Knowledge, Document & Records Management","Knowledge, content, document control, records, retention, collaboration, engineering information and CDE",Microsoft,Microsoft 365 / SharePoint / Purview,PENDING_MODULE_VERIFICATION,PENDING_OPERATION_VERIFICATION,PENDING,PENDING,PENDING,PENDING,PENDING,PENDING,"Provide native governed capability for Knowledge, content, document control, records, retention, collaboration, engineering information and CDE, with structured business objects, lifecycle/status, responsibility/authority, review/approval, audit evidence, reporting and integration semantics appropriate to F26 Knowledge, Document & Records Management.",RESEARCH_PENDING,https://www.microsoft.com/en-us/dynamics-365,2026-09-21
ENT-MTB-0273,MTR-0273,F26,"Knowledge, Document & Records Management","Knowledge, content, document control, records, retention, collaboration, engineering information and CDE",OpenText,OpenText Content Management,PENDING_MODULE_VERIFICATION,PENDING_OPERATION_VERIFICATION,PENDING,PENDING,PENDING,PENDING,PENDING,PENDING,"Provide native governed capability for Knowledge, content, document control, records, retention, collaboration, engineering information and CDE, with structured business objects, lifecycle/status, responsibility/authority, review/approval, audit evidence, reporting and integration semantics appropriate to F26 Knowledge, Document & Records Management.",RESEARCH_PENDING,https://www.opentext.com/uk/products/core-content-management,2026-09-21
ENT-MTB-0274,MTR-0274,F26,"Knowledge, Document & Records Management","Knowledge, content, document control, records, retention, collaboration, engineering information and CDE",M-Files,M-Files,PENDING_MODULE_VERIFICATION,PENDING_OPERATION_VERIFICATION,PENDING,PENDING,PENDING,PENDING,PENDING,PENDING,"Provide native governed capability for Knowledge, content, document control, records, retention, collaboration, engineering information and CDE, with structured business objects, lifecycle/status, responsibility/authority, review/approval, audit evidence, reporting and integration semantics appropriate to F26 Knowledge, Document & Records Management.",RESEARCH_PENDING,https://www.m-files.com/,2026-09-21
ENT-MTB-0275,MTR-0275,F26,"Knowledge, Document & Records Management","Knowledge, content, document control, records, retention, collaboration, engineering information and CDE",Box,Box,PENDING_MODULE_VERIFICATION,PENDING_OPERATION_VERIFICATION,PENDING,PENDING,PENDING,PENDING,PENDING,PENDING,"Provide native governed capability for Knowledge, content, document control, records, retention, collaboration, engineering information and CDE, with structured business objects, lifecycle/status, responsibility/authority, review/approval, audit evidence, reporting and integration semantics appropriate to F26 Knowledge, Document & Records Management.",RESEARCH_PENDING,https://www.box.com/,2026-09-21
ENT-MTB-0276,MTR-0276,F26,"Knowledge, Document & Records Management","Knowledge, content, document control, records, retention, collaboration, engineering information and CDE",Egnyte,Egnyte,PENDING_MODULE_VERIFICATION,PENDING_OPERATION_VERIFICATION,PENDING,PENDING,PENDING,PENDING,PENDING,PENDING,"Provide native governed capability for Knowledge, content, document control, records, retention, collaboration, engineering information and CDE, with structured business objects, lifecycle/status, responsibility/authority, review/approval, audit evidence, reporting and integration semantics appropriate to F26 Knowledge, Document & Records Management.",RESEARCH_PENDING,https://www.egnyte.com/,2026-09-21
ENT-MTB-0277,MTR-0277,F26,"Knowledge, Document & Records Management","Knowledge, content, document control, records, retention, collaboration, engineering information and CDE",Atlassian,Atlassian Confluence,PENDING_MODULE_VERIFICATION,PENDING_OPERATION_VERIFICATION,PENDING,PENDING,PENDING,PENDING,PENDING,PENDING,"Provide native governed capability for Knowledge, content, document control, records, retention, collaboration, engineering information and CDE, with structured business objects, lifecycle/status, responsibility/authority, review/approval, audit evidence, reporting and integration semantics appropriate to F26 Knowledge, Document & Records Management.",RESEARCH_PENDING,https://www.atlassian.com/,2026-09-21
ENT-MTB-0278,MTR-0278,F26,"Knowledge, Document & Records Management","Knowledge, content, document control, records, retention, collaboration, engineering information and CDE",Google,Google Workspace / Drive,PENDING_MODULE_VERIFICATION,PENDING_OPERATION_VERIFICATION,PENDING,PENDING,PENDING,PENDING,PENDING,PENDING,"Provide native governed capability for Knowledge, content, document control, records, retention, collaboration, engineering information and CDE, with structured business objects, lifecycle/status, responsibility/authority, review/approval, audit evidence, reporting and integration semantics appropriate to F26 Knowledge, Document & Records Management.",RESEARCH_PENDING,https://cloud.google.com/looker,2026-09-21
ENT-MTB-0279,MTR-0279,F26,"Knowledge, Document & Records Management","Knowledge, content, document control, records, retention, collaboration, engineering information and CDE",Laserfiche,Laserfiche,PENDING_MODULE_VERIFICATION,PENDING_OPERATION_VERIFICATION,PENDING,PENDING,PENDING,PENDING,PENDING,PENDING,"Provide native governed capability for Knowledge, content, document control, records, retention, collaboration, engineering information and CDE, with structured business objects, lifecycle/status, responsibility/authority, review/approval, audit evidence, reporting and integration semantics appropriate to F26 Knowledge, Document & Records Management.",RESEARCH_PENDING,https://www.laserfiche.com/,2026-09-21
ENT-MTB-0280,MTR-0280,F26,"Knowledge, Document & Records Management","Knowledge, content, document control, records, retention, collaboration, engineering information and CDE",Hyland,Hyland OnBase,PENDING_MODULE_VERIFICATION,PENDING_OPERATION_VERIFICATION,PENDING,PENDING,PENDING,PENDING,PENDING,PENDING,"Provide native governed capability for Knowledge, content, document control, records, retention, collaboration, engineering information and CDE, with structured business objects, lifecycle/status, responsibility/authority, review/approval, audit evidence, reporting and integration semantics appropriate to F26 Knowledge, Document & Records Management.",RESEARCH_PENDING,https://www.hyland.com/,2026-09-21
ENT-MTB-0281,MTR-0281,F26,"Knowledge, Document & Records Management","Knowledge, content, document control, records, retention, collaboration, engineering information and CDE",DocuWare,DocuWare,PENDING_MODULE_VERIFICATION,PENDING_OPERATION_VERIFICATION,PENDING,PENDING,PENDING,PENDING,PENDING,PENDING,"Provide native governed capability for Knowledge, content, document control, records, retention, collaboration, engineering information and CDE, with structured business objects, lifecycle/status, responsibility/authority, review/approval, audit evidence, reporting and integration semantics appropriate to F26 Knowledge, Document & Records Management.",RESEARCH_PENDING,https://start.docuware.com/,2026-09-21
ENT-MTB-0282,MTR-0282,F26,"Knowledge, Document & Records Management","Knowledge, content, document control, records, retention, collaboration, engineering information and CDE",Autodesk,Autodesk Docs,PENDING_MODULE_VERIFICATION,PENDING_OPERATION_VERIFICATION,PENDING,PENDING,PENDING,PENDING,PENDING,PENDING,"Provide native governed capability for Knowledge, content, document control, records, retention, collaboration, engineering information and CDE, with structured business objects, lifecycle/status, responsibility/authority, review/approval, audit evidence, reporting and integration semantics appropriate to F26 Knowledge, Document & Records Management.",RESEARCH_PENDING,https://www.autodesk.com/,2026-09-21
ENT-MTB-0283,MTR-0283,F26,"Knowledge, Document & Records Management","Knowledge, content, document control, records, retention, collaboration, engineering information and CDE",Oracle,Oracle Aconex,PENDING_MODULE_VERIFICATION,PENDING_OPERATION_VERIFICATION,PENDING,PENDING,PENDING,PENDING,PENDING,PENDING,"Provide native governed capability for Knowledge, content, document control, records, retention, collaboration, engineering information and CDE, with structured business objects, lifecycle/status, responsibility/authority, review/approval, audit evidence, reporting and integration semantics appropriate to F26 Knowledge, Document & Records Management.",RESEARCH_PENDING,https://www.oracle.com/,2026-09-21
ENT-MTB-0284,MTR-0284,F26,"Knowledge, Document & Records Management","Knowledge, content, document control, records, retention, collaboration, engineering information and CDE",Asite,Asite,PENDING_MODULE_VERIFICATION,PENDING_OPERATION_VERIFICATION,PENDING,PENDING,PENDING,PENDING,PENDING,PENDING,"Provide native governed capability for Knowledge, content, document control, records, retention, collaboration, engineering information and CDE, with structured business objects, lifecycle/status, responsibility/authority, review/approval, audit evidence, reporting and integration semantics appropriate to F26 Knowledge, Document & Records Management.",RESEARCH_PENDING,https://www.asite.com/,2026-09-21
ENT-MTB-0285,MTR-0285,F26,"Knowledge, Document & Records Management","Knowledge, content, document control, records, retention, collaboration, engineering information and CDE",Bentley Systems,Bentley ProjectWise,PENDING_MODULE_VERIFICATION,PENDING_OPERATION_VERIFICATION,PENDING,PENDING,PENDING,PENDING,PENDING,PENDING,"Provide native governed capability for Knowledge, content, document control, records, retention, collaboration, engineering information and CDE, with structured business objects, lifecycle/status, responsibility/authority, review/approval, audit evidence, reporting and integration semantics appropriate to F26 Knowledge, Document & Records Management.",RESEARCH_PENDING,https://www.bentley.com/,2026-09-21
ENT-MTB-0286,MTR-0286,F26,"Knowledge, Document & Records Management","Knowledge, content, document control, records, retention, collaboration, engineering information and CDE",Trimble,Trimble Connect,PENDING_MODULE_VERIFICATION,PENDING_OPERATION_VERIFICATION,PENDING,PENDING,PENDING,PENDING,PENDING,PENDING,"Provide native governed capability for Knowledge, content, document control, records, retention, collaboration, engineering information and CDE, with structured business objects, lifecycle/status, responsibility/authority, review/approval, audit evidence, reporting and integration semantics appropriate to F26 Knowledge, Document & Records Management.",RESEARCH_PENDING,https://www.trimble.com/,2026-09-21
ENT-MTB-0287,MTR-0287,F26,"Knowledge, Document & Records Management","Knowledge, content, document control, records, retention, collaboration, engineering information and CDE",Viewpoint,Viewpoint for Projects,PENDING_MODULE_VERIFICATION,PENDING_OPERATION_VERIFICATION,PENDING,PENDING,PENDING,PENDING,PENDING,PENDING,"Provide native governed capability for Knowledge, content, document control, records, retention, collaboration, engineering information and CDE, with structured business objects, lifecycle/status, responsibility/authority, review/approval, audit evidence, reporting and integration semantics appropriate to F26 Knowledge, Document & Records Management.",RESEARCH_PENDING,,2026-09-21
ENT-MTB-0288,MTR-0288,F26,"Knowledge, Document & Records Management","Knowledge, content, document control, records, retention, collaboration, engineering information and CDE",Dalux,Dalux Box,PENDING_MODULE_VERIFICATION,PENDING_OPERATION_VERIFICATION,PENDING,PENDING,PENDING,PENDING,PENDING,PENDING,"Provide native governed capability for Knowledge, content, document control, records, retention, collaboration, engineering information and CDE, with structured business objects, lifecycle/status, responsibility/authority, review/approval, audit evidence, reporting and integration semantics appropriate to F26 Knowledge, Document & Records Management.",RESEARCH_PENDING,https://www.dalux.com/,2026-09-21
ENT-MTB-0289,MTR-0289,F27,"Portfolio, Programme & Project Management","Portfolio, programme, project, scheduling, cost, resources, controls, delivery, collaboration and capital projects",Oracle,Oracle Primavera P6,PENDING_MODULE_VERIFICATION,PENDING_OPERATION_VERIFICATION,PENDING,PENDING,PENDING,PENDING,PENDING,PENDING,"Provide native governed capability for Portfolio, programme, project, scheduling, cost, resources, controls, delivery, collaboration and capital projects, with structured business objects, lifecycle/status, responsibility/authority, review/approval, audit evidence, reporting and integration semantics appropriate to F27 Portfolio, Programme & Project Management.",RESEARCH_PENDING,https://www.oracle.com/,2026-09-21
ENT-MTB-0290,MTR-0290,F27,"Portfolio, Programme & Project Management","Portfolio, programme, project, scheduling, cost, resources, controls, delivery, collaboration and capital projects",Oracle,Oracle Primavera Cloud,PENDING_MODULE_VERIFICATION,PENDING_OPERATION_VERIFICATION,PENDING,PENDING,PENDING,PENDING,PENDING,PENDING,"Provide native governed capability for Portfolio, programme, project, scheduling, cost, resources, controls, delivery, collaboration and capital projects, with structured business objects, lifecycle/status, responsibility/authority, review/approval, audit evidence, reporting and integration semantics appropriate to F27 Portfolio, Programme & Project Management.",RESEARCH_PENDING,https://www.oracle.com/,2026-09-21
ENT-MTB-0291,MTR-0291,F27,"Portfolio, Programme & Project Management","Portfolio, programme, project, scheduling, cost, resources, controls, delivery, collaboration and capital projects",Oracle,Oracle Primavera Unifier,PENDING_MODULE_VERIFICATION,PENDING_OPERATION_VERIFICATION,PENDING,PENDING,PENDING,PENDING,PENDING,PENDING,"Provide native governed capability for Portfolio, programme, project, scheduling, cost, resources, controls, delivery, collaboration and capital projects, with structured business objects, lifecycle/status, responsibility/authority, review/approval, audit evidence, reporting and integration semantics appropriate to F27 Portfolio, Programme & Project Management.",RESEARCH_PENDING,https://www.oracle.com/,2026-09-21
ENT-MTB-0292,MTR-0292,F27,"Portfolio, Programme & Project Management","Portfolio, programme, project, scheduling, cost, resources, controls, delivery, collaboration and capital projects",Microsoft,Microsoft Project / Planner,PENDING_MODULE_VERIFICATION,PENDING_OPERATION_VERIFICATION,PENDING,PENDING,PENDING,PENDING,PENDING,PENDING,"Provide native governed capability for Portfolio, programme, project, scheduling, cost, resources, controls, delivery, collaboration and capital projects, with structured business objects, lifecycle/status, responsibility/authority, review/approval, audit evidence, reporting and integration semantics appropriate to F27 Portfolio, Programme & Project Management.",RESEARCH_PENDING,https://www.microsoft.com/en-us/dynamics-365,2026-09-21
ENT-MTB-0293,MTR-0293,F27,"Portfolio, Programme & Project Management","Portfolio, programme, project, scheduling, cost, resources, controls, delivery, collaboration and capital projects",Planview,Planview,PENDING_MODULE_VERIFICATION,PENDING_OPERATION_VERIFICATION,PENDING,PENDING,PENDING,PENDING,PENDING,PENDING,"Provide native governed capability for Portfolio, programme, project, scheduling, cost, resources, controls, delivery, collaboration and capital projects, with structured business objects, lifecycle/status, responsibility/authority, review/approval, audit evidence, reporting and integration semantics appropriate to F27 Portfolio, Programme & Project Management.",RESEARCH_PENDING,https://www.planview.com/,2026-09-21
ENT-MTB-0294,MTR-0294,F27,"Portfolio, Programme & Project Management","Portfolio, programme, project, scheduling, cost, resources, controls, delivery, collaboration and capital projects",Smartsheet,Smartsheet,PENDING_MODULE_VERIFICATION,PENDING_OPERATION_VERIFICATION,PENDING,PENDING,PENDING,PENDING,PENDING,PENDING,"Provide native governed capability for Portfolio, programme, project, scheduling, cost, resources, controls, delivery, collaboration and capital projects, with structured business objects, lifecycle/status, responsibility/authority, review/approval, audit evidence, reporting and integration semantics appropriate to F27 Portfolio, Programme & Project Management.",RESEARCH_PENDING,https://www.smartsheet.com/,2026-09-21
ENT-MTB-0295,MTR-0295,F27,"Portfolio, Programme & Project Management","Portfolio, programme, project, scheduling, cost, resources, controls, delivery, collaboration and capital projects",Procore,Procore,PENDING_MODULE_VERIFICATION,PENDING_OPERATION_VERIFICATION,PENDING,PENDING,PENDING,PENDING,PENDING,PENDING,"Provide native governed capability for Portfolio, programme, project, scheduling, cost, resources, controls, delivery, collaboration and capital projects, with structured business objects, lifecycle/status, responsibility/authority, review/approval, audit evidence, reporting and integration semantics appropriate to F27 Portfolio, Programme & Project Management.",RESEARCH_PENDING,https://www.procore.com/,2026-09-21
ENT-MTB-0296,MTR-0296,F27,"Portfolio, Programme & Project Management","Portfolio, programme, project, scheduling, cost, resources, controls, delivery, collaboration and capital projects",Autodesk,Autodesk Build,PENDING_MODULE_VERIFICATION,PENDING_OPERATION_VERIFICATION,PENDING,PENDING,PENDING,PENDING,PENDING,PENDING,"Provide native governed capability for Portfolio, programme, project, scheduling, cost, resources, controls, delivery, collaboration and capital projects, with structured business objects, lifecycle/status, responsibility/authority, review/approval, audit evidence, reporting and integration semantics appropriate to F27 Portfolio, Programme & Project Management.",RESEARCH_PENDING,https://www.autodesk.com/,2026-09-21
ENT-MTB-0297,MTR-0297,F27,"Portfolio, Programme & Project Management","Portfolio, programme, project, scheduling, cost, resources, controls, delivery, collaboration and capital projects",Asite,Asite,PENDING_MODULE_VERIFICATION,PENDING_OPERATION_VERIFICATION,PENDING,PENDING,PENDING,PENDING,PENDING,PENDING,"Provide native governed capability for Portfolio, programme, project, scheduling, cost, resources, controls, delivery, collaboration and capital projects, with structured business objects, lifecycle/status, responsibility/authority, review/approval, audit evidence, reporting and integration semantics appropriate to F27 Portfolio, Programme & Project Management.",RESEARCH_PENDING,https://www.asite.com/,2026-09-21
ENT-MTB-0298,MTR-0298,F27,"Portfolio, Programme & Project Management","Portfolio, programme, project, scheduling, cost, resources, controls, delivery, collaboration and capital projects",Trimble,Trimble ProjectSight,PENDING_MODULE_VERIFICATION,PENDING_OPERATION_VERIFICATION,PENDING,PENDING,PENDING,PENDING,PENDING,PENDING,"Provide native governed capability for Portfolio, programme, project, scheduling, cost, resources, controls, delivery, collaboration and capital projects, with structured business objects, lifecycle/status, responsibility/authority, review/approval, audit evidence, reporting and integration semantics appropriate to F27 Portfolio, Programme & Project Management.",RESEARCH_PENDING,https://www.trimble.com/,2026-09-21
ENT-MTB-0299,MTR-0299,F27,"Portfolio, Programme & Project Management","Portfolio, programme, project, scheduling, cost, resources, controls, delivery, collaboration and capital projects",Elecosoft,Asta Powerproject,PENDING_MODULE_VERIFICATION,PENDING_OPERATION_VERIFICATION,PENDING,PENDING,PENDING,PENDING,PENDING,PENDING,"Provide native governed capability for Portfolio, programme, project, scheduling, cost, resources, controls, delivery, collaboration and capital projects, with structured business objects, lifecycle/status, responsibility/authority, review/approval, audit evidence, reporting and integration semantics appropriate to F27 Portfolio, Programme & Project Management.",RESEARCH_PENDING,https://www.elecosoft.com/,2026-09-21
ENT-MTB-0300,MTR-0300,F27,"Portfolio, Programme & Project Management","Portfolio, programme, project, scheduling, cost, resources, controls, delivery, collaboration and capital projects",Bentley Systems,Bentley SYNCHRO,PENDING_MODULE_VERIFICATION,PENDING_OPERATION_VERIFICATION,PENDING,PENDING,PENDING,PENDING,PENDING,PENDING,"Provide native governed capability for Portfolio, programme, project, scheduling, cost, resources, controls, delivery, collaboration and capital projects, with structured business objects, lifecycle/status, responsibility/authority, review/approval, audit evidence, reporting and integration semantics appropriate to F27 Portfolio, Programme & Project Management.",RESEARCH_PENDING,https://www.bentley.com/,2026-09-21
ENT-MTB-0301,MTR-0301,F27,"Portfolio, Programme & Project Management","Portfolio, programme, project, scheduling, cost, resources, controls, delivery, collaboration and capital projects",Hexagon,Hexagon EcoSys,PENDING_MODULE_VERIFICATION,PENDING_OPERATION_VERIFICATION,PENDING,PENDING,PENDING,PENDING,PENDING,PENDING,"Provide native governed capability for Portfolio, programme, project, scheduling, cost, resources, controls, delivery, collaboration and capital projects, with structured business objects, lifecycle/status, responsibility/authority, review/approval, audit evidence, reporting and integration semantics appropriate to F27 Portfolio, Programme & Project Management.",RESEARCH_PENDING,https://hexagon.com/,2026-09-21
ENT-MTB-0302,MTR-0302,F27,"Portfolio, Programme & Project Management","Portfolio, programme, project, scheduling, cost, resources, controls, delivery, collaboration and capital projects",Safran,Safran Project,PENDING_MODULE_VERIFICATION,PENDING_OPERATION_VERIFICATION,PENDING,PENDING,PENDING,PENDING,PENDING,PENDING,"Provide native governed capability for Portfolio, programme, project, scheduling, cost, resources, controls, delivery, collaboration and capital projects, with structured business objects, lifecycle/status, responsibility/authority, review/approval, audit evidence, reporting and integration semantics appropriate to F27 Portfolio, Programme & Project Management.",RESEARCH_PENDING,https://www.safran.com/,2026-09-21
ENT-MTB-0303,MTR-0303,F27,"Portfolio, Programme & Project Management","Portfolio, programme, project, scheduling, cost, resources, controls, delivery, collaboration and capital projects",Deltek,Deltek Cobra,PENDING_MODULE_VERIFICATION,PENDING_OPERATION_VERIFICATION,PENDING,PENDING,PENDING,PENDING,PENDING,PENDING,"Provide native governed capability for Portfolio, programme, project, scheduling, cost, resources, controls, delivery, collaboration and capital projects, with structured business objects, lifecycle/status, responsibility/authority, review/approval, audit evidence, reporting and integration semantics appropriate to F27 Portfolio, Programme & Project Management.",RESEARCH_PENDING,https://www.deltek.com/,2026-09-21
ENT-MTB-0304,MTR-0304,F27,"Portfolio, Programme & Project Management","Portfolio, programme, project, scheduling, cost, resources, controls, delivery, collaboration and capital projects",monday.com,monday.com,PENDING_MODULE_VERIFICATION,PENDING_OPERATION_VERIFICATION,PENDING,PENDING,PENDING,PENDING,PENDING,PENDING,"Provide native governed capability for Portfolio, programme, project, scheduling, cost, resources, controls, delivery, collaboration and capital projects, with structured business objects, lifecycle/status, responsibility/authority, review/approval, audit evidence, reporting and integration semantics appropriate to F27 Portfolio, Programme & Project Management.",RESEARCH_PENDING,https://monday.com/,2026-09-21
ENT-MTB-0305,MTR-0305,F27,"Portfolio, Programme & Project Management","Portfolio, programme, project, scheduling, cost, resources, controls, delivery, collaboration and capital projects",Wrike,Wrike,PENDING_MODULE_VERIFICATION,PENDING_OPERATION_VERIFICATION,PENDING,PENDING,PENDING,PENDING,PENDING,PENDING,"Provide native governed capability for Portfolio, programme, project, scheduling, cost, resources, controls, delivery, collaboration and capital projects, with structured business objects, lifecycle/status, responsibility/authority, review/approval, audit evidence, reporting and integration semantics appropriate to F27 Portfolio, Programme & Project Management.",RESEARCH_PENDING,https://www.wrike.com/,2026-09-21
ENT-MTB-0306,MTR-0306,F28,Change & Transformation Management,"Transformation portfolios, organisational change, adoption, readiness, communications, benefits and execution",Planview,Planview,PENDING_MODULE_VERIFICATION,PENDING_OPERATION_VERIFICATION,PENDING,PENDING,PENDING,PENDING,PENDING,PENDING,"Provide native governed capability for Transformation portfolios, organisational change, adoption, readiness, communications, benefits and execution, with structured business objects, lifecycle/status, responsibility/authority, review/approval, audit evidence, reporting and integration semantics appropriate to F28 Change & Transformation Management.",RESEARCH_PENDING,https://www.planview.com/,2026-09-21
ENT-MTB-0307,MTR-0307,F28,Change & Transformation Management,"Transformation portfolios, organisational change, adoption, readiness, communications, benefits and execution",ServiceNow,ServiceNow Strategic Portfolio Management,PENDING_MODULE_VERIFICATION,PENDING_OPERATION_VERIFICATION,PENDING,PENDING,PENDING,PENDING,PENDING,PENDING,"Provide native governed capability for Transformation portfolios, organisational change, adoption, readiness, communications, benefits and execution, with structured business objects, lifecycle/status, responsibility/authority, review/approval, audit evidence, reporting and integration semantics appropriate to F28 Change & Transformation Management.",RESEARCH_PENDING,https://www.servicenow.com/,2026-09-21
ENT-MTB-0308,MTR-0308,F28,Change & Transformation Management,"Transformation portfolios, organisational change, adoption, readiness, communications, benefits and execution",WalkMe,WalkMe,PENDING_MODULE_VERIFICATION,PENDING_OPERATION_VERIFICATION,PENDING,PENDING,PENDING,PENDING,PENDING,PENDING,"Provide native governed capability for Transformation portfolios, organisational change, adoption, readiness, communications, benefits and execution, with structured business objects, lifecycle/status, responsibility/authority, review/approval, audit evidence, reporting and integration semantics appropriate to F28 Change & Transformation Management.",RESEARCH_PENDING,https://www.walkme.com/,2026-09-21
ENT-MTB-0309,MTR-0309,F28,Change & Transformation Management,"Transformation portfolios, organisational change, adoption, readiness, communications, benefits and execution",Whatfix,Whatfix,PENDING_MODULE_VERIFICATION,PENDING_OPERATION_VERIFICATION,PENDING,PENDING,PENDING,PENDING,PENDING,PENDING,"Provide native governed capability for Transformation portfolios, organisational change, adoption, readiness, communications, benefits and execution, with structured business objects, lifecycle/status, responsibility/authority, review/approval, audit evidence, reporting and integration semantics appropriate to F28 Change & Transformation Management.",RESEARCH_PENDING,https://whatfix.com/,2026-09-21
ENT-MTB-0310,MTR-0310,F28,Change & Transformation Management,"Transformation portfolios, organisational change, adoption, readiness, communications, benefits and execution",Smartsheet,Smartsheet,PENDING_MODULE_VERIFICATION,PENDING_OPERATION_VERIFICATION,PENDING,PENDING,PENDING,PENDING,PENDING,PENDING,"Provide native governed capability for Transformation portfolios, organisational change, adoption, readiness, communications, benefits and execution, with structured business objects, lifecycle/status, responsibility/authority, review/approval, audit evidence, reporting and integration semantics appropriate to F28 Change & Transformation Management.",RESEARCH_PENDING,https://www.smartsheet.com/,2026-09-21
ENT-MTB-0311,MTR-0311,F28,Change & Transformation Management,"Transformation portfolios, organisational change, adoption, readiness, communications, benefits and execution",Atlassian,Jira,PENDING_MODULE_VERIFICATION,PENDING_OPERATION_VERIFICATION,PENDING,PENDING,PENDING,PENDING,PENDING,PENDING,"Provide native governed capability for Transformation portfolios, organisational change, adoption, readiness, communications, benefits and execution, with structured business objects, lifecycle/status, responsibility/authority, review/approval, audit evidence, reporting and integration semantics appropriate to F28 Change & Transformation Management.",RESEARCH_PENDING,https://www.atlassian.com/,2026-09-21
ENT-MTB-0312,MTR-0312,F28,Change & Transformation Management,"Transformation portfolios, organisational change, adoption, readiness, communications, benefits and execution",monday.com,monday.com,PENDING_MODULE_VERIFICATION,PENDING_OPERATION_VERIFICATION,PENDING,PENDING,PENDING,PENDING,PENDING,PENDING,"Provide native governed capability for Transformation portfolios, organisational change, adoption, readiness, communications, benefits and execution, with structured business objects, lifecycle/status, responsibility/authority, review/approval, audit evidence, reporting and integration semantics appropriate to F28 Change & Transformation Management.",RESEARCH_PENDING,https://monday.com/,2026-09-21
ENT-MTB-0313,MTR-0313,F28,Change & Transformation Management,"Transformation portfolios, organisational change, adoption, readiness, communications, benefits and execution",Miro,Miro,PENDING_MODULE_VERIFICATION,PENDING_OPERATION_VERIFICATION,PENDING,PENDING,PENDING,PENDING,PENDING,PENDING,"Provide native governed capability for Transformation portfolios, organisational change, adoption, readiness, communications, benefits and execution, with structured business objects, lifecycle/status, responsibility/authority, review/approval, audit evidence, reporting and integration semantics appropriate to F28 Change & Transformation Management.",RESEARCH_PENDING,https://miro.com/,2026-09-21
ENT-MTB-0314,MTR-0314,F28,Change & Transformation Management,"Transformation portfolios, organisational change, adoption, readiness, communications, benefits and execution",KaiNexus,KaiNexus,PENDING_MODULE_VERIFICATION,PENDING_OPERATION_VERIFICATION,PENDING,PENDING,PENDING,PENDING,PENDING,PENDING,"Provide native governed capability for Transformation portfolios, organisational change, adoption, readiness, communications, benefits and execution, with structured business objects, lifecycle/status, responsibility/authority, review/approval, audit evidence, reporting and integration semantics appropriate to F28 Change & Transformation Management.",RESEARCH_PENDING,https://www.kainexus.com/,2026-09-21
ENT-MTB-0315,MTR-0315,F29,Business Process & Continuous Improvement,"Process modelling, mining, conformance, automation, workflow, value-stream and continuous improvement",SAP,SAP Signavio,PENDING_MODULE_VERIFICATION,PENDING_OPERATION_VERIFICATION,PENDING,PENDING,PENDING,PENDING,PENDING,PENDING,"Provide native governed capability for Process modelling, mining, conformance, automation, workflow, value-stream and continuous improvement, with structured business objects, lifecycle/status, responsibility/authority, review/approval, audit evidence, reporting and integration semantics appropriate to F29 Business Process & Continuous Improvement.",RESEARCH_PENDING,https://www.sap.com/products.html,2026-09-21
ENT-MTB-0316,MTR-0316,F29,Business Process & Continuous Improvement,"Process modelling, mining, conformance, automation, workflow, value-stream and continuous improvement",Celonis,Celonis,PENDING_MODULE_VERIFICATION,PENDING_OPERATION_VERIFICATION,PENDING,PENDING,PENDING,PENDING,PENDING,PENDING,"Provide native governed capability for Process modelling, mining, conformance, automation, workflow, value-stream and continuous improvement, with structured business objects, lifecycle/status, responsibility/authority, review/approval, audit evidence, reporting and integration semantics appropriate to F29 Business Process & Continuous Improvement.",RESEARCH_PENDING,https://www.celonis.com/,2026-09-21
ENT-MTB-0317,MTR-0317,F29,Business Process & Continuous Improvement,"Process modelling, mining, conformance, automation, workflow, value-stream and continuous improvement",Software AG,ARIS,PENDING_MODULE_VERIFICATION,PENDING_OPERATION_VERIFICATION,PENDING,PENDING,PENDING,PENDING,PENDING,PENDING,"Provide native governed capability for Process modelling, mining, conformance, automation, workflow, value-stream and continuous improvement, with structured business objects, lifecycle/status, responsibility/authority, review/approval, audit evidence, reporting and integration semantics appropriate to F29 Business Process & Continuous Improvement.",RESEARCH_PENDING,https://www.aris.com/,2026-09-21
ENT-MTB-0318,MTR-0318,F29,Business Process & Continuous Improvement,"Process modelling, mining, conformance, automation, workflow, value-stream and continuous improvement",Nintex,Nintex,PENDING_MODULE_VERIFICATION,PENDING_OPERATION_VERIFICATION,PENDING,PENDING,PENDING,PENDING,PENDING,PENDING,"Provide native governed capability for Process modelling, mining, conformance, automation, workflow, value-stream and continuous improvement, with structured business objects, lifecycle/status, responsibility/authority, review/approval, audit evidence, reporting and integration semantics appropriate to F29 Business Process & Continuous Improvement.",RESEARCH_PENDING,https://www.nintex.com/,2026-09-21
ENT-MTB-0319,MTR-0319,F29,Business Process & Continuous Improvement,"Process modelling, mining, conformance, automation, workflow, value-stream and continuous improvement",UiPath,UiPath Process Mining,PENDING_MODULE_VERIFICATION,PENDING_OPERATION_VERIFICATION,PENDING,PENDING,PENDING,PENDING,PENDING,PENDING,"Provide native governed capability for Process modelling, mining, conformance, automation, workflow, value-stream and continuous improvement, with structured business objects, lifecycle/status, responsibility/authority, review/approval, audit evidence, reporting and integration semantics appropriate to F29 Business Process & Continuous Improvement.",RESEARCH_PENDING,https://www.uipath.com/,2026-09-21
ENT-MTB-0320,MTR-0320,F29,Business Process & Continuous Improvement,"Process modelling, mining, conformance, automation, workflow, value-stream and continuous improvement",Microsoft,Microsoft Power Automate Process Mining,PENDING_MODULE_VERIFICATION,PENDING_OPERATION_VERIFICATION,PENDING,PENDING,PENDING,PENDING,PENDING,PENDING,"Provide native governed capability for Process modelling, mining, conformance, automation, workflow, value-stream and continuous improvement, with structured business objects, lifecycle/status, responsibility/authority, review/approval, audit evidence, reporting and integration semantics appropriate to F29 Business Process & Continuous Improvement.",RESEARCH_PENDING,https://www.microsoft.com/en-us/dynamics-365,2026-09-21
ENT-MTB-0321,MTR-0321,F29,Business Process & Continuous Improvement,"Process modelling, mining, conformance, automation, workflow, value-stream and continuous improvement",Bizagi,Bizagi,PENDING_MODULE_VERIFICATION,PENDING_OPERATION_VERIFICATION,PENDING,PENDING,PENDING,PENDING,PENDING,PENDING,"Provide native governed capability for Process modelling, mining, conformance, automation, workflow, value-stream and continuous improvement, with structured business objects, lifecycle/status, responsibility/authority, review/approval, audit evidence, reporting and integration semantics appropriate to F29 Business Process & Continuous Improvement.",RESEARCH_PENDING,https://www.bizagi.com/,2026-09-21
ENT-MTB-0322,MTR-0322,F29,Business Process & Continuous Improvement,"Process modelling, mining, conformance, automation, workflow, value-stream and continuous improvement",Appian,Appian,PENDING_MODULE_VERIFICATION,PENDING_OPERATION_VERIFICATION,PENDING,PENDING,PENDING,PENDING,PENDING,PENDING,"Provide native governed capability for Process modelling, mining, conformance, automation, workflow, value-stream and continuous improvement, with structured business objects, lifecycle/status, responsibility/authority, review/approval, audit evidence, reporting and integration semantics appropriate to F29 Business Process & Continuous Improvement.",RESEARCH_PENDING,https://appian.com/,2026-09-21
ENT-MTB-0323,MTR-0323,F29,Business Process & Continuous Improvement,"Process modelling, mining, conformance, automation, workflow, value-stream and continuous improvement",Camunda,Camunda,PENDING_MODULE_VERIFICATION,PENDING_OPERATION_VERIFICATION,PENDING,PENDING,PENDING,PENDING,PENDING,PENDING,"Provide native governed capability for Process modelling, mining, conformance, automation, workflow, value-stream and continuous improvement, with structured business objects, lifecycle/status, responsibility/authority, review/approval, audit evidence, reporting and integration semantics appropriate to F29 Business Process & Continuous Improvement.",RESEARCH_PENDING,https://camunda.com/,2026-09-21
ENT-MTB-0324,MTR-0324,F29,Business Process & Continuous Improvement,"Process modelling, mining, conformance, automation, workflow, value-stream and continuous improvement",IBM,IBM Blueworks Live,PENDING_MODULE_VERIFICATION,PENDING_OPERATION_VERIFICATION,PENDING,PENDING,PENDING,PENDING,PENDING,PENDING,"Provide native governed capability for Process modelling, mining, conformance, automation, workflow, value-stream and continuous improvement, with structured business objects, lifecycle/status, responsibility/authority, review/approval, audit evidence, reporting and integration semantics appropriate to F29 Business Process & Continuous Improvement.",RESEARCH_PENDING,https://www.ibm.com/,2026-09-21
ENT-MTB-0325,MTR-0325,F29,Business Process & Continuous Improvement,"Process modelling, mining, conformance, automation, workflow, value-stream and continuous improvement",ProcessMaker,ProcessMaker,PENDING_MODULE_VERIFICATION,PENDING_OPERATION_VERIFICATION,PENDING,PENDING,PENDING,PENDING,PENDING,PENDING,"Provide native governed capability for Process modelling, mining, conformance, automation, workflow, value-stream and continuous improvement, with structured business objects, lifecycle/status, responsibility/authority, review/approval, audit evidence, reporting and integration semantics appropriate to F29 Business Process & Continuous Improvement.",RESEARCH_PENDING,https://www.processmaker.com/,2026-09-21
ENT-MTB-0326,MTR-0326,F29,Business Process & Continuous Improvement,"Process modelling, mining, conformance, automation, workflow, value-stream and continuous improvement",Kissflow,Kissflow,PENDING_MODULE_VERIFICATION,PENDING_OPERATION_VERIFICATION,PENDING,PENDING,PENDING,PENDING,PENDING,PENDING,"Provide native governed capability for Process modelling, mining, conformance, automation, workflow, value-stream and continuous improvement, with structured business objects, lifecycle/status, responsibility/authority, review/approval, audit evidence, reporting and integration semantics appropriate to F29 Business Process & Continuous Improvement.",RESEARCH_PENDING,https://kissflow.com/,2026-09-21
