capability_id,function_code,function_name,l2_subfunction_candidate,tool_product,vendor,product_module_or_workspace,exact_operation_or_task,input_objects_or_data,output_work_product,lifecycle_or_status_model,review_approval_authority,audit_evidence,integration_formats,nublox_native_requirement,source_url,source_note,verification_status,verified_date
ENT-MTC-0001,F01,Strategy & Enterprise Planning,Strategic planning,Planview,Planview,Strategic Alignment,"Translate enterprise objectives into aligned investments, initiatives and delivery outcomes",Strategic objectives; capabilities; initiatives; investments; milestones,Strategy-to-investment alignment record,Draft strategy -> approve priorities -> fund -> execute -> review outcomes,Executive/strategy/investment authority,Objective-investment-delivery linkage and decision history,Planview platform integrations,"NuBlox must natively support translate enterprise objectives into aligned investments, initiatives and delivery outcomes within F01 Strategy & Enterprise Planning, preserving structured strategy-to-investment alignment record, lifecycle/status, responsibility/authority, review/approval, audit evidence, reporting and integration semantics.",https://www.planview.com/products-solutions/solutions/strategic-portfolio-management/,Planview Strategic Portfolio Management,WEB_VERIFIED,2026-09-21
ENT-MTC-0002,F01,Strategy & Enterprise Planning,Goal & KPI management,Planview,Planview,OKRs,"Create, cascade and roll up objectives and key results across teams and portfolios",Enterprise objectives; team objectives; key-result measures,OKR hierarchy / outcome record,Define -> align -> track -> review,Executive/strategy owner,Objective/KR ownership and progress history,Planview platform,"NuBlox must natively support create, cascade and roll up objectives and key results across teams and portfolios within F01 Strategy & Enterprise Planning, preserving structured okr hierarchy / outcome record, lifecycle/status, responsibility/authority, review/approval, audit evidence, reporting and integration semantics.",https://www.planview.com/products-solutions/solutions/strategic-portfolio-management/,Planview OKRs,WEB_VERIFIED,2026-09-21
ENT-MTC-0003,F01,Strategy & Enterprise Planning,Strategic planning,Planview,Planview,Roadmapping,"Create roadmaps connecting strategy, programs, products, projects, technology and milestones",Strategic objectives; initiatives; milestones; portfolio items,Strategic roadmap,Propose -> prioritize -> approve -> update/rebalance,Strategy/portfolio authority,Roadmap changes and strategic links,Planview platform,"NuBlox must natively support create roadmaps connecting strategy, programs, products, projects, technology and milestones within F01 Strategy & Enterprise Planning, preserving structured strategic roadmap, lifecycle/status, responsibility/authority, review/approval, audit evidence, reporting and integration semantics.",https://www.planview.com/products-solutions/products/planview-portfolios/,Planview Portfolios roadmaps,WEB_VERIFIED,2026-09-21
ENT-MTC-0004,F01,Strategy & Enterprise Planning,Scenario & foresight planning,Planview,Planview,Scenario Modelling,Model trade-offs in investment and capacity before committing resources,Investment options; budgets; capacity; strategic outcomes,Strategic investment scenario,Create scenario -> compare -> decide -> commit,Executive/investment committee authority,Scenario assumptions and selected decision,Planview analytics,"NuBlox must natively support model trade-offs in investment and capacity before committing resources within F01 Strategy & Enterprise Planning, preserving structured strategic investment scenario, lifecycle/status, responsibility/authority, review/approval, audit evidence, reporting and integration semantics.",https://www.planview.com/,Planview scenario planning,WEB_VERIFIED,2026-09-21
ENT-MTC-0005,F01,Strategy & Enterprise Planning,Business planning,Planview,Planview,Capacity / Investment Planning,"Balance capacity, resources and investment demand across strategic portfolios",Demand; capacity; resources; funding; priorities,Portfolio capacity/investment plan,Demand -> prioritize -> allocate -> rebalance,Portfolio/finance authority,Allocation and reprioritisation history,Planview integrations,"NuBlox must natively support balance capacity, resources and investment demand across strategic portfolios within F01 Strategy & Enterprise Planning, preserving structured portfolio capacity/investment plan, lifecycle/status, responsibility/authority, review/approval, audit evidence, reporting and integration semantics.",https://www.planview.com/products-solutions/products/planview-portfolios/,Planview capacity planning,WEB_VERIFIED,2026-09-21
ENT-MTC-0006,F01,Strategy & Enterprise Planning,Strategic review,Planview,Planview,Outcome Tracking,Trace funded initiatives to delivered outcomes and business value,Approved investment; delivery status; KPI/outcome data,Strategic outcome / benefits evidence,Fund -> execute -> measure -> review/reallocate,Executive/portfolio review authority,Intent-to-delivery-to-outcome trace,Analytics/reporting,"NuBlox must natively support trace funded initiatives to delivered outcomes and business value within F01 Strategy & Enterprise Planning, preserving structured strategic outcome / benefits evidence, lifecycle/status, responsibility/authority, review/approval, audit evidence, reporting and integration semantics.",https://www.planview.com/products-solutions/solutions/strategic-portfolio-management/,Planview outcome tracing,WEB_VERIFIED,2026-09-21
ENT-MTC-0007,F01,Strategy & Enterprise Planning,Business planning,Anaplan,Anaplan,Connected Planning Models,"Create connected financial, strategic and operational planning models across functions",Enterprise data; drivers; dimensions; formulas; assumptions,Connected enterprise plan/model,Model -> collaborate -> calculate -> approve/update,Planning/finance/business-owner authority,"Model assumptions, formulas and updates",APIs/data integrations,"NuBlox must natively support create connected financial, strategic and operational planning models across functions within F01 Strategy & Enterprise Planning, preserving structured connected enterprise plan/model, lifecycle/status, responsibility/authority, review/approval, audit evidence, reporting and integration semantics.",https://www.anaplan.com/connected-planning/,Anaplan Connected Planning,WEB_VERIFIED,2026-09-21
ENT-MTC-0008,F01,Strategy & Enterprise Planning,Scenario & foresight planning,Anaplan,Anaplan,Scenario Analysis,Create and compare scenarios using deterministic calculations and connected enterprise data,Base plan; drivers; alternative assumptions,Scenario model / comparison,Base -> scenario -> compare -> select/update plan,Executive/planning authority,Scenario assumptions and outputs,Anaplan platform,"NuBlox must natively support create and compare scenarios using deterministic calculations and connected enterprise data within F01 Strategy & Enterprise Planning, preserving structured scenario model / comparison, lifecycle/status, responsibility/authority, review/approval, audit evidence, reporting and integration semantics.",https://www.anaplan.com/platform/,Anaplan scenario planning,WEB_VERIFIED,2026-09-21
ENT-MTC-0009,F01,Strategy & Enterprise Planning,Business planning,Anaplan,Anaplan,Planning / Budgeting / Forecasting,"Align strategic plan, annual budget and periodic forecasts using top-down and bottom-up planning",Strategic targets; drivers; budget/forecast inputs; actuals,Budget / forecast / corporate plan,Target -> bottom-up plan -> reconcile -> approve -> reforecast,Finance/planning authority,"Version, assumption and approval history",ERP/data integrations,"NuBlox must natively support align strategic plan, annual budget and periodic forecasts using top-down and bottom-up planning within F01 Strategy & Enterprise Planning, preserving structured budget / forecast / corporate plan, lifecycle/status, responsibility/authority, review/approval, audit evidence, reporting and integration semantics.",https://www.anaplan.com/resources/datasheets/anaplan-for-planning-budgeting-and-forecasting/,Anaplan PBF,WEB_VERIFIED,2026-09-21
ENT-MTC-0010,F01,Strategy & Enterprise Planning,Strategic review,Anaplan,Anaplan,Real-time Analysis / Reporting,Analyze connected plans and report performance/scenario impacts,Plans; actuals; drivers; scenario results,Planning analysis / management report,Calculate -> analyze -> review -> act,Management/planning review,Model/report data lineage,Reporting/data integration,"NuBlox must natively support analyze connected plans and report performance/scenario impacts within F01 Strategy & Enterprise Planning, preserving structured planning analysis / management report, lifecycle/status, responsibility/authority, review/approval, audit evidence, reporting and integration semantics.",https://www.anaplan.com/connected-planning/,Anaplan analysis,WEB_VERIFIED,2026-09-21
ENT-MTC-0011,F02,Corporate Governance,Board governance,Diligent Boards / Diligent One,Diligent,Board Meeting Management,Schedule board meetings and coordinate director availability and communications,Board calendar; directors; meeting requirements,Board meeting record / schedule,Propose -> schedule -> prepare -> hold -> close,Company secretary/board admin authority,Meeting/scheduling history,Outlook/Google Calendar,"NuBlox must natively support schedule board meetings and coordinate director availability and communications within F02 Corporate Governance, preserving structured board meeting record / schedule, lifecycle/status, responsibility/authority, review/approval, audit evidence, reporting and integration semantics.",https://www.diligent.com/gb/solutions/board-admin,Diligent board admin,WEB_VERIFIED,2026-09-21
ENT-MTC-0012,F02,Corporate Governance,Board governance,Diligent Boards / Diligent One,Diligent,Board Books / Agendas,Compile agendas and secure board packs from source materials and distribute controlled materials,Agenda; reports; papers; supporting documents,Board book / agenda pack,Draft -> compile -> review -> publish/distribute -> archive,Company secretary/chair authority,"Version, distribution and access trail",Microsoft 365; Google Docs; DocuSign,"NuBlox must natively support compile agendas and secure board packs from source materials and distribute controlled materials within F02 Corporate Governance, preserving structured board book / agenda pack, lifecycle/status, responsibility/authority, review/approval, audit evidence, reporting and integration semantics.",https://www.diligent.com/products/boards,Diligent Boards,WEB_VERIFIED,2026-09-21
ENT-MTC-0013,F02,Corporate Governance,Board governance,Diligent Boards / Diligent One,Diligent,Voting / Approvals,"Run board votes, signatures and authorizations",Resolution/motion; eligible directors; approval rules,Vote / signed resolution / authorization record,Propose -> vote/sign -> passed/rejected -> retained,Board/director authority,Vote/signature/audit log,e-signature integrations,"NuBlox must natively support run board votes, signatures and authorizations within F02 Corporate Governance, preserving structured vote / signed resolution / authorization record, lifecycle/status, responsibility/authority, review/approval, audit evidence, reporting and integration semantics.",https://www.diligent.com/products/boards,Diligent approvals,WEB_VERIFIED,2026-09-21
ENT-MTC-0014,F02,Corporate Governance,Committee governance,Diligent Boards / Diligent One,Diligent,Committee Workspaces,"Manage board/committee materials, membership and meeting workflows in secure workspaces",Committee; members; agendas; papers; actions,Committee governance record,Establish -> meet -> decide/action -> report,Committee chair/secretariat authority,"Membership, materials and decision history",Diligent platform,"NuBlox must natively support manage board/committee materials, membership and meeting workflows in secure workspaces within F02 Corporate Governance, preserving structured committee governance record, lifecycle/status, responsibility/authority, review/approval, audit evidence, reporting and integration semantics.",https://www.diligent.com/solutions/modern-governance,Diligent governance,WEB_VERIFIED,2026-09-21
ENT-MTC-0015,F02,Corporate Governance,Board governance,Diligent Boards / Diligent One,Diligent,Minutes / Decision Record,Generate and retain meeting minutes and decision history,Meeting agenda/materials; discussion/decision inputs,Minutes / board decision record,Meeting -> draft minutes -> approve -> final/archive,Chair/board/company-secretary approval,Immutable decision/version history,Diligent platform,"NuBlox must natively support generate and retain meeting minutes and decision history within F02 Corporate Governance, preserving structured minutes / board decision record, lifecycle/status, responsibility/authority, review/approval, audit evidence, reporting and integration semantics.",https://www.diligent.com/products/boards,Diligent minutes and audit,WEB_VERIFIED,2026-09-21
ENT-MTC-0016,F03,Enterprise Performance Management,Performance framework,Oracle EPM,Oracle,Planning,"Build enterprise financial/operational plans, budgets and forecasts",Dimensions; drivers; assumptions; actuals; targets,Plan / budget / forecast,Draft -> submit -> review -> approve -> forecast/revise,Finance/business-owner authority,"Version, submission and approval history",ERP/data integration,"NuBlox must natively support build enterprise financial/operational plans, budgets and forecasts within F03 Enterprise Performance Management, preserving structured plan / budget / forecast, lifecycle/status, responsibility/authority, review/approval, audit evidence, reporting and integration semantics.",https://docs.oracle.com/en/cloud/saas/enterprise-performance-management-common/cgsus/1_epm_cloud_overview_user.html,Oracle Cloud EPM Planning,WEB_VERIFIED,2026-09-21
ENT-MTC-0017,F03,Enterprise Performance Management,Performance reporting,Oracle EPM,Oracle,Narrative Reporting,Combine financial/performance data with narrative commentary into controlled management reports,EPM data; report package; narratives; contributors,Management / performance report package,Author -> contribute -> review -> approve -> publish,Report owner/executive authority,"Contributor, version and approval trail",Office/report outputs,"NuBlox must natively support combine financial/performance data with narrative commentary into controlled management reports within F03 Enterprise Performance Management, preserving structured management / performance report package, lifecycle/status, responsibility/authority, review/approval, audit evidence, reporting and integration semantics.",https://docs.oracle.com/en/cloud/saas/enterprise-performance-management-common/intgr/chap_1_about.html,Oracle EPM Narrative Reporting,WEB_VERIFIED,2026-09-21
ENT-MTC-0018,F03,Enterprise Performance Management,Performance reporting,Oracle EPM,Oracle,Financial Consolidation and Close,Consolidate entities and execute controlled close/consolidation processes,Entity/account balances; ownership; FX; eliminations; close tasks,Consolidated financial result / close status,Load -> adjust/eliminate -> consolidate -> review -> close,Finance/controller authority,Close/consolidation task and adjustment history,ERP/EPM integration,"NuBlox must natively support consolidate entities and execute controlled close/consolidation processes within F03 Enterprise Performance Management, preserving structured consolidated financial result / close status, lifecycle/status, responsibility/authority, review/approval, audit evidence, reporting and integration semantics.",https://www.oracle.com/uk/performance-management/financial-consolidation-close/,Oracle FCCS,WEB_VERIFIED,2026-09-21
ENT-MTC-0019,F03,Enterprise Performance Management,Variance management,Oracle EPM,Oracle,Account Reconciliation,"Reconcile balances, explain differences and certify accounts",GL/subledger balances; matching rules; supporting evidence,Account reconciliation / certification,Prepare -> match/explain -> review -> certify,Preparer/reviewer/controller authority,Reconciliation and certification history,ERP/data integration,"NuBlox must natively support reconcile balances, explain differences and certify accounts within F03 Enterprise Performance Management, preserving structured account reconciliation / certification, lifecycle/status, responsibility/authority, review/approval, audit evidence, reporting and integration semantics.",https://docs.oracle.com/en/cloud/saas/enterprise-performance-management-common/intgr/chap_1_about.html,Oracle Account Reconciliation,WEB_VERIFIED,2026-09-21
ENT-MTC-0020,F03,Enterprise Performance Management,Benchmarking,Oracle EPM,Oracle,Profitability & Cost Management,Allocate costs/revenues and calculate multidimensional profitability,Costs; revenues; drivers; allocation rules; dimensions,Profitability / allocation result,Define rules -> calculate -> analyze -> revise,Finance/management authority,Rule/input/result lineage,EPM/data integration,"NuBlox must natively support allocate costs/revenues and calculate multidimensional profitability within F03 Enterprise Performance Management, preserving structured profitability / allocation result, lifecycle/status, responsibility/authority, review/approval, audit evidence, reporting and integration semantics.",https://docs.oracle.com/en/cloud/saas/enterprise-performance-management-common/intgr/chap_1_about.html,Oracle Profitability,WEB_VERIFIED,2026-09-21
ENT-MTC-0021,F03,Enterprise Performance Management,Performance framework,Workday Adaptive Planning,Workday,Budgeting / Forecasting,"Build top-down, bottom-up, incremental, zero-based and driver-based budgets/forecasts",Actuals; drivers; targets; cost-center inputs,Budget / forecast model,Plan -> collaborate -> review -> approve -> rolling forecast,Finance/business planner authority,Plan/version/assumption history,ERP/GL/data warehouse integrations,"NuBlox must natively support build top-down, bottom-up, incremental, zero-based and driver-based budgets/forecasts within F03 Enterprise Performance Management, preserving structured budget / forecast model, lifecycle/status, responsibility/authority, review/approval, audit evidence, reporting and integration semantics.",https://www.workday.com/en-gb/products/adaptive-planning/financial-planning/budgeting-forecasting.html,Workday Adaptive PBF,WEB_VERIFIED,2026-09-21
ENT-MTC-0022,F03,Enterprise Performance Management,Variance management,Workday Adaptive Planning,Workday,What-if Scenario Planning,Create unlimited personal/shareable scenarios and compare real-time outcomes,Base model; drivers; alternative assumptions; real-time data,Scenario comparison,Create -> calculate -> compare -> select,Finance/management authority,Scenario assumptions and comparison,Adaptive Planning,"NuBlox must natively support create unlimited personal/shareable scenarios and compare real-time outcomes within F03 Enterprise Performance Management, preserving structured scenario comparison, lifecycle/status, responsibility/authority, review/approval, audit evidence, reporting and integration semantics.",https://www.workday.com/en-gb/products/adaptive-planning/financial-planning/overview.html,Workday scenario planning,WEB_VERIFIED,2026-09-21
ENT-MTC-0023,F03,Enterprise Performance Management,Performance reporting,Workday Adaptive Planning,Workday,Analytics / Self-service Reporting,Create interactive dashboards and reports from plans and actuals,Plans; actuals; KPIs; dimensions,Performance dashboard / report,Model -> report -> review -> refresh,Management/report-authority permissions,Report/model data lineage,OfficeConnect/APIs/integrations,"NuBlox must natively support create interactive dashboards and reports from plans and actuals within F03 Enterprise Performance Management, preserving structured performance dashboard / report, lifecycle/status, responsibility/authority, review/approval, audit evidence, reporting and integration semantics.",https://www.workday.com/en-gb/products/adaptive-planning/financial-planning/overview.html,Workday reporting,WEB_VERIFIED,2026-09-21
ENT-MTC-0024,F03,Enterprise Performance Management,Strategic review,Workday Adaptive Planning,Workday,Rolling Forecasts,Continuously refresh business forecasts as actuals and assumptions change,Approved plan; actuals; updated drivers,Rolling forecast,Baseline -> actual -> reforecast -> review,Finance/management authority,Forecast versions and changed assumptions,ERP/data connections,"NuBlox must natively support continuously refresh business forecasts as actuals and assumptions change within F03 Enterprise Performance Management, preserving structured rolling forecast, lifecycle/status, responsibility/authority, review/approval, audit evidence, reporting and integration semantics.",https://www.workday.com/en-gb/products/adaptive-planning/financial-planning/budgeting-forecasting.html,Workday rolling forecasting,WEB_VERIFIED,2026-09-21
ENT-MTC-0025,F04,Corporate Development & M&A,Due diligence,Datasite,Datasite,Virtual Data Room,Create secure M&A data rooms with granular permissions and controlled document sharing,Deal; diligence index; documents; buyer/advisor users; permissions,Due-diligence data room / controlled deal document set,Prepare -> launch -> diligence -> close/archive,Deal admin/legal/corporate-development authority,"Access, activity and document audit trail",Web/mobile; document formats,"NuBlox must natively support create secure m&a data rooms with granular permissions and controlled document sharing within F04 Corporate Development & M&A, preserving structured due-diligence data room / controlled deal document set, lifecycle/status, responsibility/authority, review/approval, audit evidence, reporting and integration semantics.",https://www.datasite.com/en/products/diligence,Datasite Diligence,WEB_VERIFIED,2026-09-21
ENT-MTC-0026,F04,Corporate Development & M&A,Due diligence,Datasite,Datasite,Q&A,"Manage buyer questions, responses and controlled diligence communication",Diligence room; question; subject-matter owner; response,Due-diligence Q&A record,Question -> assign/draft -> approve/respond -> close,Deal admin/SME/legal authority,Question/response/status audit,Datasite platform,"NuBlox must natively support manage buyer questions, responses and controlled diligence communication within F04 Corporate Development & M&A, preserving structured due-diligence q&a record, lifecycle/status, responsibility/authority, review/approval, audit evidence, reporting and integration semantics.",https://www.datasite.com/en/products/diligence,Datasite Q&A,WEB_VERIFIED,2026-09-21
ENT-MTC-0027,F04,Corporate Development & M&A,Due diligence,Datasite,Datasite,Trackers / Findings,Track diligence requests/checklists and findings across deal workstreams,Diligence checklist; documents; owners; findings,Diligence tracker / finding record,Request -> collect/review -> finding -> resolve/decision,Deal workstream authority,Checklist/finding ownership/status history,Platform/reporting,"NuBlox must natively support track diligence requests/checklists and findings across deal workstreams within F04 Corporate Development & M&A, preserving structured diligence tracker / finding record, lifecycle/status, responsibility/authority, review/approval, audit evidence, reporting and integration semantics.",https://www.datasite.com/en/products/diligence,Datasite trackers,WEB_VERIFIED,2026-09-21
ENT-MTC-0028,F04,Corporate Development & M&A,Due diligence,Datasite,Datasite,Redaction / Staged Disclosure,Redact sensitive data and progressively release information during deal execution,Deal documents; PII/sensitive fields; disclosure rules,Redacted document / disclosure state,Identify -> redact -> review -> disclose/unredact,Legal/deal admin authority,Redaction/disclosure history,Document formats,"NuBlox must natively support redact sensitive data and progressively release information during deal execution within F04 Corporate Development & M&A, preserving structured redacted document / disclosure state, lifecycle/status, responsibility/authority, review/approval, audit evidence, reporting and integration semantics.",https://www.datasite.com/en/products/diligence,Datasite redaction,WEB_VERIFIED,2026-09-21
ENT-MTC-0029,F04,Corporate Development & M&A,Transaction management,Datasite,Datasite,Deal Preparation -> Diligence,Prepare structure/content/requests before launch and convert directly to live diligence without rebuilding,Deal mandate; index; documents; requests; permissions,Prepared deal workspace / live diligence project,Prepare -> validate readiness -> launch diligence,Deal lead/admin authority,Preparation and launch continuity,Datasite Prepare/Diligence,"NuBlox must natively support prepare structure/content/requests before launch and convert directly to live diligence without rebuilding within F04 Corporate Development & M&A, preserving structured prepared deal workspace / live diligence project, lifecycle/status, responsibility/authority, review/approval, audit evidence, reporting and integration semantics.",https://www.datasite.com/en/products/prepare,Datasite Prepare,WEB_VERIFIED,2026-09-21
ENT-MTC-0030,F04,Corporate Development & M&A,Opportunity identification,Midaxo,Midaxo,M&A Strategy / Pipeline,"Manage acquisition strategy, targets and opportunity pipeline on a shared deal record",Strategy; target companies; opportunity data; stages,M&A pipeline / target record,Identify -> qualify -> pursue/hold/reject,Corporate development authority,Pipeline stage/owner/history,Midaxo integrations,"NuBlox must natively support manage acquisition strategy, targets and opportunity pipeline on a shared deal record within F04 Corporate Development & M&A, preserving structured m&a pipeline / target record, lifecycle/status, responsibility/authority, review/approval, audit evidence, reporting and integration semantics.",https://www.midaxo.com/platform,Midaxo M&A platform,WEB_VERIFIED,2026-09-21
ENT-MTC-0031,F04,Corporate Development & M&A,Due diligence,Midaxo,Midaxo,Due Diligence,"Manage diligence workstreams, tasks, findings and deal context without losing handoff information",Deal; diligence workstreams; tasks; documents/findings,Due-diligence workplan / finding record,Scope -> assign -> review -> finding -> resolution,Deal/workstream authority,Task/finding/decision history,Midaxo platform,"NuBlox must natively support manage diligence workstreams, tasks, findings and deal context without losing handoff information within F04 Corporate Development & M&A, preserving structured due-diligence workplan / finding record, lifecycle/status, responsibility/authority, review/approval, audit evidence, reporting and integration semantics.",https://www.midaxo.com/platform,Midaxo diligence,WEB_VERIFIED,2026-09-21
ENT-MTC-0032,F04,Corporate Development & M&A,Integration,Midaxo,Midaxo,Integration & Value,"Plan post-merger integration, initiatives, owners, synergies and value realization",Closed deal; integration workstreams; synergies; milestones; owners,Integration plan / synergy/value record,Close -> plan -> execute -> track value -> stabilize,Integration leadership authority,Deal-to-integration/value trace,Midaxo platform,"NuBlox must natively support plan post-merger integration, initiatives, owners, synergies and value realization within F04 Corporate Development & M&A, preserving structured integration plan / synergy/value record, lifecycle/status, responsibility/authority, review/approval, audit evidence, reporting and integration semantics.",https://www.midaxo.com/platform,Midaxo integration,WEB_VERIFIED,2026-09-21
ENT-MTC-0033,F04,Corporate Development & M&A,Transaction management,Midaxo,Midaxo,Unified Deal Record,"Maintain strategy, pipeline, diligence and integration context on one controlled deal record",Deal data across lifecycle,End-to-end deal record,Strategy -> pipeline -> diligence -> close -> integration,Corporate development / deal authority,Full deal lifecycle and permission history,Midaxo platform,"NuBlox must natively support maintain strategy, pipeline, diligence and integration context on one controlled deal record within F04 Corporate Development & M&A, preserving structured end-to-end deal record, lifecycle/status, responsibility/authority, review/approval, audit evidence, reporting and integration semantics.",https://www.midaxo.com/platform,Midaxo unified deal,WEB_VERIFIED,2026-09-21
ENT-MTC-0034,F05,"Product, Service & Innovation Management",Product/service design,PTC Windchill,PTC,Part / BOM Management,"Create governed parts and product structures including engineering, manufacturing and service BOMs",Parts; documents/CAD; product structure; variants,Part / BOM / product structure,Create -> iterate/revise -> review -> release -> downstream use,Engineering/product authority,Version/revision/effectivity and structure history,CAD; ERP/MES integrations,"NuBlox must natively support create governed parts and product structures including engineering, manufacturing and service boms within F05 Product, Service & Innovation Management, preserving structured part / bom / product structure, lifecycle/status, responsibility/authority, review/approval, audit evidence, reporting and integration semantics.",https://www.ptc.com/en/products/windchill,Windchill BOM management,WEB_VERIFIED,2026-09-21
ENT-MTC-0035,F05,"Product, Service & Innovation Management",Lifecycle management,PTC Windchill,PTC,Change Management,"Create, review, approve and implement product changes with affected/resulting objects and traceability",Released product data; issue/request; affected objects; change intent,Change notice/action / released change,Problem/request -> plan -> approve -> implement -> release,Change-board/engineering authority,Change decision and object revision trace,PLM/ERP/MES integrations,"NuBlox must natively support create, review, approve and implement product changes with affected/resulting objects and traceability within F05 Product, Service & Innovation Management, preserving structured change notice/action / released change, lifecycle/status, responsibility/authority, review/approval, audit evidence, reporting and integration semantics.",https://www.ptc.com/en/products/windchill,Windchill change management,WEB_VERIFIED,2026-09-21
ENT-MTC-0036,F05,"Product, Service & Innovation Management",Lifecycle management,PTC Windchill,PTC,Configuration / Variant Management,"Manage product configurations, variants, effectivity and rules from a common product definition",Product structure; options/choices; rules; effectivity,Configured product / variant baseline,Define -> configure -> validate -> release -> maintain,Product/configuration authority,Rule/effectivity/baseline history,PLM integrations,"NuBlox must natively support manage product configurations, variants, effectivity and rules from a common product definition within F05 Product, Service & Innovation Management, preserving structured configured product / variant baseline, lifecycle/status, responsibility/authority, review/approval, audit evidence, reporting and integration semantics.",https://www.ptc.com/en/technologies/plm/product-configuration-management,Windchill configuration,WEB_VERIFIED,2026-09-21
ENT-MTC-0037,F05,"Product, Service & Innovation Management",Development,PTC Windchill,PTC,PDM / Controlled Technical Data,"Manage CAD/documents/product data, versions and collaboration in a controlled product context",CAD files; documents; metadata; product context,Controlled product document/CAD object,Create -> iterate -> review -> release/supersede,Engineering/document authority,"Version, access and lifecycle history",Multi-CAD; visualization,"NuBlox must natively support manage cad/documents/product data, versions and collaboration in a controlled product context within F05 Product, Service & Innovation Management, preserving structured controlled product document/cad object, lifecycle/status, responsibility/authority, review/approval, audit evidence, reporting and integration semantics.",https://www.ptc.com/en/products/windchill,Windchill PDM,WEB_VERIFIED,2026-09-21
ENT-MTC-0038,F05,"Product, Service & Innovation Management",Development,PTC Windchill,PTC,Manufacturing Process Planning,"Transform engineering definition into mBOMs, process plans and manufacturing-ready work instructions",eBOM; manufacturing views; process templates; resources,mBOM / process plan / work instruction,Engineering release -> transform/plan -> manufacturing release,Manufacturing engineering authority,eBOM-mBOM-process traceability,ERP/MES integration,"NuBlox must natively support transform engineering definition into mboms, process plans and manufacturing-ready work instructions within F05 Product, Service & Innovation Management, preserving structured mbom / process plan / work instruction, lifecycle/status, responsibility/authority, review/approval, audit evidence, reporting and integration semantics.",https://www.ptc.com/en/products/windchill/whats-new,Windchill manufacturing process planning,WEB_VERIFIED,2026-09-21
ENT-MTC-0039,F05,"Product, Service & Innovation Management",Portfolio strategy,Aha!,Aha!,Product Strategy,"Capture product vision, goals, initiatives, market/persona/competitor context and connect strategy to work",Product vision; goals; initiatives; market/persona data,Product strategy model,Define -> align -> review -> revise,Product leadership authority,Strategy-to-work links,Aha! platform/integrations,"NuBlox must natively support capture product vision, goals, initiatives, market/persona/competitor context and connect strategy to work within F05 Product, Service & Innovation Management, preserving structured product strategy model, lifecycle/status, responsibility/authority, review/approval, audit evidence, reporting and integration semantics.",https://www.aha.io/support/roadmaps/videos/aha-roadmaps-overview/set-strategy,Aha! strategy,WEB_VERIFIED,2026-09-21
ENT-MTC-0040,F05,"Product, Service & Innovation Management",Product/service ideation,Aha!,Aha!,Ideas,"Capture stakeholder/customer ideas, score them and promote selected ideas into roadmap work",Ideas; feedback; portal submissions; scorecards,Idea / promoted roadmap item,Capture -> evaluate -> prioritize -> promote/reject,Product manager/idea owner authority,Idea score/status/promotion history,Idea portals; Salesforce/Zendesk integrations,"NuBlox must natively support capture stakeholder/customer ideas, score them and promote selected ideas into roadmap work within F05 Product, Service & Innovation Management, preserving structured idea / promoted roadmap item, lifecycle/status, responsibility/authority, review/approval, audit evidence, reporting and integration semantics.",https://support.aha.io/aha-roadmaps/support-articles/workspaces/explore-product-workspace~7444669293924326211,Aha! Ideas,WEB_VERIFIED,2026-09-21
ENT-MTC-0041,F05,"Product, Service & Innovation Management",Business case development,Aha!,Aha!,Feature Prioritization,Score and rank features against strategic goals and value/effort criteria,Features/epics; scorecard criteria; strategy; customer insight,Prioritized feature backlog,Propose -> score -> prioritize -> commit/defer,Product authority,Score/value and priority history,Aha! platform,"NuBlox must natively support score and rank features against strategic goals and value/effort criteria within F05 Product, Service & Innovation Management, preserving structured prioritized feature backlog, lifecycle/status, responsibility/authority, review/approval, audit evidence, reporting and integration semantics.",https://www.aha.io/support/roadmaps/videos/aha-roadmaps-overview/prioritize-features,Aha! prioritization,WEB_VERIFIED,2026-09-21
ENT-MTC-0042,F05,"Product, Service & Innovation Management",Portfolio strategy,Aha!,Aha!,Roadmaps,"Create visual roadmaps connecting goals/initiatives to releases, epics and features",Strategy; releases; epics; features; timing,Product roadmap,Draft -> prioritize/commit -> communicate -> update,Product leadership authority,Roadmap/object linkage and revision,Presentations/reports/integrations,"NuBlox must natively support create visual roadmaps connecting goals/initiatives to releases, epics and features within F05 Product, Service & Innovation Management, preserving structured product roadmap, lifecycle/status, responsibility/authority, review/approval, audit evidence, reporting and integration semantics.",https://www.aha.io/support/roadmaps/videos/aha-roadmaps-overview/getting-started-with-aha,Aha! Roadmaps,WEB_VERIFIED,2026-09-21
ENT-MTC-0043,F05,"Product, Service & Innovation Management",Product/service ideation,Jira Product Discovery,Atlassian,Ideas & Insights,Capture product ideas and attach customer/research/support/sales insights to evidence demand,Ideas; customer feedback; research; support/sales links,Idea / insight record,Capture -> enrich -> evaluate,Product manager authority,Insight source/rating/labels and idea history,Slack; Teams; Zendesk; Salesforce; web links,"NuBlox must natively support capture product ideas and attach customer/research/support/sales insights to evidence demand within F05 Product, Service & Innovation Management, preserving structured idea / insight record, lifecycle/status, responsibility/authority, review/approval, audit evidence, reporting and integration semantics.",https://support.atlassian.com/jira-product-discovery/docs/what-are-insights/,JPD insights,WEB_VERIFIED,2026-09-21
ENT-MTC-0044,F05,"Product, Service & Innovation Management",Business case development,Jira Product Discovery,Atlassian,Prioritization,Score and compare ideas using custom fields/frameworks to make repeatable trade-off decisions,Ideas; criteria; scores; evidence; effort/value fields,Prioritized idea portfolio,Capture -> score -> compare -> commit/defer,Product leadership authority,"Scores, fields and priority state",Jira Product Discovery,"NuBlox must natively support score and compare ideas using custom fields/frameworks to make repeatable trade-off decisions within F05 Product, Service & Innovation Management, preserving structured prioritized idea portfolio, lifecycle/status, responsibility/authority, review/approval, audit evidence, reporting and integration semantics.",https://www.atlassian.com/software/jira/product-discovery,JPD prioritization,WEB_VERIFIED,2026-09-21
ENT-MTC-0045,F05,"Product, Service & Innovation Management",Portfolio strategy,Jira Product Discovery,Atlassian,Roadmaps,Build/share board or timeline roadmaps explaining what is planned and why,Prioritized ideas; goals; time horizons; stakeholder views,Product roadmap / published view,Prioritize -> roadmap -> publish -> update,Product manager/editor permissions,Roadmap/view configuration and linked idea state,Jira/Confluence sharing,"NuBlox must natively support build/share board or timeline roadmaps explaining what is planned and why within F05 Product, Service & Innovation Management, preserving structured product roadmap / published view, lifecycle/status, responsibility/authority, review/approval, audit evidence, reporting and integration semantics.",https://www.atlassian.com/software/jira/product-discovery/features/roadmaps,JPD roadmaps,WEB_VERIFIED,2026-09-21
ENT-MTC-0046,F05,"Product, Service & Innovation Management",Development,Jira Product Discovery,Atlassian,Discovery-to-Delivery Link,Connect committed product ideas to Jira epics/work items and track delivery progress,Committed idea; Jira delivery work,Idea-to-delivery trace,Commit -> create/link delivery work -> track -> ship,Product/engineering permissions,Idea-work-item relationship/progress,Jira,"NuBlox must natively support connect committed product ideas to jira epics/work items and track delivery progress within F05 Product, Service & Innovation Management, preserving structured idea-to-delivery trace, lifecycle/status, responsibility/authority, review/approval, audit evidence, reporting and integration semantics.",https://www.atlassian.com/software/jira/product-discovery,JPD delivery connection,WEB_VERIFIED,2026-09-21
ENT-MTC-0047,F02,Corporate Governance,Policy governance,Workiva,Workiva,Policies & Procedures,"Author, review, approve, publish and attest governed policies and procedures",Policy content; owners; reviewers; approval rules; employee population,Controlled policy / attestation record,Draft -> review -> approve -> publish -> attest -> revise,Policy owner/reviewer/approver authority,"Version, approval, attestation and exception history",Workiva platform/data links,"NuBlox must natively support author, review, approve, publish and attest governed policies and procedures within F02 Corporate Governance, preserving structured controlled policy / attestation record, lifecycle/status, responsibility/authority, review/approval, audit evidence, reporting and integration semantics.",https://investor.workiva.com/static-files/fccc807a-4643-44c8-8b8e-3c999bf1c2ed,Workiva GRC policy management,WEB_VERIFIED,2026-09-21
ENT-MTC-0048,F02,Corporate Governance,Governance framework,Workiva,Workiva,Controls Management,"Define control frameworks, map risks/regulations to controls, request evidence, test controls and certify results",Frameworks; risks; regulations; controls; evidence; tests,Control / test / certification record,Design -> evidence -> test -> issue/remediate -> certify,Control owner/tester/reviewer authority,"Evidence, test, issue and certification trail",Connected data/APIs,"NuBlox must natively support define control frameworks, map risks/regulations to controls, request evidence, test controls and certify results within F02 Corporate Governance, preserving structured control / test / certification record, lifecycle/status, responsibility/authority, review/approval, audit evidence, reporting and integration semantics.",https://newsroom.workiva.com/press-releases/data-silos-executive-clarity-workiva-reimagines-grc-ai-powered-platform-audit-risk,Workiva 2026 controls management,WEB_VERIFIED,2026-09-21
ENT-MTC-0049,F02,Corporate Governance,Executive management,Workiva,Workiva,Connected Governance Reporting,"Connect governed data, workflows and linked documents into controlled executive/board reports",Source systems; GRC data; linked documents; report package,Governance / executive report,Collect/connect -> author -> review -> approve -> publish,Report owner/executive authority,Source-to-report linkage and change/audit history,Connectors; APIs; linked documents,"NuBlox must natively support connect governed data, workflows and linked documents into controlled executive/board reports within F02 Corporate Governance, preserving structured governance / executive report, lifecycle/status, responsibility/authority, review/approval, audit evidence, reporting and integration semantics.",https://investor.workiva.com/news-releases/news-release-details/workiva-launches-specialized-ai-agents-and-intelligence-layer,Workiva 2026 reporting platform,WEB_VERIFIED,2026-09-21
ENT-MTC-0050,F02,Corporate Governance,Governance framework,Workiva,Workiva,Risk / Audit Integration,Connect governance policy/control information with risk and audit workflows for assurance reporting,Policies; controls; risks; audit universe/findings; evidence,Governance assurance / issue record,Identify -> assess/test -> issue -> remediate -> report,Risk/audit/control authority,Risk-control-audit-evidence linkage,Workiva GRC platform,"NuBlox must natively support connect governance policy/control information with risk and audit workflows for assurance reporting within F02 Corporate Governance, preserving structured governance assurance / issue record, lifecycle/status, responsibility/authority, review/approval, audit evidence, reporting and integration semantics.",https://newsroom.workiva.com/press-releases/workiva-named-leader-among-governance-risk-and-compliance-platforms-independent,Workiva GRC,WEB_VERIFIED,2026-09-21
ENT-MTC-0051,F06,Marketing & Brand,Campaign management,Salesforce Marketing Cloud,Salesforce,Journey Builder,Design and automate multi-step customer journeys triggered by data/events and channel activities,Contact/subscriber data; entry source; journey rules; content,Customer journey / campaign workflow,Draft -> validate -> activate/version -> run -> stop/complete,Marketing author/publisher permissions,"Journey versions, activity tracking and contact history",Marketing Cloud data extensions; APIs,"NuBlox must natively support design and automate multi-step customer journeys triggered by data/events and channel activities within F06 Marketing & Brand, preserving structured customer journey / campaign workflow, lifecycle/status, responsibility/authority, review/approval, audit evidence, reporting and integration semantics.",https://help.salesforce.com/s/articleView?id=mktg.mc_jb_journey_builder.htm&type=5,Marketing Cloud Journey Builder,WEB_VERIFIED,2026-09-21
ENT-MTC-0052,F06,Marketing & Brand,Digital marketing,Salesforce Marketing Cloud,Salesforce,Email Studio,"Build, personalize and send promotional, transactional and triggered email campaigns",Subscribers/data extensions; email content; personalization; send settings,Email campaign / send record,Build -> test -> send/trigger -> track,Marketing sender/approver authority,"Send, open, click, bounce and unsubscribe history",Email; Marketing Cloud,"NuBlox must natively support build, personalize and send promotional, transactional and triggered email campaigns within F06 Marketing & Brand, preserving structured email campaign / send record, lifecycle/status, responsibility/authority, review/approval, audit evidence, reporting and integration semantics.",https://help.salesforce.com/s/articleView?id=mktg.mc_email.htm&type=5,Marketing Cloud Email Studio,WEB_VERIFIED,2026-09-21
ENT-MTC-0053,F06,Marketing & Brand,Content marketing,Salesforce Marketing Cloud,Salesforce,Content Builder,Create reusable branded email/content assets and templates for campaigns,Brand assets; HTML/text; templates; personalization content,Marketing content asset / template,Create -> preview/test -> approve/use -> revise,Content/marketing permissions,Asset version/use context,HTML; email; CloudPages,"NuBlox must natively support create reusable branded email/content assets and templates for campaigns within F06 Marketing & Brand, preserving structured marketing content asset / template, lifecycle/status, responsibility/authority, review/approval, audit evidence, reporting and integration semantics.",https://help.salesforce.com/s/articleView?id=sf.mc_ceb_create_emails.htm&type=5,Marketing Cloud Content Builder,WEB_VERIFIED,2026-09-21
ENT-MTC-0054,F06,Marketing & Brand,Marketing analytics,Salesforce Marketing Cloud,Salesforce,Journey / Email Analytics,"Track campaign and journey engagement including opens, clicks, bounces and unsubscribes",Activated journey/email sends; contact engagement data,Campaign performance metrics,Run -> collect events -> analyze -> optimize,Marketing/reporting permissions,Contact-level send/engagement history,Marketing Cloud analytics,"NuBlox must natively support track campaign and journey engagement including opens, clicks, bounces and unsubscribes within F06 Marketing & Brand, preserving structured campaign performance metrics, lifecycle/status, responsibility/authority, review/approval, audit evidence, reporting and integration semantics.",https://help.salesforce.com/s/articleView?id=mktg.mc_jb_email_activity_tracking.htm&type=5,Journey Builder email tracking,WEB_VERIFIED,2026-09-21
ENT-MTC-0055,F06,Marketing & Brand,Lead generation,Adobe Experience Cloud / Marketo Engage,Adobe,Person / Lead Database,Capture and maintain prospect/customer person records and synchronize relevant lead/account/opportunity context with CRM,Person attributes; forms; CRM synchronization; activity data,Marketing person/lead record,Capture -> enrich -> score/qualify -> sync/update,Marketing operations/data permissions,Person field/activity/sync history,REST API; Salesforce/Dynamics integrations,"NuBlox must natively support capture and maintain prospect/customer person records and synchronize relevant lead/account/opportunity context with crm within F06 Marketing & Brand, preserving structured marketing person/lead record, lifecycle/status, responsibility/authority, review/approval, audit evidence, reporting and integration semantics.",https://experienceleague.adobe.com/en/docs/marketo-developer/marketo/getting-started,Marketo core entities,WEB_VERIFIED,2026-09-21
ENT-MTC-0056,F06,Marketing & Brand,Campaign management,Adobe Experience Cloud / Marketo Engage,Adobe,Smart Campaigns,"Define triggered or scheduled marketing automation using smart lists, flow steps and schedules",Person/account data; filters/triggers; marketing actions,Automated marketing campaign execution,Draft -> configure audience/flow -> schedule/trigger -> run,Marketing operations authority,Campaign membership/actions/activity history,REST/webhooks/CRM,"NuBlox must natively support define triggered or scheduled marketing automation using smart lists, flow steps and schedules within F06 Marketing & Brand, preserving structured automated marketing campaign execution, lifecycle/status, responsibility/authority, review/approval, audit evidence, reporting and integration semantics.",https://experienceleague.adobe.com/en/docs/marketo/using/product-docs/core-marketo-concepts/smart-campaigns/understanding-smart-campaigns,Marketo Smart Campaigns,WEB_VERIFIED,2026-09-21
ENT-MTC-0057,F06,Marketing & Brand,Campaign management,Adobe Experience Cloud / Marketo Engage,Adobe,Engagement / Nurture Programs,Build nurture streams that respond to person engagement across the buyer journey,People; content; nurture streams; cadence/rules,Lead nurture journey / engagement state,Enter -> nurture -> transition/qualify -> exit,Marketing campaign authority,Program membership and engagement history,Marketo programs/CRM,"NuBlox must natively support build nurture streams that respond to person engagement across the buyer journey within F06 Marketing & Brand, preserving structured lead nurture journey / engagement state, lifecycle/status, responsibility/authority, review/approval, audit evidence, reporting and integration semantics.",https://experienceleague.adobe.com/en/docs/marketo-learn/tutorials/email-marketing/lead-nuturing-learn,Marketo nurture,WEB_VERIFIED,2026-09-21
ENT-MTC-0058,F06,Marketing & Brand,Customer segmentation,Adobe Experience Cloud / Marketo Engage,Adobe,Target Account Management,"Discover named accounts, match leads to accounts, orchestrate account-specific engagement and measure impact",Accounts; people/leads; CRM; engagement signals,Target-account list / engagement score,Discover/target -> engage -> measure -> advance,ABM/marketing-sales authority,"Account membership, engagement and pipeline impact",CRM/web/personalization channels,"NuBlox must natively support discover named accounts, match leads to accounts, orchestrate account-specific engagement and measure impact within F06 Marketing & Brand, preserving structured target-account list / engagement score, lifecycle/status, responsibility/authority, review/approval, audit evidence, reporting and integration semantics.",https://experienceleague.adobe.com/en/docs/marketo/using/product-docs/target-account-management/setup/target-account-management-overview,Marketo Target Account Management,WEB_VERIFIED,2026-09-21
ENT-MTC-0059,F06,Marketing & Brand,Lead generation,Adobe Experience Cloud / Marketo Engage,Adobe,Lead Lifecycle / MQL,Automate lead lifecycle status and marketing-qualified lead handoff to CRM,Person activity; scores; lifecycle rules; CRM fields,Qualified lead / lifecycle status,New -> nurture -> MQL -> sales handoff -> recycle/customer,Marketing/sales ops authority,Status/score/sync history,Salesforce/Dynamics CRM,"NuBlox must natively support automate lead lifecycle status and marketing-qualified lead handoff to crm within F06 Marketing & Brand, preserving structured qualified lead / lifecycle status, lifecycle/status, responsibility/authority, review/approval, audit evidence, reporting and integration semantics.",https://experienceleague.adobe.com/en/docs/marketo/using/product-docs/core-marketo-concepts/programs/program-library/op-lead-management,Marketo lead management,WEB_VERIFIED,2026-09-21
ENT-MTC-0060,F06,Marketing & Brand,Market intelligence,Sprinklr,Sprinklr,Social Listening,"Collect and analyze brand, customer, competitor and topic conversations across social/digital channels",Listening topics/queries; public social/digital conversations,Listening dataset / trends / sentiment insight,Configure topic -> collect/classify -> analyze -> alert/report,Consumer-intelligence permissions,"Source conversation, classification, trend and alert history",30+ social/digital channels; CRM/BI integrations,"NuBlox must natively support collect and analyze brand, customer, competitor and topic conversations across social/digital channels within F06 Marketing & Brand, preserving structured listening dataset / trends / sentiment insight, lifecycle/status, responsibility/authority, review/approval, audit evidence, reporting and integration semantics.",https://www.sprinklr.com/products/consumer-intelligence/social-listening/,Sprinklr Social Listening,WEB_VERIFIED,2026-09-21
ENT-MTC-0061,F06,Marketing & Brand,Digital marketing,Sprinklr,Sprinklr,Social Publishing & Engagement,"Plan, approve, publish and engage with content across multiple social channels",Content/calendar; target channels; brand policies; audiences,Social post / engagement conversation,Draft -> review/approve -> publish -> engage -> analyze,Role-based marketing/brand authority,"Approval, publication and engagement audit trail",30+ social/messaging channels,"NuBlox must natively support plan, approve, publish and engage with content across multiple social channels within F06 Marketing & Brand, preserving structured social post / engagement conversation, lifecycle/status, responsibility/authority, review/approval, audit evidence, reporting and integration semantics.",https://www.sprinklr.com/products/social-media-management/social-media-publishing-platform/,Sprinklr Social publishing,WEB_VERIFIED,2026-09-21
ENT-MTC-0062,F06,Marketing & Brand,Brand management,Sprinklr,Sprinklr,Social Governance / Compliance,"Apply role controls, approval workflows and automated compliance checks to social content",Brand policies; user roles; proposed posts/content,Approved/compliant social content state,Draft -> compliance check -> approve/escalate/block -> publish,Brand/compliance authority,"Access, approval and compliance audit trail",Sprinklr platform,"NuBlox must natively support apply role controls, approval workflows and automated compliance checks to social content within F06 Marketing & Brand, preserving structured approved/compliant social content state, lifecycle/status, responsibility/authority, review/approval, audit evidence, reporting and integration semantics.",https://www.sprinklr.com/products/social-media-management/,Sprinklr social governance,WEB_VERIFIED,2026-09-21
ENT-MTC-0063,F06,Marketing & Brand,Marketing analytics,Sprinklr,Sprinklr,Competitive Insights & Benchmarking,"Benchmark social share of voice, sentiment, engagement and content performance against competitors",Brand/competitor topics; social engagement data,Competitive benchmark / insight report,Collect -> compare -> analyze -> act,Marketing/brand analyst,Source metrics and comparison history,Dashboards/reports,"NuBlox must natively support benchmark social share of voice, sentiment, engagement and content performance against competitors within F06 Marketing & Brand, preserving structured competitive benchmark / insight report, lifecycle/status, responsibility/authority, review/approval, audit evidence, reporting and integration semantics.",https://www.sprinklr.com/products/consumer-intelligence/social-media-monitoring-tool/,Sprinklr competitive intelligence,WEB_VERIFIED,2026-09-21
ENT-MTC-0064,F06,Marketing & Brand,Market intelligence,Semrush,Semrush,Traffic & Market Toolkit,"Analyze markets, competitor traffic, audiences, benchmarking and trends",Competitor/domain list; digital traffic datasets,Market / competitor intelligence report,Define market -> analyze -> benchmark -> monitor,Marketing/market analyst,"Tracked domains, metrics and historical trends",Semrush reports/API,"NuBlox must natively support analyze markets, competitor traffic, audiences, benchmarking and trends within F06 Marketing & Brand, preserving structured market / competitor intelligence report, lifecycle/status, responsibility/authority, review/approval, audit evidence, reporting and integration semantics.",https://www.semrush.com/kb/1505-getting-started-with-traffic-and-market,Semrush Traffic & Market,WEB_VERIFIED,2026-09-21
ENT-MTC-0065,F06,Marketing & Brand,Digital marketing,Semrush,Semrush,Keyword Research,"Research keyword demand, intent, difficulty, competitive density and competitor gaps",Seed keywords; domains; market/locale,Keyword opportunity dataset / strategy list,Research -> score/filter -> group -> target,SEO/marketing authority,Keyword metrics and list/history,Semrush tools/export,"NuBlox must natively support research keyword demand, intent, difficulty, competitive density and competitor gaps within F06 Marketing & Brand, preserving structured keyword opportunity dataset / strategy list, lifecycle/status, responsibility/authority, review/approval, audit evidence, reporting and integration semantics.",https://www.semrush.com/kb/1187-keyword-research,Semrush keyword research,WEB_VERIFIED,2026-09-21
ENT-MTC-0066,F06,Marketing & Brand,Digital marketing,Semrush,Semrush,SEO Toolkit / Site Audit,Audit technical/on-page SEO and identify remediation opportunities,Website/domain; crawl settings; search data,SEO audit / issue backlog,Crawl/analyze -> prioritize -> remediate -> re-audit,SEO/web authority,"Issue severity, crawl and remediation history",Web; Search Console/Analytics integrations,"NuBlox must natively support audit technical/on-page seo and identify remediation opportunities within F06 Marketing & Brand, preserving structured seo audit / issue backlog, lifecycle/status, responsibility/authority, review/approval, audit evidence, reporting and integration semantics.",https://www.semrush.com/kb/806-seo-toolkit,Semrush SEO Toolkit,WEB_VERIFIED,2026-09-21
ENT-MTC-0067,F06,Marketing & Brand,Content marketing,Semrush,Semrush,Keyword Strategy Builder,"Transform keyword research into topic clusters, pillar pages and content plans",Keyword list; seed topics; metrics,SEO content strategy / topic map,Research -> cluster -> prioritize -> assign content -> track,Content/SEO authority,Keyword-to-topic plan history,Semrush/export,"NuBlox must natively support transform keyword research into topic clusters, pillar pages and content plans within F06 Marketing & Brand, preserving structured seo content strategy / topic map, lifecycle/status, responsibility/authority, review/approval, audit evidence, reporting and integration semantics.",https://www.semrush.com/kb/1058-keyword-strategy-builder,Semrush Keyword Strategy Builder,WEB_VERIFIED,2026-09-21
ENT-MTC-0068,F06,Marketing & Brand,Brand management,Canva,Canva,Brand Kit,"Govern logos, colours, fonts, imagery, tone and brand guidelines from a shared brand system",Approved brand assets; visual rules; guidelines,Brand kit / governed brand standard,Define -> approve -> publish/use -> update,Brand owner/admin authority,Brand asset/rule updates,Canva Business; design imports,"NuBlox must natively support govern logos, colours, fonts, imagery, tone and brand guidelines from a shared brand system within F06 Marketing & Brand, preserving structured brand kit / governed brand standard, lifecycle/status, responsibility/authority, review/approval, audit evidence, reporting and integration semantics.",https://www.canva.com/business/features/brand/,Canva Brand Kit,WEB_VERIFIED,2026-09-21
ENT-MTC-0069,F06,Marketing & Brand,Content marketing,Canva,Canva,Brand Templates / Content Authoring,Create reusable branded templates and produce marketing creative from governed design components,Brand kit; template; copy/images/video,Marketing creative / branded template,Design -> review -> approve -> publish/export,Brand/content authority,Template/design state and comments,PDF; PPTX; image/video and other exports,"NuBlox must natively support create reusable branded templates and produce marketing creative from governed design components within F06 Marketing & Brand, preserving structured marketing creative / branded template, lifecycle/status, responsibility/authority, review/approval, audit evidence, reporting and integration semantics.",https://www.canva.com/business/features/brand/,Canva Brand Templates,WEB_VERIFIED,2026-09-21
ENT-MTC-0070,F06,Marketing & Brand,Brand management,Canva,Canva,Design Approvals / Brand Controls,Lock brand elements and route designs to named approvers before publication,Design; brand controls; approvers,Approved/rejected creative asset,Draft -> review -> approve/revise -> publish,Brand approver authority,Comments/approval state,Canva Business,"NuBlox must natively support lock brand elements and route designs to named approvers before publication within F06 Marketing & Brand, preserving structured approved/rejected creative asset, lifecycle/status, responsibility/authority, review/approval, audit evidence, reporting and integration semantics.",https://www.canva.com/business/features/brand/,Canva design approvals,WEB_VERIFIED,2026-09-21
ENT-MTC-0071,F06,Marketing & Brand,Content marketing,Canva,Canva,Real-time Collaboration,"Co-design, comment and assign tasks across creative work",Design; collaborators; comments/tasks,Collaboratively authored design asset,Create -> collaborate -> resolve comments -> approve,Workspace/project permissions,Comment/task/collaboration history,Canva workspace,"NuBlox must natively support co-design, comment and assign tasks across creative work within F06 Marketing & Brand, preserving structured collaboratively authored design asset, lifecycle/status, responsibility/authority, review/approval, audit evidence, reporting and integration semantics.",https://www.canva.com/business/features/brand/,Canva collaboration,WEB_VERIFIED,2026-09-21
ENT-MTC-0072,F07,Sales & Commercial Management,Opportunity management,Salesforce Sales Cloud,Salesforce,Lead Management,"Capture, prioritize and progress leads through seller activities toward qualification",Lead/profile data; activities; scoring signals,Sales lead / qualified lead state,New -> working -> qualified/converted/disqualified,Sales/manager authority,"Lead owner, status and activity history",Salesforce CRM,"NuBlox must natively support capture, prioritize and progress leads through seller activities toward qualification within F07 Sales & Commercial Management, preserving structured sales lead / qualified lead state, lifecycle/status, responsibility/authority, review/approval, audit evidence, reporting and integration semantics.",https://www.salesforce.com/uk/sales/cloud/,Sales Cloud lead management,WEB_VERIFIED,2026-09-21
ENT-MTC-0073,F07,Sales & Commercial Management,Opportunity management,Salesforce Sales Cloud,Salesforce,Account & Opportunity Management,"Manage account context, deal stage, value, stakeholders and seller guidance",Account/contact; opportunity value/stage; activities; products,Account / opportunity record,Qualify -> develop -> propose/negotiate -> won/lost,Account executive/sales manager authority,"Stage, owner, amount and activity history",CRM/integrations,"NuBlox must natively support manage account context, deal stage, value, stakeholders and seller guidance within F07 Sales & Commercial Management, preserving structured account / opportunity record, lifecycle/status, responsibility/authority, review/approval, audit evidence, reporting and integration semantics.",https://www.salesforce.com/uk/sales/cloud/,Sales Cloud account/opportunity,WEB_VERIFIED,2026-09-21
ENT-MTC-0074,F07,Sales & Commercial Management,Sales forecasting,Salesforce Sales Cloud,Salesforce,Forecast Management,Aggregate pipeline and opportunity data into real-time sales forecasts,Opportunities; forecast categories; quota; hierarchy,Sales forecast,Pipeline update -> forecast submission/review -> commit/update,Sales manager/executive authority,Forecast category/history and underlying opportunities,Salesforce analytics,"NuBlox must natively support aggregate pipeline and opportunity data into real-time sales forecasts within F07 Sales & Commercial Management, preserving structured sales forecast, lifecycle/status, responsibility/authority, review/approval, audit evidence, reporting and integration semantics.",https://www.salesforce.com/uk/sales/cloud/,Sales Cloud forecasting,WEB_VERIFIED,2026-09-21
ENT-MTC-0075,F07,Sales & Commercial Management,Pipeline management,Salesforce Sales Cloud,Salesforce,Pipeline / Seller Guidance,Prioritize seller actions and track pipeline health across deals,Leads; opportunities; activities; sales process,Pipeline / next-action worklist,Capture -> prioritize -> work -> advance/close,Seller/manager authority,Pipeline/stage/activity history,Salesforce CRM,"NuBlox must natively support prioritize seller actions and track pipeline health across deals within F07 Sales & Commercial Management, preserving structured pipeline / next-action worklist, lifecycle/status, responsibility/authority, review/approval, audit evidence, reporting and integration semantics.",https://www.salesforce.com/uk/sales/cloud/,Sales Cloud pipeline,WEB_VERIFIED,2026-09-21
ENT-MTC-0076,F07,Sales & Commercial Management,Opportunity management,Microsoft Dynamics 365 Sales,Microsoft,Lead Qualification,Create and qualify leads into accounts/contacts/opportunities,Lead; company/contact; activities; qualification data,Qualified lead / account-contact-opportunity records,New -> qualify -> opportunity or disqualify,Salesperson/manager permissions,Qualification and conversion history,Dataverse; Microsoft 365,"NuBlox must natively support create and qualify leads into accounts/contacts/opportunities within F07 Sales & Commercial Management, preserving structured qualified lead / account-contact-opportunity records, lifecycle/status, responsibility/authority, review/approval, audit evidence, reporting and integration semantics.",https://learn.microsoft.com/en-us/dynamics365/sales/qualify-lead-convert-opportunity-sales,Dynamics 365 Sales lead qualification,WEB_VERIFIED,2026-09-21
ENT-MTC-0077,F07,Sales & Commercial Management,Opportunity management,Microsoft Dynamics 365 Sales,Microsoft,Opportunities,"Track potential sale value, close date, probability, stakeholders, activities and stages",Account/contact; products; activities; estimated revenue/date,Sales opportunity,Develop -> propose -> close won/lost,Salesperson/manager authority,Opportunity stage/activity history,Dataverse/Outlook/Teams,"NuBlox must natively support track potential sale value, close date, probability, stakeholders, activities and stages within F07 Sales & Commercial Management, preserving structured sales opportunity, lifecycle/status, responsibility/authority, review/approval, audit evidence, reporting and integration semantics.",https://learn.microsoft.com/en-us/dynamics365/sales/opportunity-management,Dynamics opportunity management,WEB_VERIFIED,2026-09-21
ENT-MTC-0078,F07,Sales & Commercial Management,Quotation,Microsoft Dynamics 365 Sales,Microsoft,Quotes,"Create product/pricing quotes, activate/revise them and convert accepted quotes into orders",Opportunity/account; price list; products; discounts; terms,Sales quotation / order,Draft -> active -> won/accepted -> order OR revise/cancel/lost,Sales/commercial authority,Quote versions/status and order conversion,Dataverse/ERP integration,"NuBlox must natively support create product/pricing quotes, activate/revise them and convert accepted quotes into orders within F07 Sales & Commercial Management, preserving structured sales quotation / order, lifecycle/status, responsibility/authority, review/approval, audit evidence, reporting and integration semantics.",https://learn.microsoft.com/en-us/dynamics365/sales/create-edit-quote-sales,Dynamics 365 quotes,WEB_VERIFIED,2026-09-21
ENT-MTC-0079,F07,Sales & Commercial Management,Sales forecasting,Microsoft Dynamics 365 Sales,Microsoft,Forecasts,Aggregate opportunity pipeline and quota into configurable forecast categories and hierarchy views,Opportunities; quota; hierarchy; forecast categories,Sales forecast / forecast snapshot,Configure -> calculate -> review/adjust -> close period,Sales manager authority,Forecast adjustments and pipeline source,Dataverse/analytics,"NuBlox must natively support aggregate opportunity pipeline and quota into configurable forecast categories and hierarchy views within F07 Sales & Commercial Management, preserving structured sales forecast / forecast snapshot, lifecycle/status, responsibility/authority, review/approval, audit evidence, reporting and integration semantics.",https://learn.microsoft.com/en-us/dynamics365/sales/configure-forecast,Dynamics 365 forecasting,WEB_VERIFIED,2026-09-21
ENT-MTC-0080,F07,Sales & Commercial Management,Account management,Microsoft Dynamics 365 Sales,Microsoft,Account / Activity Management,"Maintain account/contact relationships and sales activities including calls, meetings and tasks",Accounts; contacts; activities; emails/meetings,Account relationship / sales activity record,Prospect -> active account -> ongoing engagement,Sales/account authority,Activity and relationship history,Outlook/Teams/Dataverse,"NuBlox must natively support maintain account/contact relationships and sales activities including calls, meetings and tasks within F07 Sales & Commercial Management, preserving structured account relationship / sales activity record, lifecycle/status, responsibility/authority, review/approval, audit evidence, reporting and integration semantics.",https://learn.microsoft.com/en-us/dynamics365/sales/accounts-contacts,Dynamics accounts and contacts,WEB_VERIFIED,2026-09-21
ENT-MTC-0081,F07,Sales & Commercial Management,Proposal/bid management,Autodesk BuildingConnected,Autodesk,BuildingConnected Pro - Bid Packages,Create trade bid packages and issue organized invitations with project/design information,Project; trade scope; design files; bidder list; bid form,Construction bid package / invitation,Prepare -> invite -> bidder response -> evaluate -> award/no award,Preconstruction/estimating authority,"Invite, view, response and communication history",Forma/Autodesk Docs,"NuBlox must natively support create trade bid packages and issue organized invitations with project/design information within F07 Sales & Commercial Management, preserving structured construction bid package / invitation, lifecycle/status, responsibility/authority, review/approval, audit evidence, reporting and integration semantics.",https://www.autodesk.com/products/building-connected-pro/overview,BuildingConnected Pro,WEB_VERIFIED,2026-09-21
ENT-MTC-0082,F07,Sales & Commercial Management,Pipeline management,Autodesk BuildingConnected,Autodesk,Bid Board Pro,"Track bid invitations, opportunities, due dates, team assignments and bid workload",Incoming bid invites; project/opportunity; due dates; estimator/team,Construction sales/bid opportunity record,Invite -> qualify/no-bid -> estimate -> submit -> win/loss,Preconstruction/sales authority,"Opportunity, due-date and outcome history",BuildingConnected network,"NuBlox must natively support track bid invitations, opportunities, due dates, team assignments and bid workload within F07 Sales & Commercial Management, preserving structured construction sales/bid opportunity record, lifecycle/status, responsibility/authority, review/approval, audit evidence, reporting and integration semantics.",https://construction.autodesk.com/products/buildingconnected/,Bid Board Pro,WEB_VERIFIED,2026-09-21
ENT-MTC-0083,F07,Sales & Commercial Management,Proposal/bid management,Autodesk BuildingConnected,Autodesk,Bid Leveling,Compare subcontractor bids side-by-side against a common scope,Bid package; supplier bids; exclusions/qualifications; scope items,Bid comparison / bid-leveling record,Receive -> normalize/clarify -> compare -> select,Estimator/commercial authority,Bid versions/comparison/selection evidence,BuildingConnected Pro,"NuBlox must natively support compare subcontractor bids side-by-side against a common scope within F07 Sales & Commercial Management, preserving structured bid comparison / bid-leveling record, lifecycle/status, responsibility/authority, review/approval, audit evidence, reporting and integration semantics.",https://www.autodesk.com/products/building-connected-pro/overview,BuildingConnected bid leveling,WEB_VERIFIED,2026-09-21
ENT-MTC-0084,F07,Sales & Commercial Management,Sales performance,Autodesk BuildingConnected,Autodesk,Bid Analytics,"Analyze bid-hit rate, coverage, performance and historical cost information",Bid invitations; submissions; awards; cost history,Bid performance / historical cost analytics,Bid lifecycle -> outcome -> analyze,Preconstruction/sales management,Historical bids and outcomes,Reports/analytics,"NuBlox must natively support analyze bid-hit rate, coverage, performance and historical cost information within F07 Sales & Commercial Management, preserving structured bid performance / historical cost analytics, lifecycle/status, responsibility/authority, review/approval, audit evidence, reporting and integration semantics.",https://construction.autodesk.com/products/buildingconnected/,BuildingConnected analytics,WEB_VERIFIED,2026-09-21
ENT-MTC-0085,F08,"Customer Service, Experience & Success",Case management,Salesforce Service Cloud,Salesforce,Case Management,"Capture, assign, track and resolve customer questions/issues on a case record",Customer/account; issue; product/asset; communications,Customer case,New -> assigned -> working/escalated -> resolved/closed,Service agent/manager authority,"Case status, owner, activities and communications",Salesforce platform,"NuBlox must natively support capture, assign, track and resolve customer questions/issues on a case record within F08 Customer Service, Experience & Success, preserving structured customer case, lifecycle/status, responsibility/authority, review/approval, audit evidence, reporting and integration semantics.",https://www.salesforce.com/uk/service/cloud/,Salesforce Service Cloud,WEB_VERIFIED,2026-09-21
ENT-MTC-0086,F08,"Customer Service, Experience & Success",Customer enquiry,Salesforce Service Cloud,Salesforce,Omnichannel Routing,"Route voice/digital customer work to agents based on availability, capacity and skills",Inbound interaction/case; queue; agent skills/capacity,Routed service interaction,Arrive -> route -> accept -> handle -> complete,Service routing/admin authority,Queue/assignment/interaction history,Voice/chat/messaging/web,"NuBlox must natively support route voice/digital customer work to agents based on availability, capacity and skills within F08 Customer Service, Experience & Success, preserving structured routed service interaction, lifecycle/status, responsibility/authority, review/approval, audit evidence, reporting and integration semantics.",https://www.salesforce.com/uk/service/cloud/,Service Cloud omnichannel,WEB_VERIFIED,2026-09-21
ENT-MTC-0087,F08,"Customer Service, Experience & Success",Customer knowledge,Salesforce Service Cloud,Salesforce,Knowledge,Author and surface knowledge articles to agents/customers for consistent resolution,Knowledge content; product/process context; article metadata,Knowledge article,Draft -> review/publish -> use -> revise/archive,Knowledge author/publisher authority,Article version/publication/use history,Portal/agent workspace,"NuBlox must natively support author and surface knowledge articles to agents/customers for consistent resolution within F08 Customer Service, Experience & Success, preserving structured knowledge article, lifecycle/status, responsibility/authority, review/approval, audit evidence, reporting and integration semantics.",https://www.salesforce.com/uk/service/cloud/,Service Cloud knowledge,WEB_VERIFIED,2026-09-21
ENT-MTC-0088,F08,"Customer Service, Experience & Success",Complaint management,Salesforce Service Cloud,Salesforce,Incident / Major Issue Management,Coordinate widespread customer-impacting service issues and communications,Cases; incident/problem context; impacted customers/services,Service incident / customer communication record,Detect -> declare -> investigate -> communicate -> resolve,Service/incident authority,Incident/case linkage and communications,Service Cloud/platform,"NuBlox must natively support coordinate widespread customer-impacting service issues and communications within F08 Customer Service, Experience & Success, preserving structured service incident / customer communication record, lifecycle/status, responsibility/authority, review/approval, audit evidence, reporting and integration semantics.",https://www.salesforce.com/uk/service/cloud/,Service Cloud incident management,WEB_VERIFIED,2026-09-21
ENT-MTC-0089,F08,"Customer Service, Experience & Success",Customer feedback,Salesforce Service Cloud,Salesforce,Service Analytics,"Measure case volumes, response/resolution, channel and agent/service performance",Cases; interactions; SLA/service metrics,Service performance dashboard/report,Operate -> measure -> analyze -> improve,Service management,Metric-to-case/interaction lineage,Salesforce analytics,"NuBlox must natively support measure case volumes, response/resolution, channel and agent/service performance within F08 Customer Service, Experience & Success, preserving structured service performance dashboard/report, lifecycle/status, responsibility/authority, review/approval, audit evidence, reporting and integration semantics.",https://www.salesforce.com/uk/service/cloud/,Service Cloud analytics,WEB_VERIFIED,2026-09-21
ENT-MTC-0090,F08,"Customer Service, Experience & Success",Case management,ServiceNow Customer Service Management,ServiceNow,Cases & Playbooks,"Capture case context and orchestrate structured resolution tasks across front, middle and back office",Customer/account; product/asset; issue; activities; case tasks,Customer case / case task,Open -> assign -> playbook/tasks -> resolve -> close,Agent/manager authority,Case communication/task/status history,ServiceNow platform/APIs,"NuBlox must natively support capture case context and orchestrate structured resolution tasks across front, middle and back office within F08 Customer Service, Experience & Success, preserving structured customer case / case task, lifecycle/status, responsibility/authority, review/approval, audit evidence, reporting and integration semantics.",https://www.servicenow.com/uk/products/customer-service-management/what-is-case-management.html,ServiceNow CSM case management,WEB_VERIFIED,2026-09-21
ENT-MTC-0091,F08,"Customer Service, Experience & Success",Case management,ServiceNow Customer Service Management,ServiceNow,Advanced Work Assignment,"Route cases to agents using case attributes, skills, availability, capacity and affinity",Customer case; matching/assignment rules; agent capacity/skills,Case assignment,Queued -> matched -> assigned -> accepted/reassigned,Service routing authority,Routing/assignment history,ServiceNow APIs,"NuBlox must natively support route cases to agents using case attributes, skills, availability, capacity and affinity within F08 Customer Service, Experience & Success, preserving structured case assignment, lifecycle/status, responsibility/authority, review/approval, audit evidence, reporting and integration semantics.",https://www.servicenow.com/docs/r/customer-service-management/c_CaseRouting.html,ServiceNow case routing,WEB_VERIFIED,2026-09-21
ENT-MTC-0092,F08,"Customer Service, Experience & Success",Service-level management,ServiceNow Customer Service Management,ServiceNow,Entitlements & Service Contracts,Validate support entitlement against account/product/asset/contract and track remaining units/service obligations,Account; product/asset; contract; entitlement; case,Service entitlement / contract coverage state,Offer/contract -> active entitlement -> case consumption -> expiry/change,Service contract/CSM manager authority,"Entitlement checks, usage and contract history",ServiceNow CSM,"NuBlox must natively support validate support entitlement against account/product/asset/contract and track remaining units/service obligations within F08 Customer Service, Experience & Success, preserving structured service entitlement / contract coverage state, lifecycle/status, responsibility/authority, review/approval, audit evidence, reporting and integration semantics.",https://www.servicenow.com/docs/r/customer-service-management/configure-csm-entitlements.html,ServiceNow CSM entitlements,WEB_VERIFIED,2026-09-21
ENT-MTC-0093,F08,"Customer Service, Experience & Success",Customer knowledge,ServiceNow Customer Service Management,ServiceNow,Knowledge / Agent Workspace,Surface contextual customer/account/product knowledge and guided decisions to agents,Case context; knowledge articles; customer/account/product data,Agent resolution guidance / knowledge use,Case -> recommend/search -> apply -> resolve,Knowledge/service permissions,Knowledge access and case resolution history,ServiceNow knowledge/platform,"NuBlox must natively support surface contextual customer/account/product knowledge and guided decisions to agents within F08 Customer Service, Experience & Success, preserving structured agent resolution guidance / knowledge use, lifecycle/status, responsibility/authority, review/approval, audit evidence, reporting and integration semantics.",https://www.servicenow.com/uk/products/customer-service-management/what-is-case-management.html,ServiceNow Agent Workspace,WEB_VERIFIED,2026-09-21
ENT-MTC-0094,F08,"Customer Service, Experience & Success",Customer onboarding,ServiceNow Customer Service Management,ServiceNow,Customer Projects / Cross-team Workflow,Coordinate longer-running customer onboarding/support work with tasks across business teams,Customer project/case; tasks; teams; products/services,Customer project / cross-team task plan,Initiate -> assign tasks -> execute -> complete,Customer service/project authority,Task handoff and completion history,ServiceNow workflows,"NuBlox must natively support coordinate longer-running customer onboarding/support work with tasks across business teams within F08 Customer Service, Experience & Success, preserving structured customer project / cross-team task plan, lifecycle/status, responsibility/authority, review/approval, audit evidence, reporting and integration semantics.",https://www.servicenow.com/uk/products/customer-service-management/what-is-csm.html,ServiceNow CSM orchestration,WEB_VERIFIED,2026-09-21
ENT-MTC-0095,F08,"Customer Service, Experience & Success",Customer enquiry,Genesys Cloud CX,Genesys,ACD / Predictive Routing,"Route voice and digital interactions to the best available resource using skills, availability and AI",Inbound interaction; intent; customer context; agent skills/availability,Routed customer interaction,Arrive -> identify/queue -> route -> handle -> complete,Contact-centre routing authority,Queue/routing/agent interaction history,Voice/digital/messaging APIs,"NuBlox must natively support route voice and digital interactions to the best available resource using skills, availability and ai within F08 Customer Service, Experience & Success, preserving structured routed customer interaction, lifecycle/status, responsibility/authority, review/approval, audit evidence, reporting and integration semantics.",https://www.genesys.com/en-gb/capabilities/automated-routing,Genesys predictive routing,WEB_VERIFIED,2026-09-21
ENT-MTC-0096,F08,"Customer Service, Experience & Success",Technical support,Genesys Cloud CX,Genesys,Voice / IVR / Digital Engagement,"Handle customer interactions across voice, chat, SMS, messaging and self-service channels",Customer interaction; IVR/bot flow; channel context,Customer interaction / conversation record,Enter channel -> self-service/route -> agent/bot -> resolve,Contact-centre/agent authority,Interaction/channel/conversation history,Voice; chat; SMS; WhatsApp; APIs,"NuBlox must natively support handle customer interactions across voice, chat, sms, messaging and self-service channels within F08 Customer Service, Experience & Success, preserving structured customer interaction / conversation record, lifecycle/status, responsibility/authority, review/approval, audit evidence, reporting and integration semantics.",https://www.genesys.com/en-gb/capabilities/call-center-software,Genesys Cloud CX,WEB_VERIFIED,2026-09-21
ENT-MTC-0097,F08,"Customer Service, Experience & Success",Service-level management,Genesys Cloud CX,Genesys,Workforce Forecasting & Scheduling,Forecast interaction demand and schedule contact-centre agents to meet service requirements,Historical demand; forecast; agent skills/availability; service targets,Workforce forecast / agent schedule,Forecast -> plan/schedule -> publish -> intraday adjust,WFM planner/supervisor authority,Forecast/schedule/adherence history,Genesys WEM,"NuBlox must natively support forecast interaction demand and schedule contact-centre agents to meet service requirements within F08 Customer Service, Experience & Success, preserving structured workforce forecast / agent schedule, lifecycle/status, responsibility/authority, review/approval, audit evidence, reporting and integration semantics.",https://www.genesys.com/en-gb/capabilities/wem-workforce-engagement-management,Genesys workforce management,WEB_VERIFIED,2026-09-21
ENT-MTC-0098,F08,"Customer Service, Experience & Success",Customer feedback,Genesys Cloud CX,Genesys,Quality / Recording / Speech & Text Analytics,"Record and analyze customer-agent interactions for quality, compliance, sentiment and coaching",Voice/digital interactions; quality criteria; speech/text data,Interaction recording / quality evaluation / insight,Capture -> analyze/evaluate -> coach/remediate -> report,QA/supervisor/compliance authority,Recording/evaluation/coaching audit,Genesys WEM,"NuBlox must natively support record and analyze customer-agent interactions for quality, compliance, sentiment and coaching within F08 Customer Service, Experience & Success, preserving structured interaction recording / quality evaluation / insight, lifecycle/status, responsibility/authority, review/approval, audit evidence, reporting and integration semantics.",https://www.genesys.com/capabilities/wem-workforce-engagement-management,Genesys quality analytics,WEB_VERIFIED,2026-09-21
ENT-MTC-0099,F08,"Customer Service, Experience & Success",Customer knowledge,Genesys Cloud CX,Genesys,Knowledge / Agent Assistance,Surface contextual knowledge and AI guidance during live customer interactions,Interaction context; customer history; knowledge base,Agent recommendation / knowledge response,Interaction -> intent -> retrieve/recommend -> respond,Agent/knowledge authority,Recommendation/use and interaction history,Genesys Cloud,"NuBlox must natively support surface contextual knowledge and ai guidance during live customer interactions within F08 Customer Service, Experience & Success, preserving structured agent recommendation / knowledge response, lifecycle/status, responsibility/authority, review/approval, audit evidence, reporting and integration semantics.",https://www.genesys.com/en-gb/capabilities/inbound,Genesys inbound agent context,WEB_VERIFIED,2026-09-21
ENT-MTC-0100,F09,Procurement & Supplier Management,Supplier onboarding,SAP Ariba,SAP,Supplier Lifecycle - Request & Registration,"Add suppliers, collect supplier profile information and govern registration workflows",Supplier request; company/contact; questionnaire; certificates; tax/profile data,Supplier master / registration project,Request -> invite/register -> review/approve -> registered,Supplier manager/approver authority,"Project activities, questionnaire and approval history",Supplier Data APIs; ERP integration,"NuBlox must natively support add suppliers, collect supplier profile information and govern registration workflows within F09 Procurement & Supplier Management, preserving structured supplier master / registration project, lifecycle/status, responsibility/authority, review/approval, audit evidence, reporting and integration semantics.",https://help.sap.com/docs/ARIBA_SOURCING/c6163e943b0d48e0885ac73047145cbf,SAP Ariba supplier lifecycle,WEB_VERIFIED,2026-09-21
ENT-MTC-0101,F09,Procurement & Supplier Management,Supplier discovery,SAP Ariba,SAP,Supplier Qualification / Preferred,"Qualify, disqualify and designate preferred suppliers by commodity, region and department",Registered supplier; qualification questionnaire; category/region; approvals,Supplier qualification / preferred status,Registered -> qualify -> preferred/disqualified -> renew/change,Category/supplier-manager authority,Qualification/preferred approval and activity history,Ariba SLP/API,"NuBlox must natively support qualify, disqualify and designate preferred suppliers by commodity, region and department within F09 Procurement & Supplier Management, preserving structured supplier qualification / preferred status, lifecycle/status, responsibility/authority, review/approval, audit evidence, reporting and integration semantics.",https://help.sap.com/docs/strategic-sourcing/managing-suppliers-and-supplier-lifecycles/about-supplier-360-profile,Ariba supplier qualification,WEB_VERIFIED,2026-09-21
ENT-MTC-0102,F09,Procurement & Supplier Management,Supplier performance,SAP Ariba,SAP,Supplier Evaluations,"Run periodic supplier performance evaluations using questionnaires, scorecards and scoring bands",Supplier; KPI/scorecard template; evaluators; period,Supplier performance evaluation / scorecard,Plan -> collect responses -> score -> review -> complete,Supplier/category authority,"Evaluator responses, score and review history",Ariba reporting,"NuBlox must natively support run periodic supplier performance evaluations using questionnaires, scorecards and scoring bands within F09 Procurement & Supplier Management, preserving structured supplier performance evaluation / scorecard, lifecycle/status, responsibility/authority, review/approval, audit evidence, reporting and integration semantics.",https://help.sap.com/docs/strategic-sourcing/supplier-evaluation/supplier-evaluation-user-guide,Ariba supplier evaluations,WEB_VERIFIED,2026-09-21
ENT-MTC-0103,F09,Procurement & Supplier Management,Sourcing,SAP Ariba,SAP,Sourcing Events,"Create and run RFIs, RFPs, RFQs/auctions, collect supplier responses and award items",Sourcing requirement; items/lots; suppliers; questionnaires; pricing rules,Sourcing event / supplier bid / award,Draft -> publish -> bid/response -> evaluate -> award,Buyer/category authority,"Event rules, bids, scoring and award history",Ariba Sourcing / ERP integration,"NuBlox must natively support create and run rfis, rfps, rfqs/auctions, collect supplier responses and award items within F09 Procurement & Supplier Management, preserving structured sourcing event / supplier bid / award, lifecycle/status, responsibility/authority, review/approval, audit evidence, reporting and integration semantics.",https://help.sap.com/docs/strategic-sourcing/event-management/creating-price-acceptance-scenario%3Flocale%3Des-ES,Ariba event management,WEB_VERIFIED,2026-09-21
ENT-MTC-0104,F09,Procurement & Supplier Management,Requisitioning,SAP Ariba,SAP,Buying - Purchase Requisition,Create approvable requests for catalog/non-catalog goods and services and track requisition lifecycle,Requester; catalog/non-catalog item; quantity; accounting; supplier,Purchase requisition / amendment,Composing -> submitted -> approved/denied -> ordering/ordered -> receiving/received,Requester/approver/buyer authority,"PR status, approvals and amendments",ERP/Business Network,"NuBlox must natively support create approvable requests for catalog/non-catalog goods and services and track requisition lifecycle within F09 Procurement & Supplier Management, preserving structured purchase requisition / amendment, lifecycle/status, responsibility/authority, review/approval, audit evidence, reporting and integration semantics.",https://help.sap.com/docs/buying-invoicing/approvables-reference-guide/purchase-requisition-or-requisition-pr,Ariba purchase requisition,WEB_VERIFIED,2026-09-21
ENT-MTC-0105,F09,Procurement & Supplier Management,Supplier relationship management,SAP Ariba,SAP,Supplier 360 / Activity Log,"Maintain consolidated supplier lifecycle, certificate, qualification, preferred and project activity context",Supplier profile; lifecycle projects; contacts; certificates; activity,Supplier 360 / activity history,Onboard -> transact/evaluate -> requalify/change -> offboard,Supplier/category authority,Cross-project activity and detailed histories,Supplier APIs/reporting,"NuBlox must natively support maintain consolidated supplier lifecycle, certificate, qualification, preferred and project activity context within F09 Procurement & Supplier Management, preserving structured supplier 360 / activity history, lifecycle/status, responsibility/authority, review/approval, audit evidence, reporting and integration semantics.",https://help.sap.com/docs/strategic-sourcing/managing-suppliers-and-supplier-lifecycles/about-activity-log,Ariba supplier activity,WEB_VERIFIED,2026-09-21
ENT-MTC-0106,F09,Procurement & Supplier Management,Sourcing,Coupa,Coupa,Sourcing Events,"Create RFI/RFP/RFQ sourcing events, invite suppliers, collect responses and award at line level",Sourcing need; items/lots; invited suppliers; forms/questionnaires,Sourcing event / supplier response / award,Create -> launch -> respond -> evaluate -> award,Buyer/sourcing authority,Event and response/award history,Sourcing APIs/CSP,"NuBlox must natively support create rfi/rfp/rfq sourcing events, invite suppliers, collect responses and award at line level within F09 Procurement & Supplier Management, preserving structured sourcing event / supplier response / award, lifecycle/status, responsibility/authority, review/approval, audit evidence, reporting and integration semantics.",https://docs.coupa.com/en/developer-documentation/the-coupa-core-api/resources/transactional-resources/sourcing-api-quote_requests,Coupa Sourcing API,WEB_VERIFIED,2026-09-21
ENT-MTC-0107,F09,Procurement & Supplier Management,Supplier onboarding,Coupa,Coupa,Supplier Portal Onboarding,"Collect supplier legal entity, contact, business, tax and payment information for buyer relationships",Supplier invite/account; company/legal entity; tax/payment/profile data,Supplier onboarding/profile record,Invite/register -> onboard -> connected/active -> update,Supplier/customer admin authority,Onboarding/profile updates,Coupa Supplier Portal,"NuBlox must natively support collect supplier legal entity, contact, business, tax and payment information for buyer relationships within F09 Procurement & Supplier Management, preserving structured supplier onboarding/profile record, lifecycle/status, responsibility/authority, review/approval, audit evidence, reporting and integration semantics.",https://docs.coupa.com/en/supplier-documentation/coupa-for-suppliers/the-coupa-supplier-portal-or-csp/coupa-supplier-portal-registration-and-login/your-information-in-the-csp,Coupa supplier onboarding,WEB_VERIFIED,2026-09-21
ENT-MTC-0108,F09,Procurement & Supplier Management,Purchase ordering,Coupa,Coupa,Purchase Orders / Collaboration,"Issue and collaborate on purchase orders, confirmations and line-level quantity/amount/service commitments",Approved purchase demand; supplier; PO lines; delivery/service requirements,Purchase order / supplier confirmation,PO issued -> supplier confirm/change collaboration -> fulfil -> close,Buyer/supplier authority,"PO status, acknowledgements and changes",CSP; cXML; email/HTML,"NuBlox must natively support issue and collaborate on purchase orders, confirmations and line-level quantity/amount/service commitments within F09 Procurement & Supplier Management, preserving structured purchase order / supplier confirmation, lifecycle/status, responsibility/authority, review/approval, audit evidence, reporting and integration semantics.",https://docs.coupa.com/en/supplier-documentation/coupa-for-suppliers/the-coupa-supplier-portal-or-csp/features-and-processes-in-the-coupa-supplier-portal/purchase-orders/purchase-order-collaboration-with-buyers,Coupa PO collaboration,WEB_VERIFIED,2026-09-21
ENT-MTC-0109,F09,Procurement & Supplier Management,Contracting,Coupa,Coupa,Contract Collaboration,"Share, review, edit and sign supplier contracts with internal/external collaborators",Contract draft; counterparties; clauses/document; reviewers,Supplier contract / signed agreement,Draft -> review/collaborate -> sign -> active,Legal/procurement/counterparty authority,Review/signature/version history,PDF/doc collaboration,"NuBlox must natively support share, review, edit and sign supplier contracts with internal/external collaborators within F09 Procurement & Supplier Management, preserving structured supplier contract / signed agreement, lifecycle/status, responsibility/authority, review/approval, audit evidence, reporting and integration semantics.",https://docs.coupa.com/en/supplier-documentation/coupa-for-suppliers/the-coupa-supplier-portal-or-csp/features-and-processes-in-the-coupa-supplier-portal/contract-collaboration/contract-collaboration-faq,Coupa Contract Collaboration,WEB_VERIFIED,2026-09-21
ENT-MTC-0110,F09,Procurement & Supplier Management,Purchase ordering,Coupa,Coupa,Supplier Catalog / Invoice / ASN Transactions,"Manage catalog content and transact purchase orders, advance ship notices and invoices through supplier network",Catalog; PO; shipment; invoice; payment details,Catalog / ASN / invoice transaction,Catalog -> PO -> ship/ASN -> invoice -> transaction status,Buyer/supplier/finance authority,Transaction status/history,CSP; cXML,"NuBlox must natively support manage catalog content and transact purchase orders, advance ship notices and invoices through supplier network within F09 Procurement & Supplier Management, preserving structured catalog / asn / invoice transaction, lifecycle/status, responsibility/authority, review/approval, audit evidence, reporting and integration semantics.",https://docs.coupa.com/en/supplier-documentation/coupa-for-suppliers/the-coupa-supplier-portal-or-csp,Coupa Supplier Portal,WEB_VERIFIED,2026-09-21
ENT-MTC-0111,F09,Procurement & Supplier Management,Supplier discovery,Autodesk BuildingConnected,Autodesk,Builders Network / Vendor Profiles,Discover construction subcontractors by trade/location/profile and maintain vendor qualification context,Project/trade need; contractor network; vendor profile/certifications/service areas,Candidate subcontractor / vendor profile,Search -> shortlist -> qualify/invite -> use/update,Preconstruction/procurement authority,"Profile, contact and qualification history",BuildingConnected network,"NuBlox must natively support discover construction subcontractors by trade/location/profile and maintain vendor qualification context within F09 Procurement & Supplier Management, preserving structured candidate subcontractor / vendor profile, lifecycle/status, responsibility/authority, review/approval, audit evidence, reporting and integration semantics.",https://www.autodesk.com/products/building-connected-pro/overview,BuildingConnected vendor discovery,WEB_VERIFIED,2026-09-21
ENT-MTC-0112,F09,Procurement & Supplier Management,Sourcing,Autodesk BuildingConnected,Autodesk,Bid Management,"Create bid packages, invite subcontractors and centrally manage construction tender communication/responses",Project; trade package; design docs; bidders; bid forms,Construction sourcing event / bid package,Prepare -> invite -> bid -> clarify -> compare -> award,Estimator/buyer authority,"Invitations, responses and communications",BuildingConnected/Autodesk Docs,"NuBlox must natively support create bid packages, invite subcontractors and centrally manage construction tender communication/responses within F09 Procurement & Supplier Management, preserving structured construction sourcing event / bid package, lifecycle/status, responsibility/authority, review/approval, audit evidence, reporting and integration semantics.",https://construction.autodesk.com/products/buildingconnected/,BuildingConnected bidding,WEB_VERIFIED,2026-09-21
ENT-MTC-0113,F09,Procurement & Supplier Management,Supplier risk,Autodesk BuildingConnected,Autodesk,TradeTapp Qualification,"Collect and assess subcontractor financial, safety and qualification information before award",Subcontractor; questionnaires; financial/safety metrics; project context,Subcontractor qualification / risk assessment,Invite/collect -> assess -> approve/limit/reject -> monitor,Risk/procurement authority,"Questionnaire, calculated risk and approval history",TradeTapp/ERP integrations,"NuBlox must natively support collect and assess subcontractor financial, safety and qualification information before award within F09 Procurement & Supplier Management, preserving structured subcontractor qualification / risk assessment, lifecycle/status, responsibility/authority, review/approval, audit evidence, reporting and integration semantics.",https://construction.autodesk.com/pricing/buildingconnected/,TradeTapp,WEB_VERIFIED,2026-09-21
ENT-MTC-0114,F09,Procurement & Supplier Management,Sourcing,Autodesk BuildingConnected,Autodesk,Bid Leveling / Award Support,Normalize and compare tender responses side-by-side with qualification/risk information,Bid package; supplier bids; scope; qualifications/risk,Tender comparison / selection evidence,Receive -> level -> risk review -> select/award,Commercial/procurement authority,Bid comparison and selection evidence,BuildingConnected Pro,"NuBlox must natively support normalize and compare tender responses side-by-side with qualification/risk information within F09 Procurement & Supplier Management, preserving structured tender comparison / selection evidence, lifecycle/status, responsibility/authority, review/approval, audit evidence, reporting and integration semantics.",https://www.autodesk.com/products/building-connected-pro/overview,BuildingConnected bid leveling,WEB_VERIFIED,2026-09-21
ENT-MTC-0115,F10,"Demand, Supply Chain & Logistics",Demand planning,SAP Integrated Business Planning / EWM / TM,SAP,IBP Demand Planning,Create statistical/predictive demand forecasts and sense demand using historical/external signals,Historical demand; sales; promotions; external signals; planning master data,Demand forecast / consensus demand plan,Baseline forecast -> collaborate/adjust -> consensus -> monitor accuracy,Demand-planning authority,"Forecast versions, metrics and adjustments",SAP ERP/external data; Excel/web,"NuBlox must natively support create statistical/predictive demand forecasts and sense demand using historical/external signals within F10 Demand, Supply Chain & Logistics, preserving structured demand forecast / consensus demand plan, lifecycle/status, responsibility/authority, review/approval, audit evidence, reporting and integration semantics.",https://help.sap.com/docs/SAP_INTEGRATED_BUSINESS_PLANNING/feae3cea3cc549aaa9d9de7d363a83e6/c7879856b7ccda5fe10000000a441470-589.html,SAP IBP,WEB_VERIFIED,2026-09-21
ENT-MTC-0116,F10,"Demand, Supply Chain & Logistics",S&OP,SAP Integrated Business Planning / EWM / TM,SAP,IBP Sales & Operations Planning,"Balance demand, supply, inventory and financial objectives through cross-functional planning/scenarios",Demand plan; supply/capacity; inventory; financial targets,S&OP / integrated business plan,Prepare -> scenario/reconcile -> executive decision -> publish/update,S&OP/executive authority,"Scenario, consensus and decision history",IBP collaboration/Excel,"NuBlox must natively support balance demand, supply, inventory and financial objectives through cross-functional planning/scenarios within F10 Demand, Supply Chain & Logistics, preserving structured s&op / integrated business plan, lifecycle/status, responsibility/authority, review/approval, audit evidence, reporting and integration semantics.",https://help.sap.com/docs/SAP_INTEGRATED_BUSINESS_PLANNING/feae3cea3cc549aaa9d9de7d363a83e6/39194156f7baf81ae10000000a441470-1024.html,SAP IBP overview,WEB_VERIFIED,2026-09-21
ENT-MTC-0117,F10,"Demand, Supply Chain & Logistics",Supply planning,SAP Integrated Business Planning / EWM / TM,SAP,IBP Supply Planning,"Create supply, distribution, procurement and production plans subject to demand and constraints",Demand plan; supply network; sourcing; capacity; inventory,Supply / production / distribution plan,Demand -> calculate/optimize supply -> exception -> approve/replan,Supply planner authority,"Planning inputs, quotas/constraints and output plans",SAP ERP/planning integrations,"NuBlox must natively support create supply, distribution, procurement and production plans subject to demand and constraints within F10 Demand, Supply Chain & Logistics, preserving structured supply / production / distribution plan, lifecycle/status, responsibility/authority, review/approval, audit evidence, reporting and integration semantics.",https://help.sap.com/docs/SAP_INTEGRATED_BUSINESS_PLANNING/c1fb60cb1e9c49d99ada277ae57e9e6c/a0d30fa3b23945bc9e6955abb8861c6a.html,SAP IBP supply planning,WEB_VERIFIED,2026-09-21
ENT-MTC-0118,F10,"Demand, Supply Chain & Logistics",Inventory planning,SAP Integrated Business Planning / EWM / TM,SAP,IBP Inventory Optimization,"Optimize multi-echelon safety stock and target inventory balancing uncertainty, cost and service levels",Forecast error; demand/supply variability; lead times; cost/service targets; network,Inventory target / safety stock policy,Calculate -> analyze -> approve targets -> monitor/reoptimize,Inventory/supply-planning authority,"Optimization drivers, inputs and targets",IBP/ERP,"NuBlox must natively support optimize multi-echelon safety stock and target inventory balancing uncertainty, cost and service levels within F10 Demand, Supply Chain & Logistics, preserving structured inventory target / safety stock policy, lifecycle/status, responsibility/authority, review/approval, audit evidence, reporting and integration semantics.",https://help.sap.com/docs/SAP_INTEGRATED_BUSINESS_PLANNING/252c83bbf8184915a56d4cdd0917ef06/cdbbdf46dc8d4212b97d0255f0af93a9.html,SAP IBP Inventory Optimization,WEB_VERIFIED,2026-09-21
ENT-MTC-0119,F10,"Demand, Supply Chain & Logistics",Warehouse management,SAP Integrated Business Planning / EWM / TM,SAP,EWM Inbound / Putaway,"Receive inbound delivery, unload, post goods receipt and create/confirm putaway warehouse tasks",Inbound delivery; product/HU; storage bins/strategies,Inbound delivery / warehouse task / goods receipt,Arrive -> unload -> GR -> putaway -> confirm,Warehouse authority,Delivery/task/status/document flow,ERP/EWM/TM integration,"NuBlox must natively support receive inbound delivery, unload, post goods receipt and create/confirm putaway warehouse tasks within F10 Demand, Supply Chain & Logistics, preserving structured inbound delivery / warehouse task / goods receipt, lifecycle/status, responsibility/authority, review/approval, audit evidence, reporting and integration semantics.",https://help.sap.com/docs/SAP_S4HANA_ON-PREMISE/9832125c23154a179bfa1784cdc9577a/137a56665d27496185af54b47769936b.html,SAP EWM inbound,WEB_VERIFIED,2026-09-21
ENT-MTC-0120,F10,"Demand, Supply Chain & Logistics",Warehouse management,SAP Integrated Business Planning / EWM / TM,SAP,EWM Outbound / Picking,"Create warehouse tasks/orders for stock removal, picking, packing, staging and goods issue",Outbound delivery order; stock; warehouse request; waves,Warehouse task/order / picked handling unit / goods issue,Wave/release -> pick -> pack/stage -> load -> goods issue,Warehouse worker/supervisor authority,Task/order confirmation and delivery status,EWM/TM/ERP,"NuBlox must natively support create warehouse tasks/orders for stock removal, picking, packing, staging and goods issue within F10 Demand, Supply Chain & Logistics, preserving structured warehouse task/order / picked handling unit / goods issue, lifecycle/status, responsibility/authority, review/approval, audit evidence, reporting and integration semantics.",https://help.sap.com/docs/SAP_S4HANA_ON-PREMISE/9832125c23154a179bfa1784cdc9577a/3ecccb53ad377114e10000000a174cb4.html,SAP EWM outbound,WEB_VERIFIED,2026-09-21
ENT-MTC-0121,F10,"Demand, Supply Chain & Logistics",Inventory control,SAP Integrated Business Planning / EWM / TM,SAP,EWM Internal Movement / Physical Inventory,"Move products/HUs, post changes and execute physical inventory counts",Warehouse stock; storage bins; inventory documents,Stock movement / inventory count adjustment,Request/task -> move/count -> confirm/post,Warehouse/inventory authority,Stock/task/count history,EWM/ERP,"NuBlox must natively support move products/hus, post changes and execute physical inventory counts within F10 Demand, Supply Chain & Logistics, preserving structured stock movement / inventory count adjustment, lifecycle/status, responsibility/authority, review/approval, audit evidence, reporting and integration semantics.",https://help.sap.com/docs/SAP_EXTENDED_WAREHOUSE_MANAGEMENT/3d97bec9bf1649099384bb8167df3cf2/02cfcb53ad377114e10000000a174cb4.html,SAP EWM worker activities,WEB_VERIFIED,2026-09-21
ENT-MTC-0122,F10,"Demand, Supply Chain & Logistics",Transport management,SAP Integrated Business Planning / EWM / TM,SAP,TM Freight Order Planning,"Convert orders/deliveries into freight units/orders/bookings, optimize transportation and select carriers",Sales/purchase orders; deliveries; locations; products; resources; rates,Freight order / booking / transportation plan,Demand -> plan/optimize -> carrier select/tender -> dispatch,Transport planner authority,"Freight document, planning and carrier-selection history",ERP/EWM integration,"NuBlox must natively support convert orders/deliveries into freight units/orders/bookings, optimize transportation and select carriers within F10 Demand, Supply Chain & Logistics, preserving structured freight order / booking / transportation plan, lifecycle/status, responsibility/authority, review/approval, audit evidence, reporting and integration semantics.",https://help.sap.com/docs/SAP_S4HANA_ON-PREMISE/e3dc5400c1cc41d1bc0ae0e7fd9aa5a2/9c27c9535f267414e10000000a174cb4.html,SAP TM,WEB_VERIFIED,2026-09-21
ENT-MTC-0123,F10,"Demand, Supply Chain & Logistics",Transport management,SAP Integrated Business Planning / EWM / TM,SAP,TM Execution / Event Status,Dispatch and monitor freight execution using event-driven handling statuses,Freight order; stops/items; execution events,Transportation execution status / event record,Planned -> dispatched -> loaded/departed/in transit -> delivered,Transport operations/carrier authority,Event and handling-status history,TM/EWM/event services,"NuBlox must natively support dispatch and monitor freight execution using event-driven handling statuses within F10 Demand, Supply Chain & Logistics, preserving structured transportation execution status / event record, lifecycle/status, responsibility/authority, review/approval, audit evidence, reporting and integration semantics.",https://help.sap.com/docs/SAP_S4HANA_ON-PREMISE/e3dc5400c1cc41d1bc0ae0e7fd9aa5a2/e8ac530638b3495dbe44e947a3324e38.html,SAP TM execution,WEB_VERIFIED,2026-09-21
ENT-MTC-0124,F10,"Demand, Supply Chain & Logistics",Demand planning,Kinaxis RapidResponse / Maestro,Kinaxis,Demand Planning,Create collaborative forecasts across horizons using statistical/ML methods and dynamic external signals,Demand history; orders; market/external signals; hierarchy,Demand forecast / demand-at-risk insight,Forecast -> collaborate/adjust -> sense -> monitor,Demand planner authority,"Forecast versions, signals and accuracy",Maestro data fabric,"NuBlox must natively support create collaborative forecasts across horizons using statistical/ml methods and dynamic external signals within F10 Demand, Supply Chain & Logistics, preserving structured demand forecast / demand-at-risk insight, lifecycle/status, responsibility/authority, review/approval, audit evidence, reporting and integration semantics.",https://www.kinaxis.com/en/solutions/demand-planning,Kinaxis Demand Planning,WEB_VERIFIED,2026-09-21
ENT-MTC-0125,F10,"Demand, Supply Chain & Logistics",Supply planning,Kinaxis RapidResponse / Maestro,Kinaxis,Supply Planning,"Balance demand with materials, capacity, sourcing and network constraints in a synchronized plan",Demand; inventory; materials; capacity; sourcing/network data,Feasible supply/network plan,Demand change -> propagate -> optimize/rebalance -> commit,Supply planner authority,Constraint/gating material and plan changes,Maestro platform,"NuBlox must natively support balance demand with materials, capacity, sourcing and network constraints in a synchronized plan within F10 Demand, Supply Chain & Logistics, preserving structured feasible supply/network plan, lifecycle/status, responsibility/authority, review/approval, audit evidence, reporting and integration semantics.",https://www.kinaxis.com/en/solutions/supply-planning,Kinaxis Supply Planning,WEB_VERIFIED,2026-09-21
ENT-MTC-0126,F10,"Demand, Supply Chain & Logistics",S&OP,Kinaxis RapidResponse / Maestro,Kinaxis,Concurrent S&OP / Scenarios,Run simultaneous cross-functional planning and unlimited what-if scenarios to evaluate trade-offs,Demand/supply/inventory/financial plan; alternative assumptions,S&OP scenario / decision record,Baseline -> scenario -> compare -> decide -> propagate,S&OP/executive authority,"Scenario assumptions, KPIs and selected outcome",Maestro concurrency,"NuBlox must natively support run simultaneous cross-functional planning and unlimited what-if scenarios to evaluate trade-offs within F10 Demand, Supply Chain & Logistics, preserving structured s&op scenario / decision record, lifecycle/status, responsibility/authority, review/approval, audit evidence, reporting and integration semantics.",https://www.kinaxis.com/en/solutions/sales-and-operations-planning,Kinaxis S&OP,WEB_VERIFIED,2026-09-21
ENT-MTC-0127,F10,"Demand, Supply Chain & Logistics",Inventory planning,Kinaxis RapidResponse / Maestro,Kinaxis,Inventory Management,"Set inventory policies and evaluate service, revenue-risk and inventory-cost trade-offs",Demand/supply variability; inventory; service targets; policies,Inventory policy / target plan,Analyze -> scenario -> set targets -> monitor/rebalance,Inventory planner authority,Policy/scenario and inventory target history,Maestro platform,"NuBlox must natively support set inventory policies and evaluate service, revenue-risk and inventory-cost trade-offs within F10 Demand, Supply Chain & Logistics, preserving structured inventory policy / target plan, lifecycle/status, responsibility/authority, review/approval, audit evidence, reporting and integration semantics.",https://www.kinaxis.com/en/solutions/planning-one,Kinaxis inventory planning,WEB_VERIFIED,2026-09-21
ENT-MTC-0128,F10,"Demand, Supply Chain & Logistics",Supply chain risk,Kinaxis RapidResponse / Maestro,Kinaxis,Decision Intelligence / Exception Management,"Continuously identify supply-chain exceptions, root causes and prescriptive actions using synchronized network data",End-to-end supply chain data; KPI thresholds; disruptions,Exception / recommended decision / scenario,Detect -> diagnose -> simulate -> decide -> propagate action,Supply-chain decision authority,"Exception, recommendation, decision and impact history",Maestro data fabric/APIs,"NuBlox must natively support continuously identify supply-chain exceptions, root causes and prescriptive actions using synchronized network data within F10 Demand, Supply Chain & Logistics, preserving structured exception / recommended decision / scenario, lifecycle/status, responsibility/authority, review/approval, audit evidence, reporting and integration semantics.",https://www.kinaxis.com/en/solutions/platform,Kinaxis Maestro,WEB_VERIFIED,2026-09-21
ENT-MTC-0129,F10,"Demand, Supply Chain & Logistics",Distribution,Kinaxis RapidResponse / Maestro,Kinaxis,Concurrent Execution / Order Orchestration,"Coordinate inventory, orders, logistics and transportation across the order lifecycle and react to exceptions",Purchase/sales/return orders; inventory; logistics/transport status,Order orchestration / fulfillment decision,Order -> promise/allocate -> execute -> exception/replan -> fulfil,Supply-chain operations authority,"Order status, exception and decision history",Maestro execution integrations,"NuBlox must natively support coordinate inventory, orders, logistics and transportation across the order lifecycle and react to exceptions within F10 Demand, Supply Chain & Logistics, preserving structured order orchestration / fulfillment decision, lifecycle/status, responsibility/authority, review/approval, audit evidence, reporting and integration semantics.",https://www.kinaxis.com/en/solutions/concurrent-execution,Kinaxis concurrent execution,WEB_VERIFIED,2026-09-21
