capability_id,tool_product,vendor,applicable_job_profile_ids,product_module_or_workspace,exact_operation_or_task,input_objects_or_data,output_work_product,lifecycle_or_status_model,review_approval_authority,audit_evidence,integration_formats,nublox_native_requirement,source_url,source_note,verification_status,verified_date
MTC-0001,Autodesk Revit,Autodesk,CBE-JP-001; CBE-JP-003; CBE-JP-004; CBE-JP-005; CBE-JP-009; CBE-JP-011; CBE-JP-033; CBE-JP-037; CBE-JP-038; CBE-JP-046; CBE-JP-063; CBE-JP-069; CBE-JP-075,Architecture / Wall tool,Create architectural or structural walls in the building model,Wall type; level; base/top constraints; location line; sketch or picked geometry,Parametric wall instances in BIM model,Model element creation / modification,Model authoring permissions and design review outside the command,Element identity and parameter state in the model,RVT; IFC/export formats governed separately,"NuBlox must natively support create architectural or structural walls in the building model within a governed Architecture / Wall tool capability, preserving structured parametric wall instances in bim model, lifecycle state, responsibility/authority, review/approval, audit evidence and integration/export semantics.",https://help.autodesk.com/cloudhelp/2026/ENU/Revit-ArchDesign/files/GUID-9A9F7D00-A6A1-4E17-8C74-0965FDA5E007.htm,Revit 2026 Walls,WEB_VERIFIED,2026-09-21
MTC-0002,Autodesk Revit,Autodesk,CBE-JP-001; CBE-JP-003; CBE-JP-004; CBE-JP-005; CBE-JP-009; CBE-JP-011; CBE-JP-033; CBE-JP-037; CBE-JP-038; CBE-JP-046; CBE-JP-063; CBE-JP-069; CBE-JP-075,Mechanical Systems,Create duct systems and connect air terminals/mechanical equipment,Air terminals; mechanical equipment; system type,Connected duct system and routing in BIM model,System creation / design development,Engineering review and coordinated-model approval,Connected components; system membership; model history,RVT; IFC/export formats governed separately,"NuBlox must natively support create duct systems and connect air terminals/mechanical equipment within a governed Mechanical Systems capability, preserving structured connected duct system and routing in bim model, lifecycle state, responsibility/authority, review/approval, audit evidence and integration/export semantics.",https://help.autodesk.com/cloudhelp/2026/ENU/Revit-MEPEng/files/GUID-63CD36A5-10F8-4A9D-B858-03DD3989A9AF.htm,Revit 2026 duct systems,WEB_VERIFIED,2026-09-21
MTC-0003,Autodesk Revit,Autodesk,CBE-JP-001; CBE-JP-003; CBE-JP-004; CBE-JP-005; CBE-JP-009; CBE-JP-011; CBE-JP-033; CBE-JP-037; CBE-JP-038; CBE-JP-046; CBE-JP-063; CBE-JP-069; CBE-JP-075,Electrical Systems,"Create and edit electrical circuits, components, wiring and panel schedules",Electrical devices; fixtures; equipment; panels; load data,"Electrical circuits, circuit properties and panel schedules",System design / calculation,Electrical engineering review,Circuit membership; load and sizing properties,RVT; schedules; export formats governed separately,"NuBlox must natively support create and edit electrical circuits, components, wiring and panel schedules within a governed Electrical Systems capability, preserving structured electrical circuits, circuit properties and panel schedules, lifecycle state, responsibility/authority, review/approval, audit evidence and integration/export semantics.",https://help.autodesk.com/cloudhelp/2026/ENU/Revit-MEPEng/files/GUID-8BB35A3A-475A-4FE0-99C0-B01054EE0F2A.htm,Revit 2026 electrical systems,WEB_VERIFIED,2026-09-21
MTC-0004,Autodesk Revit,Autodesk,CBE-JP-001; CBE-JP-003; CBE-JP-004; CBE-JP-005; CBE-JP-009; CBE-JP-011; CBE-JP-033; CBE-JP-037; CBE-JP-038; CBE-JP-046; CBE-JP-063; CBE-JP-069; CBE-JP-075,Piping Systems,Create piping systems and connect mechanical/plumbing components,Mechanical components; connectors; supply/return system assignment,Connected piping network in BIM model,System creation / design development,MEP engineering review,System membership; connected components; model state,RVT; IFC/export formats governed separately,"NuBlox must natively support create piping systems and connect mechanical/plumbing components within a governed Piping Systems capability, preserving structured connected piping network in bim model, lifecycle state, responsibility/authority, review/approval, audit evidence and integration/export semantics.",https://help.autodesk.com/cloudhelp/2026/ENU/Revit-MEPEng/files/GUID-195C2C6C-5E2C-422E-A44D-FB3FDFDE276A.htm,Revit 2026 MEP overview,WEB_VERIFIED,2026-09-21
MTC-0005,Autodesk Revit,Autodesk,CBE-JP-001; CBE-JP-003; CBE-JP-004; CBE-JP-005; CBE-JP-009; CBE-JP-011; CBE-JP-033; CBE-JP-037; CBE-JP-038; CBE-JP-046; CBE-JP-063; CBE-JP-069; CBE-JP-075,Sheets,Create construction-document sheets and place views/schedules,Views; legends; schedules; title blocks,Drawing / sheet set,Documentation / issue preparation,Document review / approval before issue,Sheet/view association and document metadata,RVT; PDF/print/export,"NuBlox must natively support create construction-document sheets and place views/schedules within a governed Sheets capability, preserving structured drawing / sheet set, lifecycle state, responsibility/authority, review/approval, audit evidence and integration/export semantics.",https://help.autodesk.com/cloudhelp/2026/ENU/Revit-DocumentPresent/files/GUID-3F663CC2-A83E-409F-94F8-ACE7737AE59C.htm,Revit 2026 Sheets,WEB_VERIFIED,2026-09-21
MTC-0006,Autodesk Revit,Autodesk,CBE-JP-001; CBE-JP-003; CBE-JP-004; CBE-JP-005; CBE-JP-009; CBE-JP-011; CBE-JP-033; CBE-JP-037; CBE-JP-038; CBE-JP-046; CBE-JP-063; CBE-JP-069; CBE-JP-075,Sheet Lists / Schedules,"Create sheet-list schedules and manage fields, filters, grouping and formatting",Sheet metadata; parameters,Sheet list / document index,Documentation management,Information-management review,Schedule fields and parameter values,RVT; schedule export / PDF,"NuBlox must natively support create sheet-list schedules and manage fields, filters, grouping and formatting within a governed Sheet Lists / Schedules capability, preserving structured sheet list / document index, lifecycle state, responsibility/authority, review/approval, audit evidence and integration/export semantics.",https://help.autodesk.com/cloudhelp/2026/ENU/Revit-DocumentPresent/files/GUID-9E7032E7-62D7-4A72-AE0A-2E665A0E249F.htm,Revit 2026 Sheet List,WEB_VERIFIED,2026-09-21
MTC-0007,Autodesk Revit,Autodesk,CBE-JP-001; CBE-JP-003; CBE-JP-004; CBE-JP-005; CBE-JP-009; CBE-JP-011; CBE-JP-033; CBE-JP-037; CBE-JP-038; CBE-JP-046; CBE-JP-063; CBE-JP-069; CBE-JP-075,Revision Management,Create revision-cloud schedules and manage revision metadata,Revision clouds; revisions; sheets; views; parameters,Revision schedule and controlled revision metadata,Revision / issue cycle,Design/document-control review,Revision-to-view/sheet relationships,RVT; PDF issue outputs,"NuBlox must natively support create revision-cloud schedules and manage revision metadata within a governed Revision Management capability, preserving structured revision schedule and controlled revision metadata, lifecycle state, responsibility/authority, review/approval, audit evidence and integration/export semantics.",https://help.autodesk.com/cloudhelp/2026/ENU/Revit-DocumentPresent/files/GUID-D7A5FFC1-E6B3-4FC1-A764-4BF26F543EC5.htm,Revit 2026 revision cloud schedules,WEB_VERIFIED,2026-09-21
MTC-0008,Tekla Structures,Trimble,CBE-JP-038; CBE-JP-071; CBE-JP-072; CBE-JP-075,3D Model Authoring,"Create, combine, manage and share information-rich structural models",Structural objects; grids; components; reference data,Information-rich structural model,Design / detailing / fabrication lifecycle,Engineering/detailing review,Model object identity and properties,Tekla model; IFC; Trimble Connect integrations,"NuBlox must natively support create, combine, manage and share information-rich structural models within a governed 3D Model Authoring capability, preserving structured information-rich structural model, lifecycle state, responsibility/authority, review/approval, audit evidence and integration/export semantics.",https://support.tekla.com/doc/tekla-structures/2026/tekla_structures_product_guides,Tekla Structures 2026 product guide,WEB_VERIFIED,2026-09-21
MTC-0009,Tekla Structures,Trimble,CBE-JP-038; CBE-JP-071; CBE-JP-072; CBE-JP-075,Fabrication Drawings,Create fabrication drawings from model objects using controlled settings and AI-assisted matching,Assemblies/cast units/parts; drawing settings; cloud template libraries,Fabrication drawings linked to model,Detailing -> issue -> fabrication,Human-in-the-loop drawing review,Drawing revision/version and model association,PDF; Trimble Connect; fabrication outputs,"NuBlox must natively support create fabrication drawings from model objects using controlled settings and ai-assisted matching within a governed Fabrication Drawings capability, preserving structured fabrication drawings linked to model, lifecycle state, responsibility/authority, review/approval, audit evidence and integration/export semantics.",https://support.tekla.com/tekla-2026/tekla-structures,Tekla Structures 2026 highlights,WEB_VERIFIED,2026-09-21
MTC-0010,Tekla Structures,Trimble,CBE-JP-038; CBE-JP-071; CBE-JP-072; CBE-JP-075,General Arrangement Drawings,Create GA drawings and edit model/drawing simultaneously,Model views; annotations; dimensions,General arrangement drawings,Design/detailing documentation,Engineering / detailing review,Associative drawing/model updates,PDF; drawing exports,"NuBlox must natively support create ga drawings and edit model/drawing simultaneously within a governed General Arrangement Drawings capability, preserving structured general arrangement drawings, lifecycle state, responsibility/authority, review/approval, audit evidence and integration/export semantics.",https://support.tekla.com/tekla-2026/tekla-structures,Tekla Structures 2026 highlights,WEB_VERIFIED,2026-09-21
MTC-0011,Tekla Structures,Trimble,CBE-JP-038; CBE-JP-071; CBE-JP-072; CBE-JP-075,Reinforcement Detailing,Create and control rebar sets and drawing annotations,Concrete model; reinforcement definitions,Reinforcement model and annotated drawings,Detailing -> manufacture / installation,Structural review,Rebar-set freeze/unfreeze and associated drawing state,Fabrication and drawing outputs,"NuBlox must natively support create and control rebar sets and drawing annotations within a governed Reinforcement Detailing capability, preserving structured reinforcement model and annotated drawings, lifecycle state, responsibility/authority, review/approval, audit evidence and integration/export semantics.",https://support.tekla.com/tekla-2026/tekla-structures,Tekla Structures 2026 highlights,WEB_VERIFIED,2026-09-21
MTC-0012,Tekla Structures,Trimble,CBE-JP-038; CBE-JP-071; CBE-JP-072; CBE-JP-075,Drawing Management,"Issue, lock, freeze, revise and version drawings",Model-derived drawings,Controlled drawing revisions / versions,Draft -> review -> issue / revision,Drawing approval process external/configured,Revision and version control,PDF / plot / connected outputs,"NuBlox must natively support issue, lock, freeze, revise and version drawings within a governed Drawing Management capability, preserving structured controlled drawing revisions / versions, lifecycle state, responsibility/authority, review/approval, audit evidence and integration/export semantics.",https://support.tekla.com/doc/tekla-structures/2026/dra_drawing_contents,Tekla Structures 2026 drawings,WEB_VERIFIED,2026-09-21
MTC-0013,Tekla Structures,Trimble,CBE-JP-038; CBE-JP-071; CBE-JP-072; CBE-JP-075,Trimble Connect Integration,Upload PDF drawings with metadata and link them to model objects,Drawings; model objects; revision/title metadata,Connected field-accessible drawings and metadata,Issue / construction use,Published drawing control,Object-to-drawing linkage and metadata,Trimble Connect; PDF,"NuBlox must natively support upload pdf drawings with metadata and link them to model objects within a governed Trimble Connect Integration capability, preserving structured connected field-accessible drawings and metadata, lifecycle state, responsibility/authority, review/approval, audit evidence and integration/export semantics.",https://support.tekla.com/tekla-2026/tekla-structures,Tekla Structures 2026 highlights,WEB_VERIFIED,2026-09-21
MTC-0014,Tekla Structures,Trimble,CBE-JP-038; CBE-JP-071; CBE-JP-072; CBE-JP-075,Layout Manager,Compare as-designed and as-built points and manage out-of-tolerance workflow,Design points; measured as-built points,Delta reports; colorized exceptions; drawing evidence,Installation / verification,Engineering disposition of exceptions,Tolerance deltas and documented corrections,Survey/layout data; drawings,"NuBlox must natively support compare as-designed and as-built points and manage out-of-tolerance workflow within a governed Layout Manager capability, preserving structured delta reports; colorized exceptions; drawing evidence, lifecycle state, responsibility/authority, review/approval, audit evidence and integration/export semantics.",https://support.tekla.com/tekla-2026/tekla-structures,Tekla Structures 2026 highlights,WEB_VERIFIED,2026-09-21
MTC-0015,Oracle Primavera P6,Oracle,CBE-JP-024,CPM Scheduling,"Plan, schedule and control projects/programmes using CPM schedules",Activities; relationships; calendars; durations; constraints,Project programme / CPM schedule,Baseline -> update -> forecast,Planner/project-manager governance,Schedule versions and progress updates,XER/XML/export formats governed separately,"NuBlox must natively support plan, schedule and control projects/programmes using cpm schedules within a governed CPM Scheduling capability, preserving structured project programme / cpm schedule, lifecycle state, responsibility/authority, review/approval, audit evidence and integration/export semantics.",https://www.oracle.com/construction-engineering/primavera-p6/,Primavera P6 EPPM,WEB_VERIFIED,2026-09-21
MTC-0016,Oracle Primavera P6,Oracle,CBE-JP-024,Multi-project Scheduling,Open and schedule multiple projects simultaneously,Multiple project schedules,Integrated multi-project programme,Programme controls,Programme-manager review,Cross-project schedule state,P6 data/export formats,"NuBlox must natively support open and schedule multiple projects simultaneously within a governed Multi-project Scheduling capability, preserving structured integrated multi-project programme, lifecycle state, responsibility/authority, review/approval, audit evidence and integration/export semantics.",https://www.oracle.com/construction-engineering/primavera-p6/,Primavera P6 EPPM,WEB_VERIFIED,2026-09-21
MTC-0017,Oracle Primavera P6,Oracle,CBE-JP-024,Resource Management,"Optimize roles/resources, demand and capacity",Roles; resources; assignments; calendars; demand,Resource plans and utilization analysis,Plan -> allocate -> optimize -> update,Resource / project authority,Allocation history and utilization evidence,P6 integrations / reporting,"NuBlox must natively support optimize roles/resources, demand and capacity within a governed Resource Management capability, preserving structured resource plans and utilization analysis, lifecycle state, responsibility/authority, review/approval, audit evidence and integration/export semantics.",https://www.oracle.com/construction-engineering/primavera-p6/,Primavera P6 EPPM,WEB_VERIFIED,2026-09-21
MTC-0018,Oracle Primavera P6,Oracle,CBE-JP-024,What-if Analysis,Explore resource and schedule scenarios,Schedule/resource scenario assumptions,Scenario analysis,Planning / forecasting,Management decision,Scenario outputs / comparison evidence,Reporting / exports,"NuBlox must natively support explore resource and schedule scenarios within a governed What-if Analysis capability, preserving structured scenario analysis, lifecycle state, responsibility/authority, review/approval, audit evidence and integration/export semantics.",https://www.oracle.com/construction-engineering/primavera-p6/,Primavera P6 EPPM,WEB_VERIFIED,2026-09-21
MTC-0019,Oracle Primavera P6,Oracle,CBE-JP-024,Team Member Status,Collect status updates from delivery teams,Assigned activities; status/progress inputs,Actual progress and updated schedule data,Progress update cycle,Planner validation of field status,Status submission history,Team member interfaces,"NuBlox must natively support collect status updates from delivery teams within a governed Team Member Status capability, preserving structured actual progress and updated schedule data, lifecycle state, responsibility/authority, review/approval, audit evidence and integration/export semantics.",https://www.oracle.com/construction-engineering/primavera-p6/,Primavera P6 EPPM,WEB_VERIFIED,2026-09-21
MTC-0020,Oracle Primavera P6,Oracle,CBE-JP-024,Integrated Cost & Schedule,Coordinate project costs with schedule and WBS structures,WBS; cost codes; schedule progress; budget/forecast links,Cost/schedule performance view,Control / forecast,Project-controls review,Change impacts on cost and schedule,Primavera / Unifier integration,"NuBlox must natively support coordinate project costs with schedule and wbs structures within a governed Integrated Cost & Schedule capability, preserving structured cost/schedule performance view, lifecycle state, responsibility/authority, review/approval, audit evidence and integration/export semantics.",https://www.oracle.com/construction-engineering/primavera-p6/,Primavera P6 integrated cost/schedule,WEB_VERIFIED,2026-09-21
MTC-0021,RIB CostX,RIB Software,CBE-JP-034; CBE-JP-060; CBE-JP-077,2D Takeoff,"Measure lengths, areas and counts from 2D drawings",PDF; scanned drawings; CAD drawings,Measured quantities / takeoff,Estimate development / revision,Estimator/QS review,Measurement links to source drawing,PDF; CAD; supported design formats,"NuBlox must natively support measure lengths, areas and counts from 2d drawings within a governed 2D Takeoff capability, preserving structured measured quantities / takeoff, lifecycle state, responsibility/authority, review/approval, audit evidence and integration/export semantics.",https://www.rib-software.com/en/rib-costx,RIB CostX,WEB_VERIFIED,2026-09-21
MTC-0022,RIB CostX,RIB Software,CBE-JP-034; CBE-JP-060; CBE-JP-077,3D/BIM Takeoff,Extract quantities and properties from BIM models,3D/BIM model and embedded object data,Model-derived quantities,Estimate / cost plan development,Estimator/QS review,Quantity provenance to model objects,BIM formats supported by CostX,"NuBlox must natively support extract quantities and properties from bim models within a governed 3D/BIM Takeoff capability, preserving structured model-derived quantities, lifecycle state, responsibility/authority, review/approval, audit evidence and integration/export semantics.",https://www.rib-software.com/en/rib-costx,RIB CostX,WEB_VERIFIED,2026-09-21
MTC-0023,RIB CostX,RIB Software,CBE-JP-034; CBE-JP-060; CBE-JP-077,Estimating Workbooks,"Build estimates using live-linked workbooks, drawings and cost databases",Takeoff quantities; rates; cost database; codes/zones,Estimate / cost plan,Draft -> review -> issue,Commercial review,Live links and estimate history,Spreadsheet/report/API outputs,"NuBlox must natively support build estimates using live-linked workbooks, drawings and cost databases within a governed Estimating Workbooks capability, preserving structured estimate / cost plan, lifecycle state, responsibility/authority, review/approval, audit evidence and integration/export semantics.",https://www.rib-software.com/en/rib-costx,RIB CostX,WEB_VERIFIED,2026-09-21
MTC-0024,RIB CostX,RIB Software,CBE-JP-034; CBE-JP-060; CBE-JP-077,Auto-Revisioning,Compare design revisions and update linked takeoff/estimates,Old/new drawing revisions; existing estimate,Change-highlighted takeoff and updated cost effect,Design change -> cost impact,QS/estimator review,Revision comparison and audit trail,Design files / reports,"NuBlox must natively support compare design revisions and update linked takeoff/estimates within a governed Auto-Revisioning capability, preserving structured change-highlighted takeoff and updated cost effect, lifecycle state, responsibility/authority, review/approval, audit evidence and integration/export semantics.",https://www.rib-software.com/en/rib-costx,RIB CostX,WEB_VERIFIED,2026-09-21
MTC-0025,RIB CostX,RIB Software,CBE-JP-034; CBE-JP-060; CBE-JP-077,Subcontractor Comparison,Capture and compare subcontractor quotations,RFQ/tender scope; supplier quotes,Bid comparison / tender analysis,Tender receipt -> analysis -> selection,Commercial authority,Quote database and comparison evidence,CostX viewer / report outputs,"NuBlox must natively support capture and compare subcontractor quotations within a governed Subcontractor Comparison capability, preserving structured bid comparison / tender analysis, lifecycle state, responsibility/authority, review/approval, audit evidence and integration/export semantics.",https://www.rib-software.com/en/rib-costx,RIB CostX,WEB_VERIFIED,2026-09-21
MTC-0026,RIB CostX,RIB Software,CBE-JP-034; CBE-JP-060; CBE-JP-077,Embodied Carbon,Calculate embodied carbon alongside cost estimates,Measured quantities; carbon-rate library,Carbon totals linked to estimate,Design option / estimate comparison,Sustainability/commercial review,Carbon calculation basis and estimate linkage,EC3 library integration; reports,"NuBlox must natively support calculate embodied carbon alongside cost estimates within a governed Embodied Carbon capability, preserving structured carbon totals linked to estimate, lifecycle state, responsibility/authority, review/approval, audit evidence and integration/export semantics.",https://www.rib-software.com/en/rib-costx,RIB CostX,WEB_VERIFIED,2026-09-21
MTC-0027,RIB CostX,RIB Software,CBE-JP-034; CBE-JP-060; CBE-JP-077,Reporting & API,Generate client reports and expose data using OData REST APIs,Estimates; takeoffs; project data,Reports / integrated datasets,Issue / reporting / integration,Report approval as configured,Issued report history / API transaction evidence,OData REST; BI/ERP/CRM integrations,"NuBlox must natively support generate client reports and expose data using odata rest apis within a governed Reporting & API capability, preserving structured reports / integrated datasets, lifecycle state, responsibility/authority, review/approval, audit evidence and integration/export semantics.",https://www.rib-software.com/en/rib-costx,RIB CostX,WEB_VERIFIED,2026-09-21
MTC-0028,Procore,Procore,CBE-JP-006; CBE-JP-013; CBE-JP-017; CBE-JP-022; CBE-JP-023; CBE-JP-024; CBE-JP-026; CBE-JP-027; CBE-JP-028; CBE-JP-029; CBE-JP-031; CBE-JP-038; CBE-JP-049; CBE-JP-055; CBE-JP-058; CBE-JP-060; CBE-JP-064; CBE-JP-067; CBE-JP-069; CBE-JP-071; CBE-JP-072; CBE-JP-074; CBE-JP-077,Project Management,Coordinate site and office project information and workflows,Project records; RFIs; submittals; drawings; daily data,Coordinated project-management records,Project delivery lifecycle,Role-based project review/approval,Project history and real-time records,Platform integrations / document formats,"NuBlox must natively support coordinate site and office project information and workflows within a governed Project Management capability, preserving structured coordinated project-management records, lifecycle state, responsibility/authority, review/approval, audit evidence and integration/export semantics.",https://www.procore.com/en-gb/enterprise,Procore Enterprise,WEB_VERIFIED,2026-09-21
MTC-0029,Procore,Procore,CBE-JP-006; CBE-JP-013; CBE-JP-017; CBE-JP-022; CBE-JP-023; CBE-JP-024; CBE-JP-026; CBE-JP-027; CBE-JP-028; CBE-JP-029; CBE-JP-031; CBE-JP-038; CBE-JP-049; CBE-JP-055; CBE-JP-058; CBE-JP-060; CBE-JP-064; CBE-JP-067; CBE-JP-069; CBE-JP-071; CBE-JP-072; CBE-JP-074; CBE-JP-077,Project Financials,Manage budgets and project financial performance,Budget; commitments; site cost data,Budget / forecast / financial control records,Budget -> commitment -> actual -> forecast,Commercial authority,Financial change/history,ERP/accounting integrations,"NuBlox must natively support manage budgets and project financial performance within a governed Project Financials capability, preserving structured budget / forecast / financial control records, lifecycle state, responsibility/authority, review/approval, audit evidence and integration/export semantics.",https://www.procore.com/en-gb/enterprise,Procore Enterprise,WEB_VERIFIED,2026-09-21
MTC-0030,Procore,Procore,CBE-JP-006; CBE-JP-013; CBE-JP-017; CBE-JP-022; CBE-JP-023; CBE-JP-024; CBE-JP-026; CBE-JP-027; CBE-JP-028; CBE-JP-029; CBE-JP-031; CBE-JP-038; CBE-JP-049; CBE-JP-055; CBE-JP-058; CBE-JP-060; CBE-JP-064; CBE-JP-067; CBE-JP-069; CBE-JP-071; CBE-JP-072; CBE-JP-074; CBE-JP-077,Quality & Safety,"Manage site diaries, inspections and incidents",Field observations; inspections; incidents; daily records,Quality/safety evidence and actions,Inspect -> issue -> action -> close,Quality/H&S responsibility and closeout,Inspection/incident trail,Mobile / platform records,"NuBlox must natively support manage site diaries, inspections and incidents within a governed Quality & Safety capability, preserving structured quality/safety evidence and actions, lifecycle state, responsibility/authority, review/approval, audit evidence and integration/export semantics.",https://www.procore.com/en-gb/enterprise,Procore Enterprise,WEB_VERIFIED,2026-09-21
MTC-0031,Procore,Procore,CBE-JP-006; CBE-JP-013; CBE-JP-017; CBE-JP-022; CBE-JP-023; CBE-JP-024; CBE-JP-026; CBE-JP-027; CBE-JP-028; CBE-JP-029; CBE-JP-031; CBE-JP-038; CBE-JP-049; CBE-JP-055; CBE-JP-058; CBE-JP-060; CBE-JP-064; CBE-JP-067; CBE-JP-069; CBE-JP-071; CBE-JP-072; CBE-JP-074; CBE-JP-077,Invoice Management,Manage billing across project stakeholders,Contracts; invoices; approvals,Invoice / billing records,Submit -> review -> approve -> account,Commercial/payment authority,Invoice approval trail,ERP/accounting integrations,"NuBlox must natively support manage billing across project stakeholders within a governed Invoice Management capability, preserving structured invoice / billing records, lifecycle state, responsibility/authority, review/approval, audit evidence and integration/export semantics.",https://www.procore.com/en-gb/enterprise,Procore Enterprise,WEB_VERIFIED,2026-09-21
MTC-0032,Procore,Procore,CBE-JP-006; CBE-JP-013; CBE-JP-017; CBE-JP-022; CBE-JP-023; CBE-JP-024; CBE-JP-026; CBE-JP-027; CBE-JP-028; CBE-JP-029; CBE-JP-031; CBE-JP-038; CBE-JP-049; CBE-JP-055; CBE-JP-058; CBE-JP-060; CBE-JP-064; CBE-JP-067; CBE-JP-069; CBE-JP-071; CBE-JP-072; CBE-JP-074; CBE-JP-077,Resource Tracking,Track labour/productivity against budget and schedule,Labour assignments; time; productivity data,Resource/productivity records,Plan -> deploy -> record -> analyse,Site/resource authority,Time/productivity history,Mobile/platform data,"NuBlox must natively support track labour/productivity against budget and schedule within a governed Resource Tracking capability, preserving structured resource/productivity records, lifecycle state, responsibility/authority, review/approval, audit evidence and integration/export semantics.",https://www.procore.com/en-gb/enterprise,Procore Enterprise,WEB_VERIFIED,2026-09-21
MTC-0033,IBM Maximo Application Suite,IBM,CBE-JP-012; CBE-JP-025; CBE-JP-035; CBE-JP-040; CBE-JP-061; CBE-JP-082,Work Orders,"Define work, tasks, labour, services, materials, tools, assets and locations",Asset/location; requested work; job plan; resources,Work order,Requested -> planned -> scheduled -> in progress -> complete,Supervisor/technician responsibility,"Tasks, labour hours, services, materials, tools and asset history",Maximo integration framework / APIs,"NuBlox must natively support define work, tasks, labour, services, materials, tools, assets and locations within a governed Work Orders capability, preserving structured work order, lifecycle state, responsibility/authority, review/approval, audit evidence and integration/export semantics.",https://www.ibm.com/docs/en/masv-and-l/maximo-manage/cd?topic=manage-work-orders-module,Maximo Manage Work Orders,WEB_VERIFIED,2026-09-21
MTC-0034,IBM Maximo Application Suite,IBM,CBE-JP-012; CBE-JP-025; CBE-JP-035; CBE-JP-040; CBE-JP-061; CBE-JP-082,Work Supervision,"Create work orders, assign resources and track progress",Work request; status; schedule; related records,Planned/assigned work order,Create -> plan -> supervise -> complete,Supervisor authority,"Status, plans, comments, attachments, failures and inspections",Maximo APIs/integration,"NuBlox must natively support create work orders, assign resources and track progress within a governed Work Supervision capability, preserving structured planned/assigned work order, lifecycle state, responsibility/authority, review/approval, audit evidence and integration/export semantics.",https://www.ibm.com/docs/en/masv-and-l/maximo-manage/cd?topic=work-creating-orders,Maximo create work orders,WEB_VERIFIED,2026-09-21
MTC-0035,IBM Maximo Application Suite,IBM,CBE-JP-012; CBE-JP-025; CBE-JP-035; CBE-JP-040; CBE-JP-061; CBE-JP-082,Preventive Maintenance,Create PM records for asset/location scheduled work,Asset/location; frequency; route; job plan,Preventive maintenance plan,Draft -> active -> generate work,Maintenance authority,"PM status, frequency and linked asset/location",Maximo APIs/integration,"NuBlox must natively support create pm records for asset/location scheduled work within a governed Preventive Maintenance capability, preserving structured preventive maintenance plan, lifecycle state, responsibility/authority, review/approval, audit evidence and integration/export semantics.",https://www.ibm.com/docs/en/masv-and-l/maximo-manage/cd?topic=records-creating-preventive-maintenance,Maximo preventive maintenance,WEB_VERIFIED,2026-09-21
MTC-0036,IBM Maximo Application Suite,IBM,CBE-JP-012; CBE-JP-025; CBE-JP-035; CBE-JP-040; CBE-JP-061; CBE-JP-082,PM Work Generation,Generate single or hierarchical work orders from PM records,Active PM; asset/location; job plan; route,Generated work orders / hierarchies,PM due -> work generation -> execution,Maintenance planner/supervisor,PM-to-work-order traceability,Maximo APIs/integration,"NuBlox must natively support generate single or hierarchical work orders from pm records within a governed PM Work Generation capability, preserving structured generated work orders / hierarchies, lifecycle state, responsibility/authority, review/approval, audit evidence and integration/export semantics.",https://www.ibm.com/docs/en/masv-and-l/maximo-manage/cd?topic=records-generating-work-orders-from-preventive-maintenance,Maximo PM work generation,WEB_VERIFIED,2026-09-21
MTC-0037,IBM Maximo Application Suite,IBM,CBE-JP-012; CBE-JP-025; CBE-JP-035; CBE-JP-040; CBE-JP-061; CBE-JP-082,PM Hierarchies,Schedule grouped maintenance across asset/location hierarchies,Parent/child PMs; asset/location hierarchy; sequence,Organised work-order hierarchy,Planned maintenance cycle,Maintenance planning authority,Parent/child PM and WO relationships,Maximo APIs/integration,"NuBlox must natively support schedule grouped maintenance across asset/location hierarchies within a governed PM Hierarchies capability, preserving structured organised work-order hierarchy, lifecycle state, responsibility/authority, review/approval, audit evidence and integration/export semantics.",https://www.ibm.com/docs/en/masv-and-l/maximo-manage/cd?topic=maintenance-preventive-hierarchies,Maximo PM hierarchies,WEB_VERIFIED,2026-09-21
MTC-0038,IBM Maximo Application Suite,IBM,CBE-JP-012; CBE-JP-025; CBE-JP-035; CBE-JP-040; CBE-JP-061; CBE-JP-082,Inspections,Associate inspection forms with work orders/tasks and execute inspections,Work order; inspection form; task,Inspection result linked to work,Plan -> inspect -> record -> action,Supervisor / technician roles,Inspection result and work-order linkage,Maximo mobile/work centers/APIs,"NuBlox must natively support associate inspection forms with work orders/tasks and execute inspections within a governed Inspections capability, preserving structured inspection result linked to work, lifecycle state, responsibility/authority, review/approval, audit evidence and integration/export semantics.",https://www.ibm.com/docs/en/masv-and-l/maximo-manage/cd?topic=work-orders-inspections,Maximo work orders and inspections,WEB_VERIFIED,2026-09-21
MTC-0039,Esri ArcGIS Pro,Esri,CBE-JP-015; CBE-JP-021; CBE-JP-042; CBE-JP-043; CBE-JP-047; CBE-JP-051; CBE-JP-057; CBE-JP-066; CBE-JP-079; CBE-JP-080; CBE-JP-081,Data Engineering,"Explore, visualize, clean and prepare geographic data",Datasets; fields; spatial/tabular data,Prepared geospatial dataset,Acquire -> prepare -> analyse,Data/GIS governance,Transformation history / geoprocessing outputs,Geodatabases; feature services; GIS formats,"NuBlox must natively support explore, visualize, clean and prepare geographic data within a governed Data Engineering capability, preserving structured prepared geospatial dataset, lifecycle state, responsibility/authority, review/approval, audit evidence and integration/export semantics.",https://doc.esri.com/en/arcgis-pro/latest/help/analysis/introduction/spatial-analysis-in-arcgis-pro.html,ArcGIS Pro spatial analysis,WEB_VERIFIED,2026-09-21
MTC-0040,Esri ArcGIS Pro,Esri,CBE-JP-015; CBE-JP-021; CBE-JP-042; CBE-JP-043; CBE-JP-047; CBE-JP-051; CBE-JP-057; CBE-JP-066; CBE-JP-079; CBE-JP-080; CBE-JP-081,Editing,"Create, modify and delete 2D/3D geographic features and attributes",Feature layers; geodatabase classes; feature services,Edited spatial features and attributes,Draft/edit -> save/publish,GIS editing privileges,Edit session / feature history as configured,Geodatabase; feature service,"NuBlox must natively support create, modify and delete 2d/3d geographic features and attributes within a governed Editing capability, preserving structured edited spatial features and attributes, lifecycle state, responsibility/authority, review/approval, audit evidence and integration/export semantics.",https://doc.esri.com/en/arcgis-pro/latest/help/editing/overview-of-desktop-editing.html,ArcGIS Pro editing,WEB_VERIFIED,2026-09-21
MTC-0041,Esri ArcGIS Pro,Esri,CBE-JP-015; CBE-JP-021; CBE-JP-042; CBE-JP-043; CBE-JP-047; CBE-JP-051; CBE-JP-057; CBE-JP-066; CBE-JP-079; CBE-JP-080; CBE-JP-081,Geoprocessing,"Run tools that transform, calculate or derive datasets",Input datasets; parameters,Output dataset / modified attributes/geometry / report,Analysis execution,Analyst review,Tool parameters and output datasets,ArcGIS geoprocessing/model/script formats,"NuBlox must natively support run tools that transform, calculate or derive datasets within a governed Geoprocessing capability, preserving structured output dataset / modified attributes/geometry / report, lifecycle state, responsibility/authority, review/approval, audit evidence and integration/export semantics.",https://doc.esri.com/en/arcgis-pro/latest/get-started/use-geoprocessing-tools.html,ArcGIS Pro geoprocessing,WEB_VERIFIED,2026-09-21
MTC-0042,Esri ArcGIS Pro,Esri,CBE-JP-015; CBE-JP-021; CBE-JP-042; CBE-JP-043; CBE-JP-047; CBE-JP-051; CBE-JP-057; CBE-JP-066; CBE-JP-079; CBE-JP-080; CBE-JP-081,Spatial Analysis,"Overlay, extract, aggregate, calculate statistics and model spatial relationships",Multiple layers / spatial datasets,Derived analysis dataset / suitability / pattern result,Prepare -> analyse -> validate -> share,Analyst/technical review,Input/output lineage through geoprocessing,GIS datasets / services,"NuBlox must natively support overlay, extract, aggregate, calculate statistics and model spatial relationships within a governed Spatial Analysis capability, preserving structured derived analysis dataset / suitability / pattern result, lifecycle state, responsibility/authority, review/approval, audit evidence and integration/export semantics.",https://doc.esri.com/en/arcgis-pro/latest/help/analysis/introduction/spatial-analysis-in-arcgis-pro.html,ArcGIS Pro spatial analysis,WEB_VERIFIED,2026-09-21
MTC-0043,Esri ArcGIS Pro,Esri,CBE-JP-015; CBE-JP-021; CBE-JP-042; CBE-JP-043; CBE-JP-047; CBE-JP-051; CBE-JP-057; CBE-JP-066; CBE-JP-079; CBE-JP-080; CBE-JP-081,Manage Data / Overlay,"Merge, dissolve and overlay feature layers",Feature layers,Combined / dissolved / overlaid layer,Data management / analysis,GIS review,Derived-layer provenance,Feature services / geodatabases,"NuBlox must natively support merge, dissolve and overlay feature layers within a governed Manage Data / Overlay capability, preserving structured combined / dissolved / overlaid layer, lifecycle state, responsibility/authority, review/approval, audit evidence and integration/export semantics.",https://doc.esri.com/en/arcgis-pro/latest/tool-reference/feature-analysis/an-overview-of-the-manage-data-toolset.html,ArcGIS Pro manage data,WEB_VERIFIED,2026-09-21
MTC-0044,Oracle Aconex,Oracle,CBE-JP-003; CBE-JP-005; CBE-JP-022; CBE-JP-024,Document Register,"Upload, update, send and control documents/drawings/models with revision supersession",Documents; drawings; models; metadata,Controlled document-register records,Draft/upload -> review -> current/superseded,Document control / review authority,Historical revisions and associated activities,Files; metadata; integrations,"NuBlox must natively support upload, update, send and control documents/drawings/models with revision supersession within a governed Document Register capability, preserving structured controlled document-register records, lifecycle state, responsibility/authority, review/approval, audit evidence and integration/export semantics.",https://www.oracle.com/construction-engineering/aconex/,Oracle Aconex,WEB_VERIFIED,2026-09-21
MTC-0045,Oracle Aconex,Oracle,CBE-JP-003; CBE-JP-005; CBE-JP-022; CBE-JP-024,Mail / Formal Correspondence,"Manage contractual correspondence including RFIs, approvals and change communications",Formal messages; linked documents/contracts/workflows,Immutable project correspondence,Compose -> issue -> respond -> close,Contractual communication roles,Permanent non-alterable communication record,Aconex mail / integrations,"NuBlox must natively support manage contractual correspondence including rfis, approvals and change communications within a governed Mail / Formal Correspondence capability, preserving structured immutable project correspondence, lifecycle state, responsibility/authority, review/approval, audit evidence and integration/export semantics.",https://www.oracle.com/construction-engineering/aconex/,Oracle Aconex,WEB_VERIFIED,2026-09-21
MTC-0046,Oracle Aconex,Oracle,CBE-JP-003; CBE-JP-005; CBE-JP-022; CBE-JP-024,Workflows,Route documents through configured review/approval steps,Documents; review matrix; rules; reviewers,Review decisions / approved or rejected document status,Submit -> review -> comment -> approve/reject,Configured reviewer/approver authority,"Notifications, actions and workflow history",Aconex workflow / files,"NuBlox must natively support route documents through configured review/approval steps within a governed Workflows capability, preserving structured review decisions / approved or rejected document status, lifecycle state, responsibility/authority, review/approval, audit evidence and integration/export semantics.",https://www.oracle.com/construction-engineering/aconex/,Oracle Aconex,WEB_VERIFIED,2026-09-21
MTC-0047,Oracle Aconex,Oracle,CBE-JP-003; CBE-JP-005; CBE-JP-022; CBE-JP-024,Packages,Group controlled documents and information into work packages linked to schedule dates,Document versions; package metadata; schedule dates,Managed information/work package,Assemble -> review -> issue/use,Package/document authority,Version-set and package workflow evidence,Aconex package integrations,"NuBlox must natively support group controlled documents and information into work packages linked to schedule dates within a governed Packages capability, preserving structured managed information/work package, lifecycle state, responsibility/authority, review/approval, audit evidence and integration/export semantics.",https://www.oracle.com/construction-engineering/aconex/,Oracle Aconex,WEB_VERIFIED,2026-09-21
MTC-0048,Oracle Aconex,Oracle,CBE-JP-003; CBE-JP-005; CBE-JP-022; CBE-JP-024,Model Coordination,"Collaborate on models, raise/manage coordination issues and run clash detection",3D models; Revit files; comments/issues,Coordination issues / clash results / model-review evidence,Upload -> coordinate -> issue -> resolve,Design coordination authority,Issue/comment/change history,Revit/model formats,"NuBlox must natively support collaborate on models, raise/manage coordination issues and run clash detection within a governed Model Coordination capability, preserving structured coordination issues / clash results / model-review evidence, lifecycle state, responsibility/authority, review/approval, audit evidence and integration/export semantics.",https://www.oracle.com/construction-engineering/aconex/,Oracle Aconex,WEB_VERIFIED,2026-09-21
MTC-0049,Oracle Aconex,Oracle,CBE-JP-003; CBE-JP-005; CBE-JP-022; CBE-JP-024,Mobile Field Collaboration,"Capture, track and share project information from site",Mobile field observations / project records,Site-captured project information,Capture -> sync -> action,Field/project roles,Mobile capture history,Aconex Mobile,"NuBlox must natively support capture, track and share project information from site within a governed Mobile Field Collaboration capability, preserving structured site-captured project information, lifecycle state, responsibility/authority, review/approval, audit evidence and integration/export semantics.",https://www.oracle.com/construction-engineering/aconex/,Oracle Aconex,WEB_VERIFIED,2026-09-21
MTC-0050,simPRO,simPRO,CBE-JP-016; CBE-JP-032; CBE-JP-041; CBE-JP-044; CBE-JP-045; CBE-JP-046; CBE-JP-054; CBE-JP-059; CBE-JP-063; CBE-JP-068; CBE-JP-070,Estimating & Quotes,Create estimates and quotations from job information,Customer/job scope; labour/material cost inputs,Estimate / quote,Enquiry -> estimate -> quote -> job,Commercial approval as configured,Quote/job linkage,simPRO platform/mobile,"NuBlox must natively support create estimates and quotations from job information within a governed Estimating & Quotes capability, preserving structured estimate / quote, lifecycle state, responsibility/authority, review/approval, audit evidence and integration/export semantics.",https://www.simprogroup.com/features/field-service-mobile-app,simPRO field-service mobile app,WEB_VERIFIED,2026-09-21
MTC-0051,simPRO,simPRO,CBE-JP-016; CBE-JP-032; CBE-JP-041; CBE-JP-044; CBE-JP-045; CBE-JP-046; CBE-JP-054; CBE-JP-059; CBE-JP-063; CBE-JP-068; CBE-JP-070,Scheduling & Dispatch,Schedule field staff and see availability in real time,Jobs; staff; availability,Dispatch/schedule assignments,Unscheduled -> scheduled -> dispatched,Dispatcher authority,Assignment/status updates,simPRO app,"NuBlox must natively support schedule field staff and see availability in real time within a governed Scheduling & Dispatch capability, preserving structured dispatch/schedule assignments, lifecycle state, responsibility/authority, review/approval, audit evidence and integration/export semantics.",https://www.simprogroup.com/features/field-service-mobile-app,simPRO field-service mobile app,WEB_VERIFIED,2026-09-21
MTC-0052,simPRO,simPRO,CBE-JP-016; CBE-JP-032; CBE-JP-041; CBE-JP-044; CBE-JP-045; CBE-JP-046; CBE-JP-054; CBE-JP-059; CBE-JP-063; CBE-JP-068; CBE-JP-070,Mobile Job Execution,"Access complete job information, files, notes and photos in the field",Assigned job; attachments; customer/site data,"Updated job status, notes, photos and completion data",Assigned -> travel/work -> complete,Field technician role,Real-time job updates,simPRO mobile,"NuBlox must natively support access complete job information, files, notes and photos in the field within a governed Mobile Job Execution capability, preserving structured updated job status, notes, photos and completion data, lifecycle state, responsibility/authority, review/approval, audit evidence and integration/export semantics.",https://www.simprogroup.com/features/field-service-mobile-app,simPRO field-service mobile app,WEB_VERIFIED,2026-09-21
MTC-0053,simPRO,simPRO,CBE-JP-016; CBE-JP-032; CBE-JP-041; CBE-JP-044; CBE-JP-045; CBE-JP-046; CBE-JP-054; CBE-JP-059; CBE-JP-063; CBE-JP-068; CBE-JP-070,Task Management,"Create, assign and complete job tasks",Job; task definition; assignee,Completed task records,Create -> assign -> complete,Task/field responsibility,Task completion status,simPRO mobile/platform,"NuBlox must natively support create, assign and complete job tasks within a governed Task Management capability, preserving structured completed task records, lifecycle state, responsibility/authority, review/approval, audit evidence and integration/export semantics.",https://www.simprogroup.com/features/field-service-mobile-app,simPRO field-service mobile app,WEB_VERIFIED,2026-09-21
MTC-0054,simPRO,simPRO,CBE-JP-016; CBE-JP-032; CBE-JP-041; CBE-JP-044; CBE-JP-045; CBE-JP-046; CBE-JP-054; CBE-JP-059; CBE-JP-063; CBE-JP-068; CBE-JP-070,Asset & Inventory,View inventory and physical assets during field work,Stock; asset register; prices,Asset/job usage and inventory context,Allocate/use/update,Field/stock authority,Asset and stock updates,simPRO platform,"NuBlox must natively support view inventory and physical assets during field work within a governed Asset & Inventory capability, preserving structured asset/job usage and inventory context, lifecycle state, responsibility/authority, review/approval, audit evidence and integration/export semantics.",https://www.simprogroup.com/features/field-service-mobile-app,simPRO field-service mobile app,WEB_VERIFIED,2026-09-21
MTC-0055,simPRO,simPRO,CBE-JP-016; CBE-JP-032; CBE-JP-041; CBE-JP-044; CBE-JP-045; CBE-JP-046; CBE-JP-054; CBE-JP-059; CBE-JP-063; CBE-JP-068; CBE-JP-070,Time & Job Costing,Record field time and cost labour against jobs,Times; labour rates; job,Actual labour/time and job-cost information,Work -> record time -> cost,Supervisor/commercial review,Time-entry and costing history,simPRO platform,"NuBlox must natively support record field time and cost labour against jobs within a governed Time & Job Costing capability, preserving structured actual labour/time and job-cost information, lifecycle state, responsibility/authority, review/approval, audit evidence and integration/export semantics.",https://www.simprogroup.com/features/field-service-mobile-app,simPRO field-service mobile app,WEB_VERIFIED,2026-09-21
MTC-0056,simPRO,simPRO,CBE-JP-016; CBE-JP-032; CBE-JP-041; CBE-JP-044; CBE-JP-045; CBE-JP-046; CBE-JP-054; CBE-JP-059; CBE-JP-063; CBE-JP-068; CBE-JP-070,Invoicing & Payment,Create invoices and handle job payment information,Completed job; charges; customer,Invoice/payment record,Complete -> invoice -> payment,Financial/commercial authority,Invoice trail,simPRO finance integrations,"NuBlox must natively support create invoices and handle job payment information within a governed Invoicing & Payment capability, preserving structured invoice/payment record, lifecycle state, responsibility/authority, review/approval, audit evidence and integration/export semantics.",https://www.simprogroup.com/features/field-service-mobile-app,simPRO field-service mobile app,WEB_VERIFIED,2026-09-21
MTC-0057,Joblogic,Joblogic,CBE-JP-016; CBE-JP-032; CBE-JP-041; CBE-JP-045; CBE-JP-046; CBE-JP-054; CBE-JP-059; CBE-JP-063; CBE-JP-068; CBE-JP-070; CBE-JP-077,Job Scheduling,Schedule one-off or recurring jobs using drag/drop and qualification filters,Jobs; engineers; qualifications; recurrence,Engineer schedule / job allocation,Logged -> scheduled -> dispatched,Dispatcher authority,Allocation/status history,Joblogic web/mobile,"NuBlox must natively support schedule one-off or recurring jobs using drag/drop and qualification filters within a governed Job Scheduling capability, preserving structured engineer schedule / job allocation, lifecycle state, responsibility/authority, review/approval, audit evidence and integration/export semantics.",https://www.joblogic.com/field-service-management-software/,Joblogic FSM,WEB_VERIFIED,2026-09-21
MTC-0058,Joblogic,Joblogic,CBE-JP-016; CBE-JP-032; CBE-JP-041; CBE-JP-045; CBE-JP-046; CBE-JP-054; CBE-JP-059; CBE-JP-063; CBE-JP-068; CBE-JP-070; CBE-JP-077,Mobile App,"Receive jobs, access asset registers/job details and complete compliance checklists",Assigned job; site/asset information; forms,Field job updates and compliance evidence,Assigned -> execute -> complete,Engineer/field role,Mobile timestamps/forms/location reporting,Joblogic mobile,"NuBlox must natively support receive jobs, access asset registers/job details and complete compliance checklists within a governed Mobile App capability, preserving structured field job updates and compliance evidence, lifecycle state, responsibility/authority, review/approval, audit evidence and integration/export semantics.",https://www.joblogic.com/field-service-management-software/,Joblogic FSM,WEB_VERIFIED,2026-09-21
MTC-0059,Joblogic,Joblogic,CBE-JP-016; CBE-JP-032; CBE-JP-041; CBE-JP-045; CBE-JP-046; CBE-JP-054; CBE-JP-059; CBE-JP-063; CBE-JP-068; CBE-JP-070; CBE-JP-077,Asset Maintenance,Maintain multi-site asset registers and QR-tagged assets,Sites; assets; QR identifiers,Asset register / maintenance context,Survey/register -> maintain -> service history,Asset-management roles,Asset history,Bulk import/mobile access,"NuBlox must natively support maintain multi-site asset registers and qr-tagged assets within a governed Asset Maintenance capability, preserving structured asset register / maintenance context, lifecycle state, responsibility/authority, review/approval, audit evidence and integration/export semantics.",https://www.joblogic.com/field-service-management-software/,Joblogic FSM,WEB_VERIFIED,2026-09-21
MTC-0060,Joblogic,Joblogic,CBE-JP-016; CBE-JP-032; CBE-JP-041; CBE-JP-045; CBE-JP-046; CBE-JP-054; CBE-JP-059; CBE-JP-063; CBE-JP-068; CBE-JP-070; CBE-JP-077,Quoting,Track enquiries to quotes and convert approved quotations into jobs,Enquiry; scope; pricing,Quotation and resulting live job,Enquiry -> quote -> accepted -> job,Commercial approval,Quote-to-job traceability,Joblogic platform,"NuBlox must natively support track enquiries to quotes and convert approved quotations into jobs within a governed Quoting capability, preserving structured quotation and resulting live job, lifecycle state, responsibility/authority, review/approval, audit evidence and integration/export semantics.",https://www.joblogic.com/features,Joblogic features,WEB_VERIFIED,2026-09-21
MTC-0061,Joblogic,Joblogic,CBE-JP-016; CBE-JP-032; CBE-JP-041; CBE-JP-045; CBE-JP-046; CBE-JP-054; CBE-JP-059; CBE-JP-063; CBE-JP-068; CBE-JP-070; CBE-JP-077,Invoicing,"Create job-by-job, batch, consolidated and recurring invoices",Completed jobs; prices; billing rules,Invoice,Complete -> bill -> invoice,Finance/commercial authority,Billing history,Accounting integrations,"NuBlox must natively support create job-by-job, batch, consolidated and recurring invoices within a governed Invoicing capability, preserving structured invoice, lifecycle state, responsibility/authority, review/approval, audit evidence and integration/export semantics.",https://www.joblogic.com/features,Joblogic features,WEB_VERIFIED,2026-09-21
MTC-0062,Joblogic,Joblogic,CBE-JP-016; CBE-JP-032; CBE-JP-041; CBE-JP-045; CBE-JP-046; CBE-JP-054; CBE-JP-059; CBE-JP-063; CBE-JP-068; CBE-JP-070; CBE-JP-077,Mobile Forms,"Create/complete certificates, job sheets, risk assessments and bespoke workflows",Form templates; job/site data,"Certificates, job sheets, risk assessments, compliance evidence",Issue form -> complete -> submit,Field/compliance authority,Form completion evidence,Mobile forms / document outputs,"NuBlox must natively support create/complete certificates, job sheets, risk assessments and bespoke workflows within a governed Mobile Forms capability, preserving structured certificates, job sheets, risk assessments, compliance evidence, lifecycle state, responsibility/authority, review/approval, audit evidence and integration/export semantics.",https://www.joblogic.com/features,Joblogic features,WEB_VERIFIED,2026-09-21
MTC-0063,Joblogic,Joblogic,CBE-JP-016; CBE-JP-032; CBE-JP-041; CBE-JP-045; CBE-JP-046; CBE-JP-054; CBE-JP-059; CBE-JP-063; CBE-JP-068; CBE-JP-070; CBE-JP-077,Route Scheduling,Optimise routes and automate job allocation,Jobs; engineer locations; priorities,Optimised daily route / assignment,Plan -> optimise -> dispatch,Dispatcher authority,Route/allocation record,Vehicle/engineer tracking,"NuBlox must natively support optimise routes and automate job allocation within a governed Route Scheduling capability, preserving structured optimised daily route / assignment, lifecycle state, responsibility/authority, review/approval, audit evidence and integration/export semantics.",https://www.joblogic.com/features,Joblogic features,WEB_VERIFIED,2026-09-21
MTC-0064,Joblogic,Joblogic,CBE-JP-016; CBE-JP-032; CBE-JP-041; CBE-JP-045; CBE-JP-046; CBE-JP-054; CBE-JP-059; CBE-JP-063; CBE-JP-068; CBE-JP-070; CBE-JP-077,F-Gas Compliance,"Track refrigerant usage, bottles and customer reporting",Refrigerant asset/service data; gas bottles,F-Gas compliance records and reports,Service -> record gas movement -> report,Competent technician/compliance role,Gas-use and bottle-tracking evidence,Mobile/report outputs,"NuBlox must natively support track refrigerant usage, bottles and customer reporting within a governed F-Gas Compliance capability, preserving structured f-gas compliance records and reports, lifecycle state, responsibility/authority, review/approval, audit evidence and integration/export semantics.",https://www.joblogic.com/features,Joblogic features,WEB_VERIFIED,2026-09-21
MTC-0065,SafetyCulture,SafetyCulture,CBE-JP-002; CBE-JP-006; CBE-JP-012; CBE-JP-016; CBE-JP-017; CBE-JP-023; CBE-JP-024; CBE-JP-025; CBE-JP-026; CBE-JP-027; CBE-JP-028; CBE-JP-029; CBE-JP-031; CBE-JP-036; CBE-JP-038; CBE-JP-040; CBE-JP-061; CBE-JP-062; CBE-JP-064; CBE-JP-065; CBE-JP-067; CBE-JP-071; CBE-JP-072; CBE-JP-073; CBE-JP-077; CBE-JP-082; CBE-JP-083,Inspection Templates,Create/publish inspection templates with governed questions and required responses,Inspection requirements; question types; access rules,Reusable inspection template,Draft -> published -> used for new inspections,Template edit/publish permissions,Published template version and access rules,Web/mobile; report exports,"NuBlox must natively support create/publish inspection templates with governed questions and required responses within a governed Inspection Templates capability, preserving structured reusable inspection template, lifecycle state, responsibility/authority, review/approval, audit evidence and integration/export semantics.",https://help.safetyculture.com/en-US/001104/,SafetyCulture template controls,WEB_VERIFIED,2026-09-21
MTC-0066,SafetyCulture,SafetyCulture,CBE-JP-002; CBE-JP-006; CBE-JP-012; CBE-JP-016; CBE-JP-017; CBE-JP-023; CBE-JP-024; CBE-JP-025; CBE-JP-026; CBE-JP-027; CBE-JP-028; CBE-JP-029; CBE-JP-031; CBE-JP-036; CBE-JP-038; CBE-JP-040; CBE-JP-061; CBE-JP-062; CBE-JP-064; CBE-JP-065; CBE-JP-067; CBE-JP-071; CBE-JP-072; CBE-JP-073; CBE-JP-077; CBE-JP-082; CBE-JP-083,Inspections,"Start, edit and complete structured inspections from templates",Published template; site/job context; responses; media,Inspection record and report,Started -> in progress -> completed,Inspection access rules,"Inspection history, duration and response evidence",Web/mobile; PDF/Word/CSV report,"NuBlox must natively support start, edit and complete structured inspections from templates within a governed Inspections capability, preserving structured inspection record and report, lifecycle state, responsibility/authority, review/approval, audit evidence and integration/export semantics.",https://help.safetyculture.com/using-safetyculture/inspections?page=3,SafetyCulture inspections,WEB_VERIFIED,2026-09-21
MTC-0067,SafetyCulture,SafetyCulture,CBE-JP-002; CBE-JP-006; CBE-JP-012; CBE-JP-016; CBE-JP-017; CBE-JP-023; CBE-JP-024; CBE-JP-025; CBE-JP-026; CBE-JP-027; CBE-JP-028; CBE-JP-029; CBE-JP-031; CBE-JP-036; CBE-JP-038; CBE-JP-040; CBE-JP-061; CBE-JP-062; CBE-JP-064; CBE-JP-065; CBE-JP-067; CBE-JP-071; CBE-JP-072; CBE-JP-073; CBE-JP-077; CBE-JP-082; CBE-JP-083,Inspection Completion / Reporting,Review or export inspection report immediately after completion,Completed inspection,Inspection report,Complete -> review/export,User inspection access,Completed inspection / exported report,PDF/report export,"NuBlox must natively support review or export inspection report immediately after completion within a governed Inspection Completion / Reporting capability, preserving structured inspection report, lifecycle state, responsibility/authority, review/approval, audit evidence and integration/export semantics.",https://help.safetyculture.com/en-US/005883/,SafetyCulture inspection completion,WEB_VERIFIED,2026-09-21
MTC-0068,SafetyCulture,SafetyCulture,CBE-JP-002; CBE-JP-006; CBE-JP-012; CBE-JP-016; CBE-JP-017; CBE-JP-023; CBE-JP-024; CBE-JP-025; CBE-JP-026; CBE-JP-027; CBE-JP-028; CBE-JP-029; CBE-JP-031; CBE-JP-036; CBE-JP-038; CBE-JP-040; CBE-JP-061; CBE-JP-062; CBE-JP-064; CBE-JP-065; CBE-JP-067; CBE-JP-071; CBE-JP-072; CBE-JP-073; CBE-JP-077; CBE-JP-082; CBE-JP-083,Investigations / Actions,Create or link corrective actions from investigations and assign responsibility,Investigation; issue/cause context; assignee,Corrective action,Open -> assigned -> completed,Investigation create/action permissions,"Action ownership, site and status",Platform records,"NuBlox must natively support create or link corrective actions from investigations and assign responsibility within a governed Investigations / Actions capability, preserving structured corrective action, lifecycle state, responsibility/authority, review/approval, audit evidence and integration/export semantics.",https://help.safetyculture.com/en-US/005384/,SafetyCulture actions in investigations,WEB_VERIFIED,2026-09-21
MTC-0069,SafetyCulture,SafetyCulture,CBE-JP-002; CBE-JP-006; CBE-JP-012; CBE-JP-016; CBE-JP-017; CBE-JP-023; CBE-JP-024; CBE-JP-025; CBE-JP-026; CBE-JP-027; CBE-JP-028; CBE-JP-029; CBE-JP-031; CBE-JP-036; CBE-JP-038; CBE-JP-040; CBE-JP-061; CBE-JP-062; CBE-JP-064; CBE-JP-065; CBE-JP-067; CBE-JP-071; CBE-JP-072; CBE-JP-073; CBE-JP-077; CBE-JP-082; CBE-JP-083,Assets,Manage accessible asset records and export filtered asset data,Asset register; site membership; filters,Asset dataset / CSV export,Register -> maintain -> report,Assets access permission,Asset access and exported dataset,CSV,"NuBlox must natively support manage accessible asset records and export filtered asset data within a governed Assets capability, preserving structured asset dataset / csv export, lifecycle state, responsibility/authority, review/approval, audit evidence and integration/export semantics.",https://help.safetyculture.com/fr/002876/,SafetyCulture assets export,WEB_VERIFIED,2026-09-21
MTC-0070,Bluebeam Revu,Bluebeam,CBE-JP-001; CBE-JP-003; CBE-JP-004; CBE-JP-005; CBE-JP-008; CBE-JP-010; CBE-JP-011; CBE-JP-017; CBE-JP-018; CBE-JP-019; CBE-JP-021; CBE-JP-024; CBE-JP-027; CBE-JP-031; CBE-JP-033; CBE-JP-034; CBE-JP-037; CBE-JP-060; CBE-JP-069; CBE-JP-071; CBE-JP-077,Markup Tools,Create and edit PDF markups for technical review,PDF drawing/document,Markup/comment/review annotation,Review -> comment -> resolve/issue,Document/session access,Markup author/data,PDF/BAX/tool sets,"NuBlox must natively support create and edit pdf markups for technical review within a governed Markup Tools capability, preserving structured markup/comment/review annotation, lifecycle state, responsibility/authority, review/approval, audit evidence and integration/export semantics.",https://support.bluebeam.com/revu/features/tool-chest-guide.html,Bluebeam Revu 21 Tool Chest,WEB_VERIFIED,2026-09-21
MTC-0071,Bluebeam Revu,Bluebeam,CBE-JP-001; CBE-JP-003; CBE-JP-004; CBE-JP-005; CBE-JP-008; CBE-JP-010; CBE-JP-011; CBE-JP-017; CBE-JP-018; CBE-JP-019; CBE-JP-021; CBE-JP-024; CBE-JP-027; CBE-JP-031; CBE-JP-033; CBE-JP-034; CBE-JP-037; CBE-JP-060; CBE-JP-069; CBE-JP-071; CBE-JP-077,Tool Chest,"Store, organise and reuse standard markup tool sets",Existing markups; tool-set standards,Reusable controlled markup tools,Configure -> reuse across reviews,Profile/tool-set governance,Tool-set definition,Bluebeam tool sets,"NuBlox must natively support store, organise and reuse standard markup tool sets within a governed Tool Chest capability, preserving structured reusable controlled markup tools, lifecycle state, responsibility/authority, review/approval, audit evidence and integration/export semantics.",https://support.bluebeam.com/revu/features/tool-chest-guide.html,Bluebeam Revu Tool Chest,WEB_VERIFIED,2026-09-21
MTC-0072,Bluebeam Revu,Bluebeam,CBE-JP-001; CBE-JP-003; CBE-JP-004; CBE-JP-005; CBE-JP-008; CBE-JP-010; CBE-JP-011; CBE-JP-017; CBE-JP-018; CBE-JP-019; CBE-JP-021; CBE-JP-024; CBE-JP-027; CBE-JP-031; CBE-JP-033; CBE-JP-034; CBE-JP-037; CBE-JP-060; CBE-JP-069; CBE-JP-071; CBE-JP-077,Measurements,"Set drawing scale and measure length, area, polylength and counts",Scaled PDF drawing,Measured quantities,Calibrate -> measure -> review,Estimator/QS responsibility,"Measurement geometry, scale and properties",PDF; markup data,"NuBlox must natively support set drawing scale and measure length, area, polylength and counts within a governed Measurements capability, preserving structured measured quantities, lifecycle state, responsibility/authority, review/approval, audit evidence and integration/export semantics.",https://support.bluebeam.com/revu/resources/revu-21-starter-kit.html,Bluebeam Revu measurements,WEB_VERIFIED,2026-09-21
MTC-0073,Bluebeam Revu,Bluebeam,CBE-JP-001; CBE-JP-003; CBE-JP-004; CBE-JP-005; CBE-JP-008; CBE-JP-010; CBE-JP-011; CBE-JP-017; CBE-JP-018; CBE-JP-019; CBE-JP-021; CBE-JP-024; CBE-JP-027; CBE-JP-031; CBE-JP-033; CBE-JP-034; CBE-JP-037; CBE-JP-060; CBE-JP-069; CBE-JP-071; CBE-JP-077,Markups List,"Track, filter, status and summarise markups and measurements",PDF markups/measurements,Structured markup register / summary report,Open -> status/reply -> resolved/report,Reviewer/author roles,"Markup metadata, status, comments",PDF/summary exports,"NuBlox must natively support track, filter, status and summarise markups and measurements within a governed Markups List capability, preserving structured structured markup register / summary report, lifecycle state, responsibility/authority, review/approval, audit evidence and integration/export semantics.",https://support.bluebeam.com/user-manual/menus/window/markups-list-panel.html,Bluebeam Revu Markups List,WEB_VERIFIED,2026-09-21
MTC-0074,Bluebeam Revu,Bluebeam,CBE-JP-001; CBE-JP-003; CBE-JP-004; CBE-JP-005; CBE-JP-008; CBE-JP-010; CBE-JP-011; CBE-JP-017; CBE-JP-018; CBE-JP-019; CBE-JP-021; CBE-JP-024; CBE-JP-027; CBE-JP-031; CBE-JP-033; CBE-JP-034; CBE-JP-037; CBE-JP-060; CBE-JP-069; CBE-JP-071; CBE-JP-077,Connected Sessions,Stream collaborative Studio Session markups into Revit views/models,Bluebeam Studio Session; Revit sheet/model metadata,Real-time coordinated review markups,Session review -> response -> design update,Session permissions,Markup/comment/session record,Bluebeam plugin; Revit; PDF,"NuBlox must natively support stream collaborative studio session markups into revit views/models within a governed Connected Sessions capability, preserving structured real-time coordinated review markups, lifecycle state, responsibility/authority, review/approval, audit evidence and integration/export semantics.",https://support.bluebeam.com/revu/how-to/connect-sessions-revit.html,Bluebeam Connected Sessions,WEB_VERIFIED,2026-09-21
MTC-0075,Tradify,Tradify,CBE-JP-006; CBE-JP-013; CBE-JP-014; CBE-JP-016; CBE-JP-017; CBE-JP-031; CBE-JP-032; CBE-JP-036; CBE-JP-041; CBE-JP-044; CBE-JP-049; CBE-JP-052; CBE-JP-054; CBE-JP-055; CBE-JP-058; CBE-JP-059; CBE-JP-065; CBE-JP-069; CBE-JP-074; CBE-JP-078,Enquiries,Capture customer enquiries and lead details into job workflow,Online forms; emails; customer details,Enquiry / lead record,Enquiry -> quote/job,Office/commercial roles,Enquiry history,Web/email,"NuBlox must natively support capture customer enquiries and lead details into job workflow within a governed Enquiries capability, preserving structured enquiry / lead record, lifecycle state, responsibility/authority, review/approval, audit evidence and integration/export semantics.",https://www.tradifyhq.com/uk/features,Tradify UK features,WEB_VERIFIED,2026-09-21
MTC-0076,Tradify,Tradify,CBE-JP-006; CBE-JP-013; CBE-JP-014; CBE-JP-016; CBE-JP-017; CBE-JP-031; CBE-JP-032; CBE-JP-036; CBE-JP-041; CBE-JP-044; CBE-JP-049; CBE-JP-052; CBE-JP-054; CBE-JP-055; CBE-JP-058; CBE-JP-059; CBE-JP-065; CBE-JP-069; CBE-JP-074; CBE-JP-078,Quoting,"Create branded quotes using templates, price lists and follow-ups",Enquiry/job scope; price lists; labour/materials,Quotation,Draft -> sent -> accepted/rejected,Commercial authority,Quote issue/acceptance,PDF/email/SMS,"NuBlox must natively support create branded quotes using templates, price lists and follow-ups within a governed Quoting capability, preserving structured quotation, lifecycle state, responsibility/authority, review/approval, audit evidence and integration/export semantics.",https://www.tradifyhq.com/uk/features,Tradify quoting,WEB_VERIFIED,2026-09-21
MTC-0077,Tradify,Tradify,CBE-JP-006; CBE-JP-013; CBE-JP-014; CBE-JP-016; CBE-JP-017; CBE-JP-031; CBE-JP-032; CBE-JP-036; CBE-JP-041; CBE-JP-044; CBE-JP-049; CBE-JP-052; CBE-JP-054; CBE-JP-055; CBE-JP-058; CBE-JP-059; CBE-JP-065; CBE-JP-069; CBE-JP-074; CBE-JP-078,Scheduling,Schedule/dispatch jobs and view active jobs/staff locations,Jobs; staff; calendar; location,Job schedule / dispatch,Unscheduled -> scheduled -> dispatched,Dispatcher authority,Schedule/location changes,Google Calendar sync; mobile,"NuBlox must natively support schedule/dispatch jobs and view active jobs/staff locations within a governed Scheduling capability, preserving structured job schedule / dispatch, lifecycle state, responsibility/authority, review/approval, audit evidence and integration/export semantics.",https://www.tradifyhq.com/uk/features,Tradify scheduling,WEB_VERIFIED,2026-09-21
MTC-0078,Tradify,Tradify,CBE-JP-006; CBE-JP-013; CBE-JP-014; CBE-JP-016; CBE-JP-017; CBE-JP-031; CBE-JP-032; CBE-JP-036; CBE-JP-041; CBE-JP-044; CBE-JP-049; CBE-JP-052; CBE-JP-054; CBE-JP-055; CBE-JP-058; CBE-JP-059; CBE-JP-065; CBE-JP-069; CBE-JP-074; CBE-JP-078,Job Tracking / Timesheets,"Track job status, time, photos, videos and notes",Active job; worker time; media,Progress record / digital timesheet,In progress -> complete,Field/supervisor roles,Time/status/media history,Mobile/web,"NuBlox must natively support track job status, time, photos, videos and notes within a governed Job Tracking / Timesheets capability, preserving structured progress record / digital timesheet, lifecycle state, responsibility/authority, review/approval, audit evidence and integration/export semantics.",https://www.tradifyhq.com/uk/features,Tradify job tracking,WEB_VERIFIED,2026-09-21
MTC-0079,Tradify,Tradify,CBE-JP-006; CBE-JP-013; CBE-JP-014; CBE-JP-016; CBE-JP-017; CBE-JP-031; CBE-JP-032; CBE-JP-036; CBE-JP-041; CBE-JP-044; CBE-JP-049; CBE-JP-052; CBE-JP-054; CBE-JP-055; CBE-JP-058; CBE-JP-059; CBE-JP-065; CBE-JP-069; CBE-JP-074; CBE-JP-078,Work Orders / Job Sheets,"Store customer work orders and link job details, estimates, quotes and invoices",Customer work order; job/site data,Linked work order / job sheet,Received -> planned -> executed -> billed,Job-management roles,Linked commercial/job history,Mobile/web,"NuBlox must natively support store customer work orders and link job details, estimates, quotes and invoices within a governed Work Orders / Job Sheets capability, preserving structured linked work order / job sheet, lifecycle state, responsibility/authority, review/approval, audit evidence and integration/export semantics.",https://www.tradifyhq.com/uk/features,Tradify work orders,WEB_VERIFIED,2026-09-21
MTC-0080,Tradify,Tradify,CBE-JP-006; CBE-JP-013; CBE-JP-014; CBE-JP-016; CBE-JP-017; CBE-JP-031; CBE-JP-032; CBE-JP-036; CBE-JP-041; CBE-JP-044; CBE-JP-049; CBE-JP-052; CBE-JP-054; CBE-JP-055; CBE-JP-058; CBE-JP-059; CBE-JP-065; CBE-JP-069; CBE-JP-074; CBE-JP-078,Forms & Certificates,Create/sign/send trade certificates and retain online records,Job data; test/compliance responses; signatures,Digital certificate / compliance record,Prepare -> sign -> issue,Competent trade role,Issued certificate record,PDF/digital record,"NuBlox must natively support create/sign/send trade certificates and retain online records within a governed Forms & Certificates capability, preserving structured digital certificate / compliance record, lifecycle state, responsibility/authority, review/approval, audit evidence and integration/export semantics.",https://www.tradifyhq.com/uk/features,Tradify forms/certificates,WEB_VERIFIED,2026-09-21
MTC-0081,Tradify,Tradify,CBE-JP-006; CBE-JP-013; CBE-JP-014; CBE-JP-016; CBE-JP-017; CBE-JP-031; CBE-JP-032; CBE-JP-036; CBE-JP-041; CBE-JP-044; CBE-JP-049; CBE-JP-052; CBE-JP-054; CBE-JP-055; CBE-JP-058; CBE-JP-059; CBE-JP-065; CBE-JP-069; CBE-JP-074; CBE-JP-078,Invoicing & Payments,"Create invoices, sync to accounting and track payment",Completed job; quote; time/materials,Invoice/payment record,Complete -> invoice -> paid,Finance/commercial authority,Invoice/payment history,Xero; Sage; QuickBooks; payment integrations,"NuBlox must natively support create invoices, sync to accounting and track payment within a governed Invoicing & Payments capability, preserving structured invoice/payment record, lifecycle state, responsibility/authority, review/approval, audit evidence and integration/export semantics.",https://www.tradifyhq.com/uk/features,Tradify invoicing,WEB_VERIFIED,2026-09-21
MTC-0082,BigChange,BigChange,CBE-JP-002; CBE-JP-006; CBE-JP-013; CBE-JP-014; CBE-JP-016; CBE-JP-023; CBE-JP-029; CBE-JP-036; CBE-JP-041; CBE-JP-044; CBE-JP-049; CBE-JP-052; CBE-JP-054; CBE-JP-055; CBE-JP-058; CBE-JP-059; CBE-JP-065; CBE-JP-073; CBE-JP-078,Job Scheduling,Create and drag jobs onto engineer schedules with route optimisation,Jobs; engineers; customer/site/equipment details,Scheduled/optimised job allocation,Created -> scheduled -> dispatched,Dispatcher authority,Schedule/mobile-sync history,Mobile; accounting/ERP integrations,"NuBlox must natively support create and drag jobs onto engineer schedules with route optimisation within a governed Job Scheduling capability, preserving structured scheduled/optimised job allocation, lifecycle state, responsibility/authority, review/approval, audit evidence and integration/export semantics.",https://www.bigchange.com/features/job-scheduling,BigChange scheduling,WEB_VERIFIED,2026-09-21
MTC-0083,BigChange,BigChange,CBE-JP-002; CBE-JP-006; CBE-JP-013; CBE-JP-014; CBE-JP-016; CBE-JP-023; CBE-JP-029; CBE-JP-036; CBE-JP-041; CBE-JP-044; CBE-JP-049; CBE-JP-052; CBE-JP-054; CBE-JP-055; CBE-JP-058; CBE-JP-059; CBE-JP-065; CBE-JP-073; CBE-JP-078,Mobile Job Execution,"Deliver job details, history and site notes to field engineers",Scheduled job; customer/site history,Field job updates,Dispatched -> in progress -> complete,Engineer role,Mobile status/evidence,BigChange mobile,"NuBlox must natively support deliver job details, history and site notes to field engineers within a governed Mobile Job Execution capability, preserving structured field job updates, lifecycle state, responsibility/authority, review/approval, audit evidence and integration/export semantics.",https://www.bigchange.com/features/job-scheduling,BigChange mobile workflow,WEB_VERIFIED,2026-09-21
MTC-0084,BigChange,BigChange,CBE-JP-002; CBE-JP-006; CBE-JP-013; CBE-JP-014; CBE-JP-016; CBE-JP-023; CBE-JP-029; CBE-JP-036; CBE-JP-041; CBE-JP-044; CBE-JP-049; CBE-JP-052; CBE-JP-054; CBE-JP-055; CBE-JP-058; CBE-JP-059; CBE-JP-065; CBE-JP-073; CBE-JP-078,CRM / Contracts,"Maintain customer, site and contract context for enquiries/jobs",Customer/site/contract data,CRM/account/site record,Prospect/customer -> active contract/service,Commercial/customer-service authority,Customer/site history,Platform integrations,"NuBlox must natively support maintain customer, site and contract context for enquiries/jobs within a governed CRM / Contracts capability, preserving structured crm/account/site record, lifecycle state, responsibility/authority, review/approval, audit evidence and integration/export semantics.",https://www.bigchange.com/features,BigChange features,WEB_VERIFIED,2026-09-21
MTC-0085,BigChange,BigChange,CBE-JP-002; CBE-JP-006; CBE-JP-013; CBE-JP-014; CBE-JP-016; CBE-JP-023; CBE-JP-029; CBE-JP-036; CBE-JP-041; CBE-JP-044; CBE-JP-049; CBE-JP-052; CBE-JP-054; CBE-JP-055; CBE-JP-058; CBE-JP-059; CBE-JP-065; CBE-JP-073; CBE-JP-078,Quotes,Create professional quotes/proposals with online acceptance,Scope; pricing; customer,Quote/proposal,Draft -> sent -> accepted,Commercial authority,Quote/acceptance history,Web/customer portal,"NuBlox must natively support create professional quotes/proposals with online acceptance within a governed Quotes capability, preserving structured quote/proposal, lifecycle state, responsibility/authority, review/approval, audit evidence and integration/export semantics.",https://www.bigchange.com/features,BigChange features,WEB_VERIFIED,2026-09-21
MTC-0086,BigChange,BigChange,CBE-JP-002; CBE-JP-006; CBE-JP-013; CBE-JP-014; CBE-JP-016; CBE-JP-023; CBE-JP-029; CBE-JP-036; CBE-JP-041; CBE-JP-044; CBE-JP-049; CBE-JP-052; CBE-JP-054; CBE-JP-055; CBE-JP-058; CBE-JP-059; CBE-JP-065; CBE-JP-073; CBE-JP-078,Invoices,Invoice completed work and integrate payments/accounting,Job actuals; prices; customer,Invoice,Complete -> invoice -> paid,Finance/commercial authority,Billing history,Xero; Sage; ERP integrations,"NuBlox must natively support invoice completed work and integrate payments/accounting within a governed Invoices capability, preserving structured invoice, lifecycle state, responsibility/authority, review/approval, audit evidence and integration/export semantics.",https://www.bigchange.com/features,BigChange features,WEB_VERIFIED,2026-09-21
MTC-0087,BigChange,BigChange,CBE-JP-002; CBE-JP-006; CBE-JP-013; CBE-JP-014; CBE-JP-016; CBE-JP-023; CBE-JP-029; CBE-JP-036; CBE-JP-041; CBE-JP-044; CBE-JP-049; CBE-JP-052; CBE-JP-054; CBE-JP-055; CBE-JP-058; CBE-JP-059; CBE-JP-065; CBE-JP-073; CBE-JP-078,Proof of Service / Tracking,Capture photos/signatures and track fleet/engineer position,Field work; mobile device; vehicle location,Proof-of-service record / tracking evidence,Visit -> perform -> evidence -> complete,Field/supervisor roles,"Photos, signatures, tracking history",Mobile/GPS,"NuBlox must natively support capture photos/signatures and track fleet/engineer position within a governed Proof of Service / Tracking capability, preserving structured proof-of-service record / tracking evidence, lifecycle state, responsibility/authority, review/approval, audit evidence and integration/export semantics.",https://www.bigchange.com/landing/job-management,BigChange job management,WEB_VERIFIED,2026-09-21
MTC-0088,ServiceM8,ServiceM8,CBE-JP-002; CBE-JP-013; CBE-JP-014; CBE-JP-032; CBE-JP-036; CBE-JP-041; CBE-JP-044; CBE-JP-049; CBE-JP-052; CBE-JP-054; CBE-JP-055; CBE-JP-058; CBE-JP-059; CBE-JP-063; CBE-JP-065; CBE-JP-070; CBE-JP-078,Job Management,"Create/manage jobs with client details, documentation and full job history",Client; site; job; notes; media; email/messages,Job card/history,Enquiry -> job -> complete,Office/field roles,Persistent job diary/history,Web/iOS,"NuBlox must natively support create/manage jobs with client details, documentation and full job history within a governed Job Management capability, preserving structured job card/history, lifecycle state, responsibility/authority, review/approval, audit evidence and integration/export semantics.",https://www.servicem8.com/feature-overview,ServiceM8 feature overview,WEB_VERIFIED,2026-09-21
MTC-0089,ServiceM8,ServiceM8,CBE-JP-002; CBE-JP-013; CBE-JP-014; CBE-JP-032; CBE-JP-036; CBE-JP-041; CBE-JP-044; CBE-JP-049; CBE-JP-052; CBE-JP-054; CBE-JP-055; CBE-JP-058; CBE-JP-059; CBE-JP-063; CBE-JP-065; CBE-JP-070; CBE-JP-078,Scheduling & Dispatch,"Drag/drop schedule jobs, allocate windows and dispatch urgent work",Jobs; staff; availability; travel,Schedule / dispatch,Unscheduled -> booked -> dispatched,Dispatcher authority,Schedule and notification history,Mobile/web; routing,"NuBlox must natively support drag/drop schedule jobs, allocate windows and dispatch urgent work within a governed Scheduling & Dispatch capability, preserving structured schedule / dispatch, lifecycle state, responsibility/authority, review/approval, audit evidence and integration/export semantics.",https://www.servicem8.com/feature-overview,ServiceM8 scheduling,WEB_VERIFIED,2026-09-21
MTC-0090,ServiceM8,ServiceM8,CBE-JP-002; CBE-JP-013; CBE-JP-014; CBE-JP-032; CBE-JP-036; CBE-JP-041; CBE-JP-044; CBE-JP-049; CBE-JP-052; CBE-JP-054; CBE-JP-055; CBE-JP-058; CBE-JP-059; CBE-JP-063; CBE-JP-065; CBE-JP-070; CBE-JP-078,Checklists & Tasks,Use checklists/task lists to control required field work,Job; checklist/task template,Completed task/checklist evidence,Assigned -> completed,Field/supervisor roles,Completion status,Mobile/web,"NuBlox must natively support use checklists/task lists to control required field work within a governed Checklists & Tasks capability, preserving structured completed task/checklist evidence, lifecycle state, responsibility/authority, review/approval, audit evidence and integration/export semantics.",https://www.servicem8.com/feature-overview,ServiceM8 checklists,WEB_VERIFIED,2026-09-21
MTC-0091,ServiceM8,ServiceM8,CBE-JP-002; CBE-JP-013; CBE-JP-014; CBE-JP-032; CBE-JP-036; CBE-JP-041; CBE-JP-044; CBE-JP-049; CBE-JP-052; CBE-JP-054; CBE-JP-055; CBE-JP-058; CBE-JP-059; CBE-JP-063; CBE-JP-065; CBE-JP-070; CBE-JP-078,Electronic Forms,"Complete configurable forms, safety audits, site reports, inspections and certificates",Form template; job/site data; photos/signatures,PDF report/certificate/form,Draft -> completed -> stored,Field/competent person,Form stored permanently in job diary,PDF; mobile forms,"NuBlox must natively support complete configurable forms, safety audits, site reports, inspections and certificates within a governed Electronic Forms capability, preserving structured pdf report/certificate/form, lifecycle state, responsibility/authority, review/approval, audit evidence and integration/export semantics.",https://www.servicem8.com/feature-overview,ServiceM8 forms,WEB_VERIFIED,2026-09-21
MTC-0092,ServiceM8,ServiceM8,CBE-JP-002; CBE-JP-013; CBE-JP-014; CBE-JP-032; CBE-JP-036; CBE-JP-041; CBE-JP-044; CBE-JP-049; CBE-JP-052; CBE-JP-054; CBE-JP-055; CBE-JP-058; CBE-JP-059; CBE-JP-063; CBE-JP-065; CBE-JP-070; CBE-JP-078,Asset Management,"Catalogue client-owned assets, QR locate and retain service history/forms",Client/site asset; QR; forms,Asset register / service history,Install/register -> inspect/service -> history,Asset/field roles,Historic forms/responses by asset,QR; PDF service reports,"NuBlox must natively support catalogue client-owned assets, qr locate and retain service history/forms within a governed Asset Management capability, preserving structured asset register / service history, lifecycle state, responsibility/authority, review/approval, audit evidence and integration/export semantics.",https://www.servicem8.com/feature-overview,ServiceM8 assets,WEB_VERIFIED,2026-09-21
MTC-0093,ServiceM8,ServiceM8,CBE-JP-002; CBE-JP-013; CBE-JP-014; CBE-JP-032; CBE-JP-036; CBE-JP-041; CBE-JP-044; CBE-JP-049; CBE-JP-052; CBE-JP-054; CBE-JP-055; CBE-JP-058; CBE-JP-059; CBE-JP-063; CBE-JP-065; CBE-JP-070; CBE-JP-078,Quoting,"Build quotes/options/proposals using labour, materials and bundles with online acceptance",Job scope; labour rates; materials/services,Quote/proposal,Draft -> sent -> accepted,Commercial authority,Quote version/acceptance,Email/SMS/web,"NuBlox must natively support build quotes/options/proposals using labour, materials and bundles with online acceptance within a governed Quoting capability, preserving structured quote/proposal, lifecycle state, responsibility/authority, review/approval, audit evidence and integration/export semantics.",https://www.servicem8.com/features-quoting-invoicing,ServiceM8 quoting,WEB_VERIFIED,2026-09-21
MTC-0094,ServiceM8,ServiceM8,CBE-JP-002; CBE-JP-013; CBE-JP-014; CBE-JP-032; CBE-JP-036; CBE-JP-041; CBE-JP-044; CBE-JP-049; CBE-JP-052; CBE-JP-054; CBE-JP-055; CBE-JP-058; CBE-JP-059; CBE-JP-063; CBE-JP-065; CBE-JP-070; CBE-JP-078,Invoicing & Payments,Generate invoices onsite and issue/collect payment,Completed work; billable items/materials,Invoice/payment,Complete -> invoice -> paid,Finance/commercial authority,Invoice/payment trail,PDF; email/SMS; accounting/payment integrations,"NuBlox must natively support generate invoices onsite and issue/collect payment within a governed Invoicing & Payments capability, preserving structured invoice/payment, lifecycle state, responsibility/authority, review/approval, audit evidence and integration/export semantics.",https://www.servicem8.com/features-quoting-invoicing,ServiceM8 invoicing,WEB_VERIFIED,2026-09-21
MTC-0095,ServiceM8,ServiceM8,CBE-JP-002; CBE-JP-013; CBE-JP-014; CBE-JP-032; CBE-JP-036; CBE-JP-041; CBE-JP-044; CBE-JP-049; CBE-JP-052; CBE-JP-054; CBE-JP-055; CBE-JP-058; CBE-JP-059; CBE-JP-063; CBE-JP-065; CBE-JP-070; CBE-JP-078,Job Costing,Estimate job profitability and back-cost actual performance,Quoted labour/materials; supplier invoices; actuals,Job cost/profitability result,Quote -> actual -> margin review,Commercial/management authority,Cost inputs and margin history,Accounting integrations,"NuBlox must natively support estimate job profitability and back-cost actual performance within a governed Job Costing capability, preserving structured job cost/profitability result, lifecycle state, responsibility/authority, review/approval, audit evidence and integration/export semantics.",https://www.servicem8.com/feature-overview,ServiceM8 job costing,WEB_VERIFIED,2026-09-21
MTC-0096,Autodesk Build,Autodesk,CBE-JP-006; CBE-JP-013; CBE-JP-017; CBE-JP-023; CBE-JP-024; CBE-JP-026; CBE-JP-027; CBE-JP-028; CBE-JP-029; CBE-JP-031; CBE-JP-038; CBE-JP-049; CBE-JP-069; CBE-JP-071; CBE-JP-077,Docs / Files,Manage/share/access project documents through the common data environment,Project files; sheets; models; permissions,Controlled project document record,Upload -> current -> superseded/archived,Document permissions,File/version/access history,Autodesk Docs / ACC,"NuBlox must natively support manage/share/access project documents through the common data environment within a governed Docs / Files capability, preserving structured controlled project document record, lifecycle state, responsibility/authority, review/approval, audit evidence and integration/export semantics.",https://help.autodesk.com/cloudhelp/ENG/Build-About/files/What_is_Build.html,Autodesk Build overview,WEB_VERIFIED,2026-09-21
MTC-0097,Autodesk Build,Autodesk,CBE-JP-006; CBE-JP-013; CBE-JP-017; CBE-JP-023; CBE-JP-024; CBE-JP-026; CBE-JP-027; CBE-JP-028; CBE-JP-029; CBE-JP-031; CBE-JP-038; CBE-JP-049; CBE-JP-069; CBE-JP-071; CBE-JP-077,Issues,"Create, assign, locate and track issues on web/mobile and on 2D/3D context",Sheet/file/model location; issue type; assignee,Issue/action record,Open -> assigned -> resolved/closed,Issue creator/assignee roles,"Issue status, references and history",CSV/Excel import; mobile; ACC,"NuBlox must natively support create, assign, locate and track issues on web/mobile and on 2d/3d context within a governed Issues capability, preserving structured issue/action record, lifecycle state, responsibility/authority, review/approval, audit evidence and integration/export semantics.",https://help.autodesk.com/cloudhelp/ENG/Build-Issues/files/Issues_Create.html,Autodesk Build issues,WEB_VERIFIED,2026-09-21
MTC-0098,Autodesk Build,Autodesk,CBE-JP-006; CBE-JP-013; CBE-JP-017; CBE-JP-023; CBE-JP-024; CBE-JP-026; CBE-JP-027; CBE-JP-028; CBE-JP-029; CBE-JP-031; CBE-JP-038; CBE-JP-049; CBE-JP-069; CBE-JP-071; CBE-JP-077,Forms,Complete structured template-built or PDF forms in field workflows,Form template/PDF; responses; comments,Completed form / inspection/checklist evidence,Open -> fill -> submit,Form permissions,Responses/comments/submission,PDF/forms,"NuBlox must natively support complete structured template-built or pdf forms in field workflows within a governed Forms capability, preserving structured completed form / inspection/checklist evidence, lifecycle state, responsibility/authority, review/approval, audit evidence and integration/export semantics.",https://help.autodesk.com/cloudhelp/ENU/Build-Forms/files/use/Forms_Submit.html,Autodesk Build forms,WEB_VERIFIED,2026-09-21
MTC-0099,Autodesk Build,Autodesk,CBE-JP-006; CBE-JP-013; CBE-JP-017; CBE-JP-023; CBE-JP-024; CBE-JP-026; CBE-JP-027; CBE-JP-028; CBE-JP-029; CBE-JP-031; CBE-JP-038; CBE-JP-049; CBE-JP-069; CBE-JP-071; CBE-JP-077,RFIs,"Create, review, answer and close RFIs with references and ball-in-court",Question; reviewers; files/sheets/photos/issues/schedule/assets/forms,RFI record / formal response,Draft -> submit -> review -> answer -> close,Creator/coordinator/reviewer/manager roles,"RFI status, references, response and placement",PDF/Excel reports; ACC links,"NuBlox must natively support create, review, answer and close rfis with references and ball-in-court within a governed RFIs capability, preserving structured rfi record / formal response, lifecycle state, responsibility/authority, review/approval, audit evidence and integration/export semantics.",https://help.autodesk.com/cloudhelp/ENU/Build-Rfis/files/Work_RFIs.html,Autodesk Build RFIs,WEB_VERIFIED,2026-09-21
MTC-0100,Autodesk Build,Autodesk,CBE-JP-006; CBE-JP-013; CBE-JP-017; CBE-JP-023; CBE-JP-024; CBE-JP-026; CBE-JP-027; CBE-JP-028; CBE-JP-029; CBE-JP-031; CBE-JP-038; CBE-JP-049; CBE-JP-069; CBE-JP-071; CBE-JP-077,Submittals,"Create, package, route, review and respond to document/material/equipment submittals",Spec section; item; attachments; dates; reviewers,Submittal item/package and final response,Create -> submit -> review -> final response,Configured submittal permissions/roles,"Workflow table, attachments and transition history",PDF/images/models/spreadsheets,"NuBlox must natively support create, package, route, review and respond to document/material/equipment submittals within a governed Submittals capability, preserving structured submittal item/package and final response, lifecycle state, responsibility/authority, review/approval, audit evidence and integration/export semantics.",https://help.autodesk.com/cloudhelp/ENU/Build-Submittals/files/work-submittals/Create_Submittal.html,Autodesk Build submittals,WEB_VERIFIED,2026-09-21
MTC-0101,Autodesk Build,Autodesk,CBE-JP-006; CBE-JP-013; CBE-JP-017; CBE-JP-023; CBE-JP-024; CBE-JP-026; CBE-JP-027; CBE-JP-028; CBE-JP-029; CBE-JP-031; CBE-JP-038; CBE-JP-049; CBE-JP-069; CBE-JP-071; CBE-JP-077,Schedule / Progress,Manage central project schedules and track installation progress,Schedule activities; installation status,Schedule/progress record,Plan -> update -> monitor,Project controls roles,Progress history,ACC schedule integrations,"NuBlox must natively support manage central project schedules and track installation progress within a governed Schedule / Progress capability, preserving structured schedule/progress record, lifecycle state, responsibility/authority, review/approval, audit evidence and integration/export semantics.",https://help.autodesk.com/cloudhelp/ENG/Build-About/files/What_is_Build.html,Autodesk Build overview,WEB_VERIFIED,2026-09-21
MTC-0102,Autodesk Build,Autodesk,CBE-JP-006; CBE-JP-013; CBE-JP-017; CBE-JP-023; CBE-JP-024; CBE-JP-026; CBE-JP-027; CBE-JP-028; CBE-JP-029; CBE-JP-031; CBE-JP-038; CBE-JP-049; CBE-JP-069; CBE-JP-071; CBE-JP-077,Assets,Track project asset/equipment lifecycle from design through commissioning and handover,Asset/equipment data; status; field records,Project asset record,Design -> install -> test -> commission -> handover,Asset/commissioning roles,Asset status/history,ACC/mobile,"NuBlox must natively support track project asset/equipment lifecycle from design through commissioning and handover within a governed Assets capability, preserving structured project asset record, lifecycle state, responsibility/authority, review/approval, audit evidence and integration/export semantics.",https://help.autodesk.com/cloudhelp/ENG/Build-About/files/What_is_Build.html,Autodesk Build assets,WEB_VERIFIED,2026-09-21
MTC-0103,Autodesk Build,Autodesk,CBE-JP-006; CBE-JP-013; CBE-JP-017; CBE-JP-023; CBE-JP-024; CBE-JP-026; CBE-JP-027; CBE-JP-028; CBE-JP-029; CBE-JP-031; CBE-JP-038; CBE-JP-049; CBE-JP-069; CBE-JP-071; CBE-JP-077,Change Orders,Control project change orders with budget impact visibility,Potential change; budget/cost data,Change-order record,Potential -> reviewed -> approved/committed,Commercial/change authority,Change/budget history,Cost Management integration,"NuBlox must natively support control project change orders with budget impact visibility within a governed Change Orders capability, preserving structured change-order record, lifecycle state, responsibility/authority, review/approval, audit evidence and integration/export semantics.",https://help.autodesk.com/cloudhelp/ENG/Build-About/files/What_is_Build.html,Autodesk Build change,WEB_VERIFIED,2026-09-21
MTC-0104,Autodesk Build,Autodesk,CBE-JP-006; CBE-JP-013; CBE-JP-017; CBE-JP-023; CBE-JP-024; CBE-JP-026; CBE-JP-027; CBE-JP-028; CBE-JP-029; CBE-JP-031; CBE-JP-038; CBE-JP-049; CBE-JP-069; CBE-JP-071; CBE-JP-077,Payments,Manage pay applications and payments against work completed,Contract/work completion; pay application,Payment/application record,Submit -> review -> approve/pay,Commercial/payment authority,Payment approval history,Cost/finance integrations,"NuBlox must natively support manage pay applications and payments against work completed within a governed Payments capability, preserving structured payment/application record, lifecycle state, responsibility/authority, review/approval, audit evidence and integration/export semantics.",https://help.autodesk.com/cloudhelp/ENG/Build-About/files/What_is_Build.html,Autodesk Build payments,WEB_VERIFIED,2026-09-21
MTC-0105,AutoCAD,Autodesk,CBE-JP-003; CBE-JP-004; CBE-JP-005; CBE-JP-010; CBE-JP-011; CBE-JP-013; CBE-JP-019; CBE-JP-033; CBE-JP-051; CBE-JP-068; CBE-JP-069; CBE-JP-072; CBE-JP-074; CBE-JP-076,2D Drafting / Annotation,"Create and document precise 2D geometry, dimensions and annotations",Design geometry; layers; standards,DWG drawing/documentation,Draft -> review -> issue,Designer/drafter responsibility,DWG edit/version activity,DWG; DXF; PDF,"NuBlox must natively support create and document precise 2d geometry, dimensions and annotations within a governed 2D Drafting / Annotation capability, preserving structured dwg drawing/documentation, lifecycle state, responsibility/authority, review/approval, audit evidence and integration/export semantics.",https://www.autodesk.com/products/autocad/features,AutoCAD 2026 features,WEB_VERIFIED,2026-09-21
MTC-0106,AutoCAD,Autodesk,CBE-JP-003; CBE-JP-004; CBE-JP-005; CBE-JP-010; CBE-JP-011; CBE-JP-013; CBE-JP-019; CBE-JP-033; CBE-JP-051; CBE-JP-068; CBE-JP-069; CBE-JP-072; CBE-JP-074; CBE-JP-076,3D Modelling,"Create solid, surface and mesh 3D models and derived model documentation",3D geometry; materials; design inputs,3D CAD model and derived drawings,Model -> document -> issue,Designer/engineer review,DWG activity/version history,DWG; DGN/PDF/reference formats,"NuBlox must natively support create solid, surface and mesh 3d models and derived model documentation within a governed 3D Modelling capability, preserving structured 3d cad model and derived drawings, lifecycle state, responsibility/authority, review/approval, audit evidence and integration/export semantics.",https://www.autodesk.com/products/autocad/features,AutoCAD 2026 features,WEB_VERIFIED,2026-09-21
MTC-0107,AutoCAD,Autodesk,CBE-JP-003; CBE-JP-004; CBE-JP-005; CBE-JP-010; CBE-JP-011; CBE-JP-013; CBE-JP-019; CBE-JP-033; CBE-JP-051; CBE-JP-068; CBE-JP-069; CBE-JP-072; CBE-JP-074; CBE-JP-076,Blocks / Smart Blocks,Create/reuse intelligent block references and automate placement/replacement,Blocks; object geometry; prior placement patterns,Reusable object/block instances,Author -> standardise -> reuse,CAD standards governance,Block definition/use history,DWG,"NuBlox must natively support create/reuse intelligent block references and automate placement/replacement within a governed Blocks / Smart Blocks capability, preserving structured reusable object/block instances, lifecycle state, responsibility/authority, review/approval, audit evidence and integration/export semantics.",https://www.autodesk.com/products/autocad/features,AutoCAD 2026 Smart Blocks,WEB_VERIFIED,2026-09-21
MTC-0108,AutoCAD,Autodesk,CBE-JP-003; CBE-JP-004; CBE-JP-005; CBE-JP-010; CBE-JP-011; CBE-JP-013; CBE-JP-019; CBE-JP-033; CBE-JP-051; CBE-JP-068; CBE-JP-069; CBE-JP-072; CBE-JP-074; CBE-JP-076,Data Extraction / Linking,Extract object/block/attribute data and link Excel data to drawing tables,DWG objects/attributes; Excel data,Structured table/extracted dataset in drawing,Extract/link -> update,CAD/data responsibility,Linked-data state,Excel; DWG,"NuBlox must natively support extract object/block/attribute data and link excel data to drawing tables within a governed Data Extraction / Linking capability, preserving structured structured table/extracted dataset in drawing, lifecycle state, responsibility/authority, review/approval, audit evidence and integration/export semantics.",https://www.autodesk.com/in/products/autocad/features.connectivity.view-list,AutoCAD 2026 data tools,WEB_VERIFIED,2026-09-21
MTC-0109,AutoCAD,Autodesk,CBE-JP-003; CBE-JP-004; CBE-JP-005; CBE-JP-010; CBE-JP-011; CBE-JP-013; CBE-JP-019; CBE-JP-033; CBE-JP-051; CBE-JP-068; CBE-JP-069; CBE-JP-072; CBE-JP-074; CBE-JP-076,Markup Import / Trace,Import review feedback and add design-change notes without altering base drawing,Paper/PDF markup; DWG,Markup / proposed change layer,Review -> incorporate -> update,Reviewer/designer roles,Markup and Activity Insights history,PDF; DWG; web/mobile,"NuBlox must natively support import review feedback and add design-change notes without altering base drawing within a governed Markup Import / Trace capability, preserving structured markup / proposed change layer, lifecycle state, responsibility/authority, review/approval, audit evidence and integration/export semantics.",https://www.autodesk.com/products/autocad/features,AutoCAD 2026 markup/trace,WEB_VERIFIED,2026-09-21
MTC-0110,AutoCAD,Autodesk,CBE-JP-003; CBE-JP-004; CBE-JP-005; CBE-JP-010; CBE-JP-011; CBE-JP-013; CBE-JP-019; CBE-JP-033; CBE-JP-051; CBE-JP-068; CBE-JP-069; CBE-JP-072; CBE-JP-074; CBE-JP-076,Sheet Set Manager,Manage and plot multiple drawings as controlled sheet sets,DWG layouts/sheets; set metadata,Sheet set / published document set,Assemble -> plot/publish,Document/CAD manager,Sheet-set state,DWG; PDF; Autodesk Docs,"NuBlox must natively support manage and plot multiple drawings as controlled sheet sets within a governed Sheet Set Manager capability, preserving structured sheet set / published document set, lifecycle state, responsibility/authority, review/approval, audit evidence and integration/export semantics.",https://www.autodesk.com/in/products/autocad/features.connectivity.view-list,AutoCAD Sheet Set Manager,WEB_VERIFIED,2026-09-21
MTC-0111,AutoCAD,Autodesk,CBE-JP-003; CBE-JP-004; CBE-JP-005; CBE-JP-010; CBE-JP-011; CBE-JP-013; CBE-JP-019; CBE-JP-033; CBE-JP-051; CBE-JP-068; CBE-JP-069; CBE-JP-072; CBE-JP-074; CBE-JP-076,External References / Model References,Attach and compare referenced drawings/models and preserve coordinated context,DWG xrefs; Navisworks/DGN/PDF references,Coordinated referenced drawing context,Reference -> coordinate -> update,Design coordination roles,Xref/reference update state,DWG; DGN; NWD/NWC; PDF,"NuBlox must natively support attach and compare referenced drawings/models and preserve coordinated context within a governed External References / Model References capability, preserving structured coordinated referenced drawing context, lifecycle state, responsibility/authority, review/approval, audit evidence and integration/export semantics.",https://www.autodesk.com/in/products/autocad/features.connectivity.view-list,AutoCAD references,WEB_VERIFIED,2026-09-21
MTC-0112,AutoCAD,Autodesk,CBE-JP-003; CBE-JP-004; CBE-JP-005; CBE-JP-010; CBE-JP-011; CBE-JP-013; CBE-JP-019; CBE-JP-033; CBE-JP-051; CBE-JP-068; CBE-JP-069; CBE-JP-072; CBE-JP-074; CBE-JP-076,Activity Insights,Track multi-user drawing events and version history,Shared DWG events,Activity/version log,Edit -> event log -> review,Project/CAD access,Multi-user event log/version history,Autodesk/cloud,"NuBlox must natively support track multi-user drawing events and version history within a governed Activity Insights capability, preserving structured activity/version log, lifecycle state, responsibility/authority, review/approval, audit evidence and integration/export semantics.",https://www.autodesk.com/products/autocad/features,AutoCAD 2026 Activity Insights,WEB_VERIFIED,2026-09-21
MTC-0113,Fergus,Fergus,CBE-JP-006; CBE-JP-013; CBE-JP-017; CBE-JP-031; CBE-JP-036; CBE-JP-049; CBE-JP-052; CBE-JP-055; CBE-JP-058; CBE-JP-059; CBE-JP-065; CBE-JP-078,Enquiry / Job Workflow,Create jobs and retain all operational/commercial details in the Job Card,Enquiry; customer/site; job scope,Job card,Enquiry -> job -> complete,Office/field roles,Job status and linked records,Web/mobile,"NuBlox must natively support create jobs and retain all operational/commercial details in the job card within a governed Enquiry / Job Workflow capability, preserving structured job card, lifecycle state, responsibility/authority, review/approval, audit evidence and integration/export semantics.",https://fergus.com/uk/,Fergus UK,WEB_VERIFIED,2026-09-21
MTC-0114,Fergus,Fergus,CBE-JP-006; CBE-JP-013; CBE-JP-017; CBE-JP-031; CBE-JP-036; CBE-JP-049; CBE-JP-052; CBE-JP-055; CBE-JP-058; CBE-JP-059; CBE-JP-065; CBE-JP-078,Quoting / Estimating,Create quotes/estimates with supplier/material pricing and margin visibility,Job scope; price books; materials/labour,Quote/estimate,Draft -> send -> accept,Commercial authority,Quote/estimate history,Supplier integrations,"NuBlox must natively support create quotes/estimates with supplier/material pricing and margin visibility within a governed Quoting / Estimating capability, preserving structured quote/estimate, lifecycle state, responsibility/authority, review/approval, audit evidence and integration/export semantics.",https://fergus.com/uk/,Fergus quoting,WEB_VERIFIED,2026-09-21
MTC-0115,Fergus,Fergus,CBE-JP-006; CBE-JP-013; CBE-JP-017; CBE-JP-031; CBE-JP-036; CBE-JP-049; CBE-JP-052; CBE-JP-055; CBE-JP-058; CBE-JP-059; CBE-JP-065; CBE-JP-078,Scheduling,Assign jobs using team availability and visual calendar,Jobs; team; availability,Schedule/assignment,Unscheduled -> assigned -> complete,Dispatcher authority,Schedule status,Mobile/web,"NuBlox must natively support assign jobs using team availability and visual calendar within a governed Scheduling capability, preserving structured schedule/assignment, lifecycle state, responsibility/authority, review/approval, audit evidence and integration/export semantics.",https://fergus.com/features/scheduling/,Fergus scheduling,WEB_VERIFIED,2026-09-21
MTC-0116,Fergus,Fergus,CBE-JP-006; CBE-JP-013; CBE-JP-017; CBE-JP-031; CBE-JP-036; CBE-JP-049; CBE-JP-052; CBE-JP-055; CBE-JP-058; CBE-JP-059; CBE-JP-065; CBE-JP-078,Timesheets / Team Tracking,Record time and GPS context to feed job costing,Worker; job; time; location,Timesheet / labour actual,Work -> record -> approve/cost,Worker/supervisor roles,GPS/time history,Mobile,"NuBlox must natively support record time and gps context to feed job costing within a governed Timesheets / Team Tracking capability, preserving structured timesheet / labour actual, lifecycle state, responsibility/authority, review/approval, audit evidence and integration/export semantics.",https://fergus.com/uk/features/team-management/,Fergus team management,WEB_VERIFIED,2026-09-21
MTC-0117,Fergus,Fergus,CBE-JP-006; CBE-JP-013; CBE-JP-017; CBE-JP-031; CBE-JP-036; CBE-JP-049; CBE-JP-052; CBE-JP-055; CBE-JP-058; CBE-JP-059; CBE-JP-065; CBE-JP-078,Job Costing,Match labour/material/supplier costs to jobs and monitor profitability,Quote; timesheets; supplier invoices; actual costs,Job cost/margin record,Estimate -> actual -> margin,Commercial/management authority,Cost provenance,Supplier/accounting integrations,"NuBlox must natively support match labour/material/supplier costs to jobs and monitor profitability within a governed Job Costing capability, preserving structured job cost/margin record, lifecycle state, responsibility/authority, review/approval, audit evidence and integration/export semantics.",https://fergus.com/uk/,Fergus job costing,WEB_VERIFIED,2026-09-21
MTC-0118,Fergus,Fergus,CBE-JP-006; CBE-JP-013; CBE-JP-017; CBE-JP-031; CBE-JP-036; CBE-JP-049; CBE-JP-052; CBE-JP-055; CBE-JP-058; CBE-JP-059; CBE-JP-065; CBE-JP-078,Invoicing,Generate invoices from quote/job actuals and sync accounting,Job; quote; actual costs,Invoice,Complete -> invoice -> paid,Finance/commercial authority,Invoice/payment history,Xero/QuickBooks integrations,"NuBlox must natively support generate invoices from quote/job actuals and sync accounting within a governed Invoicing capability, preserving structured invoice, lifecycle state, responsibility/authority, review/approval, audit evidence and integration/export semantics.",https://fergus.com/uk/,Fergus invoicing,WEB_VERIFIED,2026-09-21
MTC-0119,Fergus,Fergus,CBE-JP-006; CBE-JP-013; CBE-JP-017; CBE-JP-031; CBE-JP-036; CBE-JP-049; CBE-JP-052; CBE-JP-055; CBE-JP-058; CBE-JP-059; CBE-JP-065; CBE-JP-078,Mobile Field Records,"Upload photos, notes, checklists, time, materials and safety records",Assigned job; mobile field inputs,Field evidence / actuals,Execute -> record -> complete,Field role,Photos/notes/checklist/time history,iOS/Android,"NuBlox must natively support upload photos, notes, checklists, time, materials and safety records within a governed Mobile Field Records capability, preserving structured field evidence / actuals, lifecycle state, responsibility/authority, review/approval, audit evidence and integration/export semantics.",https://fergus.com/uk/,Fergus mobile,WEB_VERIFIED,2026-09-21
MTC-0120,Autodesk Navisworks,Autodesk,CBE-JP-003; CBE-JP-004; CBE-JP-005; CBE-JP-009; CBE-JP-011; CBE-JP-018; CBE-JP-019; CBE-JP-033; CBE-JP-056,Model Aggregation,Append/merge multidisciplinary models while preserving geometry/data,Revit/CAD/model files,Federated coordination model,Aggregate -> review -> update,BIM coordination roles,Loaded model/source context,NWC/NWD and supported model formats,"NuBlox must natively support append/merge multidisciplinary models while preserving geometry/data within a governed Model Aggregation capability, preserving structured federated coordination model, lifecycle state, responsibility/authority, review/approval, audit evidence and integration/export semantics.",https://www.autodesk.com/support/technical/article/caas/tsarticles/ts/4T3o6YMrs32IPvWzn4VOEP.html,Navisworks model aggregation,WEB_VERIFIED,2026-09-21
MTC-0121,Autodesk Navisworks,Autodesk,CBE-JP-003; CBE-JP-004; CBE-JP-005; CBE-JP-009; CBE-JP-011; CBE-JP-018; CBE-JP-019; CBE-JP-033; CBE-JP-056,Clash Detective,"Detect, review and coordinate clashes between model sets",Federated models; clash rules/sets,Clash results / coordination issues,Detect -> review -> assign/resolve -> rerun,BIM coordinator/design authority,Clash test/result history,Navisworks formats / issue integrations,"NuBlox must natively support detect, review and coordinate clashes between model sets within a governed Clash Detective capability, preserving structured clash results / coordination issues, lifecycle state, responsibility/authority, review/approval, audit evidence and integration/export semantics.",https://www.autodesk.com/support/technical/article/caas/tsarticles/ts/4T3o6YMrs32IPvWzn4VOEP.html,Navisworks clash detection,WEB_VERIFIED,2026-09-21
MTC-0122,Autodesk Navisworks,Autodesk,CBE-JP-003; CBE-JP-004; CBE-JP-005; CBE-JP-009; CBE-JP-011; CBE-JP-018; CBE-JP-019; CBE-JP-033; CBE-JP-056,Quantification,Perform quick quantity takeoff from 3D models and 2D drawings,Federated model / drawing geometry,Quantities/takeoff,Measure -> review/export,Estimator/QS responsibility,Takeoff item state,Navisworks quantification exports,"NuBlox must natively support perform quick quantity takeoff from 3d models and 2d drawings within a governed Quantification capability, preserving structured quantities/takeoff, lifecycle state, responsibility/authority, review/approval, audit evidence and integration/export semantics.",https://www.autodesk.com/support/technical/article/caas/tsarticles/ts/4T3o6YMrs32IPvWzn4VOEP.html,Navisworks quantification,WEB_VERIFIED,2026-09-21
MTC-0123,Autodesk Navisworks,Autodesk,CBE-JP-003; CBE-JP-004; CBE-JP-005; CBE-JP-009; CBE-JP-011; CBE-JP-018; CBE-JP-019; CBE-JP-033; CBE-JP-056,Construction Simulation,Create model simulations/animations to communicate construction sequence,Model objects; sequence/timing inputs,Construction simulation / 4D review output,Plan -> simulate -> review,Planner/BIM coordination roles,Simulation configuration,Navisworks animation/simulation,"NuBlox must natively support create model simulations/animations to communicate construction sequence within a governed Construction Simulation capability, preserving structured construction simulation / 4d review output, lifecycle state, responsibility/authority, review/approval, audit evidence and integration/export semantics.",https://help.autodesk.com/view/NAV/2026/ENU/,Navisworks 2026 Help,WEB_VERIFIED,2026-09-21
MTC-0124,Autodesk Navisworks,Autodesk,CBE-JP-003; CBE-JP-004; CBE-JP-005; CBE-JP-009; CBE-JP-011; CBE-JP-018; CBE-JP-019; CBE-JP-033; CBE-JP-056,Viewpoints / Design Review,"Navigate, section and save viewpoints for design review",Federated model,Viewpoint/review context,Review -> communicate -> resolve,Review participants,Saved viewpoints/comments as configured,Navisworks formats,"NuBlox must natively support navigate, section and save viewpoints for design review within a governed Viewpoints / Design Review capability, preserving structured viewpoint/review context, lifecycle state, responsibility/authority, review/approval, audit evidence and integration/export semantics.",https://help.autodesk.com/view/NAV/2026/ENU/,Navisworks 2026 Help,WEB_VERIFIED,2026-09-21
MTC-0125,PlanRadar,PlanRadar,CBE-JP-008; CBE-JP-010; CBE-JP-011; CBE-JP-016; CBE-JP-027; CBE-JP-029; CBE-JP-065; CBE-JP-067; CBE-JP-073,Tickets,"Create, locate and manage field tickets with QR/NFC, BIM and schedule links",Issue/task/form data; plan/model location,Ticket / issue / task record,Open -> assigned -> progress -> complete,Ticket assignee/project roles,Ticket history and linked location,Mobile/web; QR/NFC; IFC,"NuBlox must natively support create, locate and manage field tickets with qr/nfc, bim and schedule links within a governed Tickets capability, preserving structured ticket / issue / task record, lifecycle state, responsibility/authority, review/approval, audit evidence and integration/export semantics.",https://help.planradar.com/en/tickets/,PlanRadar tickets,WEB_VERIFIED,2026-09-21
MTC-0126,PlanRadar,PlanRadar,CBE-JP-008; CBE-JP-010; CBE-JP-011; CBE-JP-016; CBE-JP-027; CBE-JP-029; CBE-JP-065; CBE-JP-067; CBE-JP-073,BIM Viewer / Ticket Location,Place tickets on 3D BIM models and attach to IFC entities,IFC model; ticket,Model-located issue/ticket,Create -> coordinate -> resolve,Project/BIM roles,Ticket-to-IFC relationship,IFC,"NuBlox must natively support place tickets on 3d bim models and attach to ifc entities within a governed BIM Viewer / Ticket Location capability, preserving structured model-located issue/ticket, lifecycle state, responsibility/authority, review/approval, audit evidence and integration/export semantics.",https://help.planradar.com/en/tickets/,PlanRadar BIM tickets,WEB_VERIFIED,2026-09-21
MTC-0127,PlanRadar,PlanRadar,CBE-JP-008; CBE-JP-010; CBE-JP-011; CBE-JP-016; CBE-JP-027; CBE-JP-029; CBE-JP-065; CBE-JP-067; CBE-JP-073,Project Schedules,"Create schedules, phases, dependencies and link tickets to progress",Phases; dependencies; tickets,Project schedule/progress record,Plan -> execute -> update -> export,Project controls roles,Schedule/ticket progress linkage,PDF; Microsoft Project import/export,"NuBlox must natively support create schedules, phases, dependencies and link tickets to progress within a governed Project Schedules capability, preserving structured project schedule/progress record, lifecycle state, responsibility/authority, review/approval, audit evidence and integration/export semantics.",https://help.planradar.com/en/using-planradar/,PlanRadar schedules,WEB_VERIFIED,2026-09-21
MTC-0128,PlanRadar,PlanRadar,CBE-JP-008; CBE-JP-010; CBE-JP-011; CBE-JP-016; CBE-JP-027; CBE-JP-029; CBE-JP-065; CBE-JP-067; CBE-JP-073,Document Management,"Add/manage files/folders, attach documents to tickets and retain activity logs",Project files; folders; ticket references,Controlled project document context,Upload -> use/link -> update,Document/project permissions,File/folder activity log,Web/mobile files,"NuBlox must natively support add/manage files/folders, attach documents to tickets and retain activity logs within a governed Document Management capability, preserving structured controlled project document context, lifecycle state, responsibility/authority, review/approval, audit evidence and integration/export semantics.",https://help.planradar.com/en/using-planradar/,PlanRadar document management,WEB_VERIFIED,2026-09-21
MTC-0129,PlanRadar,PlanRadar,CBE-JP-008; CBE-JP-010; CBE-JP-011; CBE-JP-016; CBE-JP-027; CBE-JP-029; CBE-JP-065; CBE-JP-067; CBE-JP-073,Ticket Reports,Generate configurable PDF/Excel reports from ticket data for snagging/handover/checklists,Ticket dataset; report template,Ticket report / snag list / handover list,Collect -> report -> issue,Project/reporting authority,Report based on current ticket evidence,PDF; Excel,"NuBlox must natively support generate configurable pdf/excel reports from ticket data for snagging/handover/checklists within a governed Ticket Reports capability, preserving structured ticket report / snag list / handover list, lifecycle state, responsibility/authority, review/approval, audit evidence and integration/export semantics.",https://help.planradar.com/en/ticket-reports/,PlanRadar ticket reports,WEB_VERIFIED,2026-09-21
MTC-0130,PlanRadar,PlanRadar,CBE-JP-008; CBE-JP-010; CBE-JP-011; CBE-JP-016; CBE-JP-027; CBE-JP-029; CBE-JP-065; CBE-JP-067; CBE-JP-073,Project Reports / Forms,Digitise existing paper/PDF forms for site reporting,PDF/form template; field responses,Completed project report/form,Fill -> submit -> report,Field/project roles,Submitted report evidence,PDF forms,"NuBlox must natively support digitise existing paper/pdf forms for site reporting within a governed Project Reports / Forms capability, preserving structured completed project report/form, lifecycle state, responsibility/authority, review/approval, audit evidence and integration/export semantics.",https://help.planradar.com/en/ticket-reports/,PlanRadar project reports,WEB_VERIFIED,2026-09-21
MTC-0131,Microsoft Power BI,Microsoft,CBE-JP-008; CBE-JP-010; CBE-JP-042; CBE-JP-047; CBE-JP-057; CBE-JP-066; CBE-JP-079; CBE-JP-080,Semantic Models,"Create governed semantic models that expose reusable business entities, relationships and measures",Enterprise data sources; tables; relationships; measures,Reusable semantic model,Develop -> publish -> refresh -> govern,Workspace/model permissions and endorsement,"Model lineage, refresh state and workspace history",Power BI/Fabric APIs; DirectQuery; import models,"NuBlox must natively support create governed semantic models that expose reusable business entities, relationships and measures within a governed Semantic Models capability, preserving structured reusable semantic model, lifecycle state, responsibility/authority, review/approval, audit evidence and integration/export semantics.",https://learn.microsoft.com/en-us/power-bi/connect-data/service-datasets-understand,Power BI semantic models,WEB_VERIFIED,2026-09-21
MTC-0132,Microsoft Power BI,Microsoft,CBE-JP-008; CBE-JP-010; CBE-JP-042; CBE-JP-047; CBE-JP-057; CBE-JP-066; CBE-JP-079; CBE-JP-080,Reports,Build interactive reports against semantic models,Published semantic model; report visuals; filters,Interactive report,Author -> publish -> consume -> revise,Workspace/report permissions,Report-to-model lineage and publish history,PBIX; service; export options,"NuBlox must natively support build interactive reports against semantic models within a governed Reports capability, preserving structured interactive report, lifecycle state, responsibility/authority, review/approval, audit evidence and integration/export semantics.",https://learn.microsoft.com/en-us/power-bi/create-reports/desktop-upload-desktop-files,Power BI publish lifecycle,WEB_VERIFIED,2026-09-21
MTC-0133,Microsoft Power BI,Microsoft,CBE-JP-008; CBE-JP-010; CBE-JP-042; CBE-JP-047; CBE-JP-057; CBE-JP-066; CBE-JP-079; CBE-JP-080,Dashboards,Pin report visuals to dashboards for executive monitoring,Report visuals; semantic models,Dashboard / KPI monitoring surface,Publish -> monitor -> drill through,Dashboard sharing permissions,Dashboard/report/model relationships,Power BI service,"NuBlox must natively support pin report visuals to dashboards for executive monitoring within a governed Dashboards capability, preserving structured dashboard / kpi monitoring surface, lifecycle state, responsibility/authority, review/approval, audit evidence and integration/export semantics.",https://learn.microsoft.com/en-us/power-bi/explore-reports/end-user-related,Power BI related content,WEB_VERIFIED,2026-09-21
MTC-0134,Microsoft Power BI,Microsoft,CBE-JP-008; CBE-JP-010; CBE-JP-042; CBE-JP-047; CBE-JP-057; CBE-JP-066; CBE-JP-079; CBE-JP-080,Shared Semantic Model Consumption,Create multiple reports from shared authoritative semantic models,Certified/shared semantic model,Consistent downstream reports,Model publish -> report reuse -> refresh,Model build permission / workspace governance,Lineage from reports to shared model,Live connection; service semantic models,"NuBlox must natively support create multiple reports from shared authoritative semantic models within a governed Shared Semantic Model Consumption capability, preserving structured consistent downstream reports, lifecycle state, responsibility/authority, review/approval, audit evidence and integration/export semantics.",https://learn.microsoft.com/en-us/power-bi/connect-data/desktop-report-lifecycle-datasets,Power BI live connections,WEB_VERIFIED,2026-09-21
MTC-0135,Jobber,Jobber,CBE-JP-014; CBE-JP-036; CBE-JP-052; CBE-JP-055; CBE-JP-058; CBE-JP-065; CBE-JP-078,Requests / Assessments,Capture client requests and schedule assessments that can convert to quotes or jobs,Client request; site details; assessment time,Request / assessment record,Request -> assessment -> quote/job,Office/dispatcher authority,Request conversion and schedule history,Jobber app/web,"NuBlox must natively support capture client requests and schedule assessments that can convert to quotes or jobs within a governed Requests / Assessments capability, preserving structured request / assessment record, lifecycle state, responsibility/authority, review/approval, audit evidence and integration/export semantics.",https://help.getjobber.com/en/articles/requests-in-the-jobber-app/,Jobber requests,WEB_VERIFIED,2026-09-21
MTC-0136,Jobber,Jobber,CBE-JP-014; CBE-JP-036; CBE-JP-052; CBE-JP-055; CBE-JP-058; CBE-JP-065; CBE-JP-078,Quotes,Create service quotes and convert approved quotes into jobs,Client; products/services; quantities; prices,Quote / estimate,Draft -> sent -> approved -> job,Commercial authority,Quote status and conversion trail,Jobber app/web,"NuBlox must natively support create service quotes and convert approved quotes into jobs within a governed Quotes capability, preserving structured quote / estimate, lifecycle state, responsibility/authority, review/approval, audit evidence and integration/export semantics.",https://help.getjobber.com/en/articles/quote-basics/,Jobber quote workflow,WEB_VERIFIED,2026-09-21
MTC-0137,Jobber,Jobber,CBE-JP-014; CBE-JP-036; CBE-JP-052; CBE-JP-055; CBE-JP-058; CBE-JP-065; CBE-JP-078,Scheduling,Schedule visits and view upcoming appointments in multiple calendar views,Jobs/visits; staff; duration; timing,Visit schedule / dispatch plan,Unscheduled -> scheduled -> visited,Dispatcher authority,Schedule/visit history,Jobber app/web,"NuBlox must natively support schedule visits and view upcoming appointments in multiple calendar views within a governed Scheduling capability, preserving structured visit schedule / dispatch plan, lifecycle state, responsibility/authority, review/approval, audit evidence and integration/export semantics.",https://help.getjobber.com/en/articles/schedule-in-the-jobber-app/,Jobber schedule,WEB_VERIFIED,2026-09-21
MTC-0138,Jobber,Jobber,CBE-JP-014; CBE-JP-036; CBE-JP-052; CBE-JP-055; CBE-JP-058; CBE-JP-065; CBE-JP-078,Mobile Quotes,Create and manage quotes onsite from the mobile app,Client/site scope; products/services; templates,Onsite quote,Draft -> send -> approve,Field/commercial role,Quote creation and status history,Mobile app,"NuBlox must natively support create and manage quotes onsite from the mobile app within a governed Mobile Quotes capability, preserving structured onsite quote, lifecycle state, responsibility/authority, review/approval, audit evidence and integration/export semantics.",https://help.getjobber.com/en/articles/quotes-in-the-jobber-app/,Jobber mobile quotes,WEB_VERIFIED,2026-09-21
MTC-0139,Jobber,Jobber,CBE-JP-014; CBE-JP-036; CBE-JP-052; CBE-JP-055; CBE-JP-058; CBE-JP-065; CBE-JP-078,Mobile Invoicing,"Create, send and receive payment for invoices from completed work",Completed job/visit; products/services; taxes/payment data,Invoice/payment record,Requires invoicing -> invoice -> paid,Finance/commercial authority,Invoice/payment history,Mobile app / payments,"NuBlox must natively support create, send and receive payment for invoices from completed work within a governed Mobile Invoicing capability, preserving structured invoice/payment record, lifecycle state, responsibility/authority, review/approval, audit evidence and integration/export semantics.",https://help.getjobber.com/en/articles/invoices-in-the-jobber-app/,Jobber mobile invoicing,WEB_VERIFIED,2026-09-21
MTC-0140,ArcGIS Field Maps,Esri,CBE-JP-008; CBE-JP-010; CBE-JP-064; CBE-JP-073; CBE-JP-076; CBE-JP-082,Map Preparation,"Prepare maps, forms, tasks, geofences and offline areas for field use",Web map; layers; forms; task configuration,Field-ready mobile map package,Prepare -> deploy -> use -> update,GIS/admin permissions,Map/item configuration history,ArcGIS Online/Enterprise; offline maps,"NuBlox must natively support prepare maps, forms, tasks, geofences and offline areas for field use within a governed Map Preparation capability, preserving structured field-ready mobile map package, lifecycle state, responsibility/authority, review/approval, audit evidence and integration/export semantics.",https://doc.arcgis.com/en/field-maps/get-started/get-started.htm,ArcGIS Field Maps overview,WEB_VERIFIED,2026-09-21
MTC-0141,ArcGIS Field Maps,Esri,CBE-JP-008; CBE-JP-010; CBE-JP-064; CBE-JP-073; CBE-JP-076; CBE-JP-082,Field Data Collection,Capture and edit spatial/attribute data through structured forms,Feature layers; form definitions; GPS/location; media,Field observation / feature record,Create/update -> sync,Field worker privileges,"Feature edits, timestamps and attachments",Feature services; offline sync,"NuBlox must natively support capture and edit spatial/attribute data through structured forms within a governed Field Data Collection capability, preserving structured field observation / feature record, lifecycle state, responsibility/authority, review/approval, audit evidence and integration/export semantics.",https://doc.arcgis.com/en/field-maps/get-started/get-started.htm,ArcGIS Field Maps collection,WEB_VERIFIED,2026-09-21
MTC-0142,ArcGIS Field Maps,Esri,CBE-JP-008; CBE-JP-010; CBE-JP-064; CBE-JP-073; CBE-JP-076; CBE-JP-082,Task Management,Configure and assign field tasks with assignee and status,Task-enabled feature layer; form; assignee; task type,Assigned field task,Created -> assigned -> in progress -> complete,Task-management permissions,Task assignee/status history,ArcGIS feature services,"NuBlox must natively support configure and assign field tasks with assignee and status within a governed Task Management capability, preserving structured assigned field task, lifecycle state, responsibility/authority, review/approval, audit evidence and integration/export semantics.",https://doc.arcgis.com/en/field-maps/latest/prepare-maps/configure-tasks.htm,ArcGIS Field Maps tasks,WEB_VERIFIED,2026-09-21
MTC-0143,ArcGIS Field Maps,Esri,CBE-JP-008; CBE-JP-010; CBE-JP-064; CBE-JP-073; CBE-JP-076; CBE-JP-082,Offline Field Work,Download maps and data for offline work then synchronize edits,Offline-enabled web map; mobile map area,Offline field dataset and synchronized edits,Download -> work offline -> sync,Field/GIS permissions,Sync state and feature edit history,Offline areas / feature-service sync,"NuBlox must natively support download maps and data for offline work then synchronize edits within a governed Offline Field Work capability, preserving structured offline field dataset and synchronized edits, lifecycle state, responsibility/authority, review/approval, audit evidence and integration/export semantics.",https://doc.arcgis.com/en/field-maps/get-started/get-started.htm,ArcGIS Field Maps offline,WEB_VERIFIED,2026-09-21
MTC-0144,ArcGIS Field Maps,Esri,CBE-JP-008; CBE-JP-010; CBE-JP-064; CBE-JP-073; CBE-JP-076; CBE-JP-082,Location Sharing,Share worker/device location for field coordination,Mobile user; device location settings,Location track / operational visibility,Enable -> collect -> review,Location-sharing permissions,Track history subject to configuration,ArcGIS location sharing,"NuBlox must natively support share worker/device location for field coordination within a governed Location Sharing capability, preserving structured location track / operational visibility, lifecycle state, responsibility/authority, review/approval, audit evidence and integration/export semantics.",https://doc.arcgis.com/en/field-maps/get-started/get-started.htm,ArcGIS Field Maps location sharing,WEB_VERIFIED,2026-09-21
MTC-0145,Autodesk Docs,Autodesk,CBE-JP-003; CBE-JP-004; CBE-JP-005; CBE-JP-009; CBE-JP-011; CBE-JP-033,Files,Store and manage project files with versioned file access,Project files; folders; permissions,Controlled project file/version,Upload -> process -> review/use -> revise,Folder/file permissions,Version and access history,ACC Docs; Desktop Connector,"NuBlox must natively support store and manage project files with versioned file access within a governed Files capability, preserving structured controlled project file/version, lifecycle state, responsibility/authority, review/approval, audit evidence and integration/export semantics.",https://help.autodesk.com/view/DOCS/ENU/?guid=Desktop_Connector_Upload_Changes_FAQ,Autodesk Docs files,WEB_VERIFIED,2026-09-21
MTC-0146,Autodesk Docs,Autodesk,CBE-JP-003; CBE-JP-004; CBE-JP-005; CBE-JP-009; CBE-JP-011; CBE-JP-033,Reviews,Submit selected file versions into approval workflows,Files/folders; workflow; reviewers/approvers,Review instance / approval decision,Submit -> review -> approve/reject -> close,Configured reviewer/approver roles,"Review steps, dates, status and decisions",ACC Docs,"NuBlox must natively support submit selected file versions into approval workflows within a governed Reviews capability, preserving structured review instance / approval decision, lifecycle state, responsibility/authority, review/approval, audit evidence and integration/export semantics.",https://help.autodesk.com/cloudhelp/ENU/Docs-Files/files/file-folder-actions/Reviews_Files.html,Autodesk Docs submit for review,WEB_VERIFIED,2026-09-21
MTC-0147,Autodesk Docs,Autodesk,CBE-JP-003; CBE-JP-004; CBE-JP-005; CBE-JP-009; CBE-JP-011; CBE-JP-033,Review Approval,Review or approve files routed through workflow steps,Review task; file versions; comments,Approval/rejection decision,Pending step -> reviewed -> closed,Named user/role/company reviewer or approver,"Review status, next action and decision history",ACC Docs,"NuBlox must natively support review or approve files routed through workflow steps within a governed Review Approval capability, preserving structured approval/rejection decision, lifecycle state, responsibility/authority, review/approval, audit evidence and integration/export semantics.",https://help.autodesk.com/cloudhelp/ENG/Docs-Reviews/files/Reviews_Review_and_Approve.html,Autodesk Docs review approval,WEB_VERIFIED,2026-09-21
MTC-0148,Autodesk Docs,Autodesk,CBE-JP-003; CBE-JP-004; CBE-JP-005; CBE-JP-009; CBE-JP-011; CBE-JP-033,Transmittals,Issue controlled file sets to named recipients and retain viewing metadata,Approved/selected file versions; recipients; message,Transmittal record,Created -> sent -> viewed/void,View+Upload or project-admin rights for creation,"ID, sender, recipients, views and file-version attributes",ACC Docs / email access,"NuBlox must natively support issue controlled file sets to named recipients and retain viewing metadata within a governed Transmittals capability, preserving structured transmittal record, lifecycle state, responsibility/authority, review/approval, audit evidence and integration/export semantics.",https://help.autodesk.com/cloudhelp/ENG/Docs-Transmittals/files/View_Transmittal.html,Autodesk Docs transmittals,WEB_VERIFIED,2026-09-21
MTC-0149,Autodesk Docs,Autodesk,CBE-JP-003; CBE-JP-004; CBE-JP-005; CBE-JP-009; CBE-JP-011; CBE-JP-033,Review-to-Transmittal,Create a transmittal directly from a closed review,Closed review; selected reviewed files; recipients,Issued transmittal from approved review content,Closed review -> transmittal -> recipient access,Administrator/approver or qualified member,Review and transmittal linkage,ACC Docs,"NuBlox must natively support create a transmittal directly from a closed review within a governed Review-to-Transmittal capability, preserving structured issued transmittal from approved review content, lifecycle state, responsibility/authority, review/approval, audit evidence and integration/export semantics.",https://help.autodesk.com/cloudhelp/ENG/Docs-Reviews/files/Create_Transmittal_Closed_Review.html,Autodesk Docs review transmittals,WEB_VERIFIED,2026-09-21
MTC-0150,Commusoft,Commusoft,CBE-JP-032; CBE-JP-041; CBE-JP-045; CBE-JP-046; CBE-JP-059; CBE-JP-063,Scheduling / Dispatch,"Allocate jobs to engineers using schedules, skills, proximity and travel time",Jobs; engineer skills; schedules; location,Engineer appointment / schedule,Created -> scheduled -> dispatched,Dispatcher authority,Schedule and live-location history,Web/mobile,"NuBlox must natively support allocate jobs to engineers using schedules, skills, proximity and travel time within a governed Scheduling / Dispatch capability, preserving structured engineer appointment / schedule, lifecycle state, responsibility/authority, review/approval, audit evidence and integration/export semantics.",https://www.commusoft.co.uk/testimonial/register-of-tradeswomen/,Commusoft intelligent scheduling,WEB_VERIFIED,2026-09-21
MTC-0151,Commusoft,Commusoft,CBE-JP-032; CBE-JP-041; CBE-JP-045; CBE-JP-046; CBE-JP-059; CBE-JP-063,Mobile Job Execution,Deliver appointments and job details to engineers and record completion onsite,Scheduled job; customer/site history; mobile forms,Completed job record,Dispatched -> arrived -> work -> complete,Field engineer role,Arrival/completion timing and mobile updates,Mobile app,"NuBlox must natively support deliver appointments and job details to engineers and record completion onsite within a governed Mobile Job Execution capability, preserving structured completed job record, lifecycle state, responsibility/authority, review/approval, audit evidence and integration/export semantics.",https://www.commusoft.co.uk/testimonial/register-of-tradeswomen/,Commusoft mobile workflow,WEB_VERIFIED,2026-09-21
MTC-0152,Commusoft,Commusoft,CBE-JP-032; CBE-JP-041; CBE-JP-045; CBE-JP-046; CBE-JP-059; CBE-JP-063,Assets / Installation,Mark assets as installed and retain site equipment/service context,Installed equipment; site; technician,Asset installation/service record,Install -> service reminder -> maintain,Engineer/service authority,Asset/service history,Mobile/database,"NuBlox must natively support mark assets as installed and retain site equipment/service context within a governed Assets / Installation capability, preserving structured asset installation/service record, lifecycle state, responsibility/authority, review/approval, audit evidence and integration/export semantics.",https://info.commusoft.co.uk/hubfs/Automation%20Fire%20%26%20Security%20Workflow.pdf,Commusoft automation workflow,WEB_VERIFIED,2026-09-21
MTC-0153,Commusoft,Commusoft,CBE-JP-032; CBE-JP-041; CBE-JP-045; CBE-JP-046; CBE-JP-059; CBE-JP-063,Stock / Parts,Allocate and transfer parts from stockroom to technician jobs,Stock items; job demand; technician/stockroom,Stock transfer / job material record,Pick -> transfer -> consume,Stock/field roles,QR approval and stock movement history,Mobile/QR,"NuBlox must natively support allocate and transfer parts from stockroom to technician jobs within a governed Stock / Parts capability, preserving structured stock transfer / job material record, lifecycle state, responsibility/authority, review/approval, audit evidence and integration/export semantics.",https://info.commusoft.co.uk/hubfs/Automation%20Fire%20%26%20Security%20Workflow.pdf,Commusoft parts workflow,WEB_VERIFIED,2026-09-21
MTC-0154,Commusoft,Commusoft,CBE-JP-032; CBE-JP-041; CBE-JP-045; CBE-JP-046; CBE-JP-059; CBE-JP-063,Invoicing,Generate and issue invoices from completed field work,Completed job; labour/materials; customer,Invoice,Complete -> generate -> send -> paid,Finance/commercial authority,Invoice issue/payment history,Digital invoice / accounting integration,"NuBlox must natively support generate and issue invoices from completed field work within a governed Invoicing capability, preserving structured invoice, lifecycle state, responsibility/authority, review/approval, audit evidence and integration/export semantics.",https://www.commusoft.co.uk/testimonial/register-of-tradeswomen/,Commusoft automated invoicing,WEB_VERIFIED,2026-09-21
MTC-0155,Commusoft,Commusoft,CBE-JP-032; CBE-JP-041; CBE-JP-045; CBE-JP-046; CBE-JP-059; CBE-JP-063,Service Reminders / Planned Maintenance,Create recurring service reminders and preventative work,Asset/site; service interval; customer,Service reminder / planned job,Install/service -> due -> reminder -> booking,Service-management authority,Reminder/job generation history,Email/SMS/mobile,"NuBlox must natively support create recurring service reminders and preventative work within a governed Service Reminders / Planned Maintenance capability, preserving structured service reminder / planned job, lifecycle state, responsibility/authority, review/approval, audit evidence and integration/export semantics.",https://info.commusoft.co.uk/hubfs/Automation%20Fire%20%26%20Security%20Workflow.pdf,Commusoft service reminders,WEB_VERIFIED,2026-09-21
MTC-0156,Dalux Field,Dalux,CBE-JP-006; CBE-JP-017; CBE-JP-023; CBE-JP-027; CBE-JP-029; CBE-JP-031,Task Workflows,Create task templates and route tasks through work-package workflows,Task template; work package; user groups; location,Assigned project task / issue / RFI,Create -> assign -> respond -> close,Workflow roles/user groups,Task status and workflow history,Dalux web/mobile,"NuBlox must natively support create task templates and route tasks through work-package workflows within a governed Task Workflows capability, preserving structured assigned project task / issue / rfi, lifecycle state, responsibility/authority, review/approval, audit evidence and integration/export semantics.",https://support.dalux.com/hc/en-us/articles/27068712659100-Dalux-Field-implementation-checklist,Dalux Field workflows,WEB_VERIFIED,2026-09-21
MTC-0157,Dalux Field,Dalux,CBE-JP-006; CBE-JP-017; CBE-JP-023; CBE-JP-027; CBE-JP-029; CBE-JP-031,Checklists,Create and complete structured inspection/checklist templates,Checklist template; location; user; responses,Checklist / inspection record,Template -> execute -> complete,Field/admin rights,Checklist responses and completion,Mobile/web; Excel template import,"NuBlox must natively support create and complete structured inspection/checklist templates within a governed Checklists capability, preserving structured checklist / inspection record, lifecycle state, responsibility/authority, review/approval, audit evidence and integration/export semantics.",https://support.dalux.com/hc/en-us/articles/360003038354-How-to-set-up-Checklists,Dalux checklists setup,WEB_VERIFIED,2026-09-21
MTC-0158,Dalux Field,Dalux,CBE-JP-006; CBE-JP-017; CBE-JP-023; CBE-JP-027; CBE-JP-029; CBE-JP-031,Mobile Checklist Execution,Complete checklists against project locations on mobile or desktop,Location/model/drawing; checklist template,Location-linked checklist evidence,Open -> fill -> complete,Field roles,Checklist placement and responses,Dalux mobile/web,"NuBlox must natively support complete checklists against project locations on mobile or desktop within a governed Mobile Checklist Execution capability, preserving structured location-linked checklist evidence, lifecycle state, responsibility/authority, review/approval, audit evidence and integration/export semantics.",https://support.dalux.com/hc/en-us/articles/12673750085276-How-to-use-Checklists,Dalux checklist execution,WEB_VERIFIED,2026-09-21
MTC-0159,Dalux Field,Dalux,CBE-JP-006; CBE-JP-017; CBE-JP-023; CBE-JP-027; CBE-JP-029; CBE-JP-031,BIM-linked Field Data,"Use BIM properties inside tasks, checklists and approvals",BIM element; property sets; task/checklist template,BIM-linked task/checklist data,Model element selected -> property inherited -> workflow executed,Project/BIM roles,Element-to-field-record relationship,BIM models / Dalux,"NuBlox must natively support use bim properties inside tasks, checklists and approvals within a governed BIM-linked Field Data capability, preserving structured bim-linked task/checklist data, lifecycle state, responsibility/authority, review/approval, audit evidence and integration/export semantics.",https://support.dalux.com/hc/en-us/articles/5794445568924-BIM-properties,Dalux BIM properties,WEB_VERIFIED,2026-09-21
MTC-0160,Dalux Field,Dalux,CBE-JP-006; CBE-JP-017; CBE-JP-023; CBE-JP-027; CBE-JP-029; CBE-JP-031,Quality Control Setup,"Configure inspection checklists, automatic tasks, documentation workflows and subcontractor work packages",User groups; work packages; checklist/task templates,Governed quality-control workflow,Configure -> execute -> inspect -> action,Project/Field administrator and workflow roles,Workflow/template configuration,Dalux,"NuBlox must natively support configure inspection checklists, automatic tasks, documentation workflows and subcontractor work packages within a governed Quality Control Setup capability, preserving structured governed quality-control workflow, lifecycle state, responsibility/authority, review/approval, audit evidence and integration/export semantics.",https://support.dalux.com/hc/en-us/articles/27068712659100-Dalux-Field-implementation-checklist,Dalux Field implementation,WEB_VERIFIED,2026-09-21
MTC-0161,QGIS,QGIS Project,CBE-JP-015; CBE-JP-021; CBE-JP-043; CBE-JP-047; CBE-JP-051; CBE-JP-066,Vector/Raster Editing,"Create and edit geospatial features, attributes and datasets",Vector/raster layers; geometry; attributes,Edited GIS layer/dataset,Edit -> validate -> save,GIS analyst/editor responsibility,Project/edit history subject to file/database configuration,GeoPackage; Shapefile; PostGIS; raster formats,"NuBlox must natively support create and edit geospatial features, attributes and datasets within a governed Vector/Raster Editing capability, preserving structured edited gis layer/dataset, lifecycle state, responsibility/authority, review/approval, audit evidence and integration/export semantics.",https://docs.qgis.org/3.40/pdf/en/QGIS-3.40-DesktopUserGuide-en.pdf,QGIS 3.40 user guide,WEB_VERIFIED,2026-09-21
MTC-0162,QGIS,QGIS Project,CBE-JP-015; CBE-JP-021; CBE-JP-043; CBE-JP-047; CBE-JP-051; CBE-JP-066,Processing / Model Designer,Chain geoprocessing algorithms into reusable analytical models,Input layers; parameters; processing algorithms,Derived dataset and reusable processing model,Define -> validate -> run -> reuse,GIS analyst review,Model inputs/steps and generated outputs,MODEL3; Python; GIS formats,"NuBlox must natively support chain geoprocessing algorithms into reusable analytical models within a governed Processing / Model Designer capability, preserving structured derived dataset and reusable processing model, lifecycle state, responsibility/authority, review/approval, audit evidence and integration/export semantics.",https://docs.qgis.org/testing/en/docs/user_manual/processing/modeler.html,QGIS model designer,WEB_VERIFIED,2026-09-21
MTC-0163,QGIS,QGIS Project,CBE-JP-015; CBE-JP-021; CBE-JP-043; CBE-JP-047; CBE-JP-051; CBE-JP-066,Print Layout / Atlas,"Build map layouts, reports and atlases and export them",Map layers; labels; legends; tables; layout definitions,Map/report/atlas output,Compose -> review -> export,Cartographic/reporting responsibility,Layout definition and export output,PDF; SVG; image,"NuBlox must natively support build map layouts, reports and atlases and export them within a governed Print Layout / Atlas capability, preserving structured map/report/atlas output, lifecycle state, responsibility/authority, review/approval, audit evidence and integration/export semantics.",https://docs.qgis.org/testing/en/docs/user_manual/print_layout/index.html,QGIS print layouts,WEB_VERIFIED,2026-09-21
MTC-0164,QGIS,QGIS Project,CBE-JP-015; CBE-JP-021; CBE-JP-043; CBE-JP-047; CBE-JP-051; CBE-JP-066,Project / Layer Definitions,"Save GIS projects, layer definitions and reusable models",Project layers; styles; connections; models,QGIS project / layer definition / processing model,Author -> save -> reopen/share,GIS data governance,Project/layer/model files,QGZ/QGS; QLR; MODEL3,"NuBlox must natively support save gis projects, layer definitions and reusable models within a governed Project / Layer Definitions capability, preserving structured qgis project / layer definition / processing model, lifecycle state, responsibility/authority, review/approval, audit evidence and integration/export semantics.",https://docs.qgis.org/3.40/pdf/en/QGIS-3.40-DesktopUserGuide-en.pdf,QGIS project formats,WEB_VERIFIED,2026-09-21
MTC-0165,SketchUp,Trimble,CBE-JP-003; CBE-JP-013; CBE-JP-051; CBE-JP-052; CBE-JP-069; CBE-JP-074,3D Modelling,Create and edit 3D geometry for conceptual and detailed design,Geometry; dimensions; references,3D model,Author -> review -> revise,Designer responsibility,Model file/version history subject to storage,SKP; common import/export formats,"NuBlox must natively support create and edit 3d geometry for conceptual and detailed design within a governed 3D Modelling capability, preserving structured 3d model, lifecycle state, responsibility/authority, review/approval, audit evidence and integration/export semantics.",https://help.sketchup.com/en/sketchup/components,SketchUp components context,WEB_VERIFIED,2026-09-21
MTC-0166,SketchUp,Trimble,CBE-JP-003; CBE-JP-013; CBE-JP-051; CBE-JP-052; CBE-JP-069; CBE-JP-074,Components,Create reusable component definitions and instances,Grouped geometry; attributes,Reusable parametric-ish component definition/instances,Create definition -> instantiate -> update,Design standards responsibility,Component definition and instance relationships,SKP; component libraries,"NuBlox must natively support create reusable component definitions and instances within a governed Components capability, preserving structured reusable parametric-ish component definition/instances, lifecycle state, responsibility/authority, review/approval, audit evidence and integration/export semantics.",https://help.sketchup.com/en/sketchup/components,SketchUp components,WEB_VERIFIED,2026-09-21
MTC-0167,SketchUp,Trimble,CBE-JP-003; CBE-JP-013; CBE-JP-051; CBE-JP-052; CBE-JP-069; CBE-JP-074,Tags / Visibility,Organize model objects and control visibility for views/scenes,Groups/components; tags,Structured model visibility state,Assign -> show/hide -> scene capture,Designer/BIM authoring responsibility,Tag assignments and scene state,SKP,"NuBlox must natively support organize model objects and control visibility for views/scenes within a governed Tags / Visibility capability, preserving structured structured model visibility state, lifecycle state, responsibility/authority, review/approval, audit evidence and integration/export semantics.",https://help.sketchup.com/en/sketchup/controlling-visibility-tags,SketchUp tags,WEB_VERIFIED,2026-09-21
MTC-0168,SketchUp,Trimble,CBE-JP-003; CBE-JP-013; CBE-JP-051; CBE-JP-052; CBE-JP-069; CBE-JP-074,Scenes,Save views and model properties for presentation and design communication,Camera/view; style; shadows; section cuts; tag visibility,Saved scene / presentation sequence,Configure view -> save scene -> present,Designer responsibility,Scene property state,SKP / presentation outputs,"NuBlox must natively support save views and model properties for presentation and design communication within a governed Scenes capability, preserving structured saved scene / presentation sequence, lifecycle state, responsibility/authority, review/approval, audit evidence and integration/export semantics.",https://help.sketchup.com/en/sketchup/creating-scenes,SketchUp scenes,WEB_VERIFIED,2026-09-21
MTC-0169,SketchUp,Trimble,CBE-JP-003; CBE-JP-013; CBE-JP-051; CBE-JP-052; CBE-JP-069; CBE-JP-074,Classifier / BIM Data,"Classify groups/components, attach structured data and generate reports/export IFC",Model objects; classification schema; attributes,Classified BIM objects / attribute report,Classify -> analyse/report -> export,BIM/design governance,Classification and attribute data,IFC; SKC; CSV,"NuBlox must natively support classify groups/components, attach structured data and generate reports/export ifc within a governed Classifier / BIM Data capability, preserving structured classified bim objects / attribute report, lifecycle state, responsibility/authority, review/approval, audit evidence and integration/export semantics.",https://help.sketchup.com/en/sketchup/classifying-objects,SketchUp classifier,WEB_VERIFIED,2026-09-21
MTC-0170,Autodesk Civil 3D,Autodesk,CBE-JP-018; CBE-JP-019; CBE-JP-043; CBE-JP-050; CBE-JP-064,Surface Modelling,Create terrain surfaces from survey/design data,Points; contours; breaklines; survey data,Civil surface model,Survey/import -> surface build -> revise,Civil designer/surveyor review,Surface definition and update state,DWG; LandXML and related formats,"NuBlox must natively support create terrain surfaces from survey/design data within a governed Surface Modelling capability, preserving structured civil surface model, lifecycle state, responsibility/authority, review/approval, audit evidence and integration/export semantics.",https://help.autodesk.com/cloudhelp/2026/ENU/Civil3D-UserGuide/,Civil 3D 2026 user guide,WEB_VERIFIED,2026-09-21
MTC-0171,Autodesk Civil 3D,Autodesk,CBE-JP-018; CBE-JP-019; CBE-JP-043; CBE-JP-050; CBE-JP-064,Alignments / Profiles,Define horizontal alignments and vertical profiles for linear infrastructure,Survey/base geometry; design criteria,Alignment/profile model,Concept -> design -> revise,Civil engineering review,Station/profile geometry and design criteria,DWG; LandXML,"NuBlox must natively support define horizontal alignments and vertical profiles for linear infrastructure within a governed Alignments / Profiles capability, preserving structured alignment/profile model, lifecycle state, responsibility/authority, review/approval, audit evidence and integration/export semantics.",https://help.autodesk.com/cloudhelp/2026/ENU/Civil3D-UserGuide/,Civil 3D 2026 user guide,WEB_VERIFIED,2026-09-21
MTC-0172,Autodesk Civil 3D,Autodesk,CBE-JP-018; CBE-JP-019; CBE-JP-043; CBE-JP-050; CBE-JP-064,Corridor Modelling,"Build corridor models from alignments, profiles and assemblies",Alignment; profile; assembly/subassembly; targets,3D corridor/infrastructure model,Design -> iterate -> quantity/document,Civil engineering review,Corridor region/target state,DWG; surfaces; solids/export,"NuBlox must natively support build corridor models from alignments, profiles and assemblies within a governed Corridor Modelling capability, preserving structured 3d corridor/infrastructure model, lifecycle state, responsibility/authority, review/approval, audit evidence and integration/export semantics.",https://help.autodesk.com/cloudhelp/2026/ENU/Civil3D-UserGuide/,Civil 3D 2026 user guide,WEB_VERIFIED,2026-09-21
MTC-0173,Autodesk Civil 3D,Autodesk,CBE-JP-018; CBE-JP-019; CBE-JP-043; CBE-JP-050; CBE-JP-064,Pipe Networks,Create and manage gravity/pressure network objects and related parts,Parts list; alignments/surfaces; design rules,Pipe/network model,Design -> analyse -> document,Civil/utilities engineering review,Network-part relationships and properties,DWG; data exchange,"NuBlox must natively support create and manage gravity/pressure network objects and related parts within a governed Pipe Networks capability, preserving structured pipe/network model, lifecycle state, responsibility/authority, review/approval, audit evidence and integration/export semantics.",https://help.autodesk.com/cloudhelp/2026/ENU/Civil3D-UserGuide/files/GUID-6745A464-D42B-4A60-8175-2FADAB930F7F.htm,Civil 3D pipe networks/QTO,WEB_VERIFIED,2026-09-21
MTC-0174,Autodesk Civil 3D,Autodesk,CBE-JP-018; CBE-JP-019; CBE-JP-043; CBE-JP-050; CBE-JP-064,Quantity Takeoff,Calculate summary or detailed material/pay-item quantities from Civil 3D objects,Drawing objects; pay items; extents; station ranges,Quantity-takeoff report,Assign pay items -> compute -> report,Estimator/civil controls review,Pay-item assignment and report parameters,Report tables / exports,"NuBlox must natively support calculate summary or detailed material/pay-item quantities from civil 3d objects within a governed Quantity Takeoff capability, preserving structured quantity-takeoff report, lifecycle state, responsibility/authority, review/approval, audit evidence and integration/export semantics.",https://help.autodesk.com/cloudhelp/2026/ENU/Civil3D-UserGuide/files/GUID-E878D4DB-27E8-4544-85B1-953D25DB4C88.htm,Civil 3D quantity takeoff,WEB_VERIFIED,2026-09-21
MTC-0175,Idox Uniform,Idox,CBE-JP-008; CBE-JP-047; CBE-JP-057; CBE-JP-079; CBE-JP-080,Planning Case Management,Manage planning applications and associated development-management casework,Application; applicant/site; documents; consultations; conditions,Planning case record,Receipt -> validation -> consultation/assessment -> decision -> post-decision,Planning officer / delegated decision authority,"Case actions, documents and decisions","Uniform/Idox Cloud portals, document management and reporting","NuBlox must natively support manage planning applications and associated development-management casework within a governed Planning Case Management capability, preserving structured planning case record, lifecycle state, responsibility/authority, review/approval, audit evidence and integration/export semantics.",https://www.idoxgroup.com/solutions/regulatory-services/uniform/,Idox Uniform planning,WEB_VERIFIED,2026-09-21
MTC-0176,Idox Uniform,Idox,CBE-JP-008; CBE-JP-047; CBE-JP-057; CBE-JP-079; CBE-JP-080,Building Control Case Management,"Manage building-control applications, inspections and outcomes",Application; plans; site; inspection events,Building-control case / inspection / certificate record,Application -> assessment -> inspection -> decision/certificate,Building-control officer authority,Case/inspection/decision history,Uniform/Idox Cloud mobile and portals,"NuBlox must natively support manage building-control applications, inspections and outcomes within a governed Building Control Case Management capability, preserving structured building-control case / inspection / certificate record, lifecycle state, responsibility/authority, review/approval, audit evidence and integration/export semantics.",https://www.idoxgroup.com/solutions/regulatory-services/uniform/,Idox Uniform building control,WEB_VERIFIED,2026-09-21
MTC-0177,Idox Uniform,Idox,CBE-JP-008; CBE-JP-047; CBE-JP-057; CBE-JP-079; CBE-JP-080,Workflow Management,Configure and execute regulatory workflows across case types,Case type; workflow rules; users; documents,Workflow task/transition record,Submitted -> routed -> reviewed -> decided,Role-based case authority,Workflow/task history,Uniform related applications,"NuBlox must natively support configure and execute regulatory workflows across case types within a governed Workflow Management capability, preserving structured workflow task/transition record, lifecycle state, responsibility/authority, review/approval, audit evidence and integration/export semantics.",https://www.idoxgroup.com/solutions/regulatory-services/uniform/,Idox Uniform workflow,WEB_VERIFIED,2026-09-21
MTC-0178,Idox Uniform,Idox,CBE-JP-008; CBE-JP-047; CBE-JP-057; CBE-JP-079; CBE-JP-080,Mobile Site Visits,Access regulatory cases and record site visits/inspections away from the office,Case; site; inspection/check data,Site visit / inspection evidence,Planned visit -> inspect -> sync -> case update,Officer role,Visit/inspection history,Mobile apps / cloud,"NuBlox must natively support access regulatory cases and record site visits/inspections away from the office within a governed Mobile Site Visits capability, preserving structured site visit / inspection evidence, lifecycle state, responsibility/authority, review/approval, audit evidence and integration/export semantics.",https://www.idoxgroup.com/solutions/regulatory-services/idox-cloud/,Idox Cloud mobile,WEB_VERIFIED,2026-09-21
MTC-0179,Idox Uniform,Idox,CBE-JP-008; CBE-JP-047; CBE-JP-057; CBE-JP-079; CBE-JP-080,End-to-end Regulatory Case Lifecycle,"Manage regulatory/development processes from application receipt through site visits, decisions and reporting",Application/case data; documents; inspections; consultations,Complete regulatory case record and outcome,Receipt -> processing -> site visit -> decision -> reporting,Configured officer/manager authority,End-to-end case history,Cloud/on-prem; portals; reporting,"NuBlox must natively support manage regulatory/development processes from application receipt through site visits, decisions and reporting within a governed End-to-end Regulatory Case Lifecycle capability, preserving structured complete regulatory case record and outcome, lifecycle state, responsibility/authority, review/approval, audit evidence and integration/export semantics.",https://www.idoxgroup.com/solutions/regulatory-services/idox-cloud/,Idox Cloud case lifecycle,WEB_VERIFIED,2026-09-21
MTC-0180,Samsara,Samsara,CBE-JP-002; CBE-JP-023; CBE-JP-025; CBE-JP-026; CBE-JP-062,Fleet / Asset Tracking,"Track vehicles and equipment location, status and utilization using GPS/telematics",Vehicles/equipment; GPS/telematics; jobsites,Live asset location/utilization record,Registered -> active -> allocated/moving -> idle/maintenance,Fleet/operations permissions,"Location, engine, utilization and assignment history",GPS; telematics; APIs/integrations,"NuBlox must natively support track vehicles and equipment location, status and utilization using gps/telematics within a governed Fleet / Asset Tracking capability, preserving structured live asset location/utilization record, lifecycle state, responsibility/authority, review/approval, audit evidence and integration/export semantics.",https://www.samsara.com/uk/products/telematics/fleet-maintenance,Samsara connected fleet context,WEB_VERIFIED,2026-09-21
MTC-0181,Samsara,Samsara,CBE-JP-002; CBE-JP-023; CBE-JP-025; CBE-JP-026; CBE-JP-062,Driver Vehicle Inspection Reports,Configure and complete driver/vehicle inspections and flag defects,Vehicle; driver; inspection template; defects,DVIR / inspection record,Pre-use/post-use -> defect -> maintenance action -> resolved,Driver/fleet/safety roles,"Inspection author, timestamp, defects and resolution",Driver App; reports,"NuBlox must natively support configure and complete driver/vehicle inspections and flag defects within a governed Driver Vehicle Inspection Reports capability, preserving structured dvir / inspection record, lifecycle state, responsibility/authority, review/approval, audit evidence and integration/export semantics.",https://kb.samsara.com/hc/en-us/articles/29524290420749-Step-7-Configure-Samsara-Fleet-Features,Samsara fleet features,WEB_VERIFIED,2026-09-21
MTC-0182,Samsara,Samsara,CBE-JP-002; CBE-JP-023; CBE-JP-025; CBE-JP-026; CBE-JP-062,Connected Forms,"Digitise custom safety, equipment and incident forms in the Driver App",Custom form template; mobile inputs; media,Submitted operational/compliance form,Draft -> submitted -> reviewed/actioned,Configured fleet/user roles,Form submission and linked event history,Samsara Driver App,"NuBlox must natively support digitise custom safety, equipment and incident forms in the driver app within a governed Connected Forms capability, preserving structured submitted operational/compliance form, lifecycle state, responsibility/authority, review/approval, audit evidence and integration/export semantics.",https://kb.samsara.com/hc/en-us/articles/29524290420749-Step-7-Configure-Samsara-Fleet-Features,Samsara Connected Forms,WEB_VERIFIED,2026-09-21
MTC-0183,Samsara,Samsara,CBE-JP-002; CBE-JP-023; CBE-JP-025; CBE-JP-026; CBE-JP-062,Connected Maintenance / Work Orders,Surface defects and scheduled maintenance and manage repair work,Asset; fault codes; DVIR defects; maintenance schedules,Maintenance item / work order,Detected/due -> planned -> repair -> closed,Fleet/shop authority,"Fault, defect, repair and work-order history",Telematics; maintenance integrations,"NuBlox must natively support surface defects and scheduled maintenance and manage repair work within a governed Connected Maintenance / Work Orders capability, preserving structured maintenance item / work order, lifecycle state, responsibility/authority, review/approval, audit evidence and integration/export semantics.",https://www.samsara.com/uk/products/telematics/fleet-maintenance,Samsara Connected Maintenance,WEB_VERIFIED,2026-09-21
MTC-0184,Samsara,Samsara,CBE-JP-002; CBE-JP-023; CBE-JP-025; CBE-JP-026; CBE-JP-062,Routing & Dispatch,Plan and dispatch vehicle work and operational routes,Vehicles; drivers; jobs/stops; route settings,Dispatch/route plan,Plan -> dispatch -> execute -> complete,Dispatcher authority,Route and completion history,Driver App / telematics,"NuBlox must natively support plan and dispatch vehicle work and operational routes within a governed Routing & Dispatch capability, preserving structured dispatch/route plan, lifecycle state, responsibility/authority, review/approval, audit evidence and integration/export semantics.",https://kb.samsara.com/hc/en-us/articles/29524290420749-Step-7-Configure-Samsara-Fleet-Features,Samsara routing and dispatch,WEB_VERIFIED,2026-09-21
MTC-0185,ALLPLAN,ALLPLAN,CBE-JP-003; CBE-JP-004; CBE-JP-005; CBE-JP-072,Architectural / Wall Modelling,Create and modify intelligent walls and building components with unified property controls,Building geometry; wall parameters; materials,Parametric BIM building elements,Author -> coordinate -> revise,Architect/technologist responsibility,Object attributes and model state,BIM model; IFC/export,"NuBlox must natively support create and modify intelligent walls and building components with unified property controls within a governed Architectural / Wall Modelling capability, preserving structured parametric bim building elements, lifecycle state, responsibility/authority, review/approval, audit evidence and integration/export semantics.",https://www.allplan.com/products/allplan-2026-features/,ALLPLAN 2026 wall workflows,WEB_VERIFIED,2026-09-21
MTC-0186,ALLPLAN,ALLPLAN,CBE-JP-003; CBE-JP-004; CBE-JP-005; CBE-JP-072,Structural Framing,Model framing systems and automatically maintain connection logic through design changes,Framing geometry; members; roof/design geometry,Structural framing model / assemblies,Design -> revise -> coordinate,Structural/design review,Connection/member state,BIM model; exchange formats,"NuBlox must natively support model framing systems and automatically maintain connection logic through design changes within a governed Structural Framing capability, preserving structured structural framing model / assemblies, lifecycle state, responsibility/authority, review/approval, audit evidence and integration/export semantics.",https://www.allplan.com/products/allplan-2026-features/,ALLPLAN 2026 structural framing,WEB_VERIFIED,2026-09-21
MTC-0187,ALLPLAN,ALLPLAN,CBE-JP-003; CBE-JP-004; CBE-JP-005; CBE-JP-072,Automated Reinforcement Detailing,Generate and edit wall/column reinforcement layouts and detailing,Concrete geometry; reinforcement rules; bar sizes/spacing,Reinforcement model and detailing,Design -> detail -> review -> issue,Structural/detailing review,Rebar properties and revision state,BIM/rebar outputs,"NuBlox must natively support generate and edit wall/column reinforcement layouts and detailing within a governed Automated Reinforcement Detailing capability, preserving structured reinforcement model and detailing, lifecycle state, responsibility/authority, review/approval, audit evidence and integration/export semantics.",https://www.allplan.com/products/allplan-2026-features/,ALLPLAN 2026 reinforcement,WEB_VERIFIED,2026-09-21
MTC-0188,ALLPLAN,ALLPLAN,CBE-JP-003; CBE-JP-004; CBE-JP-005; CBE-JP-072,Reinforcement to Field,Publish/manage digital reinforcement information for drawing-less site workflows,Reinforcement model; isometric views; attributes,Field-consumable reinforcement definition,Detail -> release -> field use,Detailer/contractor authority,Released reinforcement attributes/collision state,BIM/field collaboration,"NuBlox must natively support publish/manage digital reinforcement information for drawing-less site workflows within a governed Reinforcement to Field capability, preserving structured field-consumable reinforcement definition, lifecycle state, responsibility/authority, review/approval, audit evidence and integration/export semantics.",https://www.allplan.com/products/allplan-2026-features/,ALLPLAN 2026 reinforcement to field,WEB_VERIFIED,2026-09-21
MTC-0189,ALLPLAN,ALLPLAN,CBE-JP-003; CBE-JP-004; CBE-JP-005; CBE-JP-072,Quantity Take-off / Smart Catalog,Generate customizable material quantities and BOMs from model information,BIM objects; material/catalog data; rules,Quantity take-off / BOM,Model -> quantify -> report/export,Estimator/detailer review,Rule/catalog basis and generated quantities,ERP/client export formats,"NuBlox must natively support generate customizable material quantities and boms from model information within a governed Quantity Take-off / Smart Catalog capability, preserving structured quantity take-off / bom, lifecycle state, responsibility/authority, review/approval, audit evidence and integration/export semantics.",https://www.allplan.com/ap_en/products/allplan-2026-features/,ALLPLAN 2026 quantity take-off,WEB_VERIFIED,2026-09-21
MTC-0190,Autodesk ReCap Pro,Autodesk,CBE-JP-010; CBE-JP-021; CBE-JP-073; CBE-JP-074,Scan Registration / Project Processing,Import and process scan data into a coordinated reality-capture project,Laser scans; coordinates; scan settings,Registered point-cloud project,Import -> register/process -> review,Survey/reality-capture responsibility,Scan/project processing state,RCP/RCS and cloud publication,"NuBlox must natively support import and process scan data into a coordinated reality-capture project within a governed Scan Registration / Project Processing capability, preserving structured registered point-cloud project, lifecycle state, responsibility/authority, review/approval, audit evidence and integration/export semantics.",https://www.autodesk.com/uk/products/recap/features,ReCap Pro 2026 features,WEB_VERIFIED,2026-09-21
MTC-0191,Autodesk ReCap Pro,Autodesk,CBE-JP-010; CBE-JP-021; CBE-JP-073; CBE-JP-074,Scan to Mesh,Convert point clouds into segmented mesh geometry with local processing,Point cloud; local processing settings,Segmented mesh model,Point cloud -> mesh -> edit/export,Reality-capture/design review,Mesh generation settings and source relation,Mesh exports; Revit integration,"NuBlox must natively support convert point clouds into segmented mesh geometry with local processing within a governed Scan to Mesh capability, preserving structured segmented mesh model, lifecycle state, responsibility/authority, review/approval, audit evidence and integration/export semantics.",https://www.autodesk.com/uk/products/recap/features,ReCap Pro 2026 scan to mesh,WEB_VERIFIED,2026-09-21
MTC-0192,Autodesk ReCap Pro,Autodesk,CBE-JP-010; CBE-JP-021; CBE-JP-073; CBE-JP-074,Feature Extraction,Extract linear and physical features from large point-cloud datasets,Point cloud; feature-extraction criteria,Extracted geometry/features,Capture -> extract -> validate -> use,Survey/design review,Extracted-feature provenance,Cloud viewer / downstream CAD,"NuBlox must natively support extract linear and physical features from large point-cloud datasets within a governed Feature Extraction capability, preserving structured extracted geometry/features, lifecycle state, responsibility/authority, review/approval, audit evidence and integration/export semantics.",https://www.autodesk.com/uk/products/recap/features,ReCap 2026 feature extraction,WEB_VERIFIED,2026-09-21
MTC-0193,Autodesk ReCap Pro,Autodesk,CBE-JP-010; CBE-JP-021; CBE-JP-073; CBE-JP-074,Point Cloud Measurement / Markup,"Measure, annotate and communicate directly against point-cloud data",Point cloud/RealView; measurement points; markups,Measurement / markup evidence,Review -> measure/comment -> communicate,Survey/design review,Markup and measurement state,ReCap/Autodesk cloud,"NuBlox must natively support measure, annotate and communicate directly against point-cloud data within a governed Point Cloud Measurement / Markup capability, preserving structured measurement / markup evidence, lifecycle state, responsibility/authority, review/approval, audit evidence and integration/export semantics.",https://www.autodesk.com/uk/products/recap/features,ReCap measurement/markup,WEB_VERIFIED,2026-09-21
MTC-0194,Autodesk ReCap Pro,Autodesk,CBE-JP-010; CBE-JP-021; CBE-JP-073; CBE-JP-074,Autodesk Docs Publication,Publish ReCap projects to Autodesk Docs/ACC for shared viewing and markup,Processed ReCap project,Published reality-capture project,Process -> publish -> view/annotate/share,Project/document permissions,Published version and collaboration history,Autodesk Docs / ACC,"NuBlox must natively support publish recap projects to autodesk docs/acc for shared viewing and markup within a governed Autodesk Docs Publication capability, preserving structured published reality-capture project, lifecycle state, responsibility/authority, review/approval, audit evidence and integration/export semantics.",https://www.autodesk.com/uk/products/recap/features,ReCap cloud publishing,WEB_VERIFIED,2026-09-21
MTC-0195,DesignBuilder,DesignBuilder Software,CBE-JP-009; CBE-JP-020; CBE-JP-045; CBE-JP-046,3-D Modeller,Create building geometry and environmental simulation model inputs,Building geometry; zones; constructions; schedules,Building performance model,Author -> simulate -> revise,Energy/model reviewer,Model inputs and revisions,EnergyPlus-compatible model data,"NuBlox must natively support create building geometry and environmental simulation model inputs within a governed 3-D Modeller capability, preserving structured building performance model, lifecycle state, responsibility/authority, review/approval, audit evidence and integration/export semantics.",https://designbuilder.co.uk/software/product-overview,DesignBuilder modules,WEB_VERIFIED,2026-09-21
MTC-0196,DesignBuilder,DesignBuilder Software,CBE-JP-009; CBE-JP-020; CBE-JP-045; CBE-JP-046,EnergyPlus Simulation,Run dynamic energy and comfort simulations,3D model; weather; fabric; loads; schedules; systems,Energy/comfort simulation results,Model -> simulate -> validate -> report,Energy assessor/engineer review,Simulation inputs and result set,EnergyPlus; report exports,"NuBlox must natively support run dynamic energy and comfort simulations within a governed EnergyPlus Simulation capability, preserving structured energy/comfort simulation results, lifecycle state, responsibility/authority, review/approval, audit evidence and integration/export semantics.",https://designbuilder.co.uk/software,DesignBuilder Simulation module,WEB_VERIFIED,2026-09-21
MTC-0197,DesignBuilder,DesignBuilder Software,CBE-JP-009; CBE-JP-020; CBE-JP-045; CBE-JP-046,Daylighting,Calculate daylight factors and illuminance using Radiance,Geometry; glazing; sky/daylight settings,Daylight analysis/report,Model -> calculate -> compare,Design/lighting review,Calculation inputs/results,Radiance/report outputs,"NuBlox must natively support calculate daylight factors and illuminance using radiance within a governed Daylighting capability, preserving structured daylight analysis/report, lifecycle state, responsibility/authority, review/approval, audit evidence and integration/export semantics.",https://designbuilder.co.uk/software/product-overview,DesignBuilder daylighting,WEB_VERIFIED,2026-09-21
MTC-0198,DesignBuilder,DesignBuilder Software,CBE-JP-009; CBE-JP-020; CBE-JP-045; CBE-JP-046,HVAC,Size and simulate HVAC/mixed-mode systems through EnergyPlus HVAC models,Zones; loads; HVAC templates/components; controls,HVAC sizing/performance result,Define -> size -> simulate -> optimise,Mechanical engineer review,System/control assumptions and results,EnergyPlus HVAC,"NuBlox must natively support size and simulate hvac/mixed-mode systems through energyplus hvac models within a governed HVAC capability, preserving structured hvac sizing/performance result, lifecycle state, responsibility/authority, review/approval, audit evidence and integration/export semantics.",https://designbuilder.co.uk/software/for-engineers,DesignBuilder HVAC,WEB_VERIFIED,2026-09-21
MTC-0199,DesignBuilder,DesignBuilder Software,CBE-JP-009; CBE-JP-020; CBE-JP-045; CBE-JP-046,CFD,Model internal/external airflow and comfort distribution,Geometry; boundary conditions; thermal/airflow data,CFD airflow/comfort result,Setup -> solve -> assess -> iterate,Engineer review,Boundary conditions and result fields,CFD result exports,"NuBlox must natively support model internal/external airflow and comfort distribution within a governed CFD capability, preserving structured cfd airflow/comfort result, lifecycle state, responsibility/authority, review/approval, audit evidence and integration/export semantics.",https://designbuilder.co.uk/engineering-pro,DesignBuilder CFD,WEB_VERIFIED,2026-09-21
MTC-0200,DesignBuilder,DesignBuilder Software,CBE-JP-009; CBE-JP-020; CBE-JP-045; CBE-JP-046,Cost and Carbon / Optimisation,Evaluate early-stage cost/carbon and multi-criteria design options,Design alternatives; quantities/assumptions; targets,Cost/carbon/optimisation comparison,Option -> calculate -> compare -> select,Design/commercial/sustainability review,Option assumptions and comparison results,Reports / LCA links,"NuBlox must natively support evaluate early-stage cost/carbon and multi-criteria design options within a governed Cost and Carbon / Optimisation capability, preserving structured cost/carbon/optimisation comparison, lifecycle state, responsibility/authority, review/approval, audit evidence and integration/export semantics.",https://designbuilder.co.uk/software/product-overview,DesignBuilder cost carbon optimisation,WEB_VERIFIED,2026-09-21
MTC-0201,IES VE 2026,IES,CBE-JP-009; CBE-JP-020; CBE-JP-045; CBE-JP-046,HVAC Design Navigator,Run a guided workflow from building geometry through HVAC sizing/results,3D geometry; zones; system data; design conditions,HVAC sizing/design output,Geometry -> zoning -> loads -> HVAC sizing -> output,Mechanical engineer review,Sequenced workflow outputs and calculation basis,VE project/results,"NuBlox must natively support run a guided workflow from building geometry through hvac sizing/results within a governed HVAC Design Navigator capability, preserving structured hvac sizing/design output, lifecycle state, responsibility/authority, review/approval, audit evidence and integration/export semantics.",https://www.iesve.com/ve2026,IES VE 2026 HVAC Design Navigator,WEB_VERIFIED,2026-09-21
MTC-0202,IES VE 2026,IES,CBE-JP-009; CBE-JP-020; CBE-JP-045; CBE-JP-046,ApacheSim / Dynamic Simulation,Run dynamic thermal/energy calculations for building performance,Geometry; fabric; occupancy; systems; weather,Dynamic energy/thermal simulation results,Model -> simulate -> validate/report,Building-performance engineer review,Model/calculation assumptions and result set,VE result/report outputs,"NuBlox must natively support run dynamic thermal/energy calculations for building performance within a governed ApacheSim / Dynamic Simulation capability, preserving structured dynamic energy/thermal simulation results, lifecycle state, responsibility/authority, review/approval, audit evidence and integration/export semantics.",https://www.iesve.com/ve2026,IES VE 2026,WEB_VERIFIED,2026-09-21
MTC-0203,IES VE 2026,IES,CBE-JP-009; CBE-JP-020; CBE-JP-045; CBE-JP-046,BIM to BEM Workflow,Convert/co-ordinate BIM geometry into building-energy-model geometry and zones,BIM geometry/model data,Building energy model,Import/translate -> validate -> simulate,BIM/energy modeller review,Geometry translation/validation state,BIM/VE exchange,"NuBlox must natively support convert/co-ordinate bim geometry into building-energy-model geometry and zones within a governed BIM to BEM Workflow capability, preserving structured building energy model, lifecycle state, responsibility/authority, review/approval, audit evidence and integration/export semantics.",https://www.iesve.com/ve2026,IES VE 2026 BIM to BEM,WEB_VERIFIED,2026-09-21
MTC-0204,IES VE 2026,IES,CBE-JP-009; CBE-JP-020; CBE-JP-045; CBE-JP-046,Compliance Workflows,Perform regulated building-performance compliance calculations and reporting,Building model; regulatory parameters; systems,Compliance result/report,Model -> calculate -> check -> issue,Competent energy assessor/engineer,Compliance inputs/calculation/report evidence,Regulatory report outputs,"NuBlox must natively support perform regulated building-performance compliance calculations and reporting within a governed Compliance Workflows capability, preserving structured compliance result/report, lifecycle state, responsibility/authority, review/approval, audit evidence and integration/export semantics.",https://www.iesve.com/ve2026,IES VE 2026 compliance,WEB_VERIFIED,2026-09-21
MTC-0205,IES VE 2026,IES,CBE-JP-009; CBE-JP-020; CBE-JP-045; CBE-JP-046,Data Centre / HVAC Analysis,Assess HVAC/design performance for specialist data-centre workflows,Geometry; loads; HVAC/system parameters,Thermal/HVAC performance output,Model -> simulate -> optimise,Specialist engineer review,Simulation basis/results,VE outputs,"NuBlox must natively support assess hvac/design performance for specialist data-centre workflows within a governed Data Centre / HVAC Analysis capability, preserving structured thermal/hvac performance output, lifecycle state, responsibility/authority, review/approval, audit evidence and integration/export semantics.",https://www.iesve.com/ve2026,IES VE 2026 specialist workflows,WEB_VERIFIED,2026-09-21
MTC-0206,LandTech,LandTech,CBE-JP-057; CBE-JP-066; CBE-JP-079; CBE-JP-080,Site Sourcing,"Filter/search land parcels by size, ownership, planning constraints, infrastructure and amenity criteria",Search geography; parcel datasets; ownership; constraints; planning/infrastructure layers,Targeted site shortlist,Search -> filter -> shortlist -> save/export,Development/acquisition team authority,Search criteria and saved results,Map/data export,"NuBlox must natively support filter/search land parcels by size, ownership, planning constraints, infrastructure and amenity criteria within a governed Site Sourcing capability, preserving structured targeted site shortlist, lifecycle state, responsibility/authority, review/approval, audit evidence and integration/export semantics.",https://support.land.tech/en/articles/14088201-fact-sheet-site-sourcing-tool-explained,LandTech Site Sourcing,WEB_VERIFIED,2026-09-21
MTC-0207,LandTech,LandTech,CBE-JP-057; CBE-JP-066; CBE-JP-079; CBE-JP-080,AI Search / Filter Generation,Translate natural-language acquisition criteria into structured site filters,Natural-language search intent; land datasets,Structured filter query and site results,Intent -> filter generation -> results review,Development/acquisition analyst,Generated filters and result set,LandTech platform,"NuBlox must natively support translate natural-language acquisition criteria into structured site filters within a governed AI Search / Filter Generation capability, preserving structured structured filter query and site results, lifecycle state, responsibility/authority, review/approval, audit evidence and integration/export semantics.",https://support.land.tech/en/articles/14088201-fact-sheet-site-sourcing-tool-explained,LandTech AI site sourcing,WEB_VERIFIED,2026-09-21
MTC-0208,LandTech,LandTech,CBE-JP-057; CBE-JP-066; CBE-JP-079; CBE-JP-080,Planning & Constraints Mapping,"Overlay policy, environmental, ownership and planning datasets to assess site constraints",Site/parcel; policy/environmental/planning layers,Constraint map / site assessment context,Identify site -> inspect constraints -> assess,Planner/development surveyor review,Data layers and assessment context,Map/data platform,"NuBlox must natively support overlay policy, environmental, ownership and planning datasets to assess site constraints within a governed Planning & Constraints Mapping capability, preserving structured constraint map / site assessment context, lifecycle state, responsibility/authority, review/approval, audit evidence and integration/export semantics.",https://land.tech/site-finding-and-assessment,LandTech constraints,WEB_VERIFIED,2026-09-21
MTC-0209,LandTech,LandTech,CBE-JP-057; CBE-JP-066; CBE-JP-079; CBE-JP-080,Quick Insights,"Generate one-click summaries of planning history, constraints, policy and local context",Site; planning/policy/constraint datasets,Early-stage site intelligence summary,Site identified -> quick screen -> pursue/reject,Development/planning review,Source datasets behind summary,Platform report/view,"NuBlox must natively support generate one-click summaries of planning history, constraints, policy and local context within a governed Quick Insights capability, preserving structured early-stage site intelligence summary, lifecycle state, responsibility/authority, review/approval, audit evidence and integration/export semantics.",https://land.tech/features/quick-insights,LandTech Quick Insights,WEB_VERIFIED,2026-09-21
MTC-0210,LandTech,LandTech,CBE-JP-057; CBE-JP-066; CBE-JP-079; CBE-JP-080,Development Appraisal,Build viability appraisals using site/planning/ownership/CIL/build-cost benchmark inputs,Saved site; development assumptions; planning/ownership/CIL/cost data,Development appraisal / viability result,Site shortlist -> appraisal -> compare -> diligence,Development/commercial authority,Assumptions and appraisal calculation,LandFund/appraisal outputs,"NuBlox must natively support build viability appraisals using site/planning/ownership/cil/build-cost benchmark inputs within a governed Development Appraisal capability, preserving structured development appraisal / viability result, lifecycle state, responsibility/authority, review/approval, audit evidence and integration/export semantics.",https://support.land.tech/en/articles/14087912-fact-sheet-appraisal-tool-explained,LandTech Appraisal Tool,WEB_VERIFIED,2026-09-21
MTC-0211,Solibri,Solibri,CBE-JP-003; CBE-JP-004; CBE-JP-005; CBE-JP-009,Model Federation / Classification,"Combine models and classify components for checking, filtering and takeoff",IFC/combined model; classification rules,Federated/classified model view,Import -> classify -> check,BIM/QA responsibility,Classification definitions and model state,IFC; BCF/issues integrations,"NuBlox must natively support combine models and classify components for checking, filtering and takeoff within a governed Model Federation / Classification capability, preserving structured federated/classified model view, lifecycle state, responsibility/authority, review/approval, audit evidence and integration/export semantics.",https://help.solibri.com/hc/en-us/articles/1500004070762-Understanding-Classifications,Solibri classifications,WEB_VERIFIED,2026-09-21
MTC-0212,Solibri,Solibri,CBE-JP-003; CBE-JP-004; CBE-JP-005; CBE-JP-009,Rule-based Model Checking,Run rulesets against model data/geometry to identify non-conformance,Federated model; rules/rulesets; classifications,Checking results / issues,Configure rules -> run -> review -> resolve/recheck,BIM/QA reviewer,"Rule definition, result and issue history",IFC; BCF/issue integrations,"NuBlox must natively support run rulesets against model data/geometry to identify non-conformance within a governed Rule-based Model Checking capability, preserving structured checking results / issues, lifecycle state, responsibility/authority, review/approval, audit evidence and integration/export semantics.",https://www.solibri.com/articles/solibri-release-notes-june-2026,Solibri 2026 model checking,WEB_VERIFIED,2026-09-21
MTC-0213,Solibri,Solibri,CBE-JP-003; CBE-JP-004; CBE-JP-005; CBE-JP-009,Information Takeoff,Use classifications/component data to quantify and extract structured information,Federated/classified model,Information takeoff dataset,Classify -> takeoff -> review/export,BIM/QS/QA responsibility,Classification/takeoff basis,Spreadsheet/export,"NuBlox must natively support use classifications/component data to quantify and extract structured information within a governed Information Takeoff capability, preserving structured information takeoff dataset, lifecycle state, responsibility/authority, review/approval, audit evidence and integration/export semantics.",https://help.solibri.com/hc/en-us/articles/1500004070762-Understanding-Classifications,Solibri ITO context,WEB_VERIFIED,2026-09-21
MTC-0214,Solibri,Solibri,CBE-JP-003; CBE-JP-004; CBE-JP-005; CBE-JP-009,Issue Management,Create/manage checking issues and exchange them with connected issue platforms,Checking result; viewpoint; component references; comments,Coordination/quality issue,Detected -> assigned/shared -> resolved -> verified,BIM/discipline reviewer roles,Issue status/comment/viewpoint history,BCF / connected issue platforms,"NuBlox must natively support create/manage checking issues and exchange them with connected issue platforms within a governed Issue Management capability, preserving structured coordination/quality issue, lifecycle state, responsibility/authority, review/approval, audit evidence and integration/export semantics.",https://www.solibri.com/articles/solibri-release-notes-june-2026,Solibri 2026 issue management,WEB_VERIFIED,2026-09-21
MTC-0215,Solibri,Solibri,CBE-JP-003; CBE-JP-004; CBE-JP-005; CBE-JP-009,Point Cloud Validation,Compare as-built point clouds against design model components to identify deviations,Point cloud scan; design model,As-built/design deviation result,Capture -> compare -> investigate -> disposition,QA/design/site authority,Comparison/deviation evidence,Point cloud/model formats,"NuBlox must natively support compare as-built point clouds against design model components to identify deviations within a governed Point Cloud Validation capability, preserving structured as-built/design deviation result, lifecycle state, responsibility/authority, review/approval, audit evidence and integration/export semantics.",https://www.solibri.com/articles/solibri-release-notes-june-2026,Solibri 26.6 point cloud validation,WEB_VERIFIED,2026-09-21
MTC-0216,Tenna,Tenna,CBE-JP-025; CBE-JP-026; CBE-JP-028; CBE-JP-062,Asset Register / GPS Tracking,Manage mixed construction assets and track real-time location/status,Owned/rented assets; GPS/BLE/QR/telematics devices,Live asset register and location/status,Register -> assign -> track -> transfer/retire,Fleet/equipment authority,Asset location/status/history,GPS; BLE; QR; integrations,"NuBlox must natively support manage mixed construction assets and track real-time location/status within a governed Asset Register / GPS Tracking capability, preserving structured live asset register and location/status, lifecycle state, responsibility/authority, review/approval, audit evidence and integration/export semantics.",https://www.tenna.com/,Tenna equipment management,WEB_VERIFIED,2026-09-21
MTC-0217,Tenna,Tenna,CBE-JP-025; CBE-JP-026; CBE-JP-028; CBE-JP-062,Equipment Utilization,Measure engine/use data and utilization by project/jobsite,Asset telematics; engine hours; job/site assignment,Utilization/performance record,Operate -> collect -> analyse -> redeploy,Fleet/operations management,Utilization and assignment history,Telematics/reporting,"NuBlox must natively support measure engine/use data and utilization by project/jobsite within a governed Equipment Utilization capability, preserving structured utilization/performance record, lifecycle state, responsibility/authority, review/approval, audit evidence and integration/export semantics.",https://www.tenna.com/construction-asset-management/construction-fleet-management/,Tenna fleet management,WEB_VERIFIED,2026-09-21
MTC-0218,Tenna,Tenna,CBE-JP-025; CBE-JP-026; CBE-JP-028; CBE-JP-062,Digital Inspections / Compliance,Complete mobile equipment/DVIR inspections and flag defects,Asset/vehicle; inspection template; operator/mechanic,Inspection / compliance record,Inspect -> defect -> notify -> resolve,Operator/fleet/safety roles,Who/when/defect/resolution evidence,Mobile app,"NuBlox must natively support complete mobile equipment/dvir inspections and flag defects within a governed Digital Inspections / Compliance capability, preserving structured inspection / compliance record, lifecycle state, responsibility/authority, review/approval, audit evidence and integration/export semantics.",https://www.tenna.com/construction-asset-management/construction-fleet-management/,Tenna inspections,WEB_VERIFIED,2026-09-21
MTC-0219,Tenna,Tenna,CBE-JP-025; CBE-JP-026; CBE-JP-028; CBE-JP-062,Maintenance / Work Orders,"Schedule preventative maintenance, create maintenance requests/work orders and record labour/parts",Asset; meter data; faults; service intervals; parts; labour,Maintenance work order / service history,Due/fault -> plan -> execute -> close,Shop/fleet authority,"Maintenance, parts, mechanic time and closure history",Mobile; ERP/financial integrations,"NuBlox must natively support schedule preventative maintenance, create maintenance requests/work orders and record labour/parts within a governed Maintenance / Work Orders capability, preserving structured maintenance work order / service history, lifecycle state, responsibility/authority, review/approval, audit evidence and integration/export semantics.",https://www.tenna.com/construction-asset-management/equipment-management-app/,Tenna maintenance,WEB_VERIFIED,2026-09-21
MTC-0220,Tenna,Tenna,CBE-JP-025; CBE-JP-026; CBE-JP-028; CBE-JP-062,Asset Financials / Job Costing,Compute equipment job costing/internal billing from operational data,Asset usage; project assignment; rates/cost data,Asset-level cost/billing/P&L record,Operate -> allocate -> cost/bill -> analyse,Fleet/finance/commercial authority,Operational-to-financial calculation basis,ERP/financial integrations,"NuBlox must natively support compute equipment job costing/internal billing from operational data within a governed Asset Financials / Job Costing capability, preserving structured asset-level cost/billing/p&l record, lifecycle state, responsibility/authority, review/approval, audit evidence and integration/export semantics.",https://www.tenna.com/press-releases/,Tenna Asset Financials 2026,WEB_VERIFIED,2026-09-21
MTC-0221,Trimble Business Center,Trimble,CBE-JP-019; CBE-JP-043; CBE-JP-050; CBE-JP-076,Survey Adjustment,"Reduce/post-process GNSS, total-station and level data and produce adjustment results",Raw field observations; control; coordinate system,Adjusted survey network / coordinates / report,Import -> adjust -> validate -> publish,Surveyor authority,"Observation, residual and adjustment report",Trimble/raw survey formats; exports,"NuBlox must natively support reduce/post-process gnss, total-station and level data and produce adjustment results within a governed Survey Adjustment capability, preserving structured adjusted survey network / coordinates / report, lifecycle state, responsibility/authority, review/approval, audit evidence and integration/export semantics.",https://geospatial.trimble.com/en/products/software/trimble-business-center,TBC field data adjustment,WEB_VERIFIED,2026-09-21
MTC-0222,Trimble Business Center,Trimble,CBE-JP-019; CBE-JP-043; CBE-JP-050; CBE-JP-076,Point Cloud Processing,"Process, classify and extract information from point clouds/scans",Laser/mobile-mapping point clouds,Classified point cloud / extracted features,Import -> classify -> extract -> deliver,Survey/reality-capture review,Classification/extraction state,Point cloud formats; CAD/GIS exports,"NuBlox must natively support process, classify and extract information from point clouds/scans within a governed Point Cloud Processing capability, preserving structured classified point cloud / extracted features, lifecycle state, responsibility/authority, review/approval, audit evidence and integration/export semantics.",https://geospatial.trimble.com/en/products/software/trimble-business-center,TBC point clouds,WEB_VERIFIED,2026-09-21
MTC-0223,Trimble Business Center,Trimble,CBE-JP-019; CBE-JP-043; CBE-JP-050; CBE-JP-076,Surface / Corridor Modelling,"Create dynamic surfaces, alignments and constructible corridors",Adjusted survey data; alignments; design geometry,Surface/corridor model,Survey/design -> model -> revise -> deliver,Survey/civil review,Model source/update state,CAD/survey exports,"NuBlox must natively support create dynamic surfaces, alignments and constructible corridors within a governed Surface / Corridor Modelling capability, preserving structured surface/corridor model, lifecycle state, responsibility/authority, review/approval, audit evidence and integration/export semantics.",https://geospatial.trimble.com/en/products/software/trimble-business-center,TBC surfaces/corridors,WEB_VERIFIED,2026-09-21
MTC-0224,Trimble Business Center,Trimble,CBE-JP-019; CBE-JP-043; CBE-JP-050; CBE-JP-076,Construction Data Prep / Machine Control,Create constructible field/machine-control models from design information,CAD/design data; surfaces; alignments,Machine-control / field data model,Design -> prepare -> validate -> deploy,Survey/site-engineering authority,Prepared-model version and source traceability,Machine-control formats,"NuBlox must natively support create constructible field/machine-control models from design information within a governed Construction Data Prep / Machine Control capability, preserving structured machine-control / field data model, lifecycle state, responsibility/authority, review/approval, audit evidence and integration/export semantics.",https://geospatial.trimble.com/en/products/software/trimble-business-center/subscription-plans,TBC Construction edition,WEB_VERIFIED,2026-09-21
MTC-0225,Trimble Business Center,Trimble,CBE-JP-019; CBE-JP-043; CBE-JP-050; CBE-JP-076,Quantity Takeoff / Mass Haul,Calculate earthwork/quantity takeoffs and mass-haul results,Surfaces; corridors; existing/design terrain,Quantity / mass-haul report,Model -> calculate -> review/report,Estimator/survey/civil review,Calculation surfaces/parameters,Report/export,"NuBlox must natively support calculate earthwork/quantity takeoffs and mass-haul results within a governed Quantity Takeoff / Mass Haul capability, preserving structured quantity / mass-haul report, lifecycle state, responsibility/authority, review/approval, audit evidence and integration/export semantics.",https://geospatial.trimble.com/en/products/software/trimble-business-center/subscription-plans,TBC Construction edition,WEB_VERIFIED,2026-09-21
MTC-0226,Trimble Business Center,Trimble,CBE-JP-019; CBE-JP-043; CBE-JP-050; CBE-JP-076,GIS Integration,Link geometry and attributes and exchange results with Esri and other platforms,Survey geometry; attributes; GIS schema,GIS-ready feature dataset,Survey -> attribute -> validate -> publish,Survey/GIS governance,Feature/attribute lineage,Esri; Autodesk; Bentley; standard formats,"NuBlox must natively support link geometry and attributes and exchange results with esri and other platforms within a governed GIS Integration capability, preserving structured gis-ready feature dataset, lifecycle state, responsibility/authority, review/approval, audit evidence and integration/export semantics.",https://geospatial.trimble.com/en/products/software/trimble-business-center,TBC interoperability,WEB_VERIFIED,2026-09-21
MTC-0227,Bentley OpenRoads Designer,Bentley Systems,CBE-JP-018; CBE-JP-019; CBE-JP-064,Terrain / Reality Modelling,Classify point clouds/reality meshes and develop scalable terrain models,Point cloud/reality mesh/survey data,Terrain/reality model,Capture/import -> classify/extract -> terrain model,Civil/survey review,Source terrain/reality state,DGN; reality data; exports,"NuBlox must natively support classify point clouds/reality meshes and develop scalable terrain models within a governed Terrain / Reality Modelling capability, preserving structured terrain/reality model, lifecycle state, responsibility/authority, review/approval, audit evidence and integration/export semantics.",https://www.bentley.com/products/openroads-designer,OpenRoads terrain/reality,WEB_VERIFIED,2026-09-21
MTC-0228,Bentley OpenRoads Designer,Bentley Systems,CBE-JP-018; CBE-JP-019; CBE-JP-064,Corridor Modelling,"Create 3D roadway corridor models with profiles, superelevation and dynamic cross sections",Terrain; alignment; profile; templates; standards,3D road corridor model,Concept -> design -> refine -> document,Civil engineer/design review,Corridor/template/target state,DGN; DWG; DXF; LandXML; IFC,"NuBlox must natively support create 3d roadway corridor models with profiles, superelevation and dynamic cross sections within a governed Corridor Modelling capability, preserving structured 3d road corridor model, lifecycle state, responsibility/authority, review/approval, audit evidence and integration/export semantics.",https://www.bentley.com/products/openroads-designer,OpenRoads corridor modelling,WEB_VERIFIED,2026-09-21
MTC-0229,Bentley OpenRoads Designer,Bentley Systems,CBE-JP-018; CBE-JP-019; CBE-JP-064,Drainage & Utilities,"Model utility, storm and sanitary drainage and perform hydraulic analysis",Terrain/corridor; pipe/network data; hydrology inputs,Drainage/utility model and hydraulic results,Layout -> analyse -> size/check -> revise,Drainage/civil engineer review,"Network components, hydraulic assumptions/results",DGN; reporting/exports,"NuBlox must natively support model utility, storm and sanitary drainage and perform hydraulic analysis within a governed Drainage & Utilities capability, preserving structured drainage/utility model and hydraulic results, lifecycle state, responsibility/authority, review/approval, audit evidence and integration/export semantics.",https://www.bentley.com/products/openroads-designer,OpenRoads drainage and utilities,WEB_VERIFIED,2026-09-21
MTC-0230,Bentley OpenRoads Designer,Bentley Systems,CBE-JP-018; CBE-JP-019; CBE-JP-064,Earthworks / Quantities,Compute triangulated/end-area earthworks and corridor/element quantities,Existing terrain; design corridor; 3D elements; material rules,Cut/fill volumes / quantity report / estimated cost,Design -> quantify -> verify -> report,Civil/estimator review,"Quantity basis, boundaries and model source",Reports; DGN,"NuBlox must natively support compute triangulated/end-area earthworks and corridor/element quantities within a governed Earthworks / Quantities capability, preserving structured cut/fill volumes / quantity report / estimated cost, lifecycle state, responsibility/authority, review/approval, audit evidence and integration/export semantics.",https://www.bentley.com/wp-content/uploads/openroads_designer_onboarding_guide_v1.1.pdf,OpenRoads quantities,WEB_VERIFIED,2026-09-21
MTC-0231,Bentley OpenRoads Designer,Bentley Systems,CBE-JP-018; CBE-JP-019; CBE-JP-064,Plan/Profile/Cross-section Deliverables,"Generate plan/profile sheets, cross-section sheets, annotations and reports",Road design model; named boundaries; annotation rules,Issued drawing/sheet/report set,Design -> generate -> review -> issue,Design/document-control authority,Sheet/model association and revision state,DGN; DWG; DXF; LandXML; IFC,"NuBlox must natively support generate plan/profile sheets, cross-section sheets, annotations and reports within a governed Plan/Profile/Cross-section Deliverables capability, preserving structured issued drawing/sheet/report set, lifecycle state, responsibility/authority, review/approval, audit evidence and integration/export semantics.",https://www.bentley.com/products/openroads-designer,OpenRoads deliverables,WEB_VERIFIED,2026-09-21
MTC-0232,Graphisoft Archicad,Graphisoft,CBE-JP-003; CBE-JP-004; CBE-JP-005,Interactive Schedules,"Generate schedules from model element, component, property and IFC data",BIM elements; properties; classifications; IFC data,Interactive element/component schedule,Model -> schedule -> review -> publish,Architect/technologist responsibility,Schedule criteria/fields tied to model data,Archicad project; IFC; schedule outputs,"NuBlox must natively support generate schedules from model element, component, property and ifc data within a governed Interactive Schedules capability, preserving structured interactive element/component schedule, lifecycle state, responsibility/authority, review/approval, audit evidence and integration/export semantics.",https://help.graphisoft.com/AC/29/INT/_AC29_Help/055_InteractiveSchedule/055_InteractiveSchedule-9.htm,Archicad 29 schedules,WEB_VERIFIED,2026-09-21
MTC-0233,Graphisoft Archicad,Graphisoft,CBE-JP-003; CBE-JP-004; CBE-JP-005,IFC Data Management,"Manage IFC entities, properties, classifications and export mappings",Archicad elements; classifications; properties; IFC translator settings,IFC-enriched model / IFC exchange dataset,Author -> map -> export/import -> coordinate,BIM/information-management roles,"IFC IDs, property mappings and translator definitions",IFC2x3/IFC4,"NuBlox must natively support manage ifc entities, properties, classifications and export mappings within a governed IFC Data Management capability, preserving structured ifc-enriched model / ifc exchange dataset, lifecycle state, responsibility/authority, review/approval, audit evidence and integration/export semantics.",https://help.graphisoft.com/AC/29/INT/_AC29_Help/121_IFC/121_IFC-20.htm,Archicad 29 IFC data,WEB_VERIFIED,2026-09-21
MTC-0234,Graphisoft Archicad,Graphisoft,CBE-JP-003; CBE-JP-004; CBE-JP-005,IFC Export Translators,"Configure exported classifications, properties and geometry for downstream FM/analysis/cost workflows",Model elements; classifications; properties; translator presets,Purpose-specific IFC export,Configure -> export -> downstream use,BIM manager / authoring authority,Translator settings and export content,IFC,"NuBlox must natively support configure exported classifications, properties and geometry for downstream fm/analysis/cost workflows within a governed IFC Export Translators capability, preserving structured purpose-specific ifc export, lifecycle state, responsibility/authority, review/approval, audit evidence and integration/export semantics.",https://help.graphisoft.com/AC/29/INT/_AC29_Help/121_IFC/121_IFC-42.htm,Archicad 29 IFC export,WEB_VERIFIED,2026-09-21
MTC-0235,Graphisoft Archicad,Graphisoft,CBE-JP-003; CBE-JP-004; CBE-JP-005,Teamwork / BIMcloud,"Reserve model elements/data, send/receive changes and collaborate across a shared project",Shared project; user roles; element reservations; local changes,Coordinated shared BIM project state,Join -> reserve -> edit -> send/receive -> release,Project-specific BIMcloud roles,Reservation ownership and change exchange,BIMcloud / Archicad,"NuBlox must natively support reserve model elements/data, send/receive changes and collaborate across a shared project within a governed Teamwork / BIMcloud capability, preserving structured coordinated shared bim project state, lifecycle state, responsibility/authority, review/approval, audit evidence and integration/export semantics.",https://help.graphisoft.com/AC/29/INT/_AC29_Help/080_Collaboration/080_Collaboration-2.htm,Archicad 29 Teamwork,WEB_VERIFIED,2026-09-21
MTC-0236,Graphisoft Archicad,Graphisoft,CBE-JP-003; CBE-JP-004; CBE-JP-005,Properties / Classification,"Classify elements/components and use properties for labels, schedules and IFC coordination",Elements/components; classification systems; properties,Structured BIM object data,Author -> classify -> schedule/export,BIM/data-governance roles,Element/component classifications and property values,Archicad; IFC,"NuBlox must natively support classify elements/components and use properties for labels, schedules and ifc coordination within a governed Properties / Classification capability, preserving structured structured bim object data, lifecycle state, responsibility/authority, review/approval, audit evidence and integration/export semantics.",https://gsdownloads.graphisoft.com/cdn/ftp/techsupport/documentation/templates/Archicad%2029%20UKI%20Template%20Guide.pdf,Archicad 29 UKI data management,WEB_VERIFIED,2026-09-21
MTC-0237,Idox Cloud,Idox,CBE-JP-008; CBE-JP-079; CBE-JP-080,Planning Case Management,Manage planning applications and associated development-management workflows,Planning application; site; applicant; documents; consultations,Planning case record,Receipt -> validation -> consultation -> assessment -> decision,Planning officer/delegated authority,"Case actions, documents and decisions",Cloud portals; reporting; integrations,"NuBlox must natively support manage planning applications and associated development-management workflows within a governed Planning Case Management capability, preserving structured planning case record, lifecycle state, responsibility/authority, review/approval, audit evidence and integration/export semantics.",https://www.idoxgroup.com/solutions/regulatory-services/idox-cloud/,Idox Cloud regulatory case management,WEB_VERIFIED,2026-09-21
MTC-0238,Idox Cloud,Idox,CBE-JP-008; CBE-JP-079; CBE-JP-080,Building Control Case Management,"Manage building-control applications, plan checks, inspections and outcomes",Application; plans; site; inspection data,Building-control case / inspection / certificate record,Application -> assessment -> inspection -> outcome,Building-control officer authority,Inspection and decision history,Cloud/mobile/portal,"NuBlox must natively support manage building-control applications, plan checks, inspections and outcomes within a governed Building Control Case Management capability, preserving structured building-control case / inspection / certificate record, lifecycle state, responsibility/authority, review/approval, audit evidence and integration/export semantics.",https://www.idoxgroup.com/solutions/regulatory-services/idox-cloud/,Idox Cloud building control,WEB_VERIFIED,2026-09-21
MTC-0239,Idox Cloud,Idox,CBE-JP-008; CBE-JP-079; CBE-JP-080,Mobile Regulatory Working,Access cases and capture site/inspection information away from the office,Assigned cases; site; mobile inspection inputs,Mobile case update / inspection evidence,Planned -> visited -> recorded -> synchronized,Officer/mobile permissions,Visit and inspection history,Mobile/cloud,"NuBlox must natively support access cases and capture site/inspection information away from the office within a governed Mobile Regulatory Working capability, preserving structured mobile case update / inspection evidence, lifecycle state, responsibility/authority, review/approval, audit evidence and integration/export semantics.",https://www.idoxgroup.com/solutions/regulatory-services/idox-cloud/,Idox Cloud mobile,WEB_VERIFIED,2026-09-21
MTC-0240,Idox Cloud,Idox,CBE-JP-008; CBE-JP-079; CBE-JP-080,Workflow / Decision Processing,Route case tasks and decisions through configurable regulatory processes,Case type; workflow rules; officers; statutory data,Workflow tasks / regulatory decision record,Submitted -> routed -> reviewed -> decided,Configured officer/manager authority,"Task, transition and decision history",Cloud workflow/reporting,"NuBlox must natively support route case tasks and decisions through configurable regulatory processes within a governed Workflow / Decision Processing capability, preserving structured workflow tasks / regulatory decision record, lifecycle state, responsibility/authority, review/approval, audit evidence and integration/export semantics.",https://www.idoxgroup.com/solutions/regulatory-services/idox-cloud/,Idox Cloud workflow,WEB_VERIFIED,2026-09-21
MTC-0241,Leica Cyclone,Leica Geosystems,CBE-JP-043; CBE-JP-050; CBE-JP-076,Point Cloud Import / Registration,Import laser-scan data and register multiple setups into a common coordinate framework,Raw scanner jobs; targets; control; images,Registered point-cloud project,Import -> register -> optimize -> finalize,Reality-capture/survey authority,"Registration links, residuals and setup state",LGS; E57; point-cloud exports,"NuBlox must natively support import laser-scan data and register multiple setups into a common coordinate framework within a governed Point Cloud Import / Registration capability, preserving structured registered point-cloud project, lifecycle state, responsibility/authority, review/approval, audit evidence and integration/export semantics.",https://leica-geosystems.com/products/laser-scanners/software/leica-cyclone/leica-cyclone-register-360,Cyclone REGISTER 360 PLUS,WEB_VERIFIED,2026-09-21
MTC-0242,Leica Cyclone,Leica Geosystems,CBE-JP-043; CBE-JP-050; CBE-JP-076,Review & Optimize,Review registration quality and optimize point-cloud alignment before finalization,Registered setups/bundles; control/target data,Optimized registration,Register -> review -> optimize -> approve/finalize,Survey/reality-capture review,Registration-quality evidence,Cyclone project data,"NuBlox must natively support review registration quality and optimize point-cloud alignment before finalization within a governed Review & Optimize capability, preserving structured optimized registration, lifecycle state, responsibility/authority, review/approval, audit evidence and integration/export semantics.",https://rcdocs.leica-geosystems.com/docs/cyclone-register-360-2026-0-0-cyclone-register-360-plus-release-notes,Cyclone 2026 review/optimize,WEB_VERIFIED,2026-09-21
MTC-0243,Leica Cyclone,Leica Geosystems,CBE-JP-043; CBE-JP-050; CBE-JP-076,GeoTags,Create structured geospatial tags associated with point-cloud project information,Point cloud; location; tag metadata,GeoTag / location-linked project record,Capture -> tag -> review -> publish,Survey/reality-capture role,Tag metadata/history,Cyclone project/published outputs,"NuBlox must natively support create structured geospatial tags associated with point-cloud project information within a governed GeoTags capability, preserving structured geotag / location-linked project record, lifecycle state, responsibility/authority, review/approval, audit evidence and integration/export semantics.",https://rcdocs.leica-geosystems.com/docs/cyclone-register-360-2026-0-0-cyclone-register-360-plus-release-notes,Cyclone 2026 GeoTags,WEB_VERIFIED,2026-09-21
MTC-0244,Leica Cyclone,Leica Geosystems,CBE-JP-043; CBE-JP-050; CBE-JP-076,Registration Report,Generate client-ready registration quality reports,Finalized registration; report options,Registration report,Finalize -> report -> issue,Surveyor approval,Included setup/target/report metrics,Report/PDF-style outputs,"NuBlox must natively support generate client-ready registration quality reports within a governed Registration Report capability, preserving structured registration report, lifecycle state, responsibility/authority, review/approval, audit evidence and integration/export semantics.",https://rcdocs.leica-geosystems.com/cyclone-register-360/2025.0/report-publish,Cyclone report/publish,WEB_VERIFIED,2026-09-21
MTC-0245,Leica Cyclone,Leica Geosystems,CBE-JP-043; CBE-JP-050; CBE-JP-076,Publish / Export,Publish finalized point clouds and panoramas or export third-party point-cloud formats,Finalized registration; export settings,Published point cloud / E57/LGS deliverable,Finalize -> publish/export -> downstream use,Survey/data-release authority,Published-file settings and finalized-registration state,LGS; E57; TruView/Enterprise outputs,"NuBlox must natively support publish finalized point clouds and panoramas or export third-party point-cloud formats within a governed Publish / Export capability, preserving structured published point cloud / e57/lgs deliverable, lifecycle state, responsibility/authority, review/approval, audit evidence and integration/export semantics.",https://rcdocs.leica-geosystems.com/cyclone-register-360/2025.0/report-publish,Cyclone publishing,WEB_VERIFIED,2026-09-21
MTC-0246,Leica Infinity,Leica Geosystems,CBE-JP-043; CBE-JP-050; CBE-JP-076,Survey Data Management,"Import, visualize and manage data from GNSS, total stations, levels, scanners and other sensors",Field observations; control; BIM/CAD/GIS context,Managed survey project dataset,Import -> process -> QC -> deliver,Surveyor authority,Project data provenance and traceability,CAD/GIS/BIM/export formats,"NuBlox must natively support import, visualize and manage data from gnss, total stations, levels, scanners and other sensors within a governed Survey Data Management capability, preserving structured managed survey project dataset, lifecycle state, responsibility/authority, review/approval, audit evidence and integration/export semantics.",https://leica-geosystems.com/products/gnss-systems/software/leica-infinity,Leica Infinity,WEB_VERIFIED,2026-09-21
MTC-0247,Leica Infinity,Leica Geosystems,CBE-JP-043; CBE-JP-050; CBE-JP-076,Network Adjustment,"Run 1D/2D/3D survey-network adjustments using GNSS, total-station and level observations",Processed observations; control points; confidence/test criteria,Adjusted control coordinates and adjustment report,Prepare -> pre-check -> adjust -> validate -> report,Licensed surveyor/technical authority,"Residuals, outliers, constraints and adjustment results",Survey reports/export,"NuBlox must natively support run 1d/2d/3d survey-network adjustments using gnss, total-station and level observations within a governed Network Adjustment capability, preserving structured adjusted control coordinates and adjustment report, lifecycle state, responsibility/authority, review/approval, audit evidence and integration/export semantics.",https://leica-geosystems.com/products/gnss-systems/software/leica-infinity/capabilities/adjustment,Leica Infinity adjustment,WEB_VERIFIED,2026-09-21
MTC-0248,Leica Infinity,Leica Geosystems,CBE-JP-043; CBE-JP-050; CBE-JP-076,Feature Coding / Drafting,Process coded survey features and create styled CAD-ready linework,Field codes; measurements; code tables,Feature linework / CAD deliverable,Prepare codes -> collect -> process -> edit -> finalize,Survey/CAD review,Feature-code mapping and update state,CAD exports,"NuBlox must natively support process coded survey features and create styled cad-ready linework within a governed Feature Coding / Drafting capability, preserving structured feature linework / cad deliverable, lifecycle state, responsibility/authority, review/approval, audit evidence and integration/export semantics.",https://leica-geosystems.com/products/gnss-systems/software/leica-infinity/capabilities/features,Leica Infinity feature coding,WEB_VERIFIED,2026-09-21
MTC-0249,Leica Infinity,Leica Geosystems,CBE-JP-043; CBE-JP-050; CBE-JP-076,Construction Data Preparation,"Prepare roads, surfaces, control points and other layout data for field crews",Survey/control data; road/surface design; CAD/BIM/GIS input,Field-ready construction layout dataset,Prepare -> QC -> export/send to field,Survey/site-engineering authority,Prepared data and project report,Leica Exchange/ConX; field formats,"NuBlox must natively support prepare roads, surfaces, control points and other layout data for field crews within a governed Construction Data Preparation capability, preserving structured field-ready construction layout dataset, lifecycle state, responsibility/authority, review/approval, audit evidence and integration/export semantics.",https://leica-geosystems.com/products/total-stations/software/leica-infinity,Leica Infinity field-to-office,WEB_VERIFIED,2026-09-21
MTC-0250,Leica Infinity,Leica Geosystems,CBE-JP-043; CBE-JP-050; CBE-JP-076,Reporting / QC,Generate project reports and QC documentation with traceable processed results,Processed survey project; adjustment/feature data,Survey QC/report deliverable,Process -> QC -> report -> issue,Surveyor approval,Report and project traceability,Report/CAD/GIS/BIM exports,"NuBlox must natively support generate project reports and qc documentation with traceable processed results within a governed Reporting / QC capability, preserving structured survey qc/report deliverable, lifecycle state, responsibility/authority, review/approval, audit evidence and integration/export semantics.",https://leica-geosystems.com/products/total-stations/software/leica-infinity,Leica Infinity reporting,WEB_VERIFIED,2026-09-21
MTC-0251,MagiCAD,MagiCAD Group,CBE-JP-009; CBE-JP-046; CBE-JP-063,MEP Modelling,"Design ventilation, piping, electrical, sprinkler, drainage and related MEP systems in BIM/CAD platforms",Building model; MEP routes/systems; product data,Coordinated MEP model,Design -> calculate -> coordinate -> document,MEP engineer authority,System/object properties and model history,Revit; AutoCAD; BricsCAD; BIM exports,"NuBlox must natively support design ventilation, piping, electrical, sprinkler, drainage and related mep systems in bim/cad platforms within a governed MEP Modelling capability, preserving structured coordinated mep model, lifecycle state, responsibility/authority, review/approval, audit evidence and integration/export semantics.",https://www.magicad.com/uk/magicad-2026/,MagiCAD 2026,WEB_VERIFIED,2026-09-21
MTC-0252,MagiCAD,MagiCAD Group,CBE-JP-009; CBE-JP-046; CBE-JP-063,Integrated Engineering Calculations,"Perform built-in MEP calculations such as flow, sound, electrical and sprinkler calculations using supported standards",MEP network; loads/flows; product data; standard selection,Engineering calculation results / sized systems,Model -> calculate -> resize/check -> report,Competent MEP engineer,"Calculation standard, inputs and results",Model properties/reports,"NuBlox must natively support perform built-in mep calculations such as flow, sound, electrical and sprinkler calculations using supported standards within a governed Integrated Engineering Calculations capability, preserving structured engineering calculation results / sized systems, lifecycle state, responsibility/authority, review/approval, audit evidence and integration/export semantics.",https://www.magicad.com/mep-design/resources/standards-and-localisation/,MagiCAD supported calculations,WEB_VERIFIED,2026-09-21
MTC-0253,MagiCAD,MagiCAD Group,CBE-JP-009; CBE-JP-046; CBE-JP-063,Manufacturer Product Data,Select real manufacturer products with technical dimensions/performance data from MagiCAD Cloud/database,Product database; system requirements,Selected BIM product instances with technical data,Search/select -> place -> calculate/document,MEP design authority,Product/manufacturer/version data,MagiCAD Cloud/product databases,"NuBlox must natively support select real manufacturer products with technical dimensions/performance data from magicad cloud/database within a governed Manufacturer Product Data capability, preserving structured selected bim product instances with technical data, lifecycle state, responsibility/authority, review/approval, audit evidence and integration/export semantics.",https://portal.magicad.com/download/DisciplineSearch?categoryId=2&discipline=electrical,MagiCAD product databases,WEB_VERIFIED,2026-09-21
MTC-0254,MagiCAD,MagiCAD Group,CBE-JP-009; CBE-JP-046; CBE-JP-063,Electrical Schematics,Create and edit switchboard/electrical schematic information alongside the model,Electrical system/switchboard data,Electrical schematic sheet,Create -> edit -> review -> issue,Electrical engineer review,Schematic/model relationship,Revit sheet/model data,"NuBlox must natively support create and edit switchboard/electrical schematic information alongside the model within a governed Electrical Schematics capability, preserving structured electrical schematic sheet, lifecycle state, responsibility/authority, review/approval, audit evidence and integration/export semantics.",https://www.magicad.com/uk/magicad-2026/,MagiCAD 2026 schematics,WEB_VERIFIED,2026-09-21
MTC-0255,MagiCAD,MagiCAD Group,CBE-JP-009; CBE-JP-046; CBE-JP-063,ACC Dataset Sharing,Share project datasets through Autodesk Construction Cloud,MagiCAD project datasets,Shared coordinated project dataset,Publish/share -> collaborate -> update,Project/BIM permissions,Dataset sharing/update state,Autodesk Construction Cloud,"NuBlox must natively support share project datasets through autodesk construction cloud within a governed ACC Dataset Sharing capability, preserving structured shared coordinated project dataset, lifecycle state, responsibility/authority, review/approval, audit evidence and integration/export semantics.",https://www.magicad.com/uk/magicad-2026/,MagiCAD 2026 ACC sharing,WEB_VERIFIED,2026-09-21
MTC-0256,NBS Chorus,NBS,CBE-JP-003; CBE-JP-004; CBE-JP-005,Structured Specification Authoring,Create and edit structured construction specification clauses aligned to industry content/standards,Project brief; content libraries; clause guidance; design requirements,Structured project specification,Author -> review -> publish -> revise,Specifier/editor permissions,Clause content and publication history,Cloud; Word/PDF/other exports by plan,"NuBlox must natively support create and edit structured construction specification clauses aligned to industry content/standards within a governed Structured Specification Authoring capability, preserving structured structured project specification, lifecycle state, responsibility/authority, review/approval, audit evidence and integration/export semantics.",https://www.thenbs.com/products/nbs-chorus,NBS Chorus structured clauses,WEB_VERIFIED,2026-09-21
MTC-0257,NBS Chorus,NBS,CBE-JP-003; CBE-JP-004; CBE-JP-005,Master Specifications,Create reusable master clauses/specifications for organisational standards,Approved clauses; organisational preferences; templates,Master specification / reusable standard,Author -> approve -> reuse -> notify/update,Organisation/master permissions,Master change notifications and reuse history,Cloud,"NuBlox must natively support create reusable master clauses/specifications for organisational standards within a governed Master Specifications capability, preserving structured master specification / reusable standard, lifecycle state, responsibility/authority, review/approval, audit evidence and integration/export semantics.",https://www.thenbs.com/products/nbs-chorus/plans-features,NBS Chorus masters,WEB_VERIFIED,2026-09-21
MTC-0258,NBS Chorus,NBS,CBE-JP-003; CBE-JP-004; CBE-JP-005,Model Integration,"Link specification clauses to Revit, Archicad or Vectorworks model objects/elements",BIM model objects; NBS specification clauses/references,Model-specification associations,Connect -> associate -> coordinate changes -> review,Designer/specifier access,Clause-object references and synchronization,Revit; Archicad; Vectorworks plugins,"NuBlox must natively support link specification clauses to revit, archicad or vectorworks model objects/elements within a governed Model Integration capability, preserving structured model-specification associations, lifecycle state, responsibility/authority, review/approval, audit evidence and integration/export semantics.",https://www.thenbs.com/products/nbs-chorus/plugins,NBS Chorus model integration,WEB_VERIFIED,2026-09-21
MTC-0259,NBS Chorus,NBS,CBE-JP-003; CBE-JP-004; CBE-JP-005,Specification Notes / Decision Record,"Record project decisions, design preferences and H&S requirements alongside specification content",Specification clause; stakeholder note; rationale,Specification decision/audit note,Record -> discuss/contribute -> retain,Project collaboration permissions,Decision author/contributors and note history,Cloud,"NuBlox must natively support record project decisions, design preferences and h&s requirements alongside specification content within a governed Specification Notes / Decision Record capability, preserving structured specification decision/audit note, lifecycle state, responsibility/authority, review/approval, audit evidence and integration/export semantics.",https://www.thenbs.com/products/nbs-chorus/pro/specification-notes,NBS specification notes,WEB_VERIFIED,2026-09-21
MTC-0260,NBS Chorus,NBS,CBE-JP-003; CBE-JP-004; CBE-JP-005,Revision Tracking,"Publish specification revisions and highlight new, amended and deleted requirements",Published specification; subsequent clause changes,Controlled specification revision / change record,Publish -> change -> revise -> compare -> issue,Specifier/project authority,Publication milestones and detailed change history,ISO 19650-aligned revision workflow; exports,"NuBlox must natively support publish specification revisions and highlight new, amended and deleted requirements within a governed Revision Tracking capability, preserving structured controlled specification revision / change record, lifecycle state, responsibility/authority, review/approval, audit evidence and integration/export semantics.",https://www.thenbs.com/products/nbs-chorus/pro/revisions,NBS Chorus revisions,WEB_VERIFIED,2026-09-21
MTC-0261,NBS Chorus,NBS,CBE-JP-003; CBE-JP-004; CBE-JP-005,Schedules,Flag specification clauses into custom schedules and publish from the same shared dataset,Specification clauses; schedule definitions,Client/planning/regulatory schedule,Define -> populate -> edit -> publish,Specifier/reporting authority,Publish history,Excel; Word; PDF,"NuBlox must natively support flag specification clauses into custom schedules and publish from the same shared dataset within a governed Schedules capability, preserving structured client/planning/regulatory schedule, lifecycle state, responsibility/authority, review/approval, audit evidence and integration/export semantics.",https://www.thenbs.com/products/nbs-chorus/plans-features,NBS Chorus schedules,WEB_VERIFIED,2026-09-21
MTC-0262,Trimble Connect,Trimble,CBE-JP-033; CBE-JP-071; CBE-JP-072,Document / Model Repository,"Share and manage 3D models, drawings and project documents with revision history",Models; drawings; documents; folders; users,Controlled shared project information,Upload -> revise -> review/use -> archive,Granular collaborator permissions,Revision history and admin project history,60+ file formats,"NuBlox must natively support share and manage 3d models, drawings and project documents with revision history within a governed Document / Model Repository capability, preserving structured controlled shared project information, lifecycle state, responsibility/authority, review/approval, audit evidence and integration/export semantics.",https://help.trimble.com/doc/trimble-connect/trimble-connect/welcome-to-trimble-connect,Trimble Connect,WEB_VERIFIED,2026-09-21
MTC-0263,Trimble Connect,Trimble,CBE-JP-033; CBE-JP-071; CBE-JP-072,Model Review,View and review constructible models across desktop/browser/mobile/MR,3D models; drawings; federated project data,Review viewpoints/comments/coordination context,Publish -> review -> feedback -> update,Project collaborator permissions,Feedback and model/document revision history,Many CAD/BIM formats,"NuBlox must natively support view and review constructible models across desktop/browser/mobile/mr within a governed Model Review capability, preserving structured review viewpoints/comments/coordination context, lifecycle state, responsibility/authority, review/approval, audit evidence and integration/export semantics.",https://help.trimble.com/doc/trimble-connect/trimble-connect/welcome-to-trimble-connect,Trimble Connect review,WEB_VERIFIED,2026-09-21
MTC-0264,Trimble Connect,Trimble,CBE-JP-033; CBE-JP-071; CBE-JP-072,To-dos / Task Collaboration,"Compile feedback, assign to-dos and track project activities",Model/document context; feedback; assignee,To-do / task record,Create -> assign -> work -> close,Assigned collaborator roles,Task/project history,Trimble Connect,"NuBlox must natively support compile feedback, assign to-dos and track project activities within a governed To-dos / Task Collaboration capability, preserving structured to-do / task record, lifecycle state, responsibility/authority, review/approval, audit evidence and integration/export semantics.",https://help.trimble.com/doc/trimble-connect/trimble-connect/welcome-to-trimble-connect,Trimble Connect to-dos,WEB_VERIFIED,2026-09-21
MTC-0265,Trimble Connect,Trimble,CBE-JP-033; CBE-JP-071; CBE-JP-072,Permissions,Assign granular project access rights to collaborators,Project/folder/data; users/groups,Access-control state,Invite -> grant/restrict -> revise/revoke,Admin/project authority,Permission/project history,Cloud identity/access,"NuBlox must natively support assign granular project access rights to collaborators within a governed Permissions capability, preserving structured access-control state, lifecycle state, responsibility/authority, review/approval, audit evidence and integration/export semantics.",https://help.trimble.com/doc/trimble-connect/trimble-connect/welcome-to-trimble-connect,Trimble Connect permissions,WEB_VERIFIED,2026-09-21
MTC-0266,Trimble Siteworks,Trimble,CBE-JP-040; CBE-JP-064; CBE-JP-082,Survey Measurement,"Measure points, lines and surfaces using GNSS or total-station workflows",GNSS/total station; control; design/work order,Measured site data,Setup -> measure -> store -> report/export,Field engineer/surveyor authority,Continuous site activity/result record,CSV; TXT; TTM; DXF; VCL and survey formats,"NuBlox must natively support measure points, lines and surfaces using gnss or total-station workflows within a governed Survey Measurement capability, preserving structured measured site data, lifecycle state, responsibility/authority, review/approval, audit evidence and integration/export semantics.",https://help.fieldsystems.trimble.com/siteworks/en/overview.htm,Trimble Siteworks overview,WEB_VERIFIED,2026-09-21
MTC-0267,Trimble Siteworks,Trimble,CBE-JP-040; CBE-JP-064; CBE-JP-082,Stakeout,"Stake points, lines, alignments, surfaces and corridor features from design data",Design points/lines/alignments/surfaces/corridors,Stake report / set-out record,Load design -> select object -> stake -> record,Survey/site-engineering authority,Stake result stored with design/work order,CSV; VCL; TTM; DXF/DWG,"NuBlox must natively support stake points, lines, alignments, surfaces and corridor features from design data within a governed Stakeout capability, preserving structured stake report / set-out record, lifecycle state, responsibility/authority, review/approval, audit evidence and integration/export semantics.",https://help.fieldsystems.trimble.com/siteworks/en/stakeout-workflow.htm,Siteworks stakeout,WEB_VERIFIED,2026-09-21
MTC-0268,Trimble Siteworks,Trimble,CBE-JP-040; CBE-JP-064; CBE-JP-082,Grade / Cut-Fill Checks,Compare measured position/elevation against design surfaces to report cut/fill and grade,Design surface; measured field position,Grade/cut-fill check result,Measure -> compare -> record -> correct,Field engineer/grade checker,Grade-check and surface result record,TTM/VCL/design data,"NuBlox must natively support compare measured position/elevation against design surfaces to report cut/fill and grade within a governed Grade / Cut-Fill Checks capability, preserving structured grade/cut-fill check result, lifecycle state, responsibility/authority, review/approval, audit evidence and integration/export semantics.",https://help.fieldsystems.trimble.com/siteworks/en/stakeout-workflow-surfaces.htm,Siteworks surfaces,WEB_VERIFIED,2026-09-21
MTC-0269,Trimble Siteworks,Trimble,CBE-JP-040; CBE-JP-064; CBE-JP-082,Progress Volumes / As-builts,"Measure site progress, material volumes and as-built information",Measured points/surfaces; design surface,Progress volume / as-built dataset,Capture -> calculate -> check -> export,Site/survey authority,Permanent construction record,CSV; TXT; TTM; DXF,"NuBlox must natively support measure site progress, material volumes and as-built information within a governed Progress Volumes / As-builts capability, preserving structured progress volume / as-built dataset, lifecycle state, responsibility/authority, review/approval, audit evidence and integration/export semantics.",https://civilconstruction.trimble.com/en/products/site-surveying/siteworks,Siteworks progress/as-builts,WEB_VERIFIED,2026-09-21
MTC-0270,Trimble Siteworks,Trimble,CBE-JP-040; CBE-JP-064; CBE-JP-082,Machine Guidance,Use survey-grade design/positioning in supported construction machines for guidance and material placement,Design surface/model; GNSS sensors; machine geometry,Machine-guidance position / as-built measurements,Load design -> operate to design -> check/record,Machine operator/site-engineering roles,Grade/as-built records,LandXML/design data; Siteworks hardware,"NuBlox must natively support use survey-grade design/positioning in supported construction machines for guidance and material placement within a governed Machine Guidance capability, preserving structured machine-guidance position / as-built measurements, lifecycle state, responsibility/authority, review/approval, audit evidence and integration/export semantics.",https://civilconstruction.trimble.com/en/products/machine-control-and-guidance/siteworks-machine-guidance,Siteworks machine guidance,WEB_VERIFIED,2026-09-21
MTC-0271,Vectorworks Architect,Vectorworks,CBE-JP-003; CBE-JP-004; CBE-JP-005,BIM / 3D Design,Create building and site design from conceptual massing through detailed BIM and documentation,Design geometry; spaces; building objects; site data,BIM design model,Pre-design -> schematic -> design development -> documentation,Architect/design authority,Model object data and project state,IFC; Revit; SketchUp; Rhino; DWG and others,"NuBlox must natively support create building and site design from conceptual massing through detailed bim and documentation within a governed BIM / 3D Design capability, preserving structured bim design model, lifecycle state, responsibility/authority, review/approval, audit evidence and integration/export semantics.",https://www.vectorworks.net/en-US/architect,Vectorworks Architect,WEB_VERIFIED,2026-09-21
MTC-0272,Vectorworks Architect,Vectorworks,CBE-JP-003; CBE-JP-004; CBE-JP-005,Data-driven Documentation,Generate construction documentation that updates from underlying model data,BIM model; viewports; object data,Drawings / construction documentation,Model -> document -> revise -> issue,Architect/technologist review,Model-document relationship,Vectorworks/PDF/export,"NuBlox must natively support generate construction documentation that updates from underlying model data within a governed Data-driven Documentation capability, preserving structured drawings / construction documentation, lifecycle state, responsibility/authority, review/approval, audit evidence and integration/export semantics.",https://www.vectorworks.net/en-US/architect,Vectorworks documentation,WEB_VERIFIED,2026-09-21
MTC-0273,Vectorworks Architect,Vectorworks,CBE-JP-003; CBE-JP-004; CBE-JP-005,Worksheets / Reporting,"Quantify BIM information, automate schedules and calculate design/cost data",Model objects; records; worksheet formulas,Worksheet / schedule / quantity report,Model -> calculate/schedule -> review -> publish,Design/commercial review,Worksheet formulas and linked model data,Worksheet/Excel sync; reports,"NuBlox must natively support quantify bim information, automate schedules and calculate design/cost data within a governed Worksheets / Reporting capability, preserving structured worksheet / schedule / quantity report, lifecycle state, responsibility/authority, review/approval, audit evidence and integration/export semantics.",https://www.vectorworks.net/en-US/architect,Vectorworks BIM information,WEB_VERIFIED,2026-09-21
MTC-0274,Vectorworks Architect,Vectorworks,CBE-JP-003; CBE-JP-004; CBE-JP-005,IFC / openBIM Interoperability,Exchange coordinated models through IFC and other design formats,Vectorworks BIM model; object/classification data,IFC/openBIM exchange model,Author -> export/import -> coordinate,BIM manager/design authority,Exported model/data mappings,IFC; Revit; SketchUp; Rhino; DWG,"NuBlox must natively support exchange coordinated models through ifc and other design formats within a governed IFC / openBIM Interoperability capability, preserving structured ifc/openbim exchange model, lifecycle state, responsibility/authority, review/approval, audit evidence and integration/export semantics.",https://www.vectorworks.net/en-US/architect,Vectorworks interoperability,WEB_VERIFIED,2026-09-21
MTC-0275,Vectorworks Architect,Vectorworks,CBE-JP-003; CBE-JP-004; CBE-JP-005,Sustainability Dashboard,"Calculate live embodied-carbon, urban-greening, biodiversity and related design metrics from model data",Parametric objects; material styles; site/habitat inputs,Sustainability KPI/dashboard results,Design -> calculate live -> compare -> revise,Architect/sustainability review,Metrics tied to live model data,Dashboard/report; LCA integration,"NuBlox must natively support calculate live embodied-carbon, urban-greening, biodiversity and related design metrics from model data within a governed Sustainability Dashboard capability, preserving structured sustainability kpi/dashboard results, lifecycle state, responsibility/authority, review/approval, audit evidence and integration/export semantics.",https://www.vectorworks.net/en-US/newsroom/architecture-features-architect-2026,Vectorworks 2026 sustainability,WEB_VERIFIED,2026-09-21
MTC-0276,Vectorworks Architect,Vectorworks,CBE-JP-003; CBE-JP-004; CBE-JP-005,Renovation / Phasing,Assign and manage data-driven renovation/construction phases in project information,Project objects; phase/status definitions,Phased model/documentation state,Existing -> proposed/demolition/new/phase states -> document,Architect/project authority,Phase assignments and revision state,Vectorworks 2026,"NuBlox must natively support assign and manage data-driven renovation/construction phases in project information within a governed Renovation / Phasing capability, preserving structured phased model/documentation state, lifecycle state, responsibility/authority, review/approval, audit evidence and integration/export semantics.",https://www.vectorworks.net/en-US/newsroom/2026-update-4,Vectorworks 2026 phasing,WEB_VERIFIED,2026-09-21
MTC-0277,ArcGIS Urban,Esri,CBE-JP-057; CBE-JP-079,Urban Plans,Create zoning or land-use plans for long-range planning study areas,Parcels; zoning/land-use data; study area; urban model,Urban plan,Create -> configure -> scenario edit -> share,Licensed planning/editor permissions,"Plan ownership, scenarios and urban-model copy",ArcGIS Urban / Excel reports,"NuBlox must natively support create zoning or land-use plans for long-range planning study areas within a governed Urban Plans capability, preserving structured urban plan, lifecycle state, responsibility/authority, review/approval, audit evidence and integration/export semantics.",https://doc.esri.com/en/arcgis-urban/latest/get-started/get-started-plans.html,ArcGIS Urban plans,WEB_VERIFIED,2026-09-21
MTC-0278,ArcGIS Urban,Esri,CBE-JP-057; CBE-JP-079,Scenario Planning,"Create, lock and compare alternative zoning/land-use/development scenarios",Existing scenario; zoning/land-use types; parcel/building data,Plan scenario,Existing -> scenario copy -> edit -> compare/lock,Urban editor permissions,Scenario configuration and lock state,ArcGIS Urban,"NuBlox must natively support create, lock and compare alternative zoning/land-use/development scenarios within a governed Scenario Planning capability, preserving structured plan scenario, lifecycle state, responsibility/authority, review/approval, audit evidence and integration/export semantics.",https://doc.esri.com/en/arcgis-urban/latest/help/help-scenarios.html,ArcGIS Urban scenarios,WEB_VERIFIED,2026-09-21
MTC-0279,ArcGIS Urban,Esri,CBE-JP-057; CBE-JP-079,3D Zoning / Development,Translate zoning parameters into 3D envelopes/building forms and test regulations,Parcel; zoning code; FAR/height/setback/coverage parameters,3D zoning envelope / plausible development model,Regulation -> model -> compare -> revise,Planner/urban designer permissions,Scenario geometry and regulation state,Web 3D urban model,"NuBlox must natively support translate zoning parameters into 3d envelopes/building forms and test regulations within a governed 3D Zoning / Development capability, preserving structured 3d zoning envelope / plausible development model, lifecycle state, responsibility/authority, review/approval, audit evidence and integration/export semantics.",https://www.esri.com/en-us/arcgis/products/arcgis-urban/features/3d-scenario-modeling,ArcGIS Urban 3D scenario modelling,WEB_VERIFIED,2026-09-21
MTC-0280,ArcGIS Urban,Esri,CBE-JP-057; CBE-JP-079,Metrics / Suitability Analysis,Calculate planning metrics and suitability to quantify scenario impacts,Scenario; metric definitions; parcel/building/space-use data,Metric / suitability analysis result,Configure -> calculate -> compare,Planner/analyst review,Metric inputs/calculation by scenario,Dashboard/report,"NuBlox must natively support calculate planning metrics and suitability to quantify scenario impacts within a governed Metrics / Suitability Analysis capability, preserving structured metric / suitability analysis result, lifecycle state, responsibility/authority, review/approval, audit evidence and integration/export semantics.",https://doc.esri.com/en/arcgis-urban/latest/get-started/get-started-analysis.html,ArcGIS Urban analysis,WEB_VERIFIED,2026-09-21
MTC-0281,ArcGIS Urban,Esri,CBE-JP-057; CBE-JP-079,Scenario Comparison Reporting,"Export scenario comparison data and charts for metrics, zoning/land use and space use",Plan scenarios; calculated metrics,Scenario comparison workbook,Compare -> export -> review,Planning/reporting authority,Report date/version and supporting data,Excel,"NuBlox must natively support export scenario comparison data and charts for metrics, zoning/land use and space use within a governed Scenario Comparison Reporting capability, preserving structured scenario comparison workbook, lifecycle state, responsibility/authority, review/approval, audit evidence and integration/export semantics.",https://doc.esri.com/en/arcgis-urban/latest/help/help-create-scenario-comparison-report.html,ArcGIS Urban scenario reports,WEB_VERIFIED,2026-09-21
MTC-0282,ARGUS Enterprise,Altus Group,CBE-JP-042; CBE-JP-057,Property Cash Flow Modelling,"Model lease-by-lease property income, expenses and market leasing assumptions",Property/tenant/lease data; market assumptions; OpEx/CapEx,Property cash-flow model,Model -> forecast -> review/update,Valuer/asset manager authority,Assumption/model data and reports,ARGUS Intelligence / Excel/data integrations,"NuBlox must natively support model lease-by-lease property income, expenses and market leasing assumptions within a governed Property Cash Flow Modelling capability, preserving structured property cash-flow model, lifecycle state, responsibility/authority, review/approval, audit evidence and integration/export semantics.",https://www.altusgroup.com/solutions/argus-enterprise/,ARGUS Enterprise cashflow,WEB_VERIFIED,2026-09-21
MTC-0283,ARGUS Enterprise,Altus Group,CBE-JP-042; CBE-JP-057,Valuation / Yield Analysis,Calculate property valuations using DCF and traditional capitalization methods,Cash flows; yields; discount rates; terminal cap/growth assumptions,Property valuation / yield result,Model -> value -> sensitivity/review -> issue,Qualified valuer/investment authority,Valuation assumptions and calculation output,ARGUS models/reports,"NuBlox must natively support calculate property valuations using dcf and traditional capitalization methods within a governed Valuation / Yield Analysis capability, preserving structured property valuation / yield result, lifecycle state, responsibility/authority, review/approval, audit evidence and integration/export semantics.",https://www.altusgroup.com/solutions/argus-enterprise/,ARGUS Enterprise valuation,WEB_VERIFIED,2026-09-21
MTC-0284,ARGUS Enterprise,Altus Group,CBE-JP-042; CBE-JP-057,Lease Modelling,"Model individual leases, vacant space and renewals to forecast assured/new income",Lease terms; tenant; space; market leasing assumptions,Lease-level cash-flow schedule,Current lease -> expiry/renewal/vacancy -> forecast,Valuer/asset manager,Lease assumptions and resulting cash flow,ARGUS model,"NuBlox must natively support model individual leases, vacant space and renewals to forecast assured/new income within a governed Lease Modelling capability, preserving structured lease-level cash-flow schedule, lifecycle state, responsibility/authority, review/approval, audit evidence and integration/export semantics.",https://www.altusgroup.com/solutions/argus-enterprise/,ARGUS Enterprise lease modelling,WEB_VERIFIED,2026-09-21
MTC-0285,ARGUS Enterprise,Altus Group,CBE-JP-042; CBE-JP-057,Budgeting / Forecasting,Build property budgets and forecasts with budget-to-actual/prior-year comparisons,Property cash-flow model; actuals; prior-year budget; assumptions,Property budget / forecast,Budget -> actual -> reforecast,Asset/finance authority,Budget and forecast assumptions/versions,Property-management integrations,"NuBlox must natively support build property budgets and forecasts with budget-to-actual/prior-year comparisons within a governed Budgeting / Forecasting capability, preserving structured property budget / forecast, lifecycle state, responsibility/authority, review/approval, audit evidence and integration/export semantics.",https://www.altusgroup.com/solutions/argus-enterprise/,ARGUS budgeting,WEB_VERIFIED,2026-09-21
MTC-0286,ARGUS Enterprise,Altus Group,CBE-JP-042; CBE-JP-057,Scenario / Sensitivity Analysis,"Run what-if and sensitivity analysis on yields, growth rates and other assumptions",Base valuation/cash flow; alternative assumptions,Scenario comparison / sensitivity matrix,Base -> scenario -> compare -> decision,Valuation/investment authority,Scenario assumptions and comparison outputs,Reports/export,"NuBlox must natively support run what-if and sensitivity analysis on yields, growth rates and other assumptions within a governed Scenario / Sensitivity Analysis capability, preserving structured scenario comparison / sensitivity matrix, lifecycle state, responsibility/authority, review/approval, audit evidence and integration/export semantics.",https://www.altusgroup.com/solutions/argus-enterprise/,ARGUS scenarios,WEB_VERIFIED,2026-09-21
MTC-0287,Autodesk Takeoff,Autodesk,CBE-JP-034; CBE-JP-060,2D Takeoff,"Measure linear, count and area quantities from drawings with multiple quantity outputs/formulas",Current project drawings; takeoff type; scale/classification,2D takeoff quantity instances,Document -> measure -> classify -> review/update,Estimator/QS permissions,"Takeoff instance, source document and quantity data",ACC/Forma; reports,"NuBlox must natively support measure linear, count and area quantities from drawings with multiple quantity outputs/formulas within a governed 2D Takeoff capability, preserving structured 2d takeoff quantity instances, lifecycle state, responsibility/authority, review/approval, audit evidence and integration/export semantics.",https://www.autodesk.com/products/forma-takeoff/overview,Forma Takeoff 2D,WEB_VERIFIED,2026-09-21
MTC-0288,Autodesk Takeoff,Autodesk,CBE-JP-034; CBE-JP-060,3D Takeoff,Generate quantities from BIM model objects and apply custom formulas,BIM model; model object properties; takeoff definitions,3D model-derived quantities,Model -> quantify -> classify -> review,Estimator/QS permissions,Model-object/takeoff relationship,BIM/ACC/Forma,"NuBlox must natively support generate quantities from bim model objects and apply custom formulas within a governed 3D Takeoff capability, preserving structured 3d model-derived quantities, lifecycle state, responsibility/authority, review/approval, audit evidence and integration/export semantics.",https://www.autodesk.com/products/forma-takeoff/overview,Forma Takeoff 3D,WEB_VERIFIED,2026-09-21
MTC-0289,Autodesk Takeoff,Autodesk,CBE-JP-034; CBE-JP-060,Takeoff Packages / Scope,Organize takeoff work into packages by scope and aggregate quantities,2D/3D takeoff instances; scope/package definitions,Takeoff package / scoped quantity set,Create package -> measure -> aggregate -> audit,Estimator/team permissions,Package membership and quantity inventory,ACC/Forma,"NuBlox must natively support organize takeoff work into packages by scope and aggregate quantities within a governed Takeoff Packages / Scope capability, preserving structured takeoff package / scoped quantity set, lifecycle state, responsibility/authority, review/approval, audit evidence and integration/export semantics.",https://www.autodesk.com/products/forma-takeoff/overview,Forma Takeoff packages,WEB_VERIFIED,2026-09-21
MTC-0290,Autodesk Takeoff,Autodesk,CBE-JP-034; CBE-JP-060,Aggregated Quantities,"Combine 2D and 3D quantities and roll them up by classification, type and location",2D/3D takeoffs; classification; location,Aggregated quantity inventory,Measure -> combine -> roll up -> report,Estimator/QS review,"Quantity source, classification and location",Excel/estimating integrations,"NuBlox must natively support combine 2d and 3d quantities and roll them up by classification, type and location within a governed Aggregated Quantities capability, preserving structured aggregated quantity inventory, lifecycle state, responsibility/authority, review/approval, audit evidence and integration/export semantics.",https://construction.autodesk.com/tools/construction-takeoff-software/,Autodesk construction takeoff,WEB_VERIFIED,2026-09-21
MTC-0291,Autodesk Takeoff,Autodesk,CBE-JP-034; CBE-JP-060,Takeoff Reports,"Generate inventory reports containing classification, document, location, package, quantity and cost fields",Takeoff inventory; filters/sort; optional cost data,Takeoff inventory report,Quantify -> configure report -> issue,Estimating/reporting authority,Created by/on and included instance data,PDF; XLSX,"NuBlox must natively support generate inventory reports containing classification, document, location, package, quantity and cost fields within a governed Takeoff Reports capability, preserving structured takeoff inventory report, lifecycle state, responsibility/authority, review/approval, audit evidence and integration/export semantics.",https://help.autodesk.com/cloudhelp/ENU/Docs-Reports/files/report-types/preconstruction-reports/Takeoff_Reports.html,Autodesk Takeoff reports,WEB_VERIFIED,2026-09-21
MTC-0292,Agisoft Metashape,Agisoft,CBE-JP-021; CBE-JP-074,Photogrammetric Alignment,Align overlapping photographs and solve camera positions/calibration,Digital images; camera metadata; optional control points,Aligned camera set / sparse reconstruction,Import -> align -> inspect -> refine,Survey/heritage capture authority,Camera alignment/calibration state,Metashape project; image formats,"NuBlox must natively support align overlapping photographs and solve camera positions/calibration within a governed Photogrammetric Alignment capability, preserving structured aligned camera set / sparse reconstruction, lifecycle state, responsibility/authority, review/approval, audit evidence and integration/export semantics.",https://www.agisoft.com/,Agisoft Metashape photogrammetry,WEB_VERIFIED,2026-09-21
MTC-0293,Agisoft Metashape,Agisoft,CBE-JP-021; CBE-JP-074,Dense Point Cloud / 3D Reconstruction,Generate dense 3D spatial data from aligned imagery,Aligned images/cameras; depth-map settings,Dense point cloud / spatial reconstruction,Aligned -> depth maps -> dense cloud -> clean,Survey/reality-capture review,Reconstruction parameters and source images,LAS/LAZ/E57/PLY and project formats,"NuBlox must natively support generate dense 3d spatial data from aligned imagery within a governed Dense Point Cloud / 3D Reconstruction capability, preserving structured dense point cloud / spatial reconstruction, lifecycle state, responsibility/authority, review/approval, audit evidence and integration/export semantics.",https://www.agisoft.com/,Agisoft Metashape spatial data,WEB_VERIFIED,2026-09-21
MTC-0294,Agisoft Metashape,Agisoft,CBE-JP-021; CBE-JP-074,Mesh / Texture Generation,Build polygonal surface models and photographic textures from reconstructed imagery,Dense cloud/depth maps; images,Textured 3D mesh,Reconstruct -> mesh -> texture -> review/export,Heritage/reality-capture reviewer,Mesh/texture derivation from project state,OBJ/PLY/FBX and related formats,"NuBlox must natively support build polygonal surface models and photographic textures from reconstructed imagery within a governed Mesh / Texture Generation capability, preserving structured textured 3d mesh, lifecycle state, responsibility/authority, review/approval, audit evidence and integration/export semantics.",https://www.agisoft.com/,Agisoft Metashape 3D modelling,WEB_VERIFIED,2026-09-21
MTC-0295,Agisoft Metashape,Agisoft,CBE-JP-021; CBE-JP-074,Orthomosaic / DEM,Generate georeferenced orthomosaics and digital elevation models,Georeferenced reconstruction; ground control; imagery,Orthomosaic / DEM,Georeference -> build DEM -> build orthomosaic -> validate,Survey/geospatial authority,Ground-control/georeferencing and output metadata,GeoTIFF and GIS formats,"NuBlox must natively support generate georeferenced orthomosaics and digital elevation models within a governed Orthomosaic / DEM capability, preserving structured orthomosaic / dem, lifecycle state, responsibility/authority, review/approval, audit evidence and integration/export semantics.",https://www.agisoft.com/,Agisoft Metashape GIS outputs,WEB_VERIFIED,2026-09-21
MTC-0296,Agisoft Metashape,Agisoft,CBE-JP-021; CBE-JP-074,Measurement / Inspection,"Measure distance, area, volume and profiles from processed 3D data",3D model/point cloud; measurement geometry,Measurement / inspection record,Process -> measure -> annotate/report,Survey/conservation authority,Measurement geometry tied to reconstruction,Viewer/project/report outputs,"NuBlox must natively support measure distance, area, volume and profiles from processed 3d data within a governed Measurement / Inspection capability, preserving structured measurement / inspection record, lifecycle state, responsibility/authority, review/approval, audit evidence and integration/export semantics.",https://www.agisoft.com/downloads/installer/,Agisoft Viewer measurement capability,WEB_VERIFIED,2026-09-21
MTC-0297,Arches,Arches Project,CBE-JP-021; CBE-JP-047,Heritage Resource Records,Create and manage structured heritage resource records using configurable data models,Heritage place/object/person/activity data; vocabularies; spatial information,Heritage resource record,Create -> enrich -> review/authorize -> update,Configured heritage-record authority,"Audit metadata, record status and structured relationships",GeoJSON; CSV; shapefile; OGC services,"NuBlox must natively support create and manage structured heritage resource records using configurable data models within a governed Heritage Resource Records capability, preserving structured heritage resource record, lifecycle state, responsibility/authority, review/approval, audit evidence and integration/export semantics.",https://www.archesproject.org/,Arches heritage data management,WEB_VERIFIED,2026-09-21
MTC-0298,Arches,Arches Project,CBE-JP-021; CBE-JP-047,Spatial / GIS Management,"Map, search and manage geospatial heritage information",Resource geometry; coordinate systems; map layers,Mapped heritage resource / spatial dataset,Capture -> georeference -> validate -> publish/use,HER/GIS authority,"Spatial accuracy, coordinate-system and update metadata",GeoJSON; KML; Shapefile; OGC services,"NuBlox must natively support map, search and manage geospatial heritage information within a governed Spatial / GIS Management capability, preserving structured mapped heritage resource / spatial dataset, lifecycle state, responsibility/authority, review/approval, audit evidence and integration/export semantics.",https://www.archesproject.org/standards-and-interoperability/,Arches geospatial interoperability,WEB_VERIFIED,2026-09-21
MTC-0299,Arches,Arches Project,CBE-JP-021; CBE-JP-047,Controlled Vocabularies,Manage thesauri/concepts to standardize heritage terminology,Concept schemes; terms; language/relationships,Controlled vocabulary / concept record,Create/import -> govern -> use -> revise,Information-governance authority,Vocabulary provenance and relationship structure,Linked-data / standards-based vocabularies,"NuBlox must natively support manage thesauri/concepts to standardize heritage terminology within a governed Controlled Vocabularies capability, preserving structured controlled vocabulary / concept record, lifecycle state, responsibility/authority, review/approval, audit evidence and integration/export semantics.",https://www.archesproject.org/,Arches controlled vocabularies,WEB_VERIFIED,2026-09-21
MTC-0300,Arches,Arches Project,CBE-JP-021; CBE-JP-047,Consultation / Planning Workflow,Manage heritage consultations and integrate resource data into planning workflows,Consultation case; heritage resources; application area; documents,Consultation / planning heritage assessment record,Receive -> assess -> consult -> respond/close,Heritage/planning officer authority,Case/resource links and workflow status,Web/GIS exports,"NuBlox must natively support manage heritage consultations and integrate resource data into planning workflows within a governed Consultation / Planning Workflow capability, preserving structured consultation / planning heritage assessment record, lifecycle state, responsibility/authority, review/approval, audit evidence and integration/export semantics.",https://www.archesproject.org/arches-for-hers/,Arches for HERs,WEB_VERIFIED,2026-09-21
MTC-0301,Arches,Arches Project,CBE-JP-021; CBE-JP-047,Search / Reporting / Export,"Search heritage inventories by term, thesaurus, spatial and temporal filters and export results",Heritage resource graph; search criteria,Search result / report / export dataset,Search -> filter -> inspect -> export,User/data-access permissions,Search/export context and record metadata,CSV; HTML; Shapefile; Excel-style exports,"NuBlox must natively support search heritage inventories by term, thesaurus, spatial and temporal filters and export results within a governed Search / Reporting / Export capability, preserving structured search result / report / export dataset, lifecycle state, responsibility/authority, review/approval, audit evidence and integration/export semantics.",https://herdemo.archesproject.org/search,Arches for HERs search/export,WEB_VERIFIED,2026-09-21
MTC-0302,Asite,Asite,CBE-JP-022; CBE-JP-024,Common Data Environment,"Store, control and collaborate on project documents and structured information in a single source of truth",Drawings; documents; models; metadata; users,Controlled project-information record,Upload -> review/workflow -> current/superseded -> handover,Information-manager/project permissions,"Version, attribute and workflow history",300+ viewable file types; integrations,"NuBlox must natively support store, control and collaborate on project documents and structured information in a single source of truth within a governed Common Data Environment capability, preserving structured controlled project-information record, lifecycle state, responsibility/authority, review/approval, audit evidence and integration/export semantics.",https://www.asite.com/project-portfolio-management-ppm/common-data-environment-cde,Asite CDE,WEB_VERIFIED,2026-09-21
MTC-0303,Asite,Asite,CBE-JP-022; CBE-JP-024,Document Version Control,Manage file revisions and ensure teams use latest controlled information,File; document attributes; revision/title rules,Controlled document revision,Create/upload -> revise -> validate -> current,Document-control authority,Revision/version/attribute history,DOCX; XLSX; project files,"NuBlox must natively support manage file revisions and ensure teams use latest controlled information within a governed Document Version Control capability, preserving structured controlled document revision, lifecycle state, responsibility/authority, review/approval, audit evidence and integration/export semantics.",https://www.asite.com/common-data-environment-for-infrastructure,Asite CDE version control,WEB_VERIFIED,2026-09-21
MTC-0304,Asite,Asite,CBE-JP-022; CBE-JP-024,Workflow Automation,Configure collaborative information processes and route files/forms through defined project workflows,Files/forms; workflow rules; roles; scripts,Workflow task / review / approval record,Submit -> route -> review/action -> complete,Configured role-based authority,Workflow/task history,CDE workflows; Groovy automation,"NuBlox must natively support configure collaborative information processes and route files/forms through defined project workflows within a governed Workflow Automation capability, preserving structured workflow task / review / approval record, lifecycle state, responsibility/authority, review/approval, audit evidence and integration/export semantics.",https://help.asite.com/en/articles/13595753-new-features-enhancements-2026,Asite 2026 workflow enhancements,WEB_VERIFIED,2026-09-21
MTC-0305,Asite,Asite,CBE-JP-022; CBE-JP-024,AppBuilder Forms,Create structured project forms and process data through configurable form workflows,HTML/XSN form definitions; project metadata,Structured project form / transaction record,Design form -> publish -> complete -> workflow,Configured form/workflow roles,Form submissions and workflow history,HTML/XSN and platform data,"NuBlox must natively support create structured project forms and process data through configurable form workflows within a governed AppBuilder Forms capability, preserving structured structured project form / transaction record, lifecycle state, responsibility/authority, review/approval, audit evidence and integration/export semantics.",https://help.asite.com/en/articles/13595753-new-features-enhancements-2026,Asite 2026 AppBuilder,WEB_VERIFIED,2026-09-21
MTC-0306,Asite,Asite,CBE-JP-022; CBE-JP-024,3D Repo Coordination,View/interrogate BIM data and collaborate on model information in browser-based workflows,BIM models; model data; issues/comments,Coordinated 3D model / issue context,Publish -> review -> issue -> resolve,BIM/project roles,Model issue/comment history,BIM/open model formats,"NuBlox must natively support view/interrogate bim data and collaborate on model information in browser-based workflows within a governed 3D Repo Coordination capability, preserving structured coordinated 3d model / issue context, lifecycle state, responsibility/authority, review/approval, audit evidence and integration/export semantics.",https://www.asite.com/,Asite 3D Repo,WEB_VERIFIED,2026-09-21
MTC-0307,Autodesk Fusion,Autodesk,CBE-JP-039; CBE-JP-084,Parametric CAD Modelling,"Create parametric, direct, surface, mesh and sheet-metal product geometry",Design requirements; sketches; parameters; imported geometry,3D CAD part/assembly model,Concept -> design -> revise -> release/manufacture,Designer/engineer authority,Design-history and cloud data state,Fusion; STEP; IGES; SAT; DWG/DXF and 50+ translators,"NuBlox must natively support create parametric, direct, surface, mesh and sheet-metal product geometry within a governed Parametric CAD Modelling capability, preserving structured 3d cad part/assembly model, lifecycle state, responsibility/authority, review/approval, audit evidence and integration/export semantics.",https://www.autodesk.com/uk/products/fusion-360/overview,Autodesk Fusion integrated CAD,WEB_VERIFIED,2026-09-21
MTC-0308,Autodesk Fusion,Autodesk,CBE-JP-039; CBE-JP-084,Assemblies / BOM,Create assemblies/configurations and maintain bill-of-material information,Parts/components; assembly relationships; configuration rules,Assembly definition / BOM,Design -> configure -> release/manufacture,Design/manufacturing authority,Component relationships and BOM state,Fusion/BOM/export formats,"NuBlox must natively support create assemblies/configurations and maintain bill-of-material information within a governed Assemblies / BOM capability, preserving structured assembly definition / bom, lifecycle state, responsibility/authority, review/approval, audit evidence and integration/export semantics.",https://www.autodesk.com/uk/products/fusion-360/overview,Autodesk Fusion BOM/configurations,WEB_VERIFIED,2026-09-21
MTC-0309,Autodesk Fusion,Autodesk,CBE-JP-039; CBE-JP-084,CAM Toolpath Generation,"Generate 2D through 5-axis machining, turning and turn-mill toolpaths from product geometry",CAD model; stock; tools; machine; machining strategy,CAM setup / toolpaths / NC program,Design -> CAM setup -> simulate/verify -> post -> machine,Manufacturing engineer/machinist authority,Toolpath parameters and design linkage,CAM360; NC via post processors,"NuBlox must natively support generate 2d through 5-axis machining, turning and turn-mill toolpaths from product geometry within a governed CAM Toolpath Generation capability, preserving structured cam setup / toolpaths / nc program, lifecycle state, responsibility/authority, review/approval, audit evidence and integration/export semantics.",https://www.autodesk.com/products/fusion-360/manufacturing,Autodesk Fusion manufacturing,WEB_VERIFIED,2026-09-21
MTC-0310,Autodesk Fusion,Autodesk,CBE-JP-039; CBE-JP-084,Nesting / Fabrication,Arrange sheet components and create fabrication-ready nesting outputs,Sheet-metal parts; stock/sheet constraints,Nest / fabrication layout,Design -> nest -> generate toolpaths -> cut,Manufacturing/fabrication authority,Nest/layout and source-part relationship,DXF; CAM; fabrication outputs,"NuBlox must natively support arrange sheet components and create fabrication-ready nesting outputs within a governed Nesting / Fabrication capability, preserving structured nest / fabrication layout, lifecycle state, responsibility/authority, review/approval, audit evidence and integration/export semantics.",https://www.autodesk.com/uk/products/fusion-360/fabrication,Fusion sheet fabrication,WEB_VERIFIED,2026-09-21
MTC-0311,Autodesk Fusion,Autodesk,CBE-JP-039; CBE-JP-084,Inspection / Probing,Generate probing and inspection operations to validate manufactured parts,CAD model; tolerance/inspection geometry; machine probing setup,Inspection result / probing program,Plan inspection -> probe -> measure -> report/adjust,Manufacturing quality authority,Measured features and inspection results,CAM/inspection reports,"NuBlox must natively support generate probing and inspection operations to validate manufactured parts within a governed Inspection / Probing capability, preserving structured inspection result / probing program, lifecycle state, responsibility/authority, review/approval, audit evidence and integration/export semantics.",https://www.autodesk.com/uk/products/fusion-360/fusion-for-manufacturing,Fusion probing/inspection,WEB_VERIFIED,2026-09-21
MTC-0312,Autodesk Fusion,Autodesk,CBE-JP-039; CBE-JP-084,Cloud PDM / Collaboration,"Manage cloud product data, permissions, comments and design-to-manufacturing revisions",Fusion design/manufacturing data; users; permissions,Controlled cloud product-data state,Create -> collaborate -> revise -> manufacture,Role/project access permissions,Version/history/comment/access state,Fusion cloud/data APIs,"NuBlox must natively support manage cloud product data, permissions, comments and design-to-manufacturing revisions within a governed Cloud PDM / Collaboration capability, preserving structured controlled cloud product-data state, lifecycle state, responsibility/authority, review/approval, audit evidence and integration/export semantics.",https://www.autodesk.com/uk/solutions/cad-cam,Fusion integrated data management,WEB_VERIFIED,2026-09-21
MTC-0313,Axiell Collections,Axiell,CBE-JP-021; CBE-JP-047,Catalogue / Collection Records,Catalogue and manage structured museum/archive collection information,Object/archive records; people; events; terms; media,Collection item / archive record,Accession/catalogue -> enrich -> use -> deaccession/archive,User/group permissions,Record metadata and linked entities,CSV import; XML/Excel/custom export; API,"NuBlox must natively support catalogue and manage structured museum/archive collection information within a governed Catalogue / Collection Records capability, preserving structured collection item / archive record, lifecycle state, responsibility/authority, review/approval, audit evidence and integration/export semantics.",https://www.axiell.com/uk/solutions/product/axiell-collections/,Axiell Collections,WEB_VERIFIED,2026-09-21
MTC-0314,Axiell Collections,Axiell,CBE-JP-021; CBE-JP-047,Location / Movement Management,"Track item locations, movements, relocations and storage",Collection item; current/location history; movement transaction,Location/movement record,Stored -> moved/loaned -> returned/relocated,Collections/registrar authority,Location and movement history,Barcode/QR workflows; API,"NuBlox must natively support track item locations, movements, relocations and storage within a governed Location / Movement Management capability, preserving structured location/movement record, lifecycle state, responsibility/authority, review/approval, audit evidence and integration/export semantics.",https://www.axiell.com/uk/solutions/product/axiell-collections/,Axiell location management,WEB_VERIFIED,2026-09-21
MTC-0315,Axiell Collections,Axiell,CBE-JP-021; CBE-JP-047,Acquisitions / Loans,"Manage accessions, acquisitions, loans and associated contracts/documents",Object/source; acquisition/loan terms; parties; documents,Accession/acquisition/loan transaction,Proposed -> approved/acquired/loaned -> returned/closed,Registrar/collections authority,Transaction and contract/document history,Web/API/reports,"NuBlox must natively support manage accessions, acquisitions, loans and associated contracts/documents within a governed Acquisitions / Loans capability, preserving structured accession/acquisition/loan transaction, lifecycle state, responsibility/authority, review/approval, audit evidence and integration/export semantics.",https://www.axiell.com/uk/solutions/product/axiell-collections/,Axiell accessions/acquisitions,WEB_VERIFIED,2026-09-21
MTC-0316,Axiell Collections,Axiell,CBE-JP-021; CBE-JP-047,Conservation Monitoring,Document condition checks and conservation/treatment work,Collection item; condition observations; treatment plan,Condition / conservation record,Inspect -> plan treatment -> perform -> monitor,Conservator authority,Condition/treatment history,Media; report outputs,"NuBlox must natively support document condition checks and conservation/treatment work within a governed Conservation Monitoring capability, preserving structured condition / conservation record, lifecycle state, responsibility/authority, review/approval, audit evidence and integration/export semantics.",https://www.axiell.com/uk/solutions/product/axiell-collections/,Axiell conservation monitoring,WEB_VERIFIED,2026-09-21
MTC-0317,Axiell Collections,Axiell,CBE-JP-021; CBE-JP-047,Reporting / Publishing,Create custom reports and publish selected collection data,Collection database; report template; publication rules,Report / published collection dataset,Select -> report/publish -> revise,Reporting/publication permissions,Report/publication state,XSLT; Word; XML; Excel; CSV; API,"NuBlox must natively support create custom reports and publish selected collection data within a governed Reporting / Publishing capability, preserving structured report / published collection dataset, lifecycle state, responsibility/authority, review/approval, audit evidence and integration/export semantics.",https://www.axiell.com/uk/solutions/product/axiell-collections/,Axiell reporting/publishing,WEB_VERIFIED,2026-09-21
MTC-0318,Bentley MicroStation,Bentley Systems,CBE-JP-018; CBE-JP-019,2D Drafting / Annotation,Draft and annotate precise 2D infrastructure geometry,Design requirements; survey/reference data; standards,2D CAD drawing,Draft -> check -> revise -> issue,CAD/design authority,Drawing/model state and standards context,DGN; DWG; PDF,"NuBlox must natively support draft and annotate precise 2d infrastructure geometry within a governed 2D Drafting / Annotation capability, preserving structured 2d cad drawing, lifecycle state, responsibility/authority, review/approval, audit evidence and integration/export semantics.",https://www.bentley.com/products/microstation,MicroStation 2D CAD,WEB_VERIFIED,2026-09-21
MTC-0319,Bentley MicroStation,Bentley Systems,CBE-JP-018; CBE-JP-019,3D Parametric Modelling,Create 3D geometry/models with reusable components and parametric constraints,2D/3D reference data; parameters; components,3D infrastructure CAD/BIM model,Model -> review -> revise -> document,Designer/engineer authority,Model/component/constraint state,DGN; DWG; point clouds; GIS formats,"NuBlox must natively support create 3d geometry/models with reusable components and parametric constraints within a governed 3D Parametric Modelling capability, preserving structured 3d infrastructure cad/bim model, lifecycle state, responsibility/authority, review/approval, audit evidence and integration/export semantics.",https://www.bentley.com/products/microstation,MicroStation 3D,WEB_VERIFIED,2026-09-21
MTC-0320,Bentley MicroStation,Bentley Systems,CBE-JP-018; CBE-JP-019,Geospatial / Reality Context,"Incorporate imagery, point clouds, reality meshes and GIS context into infrastructure design",Point clouds; reality meshes; imagery; GIS datasets,Georeferenced coordinated design context,Reference -> align -> design -> review,Designer/survey/GIS roles,Reference-source and geospatial state,SHP; point clouds; reality meshes; DGN/DWG,"NuBlox must natively support incorporate imagery, point clouds, reality meshes and gis context into infrastructure design within a governed Geospatial / Reality Context capability, preserving structured georeferenced coordinated design context, lifecycle state, responsibility/authority, review/approval, audit evidence and integration/export semantics.",https://www.bentley.com/products/microstation,MicroStation geospatial context,WEB_VERIFIED,2026-09-21
MTC-0321,Bentley MicroStation,Bentley Systems,CBE-JP-018; CBE-JP-019,Model-derived Deliverables,"Generate construction drawings, sheets, reports, PDFs and iModels from model information",3D/BIM model; sheet/report definitions,Drawing/sheet/report deliverable,Model -> generate -> review -> issue,Design/document-control authority,Model-to-document association and revision state,PDF; 2D/3D PDF; iModel; DGN,"NuBlox must natively support generate construction drawings, sheets, reports, pdfs and imodels from model information within a governed Model-derived Deliverables capability, preserving structured drawing/sheet/report deliverable, lifecycle state, responsibility/authority, review/approval, audit evidence and integration/export semantics.",https://www.bentley.com/products/microstation,MicroStation deliverables,WEB_VERIFIED,2026-09-21
MTC-0322,Bentley MicroStation,Bentley Systems,CBE-JP-018; CBE-JP-019,CAD Standards / Automation,Enforce CAD standards and automate repetitive geometry/data tasks,Standards; reusable cells/components; scripts/AI instructions,Standards-compliant design/model state,Author -> validate/automate -> review,CAD manager/design authority,Standards application and resulting geometry/data,Python/MCP workflows; DGN/DWG,"NuBlox must natively support enforce cad standards and automate repetitive geometry/data tasks within a governed CAD Standards / Automation capability, preserving structured standards-compliant design/model state, lifecycle state, responsibility/authority, review/approval, audit evidence and integration/export semantics.",https://www.bentley.com/products/microstation,MicroStation automation,WEB_VERIFIED,2026-09-21
MTC-0323,Bentley OpenUtilities,Bentley Systems,CBE-JP-040; CBE-JP-082,Utility Network Design,"Design and manage electric, gas, water, wastewater or district-energy networks with engineering-precision layout",GIS/network context; terrain; utility standards; components,Utility network design model,Plan -> layout -> engineer/check -> issue,Utility designer/engineer authority,Network topology/component data and design history,MicroStation/DGN; GIS integration,"NuBlox must natively support design and manage electric, gas, water, wastewater or district-energy networks with engineering-precision layout within a governed Utility Network Design capability, preserving structured utility network design model, lifecycle state, responsibility/authority, review/approval, audit evidence and integration/export semantics.",https://www.bentley.com/wp-content/uploads/PDS-Bentley-OpenUtilities-Designer-LTR-EN-LR.pdf,OpenUtilities Designer,WEB_VERIFIED,2026-09-21
MTC-0324,Bentley OpenUtilities,Bentley Systems,CBE-JP-040; CBE-JP-082,GIS-connected Network Model,Maintain and edit intelligent utility GIS/network models alongside CAD design,Existing GIS network; design edits; asset attributes,Updated network/GIS model,Import/reference -> design/edit -> validate -> publish,Utility GIS/design authority,Network topology and asset attributes,GIS systems; DGN,"NuBlox must natively support maintain and edit intelligent utility gis/network models alongside cad design within a governed GIS-connected Network Model capability, preserving structured updated network/gis model, lifecycle state, responsibility/authority, review/approval, audit evidence and integration/export semantics.",https://www.bentley.com/industry/energy/electric-utilities,Bentley utility network design,WEB_VERIFIED,2026-09-21
MTC-0325,Bentley OpenUtilities,Bentley Systems,CBE-JP-040; CBE-JP-082,Design Estimation,Calculate project quantities/cost while refining utility design,Network design; materials/components; pricing rules,Design estimate / material/cost result,Design -> estimate -> refine -> approve,Utility/commercial/design authority,Cost basis linked to design components,Report/ERP integration,"NuBlox must natively support calculate project quantities/cost while refining utility design within a governed Design Estimation capability, preserving structured design estimate / material/cost result, lifecycle state, responsibility/authority, review/approval, audit evidence and integration/export semantics.",https://www.bentley.com/wp-content/uploads/PDS-Bentley-OpenUtilities-Designer-LTR-EN-LR.pdf,OpenUtilities estimation,WEB_VERIFIED,2026-09-21
MTC-0326,Bentley OpenUtilities,Bentley Systems,CBE-JP-040; CBE-JP-082,Workflow / Work Assignment,"Assign, track and manage utility-design work through embedded workflow capabilities",Design jobs; users/roles; network work scope,Utility design work item / workflow status,Create -> assign -> design -> review -> complete,Configured work/design authority,Assignment and status history,OpenUtilities workflow,"NuBlox must natively support assign, track and manage utility-design work through embedded workflow capabilities within a governed Workflow / Work Assignment capability, preserving structured utility design work item / workflow status, lifecycle state, responsibility/authority, review/approval, audit evidence and integration/export semantics.",https://www.bentley.com/wp-content/uploads/PDS-Bentley-OpenUtilities-Designer-LTR-EN-LR.pdf,OpenUtilities workflow,WEB_VERIFIED,2026-09-21
MTC-0327,Bentley OpenUtilities,Bentley Systems,CBE-JP-040; CBE-JP-082,Network Analysis / Connectivity,"Trace, calculate and validate connected utility-network information",Utility network topology; assets; connectivity,Connectivity/trace/analysis result,Model -> trace/calculate -> validate -> update,Utility engineering authority,Topology/analysis evidence,OpenUtilities Map/Designer data,"NuBlox must natively support trace, calculate and validate connected utility-network information within a governed Network Analysis / Connectivity capability, preserving structured connectivity/trace/analysis result, lifecycle state, responsibility/authority, review/approval, audit evidence and integration/export semantics.",https://www.bentley.com/industries/electric-utilities/,Bentley utility CAD-GIS,WEB_VERIFIED,2026-09-21
MTC-0328,Causeway Estimating,Causeway Technologies,CBE-JP-034; CBE-JP-060,CAD/BIM Measure,"Measure areas, lengths, volumes and surfaces from PDF, DWG and BIM designs",PDF/DWG/BIM drawings/models; scale/classification,Measured takeoff quantities,Load -> measure -> classify -> revise,Estimator/QS authority,Measurement-to-source and drawing-version context,PDF; DWG; BIM,"NuBlox must natively support measure areas, lengths, volumes and surfaces from pdf, dwg and bim designs within a governed CAD/BIM Measure capability, preserving structured measured takeoff quantities, lifecycle state, responsibility/authority, review/approval, audit evidence and integration/export semantics.",https://campaign.causeway.com/causeway-construction-estimating-software,CausewayOne estimating takeoff,WEB_VERIFIED,2026-09-21
MTC-0329,Causeway Estimating,Causeway Technologies,CBE-JP-034; CBE-JP-060,Rate Build-up / Resource Libraries,"Build estimate rates from reusable labour, plant and material resources",Resource libraries; quantities; rates; estimate items,Rate build-up / priced estimate item,Select resource -> build rate -> adjust -> approve,Estimator/commercial authority,Resource composition and adjustments,Cloud estimate database,"NuBlox must natively support build estimate rates from reusable labour, plant and material resources within a governed Rate Build-up / Resource Libraries capability, preserving structured rate build-up / priced estimate item, lifecycle state, responsibility/authority, review/approval, audit evidence and integration/export semantics.",https://campaign.causeway.com/causeway-construction-estimating-software,Causeway resource build-ups,WEB_VERIFIED,2026-09-21
MTC-0330,Causeway Estimating,Causeway Technologies,CBE-JP-034; CBE-JP-060,BoQ / Estimate Management,Create Bills of Quantities and structured project estimates,Takeoff; standard pricing; historical estimates; resource libraries,BoQ / estimate,Draft -> review/adjudicate -> tender issue,Estimator/commercial authority,Estimate versions and shared database audit trail,Cloud; export/report,"NuBlox must natively support create bills of quantities and structured project estimates within a governed BoQ / Estimate Management capability, preserving structured boq / estimate, lifecycle state, responsibility/authority, review/approval, audit evidence and integration/export semantics.",https://www.causeway.com/commercial/estimating,CausewayOne estimating,WEB_VERIFIED,2026-09-21
MTC-0331,Causeway Estimating,Causeway Technologies,CBE-JP-034; CBE-JP-060,Supplier / Subcontractor Bid Comparison,Issue trade packages and compare multiple supplier/subcontractor bids,Trade package; tender documents; supplier quotes,Bid comparison / tender analysis,Enquiry -> returns -> compare -> adjudicate,Estimator/commercial authority,Supplier returns and comparison history,Cloud collaboration,"NuBlox must natively support issue trade packages and compare multiple supplier/subcontractor bids within a governed Supplier / Subcontractor Bid Comparison capability, preserving structured bid comparison / tender analysis, lifecycle state, responsibility/authority, review/approval, audit evidence and integration/export semantics.",https://www.causeway.com/commercial/estimating,Causeway bid comparison,WEB_VERIFIED,2026-09-21
MTC-0332,Causeway Estimating,Causeway Technologies,CBE-JP-034; CBE-JP-060,Document / Version Management,Centralize estimating/tender documents with version control and audit trail,Tender drawings/docs; revisions,Controlled tender document set,Receive -> revise -> current -> use,Estimating-team permissions,Version/audit history,Cloud document storage,"NuBlox must natively support centralize estimating/tender documents with version control and audit trail within a governed Document / Version Management capability, preserving structured controlled tender document set, lifecycle state, responsibility/authority, review/approval, audit evidence and integration/export semantics.",https://campaign.causeway.com/causeway-construction-estimating-software,Causeway estimating documents,WEB_VERIFIED,2026-09-21
MTC-0333,Command Alkon,Command Alkon,CBE-JP-061; CBE-JP-062,Quote / Sales,Create and manage ready-mix/material quotations and sales orders,Customer; material/mix; price; location; demand,Quote / sales order,Quote -> order -> schedule/deliver,Sales/commercial authority,Quote/order history,COMMANDseries/Command Cloud,"NuBlox must natively support create and manage ready-mix/material quotations and sales orders within a governed Quote / Sales capability, preserving structured quote / sales order, lifecycle state, responsibility/authority, review/approval, audit evidence and integration/export semantics.",https://emea.commandalkon.com/products/commandseries/,COMMANDseries quote-to-cash,WEB_VERIFIED,2026-09-21
MTC-0334,Command Alkon,Command Alkon,CBE-JP-061; CBE-JP-062,Dispatch,Centrally dispatch concrete/material orders and optimize truck/asset utilization,Orders; plants; trucks; drivers; delivery locations,Dispatch plan / load assignments,Order -> dispatch -> load -> deliver,Dispatcher authority,Order/load/truck dispatch history,COMMANDseries; telematics,"NuBlox must natively support centrally dispatch concrete/material orders and optimize truck/asset utilization within a governed Dispatch capability, preserving structured dispatch plan / load assignments, lifecycle state, responsibility/authority, review/approval, audit evidence and integration/export semantics.",https://emea.commandalkon.com/products/commandseries/,COMMANDseries dispatch,WEB_VERIFIED,2026-09-21
MTC-0335,Command Alkon,Command Alkon,CBE-JP-061; CBE-JP-062,Production / Quality Control,Coordinate production data and concrete/material quality-control processes,Order/mix design; production/batch data; test/quality data,Produced batch / quality record,Order -> batch/produce -> test -> release/deliver,Production/quality authority,Batch/mix/test history,Batching/QC integrations,"NuBlox must natively support coordinate production data and concrete/material quality-control processes within a governed Production / Quality Control capability, preserving structured produced batch / quality record, lifecycle state, responsibility/authority, review/approval, audit evidence and integration/export semantics.",https://emea.commandalkon.com/products/commandseries/,COMMANDseries production/QC,WEB_VERIFIED,2026-09-21
MTC-0336,Command Alkon,Command Alkon,CBE-JP-061; CBE-JP-062,Ticketing / Delivery,Generate delivery tickets and capture delivery/signature information,Order/load; truck; customer/site; delivered quantity,Delivery ticket / proof of delivery,Loaded -> delivered -> signed -> billed,Dispatch/delivery roles,"Ticket, quantity, time and signature evidence",Digital ticket/signature integrations,"NuBlox must natively support generate delivery tickets and capture delivery/signature information within a governed Ticketing / Delivery capability, preserving structured delivery ticket / proof of delivery, lifecycle state, responsibility/authority, review/approval, audit evidence and integration/export semantics.",https://emea.commandalkon.com/products/commandseries/,COMMANDseries ticket/delivery,WEB_VERIFIED,2026-09-21
MTC-0337,Command Alkon,Command Alkon,CBE-JP-061; CBE-JP-062,Billing / Quote-to-Cash,Turn completed deliveries/tickets into billing/accounting records,Quotes; orders; tickets; delivered quantity; customer terms,Invoice/billing transaction,Quote -> order -> ticket -> bill,Finance/commercial authority,End-to-end quote/order/ticket/billing lineage,Accounting/business intelligence integrations,"NuBlox must natively support turn completed deliveries/tickets into billing/accounting records within a governed Billing / Quote-to-Cash capability, preserving structured invoice/billing transaction, lifecycle state, responsibility/authority, review/approval, audit evidence and integration/export semantics.",https://emea.commandalkon.com/products/commandseries/,COMMANDseries quote-to-cash,WEB_VERIFIED,2026-09-21
MTC-0338,ConQuest Estimating,The Access Group,CBE-JP-034; CBE-JP-060,On-Screen Takeoff,"Measure/extract 2D and 3D quantities from PDF, CAD and BIM within the estimating workflow",PDF/CAD/BIM drawing/model; measurement folders; scale,Takeoff measurements / quantities,Import -> measure -> reuse/revise -> estimate,Estimator/QS authority,Measurement folders and project takeoff state,PDF/CAD/BIM; Excel exports,"NuBlox must natively support measure/extract 2d and 3d quantities from pdf, cad and bim within the estimating workflow within a governed On-Screen Takeoff capability, preserving structured takeoff measurements / quantities, lifecycle state, responsibility/authority, review/approval, audit evidence and integration/export semantics.",https://www.theaccessgroup.com/media/36583/conquest-factsheet.pdf,Access ConQuest takeoff,WEB_VERIFIED,2026-09-21
MTC-0339,ConQuest Estimating,The Access Group,CBE-JP-034; CBE-JP-060,Bill of Quantities / Estimating,Create/import/manage BoQs and analytical estimate build-ups using resource libraries,BoQ; quantities; labour/plant/material/subcontract resources; cost library,Priced BoQ / detailed estimate,Create/import -> build rates -> review -> tender,Estimator/commercial authority,Bill item/resource buildup and project state,Excel/report outputs,"NuBlox must natively support create/import/manage boqs and analytical estimate build-ups using resource libraries within a governed Bill of Quantities / Estimating capability, preserving structured priced boq / detailed estimate, lifecycle state, responsibility/authority, review/approval, audit evidence and integration/export semantics.",https://www.theaccessgroup.com/media/36583/conquest-factsheet.pdf,Access ConQuest estimating,WEB_VERIFIED,2026-09-21
MTC-0340,ConQuest Estimating,The Access Group,CBE-JP-034; CBE-JP-060,Online Enquiries,Package tender documents and distribute enquiries securely to subcontractors/suppliers,Project/trade package; tender documents; contacts,Subcontract/supplier enquiry package,Prepare -> send -> acknowledge/intend to quote -> return,Estimator/buyer authority; project/tender access control,Enquiry sendout/history and secure access,Cloud portal / documents,"NuBlox must natively support package tender documents and distribute enquiries securely to subcontractors/suppliers within a governed Online Enquiries capability, preserving structured subcontract/supplier enquiry package, lifecycle state, responsibility/authority, review/approval, audit evidence and integration/export semantics.",https://help-conquest.theaccessgroup.com/en/articles/16052265-conquest-online-enquiries-user-guide,ConQuest Online Enquiries,WEB_VERIFIED,2026-09-21
MTC-0341,ConQuest Estimating,The Access Group,CBE-JP-034; CBE-JP-060,Comparisons,Create like-for-like comparison sheets from subcontractor/supplier quotations and update estimate data,Trade bill; supplier/subcontractor returns; estimate items,Quote comparison / tender analysis,Receive bids -> normalize/compare -> select/update estimate,Estimator/commercial authority,Comparison data and estimate update history,ConQuest project data,"NuBlox must natively support create like-for-like comparison sheets from subcontractor/supplier quotations and update estimate data within a governed Comparisons capability, preserving structured quote comparison / tender analysis, lifecycle state, responsibility/authority, review/approval, audit evidence and integration/export semantics.",https://help-conquest.theaccessgroup.com/en/articles/16052147-release-notes-7-2,ConQuest comparisons,WEB_VERIFIED,2026-09-21
MTC-0342,ConQuest Estimating,The Access Group,CBE-JP-034; CBE-JP-060,Cost Planning / Libraries,Use historical projects and reusable cost libraries to develop high-level cost plans and estimates,Historical project data; 10m+ library items; elemental assumptions,Cost plan / resource library based estimate,Select historic/library data -> build -> adjust -> review,QS/estimator authority,Library/item source and adjustments,ConQuest library; Excel import/export,"NuBlox must natively support use historical projects and reusable cost libraries to develop high-level cost plans and estimates within a governed Cost Planning / Libraries capability, preserving structured cost plan / resource library based estimate, lifecycle state, responsibility/authority, review/approval, audit evidence and integration/export semantics.",https://www.theaccessgroup.com/media/36583/conquest-factsheet.pdf,ConQuest cost planning,WEB_VERIFIED,2026-09-21
MTC-0343,ConQuest Estimating,The Access Group,CBE-JP-034; CBE-JP-060,Valuations,Create internal/external valuations using estimator quantities/rates and project data,Estimate/BoQ; rates; quantities; project progress,Valuation record,Estimate -> contract/project -> valuation -> update,QS/commercial authority,Valuation version and project linkage,Reports/Excel,"NuBlox must natively support create internal/external valuations using estimator quantities/rates and project data within a governed Valuations capability, preserving structured valuation record, lifecycle state, responsibility/authority, review/approval, audit evidence and integration/export semantics.",https://help-conquest.theaccessgroup.com/en/articles/16052147-release-notes-7-2,ConQuest valuations,WEB_VERIFIED,2026-09-21
MTC-0344,ConQuest Estimating,The Access Group,CBE-JP-034; CBE-JP-060,Tender Access Control,Restrict tender visibility/editing by user or user group at project level,Tender/project; user/group; access level,Tender access-control state,No access/read-only/full access -> revise,Admin/project authority,Project-level access assignments,Application permissions,"NuBlox must natively support restrict tender visibility/editing by user or user group at project level within a governed Tender Access Control capability, preserving structured tender access-control state, lifecycle state, responsibility/authority, review/approval, audit evidence and integration/export semantics.",https://help-conquest.theaccessgroup.com/en/articles/16052178-project-tender-access-control,ConQuest project/tender access,WEB_VERIFIED,2026-09-21
MTC-0345,Cyncly 3CAD,Cyncly,CBE-JP-039; CBE-JP-084,Parametric 3D Configuration,"Configure furniture products in 3D using catalog rules, dimensions, finishes and options",Product catalogue/rules; dimensions; materials/finishes; customer requirements,Valid configured furniture product,Select base product -> configure -> validate -> revise,Sales/design authority,Configuration choices and rule-validation result,3CAD cloud / connected manufacturing data,"NuBlox must natively support configure furniture products in 3d using catalog rules, dimensions, finishes and options within a governed Parametric 3D Configuration capability, preserving structured valid configured furniture product, lifecycle state, responsibility/authority, review/approval, audit evidence and integration/export semantics.",https://www.cyncly.com/products/3cad,Cyncly 3CAD,WEB_VERIFIED,2026-09-21
MTC-0346,Cyncly 3CAD,Cyncly,CBE-JP-039; CBE-JP-084,Real-time Pricing / CPQ,Calculate price dynamically as valid product configurations change,Configured product; price rules; options,Priced quotation configuration,Configure -> price -> quote -> approve/order,Commercial authority,Configuration-to-price lineage,CPQ/order integration,"NuBlox must natively support calculate price dynamically as valid product configurations change within a governed Real-time Pricing / CPQ capability, preserving structured priced quotation configuration, lifecycle state, responsibility/authority, review/approval, audit evidence and integration/export semantics.",https://www.cyncly.com/products/3cad,Cyncly 3CAD pricing,WEB_VERIFIED,2026-09-21
MTC-0347,Cyncly 3CAD,Cyncly,CBE-JP-039; CBE-JP-084,Order Management,Convert approved configurations into tracked customer/manufacturing orders,Approved configured product; customer/order data,Sales/manufacturing order,Quote -> order -> production release,Sales/order authority,Order status/history,3CAD / Insight integration,"NuBlox must natively support convert approved configurations into tracked customer/manufacturing orders within a governed Order Management capability, preserving structured sales/manufacturing order, lifecycle state, responsibility/authority, review/approval, audit evidence and integration/export semantics.",https://www-prod.cyncly.com/products/3cad,Cyncly 3CAD order management,WEB_VERIFIED,2026-09-21
MTC-0348,Cyncly 3CAD,Cyncly,CBE-JP-039; CBE-JP-084,BOM / Production Data,Generate manufacturing data and bills of material from configured products,Validated configuration; manufacturing rules,BOM / production-ready data,Configuration -> manufacturing data -> production,Design/manufacturing authority,BOM/configuration provenance,ERP/MES/manufacturing integrations,"NuBlox must natively support generate manufacturing data and bills of material from configured products within a governed BOM / Production Data capability, preserving structured bom / production-ready data, lifecycle state, responsibility/authority, review/approval, audit evidence and integration/export semantics.",https://www-prod.cyncly.com/en-GB/industries/furniture/furniture-cabinets-manufacturers,Cyncly manufacturing,WEB_VERIFIED,2026-09-21
MTC-0349,Cyncly 3CAD,Cyncly,CBE-JP-039; CBE-JP-084,Manufacturing Routing,Route validated product configurations and manufacturing data into production processes,Order/configuration; BOM; manufacturing rules,Production routing / released manufacturing dataset,Order -> release -> manufacture,Manufacturing authority,Release/routing state,ERP/MES/shop-floor integration,"NuBlox must natively support route validated product configurations and manufacturing data into production processes within a governed Manufacturing Routing capability, preserving structured production routing / released manufacturing dataset, lifecycle state, responsibility/authority, review/approval, audit evidence and integration/export semantics.",https://www-prod.cyncly.com/en-GB/industries/furniture/furniture-cabinets-manufacturers,Cyncly manufacturing integration,WEB_VERIFIED,2026-09-21
MTC-0350,Danfoss Coolselector2,Danfoss,CBE-JP-046; CBE-JP-063,System Calculation,"Calculate HVACR system operating conditions from cooling capacity, refrigerant and temperature inputs",Cooling capacity; refrigerant; evaporation/condensation temperature; pressure/temperature conditions,Calculated system operating point,Input -> calculate -> review -> iterate,HVACR engineer responsibility,Calculation inputs/results,Coolselector2 project/report,"NuBlox must natively support calculate hvacr system operating conditions from cooling capacity, refrigerant and temperature inputs within a governed System Calculation capability, preserving structured calculated system operating point, lifecycle state, responsibility/authority, review/approval, audit evidence and integration/export semantics.",https://www.danfoss.com/en/service-and-support/downloads/dcs/coolselector-2/,Coolselector2,WEB_VERIFIED,2026-09-21
MTC-0351,Danfoss Coolselector2,Danfoss,CBE-JP-046; CBE-JP-063,Component Selection,Select suitable refrigeration/HVAC components based on calculated duty and operating conditions,Calculated duty; component catalogue; operating conditions,Selected component set,Calculate -> filter/select -> verify,HVACR engineer authority,Selection criteria and selected component,Product codes / reports,"NuBlox must natively support select suitable refrigeration/hvac components based on calculated duty and operating conditions within a governed Component Selection capability, preserving structured selected component set, lifecycle state, responsibility/authority, review/approval, audit evidence and integration/export semantics.",https://www.danfoss.com/en/service-and-support/downloads/dcs/coolselector-2/,Coolselector2 component selection,WEB_VERIFIED,2026-09-21
MTC-0352,Danfoss Coolselector2,Danfoss,CBE-JP-046; CBE-JP-063,Pressure-Enthalpy Diagram,Generate and inspect log(p)-h diagrams for refrigerant cycles,Refrigerant; cycle/operating conditions,Thermodynamic diagram,Calculate -> inspect -> report,Engineer review,Diagram based on input conditions,PDF/report image,"NuBlox must natively support generate and inspect log(p)-h diagrams for refrigerant cycles within a governed Pressure-Enthalpy Diagram capability, preserving structured thermodynamic diagram, lifecycle state, responsibility/authority, review/approval, audit evidence and integration/export semantics.",https://www.danfoss.com/en/service-and-support/downloads/dcs/coolselector-2/,Coolselector2 diagrams,WEB_VERIFIED,2026-09-21
MTC-0353,Danfoss Coolselector2,Danfoss,CBE-JP-046; CBE-JP-063,Report Generation,Export calculation and selected-component results for client/design records,Calculation result; selected components,Engineering selection report,Calculate/select -> report -> issue,Engineer approval,Reported assumptions and selection data,Report/PDF,"NuBlox must natively support export calculation and selected-component results for client/design records within a governed Report Generation capability, preserving structured engineering selection report, lifecycle state, responsibility/authority, review/approval, audit evidence and integration/export semantics.",https://www.danfoss.com/en/service-and-support/downloads/dcs/coolselector-2/,Coolselector2 reports,WEB_VERIFIED,2026-09-21
MTC-0354,Danfoss Coolselector2,Danfoss,CBE-JP-046; CBE-JP-063,Component Code List,Create component/product code lists for ordering/procurement,Selected components,Component code / procurement list,Select -> compile -> order,Engineer/procurement handoff,Selection-to-code traceability,Printable/savable code list,"NuBlox must natively support create component/product code lists for ordering/procurement within a governed Component Code List capability, preserving structured component code / procurement list, lifecycle state, responsibility/authority, review/approval, audit evidence and integration/export semantics.",https://www.danfoss.com/en/service-and-support/downloads/dcs/coolselector-2/,Coolselector2 code lists,WEB_VERIFIED,2026-09-21
MTC-0355,DIALux evo,DIAL,CBE-JP-009; CBE-JP-032,Indoor Lighting Design,Model rooms/buildings and calculate artificial-light performance,Building/room geometry; surfaces; luminaires; lighting criteria,Indoor lighting model and calculation results,Model -> place luminaires -> calculate -> optimize,Lighting designer/engineer authority,Luminaire/model inputs and calculation result,DIALux project; reports,"NuBlox must natively support model rooms/buildings and calculate artificial-light performance within a governed Indoor Lighting Design capability, preserving structured indoor lighting model and calculation results, lifecycle state, responsibility/authority, review/approval, audit evidence and integration/export semantics.",https://www.dialux.com/en-GB/indoor-lighting,DIALux evo indoor,WEB_VERIFIED,2026-09-21
MTC-0356,DIALux evo,DIAL,CBE-JP-009; CBE-JP-032,Daylight Analysis,"Calculate daylight contribution considering orientation, windows, weather and façade/skylight systems",Geometry; glazing; orientation; weather; daylight controls,Daylight/combined-light result,Model -> calculate -> compare/optimize,Lighting/building-services review,Daylight assumptions and result,DIALux project/report,"NuBlox must natively support calculate daylight contribution considering orientation, windows, weather and façade/skylight systems within a governed Daylight Analysis capability, preserving structured daylight/combined-light result, lifecycle state, responsibility/authority, review/approval, audit evidence and integration/export semantics.",https://www.dialux.com/en-GB/indoor-lighting,DIALux daylight,WEB_VERIFIED,2026-09-21
MTC-0357,DIALux evo,DIAL,CBE-JP-009; CBE-JP-032,Standards Compliance,Verify lighting designs against applicable regional/international lighting requirements,Lighting model; target standard; calculated metrics,Compliance result/documentation,Calculate -> check -> remediate -> document,Lighting engineer authority,Standard and calculation evidence,Report/documentation,"NuBlox must natively support verify lighting designs against applicable regional/international lighting requirements within a governed Standards Compliance capability, preserving structured compliance result/documentation, lifecycle state, responsibility/authority, review/approval, audit evidence and integration/export semantics.",https://www.dialux.com/en-GB/frequently-asked-questions,DIALux standards,WEB_VERIFIED,2026-09-21
MTC-0358,DIALux evo,DIAL,CBE-JP-009; CBE-JP-032,Outdoor / Road / Emergency Lighting,"Calculate lighting for streets, outdoor spaces and emergency-lighting scenarios",Site/road geometry; luminaires; standard criteria,Outdoor/road/emergency lighting calculation,Model -> calculate -> verify,Lighting engineer authority,Calculation and standard evidence,DIALux project/report,"NuBlox must natively support calculate lighting for streets, outdoor spaces and emergency-lighting scenarios within a governed Outdoor / Road / Emergency Lighting capability, preserving structured outdoor/road/emergency lighting calculation, lifecycle state, responsibility/authority, review/approval, audit evidence and integration/export semantics.",https://www.dialux.com/en-GB/download,DIALux evo 14,WEB_VERIFIED,2026-09-21
MTC-0359,DIALux evo,DIAL,CBE-JP-009; CBE-JP-032,IFC / BIM Integration,Integrate lighting design with BIM processes using IFC workflows,IFC/building geometry; luminaire/product data,Lighting-enriched BIM/design exchange,Import -> design/calculate -> export/share,BIM/lighting coordination authority,Imported/exported model context,IFC; Microsoft Office export with Pro,"NuBlox must natively support integrate lighting design with bim processes using ifc workflows within a governed IFC / BIM Integration capability, preserving structured lighting-enriched bim/design exchange, lifecycle state, responsibility/authority, review/approval, audit evidence and integration/export semantics.",https://www.dialux.com/en-GB/indoor-lighting,DIALux IFC,WEB_VERIFIED,2026-09-21
MTC-0360,Elmhurst Design SAP 10,Elmhurst Energy,CBE-JP-030; CBE-JP-045,SAP Assessment,Perform SAP 10/10.3 calculations for new-build dwellings,Dwelling geometry; fabric; services; renewable systems; climate/regulatory inputs,SAP assessment/calculation result,Create assessment -> calculate -> resolve compliance,Qualified SAP assessor authority,Assessment inputs and calculation result,Online Elmhurst assessment data,"NuBlox must natively support perform sap 10/10.3 calculations for new-build dwellings within a governed SAP Assessment capability, preserving structured sap assessment/calculation result, lifecycle state, responsibility/authority, review/approval, audit evidence and integration/export semantics.",https://www.elmhurstenergy.co.uk/design-sap-software/,Design SAP 10,WEB_VERIFIED,2026-09-21
MTC-0361,Elmhurst Design SAP 10,Elmhurst Energy,CBE-JP-030; CBE-JP-045,Building Regulations Compliance,Demonstrate new-build compliance against applicable England/Wales/Scotland energy regulations,SAP assessment; regulatory jurisdiction; target values,Compliance assessment/report,Calculate -> compare targets -> pass/fail/remediate,Accredited assessor responsibility,Compliance basis and result,Compliance reports,"NuBlox must natively support demonstrate new-build compliance against applicable england/wales/scotland energy regulations within a governed Building Regulations Compliance capability, preserving structured compliance assessment/report, lifecycle state, responsibility/authority, review/approval, audit evidence and integration/export semantics.",https://www.elmhurstenergy.co.uk/design-sap-software/,Design SAP 10 compliance,WEB_VERIFIED,2026-09-21
MTC-0362,Elmhurst Design SAP 10,Elmhurst Energy,CBE-JP-030; CBE-JP-045,EPC Production,Produce new-build Energy Performance Certificates from completed assessments,Completed compliant SAP assessment,New-build EPC output,Assessment -> finalize -> lodge/produce certificate,Accredited assessor authority,Assessment-to-certificate traceability,EPC/lodgement workflow,"NuBlox must natively support produce new-build energy performance certificates from completed assessments within a governed EPC Production capability, preserving structured new-build epc output, lifecycle state, responsibility/authority, review/approval, audit evidence and integration/export semantics.",https://www.elmhurstenergy.co.uk/design-sap-software/,Design SAP 10 EPC,WEB_VERIFIED,2026-09-21
MTC-0363,Elmhurst Design SAP 10,Elmhurst Energy,CBE-JP-030; CBE-JP-045,Block / Batch Compliance,Apply mass updates and batch processes across multi-dwelling developments,Housing-development assessments; repeated/shared parameters,Batch-updated assessments / block compliance results,Create portfolio -> mass update -> batch calculate -> review,SAP assessor/team authority,Batch update/calculation history,Online platform,"NuBlox must natively support apply mass updates and batch processes across multi-dwelling developments within a governed Block / Batch Compliance capability, preserving structured batch-updated assessments / block compliance results, lifecycle state, responsibility/authority, review/approval, audit evidence and integration/export semantics.",https://www.elmhurstenergy.co.uk/design-sap-software/,Design SAP block compliance,WEB_VERIFIED,2026-09-21
MTC-0364,Elmhurst Design SAP 10,Elmhurst Energy,CBE-JP-030; CBE-JP-045,SAP 10.3 / Future Homes Standard,Calculate using approved SAP 10.3 methodology for Future Homes Standard transition,Assessment data; SAP 10.3 methodology,FHS compliance calculation result,Model -> calculate -> compliance review,Accredited assessor authority,Methodology/version and output evidence,Elmhurst online software,"NuBlox must natively support calculate using approved sap 10.3 methodology for future homes standard transition within a governed SAP 10.3 / Future Homes Standard capability, preserving structured fhs compliance calculation result, lifecycle state, responsibility/authority, review/approval, audit evidence and integration/export semantics.",https://www.elmhurstenergy.co.uk/blog/2026/03/24/mhclg-release-the-future-homes-standard/,Elmhurst SAP 10.3,WEB_VERIFIED,2026-09-21
MTC-0365,Eptura / Archibus,Eptura,CBE-JP-012; CBE-JP-035,Asset Register,"Centralize building/equipment/infrastructure asset identity, location, condition and service history",Asset data; location; condition; documents; service records,Asset record,Commission/register -> operate -> maintain -> replace/retire,Facilities/asset-management authority,Asset lifecycle/service history,Archibus / integrations,"NuBlox must natively support centralize building/equipment/infrastructure asset identity, location, condition and service history within a governed Asset Register capability, preserving structured asset record, lifecycle state, responsibility/authority, review/approval, audit evidence and integration/export semantics.",https://eptura.com/our-platform/archibus/asset-management-bim/,Archibus asset management,WEB_VERIFIED,2026-09-21
MTC-0366,Eptura / Archibus,Eptura,CBE-JP-012; CBE-JP-035,Preventive Maintenance,Schedule and track recurring preventive maintenance against assets/locations,Asset; PM plan; frequency; checklists; resources,Preventive-maintenance task/work order,Plan -> due -> assign -> execute -> complete,Maintenance planner/supervisor authority,PM schedule and completion history,Archibus OnSite/mobile,"NuBlox must natively support schedule and track recurring preventive maintenance against assets/locations within a governed Preventive Maintenance capability, preserving structured preventive-maintenance task/work order, lifecycle state, responsibility/authority, review/approval, audit evidence and integration/export semantics.",https://eptura.com/our-platform/archibus/asset-management-bim/,Archibus maintenance,WEB_VERIFIED,2026-09-21
MTC-0367,Eptura / Archibus,Eptura,CBE-JP-012; CBE-JP-035,Corrective Work Orders,"Receive service requests, assign work and monitor corrective maintenance to completion",Service request; asset/location; technician/vendor,Corrective work order,Request -> triage -> assign -> execute -> close,Facilities supervisor authority,Work-order/task/status history,OnSite/mobile; integrations,"NuBlox must natively support receive service requests, assign work and monitor corrective maintenance to completion within a governed Corrective Work Orders capability, preserving structured corrective work order, lifecycle state, responsibility/authority, review/approval, audit evidence and integration/export semantics.",https://eptura.com/our-platform/archibus/asset-management-bim/,Archibus corrective maintenance,WEB_VERIFIED,2026-09-21
MTC-0368,Eptura / Archibus,Eptura,CBE-JP-012; CBE-JP-035,Space Planning,"Visualize, allocate and optimize workspace using floorplans and BIM-connected facility data",Floorplans/BIM; rooms; teams; occupancy; capacity,Space allocation / occupancy plan,Survey -> allocate -> move/reconfigure -> monitor,Space/facilities authority,Space assignment/use history,Autodesk Platform Services; floorplans,"NuBlox must natively support visualize, allocate and optimize workspace using floorplans and bim-connected facility data within a governed Space Planning capability, preserving structured space allocation / occupancy plan, lifecycle state, responsibility/authority, review/approval, audit evidence and integration/export semantics.",https://eptura.com/our-platform/archibus/,Archibus space planning,WEB_VERIFIED,2026-09-21
MTC-0369,Eptura / Archibus,Eptura,CBE-JP-012; CBE-JP-035,Workspace Reservations,Reserve desks/rooms and synchronize workplace bookings,Space inventory; availability; employee/team booking request,Reservation record,Available -> reserved -> checked-in/released/completed,Employee/workplace rules,Booking/attendance history,Outlook; Exchange; mobile,"NuBlox must natively support reserve desks/rooms and synchronize workplace bookings within a governed Workspace Reservations capability, preserving structured reservation record, lifecycle state, responsibility/authority, review/approval, audit evidence and integration/export semantics.",https://eptura.com/our-platform/archibus/workplace-experience/,Archibus workplace,WEB_VERIFIED,2026-09-21
MTC-0370,Eptura / Archibus,Eptura,CBE-JP-012; CBE-JP-035,Compliance Documentation,"Manage maintenance checklists, inspections and audit documentation",Asset/work order; compliance checklist; inspection evidence,Compliance/audit record,Inspect -> complete checklist -> evidence -> audit/report,Facilities/compliance roles,Checklist/audit trail,Reports/integrations,"NuBlox must natively support manage maintenance checklists, inspections and audit documentation within a governed Compliance Documentation capability, preserving structured compliance/audit record, lifecycle state, responsibility/authority, review/approval, audit evidence and integration/export semantics.",https://eptura.com/our-platform/archibus/asset-management-bim/,Archibus compliance,WEB_VERIFIED,2026-09-21
MTC-0371,Esri ArcGIS Utility Network,Esri,CBE-JP-040; CBE-JP-082,Connected Network Model,"Model connected utility assets, devices, lines, junctions and assemblies in one governed information model",Utility features/objects; asset groups/types; connectivity rules,Utility network dataset,Configure -> populate -> validate -> operate/update,Utility GIS/data-governance authority,Topology/rule validation and network state,ArcGIS Pro/Enterprise feature services,"NuBlox must natively support model connected utility assets, devices, lines, junctions and assemblies in one governed information model within a governed Connected Network Model capability, preserving structured utility network dataset, lifecycle state, responsibility/authority, review/approval, audit evidence and integration/export semantics.",https://www.esri.com/en-us/arcgis/products/arcgis-utility-network/overview,ArcGIS Utility Network,WEB_VERIFIED,2026-09-21
MTC-0372,Esri ArcGIS Utility Network,Esri,CBE-JP-040; CBE-JP-082,Associations,"Model connectivity, containment and structural attachment relationships between utility assets",Utility assets/objects; association rules,Network association record,Create/update association -> validate topology,Utility GIS authority,Association type and topology state,Enterprise geodatabase/service,"NuBlox must natively support model connectivity, containment and structural attachment relationships between utility assets within a governed Associations capability, preserving structured network association record, lifecycle state, responsibility/authority, review/approval, audit evidence and integration/export semantics.",https://www.esri.com/arcgis-blog/products/data-management/data-management/vision-and-overview-of-the-utility-network,Utility Network associations,WEB_VERIFIED,2026-09-21
MTC-0373,Esri ArcGIS Utility Network,Esri,CBE-JP-040; CBE-JP-082,Network Topology Validation,Apply rules/logic and validate connected-network integrity,Network edits; rules; topology state,Validated network topology / errors,Edit -> validate -> resolve errors -> publish,Utility GIS/data steward,Dirty areas/errors/validation result,ArcGIS Pro/Enterprise,"NuBlox must natively support apply rules/logic and validate connected-network integrity within a governed Network Topology Validation capability, preserving structured validated network topology / errors, lifecycle state, responsibility/authority, review/approval, audit evidence and integration/export semantics.",https://www.esri.com/en-us/arcgis/products/arcgis-utility-network/overview,Utility Network governance,WEB_VERIFIED,2026-09-21
MTC-0374,Esri ArcGIS Utility Network,Esri,CBE-JP-040; CBE-JP-082,Tracing / Subnetwork Analysis,Trace connected network paths and subnetworks from starting points/barriers,Validated network; trace configuration; starting points/barriers,Trace result / affected network set,Configure trace -> execute -> analyse/report,Utility operations/engineering authority,Trace configuration and result,ArcGIS tools; JSON export for subnetworks/circuits,"NuBlox must natively support trace connected network paths and subnetworks from starting points/barriers within a governed Tracing / Subnetwork Analysis capability, preserving structured trace result / affected network set, lifecycle state, responsibility/authority, review/approval, audit evidence and integration/export semantics.",https://doc.esri.com/en/arcgis-pro/latest/tool-reference/utility-networks/an-overview-of-the-utility-network-toolbox.html,Utility Network toolbox,WEB_VERIFIED,2026-09-21
MTC-0375,Esri ArcGIS Utility Network,Esri,CBE-JP-040; CBE-JP-082,Mobile Utility Editing,Expose secure network information to field/mobile users for operations and updates,Utility feature service; role/access; mobile map,Field-accessible utility-network view/update,Publish -> field use/update -> sync,Role-based utility permissions,Field edit and service history,Desktop/mobile/web,"NuBlox must natively support expose secure network information to field/mobile users for operations and updates within a governed Mobile Utility Editing capability, preserving structured field-accessible utility-network view/update, lifecycle state, responsibility/authority, review/approval, audit evidence and integration/export semantics.",https://www.esri.com/en-us/arcgis/products/arcgis-utility-network/overview,Utility Network mobile,WEB_VERIFIED,2026-09-21
MTC-0376,Genetec Security Center,Genetec,CBE-JP-054; CBE-JP-068,Video Surveillance,"Monitor live/recorded video, search video and manage camera events",Cameras; video streams; recording policies; users,Video/security event record,Monitor -> detect/event -> investigate -> archive,Security operator/admin authority,Video/event/search/access history,Omnicast; third-party devices,"NuBlox must natively support monitor live/recorded video, search video and manage camera events within a governed Video Surveillance capability, preserving structured video/security event record, lifecycle state, responsibility/authority, review/approval, audit evidence and integration/export semantics.",https://www.genetec.com/products/unified-security/security-center,Genetec Security Center,WEB_VERIFIED,2026-09-21
MTC-0377,Genetec Security Center,Genetec,CBE-JP-054; CBE-JP-068,Access Control,"Manage cardholders/credentials, doors and access policies and monitor access events",People/credentials; doors/readers; schedules; access rules,Access-control authorization/event record,Enroll -> authorize -> grant/deny -> review,Security/access-control authority,Door/cardholder access event history,Synergis; directory integrations,"NuBlox must natively support manage cardholders/credentials, doors and access policies and monitor access events within a governed Access Control capability, preserving structured access-control authorization/event record, lifecycle state, responsibility/authority, review/approval, audit evidence and integration/export semantics.",https://techdocs.genetec.com/r/en-US/Security-Center-Administrator-Guide-5.12/About-Security-Center,Security Center access control,WEB_VERIFIED,2026-09-21
MTC-0378,Genetec Security Center,Genetec,CBE-JP-054; CBE-JP-068,Alarm / Event Management,"Configure, monitor, acknowledge and investigate security alarms/events across integrated subsystems",Video/access/ALPR/intrusion events; alarm rules,Alarm/incident handling record,Triggered -> presented -> acknowledged -> investigated -> closed,Security operator/supervisor authority,"Alarm timestamps, operator action and evidence",Unified Security Desk,"NuBlox must natively support configure, monitor, acknowledge and investigate security alarms/events across integrated subsystems within a governed Alarm / Event Management capability, preserving structured alarm/incident handling record, lifecycle state, responsibility/authority, review/approval, audit evidence and integration/export semantics.",https://techdocs.genetec.com/r/en-US/Security-Center-Administrator-Guide-5.12/About-Security-Center,Security Center alarms,WEB_VERIFIED,2026-09-21
MTC-0379,Genetec Security Center,Genetec,CBE-JP-054; CBE-JP-068,Intrusion Integration,Integrate intrusion panels/zones with unified monitoring and event workflows,Intrusion panels/zones; alarm states; users,Intrusion event / alarm record,Arm/monitor -> event -> respond -> close,Security authority,Intrusion/alarm history,Third-party intrusion panels,"NuBlox must natively support integrate intrusion panels/zones with unified monitoring and event workflows within a governed Intrusion Integration capability, preserving structured intrusion event / alarm record, lifecycle state, responsibility/authority, review/approval, audit evidence and integration/export semantics.",https://www.genetec.com/product-releases/security-center-saas,Security Center SaaS,WEB_VERIFIED,2026-09-21
MTC-0380,Genetec Security Center,Genetec,CBE-JP-054; CBE-JP-068,Federation,Federate multiple remote security systems into a central monitoring/reporting/alarm domain,Remote Security Center sites; entities; federation roles,Federated security entity/event view,Connect -> synchronize -> monitor/report -> manage,Federation/admin authority,Federated event/alarm/report history,Security Center Federation,"NuBlox must natively support federate multiple remote security systems into a central monitoring/reporting/alarm domain within a governed Federation capability, preserving structured federated security entity/event view, lifecycle state, responsibility/authority, review/approval, audit evidence and integration/export semantics.",https://techdocs.genetec.com/r/en-US/All-about-FederationTM-in-Security-Center-5.14,Security Center 5.14 Federation,WEB_VERIFIED,2026-09-21
MTC-0381,HCSS Equipment360,HCSS,CBE-JP-025; CBE-JP-026,Inspections,Complete equipment inspections and automatically create work from discovered defects,Equipment; inspection template; operator/mechanic; defect,Equipment inspection / defect record,Inspect -> defect -> work order -> repair,Operator/mechanic/fleet authority,Inspection and defect-resolution history,Tablet/mobile; HCSS platform,"NuBlox must natively support complete equipment inspections and automatically create work from discovered defects within a governed Inspections capability, preserving structured equipment inspection / defect record, lifecycle state, responsibility/authority, review/approval, audit evidence and integration/export semantics.",https://www.hcss.com/products/fleet-maintenance-software/,Equipment360 inspections,WEB_VERIFIED,2026-09-21
MTC-0382,HCSS Equipment360,HCSS,CBE-JP-025; CBE-JP-026,Preventive Maintenance,"Schedule and alert preventive services based on intervals, meter readings and certifications",Equipment; PM template; meter/service interval; certification dates,PM due item / service task,Monitor meter/time -> due -> schedule -> complete,Fleet/maintenance planner authority,PM/service history,Equipment360 / telematics/accounting,"NuBlox must natively support schedule and alert preventive services based on intervals, meter readings and certifications within a governed Preventive Maintenance capability, preserving structured pm due item / service task, lifecycle state, responsibility/authority, review/approval, audit evidence and integration/export semantics.",https://www.hcss.com/products/fleet-maintenance-software/,Equipment360 PM,WEB_VERIFIED,2026-09-21
MTC-0383,HCSS Equipment360,HCSS,CBE-JP-025; CBE-JP-026,Work Orders,"Create, assign and complete detailed equipment maintenance work orders",Equipment; maintenance request/PM/defect; mechanic; parts/labour,Maintenance work order,Request/due -> assigned -> repair -> closed,Shop foreman/mechanic authority,"Status, labour, parts, service readings and notes",iPad/mobile/accounting integrations,"NuBlox must natively support create, assign and complete detailed equipment maintenance work orders within a governed Work Orders capability, preserving structured maintenance work order, lifecycle state, responsibility/authority, review/approval, audit evidence and integration/export semantics.",https://www.hcss.com/faqs-resources/what-is-equipment360/,Equipment360 work orders,WEB_VERIFIED,2026-09-21
MTC-0384,HCSS Equipment360,HCSS,CBE-JP-025; CBE-JP-026,Parts Inventory,"Track maintenance parts, purchases, invoices and reorder alerts",Part catalogue; stock; purchase/invoice data; work orders,Parts inventory / issue/purchase record,Stock -> issue/consume -> reorder/purchase,Parts/shop authority,Part movement/purchase history,Accounting integration,"NuBlox must natively support track maintenance parts, purchases, invoices and reorder alerts within a governed Parts Inventory capability, preserving structured parts inventory / issue/purchase record, lifecycle state, responsibility/authority, review/approval, audit evidence and integration/export semantics.",https://www.hcss.com/products/fleet-maintenance-software/,Equipment360 inventory,WEB_VERIFIED,2026-09-21
MTC-0385,HCSS Equipment360,HCSS,CBE-JP-025; CBE-JP-026,Maintenance Requests,Allow field users to submit equipment issues and convert them to shop work orders,Equipment; issue description; meter reading; field user,Maintenance request / resulting work order,Reported -> reviewed -> converted -> repaired,Field/fleet/shop roles,Request-to-work-order lineage,Mobile/tablet,"NuBlox must natively support allow field users to submit equipment issues and convert them to shop work orders within a governed Maintenance Requests capability, preserving structured maintenance request / resulting work order, lifecycle state, responsibility/authority, review/approval, audit evidence and integration/export semantics.",https://www.hcss.com/blog/equipment-maintenance-requests-to-work-orders/,Equipment360 maintenance requests,WEB_VERIFIED,2026-09-21
MTC-0386,Hexagon Cabinet Vision,Hexagon,CBE-JP-039; CBE-JP-084,Cabinet / Furniture Design,"Design cabinets, closets and casework using manufacturer-standard smart catalogues",Room/site dimensions; smart catalogue; product standards,Furniture/cabinet design model,Order entry -> design -> review -> approve,Designer/manufacturer authority,Design/configuration state,CABINET VISION project; CSV/ORD/ORDx,"NuBlox must natively support design cabinets, closets and casework using manufacturer-standard smart catalogues within a governed Cabinet / Furniture Design capability, preserving structured furniture/cabinet design model, lifecycle state, responsibility/authority, review/approval, audit evidence and integration/export semantics.",https://hexagon.com/products/cabinet-vision-design,Cabinet Vision Design,WEB_VERIFIED,2026-09-21
MTC-0387,Hexagon Cabinet Vision,Hexagon,CBE-JP-039; CBE-JP-084,3D / Assembly Visualization,"Generate floor plans, elevations, 3D and assembly views for review/manufacturing",Configured design/model,3D/assembly design views,Design -> visualize -> approve -> manufacture,Design/sales/manufacturing review,View/model association,CABINET VISION/render outputs,"NuBlox must natively support generate floor plans, elevations, 3d and assembly views for review/manufacturing within a governed 3D / Assembly Visualization capability, preserving structured 3d/assembly design views, lifecycle state, responsibility/authority, review/approval, audit evidence and integration/export semantics.",https://hexagon.com/products/cabinet-vision-design,Cabinet Vision visualization,WEB_VERIFIED,2026-09-21
MTC-0388,Hexagon Cabinet Vision,Hexagon,CBE-JP-039; CBE-JP-084,Job Costing,Calculate job costs from configured designs/materials/operations,Design; materials/components; cost data,Job cost estimate,Design -> cost -> revise -> quote/order,Commercial/manufacturing authority,Cost basis linked to design,Reports/order data,"NuBlox must natively support calculate job costs from configured designs/materials/operations within a governed Job Costing capability, preserving structured job cost estimate, lifecycle state, responsibility/authority, review/approval, audit evidence and integration/export semantics.",https://hexagon.com/products/cabinet-vision-design,Cabinet Vision job costing,WEB_VERIFIED,2026-09-21
MTC-0389,Hexagon Cabinet Vision,Hexagon,CBE-JP-039; CBE-JP-084,Nesting / Material Optimization,Nest parts on stock sheets to improve yield and prepare production,Parts from design; sheet sizes/material; clearances,Optimized nest / cutting layout,Design -> nest -> verify -> machine,Manufacturing authority,Nest/material-utilization result,CNC/manufacturing outputs,"NuBlox must natively support nest parts on stock sheets to improve yield and prepare production within a governed Nesting / Material Optimization capability, preserving structured optimized nest / cutting layout, lifecycle state, responsibility/authority, review/approval, audit evidence and integration/export semantics.",https://hexagon.com/products/product-groups/computer-aided-manufacturing-cad-cam-software/cabinet-vision/release-history,Cabinet Vision 2026.1 nesting,WEB_VERIFIED,2026-09-21
MTC-0390,Hexagon Cabinet Vision,Hexagon,CBE-JP-039; CBE-JP-084,CAM / Part Machining,Define part-level shaping and machining operations and generate machine-ready production data,Parts; geometry; tool/machine operations; libraries,CAM operations / machine production data,Design -> define operations -> nest -> post/machine,Manufacturing engineer/machinist authority,Part-operation and design linkage,CNC outputs; DXF/library parts,"NuBlox must natively support define part-level shaping and machining operations and generate machine-ready production data within a governed CAM / Part Machining capability, preserving structured cam operations / machine production data, lifecycle state, responsibility/authority, review/approval, audit evidence and integration/export semantics.",https://hexagon.com/products/cabinet-vision-xshaping,Cabinet Vision xShaping,WEB_VERIFIED,2026-09-21
MTC-0391,Hexagon Cabinet Vision,Hexagon,CBE-JP-039; CBE-JP-084,Paperless Shop-floor Workflow,Deliver digital production information to shop floor and capture workflow/defect data,Production jobs; nested parts; operator/workstation,Digital traveler / shop-floor production record,Released -> in production -> complete/defect,Production supervisor/operator roles,Real-time production/defect state,Paperless Traveller mobile/app,"NuBlox must natively support deliver digital production information to shop floor and capture workflow/defect data within a governed Paperless Shop-floor Workflow capability, preserving structured digital traveler / shop-floor production record, lifecycle state, responsibility/authority, review/approval, audit evidence and integration/export semantics.",https://hexagon.com/products/product-groups/computer-aided-manufacturing-cad-cam-software/cabinet-vision/release-history,Cabinet Vision Paperless Traveller,WEB_VERIFIED,2026-09-21
MTC-0392,Hexagon MinePlan,Hexagon,CBE-JP-061; CBE-JP-062,3D Mine Design,"Create detailed pit/underground mine, road, dump and drill/blast designs",Geology/block model; survey/topography; geotechnical/design criteria,Detailed mine design model,Resource model -> design -> iterate -> approve,Mine engineer authority,Design assumptions/model state,MinePlan 3D/CAD outputs,"NuBlox must natively support create detailed pit/underground mine, road, dump and drill/blast designs within a governed 3D Mine Design capability, preserving structured detailed mine design model, lifecycle state, responsibility/authority, review/approval, audit evidence and integration/export semantics.",https://hexagon.com/products/hexagon-mineplan-ug-engineering,MinePlan engineering,WEB_VERIFIED,2026-09-21
MTC-0393,Hexagon MinePlan,Hexagon,CBE-JP-061; CBE-JP-062,Activity Scheduling,Create Gantt/activity-based short-term production schedules from mine designs,Mine design; activities; resources; constraints,Mine production schedule,Design -> schedule -> dispatch/execute -> update,Mine planning authority,Activity plan/status history,MPAS / MineOperate integration,"NuBlox must natively support create gantt/activity-based short-term production schedules from mine designs within a governed Activity Scheduling capability, preserving structured mine production schedule, lifecycle state, responsibility/authority, review/approval, audit evidence and integration/export semantics.",https://hexagon.com/products/hexagon-mineplan-ug-engineering,MinePlan Activity Scheduler,WEB_VERIFIED,2026-09-21
MTC-0394,Hexagon MinePlan,Hexagon,CBE-JP-061; CBE-JP-062,Schedule Optimization,Optimize long-range mine schedules against constraints and economic objectives,Block model; targets; haulage; stockpile; grade/economic constraints,Optimized life-of-mine schedule,Model -> optimize -> compare -> select,Senior mine-planning authority,Optimization assumptions/result,MPSO / reporting outputs,"NuBlox must natively support optimize long-range mine schedules against constraints and economic objectives within a governed Schedule Optimization capability, preserving structured optimized life-of-mine schedule, lifecycle state, responsibility/authority, review/approval, audit evidence and integration/export semantics.",https://hexagon.com/products/hexagon-mineplan-op-engineering-long-term,MinePlan Schedule Optimizer,WEB_VERIFIED,2026-09-21
MTC-0395,Hexagon MinePlan,Hexagon,CBE-JP-061; CBE-JP-062,Stockpile / Blending Optimization,"Model stockpiling, blending and cut-off-grade decisions as part of scheduling",Material blocks; grades; stockpile/blend constraints,Stockpile/blending plan,Plan -> optimize -> schedule -> execute/update,Mine-planning/process authority,Constraint/result lineage,MinePlan schedule/reporting,"NuBlox must natively support model stockpiling, blending and cut-off-grade decisions as part of scheduling within a governed Stockpile / Blending Optimization capability, preserving structured stockpile/blending plan, lifecycle state, responsibility/authority, review/approval, audit evidence and integration/export semantics.",https://hexagon.com/products/hexagon-mineplan-op-engineering-long-term,MinePlan optimization,WEB_VERIFIED,2026-09-21
MTC-0396,Hexagon MinePlan,Hexagon,CBE-JP-061; CBE-JP-062,Operations Feedback,Send schedules to operations/fleet systems and bring completion results back to update plans,Approved schedule; field task execution; fleet/production feedback,Updated actual-vs-plan schedule,Publish -> execute -> capture results -> reschedule,Planning/operations roles,Task completion and schedule update history,HxGN MineOperate integration,"NuBlox must natively support send schedules to operations/fleet systems and bring completion results back to update plans within a governed Operations Feedback capability, preserving structured updated actual-vs-plan schedule, lifecycle state, responsibility/authority, review/approval, audit evidence and integration/export semantics.",https://hexagon.com/products/hexagon-mineplan-ug-engineering,MinePlan operations integration,WEB_VERIFIED,2026-09-21
