master_record_id,scope_type,scope_code,scope_name,function_code,delivery_domain_id,job_profile_id,job_profile_name,market_category,vendor,tool_product,capability_or_job_work,work_products_or_records,lifecycle_stages,source_url,verification_status,verified_date,source_record_id,source_register
MMTR-0001,ENTERPRISE_FUNCTION,F01,Strategy & Enterprise Planning,F01,,,,"Strategic planning, scenario planning, portfolio alignment, goals and KPIs",Planview,Planview,"Strategic planning, scenario planning, portfolio alignment, goals and KPIs",,,https://www.planview.com/,DISCOVERY_SEED,2026-09-21,MTR-0001,market-tool-register.csv
MMTR-0002,ENTERPRISE_FUNCTION,F01,Strategy & Enterprise Planning,F01,,,,"Strategic planning, scenario planning, portfolio alignment, goals and KPIs",Anaplan,Anaplan,"Strategic planning, scenario planning, portfolio alignment, goals and KPIs",,,https://www.anaplan.com/,DISCOVERY_SEED,2026-09-21,MTR-0002,market-tool-register.csv
MMTR-0003,ENTERPRISE_FUNCTION,F01,Strategy & Enterprise Planning,F01,,,,"Strategic planning, scenario planning, portfolio alignment, goals and KPIs",Workday,Workday Adaptive Planning,"Strategic planning, scenario planning, portfolio alignment, goals and KPIs",,,https://www.workday.com/,DISCOVERY_SEED,2026-09-21,MTR-0003,market-tool-register.csv
MMTR-0004,ENTERPRISE_FUNCTION,F01,Strategy & Enterprise Planning,F01,,,,"Strategic planning, scenario planning, portfolio alignment, goals and KPIs",Oracle,Oracle EPM,"Strategic planning, scenario planning, portfolio alignment, goals and KPIs",,,https://www.oracle.com/,DISCOVERY_SEED,2026-09-21,MTR-0004,market-tool-register.csv
MMTR-0005,ENTERPRISE_FUNCTION,F01,Strategy & Enterprise Planning,F01,,,,"Strategic planning, scenario planning, portfolio alignment, goals and KPIs",SAP,SAP Analytics Cloud,"Strategic planning, scenario planning, portfolio alignment, goals and KPIs",,,https://www.sap.com/products.html,DISCOVERY_SEED,2026-09-21,MTR-0005,market-tool-register.csv
MMTR-0006,ENTERPRISE_FUNCTION,F01,Strategy & Enterprise Planning,F01,,,,"Strategic planning, scenario planning, portfolio alignment, goals and KPIs",Board,Board,"Strategic planning, scenario planning, portfolio alignment, goals and KPIs",,,https://www.board.com/,DISCOVERY_SEED,2026-09-21,MTR-0006,market-tool-register.csv
MMTR-0007,ENTERPRISE_FUNCTION,F01,Strategy & Enterprise Planning,F01,,,,"Strategic planning, scenario planning, portfolio alignment, goals and KPIs",IBM,IBM Planning Analytics,"Strategic planning, scenario planning, portfolio alignment, goals and KPIs",,,https://www.ibm.com/,DISCOVERY_SEED,2026-09-21,MTR-0007,market-tool-register.csv
MMTR-0008,ENTERPRISE_FUNCTION,F01,Strategy & Enterprise Planning,F01,,,,"Strategic planning, scenario planning, portfolio alignment, goals and KPIs",Jedox,Jedox,"Strategic planning, scenario planning, portfolio alignment, goals and KPIs",,,https://www.jedox.com/,DISCOVERY_SEED,2026-09-21,MTR-0008,market-tool-register.csv
MMTR-0009,ENTERPRISE_FUNCTION,F01,Strategy & Enterprise Planning,F01,,,,"Strategic planning, scenario planning, portfolio alignment, goals and KPIs",Pigment,Pigment,"Strategic planning, scenario planning, portfolio alignment, goals and KPIs",,,https://www.pigment.com/,DISCOVERY_SEED,2026-09-21,MTR-0009,market-tool-register.csv
MMTR-0010,ENTERPRISE_FUNCTION,F01,Strategy & Enterprise Planning,F01,,,,"Strategic planning, scenario planning, portfolio alignment, goals and KPIs",Cascade,Cascade,"Strategic planning, scenario planning, portfolio alignment, goals and KPIs",,,https://www.cascade.app/,DISCOVERY_SEED,2026-09-21,MTR-0010,market-tool-register.csv
MMTR-0011,ENTERPRISE_FUNCTION,F02,Corporate Governance,F02,,,,"Boards, committees, agendas, board packs, minutes, actions, policy and governance oversight",Diligent,Diligent Boards / Diligent One,"Boards, committees, agendas, board packs, minutes, actions, policy and governance oversight",,,https://www.diligent.com/platform/diligent-one,DISCOVERY_SEED,2026-09-21,MTR-0011,market-tool-register.csv
MMTR-0012,ENTERPRISE_FUNCTION,F02,Corporate Governance,F02,,,,"Boards, committees, agendas, board packs, minutes, actions, policy and governance oversight",Board Intelligence,Board Intelligence,"Boards, committees, agendas, board packs, minutes, actions, policy and governance oversight",,,https://www.boardintelligence.com/,DISCOVERY_SEED,2026-09-21,MTR-0012,market-tool-register.csv
MMTR-0013,ENTERPRISE_FUNCTION,F02,Corporate Governance,F02,,,,"Boards, committees, agendas, board packs, minutes, actions, policy and governance oversight",OnBoard,OnBoard,"Boards, committees, agendas, board packs, minutes, actions, policy and governance oversight",,,https://www.onboardmeetings.com/,DISCOVERY_SEED,2026-09-21,MTR-0013,market-tool-register.csv
MMTR-0014,ENTERPRISE_FUNCTION,F02,Corporate Governance,F02,,,,"Boards, committees, agendas, board packs, minutes, actions, policy and governance oversight",Admincontrol,Admincontrol,"Boards, committees, agendas, board packs, minutes, actions, policy and governance oversight",,,https://admincontrol.com/,DISCOVERY_SEED,2026-09-21,MTR-0014,market-tool-register.csv
MMTR-0015,ENTERPRISE_FUNCTION,F02,Corporate Governance,F02,,,,"Boards, committees, agendas, board packs, minutes, actions, policy and governance oversight",Convene,Convene,"Boards, committees, agendas, board packs, minutes, actions, policy and governance oversight",,,https://www.azeusconvene.com/,DISCOVERY_SEED,2026-09-21,MTR-0015,market-tool-register.csv
MMTR-0016,ENTERPRISE_FUNCTION,F02,Corporate Governance,F02,,,,"Boards, committees, agendas, board packs, minutes, actions, policy and governance oversight",Govenda,Govenda,"Boards, committees, agendas, board packs, minutes, actions, policy and governance oversight",,,https://www.govenda.com/,DISCOVERY_SEED,2026-09-21,MTR-0016,market-tool-register.csv
MMTR-0017,ENTERPRISE_FUNCTION,F02,Corporate Governance,F02,,,,"Boards, committees, agendas, board packs, minutes, actions, policy and governance oversight",Workiva,Workiva,"Boards, committees, agendas, board packs, minutes, actions, policy and governance oversight",,,https://www.workiva.com/,DISCOVERY_SEED,2026-09-21,MTR-0017,market-tool-register.csv
MMTR-0018,ENTERPRISE_FUNCTION,F03,Enterprise Performance Management,F03,,,,"Planning, budgeting, forecasting, consolidation, management reporting and performance",Oracle,Oracle EPM,"Planning, budgeting, forecasting, consolidation, management reporting and performance",,,https://www.oracle.com/,DISCOVERY_SEED,2026-09-21,MTR-0018,market-tool-register.csv
MMTR-0019,ENTERPRISE_FUNCTION,F03,Enterprise Performance Management,F03,,,,"Planning, budgeting, forecasting, consolidation, management reporting and performance",SAP,SAP Analytics Cloud,"Planning, budgeting, forecasting, consolidation, management reporting and performance",,,https://www.sap.com/products.html,DISCOVERY_SEED,2026-09-21,MTR-0019,market-tool-register.csv
MMTR-0020,ENTERPRISE_FUNCTION,F03,Enterprise Performance Management,F03,,,,"Planning, budgeting, forecasting, consolidation, management reporting and performance",Workday,Workday Adaptive Planning,"Planning, budgeting, forecasting, consolidation, management reporting and performance",,,https://www.workday.com/,DISCOVERY_SEED,2026-09-21,MTR-0020,market-tool-register.csv
MMTR-0021,ENTERPRISE_FUNCTION,F03,Enterprise Performance Management,F03,,,,"Planning, budgeting, forecasting, consolidation, management reporting and performance",Anaplan,Anaplan,"Planning, budgeting, forecasting, consolidation, management reporting and performance",,,https://www.anaplan.com/,DISCOVERY_SEED,2026-09-21,MTR-0021,market-tool-register.csv
MMTR-0022,ENTERPRISE_FUNCTION,F03,Enterprise Performance Management,F03,,,,"Planning, budgeting, forecasting, consolidation, management reporting and performance",Board,Board,"Planning, budgeting, forecasting, consolidation, management reporting and performance",,,https://www.board.com/,DISCOVERY_SEED,2026-09-21,MTR-0022,market-tool-register.csv
MMTR-0023,ENTERPRISE_FUNCTION,F03,Enterprise Performance Management,F03,,,,"Planning, budgeting, forecasting, consolidation, management reporting and performance",IBM,IBM Planning Analytics,"Planning, budgeting, forecasting, consolidation, management reporting and performance",,,https://www.ibm.com/,DISCOVERY_SEED,2026-09-21,MTR-0023,market-tool-register.csv
MMTR-0024,ENTERPRISE_FUNCTION,F03,Enterprise Performance Management,F03,,,,"Planning, budgeting, forecasting, consolidation, management reporting and performance",OneStream,OneStream,"Planning, budgeting, forecasting, consolidation, management reporting and performance",,,https://www.onestream.com/,DISCOVERY_SEED,2026-09-21,MTR-0024,market-tool-register.csv
MMTR-0025,ENTERPRISE_FUNCTION,F03,Enterprise Performance Management,F03,,,,"Planning, budgeting, forecasting, consolidation, management reporting and performance",Wolters Kluwer,CCH Tagetik,"Planning, budgeting, forecasting, consolidation, management reporting and performance",,,https://www.wolterskluwer.com/,DISCOVERY_SEED,2026-09-21,MTR-0025,market-tool-register.csv
MMTR-0026,ENTERPRISE_FUNCTION,F03,Enterprise Performance Management,F03,,,,"Planning, budgeting, forecasting, consolidation, management reporting and performance",Planful,Planful,"Planning, budgeting, forecasting, consolidation, management reporting and performance",,,https://planful.com/,DISCOVERY_SEED,2026-09-21,MTR-0026,market-tool-register.csv
MMTR-0027,ENTERPRISE_FUNCTION,F03,Enterprise Performance Management,F03,,,,"Planning, budgeting, forecasting, consolidation, management reporting and performance",Prophix,Prophix,"Planning, budgeting, forecasting, consolidation, management reporting and performance",,,https://www.prophix.com/,DISCOVERY_SEED,2026-09-21,MTR-0027,market-tool-register.csv
MMTR-0028,ENTERPRISE_FUNCTION,F03,Enterprise Performance Management,F03,,,,"Planning, budgeting, forecasting, consolidation, management reporting and performance",Jedox,Jedox,"Planning, budgeting, forecasting, consolidation, management reporting and performance",,,https://www.jedox.com/,DISCOVERY_SEED,2026-09-21,MTR-0028,market-tool-register.csv
MMTR-0029,ENTERPRISE_FUNCTION,F04,Corporate Development & M&A,F04,,,,"Deal sourcing, valuation, due diligence, virtual data rooms, transaction and integration management",Datasite,Datasite,"Deal sourcing, valuation, due diligence, virtual data rooms, transaction and integration management",,,https://www.datasite.com/,DISCOVERY_SEED,2026-09-21,MTR-0029,market-tool-register.csv
MMTR-0030,ENTERPRISE_FUNCTION,F04,Corporate Development & M&A,F04,,,,"Deal sourcing, valuation, due diligence, virtual data rooms, transaction and integration management",Intralinks,Intralinks,"Deal sourcing, valuation, due diligence, virtual data rooms, transaction and integration management",,,https://www.intralinks.com/,DISCOVERY_SEED,2026-09-21,MTR-0030,market-tool-register.csv
MMTR-0031,ENTERPRISE_FUNCTION,F04,Corporate Development & M&A,F04,,,,"Deal sourcing, valuation, due diligence, virtual data rooms, transaction and integration management",Midaxo,Midaxo,"Deal sourcing, valuation, due diligence, virtual data rooms, transaction and integration management",,,https://www.midaxo.com/,DISCOVERY_SEED,2026-09-21,MTR-0031,market-tool-register.csv
MMTR-0032,ENTERPRISE_FUNCTION,F04,Corporate Development & M&A,F04,,,,"Deal sourcing, valuation, due diligence, virtual data rooms, transaction and integration management",DealRoom,DealRoom,"Deal sourcing, valuation, due diligence, virtual data rooms, transaction and integration management",,,https://dealroom.net/,DISCOVERY_SEED,2026-09-21,MTR-0032,market-tool-register.csv
MMTR-0033,ENTERPRISE_FUNCTION,F04,Corporate Development & M&A,F04,,,,"Deal sourcing, valuation, due diligence, virtual data rooms, transaction and integration management",Ansarada,Ansarada,"Deal sourcing, valuation, due diligence, virtual data rooms, transaction and integration management",,,https://www.ansarada.com/,DISCOVERY_SEED,2026-09-21,MTR-0033,market-tool-register.csv
MMTR-0034,ENTERPRISE_FUNCTION,F04,Corporate Development & M&A,F04,,,,"Deal sourcing, valuation, due diligence, virtual data rooms, transaction and integration management",DealCloud,DealCloud,"Deal sourcing, valuation, due diligence, virtual data rooms, transaction and integration management",,,https://dealcloud.com/,DISCOVERY_SEED,2026-09-21,MTR-0034,market-tool-register.csv
MMTR-0035,ENTERPRISE_FUNCTION,F04,Corporate Development & M&A,F04,,,,"Deal sourcing, valuation, due diligence, virtual data rooms, transaction and integration management",FirmRoom,FirmRoom,"Deal sourcing, valuation, due diligence, virtual data rooms, transaction and integration management",,,https://firmroom.com/,DISCOVERY_SEED,2026-09-21,MTR-0035,market-tool-register.csv
MMTR-0036,ENTERPRISE_FUNCTION,F04,Corporate Development & M&A,F04,,,,"Deal sourcing, valuation, due diligence, virtual data rooms, transaction and integration management",Intralinks,SS&C Intralinks DealCentre AI,"Deal sourcing, valuation, due diligence, virtual data rooms, transaction and integration management",,,https://www.intralinks.com/,DISCOVERY_SEED,2026-09-21,MTR-0036,market-tool-register.csv
MMTR-0037,ENTERPRISE_FUNCTION,F05,"Product, Service & Innovation Management",F05,,,,"PLM, requirements, portfolio, ideation, product definition, configuration, change and lifecycle",PTC,PTC Windchill,"PLM, requirements, portfolio, ideation, product definition, configuration, change and lifecycle",,,https://www.ptc.com/en/products/windchill,DISCOVERY_SEED,2026-09-21,MTR-0037,market-tool-register.csv
MMTR-0038,ENTERPRISE_FUNCTION,F05,"Product, Service & Innovation Management",F05,,,,"PLM, requirements, portfolio, ideation, product definition, configuration, change and lifecycle",Siemens,Siemens Teamcenter,"PLM, requirements, portfolio, ideation, product definition, configuration, change and lifecycle",,,https://www.siemens.com/,DISCOVERY_SEED,2026-09-21,MTR-0038,market-tool-register.csv
MMTR-0039,ENTERPRISE_FUNCTION,F05,"Product, Service & Innovation Management",F05,,,,"PLM, requirements, portfolio, ideation, product definition, configuration, change and lifecycle",Dassault Systèmes,Dassault Systèmes ENOVIA / 3DEXPERIENCE,"PLM, requirements, portfolio, ideation, product definition, configuration, change and lifecycle",,,https://www.3ds.com/,DISCOVERY_SEED,2026-09-21,MTR-0039,market-tool-register.csv
MMTR-0040,ENTERPRISE_FUNCTION,F05,"Product, Service & Innovation Management",F05,,,,"PLM, requirements, portfolio, ideation, product definition, configuration, change and lifecycle",Aras,Aras Innovator,"PLM, requirements, portfolio, ideation, product definition, configuration, change and lifecycle",,,https://www.aras.com/,DISCOVERY_SEED,2026-09-21,MTR-0040,market-tool-register.csv
MMTR-0041,ENTERPRISE_FUNCTION,F05,"Product, Service & Innovation Management",F05,,,,"PLM, requirements, portfolio, ideation, product definition, configuration, change and lifecycle",Autodesk,Autodesk Fusion Manage,"PLM, requirements, portfolio, ideation, product definition, configuration, change and lifecycle",,,https://www.autodesk.com/,DISCOVERY_SEED,2026-09-21,MTR-0041,market-tool-register.csv
MMTR-0042,ENTERPRISE_FUNCTION,F05,"Product, Service & Innovation Management",F05,,,,"PLM, requirements, portfolio, ideation, product definition, configuration, change and lifecycle",Oracle,Oracle Fusion Cloud PLM,"PLM, requirements, portfolio, ideation, product definition, configuration, change and lifecycle",,,https://www.oracle.com/,DISCOVERY_SEED,2026-09-21,MTR-0042,market-tool-register.csv
MMTR-0043,ENTERPRISE_FUNCTION,F05,"Product, Service & Innovation Management",F05,,,,"PLM, requirements, portfolio, ideation, product definition, configuration, change and lifecycle",SAP,SAP Integrated Product Development,"PLM, requirements, portfolio, ideation, product definition, configuration, change and lifecycle",,,https://www.sap.com/products.html,DISCOVERY_SEED,2026-09-21,MTR-0043,market-tool-register.csv
MMTR-0044,ENTERPRISE_FUNCTION,F05,"Product, Service & Innovation Management",F05,,,,"PLM, requirements, portfolio, ideation, product definition, configuration, change and lifecycle",Aha!,Aha!,"PLM, requirements, portfolio, ideation, product definition, configuration, change and lifecycle",,,https://www.aha.io/,DISCOVERY_SEED,2026-09-21,MTR-0044,market-tool-register.csv
MMTR-0045,ENTERPRISE_FUNCTION,F05,"Product, Service & Innovation Management",F05,,,,"PLM, requirements, portfolio, ideation, product definition, configuration, change and lifecycle",Productboard,Productboard,"PLM, requirements, portfolio, ideation, product definition, configuration, change and lifecycle",,,https://www.productboard.com/,DISCOVERY_SEED,2026-09-21,MTR-0045,market-tool-register.csv
MMTR-0046,ENTERPRISE_FUNCTION,F05,"Product, Service & Innovation Management",F05,,,,"PLM, requirements, portfolio, ideation, product definition, configuration, change and lifecycle",Atlassian,Jira Product Discovery,"PLM, requirements, portfolio, ideation, product definition, configuration, change and lifecycle",,,https://www.atlassian.com/,DISCOVERY_SEED,2026-09-21,MTR-0046,market-tool-register.csv
MMTR-0047,ENTERPRISE_FUNCTION,F06,Marketing & Brand,F06,,,,"Market intelligence, brand, campaigns, digital marketing, content, social, events and analytics",Salesforce,Salesforce Marketing Cloud,"Market intelligence, brand, campaigns, digital marketing, content, social, events and analytics",,,https://www.salesforce.com/,DISCOVERY_SEED,2026-09-21,MTR-0047,market-tool-register.csv
MMTR-0048,ENTERPRISE_FUNCTION,F06,Marketing & Brand,F06,,,,"Market intelligence, brand, campaigns, digital marketing, content, social, events and analytics",Adobe,Adobe Experience Cloud / Marketo Engage,"Market intelligence, brand, campaigns, digital marketing, content, social, events and analytics",,,https://www.adobe.com/,DISCOVERY_SEED,2026-09-21,MTR-0048,market-tool-register.csv
MMTR-0049,ENTERPRISE_FUNCTION,F06,Marketing & Brand,F06,,,,"Market intelligence, brand, campaigns, digital marketing, content, social, events and analytics",HubSpot,HubSpot Marketing Hub,"Market intelligence, brand, campaigns, digital marketing, content, social, events and analytics",,,https://www.hubspot.com/,DISCOVERY_SEED,2026-09-21,MTR-0049,market-tool-register.csv
MMTR-0050,ENTERPRISE_FUNCTION,F06,Marketing & Brand,F06,,,,"Market intelligence, brand, campaigns, digital marketing, content, social, events and analytics",Sprinklr,Sprinklr,"Market intelligence, brand, campaigns, digital marketing, content, social, events and analytics",,,https://www.sprinklr.com/,DISCOVERY_SEED,2026-09-21,MTR-0050,market-tool-register.csv
MMTR-0051,ENTERPRISE_FUNCTION,F06,Marketing & Brand,F06,,,,"Market intelligence, brand, campaigns, digital marketing, content, social, events and analytics",Hootsuite,Hootsuite,"Market intelligence, brand, campaigns, digital marketing, content, social, events and analytics",,,https://www.hootsuite.com/,DISCOVERY_SEED,2026-09-21,MTR-0051,market-tool-register.csv
MMTR-0052,ENTERPRISE_FUNCTION,F06,Marketing & Brand,F06,,,,"Market intelligence, brand, campaigns, digital marketing, content, social, events and analytics",Sprout Social,Sprout Social,"Market intelligence, brand, campaigns, digital marketing, content, social, events and analytics",,,https://sproutsocial.com/,DISCOVERY_SEED,2026-09-21,MTR-0052,market-tool-register.csv
MMTR-0053,ENTERPRISE_FUNCTION,F06,Marketing & Brand,F06,,,,"Market intelligence, brand, campaigns, digital marketing, content, social, events and analytics",Semrush,Semrush,"Market intelligence, brand, campaigns, digital marketing, content, social, events and analytics",,,https://www.semrush.com/,DISCOVERY_SEED,2026-09-21,MTR-0053,market-tool-register.csv
MMTR-0054,ENTERPRISE_FUNCTION,F06,Marketing & Brand,F06,,,,"Market intelligence, brand, campaigns, digital marketing, content, social, events and analytics",Brandwatch,Brandwatch,"Market intelligence, brand, campaigns, digital marketing, content, social, events and analytics",,,https://www.brandwatch.com/,DISCOVERY_SEED,2026-09-21,MTR-0054,market-tool-register.csv
MMTR-0055,ENTERPRISE_FUNCTION,F06,Marketing & Brand,F06,,,,"Market intelligence, brand, campaigns, digital marketing, content, social, events and analytics",Mailchimp,Mailchimp,"Market intelligence, brand, campaigns, digital marketing, content, social, events and analytics",,,https://mailchimp.com/,DISCOVERY_SEED,2026-09-21,MTR-0055,market-tool-register.csv
MMTR-0056,ENTERPRISE_FUNCTION,F06,Marketing & Brand,F06,,,,"Market intelligence, brand, campaigns, digital marketing, content, social, events and analytics",Canva,Canva,"Market intelligence, brand, campaigns, digital marketing, content, social, events and analytics",,,https://www.canva.com/,DISCOVERY_SEED,2026-09-21,MTR-0056,market-tool-register.csv
MMTR-0057,ENTERPRISE_FUNCTION,F07,Sales & Commercial Management,F07,,,,"Accounts, opportunities, pipeline, pricing, quotation, bids, proposals, contracts and forecasting",Salesforce,Salesforce Sales Cloud,"Accounts, opportunities, pipeline, pricing, quotation, bids, proposals, contracts and forecasting",,,https://www.salesforce.com/,DISCOVERY_SEED,2026-09-21,MTR-0057,market-tool-register.csv
MMTR-0058,ENTERPRISE_FUNCTION,F07,Sales & Commercial Management,F07,,,,"Accounts, opportunities, pipeline, pricing, quotation, bids, proposals, contracts and forecasting",Microsoft,Microsoft Dynamics 365 Sales,"Accounts, opportunities, pipeline, pricing, quotation, bids, proposals, contracts and forecasting",,,https://www.microsoft.com/en-us/dynamics-365,DISCOVERY_SEED,2026-09-21,MTR-0058,market-tool-register.csv
MMTR-0059,ENTERPRISE_FUNCTION,F07,Sales & Commercial Management,F07,,,,"Accounts, opportunities, pipeline, pricing, quotation, bids, proposals, contracts and forecasting",HubSpot,HubSpot Sales Hub,"Accounts, opportunities, pipeline, pricing, quotation, bids, proposals, contracts and forecasting",,,https://www.hubspot.com/,DISCOVERY_SEED,2026-09-21,MTR-0059,market-tool-register.csv
MMTR-0060,ENTERPRISE_FUNCTION,F07,Sales & Commercial Management,F07,,,,"Accounts, opportunities, pipeline, pricing, quotation, bids, proposals, contracts and forecasting",SAP,SAP Sales Cloud,"Accounts, opportunities, pipeline, pricing, quotation, bids, proposals, contracts and forecasting",,,https://www.sap.com/products.html,DISCOVERY_SEED,2026-09-21,MTR-0060,market-tool-register.csv
MMTR-0061,ENTERPRISE_FUNCTION,F07,Sales & Commercial Management,F07,,,,"Accounts, opportunities, pipeline, pricing, quotation, bids, proposals, contracts and forecasting",Oracle,Oracle Sales,"Accounts, opportunities, pipeline, pricing, quotation, bids, proposals, contracts and forecasting",,,https://www.oracle.com/,DISCOVERY_SEED,2026-09-21,MTR-0061,market-tool-register.csv
MMTR-0062,ENTERPRISE_FUNCTION,F07,Sales & Commercial Management,F07,,,,"Accounts, opportunities, pipeline, pricing, quotation, bids, proposals, contracts and forecasting",Zoho,Zoho CRM,"Accounts, opportunities, pipeline, pricing, quotation, bids, proposals, contracts and forecasting",,,https://www.zoho.com/crm/,DISCOVERY_SEED,2026-09-21,MTR-0062,market-tool-register.csv
MMTR-0063,ENTERPRISE_FUNCTION,F07,Sales & Commercial Management,F07,,,,"Accounts, opportunities, pipeline, pricing, quotation, bids, proposals, contracts and forecasting",Pipedrive,Pipedrive,"Accounts, opportunities, pipeline, pricing, quotation, bids, proposals, contracts and forecasting",,,https://www.pipedrive.com/,DISCOVERY_SEED,2026-09-21,MTR-0063,market-tool-register.csv
MMTR-0064,ENTERPRISE_FUNCTION,F07,Sales & Commercial Management,F07,,,,"Accounts, opportunities, pipeline, pricing, quotation, bids, proposals, contracts and forecasting",Procore,Procore Preconstruction,"Accounts, opportunities, pipeline, pricing, quotation, bids, proposals, contracts and forecasting",,,https://www.procore.com/,DISCOVERY_SEED,2026-09-21,MTR-0064,market-tool-register.csv
MMTR-0065,ENTERPRISE_FUNCTION,F07,Sales & Commercial Management,F07,,,,"Accounts, opportunities, pipeline, pricing, quotation, bids, proposals, contracts and forecasting",Autodesk,Autodesk BuildingConnected,"Accounts, opportunities, pipeline, pricing, quotation, bids, proposals, contracts and forecasting",,,https://www.autodesk.com/,DISCOVERY_SEED,2026-09-21,MTR-0065,market-tool-register.csv
MMTR-0066,ENTERPRISE_FUNCTION,F07,Sales & Commercial Management,F07,,,,"Accounts, opportunities, pipeline, pricing, quotation, bids, proposals, contracts and forecasting",RIB,RIB bid / estimating products,"Accounts, opportunities, pipeline, pricing, quotation, bids, proposals, contracts and forecasting",,,https://www.rib-software.com/,DISCOVERY_SEED,2026-09-21,MTR-0066,market-tool-register.csv
MMTR-0067,ENTERPRISE_FUNCTION,F08,"Customer Service, Experience & Success",F08,,,,"Onboarding, enquiries, cases, complaints, support, warranty, success and service levels",Salesforce,Salesforce Service Cloud,"Onboarding, enquiries, cases, complaints, support, warranty, success and service levels",,,https://www.salesforce.com/,DISCOVERY_SEED,2026-09-21,MTR-0067,market-tool-register.csv
MMTR-0068,ENTERPRISE_FUNCTION,F08,"Customer Service, Experience & Success",F08,,,,"Onboarding, enquiries, cases, complaints, support, warranty, success and service levels",Microsoft,Microsoft Dynamics 365 Customer Service,"Onboarding, enquiries, cases, complaints, support, warranty, success and service levels",,,https://www.microsoft.com/en-us/dynamics-365,DISCOVERY_SEED,2026-09-21,MTR-0068,market-tool-register.csv
MMTR-0069,ENTERPRISE_FUNCTION,F08,"Customer Service, Experience & Success",F08,,,,"Onboarding, enquiries, cases, complaints, support, warranty, success and service levels",ServiceNow,ServiceNow Customer Service Management,"Onboarding, enquiries, cases, complaints, support, warranty, success and service levels",,,https://www.servicenow.com/,DISCOVERY_SEED,2026-09-21,MTR-0069,market-tool-register.csv
MMTR-0070,ENTERPRISE_FUNCTION,F08,"Customer Service, Experience & Success",F08,,,,"Onboarding, enquiries, cases, complaints, support, warranty, success and service levels",Zendesk,Zendesk,"Onboarding, enquiries, cases, complaints, support, warranty, success and service levels",,,https://www.zendesk.com/,DISCOVERY_SEED,2026-09-21,MTR-0070,market-tool-register.csv
MMTR-0071,ENTERPRISE_FUNCTION,F08,"Customer Service, Experience & Success",F08,,,,"Onboarding, enquiries, cases, complaints, support, warranty, success and service levels",Freshworks,Freshworks,"Onboarding, enquiries, cases, complaints, support, warranty, success and service levels",,,https://www.freshworks.com/,DISCOVERY_SEED,2026-09-21,MTR-0071,market-tool-register.csv
MMTR-0072,ENTERPRISE_FUNCTION,F08,"Customer Service, Experience & Success",F08,,,,"Onboarding, enquiries, cases, complaints, support, warranty, success and service levels",Intercom,Intercom,"Onboarding, enquiries, cases, complaints, support, warranty, success and service levels",,,https://www.intercom.com/,DISCOVERY_SEED,2026-09-21,MTR-0072,market-tool-register.csv
MMTR-0073,ENTERPRISE_FUNCTION,F08,"Customer Service, Experience & Success",F08,,,,"Onboarding, enquiries, cases, complaints, support, warranty, success and service levels",Genesys,Genesys Cloud CX,"Onboarding, enquiries, cases, complaints, support, warranty, success and service levels",,,https://www.genesys.com/,DISCOVERY_SEED,2026-09-21,MTR-0073,market-tool-register.csv
MMTR-0074,ENTERPRISE_FUNCTION,F08,"Customer Service, Experience & Success",F08,,,,"Onboarding, enquiries, cases, complaints, support, warranty, success and service levels",NICE,NICE CXone,"Onboarding, enquiries, cases, complaints, support, warranty, success and service levels",,,https://www.nice.com/,DISCOVERY_SEED,2026-09-21,MTR-0074,market-tool-register.csv
MMTR-0075,ENTERPRISE_FUNCTION,F08,"Customer Service, Experience & Success",F08,,,,"Onboarding, enquiries, cases, complaints, support, warranty, success and service levels",SAP,SAP Service Cloud,"Onboarding, enquiries, cases, complaints, support, warranty, success and service levels",,,https://www.sap.com/products.html,DISCOVERY_SEED,2026-09-21,MTR-0075,market-tool-register.csv
MMTR-0076,ENTERPRISE_FUNCTION,F08,"Customer Service, Experience & Success",F08,,,,"Onboarding, enquiries, cases, complaints, support, warranty, success and service levels",Oracle,Oracle B2B Service,"Onboarding, enquiries, cases, complaints, support, warranty, success and service levels",,,https://www.oracle.com/,DISCOVERY_SEED,2026-09-21,MTR-0076,market-tool-register.csv
MMTR-0077,ENTERPRISE_FUNCTION,F09,Procurement & Supplier Management,F09,,,,"Category management, sourcing, supplier onboarding, RFx, contracting, requisitioning, purchasing and supplier performance",SAP,SAP Ariba,"Category management, sourcing, supplier onboarding, RFx, contracting, requisitioning, purchasing and supplier performance",,,https://www.sap.com/products.html,DISCOVERY_SEED,2026-09-21,MTR-0077,market-tool-register.csv
MMTR-0078,ENTERPRISE_FUNCTION,F09,Procurement & Supplier Management,F09,,,,"Category management, sourcing, supplier onboarding, RFx, contracting, requisitioning, purchasing and supplier performance",Coupa,Coupa,"Category management, sourcing, supplier onboarding, RFx, contracting, requisitioning, purchasing and supplier performance",,,https://www.coupa.com/,DISCOVERY_SEED,2026-09-21,MTR-0078,market-tool-register.csv
MMTR-0079,ENTERPRISE_FUNCTION,F09,Procurement & Supplier Management,F09,,,,"Category management, sourcing, supplier onboarding, RFx, contracting, requisitioning, purchasing and supplier performance",Oracle,Oracle Procurement,"Category management, sourcing, supplier onboarding, RFx, contracting, requisitioning, purchasing and supplier performance",,,https://www.oracle.com/,DISCOVERY_SEED,2026-09-21,MTR-0079,market-tool-register.csv
MMTR-0080,ENTERPRISE_FUNCTION,F09,Procurement & Supplier Management,F09,,,,"Category management, sourcing, supplier onboarding, RFx, contracting, requisitioning, purchasing and supplier performance",Ivalua,Ivalua,"Category management, sourcing, supplier onboarding, RFx, contracting, requisitioning, purchasing and supplier performance",,,https://www.ivalua.com/,DISCOVERY_SEED,2026-09-21,MTR-0080,market-tool-register.csv
MMTR-0081,ENTERPRISE_FUNCTION,F09,Procurement & Supplier Management,F09,,,,"Category management, sourcing, supplier onboarding, RFx, contracting, requisitioning, purchasing and supplier performance",JAGGAER,JAGGAER,"Category management, sourcing, supplier onboarding, RFx, contracting, requisitioning, purchasing and supplier performance",,,https://www.jaggaer.com/,DISCOVERY_SEED,2026-09-21,MTR-0081,market-tool-register.csv
MMTR-0082,ENTERPRISE_FUNCTION,F09,Procurement & Supplier Management,F09,,,,"Category management, sourcing, supplier onboarding, RFx, contracting, requisitioning, purchasing and supplier performance",GEP,GEP SMART,"Category management, sourcing, supplier onboarding, RFx, contracting, requisitioning, purchasing and supplier performance",,,https://www.gep.com/,DISCOVERY_SEED,2026-09-21,MTR-0082,market-tool-register.csv
MMTR-0083,ENTERPRISE_FUNCTION,F09,Procurement & Supplier Management,F09,,,,"Category management, sourcing, supplier onboarding, RFx, contracting, requisitioning, purchasing and supplier performance",Proactis,Proactis,"Category management, sourcing, supplier onboarding, RFx, contracting, requisitioning, purchasing and supplier performance",,,https://www.proactis.com/,DISCOVERY_SEED,2026-09-21,MTR-0083,market-tool-register.csv
MMTR-0084,ENTERPRISE_FUNCTION,F09,Procurement & Supplier Management,F09,,,,"Category management, sourcing, supplier onboarding, RFx, contracting, requisitioning, purchasing and supplier performance",Zycus,Zycus,"Category management, sourcing, supplier onboarding, RFx, contracting, requisitioning, purchasing and supplier performance",,,https://www.zycus.com/,DISCOVERY_SEED,2026-09-21,MTR-0084,market-tool-register.csv
MMTR-0085,ENTERPRISE_FUNCTION,F09,Procurement & Supplier Management,F09,,,,"Category management, sourcing, supplier onboarding, RFx, contracting, requisitioning, purchasing and supplier performance",Basware,Basware,"Category management, sourcing, supplier onboarding, RFx, contracting, requisitioning, purchasing and supplier performance",,,https://www.basware.com/,DISCOVERY_SEED,2026-09-21,MTR-0085,market-tool-register.csv
MMTR-0086,ENTERPRISE_FUNCTION,F09,Procurement & Supplier Management,F09,,,,"Category management, sourcing, supplier onboarding, RFx, contracting, requisitioning, purchasing and supplier performance",Autodesk,Autodesk BuildingConnected,"Category management, sourcing, supplier onboarding, RFx, contracting, requisitioning, purchasing and supplier performance",,,https://www.autodesk.com/,DISCOVERY_SEED,2026-09-21,MTR-0086,market-tool-register.csv
MMTR-0087,ENTERPRISE_FUNCTION,F10,"Demand, Supply Chain & Logistics",F10,,,,"Demand and supply planning, inventory, warehouse, transport, distribution and supply-chain risk",SAP,SAP Integrated Business Planning / EWM / TM,"Demand and supply planning, inventory, warehouse, transport, distribution and supply-chain risk",,,https://www.sap.com/products.html,DISCOVERY_SEED,2026-09-21,MTR-0087,market-tool-register.csv
MMTR-0088,ENTERPRISE_FUNCTION,F10,"Demand, Supply Chain & Logistics",F10,,,,"Demand and supply planning, inventory, warehouse, transport, distribution and supply-chain risk",Oracle,Oracle SCM,"Demand and supply planning, inventory, warehouse, transport, distribution and supply-chain risk",,,https://www.oracle.com/,DISCOVERY_SEED,2026-09-21,MTR-0088,market-tool-register.csv
MMTR-0089,ENTERPRISE_FUNCTION,F10,"Demand, Supply Chain & Logistics",F10,,,,"Demand and supply planning, inventory, warehouse, transport, distribution and supply-chain risk",Microsoft,Microsoft Dynamics 365 Supply Chain Management,"Demand and supply planning, inventory, warehouse, transport, distribution and supply-chain risk",,,https://www.microsoft.com/en-us/dynamics-365,DISCOVERY_SEED,2026-09-21,MTR-0089,market-tool-register.csv
MMTR-0090,ENTERPRISE_FUNCTION,F10,"Demand, Supply Chain & Logistics",F10,,,,"Demand and supply planning, inventory, warehouse, transport, distribution and supply-chain risk",Blue Yonder,Blue Yonder,"Demand and supply planning, inventory, warehouse, transport, distribution and supply-chain risk",,,https://blueyonder.com/,DISCOVERY_SEED,2026-09-21,MTR-0090,market-tool-register.csv
MMTR-0091,ENTERPRISE_FUNCTION,F10,"Demand, Supply Chain & Logistics",F10,,,,"Demand and supply planning, inventory, warehouse, transport, distribution and supply-chain risk",Kinaxis,Kinaxis RapidResponse / Maestro,"Demand and supply planning, inventory, warehouse, transport, distribution and supply-chain risk",,,https://www.kinaxis.com/,DISCOVERY_SEED,2026-09-21,MTR-0091,market-tool-register.csv
MMTR-0092,ENTERPRISE_FUNCTION,F10,"Demand, Supply Chain & Logistics",F10,,,,"Demand and supply planning, inventory, warehouse, transport, distribution and supply-chain risk",Manhattan Associates,Manhattan Associates,"Demand and supply planning, inventory, warehouse, transport, distribution and supply-chain risk",,,https://www.manh.com/,DISCOVERY_SEED,2026-09-21,MTR-0092,market-tool-register.csv
MMTR-0093,ENTERPRISE_FUNCTION,F10,"Demand, Supply Chain & Logistics",F10,,,,"Demand and supply planning, inventory, warehouse, transport, distribution and supply-chain risk",Infor,Infor Supply Chain,"Demand and supply planning, inventory, warehouse, transport, distribution and supply-chain risk",,,https://www.infor.com/,DISCOVERY_SEED,2026-09-21,MTR-0093,market-tool-register.csv
MMTR-0094,ENTERPRISE_FUNCTION,F10,"Demand, Supply Chain & Logistics",F10,,,,"Demand and supply planning, inventory, warehouse, transport, distribution and supply-chain risk",Körber,Körber,"Demand and supply planning, inventory, warehouse, transport, distribution and supply-chain risk",,,https://www.koerber-supplychain.com/,DISCOVERY_SEED,2026-09-21,MTR-0094,market-tool-register.csv
MMTR-0095,ENTERPRISE_FUNCTION,F10,"Demand, Supply Chain & Logistics",F10,,,,"Demand and supply planning, inventory, warehouse, transport, distribution and supply-chain risk",Descartes,Descartes,"Demand and supply planning, inventory, warehouse, transport, distribution and supply-chain risk",,,https://www.descartes.com/,DISCOVERY_SEED,2026-09-21,MTR-0095,market-tool-register.csv
MMTR-0096,ENTERPRISE_FUNCTION,F10,"Demand, Supply Chain & Logistics",F10,,,,"Demand and supply planning, inventory, warehouse, transport, distribution and supply-chain risk",e2open,e2open,"Demand and supply planning, inventory, warehouse, transport, distribution and supply-chain risk",,,https://www.e2open.com/,DISCOVERY_SEED,2026-09-21,MTR-0096,market-tool-register.csv
MMTR-0097,ENTERPRISE_FUNCTION,F11,Manufacturing / Production Operations,F11,,,,"Production planning, scheduling, MES, execution, WIP, capacity, quality and reporting",SAP,SAP Digital Manufacturing,"Production planning, scheduling, MES, execution, WIP, capacity, quality and reporting",,,https://www.sap.com/products.html,DISCOVERY_SEED,2026-09-21,MTR-0097,market-tool-register.csv
MMTR-0098,ENTERPRISE_FUNCTION,F11,Manufacturing / Production Operations,F11,,,,"Production planning, scheduling, MES, execution, WIP, capacity, quality and reporting",Siemens,Siemens Opcenter,"Production planning, scheduling, MES, execution, WIP, capacity, quality and reporting",,,https://www.siemens.com/,DISCOVERY_SEED,2026-09-21,MTR-0098,market-tool-register.csv
MMTR-0099,ENTERPRISE_FUNCTION,F11,Manufacturing / Production Operations,F11,,,,"Production planning, scheduling, MES, execution, WIP, capacity, quality and reporting",Oracle,Oracle Manufacturing,"Production planning, scheduling, MES, execution, WIP, capacity, quality and reporting",,,https://www.oracle.com/,DISCOVERY_SEED,2026-09-21,MTR-0099,market-tool-register.csv
MMTR-0100,ENTERPRISE_FUNCTION,F11,Manufacturing / Production Operations,F11,,,,"Production planning, scheduling, MES, execution, WIP, capacity, quality and reporting",Microsoft,Microsoft Dynamics 365 Supply Chain Management,"Production planning, scheduling, MES, execution, WIP, capacity, quality and reporting",,,https://www.microsoft.com/en-us/dynamics-365,DISCOVERY_SEED,2026-09-21,MTR-0100,market-tool-register.csv
MMTR-0101,ENTERPRISE_FUNCTION,F11,Manufacturing / Production Operations,F11,,,,"Production planning, scheduling, MES, execution, WIP, capacity, quality and reporting",Dassault Systèmes,Dassault Systèmes DELMIA,"Production planning, scheduling, MES, execution, WIP, capacity, quality and reporting",,,https://www.3ds.com/,DISCOVERY_SEED,2026-09-21,MTR-0101,market-tool-register.csv
MMTR-0102,ENTERPRISE_FUNCTION,F11,Manufacturing / Production Operations,F11,,,,"Production planning, scheduling, MES, execution, WIP, capacity, quality and reporting",Rockwell Automation,Rockwell Automation Plex / FactoryTalk,"Production planning, scheduling, MES, execution, WIP, capacity, quality and reporting",,,https://www.rockwellautomation.com/,DISCOVERY_SEED,2026-09-21,MTR-0102,market-tool-register.csv
MMTR-0103,ENTERPRISE_FUNCTION,F11,Manufacturing / Production Operations,F11,,,,"Production planning, scheduling, MES, execution, WIP, capacity, quality and reporting",Epicor,Epicor,"Production planning, scheduling, MES, execution, WIP, capacity, quality and reporting",,,https://www.epicor.com/,DISCOVERY_SEED,2026-09-21,MTR-0103,market-tool-register.csv
MMTR-0104,ENTERPRISE_FUNCTION,F11,Manufacturing / Production Operations,F11,,,,"Production planning, scheduling, MES, execution, WIP, capacity, quality and reporting",Infor,Infor,"Production planning, scheduling, MES, execution, WIP, capacity, quality and reporting",,,https://www.infor.com/,DISCOVERY_SEED,2026-09-21,MTR-0104,market-tool-register.csv
MMTR-0105,ENTERPRISE_FUNCTION,F11,Manufacturing / Production Operations,F11,,,,"Production planning, scheduling, MES, execution, WIP, capacity, quality and reporting",Tulip,Tulip,"Production planning, scheduling, MES, execution, WIP, capacity, quality and reporting",,,https://tulip.co/,DISCOVERY_SEED,2026-09-21,MTR-0105,market-tool-register.csv
MMTR-0106,ENTERPRISE_FUNCTION,F11,Manufacturing / Production Operations,F11,,,,"Production planning, scheduling, MES, execution, WIP, capacity, quality and reporting",Trimble,Tekla PowerFab,"Production planning, scheduling, MES, execution, WIP, capacity, quality and reporting",,,https://www.trimble.com/,DISCOVERY_SEED,2026-09-21,MTR-0106,market-tool-register.csv
MMTR-0107,ENTERPRISE_FUNCTION,F12,Service Delivery & Field Operations,F12,,,,"Service planning, scheduling, dispatch, work orders, mobile field execution, acceptance and service performance",IFS,IFS Cloud,"Service planning, scheduling, dispatch, work orders, mobile field execution, acceptance and service performance",,,https://www.ifs.com/,DISCOVERY_SEED,2026-09-21,MTR-0107,market-tool-register.csv
MMTR-0108,ENTERPRISE_FUNCTION,F12,Service Delivery & Field Operations,F12,,,,"Service planning, scheduling, dispatch, work orders, mobile field execution, acceptance and service performance",Salesforce,Salesforce Field Service,"Service planning, scheduling, dispatch, work orders, mobile field execution, acceptance and service performance",,,https://www.salesforce.com/,DISCOVERY_SEED,2026-09-21,MTR-0108,market-tool-register.csv
MMTR-0109,ENTERPRISE_FUNCTION,F12,Service Delivery & Field Operations,F12,,,,"Service planning, scheduling, dispatch, work orders, mobile field execution, acceptance and service performance",Microsoft,Microsoft Dynamics 365 Field Service,"Service planning, scheduling, dispatch, work orders, mobile field execution, acceptance and service performance",,,https://www.microsoft.com/en-us/dynamics-365,DISCOVERY_SEED,2026-09-21,MTR-0109,market-tool-register.csv
MMTR-0110,ENTERPRISE_FUNCTION,F12,Service Delivery & Field Operations,F12,,,,"Service planning, scheduling, dispatch, work orders, mobile field execution, acceptance and service performance",ServiceNow,ServiceNow Field Service Management,"Service planning, scheduling, dispatch, work orders, mobile field execution, acceptance and service performance",,,https://www.servicenow.com/,DISCOVERY_SEED,2026-09-21,MTR-0110,market-tool-register.csv
MMTR-0111,ENTERPRISE_FUNCTION,F12,Service Delivery & Field Operations,F12,,,,"Service planning, scheduling, dispatch, work orders, mobile field execution, acceptance and service performance",Oracle,Oracle Field Service,"Service planning, scheduling, dispatch, work orders, mobile field execution, acceptance and service performance",,,https://www.oracle.com/,DISCOVERY_SEED,2026-09-21,MTR-0111,market-tool-register.csv
MMTR-0112,ENTERPRISE_FUNCTION,F12,Service Delivery & Field Operations,F12,,,,"Service planning, scheduling, dispatch, work orders, mobile field execution, acceptance and service performance",PTC,PTC ServiceMax,"Service planning, scheduling, dispatch, work orders, mobile field execution, acceptance and service performance",,,https://www.ptc.com/en/products/windchill,DISCOVERY_SEED,2026-09-21,MTR-0112,market-tool-register.csv
MMTR-0113,ENTERPRISE_FUNCTION,F12,Service Delivery & Field Operations,F12,,,,"Service planning, scheduling, dispatch, work orders, mobile field execution, acceptance and service performance",IBM,IBM Maximo,"Service planning, scheduling, dispatch, work orders, mobile field execution, acceptance and service performance",,,https://www.ibm.com/,DISCOVERY_SEED,2026-09-21,MTR-0113,market-tool-register.csv
MMTR-0114,ENTERPRISE_FUNCTION,F12,Service Delivery & Field Operations,F12,,,,"Service planning, scheduling, dispatch, work orders, mobile field execution, acceptance and service performance",SAP,SAP Field Service Management,"Service planning, scheduling, dispatch, work orders, mobile field execution, acceptance and service performance",,,https://www.sap.com/products.html,DISCOVERY_SEED,2026-09-21,MTR-0114,market-tool-register.csv
MMTR-0115,ENTERPRISE_FUNCTION,F12,Service Delivery & Field Operations,F12,,,,"Service planning, scheduling, dispatch, work orders, mobile field execution, acceptance and service performance",Skedulo,Skedulo,"Service planning, scheduling, dispatch, work orders, mobile field execution, acceptance and service performance",,,https://www.skedulo.com/,DISCOVERY_SEED,2026-09-21,MTR-0115,market-tool-register.csv
MMTR-0116,ENTERPRISE_FUNCTION,F12,Service Delivery & Field Operations,F12,,,,"Service planning, scheduling, dispatch, work orders, mobile field execution, acceptance and service performance",Simpro,Simpro,"Service planning, scheduling, dispatch, work orders, mobile field execution, acceptance and service performance",,,https://www.simprogroup.com/,DISCOVERY_SEED,2026-09-21,MTR-0116,market-tool-register.csv
MMTR-0117,ENTERPRISE_FUNCTION,F13,Quality Management,F13,,,,"Quality planning, inspections, assurance, NCR, CAPA, supplier quality, documentation and analytics",ETQ,ETQ Reliance,"Quality planning, inspections, assurance, NCR, CAPA, supplier quality, documentation and analytics",,,https://www.etq.com/,DISCOVERY_SEED,2026-09-21,MTR-0117,market-tool-register.csv
MMTR-0118,ENTERPRISE_FUNCTION,F13,Quality Management,F13,,,,"Quality planning, inspections, assurance, NCR, CAPA, supplier quality, documentation and analytics",MasterControl,MasterControl,"Quality planning, inspections, assurance, NCR, CAPA, supplier quality, documentation and analytics",,,https://www.mastercontrol.com/,DISCOVERY_SEED,2026-09-21,MTR-0118,market-tool-register.csv
MMTR-0119,ENTERPRISE_FUNCTION,F13,Quality Management,F13,,,,"Quality planning, inspections, assurance, NCR, CAPA, supplier quality, documentation and analytics",Ideagen,Ideagen Quality Management,"Quality planning, inspections, assurance, NCR, CAPA, supplier quality, documentation and analytics",,,https://www.ideagen.com/,DISCOVERY_SEED,2026-09-21,MTR-0119,market-tool-register.csv
MMTR-0120,ENTERPRISE_FUNCTION,F13,Quality Management,F13,,,,"Quality planning, inspections, assurance, NCR, CAPA, supplier quality, documentation and analytics",Intelex,Intelex Quality Management,"Quality planning, inspections, assurance, NCR, CAPA, supplier quality, documentation and analytics",,,https://www.intelex.com/,DISCOVERY_SEED,2026-09-21,MTR-0120,market-tool-register.csv
MMTR-0121,ENTERPRISE_FUNCTION,F13,Quality Management,F13,,,,"Quality planning, inspections, assurance, NCR, CAPA, supplier quality, documentation and analytics",Honeywell,TrackWise Digital,"Quality planning, inspections, assurance, NCR, CAPA, supplier quality, documentation and analytics",,,https://www.spartasystems.com/,DISCOVERY_SEED,2026-09-21,MTR-0121,market-tool-register.csv
MMTR-0122,ENTERPRISE_FUNCTION,F13,Quality Management,F13,,,,"Quality planning, inspections, assurance, NCR, CAPA, supplier quality, documentation and analytics",SAP,SAP Quality Management,"Quality planning, inspections, assurance, NCR, CAPA, supplier quality, documentation and analytics",,,https://www.sap.com/products.html,DISCOVERY_SEED,2026-09-21,MTR-0122,market-tool-register.csv
MMTR-0123,ENTERPRISE_FUNCTION,F13,Quality Management,F13,,,,"Quality planning, inspections, assurance, NCR, CAPA, supplier quality, documentation and analytics",Oracle,Oracle Quality Management,"Quality planning, inspections, assurance, NCR, CAPA, supplier quality, documentation and analytics",,,https://www.oracle.com/,DISCOVERY_SEED,2026-09-21,MTR-0123,market-tool-register.csv
MMTR-0124,ENTERPRISE_FUNCTION,F13,Quality Management,F13,,,,"Quality planning, inspections, assurance, NCR, CAPA, supplier quality, documentation and analytics",Siemens,Siemens Teamcenter Quality,"Quality planning, inspections, assurance, NCR, CAPA, supplier quality, documentation and analytics",,,https://www.siemens.com/,DISCOVERY_SEED,2026-09-21,MTR-0124,market-tool-register.csv
MMTR-0125,ENTERPRISE_FUNCTION,F13,Quality Management,F13,,,,"Quality planning, inspections, assurance, NCR, CAPA, supplier quality, documentation and analytics",Procore,Procore Quality & Safety,"Quality planning, inspections, assurance, NCR, CAPA, supplier quality, documentation and analytics",,,https://www.procore.com/,DISCOVERY_SEED,2026-09-21,MTR-0125,market-tool-register.csv
MMTR-0126,ENTERPRISE_FUNCTION,F13,Quality Management,F13,,,,"Quality planning, inspections, assurance, NCR, CAPA, supplier quality, documentation and analytics",Autodesk,Autodesk Build,"Quality planning, inspections, assurance, NCR, CAPA, supplier quality, documentation and analytics",,,https://www.autodesk.com/,DISCOVERY_SEED,2026-09-21,MTR-0126,market-tool-register.csv
MMTR-0127,ENTERPRISE_FUNCTION,F13,Quality Management,F13,,,,"Quality planning, inspections, assurance, NCR, CAPA, supplier quality, documentation and analytics",Trimble,Trimble Field View,"Quality planning, inspections, assurance, NCR, CAPA, supplier quality, documentation and analytics",,,https://www.trimble.com/,DISCOVERY_SEED,2026-09-21,MTR-0127,market-tool-register.csv
MMTR-0128,ENTERPRISE_FUNCTION,F13,Quality Management,F13,,,,"Quality planning, inspections, assurance, NCR, CAPA, supplier quality, documentation and analytics",Dalux,Dalux Field,"Quality planning, inspections, assurance, NCR, CAPA, supplier quality, documentation and analytics",,,https://www.dalux.com/,DISCOVERY_SEED,2026-09-21,MTR-0128,market-tool-register.csv
MMTR-0129,ENTERPRISE_FUNCTION,F14,"Finance, Accounting, Treasury & Tax",F14,,,,"GL, AP, AR, expenses, assets, cost accounting, close, consolidation, treasury, tax and project finance",SAP,SAP Cloud ERP,"GL, AP, AR, expenses, assets, cost accounting, close, consolidation, treasury, tax and project finance",,,https://www.sap.com/products.html,DISCOVERY_SEED,2026-09-21,MTR-0129,market-tool-register.csv
MMTR-0130,ENTERPRISE_FUNCTION,F14,"Finance, Accounting, Treasury & Tax",F14,,,,"GL, AP, AR, expenses, assets, cost accounting, close, consolidation, treasury, tax and project finance",Oracle,Oracle Fusion Cloud Financials,"GL, AP, AR, expenses, assets, cost accounting, close, consolidation, treasury, tax and project finance",,,https://www.oracle.com/,DISCOVERY_SEED,2026-09-21,MTR-0130,market-tool-register.csv
MMTR-0131,ENTERPRISE_FUNCTION,F14,"Finance, Accounting, Treasury & Tax",F14,,,,"GL, AP, AR, expenses, assets, cost accounting, close, consolidation, treasury, tax and project finance",Microsoft,Microsoft Dynamics 365 Finance,"GL, AP, AR, expenses, assets, cost accounting, close, consolidation, treasury, tax and project finance",,,https://www.microsoft.com/en-us/dynamics-365,DISCOVERY_SEED,2026-09-21,MTR-0131,market-tool-register.csv
MMTR-0132,ENTERPRISE_FUNCTION,F14,"Finance, Accounting, Treasury & Tax",F14,,,,"GL, AP, AR, expenses, assets, cost accounting, close, consolidation, treasury, tax and project finance",Workday,Workday Financial Management,"GL, AP, AR, expenses, assets, cost accounting, close, consolidation, treasury, tax and project finance",,,https://www.workday.com/,DISCOVERY_SEED,2026-09-21,MTR-0132,market-tool-register.csv
MMTR-0133,ENTERPRISE_FUNCTION,F14,"Finance, Accounting, Treasury & Tax",F14,,,,"GL, AP, AR, expenses, assets, cost accounting, close, consolidation, treasury, tax and project finance",Oracle,Oracle NetSuite,"GL, AP, AR, expenses, assets, cost accounting, close, consolidation, treasury, tax and project finance",,,https://www.oracle.com/,DISCOVERY_SEED,2026-09-21,MTR-0133,market-tool-register.csv
MMTR-0134,ENTERPRISE_FUNCTION,F14,"Finance, Accounting, Treasury & Tax",F14,,,,"GL, AP, AR, expenses, assets, cost accounting, close, consolidation, treasury, tax and project finance",Sage,Sage Intacct,"GL, AP, AR, expenses, assets, cost accounting, close, consolidation, treasury, tax and project finance",,,https://www.sage.com/,DISCOVERY_SEED,2026-09-21,MTR-0134,market-tool-register.csv
MMTR-0135,ENTERPRISE_FUNCTION,F14,"Finance, Accounting, Treasury & Tax",F14,,,,"GL, AP, AR, expenses, assets, cost accounting, close, consolidation, treasury, tax and project finance",Sage,Sage 200,"GL, AP, AR, expenses, assets, cost accounting, close, consolidation, treasury, tax and project finance",,,https://www.sage.com/,DISCOVERY_SEED,2026-09-21,MTR-0135,market-tool-register.csv
MMTR-0136,ENTERPRISE_FUNCTION,F14,"Finance, Accounting, Treasury & Tax",F14,,,,"GL, AP, AR, expenses, assets, cost accounting, close, consolidation, treasury, tax and project finance",Xero,Xero,"GL, AP, AR, expenses, assets, cost accounting, close, consolidation, treasury, tax and project finance",,,https://www.xero.com/,DISCOVERY_SEED,2026-09-21,MTR-0136,market-tool-register.csv
MMTR-0137,ENTERPRISE_FUNCTION,F14,"Finance, Accounting, Treasury & Tax",F14,,,,"GL, AP, AR, expenses, assets, cost accounting, close, consolidation, treasury, tax and project finance",Intuit,QuickBooks Online,"GL, AP, AR, expenses, assets, cost accounting, close, consolidation, treasury, tax and project finance",,,https://quickbooks.intuit.com/,DISCOVERY_SEED,2026-09-21,MTR-0137,market-tool-register.csv
MMTR-0138,ENTERPRISE_FUNCTION,F14,"Finance, Accounting, Treasury & Tax",F14,,,,"GL, AP, AR, expenses, assets, cost accounting, close, consolidation, treasury, tax and project finance",COINS,COINS,"GL, AP, AR, expenses, assets, cost accounting, close, consolidation, treasury, tax and project finance",,,https://www.coins-global.com/,DISCOVERY_SEED,2026-09-21,MTR-0138,market-tool-register.csv
MMTR-0139,ENTERPRISE_FUNCTION,F14,"Finance, Accounting, Treasury & Tax",F14,,,,"GL, AP, AR, expenses, assets, cost accounting, close, consolidation, treasury, tax and project finance",Trimble,Trimble Viewpoint Vista,"GL, AP, AR, expenses, assets, cost accounting, close, consolidation, treasury, tax and project finance",,,https://www.trimble.com/,DISCOVERY_SEED,2026-09-21,MTR-0139,market-tool-register.csv
MMTR-0140,ENTERPRISE_FUNCTION,F14,"Finance, Accounting, Treasury & Tax",F14,,,,"GL, AP, AR, expenses, assets, cost accounting, close, consolidation, treasury, tax and project finance",Trimble,Trimble Spectrum,"GL, AP, AR, expenses, assets, cost accounting, close, consolidation, treasury, tax and project finance",,,https://www.trimble.com/,DISCOVERY_SEED,2026-09-21,MTR-0140,market-tool-register.csv
MMTR-0141,ENTERPRISE_FUNCTION,F14,"Finance, Accounting, Treasury & Tax",F14,,,,"GL, AP, AR, expenses, assets, cost accounting, close, consolidation, treasury, tax and project finance",CMiC,CMiC,"GL, AP, AR, expenses, assets, cost accounting, close, consolidation, treasury, tax and project finance",,,https://cmicglobal.com/,DISCOVERY_SEED,2026-09-21,MTR-0141,market-tool-register.csv
MMTR-0142,ENTERPRISE_FUNCTION,F14,"Finance, Accounting, Treasury & Tax",F14,,,,"GL, AP, AR, expenses, assets, cost accounting, close, consolidation, treasury, tax and project finance",Kyriba,Kyriba,"GL, AP, AR, expenses, assets, cost accounting, close, consolidation, treasury, tax and project finance",,,https://www.kyriba.com/,DISCOVERY_SEED,2026-09-21,MTR-0142,market-tool-register.csv
MMTR-0143,ENTERPRISE_FUNCTION,F14,"Finance, Accounting, Treasury & Tax",F14,,,,"GL, AP, AR, expenses, assets, cost accounting, close, consolidation, treasury, tax and project finance",Avalara,Avalara,"GL, AP, AR, expenses, assets, cost accounting, close, consolidation, treasury, tax and project finance",,,https://www.avalara.com/,DISCOVERY_SEED,2026-09-21,MTR-0143,market-tool-register.csv
MMTR-0144,ENTERPRISE_FUNCTION,F15,Human Resources / Human Capital,F15,,,,"Organisation, job architecture, recruitment, onboarding, time, payroll, compensation, performance, learning and talent",Workday,Workday HCM,"Organisation, job architecture, recruitment, onboarding, time, payroll, compensation, performance, learning and talent",,,https://www.workday.com/,DISCOVERY_SEED,2026-09-21,MTR-0144,market-tool-register.csv
MMTR-0145,ENTERPRISE_FUNCTION,F15,Human Resources / Human Capital,F15,,,,"Organisation, job architecture, recruitment, onboarding, time, payroll, compensation, performance, learning and talent",SAP,SAP SuccessFactors,"Organisation, job architecture, recruitment, onboarding, time, payroll, compensation, performance, learning and talent",,,https://www.sap.com/products.html,DISCOVERY_SEED,2026-09-21,MTR-0145,market-tool-register.csv
MMTR-0146,ENTERPRISE_FUNCTION,F15,Human Resources / Human Capital,F15,,,,"Organisation, job architecture, recruitment, onboarding, time, payroll, compensation, performance, learning and talent",Oracle,Oracle HCM Cloud,"Organisation, job architecture, recruitment, onboarding, time, payroll, compensation, performance, learning and talent",,,https://www.oracle.com/,DISCOVERY_SEED,2026-09-21,MTR-0146,market-tool-register.csv
MMTR-0147,ENTERPRISE_FUNCTION,F15,Human Resources / Human Capital,F15,,,,"Organisation, job architecture, recruitment, onboarding, time, payroll, compensation, performance, learning and talent",UKG,UKG Pro,"Organisation, job architecture, recruitment, onboarding, time, payroll, compensation, performance, learning and talent",,,https://www.ukg.com/,DISCOVERY_SEED,2026-09-21,MTR-0147,market-tool-register.csv
MMTR-0148,ENTERPRISE_FUNCTION,F15,Human Resources / Human Capital,F15,,,,"Organisation, job architecture, recruitment, onboarding, time, payroll, compensation, performance, learning and talent",Dayforce,Dayforce,"Organisation, job architecture, recruitment, onboarding, time, payroll, compensation, performance, learning and talent",,,https://www.dayforce.com/,DISCOVERY_SEED,2026-09-21,MTR-0148,market-tool-register.csv
MMTR-0149,ENTERPRISE_FUNCTION,F15,Human Resources / Human Capital,F15,,,,"Organisation, job architecture, recruitment, onboarding, time, payroll, compensation, performance, learning and talent",Rippling,Rippling,"Organisation, job architecture, recruitment, onboarding, time, payroll, compensation, performance, learning and talent",,,https://www.rippling.com/,DISCOVERY_SEED,2026-09-21,MTR-0149,market-tool-register.csv
MMTR-0150,ENTERPRISE_FUNCTION,F15,Human Resources / Human Capital,F15,,,,"Organisation, job architecture, recruitment, onboarding, time, payroll, compensation, performance, learning and talent",HiBob,HiBob,"Organisation, job architecture, recruitment, onboarding, time, payroll, compensation, performance, learning and talent",,,https://www.hibob.com/,DISCOVERY_SEED,2026-09-21,MTR-0150,market-tool-register.csv
MMTR-0151,ENTERPRISE_FUNCTION,F15,Human Resources / Human Capital,F15,,,,"Organisation, job architecture, recruitment, onboarding, time, payroll, compensation, performance, learning and talent",BambooHR,BambooHR,"Organisation, job architecture, recruitment, onboarding, time, payroll, compensation, performance, learning and talent",,,https://www.bamboohr.com/,DISCOVERY_SEED,2026-09-21,MTR-0151,market-tool-register.csv
MMTR-0152,ENTERPRISE_FUNCTION,F15,Human Resources / Human Capital,F15,,,,"Organisation, job architecture, recruitment, onboarding, time, payroll, compensation, performance, learning and talent",Deel,Deel,"Organisation, job architecture, recruitment, onboarding, time, payroll, compensation, performance, learning and talent",,,https://www.deel.com/,DISCOVERY_SEED,2026-09-21,MTR-0152,market-tool-register.csv
MMTR-0153,ENTERPRISE_FUNCTION,F15,Human Resources / Human Capital,F15,,,,"Organisation, job architecture, recruitment, onboarding, time, payroll, compensation, performance, learning and talent",Personio,Personio,"Organisation, job architecture, recruitment, onboarding, time, payroll, compensation, performance, learning and talent",,,https://www.personio.com/,DISCOVERY_SEED,2026-09-21,MTR-0153,market-tool-register.csv
MMTR-0154,ENTERPRISE_FUNCTION,F15,Human Resources / Human Capital,F15,,,,"Organisation, job architecture, recruitment, onboarding, time, payroll, compensation, performance, learning and talent",Sage,Sage HR / Payroll,"Organisation, job architecture, recruitment, onboarding, time, payroll, compensation, performance, learning and talent",,,https://www.sage.com/,DISCOVERY_SEED,2026-09-21,MTR-0154,market-tool-register.csv
MMTR-0155,ENTERPRISE_FUNCTION,F15,Human Resources / Human Capital,F15,,,,"Organisation, job architecture, recruitment, onboarding, time, payroll, compensation, performance, learning and talent",BrightPay,BrightPay,"Organisation, job architecture, recruitment, onboarding, time, payroll, compensation, performance, learning and talent",,,https://www.brightpay.co.uk/,DISCOVERY_SEED,2026-09-21,MTR-0155,market-tool-register.csv
MMTR-0156,ENTERPRISE_FUNCTION,F16,Information Technology,F16,,,,"IT strategy, architecture, development, DevOps, infrastructure, cloud, service desk, incidents, changes, CMDB and IT assets",ServiceNow,ServiceNow ITSM,"IT strategy, architecture, development, DevOps, infrastructure, cloud, service desk, incidents, changes, CMDB and IT assets",,,https://www.servicenow.com/,DISCOVERY_SEED,2026-09-21,MTR-0156,market-tool-register.csv
MMTR-0157,ENTERPRISE_FUNCTION,F16,Information Technology,F16,,,,"IT strategy, architecture, development, DevOps, infrastructure, cloud, service desk, incidents, changes, CMDB and IT assets",Atlassian,Jira Service Management,"IT strategy, architecture, development, DevOps, infrastructure, cloud, service desk, incidents, changes, CMDB and IT assets",,,https://www.atlassian.com/,DISCOVERY_SEED,2026-09-21,MTR-0157,market-tool-register.csv
MMTR-0158,ENTERPRISE_FUNCTION,F16,Information Technology,F16,,,,"IT strategy, architecture, development, DevOps, infrastructure, cloud, service desk, incidents, changes, CMDB and IT assets",BMC,BMC Helix,"IT strategy, architecture, development, DevOps, infrastructure, cloud, service desk, incidents, changes, CMDB and IT assets",,,https://www.bmc.com/,DISCOVERY_SEED,2026-09-21,MTR-0158,market-tool-register.csv
MMTR-0159,ENTERPRISE_FUNCTION,F16,Information Technology,F16,,,,"IT strategy, architecture, development, DevOps, infrastructure, cloud, service desk, incidents, changes, CMDB and IT assets",Ivanti,Ivanti Neurons,"IT strategy, architecture, development, DevOps, infrastructure, cloud, service desk, incidents, changes, CMDB and IT assets",,,https://www.ivanti.com/,DISCOVERY_SEED,2026-09-21,MTR-0159,market-tool-register.csv
MMTR-0160,ENTERPRISE_FUNCTION,F16,Information Technology,F16,,,,"IT strategy, architecture, development, DevOps, infrastructure, cloud, service desk, incidents, changes, CMDB and IT assets",ManageEngine,ManageEngine ServiceDesk Plus,"IT strategy, architecture, development, DevOps, infrastructure, cloud, service desk, incidents, changes, CMDB and IT assets",,,https://www.manageengine.com/,DISCOVERY_SEED,2026-09-21,MTR-0160,market-tool-register.csv
MMTR-0161,ENTERPRISE_FUNCTION,F16,Information Technology,F16,,,,"IT strategy, architecture, development, DevOps, infrastructure, cloud, service desk, incidents, changes, CMDB and IT assets",Freshworks,Freshservice,"IT strategy, architecture, development, DevOps, infrastructure, cloud, service desk, incidents, changes, CMDB and IT assets",,,https://www.freshworks.com/,DISCOVERY_SEED,2026-09-21,MTR-0161,market-tool-register.csv
MMTR-0162,ENTERPRISE_FUNCTION,F16,Information Technology,F16,,,,"IT strategy, architecture, development, DevOps, infrastructure, cloud, service desk, incidents, changes, CMDB and IT assets",Microsoft,Microsoft Intune,"IT strategy, architecture, development, DevOps, infrastructure, cloud, service desk, incidents, changes, CMDB and IT assets",,,https://www.microsoft.com/en-us/dynamics-365,DISCOVERY_SEED,2026-09-21,MTR-0162,market-tool-register.csv
MMTR-0163,ENTERPRISE_FUNCTION,F16,Information Technology,F16,,,,"IT strategy, architecture, development, DevOps, infrastructure, cloud, service desk, incidents, changes, CMDB and IT assets",Microsoft,Microsoft Azure,"IT strategy, architecture, development, DevOps, infrastructure, cloud, service desk, incidents, changes, CMDB and IT assets",,,https://www.microsoft.com/en-us/dynamics-365,DISCOVERY_SEED,2026-09-21,MTR-0163,market-tool-register.csv
MMTR-0164,ENTERPRISE_FUNCTION,F16,Information Technology,F16,,,,"IT strategy, architecture, development, DevOps, infrastructure, cloud, service desk, incidents, changes, CMDB and IT assets",Amazon Web Services,Amazon Web Services,"IT strategy, architecture, development, DevOps, infrastructure, cloud, service desk, incidents, changes, CMDB and IT assets",,,https://aws.amazon.com/,DISCOVERY_SEED,2026-09-21,MTR-0164,market-tool-register.csv
MMTR-0165,ENTERPRISE_FUNCTION,F16,Information Technology,F16,,,,"IT strategy, architecture, development, DevOps, infrastructure, cloud, service desk, incidents, changes, CMDB and IT assets",GitHub,GitHub,"IT strategy, architecture, development, DevOps, infrastructure, cloud, service desk, incidents, changes, CMDB and IT assets",,,https://github.com/,DISCOVERY_SEED,2026-09-21,MTR-0165,market-tool-register.csv
MMTR-0166,ENTERPRISE_FUNCTION,F16,Information Technology,F16,,,,"IT strategy, architecture, development, DevOps, infrastructure, cloud, service desk, incidents, changes, CMDB and IT assets",GitLab,GitLab,"IT strategy, architecture, development, DevOps, infrastructure, cloud, service desk, incidents, changes, CMDB and IT assets",,,https://about.gitlab.com/,DISCOVERY_SEED,2026-09-21,MTR-0166,market-tool-register.csv
MMTR-0167,ENTERPRISE_FUNCTION,F16,Information Technology,F16,,,,"IT strategy, architecture, development, DevOps, infrastructure, cloud, service desk, incidents, changes, CMDB and IT assets",Atlassian,Atlassian Jira,"IT strategy, architecture, development, DevOps, infrastructure, cloud, service desk, incidents, changes, CMDB and IT assets",,,https://www.atlassian.com/,DISCOVERY_SEED,2026-09-21,MTR-0167,market-tool-register.csv
MMTR-0168,ENTERPRISE_FUNCTION,F17,"Data, Analytics & AI",F17,,,,"Data governance, architecture, MDM, engineering, BI, analytics, data science, AI, catalogues and lifecycle",Microsoft,Microsoft Fabric / Power BI,"Data governance, architecture, MDM, engineering, BI, analytics, data science, AI, catalogues and lifecycle",,,https://www.microsoft.com/en-us/dynamics-365,DISCOVERY_SEED,2026-09-21,MTR-0168,market-tool-register.csv
MMTR-0169,ENTERPRISE_FUNCTION,F17,"Data, Analytics & AI",F17,,,,"Data governance, architecture, MDM, engineering, BI, analytics, data science, AI, catalogues and lifecycle",Snowflake,Snowflake,"Data governance, architecture, MDM, engineering, BI, analytics, data science, AI, catalogues and lifecycle",,,https://www.snowflake.com/,DISCOVERY_SEED,2026-09-21,MTR-0169,market-tool-register.csv
MMTR-0170,ENTERPRISE_FUNCTION,F17,"Data, Analytics & AI",F17,,,,"Data governance, architecture, MDM, engineering, BI, analytics, data science, AI, catalogues and lifecycle",Databricks,Databricks,"Data governance, architecture, MDM, engineering, BI, analytics, data science, AI, catalogues and lifecycle",,,https://www.databricks.com/,DISCOVERY_SEED,2026-09-21,MTR-0170,market-tool-register.csv
MMTR-0171,ENTERPRISE_FUNCTION,F17,"Data, Analytics & AI",F17,,,,"Data governance, architecture, MDM, engineering, BI, analytics, data science, AI, catalogues and lifecycle",Tableau,Tableau,"Data governance, architecture, MDM, engineering, BI, analytics, data science, AI, catalogues and lifecycle",,,https://www.tableau.com/,DISCOVERY_SEED,2026-09-21,MTR-0171,market-tool-register.csv
MMTR-0172,ENTERPRISE_FUNCTION,F17,"Data, Analytics & AI",F17,,,,"Data governance, architecture, MDM, engineering, BI, analytics, data science, AI, catalogues and lifecycle",Qlik,Qlik,"Data governance, architecture, MDM, engineering, BI, analytics, data science, AI, catalogues and lifecycle",,,https://www.qlik.com/,DISCOVERY_SEED,2026-09-21,MTR-0172,market-tool-register.csv
MMTR-0173,ENTERPRISE_FUNCTION,F17,"Data, Analytics & AI",F17,,,,"Data governance, architecture, MDM, engineering, BI, analytics, data science, AI, catalogues and lifecycle",Alteryx,Alteryx,"Data governance, architecture, MDM, engineering, BI, analytics, data science, AI, catalogues and lifecycle",,,https://www.alteryx.com/,DISCOVERY_SEED,2026-09-21,MTR-0173,market-tool-register.csv
MMTR-0174,ENTERPRISE_FUNCTION,F17,"Data, Analytics & AI",F17,,,,"Data governance, architecture, MDM, engineering, BI, analytics, data science, AI, catalogues and lifecycle",Infor,Informatica,"Data governance, architecture, MDM, engineering, BI, analytics, data science, AI, catalogues and lifecycle",,,https://www.infor.com/,DISCOVERY_SEED,2026-09-21,MTR-0174,market-tool-register.csv
MMTR-0175,ENTERPRISE_FUNCTION,F17,"Data, Analytics & AI",F17,,,,"Data governance, architecture, MDM, engineering, BI, analytics, data science, AI, catalogues and lifecycle",Collibra,Collibra,"Data governance, architecture, MDM, engineering, BI, analytics, data science, AI, catalogues and lifecycle",,,https://www.collibra.com/,DISCOVERY_SEED,2026-09-21,MTR-0175,market-tool-register.csv
MMTR-0176,ENTERPRISE_FUNCTION,F17,"Data, Analytics & AI",F17,,,,"Data governance, architecture, MDM, engineering, BI, analytics, data science, AI, catalogues and lifecycle",Dataiku,Dataiku,"Data governance, architecture, MDM, engineering, BI, analytics, data science, AI, catalogues and lifecycle",,,https://www.dataiku.com/,DISCOVERY_SEED,2026-09-21,MTR-0176,market-tool-register.csv
MMTR-0177,ENTERPRISE_FUNCTION,F17,"Data, Analytics & AI",F17,,,,"Data governance, architecture, MDM, engineering, BI, analytics, data science, AI, catalogues and lifecycle",dbt Labs,dbt,"Data governance, architecture, MDM, engineering, BI, analytics, data science, AI, catalogues and lifecycle",,,https://www.getdbt.com/,DISCOVERY_SEED,2026-09-21,MTR-0177,market-tool-register.csv
MMTR-0178,ENTERPRISE_FUNCTION,F17,"Data, Analytics & AI",F17,,,,"Data governance, architecture, MDM, engineering, BI, analytics, data science, AI, catalogues and lifecycle",Fivetran,Fivetran,"Data governance, architecture, MDM, engineering, BI, analytics, data science, AI, catalogues and lifecycle",,,https://www.fivetran.com/,DISCOVERY_SEED,2026-09-21,MTR-0178,market-tool-register.csv
MMTR-0179,ENTERPRISE_FUNCTION,F17,"Data, Analytics & AI",F17,,,,"Data governance, architecture, MDM, engineering, BI, analytics, data science, AI, catalogues and lifecycle",Google,Google Looker,"Data governance, architecture, MDM, engineering, BI, analytics, data science, AI, catalogues and lifecycle",,,https://cloud.google.com/looker,DISCOVERY_SEED,2026-09-21,MTR-0179,market-tool-register.csv
MMTR-0180,ENTERPRISE_FUNCTION,F17,"Data, Analytics & AI",F17,,,,"Data governance, architecture, MDM, engineering, BI, analytics, data science, AI, catalogues and lifecycle",SAS,SAS Viya,"Data governance, architecture, MDM, engineering, BI, analytics, data science, AI, catalogues and lifecycle",,,https://www.sas.com/,DISCOVERY_SEED,2026-09-21,MTR-0180,market-tool-register.csv
MMTR-0181,ENTERPRISE_FUNCTION,F17,"Data, Analytics & AI",F17,,,,"Data governance, architecture, MDM, engineering, BI, analytics, data science, AI, catalogues and lifecycle",Palantir,Palantir Foundry,"Data governance, architecture, MDM, engineering, BI, analytics, data science, AI, catalogues and lifecycle",,,https://www.palantir.com/,DISCOVERY_SEED,2026-09-21,MTR-0181,market-tool-register.csv
MMTR-0182,ENTERPRISE_FUNCTION,F18,Cybersecurity & Information Security,F18,,,,"Identity, vulnerability, endpoint, monitoring, SIEM, incident response, cloud security, application security and threat intelligence",Microsoft,Microsoft Defender / Sentinel / Entra,"Identity, vulnerability, endpoint, monitoring, SIEM, incident response, cloud security, application security and threat intelligence",,,https://www.microsoft.com/en-us/dynamics-365,DISCOVERY_SEED,2026-09-21,MTR-0182,market-tool-register.csv
MMTR-0183,ENTERPRISE_FUNCTION,F18,Cybersecurity & Information Security,F18,,,,"Identity, vulnerability, endpoint, monitoring, SIEM, incident response, cloud security, application security and threat intelligence",CrowdStrike,CrowdStrike Falcon,"Identity, vulnerability, endpoint, monitoring, SIEM, incident response, cloud security, application security and threat intelligence",,,https://www.crowdstrike.com/,DISCOVERY_SEED,2026-09-21,MTR-0183,market-tool-register.csv
MMTR-0184,ENTERPRISE_FUNCTION,F18,Cybersecurity & Information Security,F18,,,,"Identity, vulnerability, endpoint, monitoring, SIEM, incident response, cloud security, application security and threat intelligence",Palo Alto Networks,Palo Alto Networks Cortex,"Identity, vulnerability, endpoint, monitoring, SIEM, incident response, cloud security, application security and threat intelligence",,,https://www.paloaltonetworks.com/,DISCOVERY_SEED,2026-09-21,MTR-0184,market-tool-register.csv
MMTR-0185,ENTERPRISE_FUNCTION,F18,Cybersecurity & Information Security,F18,,,,"Identity, vulnerability, endpoint, monitoring, SIEM, incident response, cloud security, application security and threat intelligence",Splunk,Splunk Enterprise Security,"Identity, vulnerability, endpoint, monitoring, SIEM, incident response, cloud security, application security and threat intelligence",,,https://www.splunk.com/,DISCOVERY_SEED,2026-09-21,MTR-0185,market-tool-register.csv
MMTR-0186,ENTERPRISE_FUNCTION,F18,Cybersecurity & Information Security,F18,,,,"Identity, vulnerability, endpoint, monitoring, SIEM, incident response, cloud security, application security and threat intelligence",Wiz,Wiz,"Identity, vulnerability, endpoint, monitoring, SIEM, incident response, cloud security, application security and threat intelligence",,,https://www.wiz.io/,DISCOVERY_SEED,2026-09-21,MTR-0186,market-tool-register.csv
MMTR-0187,ENTERPRISE_FUNCTION,F18,Cybersecurity & Information Security,F18,,,,"Identity, vulnerability, endpoint, monitoring, SIEM, incident response, cloud security, application security and threat intelligence",Okta,Okta,"Identity, vulnerability, endpoint, monitoring, SIEM, incident response, cloud security, application security and threat intelligence",,,https://www.okta.com/,DISCOVERY_SEED,2026-09-21,MTR-0187,market-tool-register.csv
MMTR-0188,ENTERPRISE_FUNCTION,F18,Cybersecurity & Information Security,F18,,,,"Identity, vulnerability, endpoint, monitoring, SIEM, incident response, cloud security, application security and threat intelligence",CyberArk,CyberArk,"Identity, vulnerability, endpoint, monitoring, SIEM, incident response, cloud security, application security and threat intelligence",,,https://www.cyberark.com/,DISCOVERY_SEED,2026-09-21,MTR-0188,market-tool-register.csv
MMTR-0189,ENTERPRISE_FUNCTION,F18,Cybersecurity & Information Security,F18,,,,"Identity, vulnerability, endpoint, monitoring, SIEM, incident response, cloud security, application security and threat intelligence",Tenable,Tenable,"Identity, vulnerability, endpoint, monitoring, SIEM, incident response, cloud security, application security and threat intelligence",,,https://www.tenable.com/,DISCOVERY_SEED,2026-09-21,MTR-0189,market-tool-register.csv
MMTR-0190,ENTERPRISE_FUNCTION,F18,Cybersecurity & Information Security,F18,,,,"Identity, vulnerability, endpoint, monitoring, SIEM, incident response, cloud security, application security and threat intelligence",Qualys,Qualys,"Identity, vulnerability, endpoint, monitoring, SIEM, incident response, cloud security, application security and threat intelligence",,,https://www.qualys.com/,DISCOVERY_SEED,2026-09-21,MTR-0190,market-tool-register.csv
MMTR-0191,ENTERPRISE_FUNCTION,F18,Cybersecurity & Information Security,F18,,,,"Identity, vulnerability, endpoint, monitoring, SIEM, incident response, cloud security, application security and threat intelligence",Rapid7,Rapid7,"Identity, vulnerability, endpoint, monitoring, SIEM, incident response, cloud security, application security and threat intelligence",,,https://www.rapid7.com/,DISCOVERY_SEED,2026-09-21,MTR-0191,market-tool-register.csv
MMTR-0192,ENTERPRISE_FUNCTION,F18,Cybersecurity & Information Security,F18,,,,"Identity, vulnerability, endpoint, monitoring, SIEM, incident response, cloud security, application security and threat intelligence",Snyk,Snyk,"Identity, vulnerability, endpoint, monitoring, SIEM, incident response, cloud security, application security and threat intelligence",,,https://snyk.io/,DISCOVERY_SEED,2026-09-21,MTR-0192,market-tool-register.csv
MMTR-0193,ENTERPRISE_FUNCTION,F18,Cybersecurity & Information Security,F18,,,,"Identity, vulnerability, endpoint, monitoring, SIEM, incident response, cloud security, application security and threat intelligence",Zscaler,Zscaler,"Identity, vulnerability, endpoint, monitoring, SIEM, incident response, cloud security, application security and threat intelligence",,,https://www.zscaler.com/,DISCOVERY_SEED,2026-09-21,MTR-0193,market-tool-register.csv
MMTR-0194,ENTERPRISE_FUNCTION,F18,Cybersecurity & Information Security,F18,,,,"Identity, vulnerability, endpoint, monitoring, SIEM, incident response, cloud security, application security and threat intelligence",Cloudflare,Cloudflare,"Identity, vulnerability, endpoint, monitoring, SIEM, incident response, cloud security, application security and threat intelligence",,,https://www.cloudflare.com/,DISCOVERY_SEED,2026-09-21,MTR-0194,market-tool-register.csv
MMTR-0195,ENTERPRISE_FUNCTION,F18,Cybersecurity & Information Security,F18,,,,"Identity, vulnerability, endpoint, monitoring, SIEM, incident response, cloud security, application security and threat intelligence",Proofpoint,Proofpoint,"Identity, vulnerability, endpoint, monitoring, SIEM, incident response, cloud security, application security and threat intelligence",,,https://www.proofpoint.com/,DISCOVERY_SEED,2026-09-21,MTR-0195,market-tool-register.csv
MMTR-0196,ENTERPRISE_FUNCTION,F19,Legal & Corporate Secretariat,F19,,,,"Contract lifecycle, legal matters, entities, e-signature, obligations, legal knowledge and corporate records",Icertis,Icertis Contract Intelligence,"Contract lifecycle, legal matters, entities, e-signature, obligations, legal knowledge and corporate records",,,https://www.icertis.com/,DISCOVERY_SEED,2026-09-21,MTR-0196,market-tool-register.csv
MMTR-0197,ENTERPRISE_FUNCTION,F19,Legal & Corporate Secretariat,F19,,,,"Contract lifecycle, legal matters, entities, e-signature, obligations, legal knowledge and corporate records",Ironclad,Ironclad,"Contract lifecycle, legal matters, entities, e-signature, obligations, legal knowledge and corporate records",,,https://ironcladapp.com/,DISCOVERY_SEED,2026-09-21,MTR-0197,market-tool-register.csv
MMTR-0198,ENTERPRISE_FUNCTION,F19,Legal & Corporate Secretariat,F19,,,,"Contract lifecycle, legal matters, entities, e-signature, obligations, legal knowledge and corporate records",DocuSign,DocuSign CLM,"Contract lifecycle, legal matters, entities, e-signature, obligations, legal knowledge and corporate records",,,https://www.docusign.com/,DISCOVERY_SEED,2026-09-21,MTR-0198,market-tool-register.csv
MMTR-0199,ENTERPRISE_FUNCTION,F19,Legal & Corporate Secretariat,F19,,,,"Contract lifecycle, legal matters, entities, e-signature, obligations, legal knowledge and corporate records",ContractPodAi,ContractPodAi,"Contract lifecycle, legal matters, entities, e-signature, obligations, legal knowledge and corporate records",,,https://contractpodai.com/,DISCOVERY_SEED,2026-09-21,MTR-0199,market-tool-register.csv
MMTR-0200,ENTERPRISE_FUNCTION,F19,Legal & Corporate Secretariat,F19,,,,"Contract lifecycle, legal matters, entities, e-signature, obligations, legal knowledge and corporate records",Agiloft,Agiloft,"Contract lifecycle, legal matters, entities, e-signature, obligations, legal knowledge and corporate records",,,https://www.agiloft.com/,DISCOVERY_SEED,2026-09-21,MTR-0200,market-tool-register.csv
MMTR-0201,ENTERPRISE_FUNCTION,F19,Legal & Corporate Secretariat,F19,,,,"Contract lifecycle, legal matters, entities, e-signature, obligations, legal knowledge and corporate records",Sirion,Sirion,"Contract lifecycle, legal matters, entities, e-signature, obligations, legal knowledge and corporate records",,,https://www.sirion.ai/,DISCOVERY_SEED,2026-09-21,MTR-0201,market-tool-register.csv
MMTR-0202,ENTERPRISE_FUNCTION,F19,Legal & Corporate Secretariat,F19,,,,"Contract lifecycle, legal matters, entities, e-signature, obligations, legal knowledge and corporate records",Evisort,Evisort,"Contract lifecycle, legal matters, entities, e-signature, obligations, legal knowledge and corporate records",,,https://www.evisort.com/,DISCOVERY_SEED,2026-09-21,MTR-0202,market-tool-register.csv
MMTR-0203,ENTERPRISE_FUNCTION,F19,Legal & Corporate Secretariat,F19,,,,"Contract lifecycle, legal matters, entities, e-signature, obligations, legal knowledge and corporate records",Thomson Reuters,Thomson Reuters HighQ,"Contract lifecycle, legal matters, entities, e-signature, obligations, legal knowledge and corporate records",,,https://www.thomsonreuters.com/,DISCOVERY_SEED,2026-09-21,MTR-0203,market-tool-register.csv
MMTR-0204,ENTERPRISE_FUNCTION,F19,Legal & Corporate Secretariat,F19,,,,"Contract lifecycle, legal matters, entities, e-signature, obligations, legal knowledge and corporate records",Litera,Litera,"Contract lifecycle, legal matters, entities, e-signature, obligations, legal knowledge and corporate records",,,https://www.litera.com/,DISCOVERY_SEED,2026-09-21,MTR-0204,market-tool-register.csv
MMTR-0205,ENTERPRISE_FUNCTION,F19,Legal & Corporate Secretariat,F19,,,,"Contract lifecycle, legal matters, entities, e-signature, obligations, legal knowledge and corporate records",Diligent,Diligent Entities,"Contract lifecycle, legal matters, entities, e-signature, obligations, legal knowledge and corporate records",,,https://www.diligent.com/platform/diligent-one,DISCOVERY_SEED,2026-09-21,MTR-0205,market-tool-register.csv
MMTR-0206,ENTERPRISE_FUNCTION,F19,Legal & Corporate Secretariat,F19,,,,"Contract lifecycle, legal matters, entities, e-signature, obligations, legal knowledge and corporate records",Athennian,Athennian,"Contract lifecycle, legal matters, entities, e-signature, obligations, legal knowledge and corporate records",,,https://www.athennian.com/,DISCOVERY_SEED,2026-09-21,MTR-0206,market-tool-register.csv
MMTR-0207,ENTERPRISE_FUNCTION,F19,Legal & Corporate Secretariat,F19,,,,"Contract lifecycle, legal matters, entities, e-signature, obligations, legal knowledge and corporate records",DocuSign,DocuSign eSignature,"Contract lifecycle, legal matters, entities, e-signature, obligations, legal knowledge and corporate records",,,https://www.docusign.com/,DISCOVERY_SEED,2026-09-21,MTR-0207,market-tool-register.csv
MMTR-0208,ENTERPRISE_FUNCTION,F20,"Risk, Compliance, Internal Control & Audit",F20,,,,"Enterprise risk, compliance, controls, audit, issues, third-party risk, cyber GRC and assurance",MetricStream,MetricStream,"Enterprise risk, compliance, controls, audit, issues, third-party risk, cyber GRC and assurance",,,https://www.metricstream.com/,DISCOVERY_SEED,2026-09-21,MTR-0208,market-tool-register.csv
MMTR-0209,ENTERPRISE_FUNCTION,F20,"Risk, Compliance, Internal Control & Audit",F20,,,,"Enterprise risk, compliance, controls, audit, issues, third-party risk, cyber GRC and assurance",AuditBoard,AuditBoard,"Enterprise risk, compliance, controls, audit, issues, third-party risk, cyber GRC and assurance",,,https://www.auditboard.com/,DISCOVERY_SEED,2026-09-21,MTR-0209,market-tool-register.csv
MMTR-0210,ENTERPRISE_FUNCTION,F20,"Risk, Compliance, Internal Control & Audit",F20,,,,"Enterprise risk, compliance, controls, audit, issues, third-party risk, cyber GRC and assurance",Diligent,Diligent One,"Enterprise risk, compliance, controls, audit, issues, third-party risk, cyber GRC and assurance",,,https://www.diligent.com/platform/diligent-one,DISCOVERY_SEED,2026-09-21,MTR-0210,market-tool-register.csv
MMTR-0211,ENTERPRISE_FUNCTION,F20,"Risk, Compliance, Internal Control & Audit",F20,,,,"Enterprise risk, compliance, controls, audit, issues, third-party risk, cyber GRC and assurance",ServiceNow,ServiceNow Integrated Risk Management,"Enterprise risk, compliance, controls, audit, issues, third-party risk, cyber GRC and assurance",,,https://www.servicenow.com/,DISCOVERY_SEED,2026-09-21,MTR-0211,market-tool-register.csv
MMTR-0212,ENTERPRISE_FUNCTION,F20,"Risk, Compliance, Internal Control & Audit",F20,,,,"Enterprise risk, compliance, controls, audit, issues, third-party risk, cyber GRC and assurance",Archer,Archer,"Enterprise risk, compliance, controls, audit, issues, third-party risk, cyber GRC and assurance",,,https://www.archerirm.com/,DISCOVERY_SEED,2026-09-21,MTR-0212,market-tool-register.csv
MMTR-0213,ENTERPRISE_FUNCTION,F20,"Risk, Compliance, Internal Control & Audit",F20,,,,"Enterprise risk, compliance, controls, audit, issues, third-party risk, cyber GRC and assurance",LogicGate,LogicGate,"Enterprise risk, compliance, controls, audit, issues, third-party risk, cyber GRC and assurance",,,https://www.logicgate.com/,DISCOVERY_SEED,2026-09-21,MTR-0213,market-tool-register.csv
MMTR-0214,ENTERPRISE_FUNCTION,F20,"Risk, Compliance, Internal Control & Audit",F20,,,,"Enterprise risk, compliance, controls, audit, issues, third-party risk, cyber GRC and assurance",Workiva,Workiva,"Enterprise risk, compliance, controls, audit, issues, third-party risk, cyber GRC and assurance",,,https://www.workiva.com/,DISCOVERY_SEED,2026-09-21,MTR-0214,market-tool-register.csv
MMTR-0215,ENTERPRISE_FUNCTION,F20,"Risk, Compliance, Internal Control & Audit",F20,,,,"Enterprise risk, compliance, controls, audit, issues, third-party risk, cyber GRC and assurance",NAVEX,NAVEX One,"Enterprise risk, compliance, controls, audit, issues, third-party risk, cyber GRC and assurance",,,https://www.navex.com/,DISCOVERY_SEED,2026-09-21,MTR-0215,market-tool-register.csv
MMTR-0216,ENTERPRISE_FUNCTION,F20,"Risk, Compliance, Internal Control & Audit",F20,,,,"Enterprise risk, compliance, controls, audit, issues, third-party risk, cyber GRC and assurance",Riskonnect,Riskonnect,"Enterprise risk, compliance, controls, audit, issues, third-party risk, cyber GRC and assurance",,,https://riskonnect.com/,DISCOVERY_SEED,2026-09-21,MTR-0216,market-tool-register.csv
MMTR-0217,ENTERPRISE_FUNCTION,F20,"Risk, Compliance, Internal Control & Audit",F20,,,,"Enterprise risk, compliance, controls, audit, issues, third-party risk, cyber GRC and assurance",Resolver,Resolver,"Enterprise risk, compliance, controls, audit, issues, third-party risk, cyber GRC and assurance",,,https://www.resolver.com/,DISCOVERY_SEED,2026-09-21,MTR-0217,market-tool-register.csv
MMTR-0218,ENTERPRISE_FUNCTION,F21,Privacy & Information Governance,F21,,,,"Privacy operations, consent, data mapping, DPIA, DSAR, retention, data-use governance and information protection",OneTrust,OneTrust,"Privacy operations, consent, data mapping, DPIA, DSAR, retention, data-use governance and information protection",,,https://www.onetrust.com/products/,DISCOVERY_SEED,2026-09-21,MTR-0218,market-tool-register.csv
MMTR-0219,ENTERPRISE_FUNCTION,F21,Privacy & Information Governance,F21,,,,"Privacy operations, consent, data mapping, DPIA, DSAR, retention, data-use governance and information protection",TrustArc,TrustArc,"Privacy operations, consent, data mapping, DPIA, DSAR, retention, data-use governance and information protection",,,https://trustarc.com/,DISCOVERY_SEED,2026-09-21,MTR-0219,market-tool-register.csv
MMTR-0220,ENTERPRISE_FUNCTION,F21,Privacy & Information Governance,F21,,,,"Privacy operations, consent, data mapping, DPIA, DSAR, retention, data-use governance and information protection",BigID,BigID,"Privacy operations, consent, data mapping, DPIA, DSAR, retention, data-use governance and information protection",,,https://bigid.com/,DISCOVERY_SEED,2026-09-21,MTR-0220,market-tool-register.csv
MMTR-0221,ENTERPRISE_FUNCTION,F21,Privacy & Information Governance,F21,,,,"Privacy operations, consent, data mapping, DPIA, DSAR, retention, data-use governance and information protection",Microsoft,Microsoft Purview,"Privacy operations, consent, data mapping, DPIA, DSAR, retention, data-use governance and information protection",,,https://www.microsoft.com/en-us/dynamics-365,DISCOVERY_SEED,2026-09-21,MTR-0221,market-tool-register.csv
MMTR-0222,ENTERPRISE_FUNCTION,F21,Privacy & Information Governance,F21,,,,"Privacy operations, consent, data mapping, DPIA, DSAR, retention, data-use governance and information protection",Securiti,Securiti,"Privacy operations, consent, data mapping, DPIA, DSAR, retention, data-use governance and information protection",,,https://securiti.ai/,DISCOVERY_SEED,2026-09-21,MTR-0222,market-tool-register.csv
MMTR-0223,ENTERPRISE_FUNCTION,F21,Privacy & Information Governance,F21,,,,"Privacy operations, consent, data mapping, DPIA, DSAR, retention, data-use governance and information protection",Collibra,Collibra,"Privacy operations, consent, data mapping, DPIA, DSAR, retention, data-use governance and information protection",,,https://www.collibra.com/,DISCOVERY_SEED,2026-09-21,MTR-0223,market-tool-register.csv
MMTR-0224,ENTERPRISE_FUNCTION,F21,Privacy & Information Governance,F21,,,,"Privacy operations, consent, data mapping, DPIA, DSAR, retention, data-use governance and information protection",Transcend,Transcend,"Privacy operations, consent, data mapping, DPIA, DSAR, retention, data-use governance and information protection",,,https://transcend.io/,DISCOVERY_SEED,2026-09-21,MTR-0224,market-tool-register.csv
MMTR-0225,ENTERPRISE_FUNCTION,F21,Privacy & Information Governance,F21,,,,"Privacy operations, consent, data mapping, DPIA, DSAR, retention, data-use governance and information protection",DataGrail,DataGrail,"Privacy operations, consent, data mapping, DPIA, DSAR, retention, data-use governance and information protection",,,https://www.datagrail.io/,DISCOVERY_SEED,2026-09-21,MTR-0225,market-tool-register.csv
MMTR-0226,ENTERPRISE_FUNCTION,F22,"Property, Facilities & Physical Assets",F22,,,,"Property, space, lease, facilities, asset register, maintenance, work orders, lifecycle and field service",IBM,IBM Maximo Application Suite,"Property, space, lease, facilities, asset register, maintenance, work orders, lifecycle and field service",,,https://www.ibm.com/,DISCOVERY_SEED,2026-09-21,MTR-0226,market-tool-register.csv
MMTR-0227,ENTERPRISE_FUNCTION,F22,"Property, Facilities & Physical Assets",F22,,,,"Property, space, lease, facilities, asset register, maintenance, work orders, lifecycle and field service",Planon,Planon IWMS,"Property, space, lease, facilities, asset register, maintenance, work orders, lifecycle and field service",,,https://planonsoftware.com/uk/software/iwms/,DISCOVERY_SEED,2026-09-21,MTR-0227,market-tool-register.csv
MMTR-0228,ENTERPRISE_FUNCTION,F22,"Property, Facilities & Physical Assets",F22,,,,"Property, space, lease, facilities, asset register, maintenance, work orders, lifecycle and field service",MRI Software,MRI Software,"Property, space, lease, facilities, asset register, maintenance, work orders, lifecycle and field service",,,https://www.mrisoftware.com/,DISCOVERY_SEED,2026-09-21,MTR-0228,market-tool-register.csv
MMTR-0229,ENTERPRISE_FUNCTION,F22,"Property, Facilities & Physical Assets",F22,,,,"Property, space, lease, facilities, asset register, maintenance, work orders, lifecycle and field service",Eptura,Eptura / Archibus,"Property, space, lease, facilities, asset register, maintenance, work orders, lifecycle and field service",,,https://eptura.com/,DISCOVERY_SEED,2026-09-21,MTR-0229,market-tool-register.csv
MMTR-0230,ENTERPRISE_FUNCTION,F22,"Property, Facilities & Physical Assets",F22,,,,"Property, space, lease, facilities, asset register, maintenance, work orders, lifecycle and field service",Spacewell,Spacewell,"Property, space, lease, facilities, asset register, maintenance, work orders, lifecycle and field service",,,https://spacewell.com/,DISCOVERY_SEED,2026-09-21,MTR-0230,market-tool-register.csv
MMTR-0231,ENTERPRISE_FUNCTION,F22,"Property, Facilities & Physical Assets",F22,,,,"Property, space, lease, facilities, asset register, maintenance, work orders, lifecycle and field service",IFS,IFS Cloud / EAM,"Property, space, lease, facilities, asset register, maintenance, work orders, lifecycle and field service",,,https://www.ifs.com/,DISCOVERY_SEED,2026-09-21,MTR-0231,market-tool-register.csv
MMTR-0232,ENTERPRISE_FUNCTION,F22,"Property, Facilities & Physical Assets",F22,,,,"Property, space, lease, facilities, asset register, maintenance, work orders, lifecycle and field service",SAP,SAP Asset Management,"Property, space, lease, facilities, asset register, maintenance, work orders, lifecycle and field service",,,https://www.sap.com/products.html,DISCOVERY_SEED,2026-09-21,MTR-0232,market-tool-register.csv
MMTR-0233,ENTERPRISE_FUNCTION,F22,"Property, Facilities & Physical Assets",F22,,,,"Property, space, lease, facilities, asset register, maintenance, work orders, lifecycle and field service",Oracle,Oracle Maintenance,"Property, space, lease, facilities, asset register, maintenance, work orders, lifecycle and field service",,,https://www.oracle.com/,DISCOVERY_SEED,2026-09-21,MTR-0233,market-tool-register.csv
MMTR-0234,ENTERPRISE_FUNCTION,F22,"Property, Facilities & Physical Assets",F22,,,,"Property, space, lease, facilities, asset register, maintenance, work orders, lifecycle and field service",Hexagon,HxGN EAM,"Property, space, lease, facilities, asset register, maintenance, work orders, lifecycle and field service",,,https://hexagon.com/,DISCOVERY_SEED,2026-09-21,MTR-0234,market-tool-register.csv
MMTR-0235,ENTERPRISE_FUNCTION,F22,"Property, Facilities & Physical Assets",F22,,,,"Property, space, lease, facilities, asset register, maintenance, work orders, lifecycle and field service",Bentley Systems,Bentley AssetWise,"Property, space, lease, facilities, asset register, maintenance, work orders, lifecycle and field service",,,https://www.bentley.com/,DISCOVERY_SEED,2026-09-21,MTR-0235,market-tool-register.csv
MMTR-0236,ENTERPRISE_FUNCTION,F22,"Property, Facilities & Physical Assets",F22,,,,"Property, space, lease, facilities, asset register, maintenance, work orders, lifecycle and field service",UpKeep,UpKeep,"Property, space, lease, facilities, asset register, maintenance, work orders, lifecycle and field service",,,https://upkeep.com/,DISCOVERY_SEED,2026-09-21,MTR-0236,market-tool-register.csv
MMTR-0237,ENTERPRISE_FUNCTION,F22,"Property, Facilities & Physical Assets",F22,,,,"Property, space, lease, facilities, asset register, maintenance, work orders, lifecycle and field service",Fiix,Fiix,"Property, space, lease, facilities, asset register, maintenance, work orders, lifecycle and field service",,,https://fiixsoftware.com/,DISCOVERY_SEED,2026-09-21,MTR-0237,market-tool-register.csv
MMTR-0238,ENTERPRISE_FUNCTION,F23,"Health, Safety, Environment & Sustainability",F23,,,,"H&S, incidents, inspections, permits, environmental compliance, ESG, carbon, energy and sustainability",Intelex,Intelex,"H&S, incidents, inspections, permits, environmental compliance, ESG, carbon, energy and sustainability",,,https://www.intelex.com/,DISCOVERY_SEED,2026-09-21,MTR-0238,market-tool-register.csv
MMTR-0239,ENTERPRISE_FUNCTION,F23,"Health, Safety, Environment & Sustainability",F23,,,,"H&S, incidents, inspections, permits, environmental compliance, ESG, carbon, energy and sustainability",Enablon,Enablon,"H&S, incidents, inspections, permits, environmental compliance, ESG, carbon, energy and sustainability",,,https://www.wolterskluwer.com/en/solutions/enablon,DISCOVERY_SEED,2026-09-21,MTR-0239,market-tool-register.csv
MMTR-0240,ENTERPRISE_FUNCTION,F23,"Health, Safety, Environment & Sustainability",F23,,,,"H&S, incidents, inspections, permits, environmental compliance, ESG, carbon, energy and sustainability",Sphera,Sphera,"H&S, incidents, inspections, permits, environmental compliance, ESG, carbon, energy and sustainability",,,https://sphera.com/,DISCOVERY_SEED,2026-09-21,MTR-0240,market-tool-register.csv
MMTR-0241,ENTERPRISE_FUNCTION,F23,"Health, Safety, Environment & Sustainability",F23,,,,"H&S, incidents, inspections, permits, environmental compliance, ESG, carbon, energy and sustainability",Cority,Cority,"H&S, incidents, inspections, permits, environmental compliance, ESG, carbon, energy and sustainability",,,https://www.cority.com/,DISCOVERY_SEED,2026-09-21,MTR-0241,market-tool-register.csv
MMTR-0242,ENTERPRISE_FUNCTION,F23,"Health, Safety, Environment & Sustainability",F23,,,,"H&S, incidents, inspections, permits, environmental compliance, ESG, carbon, energy and sustainability",EcoOnline,EcoOnline,"H&S, incidents, inspections, permits, environmental compliance, ESG, carbon, energy and sustainability",,,https://www.ecoonline.com/,DISCOVERY_SEED,2026-09-21,MTR-0242,market-tool-register.csv
MMTR-0243,ENTERPRISE_FUNCTION,F23,"Health, Safety, Environment & Sustainability",F23,,,,"H&S, incidents, inspections, permits, environmental compliance, ESG, carbon, energy and sustainability",Quentic,Quentic,"H&S, incidents, inspections, permits, environmental compliance, ESG, carbon, energy and sustainability",,,https://www.quentic.com/,DISCOVERY_SEED,2026-09-21,MTR-0243,market-tool-register.csv
MMTR-0244,ENTERPRISE_FUNCTION,F23,"Health, Safety, Environment & Sustainability",F23,,,,"H&S, incidents, inspections, permits, environmental compliance, ESG, carbon, energy and sustainability",VelocityEHS,VelocityEHS,"H&S, incidents, inspections, permits, environmental compliance, ESG, carbon, energy and sustainability",,,https://www.ehs.com/,DISCOVERY_SEED,2026-09-21,MTR-0244,market-tool-register.csv
MMTR-0245,ENTERPRISE_FUNCTION,F23,"Health, Safety, Environment & Sustainability",F23,,,,"H&S, incidents, inspections, permits, environmental compliance, ESG, carbon, energy and sustainability",Evotix,Evotix,"H&S, incidents, inspections, permits, environmental compliance, ESG, carbon, energy and sustainability",,,https://www.evotix.com/,DISCOVERY_SEED,2026-09-21,MTR-0245,market-tool-register.csv
MMTR-0246,ENTERPRISE_FUNCTION,F23,"Health, Safety, Environment & Sustainability",F23,,,,"H&S, incidents, inspections, permits, environmental compliance, ESG, carbon, energy and sustainability",SafetyCulture,SafetyCulture,"H&S, incidents, inspections, permits, environmental compliance, ESG, carbon, energy and sustainability",,,https://safetyculture.com/,DISCOVERY_SEED,2026-09-21,MTR-0246,market-tool-register.csv
MMTR-0247,ENTERPRISE_FUNCTION,F23,"Health, Safety, Environment & Sustainability",F23,,,,"H&S, incidents, inspections, permits, environmental compliance, ESG, carbon, energy and sustainability",SAP,SAP Sustainability,"H&S, incidents, inspections, permits, environmental compliance, ESG, carbon, energy and sustainability",,,https://www.sap.com/products.html,DISCOVERY_SEED,2026-09-21,MTR-0247,market-tool-register.csv
MMTR-0248,ENTERPRISE_FUNCTION,F23,"Health, Safety, Environment & Sustainability",F23,,,,"H&S, incidents, inspections, permits, environmental compliance, ESG, carbon, energy and sustainability",Persefoni,Persefoni,"H&S, incidents, inspections, permits, environmental compliance, ESG, carbon, energy and sustainability",,,https://www.persefoni.com/,DISCOVERY_SEED,2026-09-21,MTR-0248,market-tool-register.csv
MMTR-0249,ENTERPRISE_FUNCTION,F23,"Health, Safety, Environment & Sustainability",F23,,,,"H&S, incidents, inspections, permits, environmental compliance, ESG, carbon, energy and sustainability",Watershed,Watershed,"H&S, incidents, inspections, permits, environmental compliance, ESG, carbon, energy and sustainability",,,https://watershed.com/,DISCOVERY_SEED,2026-09-21,MTR-0249,market-tool-register.csv
MMTR-0250,ENTERPRISE_FUNCTION,F23,"Health, Safety, Environment & Sustainability",F23,,,,"H&S, incidents, inspections, permits, environmental compliance, ESG, carbon, energy and sustainability",Sweep,Sweep,"H&S, incidents, inspections, permits, environmental compliance, ESG, carbon, energy and sustainability",,,https://www.sweep.net/,DISCOVERY_SEED,2026-09-21,MTR-0250,market-tool-register.csv
MMTR-0251,ENTERPRISE_FUNCTION,F23,"Health, Safety, Environment & Sustainability",F23,,,,"H&S, incidents, inspections, permits, environmental compliance, ESG, carbon, energy and sustainability",One Click LCA,One Click LCA,"H&S, incidents, inspections, permits, environmental compliance, ESG, carbon, energy and sustainability",,,https://oneclicklca.com/,DISCOVERY_SEED,2026-09-21,MTR-0251,market-tool-register.csv
MMTR-0252,ENTERPRISE_FUNCTION,F24,"Business Continuity, Crisis & Physical Security",F24,,,,"BCM, resilience, crisis management, emergency notification and physical security operations",Fusion Risk Management,Fusion Risk Management,"BCM, resilience, crisis management, emergency notification and physical security operations",,,https://www.fusionrm.com/,DISCOVERY_SEED,2026-09-21,MTR-0252,market-tool-register.csv
MMTR-0253,ENTERPRISE_FUNCTION,F24,"Business Continuity, Crisis & Physical Security",F24,,,,"BCM, resilience, crisis management, emergency notification and physical security operations",Everbridge,Everbridge,"BCM, resilience, crisis management, emergency notification and physical security operations",,,https://www.everbridge.com/,DISCOVERY_SEED,2026-09-21,MTR-0253,market-tool-register.csv
MMTR-0254,ENTERPRISE_FUNCTION,F24,"Business Continuity, Crisis & Physical Security",F24,,,,"BCM, resilience, crisis management, emergency notification and physical security operations",Riskonnect,Riskonnect,"BCM, resilience, crisis management, emergency notification and physical security operations",,,https://riskonnect.com/,DISCOVERY_SEED,2026-09-21,MTR-0254,market-tool-register.csv
MMTR-0255,ENTERPRISE_FUNCTION,F24,"Business Continuity, Crisis & Physical Security",F24,,,,"BCM, resilience, crisis management, emergency notification and physical security operations",Resolver,Resolver,"BCM, resilience, crisis management, emergency notification and physical security operations",,,https://www.resolver.com/,DISCOVERY_SEED,2026-09-21,MTR-0255,market-tool-register.csv
MMTR-0256,ENTERPRISE_FUNCTION,F24,"Business Continuity, Crisis & Physical Security",F24,,,,"BCM, resilience, crisis management, emergency notification and physical security operations",Noggin,Noggin,"BCM, resilience, crisis management, emergency notification and physical security operations",,,https://www.noggin.io/,DISCOVERY_SEED,2026-09-21,MTR-0256,market-tool-register.csv
MMTR-0257,ENTERPRISE_FUNCTION,F24,"Business Continuity, Crisis & Physical Security",F24,,,,"BCM, resilience, crisis management, emergency notification and physical security operations",AlertMedia,AlertMedia,"BCM, resilience, crisis management, emergency notification and physical security operations",,,https://www.alertmedia.com/,DISCOVERY_SEED,2026-09-21,MTR-0257,market-tool-register.csv
MMTR-0258,ENTERPRISE_FUNCTION,F24,"Business Continuity, Crisis & Physical Security",F24,,,,"BCM, resilience, crisis management, emergency notification and physical security operations",OnSolve,OnSolve,"BCM, resilience, crisis management, emergency notification and physical security operations",,,https://www.onsolve.com/,DISCOVERY_SEED,2026-09-21,MTR-0258,market-tool-register.csv
MMTR-0259,ENTERPRISE_FUNCTION,F24,"Business Continuity, Crisis & Physical Security",F24,,,,"BCM, resilience, crisis management, emergency notification and physical security operations",Genetec,Genetec Security Center,"BCM, resilience, crisis management, emergency notification and physical security operations",,,https://www.genetec.com/,DISCOVERY_SEED,2026-09-21,MTR-0259,market-tool-register.csv
MMTR-0260,ENTERPRISE_FUNCTION,F24,"Business Continuity, Crisis & Physical Security",F24,,,,"BCM, resilience, crisis management, emergency notification and physical security operations",LenelS2,LenelS2 OnGuard,"BCM, resilience, crisis management, emergency notification and physical security operations",,,https://www.lenels2.com/,DISCOVERY_SEED,2026-09-21,MTR-0260,market-tool-register.csv
MMTR-0261,ENTERPRISE_FUNCTION,F24,"Business Continuity, Crisis & Physical Security",F24,,,,"BCM, resilience, crisis management, emergency notification and physical security operations",Milestone Systems,Milestone XProtect,"BCM, resilience, crisis management, emergency notification and physical security operations",,,https://www.milestonesys.com/,DISCOVERY_SEED,2026-09-21,MTR-0261,market-tool-register.csv
MMTR-0262,ENTERPRISE_FUNCTION,F24,"Business Continuity, Crisis & Physical Security",F24,,,,"BCM, resilience, crisis management, emergency notification and physical security operations",Verkada,Verkada,"BCM, resilience, crisis management, emergency notification and physical security operations",,,https://www.verkada.com/,DISCOVERY_SEED,2026-09-21,MTR-0262,market-tool-register.csv
MMTR-0263,ENTERPRISE_FUNCTION,F25,"Communications, Public Affairs & Investor Relations",F25,,,,"Media monitoring, communications, public affairs, social, investor communications, earnings and disclosure",Cision,Cision,"Media monitoring, communications, public affairs, social, investor communications, earnings and disclosure",,,https://www.cision.com/,DISCOVERY_SEED,2026-09-21,MTR-0263,market-tool-register.csv
MMTR-0264,ENTERPRISE_FUNCTION,F25,"Communications, Public Affairs & Investor Relations",F25,,,,"Media monitoring, communications, public affairs, social, investor communications, earnings and disclosure",Meltwater,Meltwater,"Media monitoring, communications, public affairs, social, investor communications, earnings and disclosure",,,https://www.meltwater.com/,DISCOVERY_SEED,2026-09-21,MTR-0264,market-tool-register.csv
MMTR-0265,ENTERPRISE_FUNCTION,F25,"Communications, Public Affairs & Investor Relations",F25,,,,"Media monitoring, communications, public affairs, social, investor communications, earnings and disclosure",Sprinklr,Sprinklr,"Media monitoring, communications, public affairs, social, investor communications, earnings and disclosure",,,https://www.sprinklr.com/,DISCOVERY_SEED,2026-09-21,MTR-0265,market-tool-register.csv
MMTR-0266,ENTERPRISE_FUNCTION,F25,"Communications, Public Affairs & Investor Relations",F25,,,,"Media monitoring, communications, public affairs, social, investor communications, earnings and disclosure",Brandwatch,Brandwatch,"Media monitoring, communications, public affairs, social, investor communications, earnings and disclosure",,,https://www.brandwatch.com/,DISCOVERY_SEED,2026-09-21,MTR-0266,market-tool-register.csv
MMTR-0267,ENTERPRISE_FUNCTION,F25,"Communications, Public Affairs & Investor Relations",F25,,,,"Media monitoring, communications, public affairs, social, investor communications, earnings and disclosure",Hootsuite,Hootsuite,"Media monitoring, communications, public affairs, social, investor communications, earnings and disclosure",,,https://www.hootsuite.com/,DISCOVERY_SEED,2026-09-21,MTR-0267,market-tool-register.csv
MMTR-0268,ENTERPRISE_FUNCTION,F25,"Communications, Public Affairs & Investor Relations",F25,,,,"Media monitoring, communications, public affairs, social, investor communications, earnings and disclosure",Q4,Q4,"Media monitoring, communications, public affairs, social, investor communications, earnings and disclosure",,,https://www.q4inc.com/,DISCOVERY_SEED,2026-09-21,MTR-0268,market-tool-register.csv
MMTR-0269,ENTERPRISE_FUNCTION,F25,"Communications, Public Affairs & Investor Relations",F25,,,,"Media monitoring, communications, public affairs, social, investor communications, earnings and disclosure",Workiva,Workiva,"Media monitoring, communications, public affairs, social, investor communications, earnings and disclosure",,,https://www.workiva.com/,DISCOVERY_SEED,2026-09-21,MTR-0269,market-tool-register.csv
MMTR-0270,ENTERPRISE_FUNCTION,F25,"Communications, Public Affairs & Investor Relations",F25,,,,"Media monitoring, communications, public affairs, social, investor communications, earnings and disclosure",Notified,Notified,"Media monitoring, communications, public affairs, social, investor communications, earnings and disclosure",,,https://www.notified.com/,DISCOVERY_SEED,2026-09-21,MTR-0270,market-tool-register.csv
MMTR-0271,ENTERPRISE_FUNCTION,F25,"Communications, Public Affairs & Investor Relations",F25,,,,"Media monitoring, communications, public affairs, social, investor communications, earnings and disclosure",Onclusive,Onclusive,"Media monitoring, communications, public affairs, social, investor communications, earnings and disclosure",,,https://onclusive.com/,DISCOVERY_SEED,2026-09-21,MTR-0271,market-tool-register.csv
MMTR-0272,ENTERPRISE_FUNCTION,F26,"Knowledge, Document & Records Management",F26,,,,"Knowledge, content, document control, records, retention, collaboration, engineering information and CDE",Microsoft,Microsoft 365 / SharePoint / Purview,"Knowledge, content, document control, records, retention, collaboration, engineering information and CDE",,,https://www.microsoft.com/en-us/dynamics-365,DISCOVERY_SEED,2026-09-21,MTR-0272,market-tool-register.csv
MMTR-0273,ENTERPRISE_FUNCTION,F26,"Knowledge, Document & Records Management",F26,,,,"Knowledge, content, document control, records, retention, collaboration, engineering information and CDE",OpenText,OpenText Content Management,"Knowledge, content, document control, records, retention, collaboration, engineering information and CDE",,,https://www.opentext.com/uk/products/core-content-management,DISCOVERY_SEED,2026-09-21,MTR-0273,market-tool-register.csv
MMTR-0274,ENTERPRISE_FUNCTION,F26,"Knowledge, Document & Records Management",F26,,,,"Knowledge, content, document control, records, retention, collaboration, engineering information and CDE",M-Files,M-Files,"Knowledge, content, document control, records, retention, collaboration, engineering information and CDE",,,https://www.m-files.com/,DISCOVERY_SEED,2026-09-21,MTR-0274,market-tool-register.csv
MMTR-0275,ENTERPRISE_FUNCTION,F26,"Knowledge, Document & Records Management",F26,,,,"Knowledge, content, document control, records, retention, collaboration, engineering information and CDE",Box,Box,"Knowledge, content, document control, records, retention, collaboration, engineering information and CDE",,,https://www.box.com/,DISCOVERY_SEED,2026-09-21,MTR-0275,market-tool-register.csv
MMTR-0276,ENTERPRISE_FUNCTION,F26,"Knowledge, Document & Records Management",F26,,,,"Knowledge, content, document control, records, retention, collaboration, engineering information and CDE",Egnyte,Egnyte,"Knowledge, content, document control, records, retention, collaboration, engineering information and CDE",,,https://www.egnyte.com/,DISCOVERY_SEED,2026-09-21,MTR-0276,market-tool-register.csv
MMTR-0277,ENTERPRISE_FUNCTION,F26,"Knowledge, Document & Records Management",F26,,,,"Knowledge, content, document control, records, retention, collaboration, engineering information and CDE",Atlassian,Atlassian Confluence,"Knowledge, content, document control, records, retention, collaboration, engineering information and CDE",,,https://www.atlassian.com/,DISCOVERY_SEED,2026-09-21,MTR-0277,market-tool-register.csv
MMTR-0278,ENTERPRISE_FUNCTION,F26,"Knowledge, Document & Records Management",F26,,,,"Knowledge, content, document control, records, retention, collaboration, engineering information and CDE",Google,Google Workspace / Drive,"Knowledge, content, document control, records, retention, collaboration, engineering information and CDE",,,https://cloud.google.com/looker,DISCOVERY_SEED,2026-09-21,MTR-0278,market-tool-register.csv
MMTR-0279,ENTERPRISE_FUNCTION,F26,"Knowledge, Document & Records Management",F26,,,,"Knowledge, content, document control, records, retention, collaboration, engineering information and CDE",Laserfiche,Laserfiche,"Knowledge, content, document control, records, retention, collaboration, engineering information and CDE",,,https://www.laserfiche.com/,DISCOVERY_SEED,2026-09-21,MTR-0279,market-tool-register.csv
MMTR-0280,ENTERPRISE_FUNCTION,F26,"Knowledge, Document & Records Management",F26,,,,"Knowledge, content, document control, records, retention, collaboration, engineering information and CDE",Hyland,Hyland OnBase,"Knowledge, content, document control, records, retention, collaboration, engineering information and CDE",,,https://www.hyland.com/,DISCOVERY_SEED,2026-09-21,MTR-0280,market-tool-register.csv
MMTR-0281,ENTERPRISE_FUNCTION,F26,"Knowledge, Document & Records Management",F26,,,,"Knowledge, content, document control, records, retention, collaboration, engineering information and CDE",DocuWare,DocuWare,"Knowledge, content, document control, records, retention, collaboration, engineering information and CDE",,,https://start.docuware.com/,DISCOVERY_SEED,2026-09-21,MTR-0281,market-tool-register.csv
MMTR-0282,ENTERPRISE_FUNCTION,F26,"Knowledge, Document & Records Management",F26,,,,"Knowledge, content, document control, records, retention, collaboration, engineering information and CDE",Autodesk,Autodesk Docs,"Knowledge, content, document control, records, retention, collaboration, engineering information and CDE",,,https://www.autodesk.com/,DISCOVERY_SEED,2026-09-21,MTR-0282,market-tool-register.csv
MMTR-0283,ENTERPRISE_FUNCTION,F26,"Knowledge, Document & Records Management",F26,,,,"Knowledge, content, document control, records, retention, collaboration, engineering information and CDE",Oracle,Oracle Aconex,"Knowledge, content, document control, records, retention, collaboration, engineering information and CDE",,,https://www.oracle.com/,DISCOVERY_SEED,2026-09-21,MTR-0283,market-tool-register.csv
MMTR-0284,ENTERPRISE_FUNCTION,F26,"Knowledge, Document & Records Management",F26,,,,"Knowledge, content, document control, records, retention, collaboration, engineering information and CDE",Asite,Asite,"Knowledge, content, document control, records, retention, collaboration, engineering information and CDE",,,https://www.asite.com/,DISCOVERY_SEED,2026-09-21,MTR-0284,market-tool-register.csv
MMTR-0285,ENTERPRISE_FUNCTION,F26,"Knowledge, Document & Records Management",F26,,,,"Knowledge, content, document control, records, retention, collaboration, engineering information and CDE",Bentley Systems,Bentley ProjectWise,"Knowledge, content, document control, records, retention, collaboration, engineering information and CDE",,,https://www.bentley.com/,DISCOVERY_SEED,2026-09-21,MTR-0285,market-tool-register.csv
MMTR-0286,ENTERPRISE_FUNCTION,F26,"Knowledge, Document & Records Management",F26,,,,"Knowledge, content, document control, records, retention, collaboration, engineering information and CDE",Trimble,Trimble Connect,"Knowledge, content, document control, records, retention, collaboration, engineering information and CDE",,,https://www.trimble.com/,DISCOVERY_SEED,2026-09-21,MTR-0286,market-tool-register.csv
MMTR-0287,ENTERPRISE_FUNCTION,F26,"Knowledge, Document & Records Management",F26,,,,"Knowledge, content, document control, records, retention, collaboration, engineering information and CDE",Viewpoint,Viewpoint for Projects,"Knowledge, content, document control, records, retention, collaboration, engineering information and CDE",,,,DISCOVERY_SEED,2026-09-21,MTR-0287,market-tool-register.csv
MMTR-0288,ENTERPRISE_FUNCTION,F26,"Knowledge, Document & Records Management",F26,,,,"Knowledge, content, document control, records, retention, collaboration, engineering information and CDE",Dalux,Dalux Box,"Knowledge, content, document control, records, retention, collaboration, engineering information and CDE",,,https://www.dalux.com/,DISCOVERY_SEED,2026-09-21,MTR-0288,market-tool-register.csv
MMTR-0289,ENTERPRISE_FUNCTION,F27,"Portfolio, Programme & Project Management",F27,,,,"Portfolio, programme, project, scheduling, cost, resources, controls, delivery, collaboration and capital projects",Oracle,Oracle Primavera P6,"Portfolio, programme, project, scheduling, cost, resources, controls, delivery, collaboration and capital projects",,,https://www.oracle.com/,DISCOVERY_SEED,2026-09-21,MTR-0289,market-tool-register.csv
MMTR-0290,ENTERPRISE_FUNCTION,F27,"Portfolio, Programme & Project Management",F27,,,,"Portfolio, programme, project, scheduling, cost, resources, controls, delivery, collaboration and capital projects",Oracle,Oracle Primavera Cloud,"Portfolio, programme, project, scheduling, cost, resources, controls, delivery, collaboration and capital projects",,,https://www.oracle.com/,DISCOVERY_SEED,2026-09-21,MTR-0290,market-tool-register.csv
MMTR-0291,ENTERPRISE_FUNCTION,F27,"Portfolio, Programme & Project Management",F27,,,,"Portfolio, programme, project, scheduling, cost, resources, controls, delivery, collaboration and capital projects",Oracle,Oracle Primavera Unifier,"Portfolio, programme, project, scheduling, cost, resources, controls, delivery, collaboration and capital projects",,,https://www.oracle.com/,DISCOVERY_SEED,2026-09-21,MTR-0291,market-tool-register.csv
MMTR-0292,ENTERPRISE_FUNCTION,F27,"Portfolio, Programme & Project Management",F27,,,,"Portfolio, programme, project, scheduling, cost, resources, controls, delivery, collaboration and capital projects",Microsoft,Microsoft Project / Planner,"Portfolio, programme, project, scheduling, cost, resources, controls, delivery, collaboration and capital projects",,,https://www.microsoft.com/en-us/dynamics-365,DISCOVERY_SEED,2026-09-21,MTR-0292,market-tool-register.csv
MMTR-0293,ENTERPRISE_FUNCTION,F27,"Portfolio, Programme & Project Management",F27,,,,"Portfolio, programme, project, scheduling, cost, resources, controls, delivery, collaboration and capital projects",Planview,Planview,"Portfolio, programme, project, scheduling, cost, resources, controls, delivery, collaboration and capital projects",,,https://www.planview.com/,DISCOVERY_SEED,2026-09-21,MTR-0293,market-tool-register.csv
MMTR-0294,ENTERPRISE_FUNCTION,F27,"Portfolio, Programme & Project Management",F27,,,,"Portfolio, programme, project, scheduling, cost, resources, controls, delivery, collaboration and capital projects",Smartsheet,Smartsheet,"Portfolio, programme, project, scheduling, cost, resources, controls, delivery, collaboration and capital projects",,,https://www.smartsheet.com/,DISCOVERY_SEED,2026-09-21,MTR-0294,market-tool-register.csv
MMTR-0295,ENTERPRISE_FUNCTION,F27,"Portfolio, Programme & Project Management",F27,,,,"Portfolio, programme, project, scheduling, cost, resources, controls, delivery, collaboration and capital projects",Procore,Procore,"Portfolio, programme, project, scheduling, cost, resources, controls, delivery, collaboration and capital projects",,,https://www.procore.com/,DISCOVERY_SEED,2026-09-21,MTR-0295,market-tool-register.csv
MMTR-0296,ENTERPRISE_FUNCTION,F27,"Portfolio, Programme & Project Management",F27,,,,"Portfolio, programme, project, scheduling, cost, resources, controls, delivery, collaboration and capital projects",Autodesk,Autodesk Build,"Portfolio, programme, project, scheduling, cost, resources, controls, delivery, collaboration and capital projects",,,https://www.autodesk.com/,DISCOVERY_SEED,2026-09-21,MTR-0296,market-tool-register.csv
MMTR-0297,ENTERPRISE_FUNCTION,F27,"Portfolio, Programme & Project Management",F27,,,,"Portfolio, programme, project, scheduling, cost, resources, controls, delivery, collaboration and capital projects",Asite,Asite,"Portfolio, programme, project, scheduling, cost, resources, controls, delivery, collaboration and capital projects",,,https://www.asite.com/,DISCOVERY_SEED,2026-09-21,MTR-0297,market-tool-register.csv
MMTR-0298,ENTERPRISE_FUNCTION,F27,"Portfolio, Programme & Project Management",F27,,,,"Portfolio, programme, project, scheduling, cost, resources, controls, delivery, collaboration and capital projects",Trimble,Trimble ProjectSight,"Portfolio, programme, project, scheduling, cost, resources, controls, delivery, collaboration and capital projects",,,https://www.trimble.com/,DISCOVERY_SEED,2026-09-21,MTR-0298,market-tool-register.csv
MMTR-0299,ENTERPRISE_FUNCTION,F27,"Portfolio, Programme & Project Management",F27,,,,"Portfolio, programme, project, scheduling, cost, resources, controls, delivery, collaboration and capital projects",Elecosoft,Asta Powerproject,"Portfolio, programme, project, scheduling, cost, resources, controls, delivery, collaboration and capital projects",,,https://www.elecosoft.com/,DISCOVERY_SEED,2026-09-21,MTR-0299,market-tool-register.csv
MMTR-0300,ENTERPRISE_FUNCTION,F27,"Portfolio, Programme & Project Management",F27,,,,"Portfolio, programme, project, scheduling, cost, resources, controls, delivery, collaboration and capital projects",Bentley Systems,Bentley SYNCHRO,"Portfolio, programme, project, scheduling, cost, resources, controls, delivery, collaboration and capital projects",,,https://www.bentley.com/,DISCOVERY_SEED,2026-09-21,MTR-0300,market-tool-register.csv
MMTR-0301,ENTERPRISE_FUNCTION,F27,"Portfolio, Programme & Project Management",F27,,,,"Portfolio, programme, project, scheduling, cost, resources, controls, delivery, collaboration and capital projects",Hexagon,Hexagon EcoSys,"Portfolio, programme, project, scheduling, cost, resources, controls, delivery, collaboration and capital projects",,,https://hexagon.com/,DISCOVERY_SEED,2026-09-21,MTR-0301,market-tool-register.csv
MMTR-0302,ENTERPRISE_FUNCTION,F27,"Portfolio, Programme & Project Management",F27,,,,"Portfolio, programme, project, scheduling, cost, resources, controls, delivery, collaboration and capital projects",Safran,Safran Project,"Portfolio, programme, project, scheduling, cost, resources, controls, delivery, collaboration and capital projects",,,https://www.safran.com/,DISCOVERY_SEED,2026-09-21,MTR-0302,market-tool-register.csv
MMTR-0303,ENTERPRISE_FUNCTION,F27,"Portfolio, Programme & Project Management",F27,,,,"Portfolio, programme, project, scheduling, cost, resources, controls, delivery, collaboration and capital projects",Deltek,Deltek Cobra,"Portfolio, programme, project, scheduling, cost, resources, controls, delivery, collaboration and capital projects",,,https://www.deltek.com/,DISCOVERY_SEED,2026-09-21,MTR-0303,market-tool-register.csv
MMTR-0304,ENTERPRISE_FUNCTION,F27,"Portfolio, Programme & Project Management",F27,,,,"Portfolio, programme, project, scheduling, cost, resources, controls, delivery, collaboration and capital projects",monday.com,monday.com,"Portfolio, programme, project, scheduling, cost, resources, controls, delivery, collaboration and capital projects",,,https://monday.com/,DISCOVERY_SEED,2026-09-21,MTR-0304,market-tool-register.csv
MMTR-0305,ENTERPRISE_FUNCTION,F27,"Portfolio, Programme & Project Management",F27,,,,"Portfolio, programme, project, scheduling, cost, resources, controls, delivery, collaboration and capital projects",Wrike,Wrike,"Portfolio, programme, project, scheduling, cost, resources, controls, delivery, collaboration and capital projects",,,https://www.wrike.com/,DISCOVERY_SEED,2026-09-21,MTR-0305,market-tool-register.csv
MMTR-0306,ENTERPRISE_FUNCTION,F28,Change & Transformation Management,F28,,,,"Transformation portfolios, organisational change, adoption, readiness, communications, benefits and execution",Planview,Planview,"Transformation portfolios, organisational change, adoption, readiness, communications, benefits and execution",,,https://www.planview.com/,DISCOVERY_SEED,2026-09-21,MTR-0306,market-tool-register.csv
MMTR-0307,ENTERPRISE_FUNCTION,F28,Change & Transformation Management,F28,,,,"Transformation portfolios, organisational change, adoption, readiness, communications, benefits and execution",ServiceNow,ServiceNow Strategic Portfolio Management,"Transformation portfolios, organisational change, adoption, readiness, communications, benefits and execution",,,https://www.servicenow.com/,DISCOVERY_SEED,2026-09-21,MTR-0307,market-tool-register.csv
MMTR-0308,ENTERPRISE_FUNCTION,F28,Change & Transformation Management,F28,,,,"Transformation portfolios, organisational change, adoption, readiness, communications, benefits and execution",WalkMe,WalkMe,"Transformation portfolios, organisational change, adoption, readiness, communications, benefits and execution",,,https://www.walkme.com/,DISCOVERY_SEED,2026-09-21,MTR-0308,market-tool-register.csv
MMTR-0309,ENTERPRISE_FUNCTION,F28,Change & Transformation Management,F28,,,,"Transformation portfolios, organisational change, adoption, readiness, communications, benefits and execution",Whatfix,Whatfix,"Transformation portfolios, organisational change, adoption, readiness, communications, benefits and execution",,,https://whatfix.com/,DISCOVERY_SEED,2026-09-21,MTR-0309,market-tool-register.csv
MMTR-0310,ENTERPRISE_FUNCTION,F28,Change & Transformation Management,F28,,,,"Transformation portfolios, organisational change, adoption, readiness, communications, benefits and execution",Smartsheet,Smartsheet,"Transformation portfolios, organisational change, adoption, readiness, communications, benefits and execution",,,https://www.smartsheet.com/,DISCOVERY_SEED,2026-09-21,MTR-0310,market-tool-register.csv
MMTR-0311,ENTERPRISE_FUNCTION,F28,Change & Transformation Management,F28,,,,"Transformation portfolios, organisational change, adoption, readiness, communications, benefits and execution",Atlassian,Jira,"Transformation portfolios, organisational change, adoption, readiness, communications, benefits and execution",,,https://www.atlassian.com/,DISCOVERY_SEED,2026-09-21,MTR-0311,market-tool-register.csv
MMTR-0312,ENTERPRISE_FUNCTION,F28,Change & Transformation Management,F28,,,,"Transformation portfolios, organisational change, adoption, readiness, communications, benefits and execution",monday.com,monday.com,"Transformation portfolios, organisational change, adoption, readiness, communications, benefits and execution",,,https://monday.com/,DISCOVERY_SEED,2026-09-21,MTR-0312,market-tool-register.csv
MMTR-0313,ENTERPRISE_FUNCTION,F28,Change & Transformation Management,F28,,,,"Transformation portfolios, organisational change, adoption, readiness, communications, benefits and execution",Miro,Miro,"Transformation portfolios, organisational change, adoption, readiness, communications, benefits and execution",,,https://miro.com/,DISCOVERY_SEED,2026-09-21,MTR-0313,market-tool-register.csv
MMTR-0314,ENTERPRISE_FUNCTION,F28,Change & Transformation Management,F28,,,,"Transformation portfolios, organisational change, adoption, readiness, communications, benefits and execution",KaiNexus,KaiNexus,"Transformation portfolios, organisational change, adoption, readiness, communications, benefits and execution",,,https://www.kainexus.com/,DISCOVERY_SEED,2026-09-21,MTR-0314,market-tool-register.csv
MMTR-0315,ENTERPRISE_FUNCTION,F29,Business Process & Continuous Improvement,F29,,,,"Process modelling, mining, conformance, automation, workflow, value-stream and continuous improvement",SAP,SAP Signavio,"Process modelling, mining, conformance, automation, workflow, value-stream and continuous improvement",,,https://www.sap.com/products.html,DISCOVERY_SEED,2026-09-21,MTR-0315,market-tool-register.csv
MMTR-0316,ENTERPRISE_FUNCTION,F29,Business Process & Continuous Improvement,F29,,,,"Process modelling, mining, conformance, automation, workflow, value-stream and continuous improvement",Celonis,Celonis,"Process modelling, mining, conformance, automation, workflow, value-stream and continuous improvement",,,https://www.celonis.com/,DISCOVERY_SEED,2026-09-21,MTR-0316,market-tool-register.csv
MMTR-0317,ENTERPRISE_FUNCTION,F29,Business Process & Continuous Improvement,F29,,,,"Process modelling, mining, conformance, automation, workflow, value-stream and continuous improvement",Software AG,ARIS,"Process modelling, mining, conformance, automation, workflow, value-stream and continuous improvement",,,https://www.aris.com/,DISCOVERY_SEED,2026-09-21,MTR-0317,market-tool-register.csv
MMTR-0318,ENTERPRISE_FUNCTION,F29,Business Process & Continuous Improvement,F29,,,,"Process modelling, mining, conformance, automation, workflow, value-stream and continuous improvement",Nintex,Nintex,"Process modelling, mining, conformance, automation, workflow, value-stream and continuous improvement",,,https://www.nintex.com/,DISCOVERY_SEED,2026-09-21,MTR-0318,market-tool-register.csv
MMTR-0319,ENTERPRISE_FUNCTION,F29,Business Process & Continuous Improvement,F29,,,,"Process modelling, mining, conformance, automation, workflow, value-stream and continuous improvement",UiPath,UiPath Process Mining,"Process modelling, mining, conformance, automation, workflow, value-stream and continuous improvement",,,https://www.uipath.com/,DISCOVERY_SEED,2026-09-21,MTR-0319,market-tool-register.csv
MMTR-0320,ENTERPRISE_FUNCTION,F29,Business Process & Continuous Improvement,F29,,,,"Process modelling, mining, conformance, automation, workflow, value-stream and continuous improvement",Microsoft,Microsoft Power Automate Process Mining,"Process modelling, mining, conformance, automation, workflow, value-stream and continuous improvement",,,https://www.microsoft.com/en-us/dynamics-365,DISCOVERY_SEED,2026-09-21,MTR-0320,market-tool-register.csv
MMTR-0321,ENTERPRISE_FUNCTION,F29,Business Process & Continuous Improvement,F29,,,,"Process modelling, mining, conformance, automation, workflow, value-stream and continuous improvement",Bizagi,Bizagi,"Process modelling, mining, conformance, automation, workflow, value-stream and continuous improvement",,,https://www.bizagi.com/,DISCOVERY_SEED,2026-09-21,MTR-0321,market-tool-register.csv
MMTR-0322,ENTERPRISE_FUNCTION,F29,Business Process & Continuous Improvement,F29,,,,"Process modelling, mining, conformance, automation, workflow, value-stream and continuous improvement",Appian,Appian,"Process modelling, mining, conformance, automation, workflow, value-stream and continuous improvement",,,https://appian.com/,DISCOVERY_SEED,2026-09-21,MTR-0322,market-tool-register.csv
MMTR-0323,ENTERPRISE_FUNCTION,F29,Business Process & Continuous Improvement,F29,,,,"Process modelling, mining, conformance, automation, workflow, value-stream and continuous improvement",Camunda,Camunda,"Process modelling, mining, conformance, automation, workflow, value-stream and continuous improvement",,,https://camunda.com/,DISCOVERY_SEED,2026-09-21,MTR-0323,market-tool-register.csv
MMTR-0324,ENTERPRISE_FUNCTION,F29,Business Process & Continuous Improvement,F29,,,,"Process modelling, mining, conformance, automation, workflow, value-stream and continuous improvement",IBM,IBM Blueworks Live,"Process modelling, mining, conformance, automation, workflow, value-stream and continuous improvement",,,https://www.ibm.com/,DISCOVERY_SEED,2026-09-21,MTR-0324,market-tool-register.csv
MMTR-0325,ENTERPRISE_FUNCTION,F29,Business Process & Continuous Improvement,F29,,,,"Process modelling, mining, conformance, automation, workflow, value-stream and continuous improvement",ProcessMaker,ProcessMaker,"Process modelling, mining, conformance, automation, workflow, value-stream and continuous improvement",,,https://www.processmaker.com/,DISCOVERY_SEED,2026-09-21,MTR-0325,market-tool-register.csv
MMTR-0326,ENTERPRISE_FUNCTION,F29,Business Process & Continuous Improvement,F29,,,,"Process modelling, mining, conformance, automation, workflow, value-stream and continuous improvement",Kissflow,Kissflow,"Process modelling, mining, conformance, automation, workflow, value-stream and continuous improvement",,,https://kissflow.com/,DISCOVERY_SEED,2026-09-21,MTR-0326,market-tool-register.csv
MMTR-0327,CBE_PROFESSIONAL_DOMAIN,D02,Engineering & Technical Design,F05;F13;F19;F23;F26;F27,D02,CBE-JP-001,Acoustics consultant,Engineering analysis / design / technical information,SoundPLAN,SoundPLANnoise,Acoustic surveys; noise and vibration assessment; modelling; design recommendations; compliance evidence,Survey reports; models; recommendations; specifications,Feasibility; Design; Verification,https://www.soundplan.eu/en/software,WEB_ANCHOR_VERIFIED,2026-09-21,CBE-JTM-0001,cbe-job-tool-capability-register.csv
MMTR-0328,CBE_PROFESSIONAL_DOMAIN,D02,Engineering & Technical Design,F05;F13;F19;F23;F26;F27,D02,CBE-JP-001,Acoustics consultant,Engineering analysis / design / technical information,DataKustik,DataKustik CadnaA,Acoustic surveys; noise and vibration assessment; modelling; design recommendations; compliance evidence,Survey reports; models; recommendations; specifications,Feasibility; Design; Verification,,DISCOVERY_SEED_REQUIRES_MODULE_VERIFICATION,2026-09-21,CBE-JTM-0002,cbe-job-tool-capability-register.csv
MMTR-0329,CBE_PROFESSIONAL_DOMAIN,D02,Engineering & Technical Design,F05;F13;F19;F23;F26;F27,D02,CBE-JP-001,Acoustics consultant,Engineering analysis / design / technical information,ODEON A/S,ODEON Room Acoustics Software,Acoustic surveys; noise and vibration assessment; modelling; design recommendations; compliance evidence,Survey reports; models; recommendations; specifications,Feasibility; Design; Verification,,DISCOVERY_SEED_REQUIRES_MODULE_VERIFICATION,2026-09-21,CBE-JTM-0003,cbe-job-tool-capability-register.csv
MMTR-0330,CBE_PROFESSIONAL_DOMAIN,D02,Engineering & Technical Design,F05;F13;F19;F23;F26;F27,D02,CBE-JP-001,Acoustics consultant,Engineering analysis / design / technical information,Marshall Day Acoustics,Marshall Day Acoustics INSUL,Acoustic surveys; noise and vibration assessment; modelling; design recommendations; compliance evidence,Survey reports; models; recommendations; specifications,Feasibility; Design; Verification,,DISCOVERY_SEED_REQUIRES_MODULE_VERIFICATION,2026-09-21,CBE-JTM-0004,cbe-job-tool-capability-register.csv
MMTR-0331,CBE_PROFESSIONAL_DOMAIN,D02,Engineering & Technical Design,F05;F13;F19;F23;F26;F27,D02,CBE-JP-001,Acoustics consultant,Engineering analysis / design / technical information,Autodesk,Autodesk Revit,Acoustic surveys; noise and vibration assessment; modelling; design recommendations; compliance evidence,Survey reports; models; recommendations; specifications,Feasibility; Design; Verification,https://www.autodesk.com/products/revit/overview,WEB_ANCHOR_VERIFIED,2026-09-21,CBE-JTM-0005,cbe-job-tool-capability-register.csv
MMTR-0332,CBE_PROFESSIONAL_DOMAIN,D02,Engineering & Technical Design,F05;F13;F19;F23;F26;F27,D02,CBE-JP-001,Acoustics consultant,Engineering analysis / design / technical information,Bluebeam,Bluebeam Revu,Acoustic surveys; noise and vibration assessment; modelling; design recommendations; compliance evidence,Survey reports; models; recommendations; specifications,Feasibility; Design; Verification,https://www.bluebeam.com/revu/,WEB_ANCHOR_VERIFIED,2026-09-21,CBE-JTM-0006,cbe-job-tool-capability-register.csv
MMTR-0333,CBE_PROFESSIONAL_DOMAIN,D16,"Infrastructure, Land & Rural",F09;F10;F11;F12;F13;F22;F23;F26;F27,D16,CBE-JP-002,Agricultural contractor,Agricultural field operations / plant / service,Trimble,Trimble Agriculture software,Job planning; field operations; plant allocation; labour; materials; service records,Work orders; field logs; plant records; invoices,Planning; Delivery; Maintenance,,DISCOVERY_SEED_REQUIRES_MODULE_VERIFICATION,2026-09-21,CBE-JTM-0007,cbe-job-tool-capability-register.csv
MMTR-0334,CBE_PROFESSIONAL_DOMAIN,D16,"Infrastructure, Land & Rural",F09;F10;F11;F12;F13;F22;F23;F26;F27,D16,CBE-JP-002,Agricultural contractor,Agricultural field operations / plant / service,John Deere,John Deere Operations Center,Job planning; field operations; plant allocation; labour; materials; service records,Work orders; field logs; plant records; invoices,Planning; Delivery; Maintenance,,DISCOVERY_SEED_REQUIRES_MODULE_VERIFICATION,2026-09-21,CBE-JTM-0008,cbe-job-tool-capability-register.csv
MMTR-0335,CBE_PROFESSIONAL_DOMAIN,D16,"Infrastructure, Land & Rural",F09;F10;F11;F12;F13;F22;F23;F26;F27,D16,CBE-JP-002,Agricultural contractor,Agricultural field operations / plant / service,BigChange,BigChange,Job planning; field operations; plant allocation; labour; materials; service records,Work orders; field logs; plant records; invoices,Planning; Delivery; Maintenance,,DISCOVERY_SEED_REQUIRES_MODULE_VERIFICATION,2026-09-21,CBE-JTM-0009,cbe-job-tool-capability-register.csv
MMTR-0336,CBE_PROFESSIONAL_DOMAIN,D16,"Infrastructure, Land & Rural",F09;F10;F11;F12;F13;F22;F23;F26;F27,D16,CBE-JP-002,Agricultural contractor,Agricultural field operations / plant / service,Samsara,Samsara,Job planning; field operations; plant allocation; labour; materials; service records,Work orders; field logs; plant records; invoices,Planning; Delivery; Maintenance,,DISCOVERY_SEED_REQUIRES_MODULE_VERIFICATION,2026-09-21,CBE-JTM-0010,cbe-job-tool-capability-register.csv
MMTR-0337,CBE_PROFESSIONAL_DOMAIN,D16,"Infrastructure, Land & Rural",F09;F10;F11;F12;F13;F22;F23;F26;F27,D16,CBE-JP-002,Agricultural contractor,Agricultural field operations / plant / service,ServiceM8,ServiceM8,Job planning; field operations; plant allocation; labour; materials; service records,Work orders; field logs; plant records; invoices,Planning; Delivery; Maintenance,,DISCOVERY_SEED_REQUIRES_MODULE_VERIFICATION,2026-09-21,CBE-JTM-0011,cbe-job-tool-capability-register.csv
MMTR-0338,CBE_PROFESSIONAL_DOMAIN,D16,"Infrastructure, Land & Rural",F09;F10;F11;F12;F13;F22;F23;F26;F27,D16,CBE-JP-002,Agricultural contractor,Agricultural field operations / plant / service,SafetyCulture,SafetyCulture,Job planning; field operations; plant allocation; labour; materials; service records,Work orders; field logs; plant records; invoices,Planning; Delivery; Maintenance,,DISCOVERY_SEED_REQUIRES_MODULE_VERIFICATION,2026-09-21,CBE-JTM-0012,cbe-job-tool-capability-register.csv
MMTR-0339,CBE_PROFESSIONAL_DOMAIN,D01,Architecture & Design,F05;F13;F19;F23;F26;F27,D01,CBE-JP-003,Architect,Design authoring / BIM / technical information,Autodesk,Autodesk Revit,Briefing; design stages; drawings; specifications; coordination; planning; approvals; site reviews,Drawings; models; specifications; design decisions; inspection records,Brief; Design; Construction; Handover,https://www.autodesk.com/products/revit/overview,WEB_ANCHOR_VERIFIED,2026-09-21,CBE-JTM-0013,cbe-job-tool-capability-register.csv
MMTR-0340,CBE_PROFESSIONAL_DOMAIN,D01,Architecture & Design,F05;F13;F19;F23;F26;F27,D01,CBE-JP-003,Architect,Design authoring / BIM / technical information,Graphisoft,Graphisoft Archicad,Briefing; design stages; drawings; specifications; coordination; planning; approvals; site reviews,Drawings; models; specifications; design decisions; inspection records,Brief; Design; Construction; Handover,,DISCOVERY_SEED_REQUIRES_MODULE_VERIFICATION,2026-09-21,CBE-JTM-0014,cbe-job-tool-capability-register.csv
MMTR-0341,CBE_PROFESSIONAL_DOMAIN,D01,Architecture & Design,F05;F13;F19;F23;F26;F27,D01,CBE-JP-003,Architect,Design authoring / BIM / technical information,Vectorworks,Vectorworks Architect,Briefing; design stages; drawings; specifications; coordination; planning; approvals; site reviews,Drawings; models; specifications; design decisions; inspection records,Brief; Design; Construction; Handover,,DISCOVERY_SEED_REQUIRES_MODULE_VERIFICATION,2026-09-21,CBE-JTM-0015,cbe-job-tool-capability-register.csv
MMTR-0342,CBE_PROFESSIONAL_DOMAIN,D01,Architecture & Design,F05;F13;F19;F23;F26;F27,D01,CBE-JP-003,Architect,Design authoring / BIM / technical information,ALLPLAN,ALLPLAN,Briefing; design stages; drawings; specifications; coordination; planning; approvals; site reviews,Drawings; models; specifications; design decisions; inspection records,Brief; Design; Construction; Handover,https://www.allplan.com/products/allplan/,WEB_ANCHOR_VERIFIED,2026-09-21,CBE-JTM-0016,cbe-job-tool-capability-register.csv
MMTR-0343,CBE_PROFESSIONAL_DOMAIN,D01,Architecture & Design,F05;F13;F19;F23;F26;F27,D01,CBE-JP-003,Architect,Design authoring / BIM / technical information,Autodesk,AutoCAD,Briefing; design stages; drawings; specifications; coordination; planning; approvals; site reviews,Drawings; models; specifications; design decisions; inspection records,Brief; Design; Construction; Handover,,DISCOVERY_SEED_REQUIRES_MODULE_VERIFICATION,2026-09-21,CBE-JTM-0017,cbe-job-tool-capability-register.csv
MMTR-0344,CBE_PROFESSIONAL_DOMAIN,D01,Architecture & Design,F05;F13;F19;F23;F26;F27,D01,CBE-JP-003,Architect,Design authoring / BIM / technical information,Robert McNeel & Associates,Rhino,Briefing; design stages; drawings; specifications; coordination; planning; approvals; site reviews,Drawings; models; specifications; design decisions; inspection records,Brief; Design; Construction; Handover,,DISCOVERY_SEED_REQUIRES_MODULE_VERIFICATION,2026-09-21,CBE-JTM-0018,cbe-job-tool-capability-register.csv
MMTR-0345,CBE_PROFESSIONAL_DOMAIN,D01,Architecture & Design,F05;F13;F19;F23;F26;F27,D01,CBE-JP-003,Architect,Design authoring / BIM / technical information,Robert McNeel & Associates,Grasshopper,Briefing; design stages; drawings; specifications; coordination; planning; approvals; site reviews,Drawings; models; specifications; design decisions; inspection records,Brief; Design; Construction; Handover,,DISCOVERY_SEED_REQUIRES_MODULE_VERIFICATION,2026-09-21,CBE-JTM-0019,cbe-job-tool-capability-register.csv
MMTR-0346,CBE_PROFESSIONAL_DOMAIN,D01,Architecture & Design,F05;F13;F19;F23;F26;F27,D01,CBE-JP-003,Architect,Design authoring / BIM / technical information,Trimble,SketchUp,Briefing; design stages; drawings; specifications; coordination; planning; approvals; site reviews,Drawings; models; specifications; design decisions; inspection records,Brief; Design; Construction; Handover,,DISCOVERY_SEED_REQUIRES_MODULE_VERIFICATION,2026-09-21,CBE-JTM-0020,cbe-job-tool-capability-register.csv
MMTR-0347,CBE_PROFESSIONAL_DOMAIN,D01,Architecture & Design,F05;F13;F19;F23;F26;F27,D01,CBE-JP-003,Architect,Design authoring / BIM / technical information,Autodesk,Autodesk Navisworks,Briefing; design stages; drawings; specifications; coordination; planning; approvals; site reviews,Drawings; models; specifications; design decisions; inspection records,Brief; Design; Construction; Handover,,DISCOVERY_SEED_REQUIRES_MODULE_VERIFICATION,2026-09-21,CBE-JTM-0021,cbe-job-tool-capability-register.csv
MMTR-0348,CBE_PROFESSIONAL_DOMAIN,D01,Architecture & Design,F05;F13;F19;F23;F26;F27,D01,CBE-JP-003,Architect,Design authoring / BIM / technical information,Solibri,Solibri,Briefing; design stages; drawings; specifications; coordination; planning; approvals; site reviews,Drawings; models; specifications; design decisions; inspection records,Brief; Design; Construction; Handover,,DISCOVERY_SEED_REQUIRES_MODULE_VERIFICATION,2026-09-21,CBE-JTM-0022,cbe-job-tool-capability-register.csv
MMTR-0349,CBE_PROFESSIONAL_DOMAIN,D01,Architecture & Design,F05;F13;F19;F23;F26;F27,D01,CBE-JP-003,Architect,Design authoring / BIM / technical information,Bluebeam,Bluebeam Revu,Briefing; design stages; drawings; specifications; coordination; planning; approvals; site reviews,Drawings; models; specifications; design decisions; inspection records,Brief; Design; Construction; Handover,https://www.bluebeam.com/revu/,WEB_ANCHOR_VERIFIED,2026-09-21,CBE-JTM-0023,cbe-job-tool-capability-register.csv
MMTR-0350,CBE_PROFESSIONAL_DOMAIN,D01,Architecture & Design,F05;F13;F19;F23;F26;F27,D01,CBE-JP-003,Architect,Design authoring / BIM / technical information,Autodesk,Autodesk Docs,Briefing; design stages; drawings; specifications; coordination; planning; approvals; site reviews,Drawings; models; specifications; design decisions; inspection records,Brief; Design; Construction; Handover,,DISCOVERY_SEED_REQUIRES_MODULE_VERIFICATION,2026-09-21,CBE-JTM-0024,cbe-job-tool-capability-register.csv
MMTR-0351,CBE_PROFESSIONAL_DOMAIN,D01,Architecture & Design,F05;F13;F19;F23;F26;F27,D01,CBE-JP-003,Architect,Design authoring / BIM / technical information,Oracle,Oracle Aconex,Briefing; design stages; drawings; specifications; coordination; planning; approvals; site reviews,Drawings; models; specifications; design decisions; inspection records,Brief; Design; Construction; Handover,https://www.oracle.com/construction-engineering/aconex/,WEB_ANCHOR_VERIFIED,2026-09-21,CBE-JTM-0025,cbe-job-tool-capability-register.csv
MMTR-0352,CBE_PROFESSIONAL_DOMAIN,D01,Architecture & Design,F05;F13;F19;F23;F26;F27,D01,CBE-JP-003,Architect,Design authoring / BIM / technical information,NBS,NBS Chorus,Briefing; design stages; drawings; specifications; coordination; planning; approvals; site reviews,Drawings; models; specifications; design decisions; inspection records,Brief; Design; Construction; Handover,,DISCOVERY_SEED_REQUIRES_MODULE_VERIFICATION,2026-09-21,CBE-JTM-0026,cbe-job-tool-capability-register.csv
MMTR-0353,CBE_PROFESSIONAL_DOMAIN,D01,Architecture & Design,F05;F13;F19;F23;F26;F27,D01,CBE-JP-004,Architectural technician,Design authoring / BIM / technical information,Autodesk,Autodesk Revit,Technical drawings; detailing; schedules; coordination; document production,Drawings; details; schedules; issue sheets,Design; Construction,https://www.autodesk.com/products/revit/overview,WEB_ANCHOR_VERIFIED,2026-09-21,CBE-JTM-0027,cbe-job-tool-capability-register.csv
MMTR-0354,CBE_PROFESSIONAL_DOMAIN,D01,Architecture & Design,F05;F13;F19;F23;F26;F27,D01,CBE-JP-004,Architectural technician,Design authoring / BIM / technical information,Graphisoft,Graphisoft Archicad,Technical drawings; detailing; schedules; coordination; document production,Drawings; details; schedules; issue sheets,Design; Construction,,DISCOVERY_SEED_REQUIRES_MODULE_VERIFICATION,2026-09-21,CBE-JTM-0028,cbe-job-tool-capability-register.csv
MMTR-0355,CBE_PROFESSIONAL_DOMAIN,D01,Architecture & Design,F05;F13;F19;F23;F26;F27,D01,CBE-JP-004,Architectural technician,Design authoring / BIM / technical information,Vectorworks,Vectorworks Architect,Technical drawings; detailing; schedules; coordination; document production,Drawings; details; schedules; issue sheets,Design; Construction,,DISCOVERY_SEED_REQUIRES_MODULE_VERIFICATION,2026-09-21,CBE-JTM-0029,cbe-job-tool-capability-register.csv
MMTR-0356,CBE_PROFESSIONAL_DOMAIN,D01,Architecture & Design,F05;F13;F19;F23;F26;F27,D01,CBE-JP-004,Architectural technician,Design authoring / BIM / technical information,ALLPLAN,ALLPLAN,Technical drawings; detailing; schedules; coordination; document production,Drawings; details; schedules; issue sheets,Design; Construction,https://www.allplan.com/products/allplan/,WEB_ANCHOR_VERIFIED,2026-09-21,CBE-JTM-0030,cbe-job-tool-capability-register.csv
MMTR-0357,CBE_PROFESSIONAL_DOMAIN,D01,Architecture & Design,F05;F13;F19;F23;F26;F27,D01,CBE-JP-004,Architectural technician,Design authoring / BIM / technical information,Autodesk,AutoCAD,Technical drawings; detailing; schedules; coordination; document production,Drawings; details; schedules; issue sheets,Design; Construction,,DISCOVERY_SEED_REQUIRES_MODULE_VERIFICATION,2026-09-21,CBE-JTM-0031,cbe-job-tool-capability-register.csv
MMTR-0358,CBE_PROFESSIONAL_DOMAIN,D01,Architecture & Design,F05;F13;F19;F23;F26;F27,D01,CBE-JP-004,Architectural technician,Design authoring / BIM / technical information,Autodesk,Autodesk Navisworks,Technical drawings; detailing; schedules; coordination; document production,Drawings; details; schedules; issue sheets,Design; Construction,,DISCOVERY_SEED_REQUIRES_MODULE_VERIFICATION,2026-09-21,CBE-JTM-0032,cbe-job-tool-capability-register.csv
MMTR-0359,CBE_PROFESSIONAL_DOMAIN,D01,Architecture & Design,F05;F13;F19;F23;F26;F27,D01,CBE-JP-004,Architectural technician,Design authoring / BIM / technical information,Solibri,Solibri,Technical drawings; detailing; schedules; coordination; document production,Drawings; details; schedules; issue sheets,Design; Construction,,DISCOVERY_SEED_REQUIRES_MODULE_VERIFICATION,2026-09-21,CBE-JTM-0033,cbe-job-tool-capability-register.csv
MMTR-0360,CBE_PROFESSIONAL_DOMAIN,D01,Architecture & Design,F05;F13;F19;F23;F26;F27,D01,CBE-JP-004,Architectural technician,Design authoring / BIM / technical information,Bluebeam,Bluebeam Revu,Technical drawings; detailing; schedules; coordination; document production,Drawings; details; schedules; issue sheets,Design; Construction,https://www.bluebeam.com/revu/,WEB_ANCHOR_VERIFIED,2026-09-21,CBE-JTM-0034,cbe-job-tool-capability-register.csv
MMTR-0361,CBE_PROFESSIONAL_DOMAIN,D01,Architecture & Design,F05;F13;F19;F23;F26;F27,D01,CBE-JP-004,Architectural technician,Design authoring / BIM / technical information,Autodesk,Autodesk Docs,Technical drawings; detailing; schedules; coordination; document production,Drawings; details; schedules; issue sheets,Design; Construction,,DISCOVERY_SEED_REQUIRES_MODULE_VERIFICATION,2026-09-21,CBE-JTM-0035,cbe-job-tool-capability-register.csv
MMTR-0362,CBE_PROFESSIONAL_DOMAIN,D01,Architecture & Design,F05;F13;F19;F23;F26;F27,D01,CBE-JP-004,Architectural technician,Design authoring / BIM / technical information,NBS,NBS Chorus,Technical drawings; detailing; schedules; coordination; document production,Drawings; details; schedules; issue sheets,Design; Construction,,DISCOVERY_SEED_REQUIRES_MODULE_VERIFICATION,2026-09-21,CBE-JTM-0036,cbe-job-tool-capability-register.csv
MMTR-0363,CBE_PROFESSIONAL_DOMAIN,D01,Architecture & Design,F05;F13;F19;F23;F26;F27,D01,CBE-JP-005,Architectural technologist,Design authoring / BIM / technical information,Autodesk,Autodesk Revit,Technical design management; detailing; compliance; specifications; coordination,Technical designs; specifications; schedules; compliance records,Design; Construction; Handover,https://www.autodesk.com/products/revit/overview,WEB_ANCHOR_VERIFIED,2026-09-21,CBE-JTM-0037,cbe-job-tool-capability-register.csv
MMTR-0364,CBE_PROFESSIONAL_DOMAIN,D01,Architecture & Design,F05;F13;F19;F23;F26;F27,D01,CBE-JP-005,Architectural technologist,Design authoring / BIM / technical information,Graphisoft,Graphisoft Archicad,Technical design management; detailing; compliance; specifications; coordination,Technical designs; specifications; schedules; compliance records,Design; Construction; Handover,,DISCOVERY_SEED_REQUIRES_MODULE_VERIFICATION,2026-09-21,CBE-JTM-0038,cbe-job-tool-capability-register.csv
MMTR-0365,CBE_PROFESSIONAL_DOMAIN,D01,Architecture & Design,F05;F13;F19;F23;F26;F27,D01,CBE-JP-005,Architectural technologist,Design authoring / BIM / technical information,Vectorworks,Vectorworks Architect,Technical design management; detailing; compliance; specifications; coordination,Technical designs; specifications; schedules; compliance records,Design; Construction; Handover,,DISCOVERY_SEED_REQUIRES_MODULE_VERIFICATION,2026-09-21,CBE-JTM-0039,cbe-job-tool-capability-register.csv
MMTR-0366,CBE_PROFESSIONAL_DOMAIN,D01,Architecture & Design,F05;F13;F19;F23;F26;F27,D01,CBE-JP-005,Architectural technologist,Design authoring / BIM / technical information,ALLPLAN,ALLPLAN,Technical design management; detailing; compliance; specifications; coordination,Technical designs; specifications; schedules; compliance records,Design; Construction; Handover,https://www.allplan.com/products/allplan/,WEB_ANCHOR_VERIFIED,2026-09-21,CBE-JTM-0040,cbe-job-tool-capability-register.csv
MMTR-0367,CBE_PROFESSIONAL_DOMAIN,D01,Architecture & Design,F05;F13;F19;F23;F26;F27,D01,CBE-JP-005,Architectural technologist,Design authoring / BIM / technical information,Autodesk,AutoCAD,Technical design management; detailing; compliance; specifications; coordination,Technical designs; specifications; schedules; compliance records,Design; Construction; Handover,,DISCOVERY_SEED_REQUIRES_MODULE_VERIFICATION,2026-09-21,CBE-JTM-0041,cbe-job-tool-capability-register.csv
MMTR-0368,CBE_PROFESSIONAL_DOMAIN,D01,Architecture & Design,F05;F13;F19;F23;F26;F27,D01,CBE-JP-005,Architectural technologist,Design authoring / BIM / technical information,Autodesk,Autodesk Navisworks,Technical design management; detailing; compliance; specifications; coordination,Technical designs; specifications; schedules; compliance records,Design; Construction; Handover,,DISCOVERY_SEED_REQUIRES_MODULE_VERIFICATION,2026-09-21,CBE-JTM-0042,cbe-job-tool-capability-register.csv
MMTR-0369,CBE_PROFESSIONAL_DOMAIN,D01,Architecture & Design,F05;F13;F19;F23;F26;F27,D01,CBE-JP-005,Architectural technologist,Design authoring / BIM / technical information,Solibri,Solibri,Technical design management; detailing; compliance; specifications; coordination,Technical designs; specifications; schedules; compliance records,Design; Construction; Handover,,DISCOVERY_SEED_REQUIRES_MODULE_VERIFICATION,2026-09-21,CBE-JTM-0043,cbe-job-tool-capability-register.csv
MMTR-0370,CBE_PROFESSIONAL_DOMAIN,D01,Architecture & Design,F05;F13;F19;F23;F26;F27,D01,CBE-JP-005,Architectural technologist,Design authoring / BIM / technical information,Bluebeam,Bluebeam Revu,Technical design management; detailing; compliance; specifications; coordination,Technical designs; specifications; schedules; compliance records,Design; Construction; Handover,https://www.bluebeam.com/revu/,WEB_ANCHOR_VERIFIED,2026-09-21,CBE-JTM-0044,cbe-job-tool-capability-register.csv
MMTR-0371,CBE_PROFESSIONAL_DOMAIN,D01,Architecture & Design,F05;F13;F19;F23;F26;F27,D01,CBE-JP-005,Architectural technologist,Design authoring / BIM / technical information,Autodesk,Autodesk Docs,Technical design management; detailing; compliance; specifications; coordination,Technical designs; specifications; schedules; compliance records,Design; Construction; Handover,,DISCOVERY_SEED_REQUIRES_MODULE_VERIFICATION,2026-09-21,CBE-JTM-0045,cbe-job-tool-capability-register.csv
MMTR-0372,CBE_PROFESSIONAL_DOMAIN,D01,Architecture & Design,F05;F13;F19;F23;F26;F27,D01,CBE-JP-005,Architectural technologist,Design authoring / BIM / technical information,Oracle,Oracle Aconex,Technical design management; detailing; compliance; specifications; coordination,Technical designs; specifications; schedules; compliance records,Design; Construction; Handover,https://www.oracle.com/construction-engineering/aconex/,WEB_ANCHOR_VERIFIED,2026-09-21,CBE-JTM-0046,cbe-job-tool-capability-register.csv
MMTR-0373,CBE_PROFESSIONAL_DOMAIN,D01,Architecture & Design,F05;F13;F19;F23;F26;F27,D01,CBE-JP-005,Architectural technologist,Design authoring / BIM / technical information,NBS,NBS Chorus,Technical design management; detailing; compliance; specifications; coordination,Technical designs; specifications; schedules; compliance records,Design; Construction; Handover,,DISCOVERY_SEED_REQUIRES_MODULE_VERIFICATION,2026-09-21,CBE-JTM-0047,cbe-job-tool-capability-register.csv
MMTR-0374,CBE_PROFESSIONAL_DOMAIN,D07,Building Trades,F09;F10;F12;F13;F23;F26;F27,D07,CBE-JP-006,Bricklayer,Trade field execution / estimating / evidence,Procore,Procore,Job planning; setting out; masonry works; materials; progress; quality checks,Work orders; material usage; photos; quality records,Construction,https://www.procore.com/,WEB_ANCHOR_VERIFIED,2026-09-21,CBE-JTM-0048,cbe-job-tool-capability-register.csv
MMTR-0375,CBE_PROFESSIONAL_DOMAIN,D07,Building Trades,F09;F10;F12;F13;F23;F26;F27,D07,CBE-JP-006,Bricklayer,Trade field execution / estimating / evidence,Autodesk,Autodesk Build,Job planning; setting out; masonry works; materials; progress; quality checks,Work orders; material usage; photos; quality records,Construction,https://construction.autodesk.com/products/autodesk-build/,WEB_ANCHOR_VERIFIED,2026-09-21,CBE-JTM-0049,cbe-job-tool-capability-register.csv
MMTR-0376,CBE_PROFESSIONAL_DOMAIN,D07,Building Trades,F09;F10;F12;F13;F23;F26;F27,D07,CBE-JP-006,Bricklayer,Trade field execution / estimating / evidence,Dalux,Dalux Field,Job planning; setting out; masonry works; materials; progress; quality checks,Work orders; material usage; photos; quality records,Construction,,DISCOVERY_SEED_REQUIRES_MODULE_VERIFICATION,2026-09-21,CBE-JTM-0050,cbe-job-tool-capability-register.csv
MMTR-0377,CBE_PROFESSIONAL_DOMAIN,D07,Building Trades,F09;F10;F12;F13;F23;F26;F27,D07,CBE-JP-006,Bricklayer,Trade field execution / estimating / evidence,SafetyCulture,SafetyCulture,Job planning; setting out; masonry works; materials; progress; quality checks,Work orders; material usage; photos; quality records,Construction,,DISCOVERY_SEED_REQUIRES_MODULE_VERIFICATION,2026-09-21,CBE-JTM-0051,cbe-job-tool-capability-register.csv
MMTR-0378,CBE_PROFESSIONAL_DOMAIN,D07,Building Trades,F09;F10;F12;F13;F23;F26;F27,D07,CBE-JP-006,Bricklayer,Trade field execution / estimating / evidence,Tradify,Tradify,Job planning; setting out; masonry works; materials; progress; quality checks,Work orders; material usage; photos; quality records,Construction,,DISCOVERY_SEED_REQUIRES_MODULE_VERIFICATION,2026-09-21,CBE-JTM-0052,cbe-job-tool-capability-register.csv
MMTR-0379,CBE_PROFESSIONAL_DOMAIN,D07,Building Trades,F09;F10;F12;F13;F23;F26;F27,D07,CBE-JP-006,Bricklayer,Trade field execution / estimating / evidence,Fergus,Fergus,Job planning; setting out; masonry works; materials; progress; quality checks,Work orders; material usage; photos; quality records,Construction,,DISCOVERY_SEED_REQUIRES_MODULE_VERIFICATION,2026-09-21,CBE-JTM-0053,cbe-job-tool-capability-register.csv
MMTR-0380,CBE_PROFESSIONAL_DOMAIN,D07,Building Trades,F09;F10;F12;F13;F23;F26;F27,D07,CBE-JP-006,Bricklayer,Trade field execution / estimating / evidence,BigChange,BigChange,Job planning; setting out; masonry works; materials; progress; quality checks,Work orders; material usage; photos; quality records,Construction,,DISCOVERY_SEED_REQUIRES_MODULE_VERIFICATION,2026-09-21,CBE-JTM-0054,cbe-job-tool-capability-register.csv
MMTR-0381,CBE_PROFESSIONAL_DOMAIN,D14,Supply Chain & Manufacturing,F07;F09;F10;F11;F13;F14;F26;F27,D14,CBE-JP-007,Builders' merchant,Supply / fabrication / manufacturing,Epicor,Epicor BisTrack,Catalogue; stock; quotations; orders; trade accounts; deliveries; returns,Products; stock; quotes; sales orders; delivery notes; invoices,Procurement; Supply,,DISCOVERY_SEED_REQUIRES_MODULE_VERIFICATION,2026-09-21,CBE-JTM-0055,cbe-job-tool-capability-register.csv
MMTR-0382,CBE_PROFESSIONAL_DOMAIN,D14,Supply Chain & Manufacturing,F07;F09;F10;F11;F13;F14;F26;F27,D14,CBE-JP-007,Builders' merchant,Supply / fabrication / manufacturing,Kerridge Commercial Systems,Kerridge Commercial Systems K8,Catalogue; stock; quotations; orders; trade accounts; deliveries; returns,Products; stock; quotes; sales orders; delivery notes; invoices,Procurement; Supply,,DISCOVERY_SEED_REQUIRES_MODULE_VERIFICATION,2026-09-21,CBE-JTM-0056,cbe-job-tool-capability-register.csv
MMTR-0383,CBE_PROFESSIONAL_DOMAIN,D14,Supply Chain & Manufacturing,F07;F09;F10;F11;F13;F14;F26;F27,D14,CBE-JP-007,Builders' merchant,Supply / fabrication / manufacturing,Sage,Sage 200,Catalogue; stock; quotations; orders; trade accounts; deliveries; returns,Products; stock; quotes; sales orders; delivery notes; invoices,Procurement; Supply,,DISCOVERY_SEED_REQUIRES_MODULE_VERIFICATION,2026-09-21,CBE-JTM-0057,cbe-job-tool-capability-register.csv
MMTR-0384,CBE_PROFESSIONAL_DOMAIN,D14,Supply Chain & Manufacturing,F07;F09;F10;F11;F13;F14;F26;F27,D14,CBE-JP-007,Builders' merchant,Supply / fabrication / manufacturing,Microsoft,Microsoft Dynamics 365 Business Central,Catalogue; stock; quotations; orders; trade accounts; deliveries; returns,Products; stock; quotes; sales orders; delivery notes; invoices,Procurement; Supply,,DISCOVERY_SEED_REQUIRES_MODULE_VERIFICATION,2026-09-21,CBE-JTM-0058,cbe-job-tool-capability-register.csv
MMTR-0385,CBE_PROFESSIONAL_DOMAIN,D14,Supply Chain & Manufacturing,F07;F09;F10;F11;F13;F14;F26;F27,D14,CBE-JP-007,Builders' merchant,Supply / fabrication / manufacturing,Oracle,Oracle NetSuite,Catalogue; stock; quotations; orders; trade accounts; deliveries; returns,Products; stock; quotes; sales orders; delivery notes; invoices,Procurement; Supply,,DISCOVERY_SEED_REQUIRES_MODULE_VERIFICATION,2026-09-21,CBE-JTM-0059,cbe-job-tool-capability-register.csv
MMTR-0386,CBE_PROFESSIONAL_DOMAIN,D14,Supply Chain & Manufacturing,F07;F09;F10;F11;F13;F14;F26;F27,D14,CBE-JP-007,Builders' merchant,Supply / fabrication / manufacturing,Phocas,Phocas,Catalogue; stock; quotations; orders; trade accounts; deliveries; returns,Products; stock; quotes; sales orders; delivery notes; invoices,Procurement; Supply,,DISCOVERY_SEED_REQUIRES_MODULE_VERIFICATION,2026-09-21,CBE-JTM-0060,cbe-job-tool-capability-register.csv
MMTR-0387,CBE_PROFESSIONAL_DOMAIN,D15,"Regulation, Inspection & Compliance",F13;F19;F20;F23;F26;F27,D15,CBE-JP-008,Building control officer,Regulatory case management / inspection,Idox,Idox Cloud,Applications; plan assessment; inspections; evidence; defects; decisions,Applications; inspection records; notices; decisions; certificates,Design; Construction; Completion,https://www.idoxgroup.com/solutions/regulatory-services/idox-cloud/,WEB_ANCHOR_VERIFIED,2026-09-21,CBE-JTM-0061,cbe-job-tool-capability-register.csv
MMTR-0388,CBE_PROFESSIONAL_DOMAIN,D15,"Regulation, Inspection & Compliance",F13;F19;F20;F23;F26;F27,D15,CBE-JP-008,Building control officer,Regulatory case management / inspection,Idox,Idox Uniform,Applications; plan assessment; inspections; evidence; defects; decisions,Applications; inspection records; notices; decisions; certificates,Design; Construction; Completion,https://www.idoxgroup.com/solutions/regulatory-services/,WEB_ANCHOR_VERIFIED,2026-09-21,CBE-JTM-0062,cbe-job-tool-capability-register.csv
MMTR-0389,CBE_PROFESSIONAL_DOMAIN,D15,"Regulation, Inspection & Compliance",F13;F19;F20;F23;F26;F27,D15,CBE-JP-008,Building control officer,Regulatory case management / inspection,Bluebeam,Bluebeam Revu,Applications; plan assessment; inspections; evidence; defects; decisions,Applications; inspection records; notices; decisions; certificates,Design; Construction; Completion,https://www.bluebeam.com/revu/,WEB_ANCHOR_VERIFIED,2026-09-21,CBE-JTM-0063,cbe-job-tool-capability-register.csv
MMTR-0390,CBE_PROFESSIONAL_DOMAIN,D15,"Regulation, Inspection & Compliance",F13;F19;F20;F23;F26;F27,D15,CBE-JP-008,Building control officer,Regulatory case management / inspection,Esri,ArcGIS Field Maps,Applications; plan assessment; inspections; evidence; defects; decisions,Applications; inspection records; notices; decisions; certificates,Design; Construction; Completion,,DISCOVERY_SEED_REQUIRES_MODULE_VERIFICATION,2026-09-21,CBE-JTM-0064,cbe-job-tool-capability-register.csv
MMTR-0391,CBE_PROFESSIONAL_DOMAIN,D15,"Regulation, Inspection & Compliance",F13;F19;F20;F23;F26;F27,D15,CBE-JP-008,Building control officer,Regulatory case management / inspection,PlanRadar,PlanRadar,Applications; plan assessment; inspections; evidence; defects; decisions,Applications; inspection records; notices; decisions; certificates,Design; Construction; Completion,,DISCOVERY_SEED_REQUIRES_MODULE_VERIFICATION,2026-09-21,CBE-JTM-0065,cbe-job-tool-capability-register.csv
MMTR-0392,CBE_PROFESSIONAL_DOMAIN,D15,"Regulation, Inspection & Compliance",F13;F19;F20;F23;F26;F27,D15,CBE-JP-008,Building control officer,Regulatory case management / inspection,Microsoft,Microsoft Power BI,Applications; plan assessment; inspections; evidence; defects; decisions,Applications; inspection records; notices; decisions; certificates,Design; Construction; Completion,,DISCOVERY_SEED_REQUIRES_MODULE_VERIFICATION,2026-09-21,CBE-JTM-0066,cbe-job-tool-capability-register.csv
MMTR-0393,CBE_PROFESSIONAL_DOMAIN,D02,Engineering & Technical Design,F05;F13;F19;F23;F26;F27,D02,CBE-JP-009,Building services engineer,Engineering analysis / design / technical information,Autodesk,Autodesk Revit,MEP design; calculations; equipment schedules; coordination; commissioning requirements,Designs; calculations; specifications; equipment schedules,Design; Construction; Commissioning,https://www.autodesk.com/products/revit/overview,WEB_ANCHOR_VERIFIED,2026-09-21,CBE-JTM-0067,cbe-job-tool-capability-register.csv
MMTR-0394,CBE_PROFESSIONAL_DOMAIN,D02,Engineering & Technical Design,F05;F13;F19;F23;F26;F27,D02,CBE-JP-009,Building services engineer,Engineering analysis / design / technical information,MagiCAD Group,MagiCAD,MEP design; calculations; equipment schedules; coordination; commissioning requirements,Designs; calculations; specifications; equipment schedules,Design; Construction; Commissioning,,DISCOVERY_SEED_REQUIRES_MODULE_VERIFICATION,2026-09-21,CBE-JTM-0068,cbe-job-tool-capability-register.csv
MMTR-0395,CBE_PROFESSIONAL_DOMAIN,D02,Engineering & Technical Design,F05;F13;F19;F23;F26;F27,D02,CBE-JP-009,Building services engineer,Engineering analysis / design / technical information,IES,IES VE 2026,MEP design; calculations; equipment schedules; coordination; commissioning requirements,Designs; calculations; specifications; equipment schedules,Design; Construction; Commissioning,https://www.iesve.com/ve2026,WEB_ANCHOR_VERIFIED,2026-09-21,CBE-JTM-0069,cbe-job-tool-capability-register.csv
MMTR-0396,CBE_PROFESSIONAL_DOMAIN,D02,Engineering & Technical Design,F05;F13;F19;F23;F26;F27,D02,CBE-JP-009,Building services engineer,Engineering analysis / design / technical information,DesignBuilder Software,DesignBuilder,MEP design; calculations; equipment schedules; coordination; commissioning requirements,Designs; calculations; specifications; equipment schedules,Design; Construction; Commissioning,,DISCOVERY_SEED_REQUIRES_MODULE_VERIFICATION,2026-09-21,CBE-JTM-0070,cbe-job-tool-capability-register.csv
MMTR-0397,CBE_PROFESSIONAL_DOMAIN,D02,Engineering & Technical Design,F05;F13;F19;F23;F26;F27,D02,CBE-JP-009,Building services engineer,Engineering analysis / design / technical information,Trimble,Trimble ProDesign,MEP design; calculations; equipment schedules; coordination; commissioning requirements,Designs; calculations; specifications; equipment schedules,Design; Construction; Commissioning,,DISCOVERY_SEED_REQUIRES_MODULE_VERIFICATION,2026-09-21,CBE-JTM-0071,cbe-job-tool-capability-register.csv
MMTR-0398,CBE_PROFESSIONAL_DOMAIN,D02,Engineering & Technical Design,F05;F13;F19;F23;F26;F27,D02,CBE-JP-009,Building services engineer,Engineering analysis / design / technical information,DIAL,DIALux evo,MEP design; calculations; equipment schedules; coordination; commissioning requirements,Designs; calculations; specifications; equipment schedules,Design; Construction; Commissioning,,DISCOVERY_SEED_REQUIRES_MODULE_VERIFICATION,2026-09-21,CBE-JTM-0072,cbe-job-tool-capability-register.csv
MMTR-0399,CBE_PROFESSIONAL_DOMAIN,D02,Engineering & Technical Design,F05;F13;F19;F23;F26;F27,D02,CBE-JP-009,Building services engineer,Engineering analysis / design / technical information,Autodesk,Autodesk Navisworks,MEP design; calculations; equipment schedules; coordination; commissioning requirements,Designs; calculations; specifications; equipment schedules,Design; Construction; Commissioning,,DISCOVERY_SEED_REQUIRES_MODULE_VERIFICATION,2026-09-21,CBE-JTM-0073,cbe-job-tool-capability-register.csv
MMTR-0400,CBE_PROFESSIONAL_DOMAIN,D02,Engineering & Technical Design,F05;F13;F19;F23;F26;F27,D02,CBE-JP-009,Building services engineer,Engineering analysis / design / technical information,Solibri,Solibri,MEP design; calculations; equipment schedules; coordination; commissioning requirements,Designs; calculations; specifications; equipment schedules,Design; Construction; Commissioning,,DISCOVERY_SEED_REQUIRES_MODULE_VERIFICATION,2026-09-21,CBE-JTM-0074,cbe-job-tool-capability-register.csv
MMTR-0401,CBE_PROFESSIONAL_DOMAIN,D02,Engineering & Technical Design,F05;F13;F19;F23;F26;F27,D02,CBE-JP-009,Building services engineer,Engineering analysis / design / technical information,Autodesk,Autodesk Docs,MEP design; calculations; equipment schedules; coordination; commissioning requirements,Designs; calculations; specifications; equipment schedules,Design; Construction; Commissioning,,DISCOVERY_SEED_REQUIRES_MODULE_VERIFICATION,2026-09-21,CBE-JTM-0075,cbe-job-tool-capability-register.csv
MMTR-0402,CBE_PROFESSIONAL_DOMAIN,D03,"Surveying, Property & Land",F05;F07;F14;F19;F22;F26;F27,D03,CBE-JP-010,Building surveyor,Survey / property / valuation / evidence,GoReport,GoReport,Condition surveys; defects; schedules; project advice; dilapidations; maintenance planning,Survey reports; defect schedules; photos; scopes; certificates,Survey; Design; Construction; Operations,,DISCOVERY_SEED_REQUIRES_MODULE_VERIFICATION,2026-09-21,CBE-JTM-0076,cbe-job-tool-capability-register.csv
MMTR-0403,CBE_PROFESSIONAL_DOMAIN,D03,"Surveying, Property & Land",F05;F07;F14;F19;F22;F26;F27,D03,CBE-JP-010,Building surveyor,Survey / property / valuation / evidence,PlanRadar,PlanRadar,Condition surveys; defects; schedules; project advice; dilapidations; maintenance planning,Survey reports; defect schedules; photos; scopes; certificates,Survey; Design; Construction; Operations,,DISCOVERY_SEED_REQUIRES_MODULE_VERIFICATION,2026-09-21,CBE-JTM-0077,cbe-job-tool-capability-register.csv
MMTR-0404,CBE_PROFESSIONAL_DOMAIN,D03,"Surveying, Property & Land",F05;F07;F14;F19;F22;F26;F27,D03,CBE-JP-010,Building surveyor,Survey / property / valuation / evidence,Bluebeam,Bluebeam Revu,Condition surveys; defects; schedules; project advice; dilapidations; maintenance planning,Survey reports; defect schedules; photos; scopes; certificates,Survey; Design; Construction; Operations,https://www.bluebeam.com/revu/,WEB_ANCHOR_VERIFIED,2026-09-21,CBE-JTM-0078,cbe-job-tool-capability-register.csv
MMTR-0405,CBE_PROFESSIONAL_DOMAIN,D03,"Surveying, Property & Land",F05;F07;F14;F19;F22;F26;F27,D03,CBE-JP-010,Building surveyor,Survey / property / valuation / evidence,Matterport,Matterport,Condition surveys; defects; schedules; project advice; dilapidations; maintenance planning,Survey reports; defect schedules; photos; scopes; certificates,Survey; Design; Construction; Operations,,DISCOVERY_SEED_REQUIRES_MODULE_VERIFICATION,2026-09-21,CBE-JTM-0079,cbe-job-tool-capability-register.csv
MMTR-0406,CBE_PROFESSIONAL_DOMAIN,D03,"Surveying, Property & Land",F05;F07;F14;F19;F22;F26;F27,D03,CBE-JP-010,Building surveyor,Survey / property / valuation / evidence,Autodesk,Autodesk ReCap Pro,Condition surveys; defects; schedules; project advice; dilapidations; maintenance planning,Survey reports; defect schedules; photos; scopes; certificates,Survey; Design; Construction; Operations,,DISCOVERY_SEED_REQUIRES_MODULE_VERIFICATION,2026-09-21,CBE-JTM-0080,cbe-job-tool-capability-register.csv
MMTR-0407,CBE_PROFESSIONAL_DOMAIN,D03,"Surveying, Property & Land",F05;F07;F14;F19;F22;F26;F27,D03,CBE-JP-010,Building surveyor,Survey / property / valuation / evidence,Esri,ArcGIS Field Maps,Condition surveys; defects; schedules; project advice; dilapidations; maintenance planning,Survey reports; defect schedules; photos; scopes; certificates,Survey; Design; Construction; Operations,,DISCOVERY_SEED_REQUIRES_MODULE_VERIFICATION,2026-09-21,CBE-JTM-0081,cbe-job-tool-capability-register.csv
MMTR-0408,CBE_PROFESSIONAL_DOMAIN,D03,"Surveying, Property & Land",F05;F07;F14;F19;F22;F26;F27,D03,CBE-JP-010,Building surveyor,Survey / property / valuation / evidence,Autodesk,AutoCAD,Condition surveys; defects; schedules; project advice; dilapidations; maintenance planning,Survey reports; defect schedules; photos; scopes; certificates,Survey; Design; Construction; Operations,,DISCOVERY_SEED_REQUIRES_MODULE_VERIFICATION,2026-09-21,CBE-JTM-0082,cbe-job-tool-capability-register.csv
MMTR-0409,CBE_PROFESSIONAL_DOMAIN,D03,"Surveying, Property & Land",F05;F07;F14;F19;F22;F26;F27,D03,CBE-JP-010,Building surveyor,Survey / property / valuation / evidence,Microsoft,Microsoft Power BI,Condition surveys; defects; schedules; project advice; dilapidations; maintenance planning,Survey reports; defect schedules; photos; scopes; certificates,Survey; Design; Construction; Operations,,DISCOVERY_SEED_REQUIRES_MODULE_VERIFICATION,2026-09-21,CBE-JTM-0083,cbe-job-tool-capability-register.csv
MMTR-0410,CBE_PROFESSIONAL_DOMAIN,D02,Engineering & Technical Design,F05;F13;F19;F23;F26;F27,D02,CBE-JP-011,Building technician,Engineering analysis / design / technical information,Autodesk,AutoCAD,Technical support; drawings; surveys; records; project coordination,Drawings; survey data; schedules; reports,Design; Construction,,DISCOVERY_SEED_REQUIRES_MODULE_VERIFICATION,2026-09-21,CBE-JTM-0084,cbe-job-tool-capability-register.csv
MMTR-0411,CBE_PROFESSIONAL_DOMAIN,D02,Engineering & Technical Design,F05;F13;F19;F23;F26;F27,D02,CBE-JP-011,Building technician,Engineering analysis / design / technical information,Autodesk,Autodesk Revit,Technical support; drawings; surveys; records; project coordination,Drawings; survey data; schedules; reports,Design; Construction,https://www.autodesk.com/products/revit/overview,WEB_ANCHOR_VERIFIED,2026-09-21,CBE-JTM-0085,cbe-job-tool-capability-register.csv
MMTR-0412,CBE_PROFESSIONAL_DOMAIN,D02,Engineering & Technical Design,F05;F13;F19;F23;F26;F27,D02,CBE-JP-011,Building technician,Engineering analysis / design / technical information,Bluebeam,Bluebeam Revu,Technical support; drawings; surveys; records; project coordination,Drawings; survey data; schedules; reports,Design; Construction,https://www.bluebeam.com/revu/,WEB_ANCHOR_VERIFIED,2026-09-21,CBE-JTM-0086,cbe-job-tool-capability-register.csv
MMTR-0413,CBE_PROFESSIONAL_DOMAIN,D02,Engineering & Technical Design,F05;F13;F19;F23;F26;F27,D02,CBE-JP-011,Building technician,Engineering analysis / design / technical information,Autodesk,Autodesk Docs,Technical support; drawings; surveys; records; project coordination,Drawings; survey data; schedules; reports,Design; Construction,,DISCOVERY_SEED_REQUIRES_MODULE_VERIFICATION,2026-09-21,CBE-JTM-0087,cbe-job-tool-capability-register.csv
MMTR-0414,CBE_PROFESSIONAL_DOMAIN,D02,Engineering & Technical Design,F05;F13;F19;F23;F26;F27,D02,CBE-JP-011,Building technician,Engineering analysis / design / technical information,Autodesk,Autodesk Navisworks,Technical support; drawings; surveys; records; project coordination,Drawings; survey data; schedules; reports,Design; Construction,,DISCOVERY_SEED_REQUIRES_MODULE_VERIFICATION,2026-09-21,CBE-JTM-0088,cbe-job-tool-capability-register.csv
MMTR-0415,CBE_PROFESSIONAL_DOMAIN,D02,Engineering & Technical Design,F05;F13;F19;F23;F26;F27,D02,CBE-JP-011,Building technician,Engineering analysis / design / technical information,PlanRadar,PlanRadar,Technical support; drawings; surveys; records; project coordination,Drawings; survey data; schedules; reports,Design; Construction,,DISCOVERY_SEED_REQUIRES_MODULE_VERIFICATION,2026-09-21,CBE-JTM-0089,cbe-job-tool-capability-register.csv
MMTR-0416,CBE_PROFESSIONAL_DOMAIN,D10,"Facilities, Property & Asset Operations",F08;F09;F12;F13;F14;F22;F23;F26;F27,D10,CBE-JP-012,Caretaker,Facilities / asset / maintenance operations,Planon,Planon IWMS,Inspections; reactive tasks; access; cleaning/maintenance coordination; incident reporting,Work orders; checks; logs; incident records,Operations,,DISCOVERY_SEED_REQUIRES_MODULE_VERIFICATION,2026-09-21,CBE-JTM-0090,cbe-job-tool-capability-register.csv
MMTR-0417,CBE_PROFESSIONAL_DOMAIN,D10,"Facilities, Property & Asset Operations",F08;F09;F12;F13;F14;F22;F23;F26;F27,D10,CBE-JP-012,Caretaker,Facilities / asset / maintenance operations,IBM,IBM Maximo Application Suite,Inspections; reactive tasks; access; cleaning/maintenance coordination; incident reporting,Work orders; checks; logs; incident records,Operations,,DISCOVERY_SEED_REQUIRES_MODULE_VERIFICATION,2026-09-21,CBE-JTM-0091,cbe-job-tool-capability-register.csv
MMTR-0418,CBE_PROFESSIONAL_DOMAIN,D10,"Facilities, Property & Asset Operations",F08;F09;F12;F13;F14;F22;F23;F26;F27,D10,CBE-JP-012,Caretaker,Facilities / asset / maintenance operations,Eptura,Eptura / Archibus,Inspections; reactive tasks; access; cleaning/maintenance coordination; incident reporting,Work orders; checks; logs; incident records,Operations,,DISCOVERY_SEED_REQUIRES_MODULE_VERIFICATION,2026-09-21,CBE-JTM-0092,cbe-job-tool-capability-register.csv
MMTR-0419,CBE_PROFESSIONAL_DOMAIN,D10,"Facilities, Property & Asset Operations",F08;F09;F12;F13;F14;F22;F23;F26;F27,D10,CBE-JP-012,Caretaker,Facilities / asset / maintenance operations,MRI Software,MRI Facilities Management,Inspections; reactive tasks; access; cleaning/maintenance coordination; incident reporting,Work orders; checks; logs; incident records,Operations,,DISCOVERY_SEED_REQUIRES_MODULE_VERIFICATION,2026-09-21,CBE-JTM-0093,cbe-job-tool-capability-register.csv
MMTR-0420,CBE_PROFESSIONAL_DOMAIN,D10,"Facilities, Property & Asset Operations",F08;F09;F12;F13;F14;F22;F23;F26;F27,D10,CBE-JP-012,Caretaker,Facilities / asset / maintenance operations,ServiceNow,ServiceNow Field Service Management,Inspections; reactive tasks; access; cleaning/maintenance coordination; incident reporting,Work orders; checks; logs; incident records,Operations,,DISCOVERY_SEED_REQUIRES_MODULE_VERIFICATION,2026-09-21,CBE-JTM-0094,cbe-job-tool-capability-register.csv
MMTR-0421,CBE_PROFESSIONAL_DOMAIN,D10,"Facilities, Property & Asset Operations",F08;F09;F12;F13;F14;F22;F23;F26;F27,D10,CBE-JP-012,Caretaker,Facilities / asset / maintenance operations,SafetyCulture,SafetyCulture,Inspections; reactive tasks; access; cleaning/maintenance coordination; incident reporting,Work orders; checks; logs; incident records,Operations,,DISCOVERY_SEED_REQUIRES_MODULE_VERIFICATION,2026-09-21,CBE-JTM-0095,cbe-job-tool-capability-register.csv
MMTR-0422,CBE_PROFESSIONAL_DOMAIN,D07,Building Trades,F09;F10;F12;F13;F23;F26;F27,D07,CBE-JP-013,Carpenter,Trade field execution / estimating / evidence,Tradify,Tradify,Job planning; setting out; fabrication; installation; materials; quality,Work orders; cut lists; material usage; photos,Construction,,DISCOVERY_SEED_REQUIRES_MODULE_VERIFICATION,2026-09-21,CBE-JTM-0096,cbe-job-tool-capability-register.csv
MMTR-0423,CBE_PROFESSIONAL_DOMAIN,D07,Building Trades,F09;F10;F12;F13;F23;F26;F27,D07,CBE-JP-013,Carpenter,Trade field execution / estimating / evidence,Fergus,Fergus,Job planning; setting out; fabrication; installation; materials; quality,Work orders; cut lists; material usage; photos,Construction,,DISCOVERY_SEED_REQUIRES_MODULE_VERIFICATION,2026-09-21,CBE-JTM-0097,cbe-job-tool-capability-register.csv
MMTR-0424,CBE_PROFESSIONAL_DOMAIN,D07,Building Trades,F09;F10;F12;F13;F23;F26;F27,D07,CBE-JP-013,Carpenter,Trade field execution / estimating / evidence,ServiceM8,ServiceM8,Job planning; setting out; fabrication; installation; materials; quality,Work orders; cut lists; material usage; photos,Construction,,DISCOVERY_SEED_REQUIRES_MODULE_VERIFICATION,2026-09-21,CBE-JTM-0098,cbe-job-tool-capability-register.csv
MMTR-0425,CBE_PROFESSIONAL_DOMAIN,D07,Building Trades,F09;F10;F12;F13;F23;F26;F27,D07,CBE-JP-013,Carpenter,Trade field execution / estimating / evidence,BigChange,BigChange,Job planning; setting out; fabrication; installation; materials; quality,Work orders; cut lists; material usage; photos,Construction,,DISCOVERY_SEED_REQUIRES_MODULE_VERIFICATION,2026-09-21,CBE-JTM-0099,cbe-job-tool-capability-register.csv
MMTR-0426,CBE_PROFESSIONAL_DOMAIN,D07,Building Trades,F09;F10;F12;F13;F23;F26;F27,D07,CBE-JP-013,Carpenter,Trade field execution / estimating / evidence,Trimble,SketchUp,Job planning; setting out; fabrication; installation; materials; quality,Work orders; cut lists; material usage; photos,Construction,,DISCOVERY_SEED_REQUIRES_MODULE_VERIFICATION,2026-09-21,CBE-JTM-0100,cbe-job-tool-capability-register.csv
MMTR-0427,CBE_PROFESSIONAL_DOMAIN,D07,Building Trades,F09;F10;F12;F13;F23;F26;F27,D07,CBE-JP-013,Carpenter,Trade field execution / estimating / evidence,Autodesk,AutoCAD,Job planning; setting out; fabrication; installation; materials; quality,Work orders; cut lists; material usage; photos,Construction,,DISCOVERY_SEED_REQUIRES_MODULE_VERIFICATION,2026-09-21,CBE-JTM-0101,cbe-job-tool-capability-register.csv
MMTR-0428,CBE_PROFESSIONAL_DOMAIN,D07,Building Trades,F09;F10;F12;F13;F23;F26;F27,D07,CBE-JP-013,Carpenter,Trade field execution / estimating / evidence,Procore,Procore,Job planning; setting out; fabrication; installation; materials; quality,Work orders; cut lists; material usage; photos,Construction,https://www.procore.com/,WEB_ANCHOR_VERIFIED,2026-09-21,CBE-JTM-0102,cbe-job-tool-capability-register.csv
MMTR-0429,CBE_PROFESSIONAL_DOMAIN,D07,Building Trades,F09;F10;F12;F13;F23;F26;F27,D07,CBE-JP-013,Carpenter,Trade field execution / estimating / evidence,Autodesk,Autodesk Build,Job planning; setting out; fabrication; installation; materials; quality,Work orders; cut lists; material usage; photos,Construction,https://construction.autodesk.com/products/autodesk-build/,WEB_ANCHOR_VERIFIED,2026-09-21,CBE-JTM-0103,cbe-job-tool-capability-register.csv
MMTR-0430,CBE_PROFESSIONAL_DOMAIN,D07,Building Trades,F09;F10;F12;F13;F23;F26;F27,D07,CBE-JP-014,Carpet fitter and floor layer,Trade field execution / estimating / evidence,Measure Square,MeasureSquare,Site measure; product selection; preparation; installation; snagging,Measurements; material schedules; work orders; completion records,Fit-out,,DISCOVERY_SEED_REQUIRES_MODULE_VERIFICATION,2026-09-21,CBE-JTM-0104,cbe-job-tool-capability-register.csv
MMTR-0431,CBE_PROFESSIONAL_DOMAIN,D07,Building Trades,F09;F10;F12;F13;F23;F26;F27,D07,CBE-JP-014,Carpet fitter and floor layer,Trade field execution / estimating / evidence,RFMS,RFMS MeasureMobile,Site measure; product selection; preparation; installation; snagging,Measurements; material schedules; work orders; completion records,Fit-out,,DISCOVERY_SEED_REQUIRES_MODULE_VERIFICATION,2026-09-21,CBE-JTM-0105,cbe-job-tool-capability-register.csv
MMTR-0432,CBE_PROFESSIONAL_DOMAIN,D07,Building Trades,F09;F10;F12;F13;F23;F26;F27,D07,CBE-JP-014,Carpet fitter and floor layer,Trade field execution / estimating / evidence,Tradify,Tradify,Site measure; product selection; preparation; installation; snagging,Measurements; material schedules; work orders; completion records,Fit-out,,DISCOVERY_SEED_REQUIRES_MODULE_VERIFICATION,2026-09-21,CBE-JTM-0106,cbe-job-tool-capability-register.csv
MMTR-0433,CBE_PROFESSIONAL_DOMAIN,D07,Building Trades,F09;F10;F12;F13;F23;F26;F27,D07,CBE-JP-014,Carpet fitter and floor layer,Trade field execution / estimating / evidence,ServiceM8,ServiceM8,Site measure; product selection; preparation; installation; snagging,Measurements; material schedules; work orders; completion records,Fit-out,,DISCOVERY_SEED_REQUIRES_MODULE_VERIFICATION,2026-09-21,CBE-JTM-0107,cbe-job-tool-capability-register.csv
MMTR-0434,CBE_PROFESSIONAL_DOMAIN,D07,Building Trades,F09;F10;F12;F13;F23;F26;F27,D07,CBE-JP-014,Carpet fitter and floor layer,Trade field execution / estimating / evidence,Jobber,Jobber,Site measure; product selection; preparation; installation; snagging,Measurements; material schedules; work orders; completion records,Fit-out,,DISCOVERY_SEED_REQUIRES_MODULE_VERIFICATION,2026-09-21,CBE-JTM-0108,cbe-job-tool-capability-register.csv
MMTR-0435,CBE_PROFESSIONAL_DOMAIN,D07,Building Trades,F09;F10;F12;F13;F23;F26;F27,D07,CBE-JP-014,Carpet fitter and floor layer,Trade field execution / estimating / evidence,BigChange,BigChange,Site measure; product selection; preparation; installation; snagging,Measurements; material schedules; work orders; completion records,Fit-out,,DISCOVERY_SEED_REQUIRES_MODULE_VERIFICATION,2026-09-21,CBE-JTM-0109,cbe-job-tool-capability-register.csv
MMTR-0436,CBE_PROFESSIONAL_DOMAIN,D05,"Geospatial, Planning & Transport",F05;F17;F19;F22;F26;F27,D05,CBE-JP-015,Cartographer,GIS / planning / modelling / case management,Esri,Esri ArcGIS Pro,Spatial data management; map production; revisions; exports,Maps; datasets; layers; metadata,Survey; Planning; Design,,DISCOVERY_SEED_REQUIRES_MODULE_VERIFICATION,2026-09-21,CBE-JTM-0110,cbe-job-tool-capability-register.csv
MMTR-0437,CBE_PROFESSIONAL_DOMAIN,D05,"Geospatial, Planning & Transport",F05;F17;F19;F22;F26;F27,D05,CBE-JP-015,Cartographer,GIS / planning / modelling / case management,QGIS Project,QGIS,Spatial data management; map production; revisions; exports,Maps; datasets; layers; metadata,Survey; Planning; Design,,DISCOVERY_SEED_REQUIRES_MODULE_VERIFICATION,2026-09-21,CBE-JTM-0111,cbe-job-tool-capability-register.csv
MMTR-0438,CBE_PROFESSIONAL_DOMAIN,D05,"Geospatial, Planning & Transport",F05;F17;F19;F22;F26;F27,D05,CBE-JP-015,Cartographer,GIS / planning / modelling / case management,Precisely,Precisely MapInfo Pro,Spatial data management; map production; revisions; exports,Maps; datasets; layers; metadata,Survey; Planning; Design,,DISCOVERY_SEED_REQUIRES_MODULE_VERIFICATION,2026-09-21,CBE-JTM-0112,cbe-job-tool-capability-register.csv
MMTR-0439,CBE_PROFESSIONAL_DOMAIN,D05,"Geospatial, Planning & Transport",F05;F17;F19;F22;F26;F27,D05,CBE-JP-015,Cartographer,GIS / planning / modelling / case management,Safe Software,Safe Software FME,Spatial data management; map production; revisions; exports,Maps; datasets; layers; metadata,Survey; Planning; Design,,DISCOVERY_SEED_REQUIRES_MODULE_VERIFICATION,2026-09-21,CBE-JTM-0113,cbe-job-tool-capability-register.csv
MMTR-0440,CBE_PROFESSIONAL_DOMAIN,D05,"Geospatial, Planning & Transport",F05;F17;F19;F22;F26;F27,D05,CBE-JP-015,Cartographer,GIS / planning / modelling / case management,,Adobe Illustrator,Spatial data management; map production; revisions; exports,Maps; datasets; layers; metadata,Survey; Planning; Design,,DISCOVERY_SEED_REQUIRES_MODULE_VERIFICATION,2026-09-21,CBE-JTM-0114,cbe-job-tool-capability-register.csv
MMTR-0441,CBE_PROFESSIONAL_DOMAIN,D09,Energy & Building Performance,F05;F12;F13;F22;F23;F26;F27,D09,CBE-JP-016,Cavity insulation installer,Energy assessment / retrofit / field execution,Joblogic,Joblogic,Survey; suitability checks; installation; materials; photos; completion evidence,Survey records; installation records; certificates; photos,Retrofit; Completion,,DISCOVERY_SEED_REQUIRES_MODULE_VERIFICATION,2026-09-21,CBE-JTM-0115,cbe-job-tool-capability-register.csv
MMTR-0442,CBE_PROFESSIONAL_DOMAIN,D09,Energy & Building Performance,F05;F12;F13;F22;F23;F26;F27,D09,CBE-JP-016,Cavity insulation installer,Energy assessment / retrofit / field execution,simPRO,simPRO,Survey; suitability checks; installation; materials; photos; completion evidence,Survey records; installation records; certificates; photos,Retrofit; Completion,,DISCOVERY_SEED_REQUIRES_MODULE_VERIFICATION,2026-09-21,CBE-JTM-0116,cbe-job-tool-capability-register.csv
MMTR-0443,CBE_PROFESSIONAL_DOMAIN,D09,Energy & Building Performance,F05;F12;F13;F22;F23;F26;F27,D09,CBE-JP-016,Cavity insulation installer,Energy assessment / retrofit / field execution,BigChange,BigChange,Survey; suitability checks; installation; materials; photos; completion evidence,Survey records; installation records; certificates; photos,Retrofit; Completion,,DISCOVERY_SEED_REQUIRES_MODULE_VERIFICATION,2026-09-21,CBE-JTM-0117,cbe-job-tool-capability-register.csv
MMTR-0444,CBE_PROFESSIONAL_DOMAIN,D09,Energy & Building Performance,F05;F12;F13;F22;F23;F26;F27,D09,CBE-JP-016,Cavity insulation installer,Energy assessment / retrofit / field execution,Tradify,Tradify,Survey; suitability checks; installation; materials; photos; completion evidence,Survey records; installation records; certificates; photos,Retrofit; Completion,,DISCOVERY_SEED_REQUIRES_MODULE_VERIFICATION,2026-09-21,CBE-JTM-0118,cbe-job-tool-capability-register.csv
MMTR-0445,CBE_PROFESSIONAL_DOMAIN,D09,Energy & Building Performance,F05;F12;F13;F22;F23;F26;F27,D09,CBE-JP-016,Cavity insulation installer,Energy assessment / retrofit / field execution,SafetyCulture,SafetyCulture,Survey; suitability checks; installation; materials; photos; completion evidence,Survey records; installation records; certificates; photos,Retrofit; Completion,,DISCOVERY_SEED_REQUIRES_MODULE_VERIFICATION,2026-09-21,CBE-JTM-0119,cbe-job-tool-capability-register.csv
MMTR-0446,CBE_PROFESSIONAL_DOMAIN,D09,Energy & Building Performance,F05;F12;F13;F22;F23;F26;F27,D09,CBE-JP-016,Cavity insulation installer,Energy assessment / retrofit / field execution,PlanRadar,PlanRadar,Survey; suitability checks; installation; materials; photos; completion evidence,Survey records; installation records; certificates; photos,Retrofit; Completion,,DISCOVERY_SEED_REQUIRES_MODULE_VERIFICATION,2026-09-21,CBE-JTM-0120,cbe-job-tool-capability-register.csv
MMTR-0447,CBE_PROFESSIONAL_DOMAIN,D07,Building Trades,F09;F10;F12;F13;F23;F26;F27,D07,CBE-JP-017,Ceiling fixer,Trade field execution / estimating / evidence,Procore,Procore,Take-off; layout; installation; materials; progress; snagging,Work orders; material usage; photos; defects,Fit-out,https://www.procore.com/,WEB_ANCHOR_VERIFIED,2026-09-21,CBE-JTM-0121,cbe-job-tool-capability-register.csv
MMTR-0448,CBE_PROFESSIONAL_DOMAIN,D07,Building Trades,F09;F10;F12;F13;F23;F26;F27,D07,CBE-JP-017,Ceiling fixer,Trade field execution / estimating / evidence,Autodesk,Autodesk Build,Take-off; layout; installation; materials; progress; snagging,Work orders; material usage; photos; defects,Fit-out,https://construction.autodesk.com/products/autodesk-build/,WEB_ANCHOR_VERIFIED,2026-09-21,CBE-JTM-0122,cbe-job-tool-capability-register.csv
MMTR-0449,CBE_PROFESSIONAL_DOMAIN,D07,Building Trades,F09;F10;F12;F13;F23;F26;F27,D07,CBE-JP-017,Ceiling fixer,Trade field execution / estimating / evidence,Dalux,Dalux Field,Take-off; layout; installation; materials; progress; snagging,Work orders; material usage; photos; defects,Fit-out,,DISCOVERY_SEED_REQUIRES_MODULE_VERIFICATION,2026-09-21,CBE-JTM-0123,cbe-job-tool-capability-register.csv
MMTR-0450,CBE_PROFESSIONAL_DOMAIN,D07,Building Trades,F09;F10;F12;F13;F23;F26;F27,D07,CBE-JP-017,Ceiling fixer,Trade field execution / estimating / evidence,SafetyCulture,SafetyCulture,Take-off; layout; installation; materials; progress; snagging,Work orders; material usage; photos; defects,Fit-out,,DISCOVERY_SEED_REQUIRES_MODULE_VERIFICATION,2026-09-21,CBE-JTM-0124,cbe-job-tool-capability-register.csv
MMTR-0451,CBE_PROFESSIONAL_DOMAIN,D07,Building Trades,F09;F10;F12;F13;F23;F26;F27,D07,CBE-JP-017,Ceiling fixer,Trade field execution / estimating / evidence,Tradify,Tradify,Take-off; layout; installation; materials; progress; snagging,Work orders; material usage; photos; defects,Fit-out,,DISCOVERY_SEED_REQUIRES_MODULE_VERIFICATION,2026-09-21,CBE-JTM-0125,cbe-job-tool-capability-register.csv
MMTR-0452,CBE_PROFESSIONAL_DOMAIN,D07,Building Trades,F09;F10;F12;F13;F23;F26;F27,D07,CBE-JP-017,Ceiling fixer,Trade field execution / estimating / evidence,Fergus,Fergus,Take-off; layout; installation; materials; progress; snagging,Work orders; material usage; photos; defects,Fit-out,,DISCOVERY_SEED_REQUIRES_MODULE_VERIFICATION,2026-09-21,CBE-JTM-0126,cbe-job-tool-capability-register.csv
MMTR-0453,CBE_PROFESSIONAL_DOMAIN,D07,Building Trades,F09;F10;F12;F13;F23;F26;F27,D07,CBE-JP-017,Ceiling fixer,Trade field execution / estimating / evidence,Bluebeam,Bluebeam Revu,Take-off; layout; installation; materials; progress; snagging,Work orders; material usage; photos; defects,Fit-out,https://www.bluebeam.com/revu/,WEB_ANCHOR_VERIFIED,2026-09-21,CBE-JTM-0127,cbe-job-tool-capability-register.csv
MMTR-0454,CBE_PROFESSIONAL_DOMAIN,D02,Engineering & Technical Design,F05;F13;F19;F23;F26;F27,D02,CBE-JP-018,Civil engineer,Engineering analysis / design / technical information,Autodesk,Autodesk Civil 3D,Civil design; calculations; specifications; coordination; site queries; inspections,Designs; calculations; specifications; RFIs; inspection records,Feasibility; Design; Construction,https://www.autodesk.com/products/civil-3d/overview,WEB_ANCHOR_VERIFIED,2026-09-21,CBE-JTM-0128,cbe-job-tool-capability-register.csv
MMTR-0455,CBE_PROFESSIONAL_DOMAIN,D02,Engineering & Technical Design,F05;F13;F19;F23;F26;F27,D02,CBE-JP-018,Civil engineer,Engineering analysis / design / technical information,Bentley Systems,Bentley OpenRoads Designer,Civil design; calculations; specifications; coordination; site queries; inspections,Designs; calculations; specifications; RFIs; inspection records,Feasibility; Design; Construction,,DISCOVERY_SEED_REQUIRES_MODULE_VERIFICATION,2026-09-21,CBE-JTM-0129,cbe-job-tool-capability-register.csv
MMTR-0456,CBE_PROFESSIONAL_DOMAIN,D02,Engineering & Technical Design,F05;F13;F19;F23;F26;F27,D02,CBE-JP-018,Civil engineer,Engineering analysis / design / technical information,12d Synergy / 12d Solutions,12d Model,Civil design; calculations; specifications; coordination; site queries; inspections,Designs; calculations; specifications; RFIs; inspection records,Feasibility; Design; Construction,,DISCOVERY_SEED_REQUIRES_MODULE_VERIFICATION,2026-09-21,CBE-JTM-0130,cbe-job-tool-capability-register.csv
MMTR-0457,CBE_PROFESSIONAL_DOMAIN,D02,Engineering & Technical Design,F05;F13;F19;F23;F26;F27,D02,CBE-JP-018,Civil engineer,Engineering analysis / design / technical information,Bentley Systems,Bentley MicroStation,Civil design; calculations; specifications; coordination; site queries; inspections,Designs; calculations; specifications; RFIs; inspection records,Feasibility; Design; Construction,,DISCOVERY_SEED_REQUIRES_MODULE_VERIFICATION,2026-09-21,CBE-JTM-0131,cbe-job-tool-capability-register.csv
MMTR-0458,CBE_PROFESSIONAL_DOMAIN,D02,Engineering & Technical Design,F05;F13;F19;F23;F26;F27,D02,CBE-JP-018,Civil engineer,Engineering analysis / design / technical information,Autodesk,Autodesk InfraWorks,Civil design; calculations; specifications; coordination; site queries; inspections,Designs; calculations; specifications; RFIs; inspection records,Feasibility; Design; Construction,,DISCOVERY_SEED_REQUIRES_MODULE_VERIFICATION,2026-09-21,CBE-JTM-0132,cbe-job-tool-capability-register.csv
MMTR-0459,CBE_PROFESSIONAL_DOMAIN,D02,Engineering & Technical Design,F05;F13;F19;F23;F26;F27,D02,CBE-JP-018,Civil engineer,Engineering analysis / design / technical information,Trimble,Tekla Tedds,Civil design; calculations; specifications; coordination; site queries; inspections,Designs; calculations; specifications; RFIs; inspection records,Feasibility; Design; Construction,,DISCOVERY_SEED_REQUIRES_MODULE_VERIFICATION,2026-09-21,CBE-JTM-0133,cbe-job-tool-capability-register.csv
MMTR-0460,CBE_PROFESSIONAL_DOMAIN,D02,Engineering & Technical Design,F05;F13;F19;F23;F26;F27,D02,CBE-JP-018,Civil engineer,Engineering analysis / design / technical information,Autodesk,Autodesk Navisworks,Civil design; calculations; specifications; coordination; site queries; inspections,Designs; calculations; specifications; RFIs; inspection records,Feasibility; Design; Construction,,DISCOVERY_SEED_REQUIRES_MODULE_VERIFICATION,2026-09-21,CBE-JTM-0134,cbe-job-tool-capability-register.csv
MMTR-0461,CBE_PROFESSIONAL_DOMAIN,D02,Engineering & Technical Design,F05;F13;F19;F23;F26;F27,D02,CBE-JP-018,Civil engineer,Engineering analysis / design / technical information,Bentley Systems,Bentley ProjectWise,Civil design; calculations; specifications; coordination; site queries; inspections,Designs; calculations; specifications; RFIs; inspection records,Feasibility; Design; Construction,,DISCOVERY_SEED_REQUIRES_MODULE_VERIFICATION,2026-09-21,CBE-JTM-0135,cbe-job-tool-capability-register.csv
MMTR-0462,CBE_PROFESSIONAL_DOMAIN,D02,Engineering & Technical Design,F05;F13;F19;F23;F26;F27,D02,CBE-JP-018,Civil engineer,Engineering analysis / design / technical information,Bluebeam,Bluebeam Revu,Civil design; calculations; specifications; coordination; site queries; inspections,Designs; calculations; specifications; RFIs; inspection records,Feasibility; Design; Construction,https://www.bluebeam.com/revu/,WEB_ANCHOR_VERIFIED,2026-09-21,CBE-JTM-0136,cbe-job-tool-capability-register.csv
MMTR-0463,CBE_PROFESSIONAL_DOMAIN,D02,Engineering & Technical Design,F05;F13;F19;F23;F26;F27,D02,CBE-JP-019,Civil engineering technician,Engineering analysis / design / technical information,Autodesk,Autodesk Civil 3D,CAD/BIM support; surveys; calculations; drawings; records,Drawings; models; survey data; schedules,Design; Construction,https://www.autodesk.com/products/civil-3d/overview,WEB_ANCHOR_VERIFIED,2026-09-21,CBE-JTM-0137,cbe-job-tool-capability-register.csv
MMTR-0464,CBE_PROFESSIONAL_DOMAIN,D02,Engineering & Technical Design,F05;F13;F19;F23;F26;F27,D02,CBE-JP-019,Civil engineering technician,Engineering analysis / design / technical information,Bentley Systems,Bentley OpenRoads Designer,CAD/BIM support; surveys; calculations; drawings; records,Drawings; models; survey data; schedules,Design; Construction,,DISCOVERY_SEED_REQUIRES_MODULE_VERIFICATION,2026-09-21,CBE-JTM-0138,cbe-job-tool-capability-register.csv
MMTR-0465,CBE_PROFESSIONAL_DOMAIN,D02,Engineering & Technical Design,F05;F13;F19;F23;F26;F27,D02,CBE-JP-019,Civil engineering technician,Engineering analysis / design / technical information,Autodesk,AutoCAD,CAD/BIM support; surveys; calculations; drawings; records,Drawings; models; survey data; schedules,Design; Construction,,DISCOVERY_SEED_REQUIRES_MODULE_VERIFICATION,2026-09-21,CBE-JTM-0139,cbe-job-tool-capability-register.csv
MMTR-0466,CBE_PROFESSIONAL_DOMAIN,D02,Engineering & Technical Design,F05;F13;F19;F23;F26;F27,D02,CBE-JP-019,Civil engineering technician,Engineering analysis / design / technical information,Bentley Systems,Bentley MicroStation,CAD/BIM support; surveys; calculations; drawings; records,Drawings; models; survey data; schedules,Design; Construction,,DISCOVERY_SEED_REQUIRES_MODULE_VERIFICATION,2026-09-21,CBE-JTM-0140,cbe-job-tool-capability-register.csv
MMTR-0467,CBE_PROFESSIONAL_DOMAIN,D02,Engineering & Technical Design,F05;F13;F19;F23;F26;F27,D02,CBE-JP-019,Civil engineering technician,Engineering analysis / design / technical information,Trimble,Trimble Business Center,CAD/BIM support; surveys; calculations; drawings; records,Drawings; models; survey data; schedules,Design; Construction,https://geospatial.trimble.com/en/products/software/trimble-business-center,WEB_ANCHOR_VERIFIED,2026-09-21,CBE-JTM-0141,cbe-job-tool-capability-register.csv
MMTR-0468,CBE_PROFESSIONAL_DOMAIN,D02,Engineering & Technical Design,F05;F13;F19;F23;F26;F27,D02,CBE-JP-019,Civil engineering technician,Engineering analysis / design / technical information,Autodesk,Autodesk Navisworks,CAD/BIM support; surveys; calculations; drawings; records,Drawings; models; survey data; schedules,Design; Construction,,DISCOVERY_SEED_REQUIRES_MODULE_VERIFICATION,2026-09-21,CBE-JTM-0142,cbe-job-tool-capability-register.csv
MMTR-0469,CBE_PROFESSIONAL_DOMAIN,D02,Engineering & Technical Design,F05;F13;F19;F23;F26;F27,D02,CBE-JP-019,Civil engineering technician,Engineering analysis / design / technical information,Bluebeam,Bluebeam Revu,CAD/BIM support; surveys; calculations; drawings; records,Drawings; models; survey data; schedules,Design; Construction,https://www.bluebeam.com/revu/,WEB_ANCHOR_VERIFIED,2026-09-21,CBE-JTM-0143,cbe-job-tool-capability-register.csv
MMTR-0470,CBE_PROFESSIONAL_DOMAIN,D09,Energy & Building Performance,F05;F12;F13;F22;F23;F26;F27,D09,CBE-JP-020,Commercial energy assessor,Energy assessment / retrofit / field execution,IES,IES VE 2026,Property data capture; energy assessment; evidence; certificate workflow,Assessment records; evidence; EPC-related outputs,Survey; Assessment; Certification,https://www.iesve.com/ve2026,WEB_ANCHOR_VERIFIED,2026-09-21,CBE-JTM-0144,cbe-job-tool-capability-register.csv
MMTR-0471,CBE_PROFESSIONAL_DOMAIN,D09,Energy & Building Performance,F05;F12;F13;F22;F23;F26;F27,D09,CBE-JP-020,Commercial energy assessor,Energy assessment / retrofit / field execution,DesignBuilder Software,DesignBuilder,Property data capture; energy assessment; evidence; certificate workflow,Assessment records; evidence; EPC-related outputs,Survey; Assessment; Certification,,DISCOVERY_SEED_REQUIRES_MODULE_VERIFICATION,2026-09-21,CBE-JTM-0145,cbe-job-tool-capability-register.csv
MMTR-0472,CBE_PROFESSIONAL_DOMAIN,D09,Energy & Building Performance,F05;F12;F13;F22;F23;F26;F27,D09,CBE-JP-020,Commercial energy assessor,Energy assessment / retrofit / field execution,Elmhurst Energy,Elmhurst SBEM Online,Property data capture; energy assessment; evidence; certificate workflow,Assessment records; evidence; EPC-related outputs,Survey; Assessment; Certification,https://www.elmhurstenergy.co.uk/software-with-elmhurst/,WEB_ANCHOR_VERIFIED,2026-09-21,CBE-JTM-0146,cbe-job-tool-capability-register.csv
MMTR-0473,CBE_PROFESSIONAL_DOMAIN,D09,Energy & Building Performance,F05;F12;F13;F22;F23;F26;F27,D09,CBE-JP-020,Commercial energy assessor,Energy assessment / retrofit / field execution,UK NCM,iSBEM,Property data capture; energy assessment; evidence; certificate workflow,Assessment records; evidence; EPC-related outputs,Survey; Assessment; Certification,,DISCOVERY_SEED_REQUIRES_MODULE_VERIFICATION,2026-09-21,CBE-JTM-0147,cbe-job-tool-capability-register.csv
MMTR-0474,CBE_PROFESSIONAL_DOMAIN,D09,Energy & Building Performance,F05;F12;F13;F22;F23;F26;F27,D09,CBE-JP-020,Commercial energy assessor,Energy assessment / retrofit / field execution,Bentley Systems,Bentley EnergySimulator,Property data capture; energy assessment; evidence; certificate workflow,Assessment records; evidence; EPC-related outputs,Survey; Assessment; Certification,,DISCOVERY_SEED_REQUIRES_MODULE_VERIFICATION,2026-09-21,CBE-JTM-0148,cbe-job-tool-capability-register.csv
MMTR-0475,CBE_PROFESSIONAL_DOMAIN,D13,"Heritage, Conservation & Landscape",F05;F12;F13;F19;F22;F23;F26;F27,D13,CBE-JP-021,Conservator,Heritage / landscape / conservation information,Arches Project,Arches,Condition assessment; conservation plan; treatment records; provenance/evidence,Condition reports; treatment plans; photos; conservation records,Survey; Conservation; Maintenance,,DISCOVERY_SEED_REQUIRES_MODULE_VERIFICATION,2026-09-21,CBE-JTM-0149,cbe-job-tool-capability-register.csv
MMTR-0476,CBE_PROFESSIONAL_DOMAIN,D13,"Heritage, Conservation & Landscape",F05;F12;F13;F19;F22;F23;F26;F27,D13,CBE-JP-021,Conservator,Heritage / landscape / conservation information,Axiell,Axiell Collections,Condition assessment; conservation plan; treatment records; provenance/evidence,Condition reports; treatment plans; photos; conservation records,Survey; Conservation; Maintenance,,DISCOVERY_SEED_REQUIRES_MODULE_VERIFICATION,2026-09-21,CBE-JTM-0150,cbe-job-tool-capability-register.csv
MMTR-0477,CBE_PROFESSIONAL_DOMAIN,D13,"Heritage, Conservation & Landscape",F05;F12;F13;F19;F22;F23;F26;F27,D13,CBE-JP-021,Conservator,Heritage / landscape / conservation information,Esri,Esri ArcGIS Pro,Condition assessment; conservation plan; treatment records; provenance/evidence,Condition reports; treatment plans; photos; conservation records,Survey; Conservation; Maintenance,,DISCOVERY_SEED_REQUIRES_MODULE_VERIFICATION,2026-09-21,CBE-JTM-0151,cbe-job-tool-capability-register.csv
MMTR-0478,CBE_PROFESSIONAL_DOMAIN,D13,"Heritage, Conservation & Landscape",F05;F12;F13;F19;F22;F23;F26;F27,D13,CBE-JP-021,Conservator,Heritage / landscape / conservation information,QGIS Project,QGIS,Condition assessment; conservation plan; treatment records; provenance/evidence,Condition reports; treatment plans; photos; conservation records,Survey; Conservation; Maintenance,,DISCOVERY_SEED_REQUIRES_MODULE_VERIFICATION,2026-09-21,CBE-JTM-0152,cbe-job-tool-capability-register.csv
MMTR-0479,CBE_PROFESSIONAL_DOMAIN,D13,"Heritage, Conservation & Landscape",F05;F12;F13;F19;F22;F23;F26;F27,D13,CBE-JP-021,Conservator,Heritage / landscape / conservation information,Bluebeam,Bluebeam Revu,Condition assessment; conservation plan; treatment records; provenance/evidence,Condition reports; treatment plans; photos; conservation records,Survey; Conservation; Maintenance,https://www.bluebeam.com/revu/,WEB_ANCHOR_VERIFIED,2026-09-21,CBE-JTM-0153,cbe-job-tool-capability-register.csv
MMTR-0480,CBE_PROFESSIONAL_DOMAIN,D13,"Heritage, Conservation & Landscape",F05;F12;F13;F19;F22;F23;F26;F27,D13,CBE-JP-021,Conservator,Heritage / landscape / conservation information,Autodesk,Autodesk ReCap Pro,Condition assessment; conservation plan; treatment records; provenance/evidence,Condition reports; treatment plans; photos; conservation records,Survey; Conservation; Maintenance,,DISCOVERY_SEED_REQUIRES_MODULE_VERIFICATION,2026-09-21,CBE-JTM-0154,cbe-job-tool-capability-register.csv
MMTR-0481,CBE_PROFESSIONAL_DOMAIN,D13,"Heritage, Conservation & Landscape",F05;F12;F13;F19;F22;F23;F26;F27,D13,CBE-JP-021,Conservator,Heritage / landscape / conservation information,Agisoft,Agisoft Metashape,Condition assessment; conservation plan; treatment records; provenance/evidence,Condition reports; treatment plans; photos; conservation records,Survey; Conservation; Maintenance,,DISCOVERY_SEED_REQUIRES_MODULE_VERIFICATION,2026-09-21,CBE-JTM-0155,cbe-job-tool-capability-register.csv
MMTR-0482,CBE_PROFESSIONAL_DOMAIN,D04,"Commercial, Contracts & Cost",F07;F09;F14;F19;F20;F26;F27,D04,CBE-JP-022,Construction contracts manager,Estimating / commercial / contract administration,Thinkproject,Thinkproject CEMAR,Contract register; obligations; notices; change; payment; claims; correspondence,Contracts; notices; instructions; variations; payment records,Pre-contract; Construction; Closeout,,DISCOVERY_SEED_REQUIRES_MODULE_VERIFICATION,2026-09-21,CBE-JTM-0156,cbe-job-tool-capability-register.csv
MMTR-0483,CBE_PROFESSIONAL_DOMAIN,D04,"Commercial, Contracts & Cost",F07;F09;F14;F19;F20;F26;F27,D04,CBE-JP-022,Construction contracts manager,Estimating / commercial / contract administration,Oracle,Oracle Primavera Unifier,Contract register; obligations; notices; change; payment; claims; correspondence,Contracts; notices; instructions; variations; payment records,Pre-contract; Construction; Closeout,https://www.oracle.com/construction-engineering/primavera-unifier/,WEB_ANCHOR_VERIFIED,2026-09-21,CBE-JTM-0157,cbe-job-tool-capability-register.csv
MMTR-0484,CBE_PROFESSIONAL_DOMAIN,D04,"Commercial, Contracts & Cost",F07;F09;F14;F19;F20;F26;F27,D04,CBE-JP-022,Construction contracts manager,Estimating / commercial / contract administration,Oracle,Oracle Aconex,Contract register; obligations; notices; change; payment; claims; correspondence,Contracts; notices; instructions; variations; payment records,Pre-contract; Construction; Closeout,https://www.oracle.com/construction-engineering/aconex/,WEB_ANCHOR_VERIFIED,2026-09-21,CBE-JTM-0158,cbe-job-tool-capability-register.csv
MMTR-0485,CBE_PROFESSIONAL_DOMAIN,D04,"Commercial, Contracts & Cost",F07;F09;F14;F19;F20;F26;F27,D04,CBE-JP-022,Construction contracts manager,Estimating / commercial / contract administration,Asite,Asite,Contract register; obligations; notices; change; payment; claims; correspondence,Contracts; notices; instructions; variations; payment records,Pre-contract; Construction; Closeout,,DISCOVERY_SEED_REQUIRES_MODULE_VERIFICATION,2026-09-21,CBE-JTM-0159,cbe-job-tool-capability-register.csv
MMTR-0486,CBE_PROFESSIONAL_DOMAIN,D04,"Commercial, Contracts & Cost",F07;F09;F14;F19;F20;F26;F27,D04,CBE-JP-022,Construction contracts manager,Estimating / commercial / contract administration,Procore,Procore,Contract register; obligations; notices; change; payment; claims; correspondence,Contracts; notices; instructions; variations; payment records,Pre-contract; Construction; Closeout,https://www.procore.com/,WEB_ANCHOR_VERIFIED,2026-09-21,CBE-JTM-0160,cbe-job-tool-capability-register.csv
MMTR-0487,CBE_PROFESSIONAL_DOMAIN,D04,"Commercial, Contracts & Cost",F07;F09;F14;F19;F20;F26;F27,D04,CBE-JP-022,Construction contracts manager,Estimating / commercial / contract administration,Icertis,Icertis Contract Intelligence,Contract register; obligations; notices; change; payment; claims; correspondence,Contracts; notices; instructions; variations; payment records,Pre-contract; Construction; Closeout,,DISCOVERY_SEED_REQUIRES_MODULE_VERIFICATION,2026-09-21,CBE-JTM-0161,cbe-job-tool-capability-register.csv
MMTR-0488,CBE_PROFESSIONAL_DOMAIN,D06,Site Delivery & Construction Management,F09;F10;F12;F13;F23;F26;F27,D06,CBE-JP-023,Construction labourer,Construction management / field execution,Procore,Procore,Task allocation; attendance; inductions; daily work; equipment; safety records,Timesheets; task records; inductions; site diary entries,Construction,https://www.procore.com/,WEB_ANCHOR_VERIFIED,2026-09-21,CBE-JTM-0162,cbe-job-tool-capability-register.csv
MMTR-0489,CBE_PROFESSIONAL_DOMAIN,D06,Site Delivery & Construction Management,F09;F10;F12;F13;F23;F26;F27,D06,CBE-JP-023,Construction labourer,Construction management / field execution,Autodesk,Autodesk Build,Task allocation; attendance; inductions; daily work; equipment; safety records,Timesheets; task records; inductions; site diary entries,Construction,https://construction.autodesk.com/products/autodesk-build/,WEB_ANCHOR_VERIFIED,2026-09-21,CBE-JTM-0163,cbe-job-tool-capability-register.csv
MMTR-0490,CBE_PROFESSIONAL_DOMAIN,D06,Site Delivery & Construction Management,F09;F10;F12;F13;F23;F26;F27,D06,CBE-JP-023,Construction labourer,Construction management / field execution,Dalux,Dalux Field,Task allocation; attendance; inductions; daily work; equipment; safety records,Timesheets; task records; inductions; site diary entries,Construction,,DISCOVERY_SEED_REQUIRES_MODULE_VERIFICATION,2026-09-21,CBE-JTM-0164,cbe-job-tool-capability-register.csv
MMTR-0491,CBE_PROFESSIONAL_DOMAIN,D06,Site Delivery & Construction Management,F09;F10;F12;F13;F23;F26;F27,D06,CBE-JP-023,Construction labourer,Construction management / field execution,SafetyCulture,SafetyCulture,Task allocation; attendance; inductions; daily work; equipment; safety records,Timesheets; task records; inductions; site diary entries,Construction,,DISCOVERY_SEED_REQUIRES_MODULE_VERIFICATION,2026-09-21,CBE-JTM-0165,cbe-job-tool-capability-register.csv
MMTR-0492,CBE_PROFESSIONAL_DOMAIN,D06,Site Delivery & Construction Management,F09;F10;F12;F13;F23;F26;F27,D06,CBE-JP-023,Construction labourer,Construction management / field execution,BigChange,BigChange,Task allocation; attendance; inductions; daily work; equipment; safety records,Timesheets; task records; inductions; site diary entries,Construction,,DISCOVERY_SEED_REQUIRES_MODULE_VERIFICATION,2026-09-21,CBE-JTM-0166,cbe-job-tool-capability-register.csv
MMTR-0493,CBE_PROFESSIONAL_DOMAIN,D06,Site Delivery & Construction Management,F09;F10;F12;F13;F23;F26;F27,D06,CBE-JP-023,Construction labourer,Construction management / field execution,Samsara,Samsara,Task allocation; attendance; inductions; daily work; equipment; safety records,Timesheets; task records; inductions; site diary entries,Construction,,DISCOVERY_SEED_REQUIRES_MODULE_VERIFICATION,2026-09-21,CBE-JTM-0167,cbe-job-tool-capability-register.csv
MMTR-0494,CBE_PROFESSIONAL_DOMAIN,D06,Site Delivery & Construction Management,F09;F10;F12;F13;F23;F26;F27,D06,CBE-JP-024,Construction manager,Construction management / field execution,Oracle,Oracle Primavera P6,Programme; packages; coordination; site diary; labour; plant; quality; safety; progress,Programme; diaries; RFIs; reports; inspections; progress records,Pre-construction; Construction; Handover,https://www.oracle.com/construction-engineering/primavera-p6/,WEB_ANCHOR_VERIFIED,2026-09-21,CBE-JTM-0168,cbe-job-tool-capability-register.csv
MMTR-0495,CBE_PROFESSIONAL_DOMAIN,D06,Site Delivery & Construction Management,F09;F10;F12;F13;F23;F26;F27,D06,CBE-JP-024,Construction manager,Construction management / field execution,Elecosoft,Asta Powerproject,Programme; packages; coordination; site diary; labour; plant; quality; safety; progress,Programme; diaries; RFIs; reports; inspections; progress records,Pre-construction; Construction; Handover,,DISCOVERY_SEED_REQUIRES_MODULE_VERIFICATION,2026-09-21,CBE-JTM-0169,cbe-job-tool-capability-register.csv
MMTR-0496,CBE_PROFESSIONAL_DOMAIN,D06,Site Delivery & Construction Management,F09;F10;F12;F13;F23;F26;F27,D06,CBE-JP-024,Construction manager,Construction management / field execution,Procore,Procore,Programme; packages; coordination; site diary; labour; plant; quality; safety; progress,Programme; diaries; RFIs; reports; inspections; progress records,Pre-construction; Construction; Handover,https://www.procore.com/,WEB_ANCHOR_VERIFIED,2026-09-21,CBE-JTM-0170,cbe-job-tool-capability-register.csv
MMTR-0497,CBE_PROFESSIONAL_DOMAIN,D06,Site Delivery & Construction Management,F09;F10;F12;F13;F23;F26;F27,D06,CBE-JP-024,Construction manager,Construction management / field execution,Autodesk,Autodesk Build,Programme; packages; coordination; site diary; labour; plant; quality; safety; progress,Programme; diaries; RFIs; reports; inspections; progress records,Pre-construction; Construction; Handover,https://construction.autodesk.com/products/autodesk-build/,WEB_ANCHOR_VERIFIED,2026-09-21,CBE-JTM-0171,cbe-job-tool-capability-register.csv
MMTR-0498,CBE_PROFESSIONAL_DOMAIN,D06,Site Delivery & Construction Management,F09;F10;F12;F13;F23;F26;F27,D06,CBE-JP-024,Construction manager,Construction management / field execution,Oracle,Oracle Aconex,Programme; packages; coordination; site diary; labour; plant; quality; safety; progress,Programme; diaries; RFIs; reports; inspections; progress records,Pre-construction; Construction; Handover,https://www.oracle.com/construction-engineering/aconex/,WEB_ANCHOR_VERIFIED,2026-09-21,CBE-JTM-0172,cbe-job-tool-capability-register.csv
MMTR-0499,CBE_PROFESSIONAL_DOMAIN,D06,Site Delivery & Construction Management,F09;F10;F12;F13;F23;F26;F27,D06,CBE-JP-024,Construction manager,Construction management / field execution,Asite,Asite,Programme; packages; coordination; site diary; labour; plant; quality; safety; progress,Programme; diaries; RFIs; reports; inspections; progress records,Pre-construction; Construction; Handover,,DISCOVERY_SEED_REQUIRES_MODULE_VERIFICATION,2026-09-21,CBE-JTM-0173,cbe-job-tool-capability-register.csv
MMTR-0500,CBE_PROFESSIONAL_DOMAIN,D06,Site Delivery & Construction Management,F09;F10;F12;F13;F23;F26;F27,D06,CBE-JP-024,Construction manager,Construction management / field execution,Dalux,Dalux,Programme; packages; coordination; site diary; labour; plant; quality; safety; progress,Programme; diaries; RFIs; reports; inspections; progress records,Pre-construction; Construction; Handover,,DISCOVERY_SEED_REQUIRES_MODULE_VERIFICATION,2026-09-21,CBE-JTM-0174,cbe-job-tool-capability-register.csv
MMTR-0501,CBE_PROFESSIONAL_DOMAIN,D06,Site Delivery & Construction Management,F09;F10;F12;F13;F23;F26;F27,D06,CBE-JP-024,Construction manager,Construction management / field execution,Trimble,Trimble Field View,Programme; packages; coordination; site diary; labour; plant; quality; safety; progress,Programme; diaries; RFIs; reports; inspections; progress records,Pre-construction; Construction; Handover,,DISCOVERY_SEED_REQUIRES_MODULE_VERIFICATION,2026-09-21,CBE-JTM-0175,cbe-job-tool-capability-register.csv
MMTR-0502,CBE_PROFESSIONAL_DOMAIN,D06,Site Delivery & Construction Management,F09;F10;F12;F13;F23;F26;F27,D06,CBE-JP-024,Construction manager,Construction management / field execution,Bluebeam,Bluebeam Revu,Programme; packages; coordination; site diary; labour; plant; quality; safety; progress,Programme; diaries; RFIs; reports; inspections; progress records,Pre-construction; Construction; Handover,https://www.bluebeam.com/revu/,WEB_ANCHOR_VERIFIED,2026-09-21,CBE-JTM-0176,cbe-job-tool-capability-register.csv
MMTR-0503,CBE_PROFESSIONAL_DOMAIN,D06,Site Delivery & Construction Management,F09;F10;F12;F13;F23;F26;F27,D06,CBE-JP-024,Construction manager,Construction management / field execution,SafetyCulture,SafetyCulture,Programme; packages; coordination; site diary; labour; plant; quality; safety; progress,Programme; diaries; RFIs; reports; inspections; progress records,Pre-construction; Construction; Handover,,DISCOVERY_SEED_REQUIRES_MODULE_VERIFICATION,2026-09-21,CBE-JTM-0177,cbe-job-tool-capability-register.csv
MMTR-0504,CBE_PROFESSIONAL_DOMAIN,D11,"Plant, Equipment & Specialist Operations",F09;F10;F11;F12;F13;F22;F23;F26;F27,D11,CBE-JP-025,Construction plant mechanic,Plant / specialist operations / production,HCSS,HCSS Equipment360,Asset register; servicing; defects; inspections; parts; breakdowns,Asset records; service history; defect reports; work orders,Construction; Maintenance,,DISCOVERY_SEED_REQUIRES_MODULE_VERIFICATION,2026-09-21,CBE-JTM-0178,cbe-job-tool-capability-register.csv
MMTR-0505,CBE_PROFESSIONAL_DOMAIN,D11,"Plant, Equipment & Specialist Operations",F09;F10;F11;F12;F13;F22;F23;F26;F27,D11,CBE-JP-025,Construction plant mechanic,Plant / specialist operations / production,Tenna,Tenna,Asset register; servicing; defects; inspections; parts; breakdowns,Asset records; service history; defect reports; work orders,Construction; Maintenance,,DISCOVERY_SEED_REQUIRES_MODULE_VERIFICATION,2026-09-21,CBE-JTM-0179,cbe-job-tool-capability-register.csv
MMTR-0506,CBE_PROFESSIONAL_DOMAIN,D11,"Plant, Equipment & Specialist Operations",F09;F10;F11;F12;F13;F22;F23;F26;F27,D11,CBE-JP-025,Construction plant mechanic,Plant / specialist operations / production,Samsara,Samsara,Asset register; servicing; defects; inspections; parts; breakdowns,Asset records; service history; defect reports; work orders,Construction; Maintenance,,DISCOVERY_SEED_REQUIRES_MODULE_VERIFICATION,2026-09-21,CBE-JTM-0180,cbe-job-tool-capability-register.csv
MMTR-0507,CBE_PROFESSIONAL_DOMAIN,D11,"Plant, Equipment & Specialist Operations",F09;F10;F11;F12;F13;F22;F23;F26;F27,D11,CBE-JP-025,Construction plant mechanic,Plant / specialist operations / production,IBM,IBM Maximo Application Suite,Asset register; servicing; defects; inspections; parts; breakdowns,Asset records; service history; defect reports; work orders,Construction; Maintenance,,DISCOVERY_SEED_REQUIRES_MODULE_VERIFICATION,2026-09-21,CBE-JTM-0181,cbe-job-tool-capability-register.csv
MMTR-0508,CBE_PROFESSIONAL_DOMAIN,D11,"Plant, Equipment & Specialist Operations",F09;F10;F11;F12;F13;F22;F23;F26;F27,D11,CBE-JP-025,Construction plant mechanic,Plant / specialist operations / production,Rockwell Automation,Fiix CMMS,Asset register; servicing; defects; inspections; parts; breakdowns,Asset records; service history; defect reports; work orders,Construction; Maintenance,,DISCOVERY_SEED_REQUIRES_MODULE_VERIFICATION,2026-09-21,CBE-JTM-0182,cbe-job-tool-capability-register.csv
MMTR-0509,CBE_PROFESSIONAL_DOMAIN,D11,"Plant, Equipment & Specialist Operations",F09;F10;F11;F12;F13;F22;F23;F26;F27,D11,CBE-JP-025,Construction plant mechanic,Plant / specialist operations / production,SafetyCulture,SafetyCulture,Asset register; servicing; defects; inspections; parts; breakdowns,Asset records; service history; defect reports; work orders,Construction; Maintenance,,DISCOVERY_SEED_REQUIRES_MODULE_VERIFICATION,2026-09-21,CBE-JTM-0183,cbe-job-tool-capability-register.csv
MMTR-0510,CBE_PROFESSIONAL_DOMAIN,D11,"Plant, Equipment & Specialist Operations",F09;F10;F11;F12;F13;F22;F23;F26;F27,D11,CBE-JP-026,Construction plant operator,Plant / specialist operations / production,Tenna,Tenna,Plant allocation; pre-use checks; hours; tasks; defects; competencies,Plant checks; utilisation; task logs; defect records,Construction,,DISCOVERY_SEED_REQUIRES_MODULE_VERIFICATION,2026-09-21,CBE-JTM-0184,cbe-job-tool-capability-register.csv
MMTR-0511,CBE_PROFESSIONAL_DOMAIN,D11,"Plant, Equipment & Specialist Operations",F09;F10;F11;F12;F13;F22;F23;F26;F27,D11,CBE-JP-026,Construction plant operator,Plant / specialist operations / production,Samsara,Samsara,Plant allocation; pre-use checks; hours; tasks; defects; competencies,Plant checks; utilisation; task logs; defect records,Construction,,DISCOVERY_SEED_REQUIRES_MODULE_VERIFICATION,2026-09-21,CBE-JTM-0185,cbe-job-tool-capability-register.csv
MMTR-0512,CBE_PROFESSIONAL_DOMAIN,D11,"Plant, Equipment & Specialist Operations",F09;F10;F11;F12;F13;F22;F23;F26;F27,D11,CBE-JP-026,Construction plant operator,Plant / specialist operations / production,HCSS,HCSS Equipment360,Plant allocation; pre-use checks; hours; tasks; defects; competencies,Plant checks; utilisation; task logs; defect records,Construction,,DISCOVERY_SEED_REQUIRES_MODULE_VERIFICATION,2026-09-21,CBE-JTM-0186,cbe-job-tool-capability-register.csv
MMTR-0513,CBE_PROFESSIONAL_DOMAIN,D11,"Plant, Equipment & Specialist Operations",F09;F10;F11;F12;F13;F22;F23;F26;F27,D11,CBE-JP-026,Construction plant operator,Plant / specialist operations / production,Procore,Procore,Plant allocation; pre-use checks; hours; tasks; defects; competencies,Plant checks; utilisation; task logs; defect records,Construction,https://www.procore.com/,WEB_ANCHOR_VERIFIED,2026-09-21,CBE-JTM-0187,cbe-job-tool-capability-register.csv
MMTR-0514,CBE_PROFESSIONAL_DOMAIN,D11,"Plant, Equipment & Specialist Operations",F09;F10;F11;F12;F13;F22;F23;F26;F27,D11,CBE-JP-026,Construction plant operator,Plant / specialist operations / production,Autodesk,Autodesk Build,Plant allocation; pre-use checks; hours; tasks; defects; competencies,Plant checks; utilisation; task logs; defect records,Construction,https://construction.autodesk.com/products/autodesk-build/,WEB_ANCHOR_VERIFIED,2026-09-21,CBE-JTM-0188,cbe-job-tool-capability-register.csv
MMTR-0515,CBE_PROFESSIONAL_DOMAIN,D11,"Plant, Equipment & Specialist Operations",F09;F10;F11;F12;F13;F22;F23;F26;F27,D11,CBE-JP-026,Construction plant operator,Plant / specialist operations / production,SafetyCulture,SafetyCulture,Plant allocation; pre-use checks; hours; tasks; defects; competencies,Plant checks; utilisation; task logs; defect records,Construction,,DISCOVERY_SEED_REQUIRES_MODULE_VERIFICATION,2026-09-21,CBE-JTM-0189,cbe-job-tool-capability-register.csv
MMTR-0516,CBE_PROFESSIONAL_DOMAIN,D06,Site Delivery & Construction Management,F09;F10;F12;F13;F23;F26;F27,D06,CBE-JP-027,Construction site supervisor,Construction management / field execution,Procore,Procore,Daily supervision; labour; inspections; permits; quality; progress; safety,Site diary; inspections; permits; progress records,Construction,https://www.procore.com/,WEB_ANCHOR_VERIFIED,2026-09-21,CBE-JTM-0190,cbe-job-tool-capability-register.csv
MMTR-0517,CBE_PROFESSIONAL_DOMAIN,D06,Site Delivery & Construction Management,F09;F10;F12;F13;F23;F26;F27,D06,CBE-JP-027,Construction site supervisor,Construction management / field execution,Autodesk,Autodesk Build,Daily supervision; labour; inspections; permits; quality; progress; safety,Site diary; inspections; permits; progress records,Construction,https://construction.autodesk.com/products/autodesk-build/,WEB_ANCHOR_VERIFIED,2026-09-21,CBE-JTM-0191,cbe-job-tool-capability-register.csv
MMTR-0518,CBE_PROFESSIONAL_DOMAIN,D06,Site Delivery & Construction Management,F09;F10;F12;F13;F23;F26;F27,D06,CBE-JP-027,Construction site supervisor,Construction management / field execution,Dalux,Dalux Field,Daily supervision; labour; inspections; permits; quality; progress; safety,Site diary; inspections; permits; progress records,Construction,,DISCOVERY_SEED_REQUIRES_MODULE_VERIFICATION,2026-09-21,CBE-JTM-0192,cbe-job-tool-capability-register.csv
MMTR-0519,CBE_PROFESSIONAL_DOMAIN,D06,Site Delivery & Construction Management,F09;F10;F12;F13;F23;F26;F27,D06,CBE-JP-027,Construction site supervisor,Construction management / field execution,Trimble,Trimble Field View,Daily supervision; labour; inspections; permits; quality; progress; safety,Site diary; inspections; permits; progress records,Construction,,DISCOVERY_SEED_REQUIRES_MODULE_VERIFICATION,2026-09-21,CBE-JTM-0193,cbe-job-tool-capability-register.csv
MMTR-0520,CBE_PROFESSIONAL_DOMAIN,D06,Site Delivery & Construction Management,F09;F10;F12;F13;F23;F26;F27,D06,CBE-JP-027,Construction site supervisor,Construction management / field execution,PlanRadar,PlanRadar,Daily supervision; labour; inspections; permits; quality; progress; safety,Site diary; inspections; permits; progress records,Construction,,DISCOVERY_SEED_REQUIRES_MODULE_VERIFICATION,2026-09-21,CBE-JTM-0194,cbe-job-tool-capability-register.csv
MMTR-0521,CBE_PROFESSIONAL_DOMAIN,D06,Site Delivery & Construction Management,F09;F10;F12;F13;F23;F26;F27,D06,CBE-JP-027,Construction site supervisor,Construction management / field execution,SafetyCulture,SafetyCulture,Daily supervision; labour; inspections; permits; quality; progress; safety,Site diary; inspections; permits; progress records,Construction,,DISCOVERY_SEED_REQUIRES_MODULE_VERIFICATION,2026-09-21,CBE-JTM-0195,cbe-job-tool-capability-register.csv
MMTR-0522,CBE_PROFESSIONAL_DOMAIN,D06,Site Delivery & Construction Management,F09;F10;F12;F13;F23;F26;F27,D06,CBE-JP-027,Construction site supervisor,Construction management / field execution,Bluebeam,Bluebeam Revu,Daily supervision; labour; inspections; permits; quality; progress; safety,Site diary; inspections; permits; progress records,Construction,https://www.bluebeam.com/revu/,WEB_ANCHOR_VERIFIED,2026-09-21,CBE-JTM-0196,cbe-job-tool-capability-register.csv
MMTR-0523,CBE_PROFESSIONAL_DOMAIN,D11,"Plant, Equipment & Specialist Operations",F09;F10;F11;F12;F13;F22;F23;F26;F27,D11,CBE-JP-028,Crane driver,Plant / specialist operations / production,A1A Software,3D Lift Plan,Lift allocation; pre-use checks; plant hours; competency; lift records; defects,Checks; lift logs; utilisation; defect records,Construction,,DISCOVERY_SEED_REQUIRES_MODULE_VERIFICATION,2026-09-21,CBE-JTM-0197,cbe-job-tool-capability-register.csv
MMTR-0524,CBE_PROFESSIONAL_DOMAIN,D11,"Plant, Equipment & Specialist Operations",F09;F10;F11;F12;F13;F22;F23;F26;F27,D11,CBE-JP-028,Crane driver,Plant / specialist operations / production,Liebherr,Liebherr Crane Planner 2.0,Lift allocation; pre-use checks; plant hours; competency; lift records; defects,Checks; lift logs; utilisation; defect records,Construction,,DISCOVERY_SEED_REQUIRES_MODULE_VERIFICATION,2026-09-21,CBE-JTM-0198,cbe-job-tool-capability-register.csv
MMTR-0525,CBE_PROFESSIONAL_DOMAIN,D11,"Plant, Equipment & Specialist Operations",F09;F10;F11;F12;F13;F22;F23;F26;F27,D11,CBE-JP-028,Crane driver,Plant / specialist operations / production,Procore,Procore,Lift allocation; pre-use checks; plant hours; competency; lift records; defects,Checks; lift logs; utilisation; defect records,Construction,https://www.procore.com/,WEB_ANCHOR_VERIFIED,2026-09-21,CBE-JTM-0199,cbe-job-tool-capability-register.csv
MMTR-0526,CBE_PROFESSIONAL_DOMAIN,D11,"Plant, Equipment & Specialist Operations",F09;F10;F11;F12;F13;F22;F23;F26;F27,D11,CBE-JP-028,Crane driver,Plant / specialist operations / production,Autodesk,Autodesk Build,Lift allocation; pre-use checks; plant hours; competency; lift records; defects,Checks; lift logs; utilisation; defect records,Construction,https://construction.autodesk.com/products/autodesk-build/,WEB_ANCHOR_VERIFIED,2026-09-21,CBE-JTM-0200,cbe-job-tool-capability-register.csv
MMTR-0527,CBE_PROFESSIONAL_DOMAIN,D11,"Plant, Equipment & Specialist Operations",F09;F10;F11;F12;F13;F22;F23;F26;F27,D11,CBE-JP-028,Crane driver,Plant / specialist operations / production,SafetyCulture,SafetyCulture,Lift allocation; pre-use checks; plant hours; competency; lift records; defects,Checks; lift logs; utilisation; defect records,Construction,,DISCOVERY_SEED_REQUIRES_MODULE_VERIFICATION,2026-09-21,CBE-JTM-0201,cbe-job-tool-capability-register.csv
MMTR-0528,CBE_PROFESSIONAL_DOMAIN,D11,"Plant, Equipment & Specialist Operations",F09;F10;F11;F12;F13;F22;F23;F26;F27,D11,CBE-JP-028,Crane driver,Plant / specialist operations / production,Tenna,Tenna,Lift allocation; pre-use checks; plant hours; competency; lift records; defects,Checks; lift logs; utilisation; defect records,Construction,,DISCOVERY_SEED_REQUIRES_MODULE_VERIFICATION,2026-09-21,CBE-JTM-0202,cbe-job-tool-capability-register.csv
MMTR-0529,CBE_PROFESSIONAL_DOMAIN,D06,Site Delivery & Construction Management,F09;F10;F12;F13;F23;F26;F27,D06,CBE-JP-029,Demolition operative,Construction management / field execution,Procore,Procore,Method/task planning; permits; hazardous materials records; waste; progress,RAMS references; permits; waste records; photos; task logs,Enabling; Demolition,https://www.procore.com/,WEB_ANCHOR_VERIFIED,2026-09-21,CBE-JTM-0203,cbe-job-tool-capability-register.csv
MMTR-0530,CBE_PROFESSIONAL_DOMAIN,D06,Site Delivery & Construction Management,F09;F10;F12;F13;F23;F26;F27,D06,CBE-JP-029,Demolition operative,Construction management / field execution,Autodesk,Autodesk Build,Method/task planning; permits; hazardous materials records; waste; progress,RAMS references; permits; waste records; photos; task logs,Enabling; Demolition,https://construction.autodesk.com/products/autodesk-build/,WEB_ANCHOR_VERIFIED,2026-09-21,CBE-JTM-0204,cbe-job-tool-capability-register.csv
MMTR-0531,CBE_PROFESSIONAL_DOMAIN,D06,Site Delivery & Construction Management,F09;F10;F12;F13;F23;F26;F27,D06,CBE-JP-029,Demolition operative,Construction management / field execution,Dalux,Dalux Field,Method/task planning; permits; hazardous materials records; waste; progress,RAMS references; permits; waste records; photos; task logs,Enabling; Demolition,,DISCOVERY_SEED_REQUIRES_MODULE_VERIFICATION,2026-09-21,CBE-JTM-0205,cbe-job-tool-capability-register.csv
MMTR-0532,CBE_PROFESSIONAL_DOMAIN,D06,Site Delivery & Construction Management,F09;F10;F12;F13;F23;F26;F27,D06,CBE-JP-029,Demolition operative,Construction management / field execution,PlanRadar,PlanRadar,Method/task planning; permits; hazardous materials records; waste; progress,RAMS references; permits; waste records; photos; task logs,Enabling; Demolition,,DISCOVERY_SEED_REQUIRES_MODULE_VERIFICATION,2026-09-21,CBE-JTM-0206,cbe-job-tool-capability-register.csv
MMTR-0533,CBE_PROFESSIONAL_DOMAIN,D06,Site Delivery & Construction Management,F09;F10;F12;F13;F23;F26;F27,D06,CBE-JP-029,Demolition operative,Construction management / field execution,SafetyCulture,SafetyCulture,Method/task planning; permits; hazardous materials records; waste; progress,RAMS references; permits; waste records; photos; task logs,Enabling; Demolition,,DISCOVERY_SEED_REQUIRES_MODULE_VERIFICATION,2026-09-21,CBE-JTM-0207,cbe-job-tool-capability-register.csv
MMTR-0534,CBE_PROFESSIONAL_DOMAIN,D06,Site Delivery & Construction Management,F09;F10;F12;F13;F23;F26;F27,D06,CBE-JP-029,Demolition operative,Construction management / field execution,BigChange,BigChange,Method/task planning; permits; hazardous materials records; waste; progress,RAMS references; permits; waste records; photos; task logs,Enabling; Demolition,,DISCOVERY_SEED_REQUIRES_MODULE_VERIFICATION,2026-09-21,CBE-JTM-0208,cbe-job-tool-capability-register.csv
MMTR-0535,CBE_PROFESSIONAL_DOMAIN,D09,Energy & Building Performance,F05;F12;F13;F22;F23;F26;F27,D09,CBE-JP-030,Domestic energy assessor,Energy assessment / retrofit / field execution,Elmhurst Energy,Elmhurst RdSAP Go,Dwelling data capture; energy assessment; evidence; certificate workflow,Assessment records; evidence; EPC-related outputs,Survey; Assessment; Certification,https://www.elmhurstenergy.co.uk/rdsap-mobile/,WEB_ANCHOR_VERIFIED,2026-09-21,CBE-JTM-0209,cbe-job-tool-capability-register.csv
MMTR-0536,CBE_PROFESSIONAL_DOMAIN,D09,Energy & Building Performance,F05;F12;F13;F22;F23;F26;F27,D09,CBE-JP-030,Domestic energy assessor,Energy assessment / retrofit / field execution,Elmhurst Energy,Elmhurst RdSAP Online,Dwelling data capture; energy assessment; evidence; certificate workflow,Assessment records; evidence; EPC-related outputs,Survey; Assessment; Certification,https://www.elmhurstenergy.co.uk/rdsap-online/,WEB_ANCHOR_VERIFIED,2026-09-21,CBE-JTM-0210,cbe-job-tool-capability-register.csv
MMTR-0537,CBE_PROFESSIONAL_DOMAIN,D09,Energy & Building Performance,F05;F12;F13;F22;F23;F26;F27,D09,CBE-JP-030,Domestic energy assessor,Energy assessment / retrofit / field execution,Quidos,Quidos iQ-Energy,Dwelling data capture; energy assessment; evidence; certificate workflow,Assessment records; evidence; EPC-related outputs,Survey; Assessment; Certification,https://quidos.co.uk/software/,WEB_ANCHOR_VERIFIED,2026-09-21,CBE-JTM-0211,cbe-job-tool-capability-register.csv
MMTR-0538,CBE_PROFESSIONAL_DOMAIN,D09,Energy & Building Performance,F05;F12;F13;F22;F23;F26;F27,D09,CBE-JP-030,Domestic energy assessor,Energy assessment / retrofit / field execution,Elmhurst Energy,Elmhurst Design SAP 10,Dwelling data capture; energy assessment; evidence; certificate workflow,Assessment records; evidence; EPC-related outputs,Survey; Assessment; Certification,https://www.elmhurstenergy.co.uk/design-sap-software/,WEB_ANCHOR_VERIFIED,2026-09-21,CBE-JTM-0212,cbe-job-tool-capability-register.csv
MMTR-0539,CBE_PROFESSIONAL_DOMAIN,D07,Building Trades,F09;F10;F12;F13;F23;F26;F27,D07,CBE-JP-031,Dryliner,Trade field execution / estimating / evidence,Procore,Procore,Take-off; layout; installation; materials; progress; defects,Work orders; material usage; photos; snagging,Fit-out,https://www.procore.com/,WEB_ANCHOR_VERIFIED,2026-09-21,CBE-JTM-0213,cbe-job-tool-capability-register.csv
MMTR-0540,CBE_PROFESSIONAL_DOMAIN,D07,Building Trades,F09;F10;F12;F13;F23;F26;F27,D07,CBE-JP-031,Dryliner,Trade field execution / estimating / evidence,Autodesk,Autodesk Build,Take-off; layout; installation; materials; progress; defects,Work orders; material usage; photos; snagging,Fit-out,https://construction.autodesk.com/products/autodesk-build/,WEB_ANCHOR_VERIFIED,2026-09-21,CBE-JTM-0214,cbe-job-tool-capability-register.csv
MMTR-0541,CBE_PROFESSIONAL_DOMAIN,D07,Building Trades,F09;F10;F12;F13;F23;F26;F27,D07,CBE-JP-031,Dryliner,Trade field execution / estimating / evidence,Dalux,Dalux Field,Take-off; layout; installation; materials; progress; defects,Work orders; material usage; photos; snagging,Fit-out,,DISCOVERY_SEED_REQUIRES_MODULE_VERIFICATION,2026-09-21,CBE-JTM-0215,cbe-job-tool-capability-register.csv
MMTR-0542,CBE_PROFESSIONAL_DOMAIN,D07,Building Trades,F09;F10;F12;F13;F23;F26;F27,D07,CBE-JP-031,Dryliner,Trade field execution / estimating / evidence,SafetyCulture,SafetyCulture,Take-off; layout; installation; materials; progress; defects,Work orders; material usage; photos; snagging,Fit-out,,DISCOVERY_SEED_REQUIRES_MODULE_VERIFICATION,2026-09-21,CBE-JTM-0216,cbe-job-tool-capability-register.csv
MMTR-0543,CBE_PROFESSIONAL_DOMAIN,D07,Building Trades,F09;F10;F12;F13;F23;F26;F27,D07,CBE-JP-031,Dryliner,Trade field execution / estimating / evidence,Tradify,Tradify,Take-off; layout; installation; materials; progress; defects,Work orders; material usage; photos; snagging,Fit-out,,DISCOVERY_SEED_REQUIRES_MODULE_VERIFICATION,2026-09-21,CBE-JTM-0217,cbe-job-tool-capability-register.csv
MMTR-0544,CBE_PROFESSIONAL_DOMAIN,D07,Building Trades,F09;F10;F12;F13;F23;F26;F27,D07,CBE-JP-031,Dryliner,Trade field execution / estimating / evidence,Fergus,Fergus,Take-off; layout; installation; materials; progress; defects,Work orders; material usage; photos; snagging,Fit-out,,DISCOVERY_SEED_REQUIRES_MODULE_VERIFICATION,2026-09-21,CBE-JTM-0218,cbe-job-tool-capability-register.csv
MMTR-0545,CBE_PROFESSIONAL_DOMAIN,D07,Building Trades,F09;F10;F12;F13;F23;F26;F27,D07,CBE-JP-031,Dryliner,Trade field execution / estimating / evidence,Bluebeam,Bluebeam Revu,Take-off; layout; installation; materials; progress; defects,Work orders; material usage; photos; snagging,Fit-out,https://www.bluebeam.com/revu/,WEB_ANCHOR_VERIFIED,2026-09-21,CBE-JTM-0219,cbe-job-tool-capability-register.csv
MMTR-0546,CBE_PROFESSIONAL_DOMAIN,D08,Building Services Trades,F09;F10;F12;F13;F22;F23;F26;F27,D08,CBE-JP-032,Electrician,Building-services design / field service / certification,Trimble,Trimble ProDesign,Survey; estimate; schedule; installation; circuits; testing; defects; certification; maintenance,Quotes; job sheets; circuit/test records; certificates; invoices,Design support; Installation; Testing; Maintenance,,DISCOVERY_SEED_REQUIRES_MODULE_VERIFICATION,2026-09-21,CBE-JTM-0220,cbe-job-tool-capability-register.csv
MMTR-0547,CBE_PROFESSIONAL_DOMAIN,D08,Building Services Trades,F09;F10;F12;F13;F22;F23;F26;F27,D08,CBE-JP-032,Electrician,Building-services design / field service / certification,MODECSOFT,ElectricalOM,Survey; estimate; schedule; installation; circuits; testing; defects; certification; maintenance,Quotes; job sheets; circuit/test records; certificates; invoices,Design support; Installation; Testing; Maintenance,,DISCOVERY_SEED_REQUIRES_MODULE_VERIFICATION,2026-09-21,CBE-JTM-0221,cbe-job-tool-capability-register.csv
MMTR-0548,CBE_PROFESSIONAL_DOMAIN,D08,Building Services Trades,F09;F10;F12;F13;F22;F23;F26;F27,D08,CBE-JP-032,Electrician,Building-services design / field service / certification,DIAL,DIALux evo,Survey; estimate; schedule; installation; circuits; testing; defects; certification; maintenance,Quotes; job sheets; circuit/test records; certificates; invoices,Design support; Installation; Testing; Maintenance,,DISCOVERY_SEED_REQUIRES_MODULE_VERIFICATION,2026-09-21,CBE-JTM-0222,cbe-job-tool-capability-register.csv
MMTR-0549,CBE_PROFESSIONAL_DOMAIN,D08,Building Services Trades,F09;F10;F12;F13;F22;F23;F26;F27,D08,CBE-JP-032,Electrician,Building-services design / field service / certification,simPRO,simPRO,Survey; estimate; schedule; installation; circuits; testing; defects; certification; maintenance,Quotes; job sheets; circuit/test records; certificates; invoices,Design support; Installation; Testing; Maintenance,,DISCOVERY_SEED_REQUIRES_MODULE_VERIFICATION,2026-09-21,CBE-JTM-0223,cbe-job-tool-capability-register.csv
MMTR-0550,CBE_PROFESSIONAL_DOMAIN,D08,Building Services Trades,F09;F10;F12;F13;F22;F23;F26;F27,D08,CBE-JP-032,Electrician,Building-services design / field service / certification,Joblogic,Joblogic,Survey; estimate; schedule; installation; circuits; testing; defects; certification; maintenance,Quotes; job sheets; circuit/test records; certificates; invoices,Design support; Installation; Testing; Maintenance,,DISCOVERY_SEED_REQUIRES_MODULE_VERIFICATION,2026-09-21,CBE-JTM-0224,cbe-job-tool-capability-register.csv
MMTR-0551,CBE_PROFESSIONAL_DOMAIN,D08,Building Services Trades,F09;F10;F12;F13;F22;F23;F26;F27,D08,CBE-JP-032,Electrician,Building-services design / field service / certification,Commusoft,Commusoft,Survey; estimate; schedule; installation; circuits; testing; defects; certification; maintenance,Quotes; job sheets; circuit/test records; certificates; invoices,Design support; Installation; Testing; Maintenance,,DISCOVERY_SEED_REQUIRES_MODULE_VERIFICATION,2026-09-21,CBE-JTM-0225,cbe-job-tool-capability-register.csv
MMTR-0552,CBE_PROFESSIONAL_DOMAIN,D08,Building Services Trades,F09;F10;F12;F13;F22;F23;F26;F27,D08,CBE-JP-032,Electrician,Building-services design / field service / certification,ServiceM8,ServiceM8,Survey; estimate; schedule; installation; circuits; testing; defects; certification; maintenance,Quotes; job sheets; circuit/test records; certificates; invoices,Design support; Installation; Testing; Maintenance,,DISCOVERY_SEED_REQUIRES_MODULE_VERIFICATION,2026-09-21,CBE-JTM-0226,cbe-job-tool-capability-register.csv
MMTR-0553,CBE_PROFESSIONAL_DOMAIN,D08,Building Services Trades,F09;F10;F12;F13;F22;F23;F26;F27,D08,CBE-JP-032,Electrician,Building-services design / field service / certification,Tradify,Tradify,Survey; estimate; schedule; installation; circuits; testing; defects; certification; maintenance,Quotes; job sheets; circuit/test records; certificates; invoices,Design support; Installation; Testing; Maintenance,,DISCOVERY_SEED_REQUIRES_MODULE_VERIFICATION,2026-09-21,CBE-JTM-0227,cbe-job-tool-capability-register.csv
MMTR-0554,CBE_PROFESSIONAL_DOMAIN,D02,Engineering & Technical Design,F05;F13;F19;F23;F26;F27,D02,CBE-JP-033,Engineering construction technician,Engineering analysis / design / technical information,Autodesk,AutoCAD,Technical support; installation records; commissioning/decommissioning support; drawings,Drawings; technical records; test sheets; schedules,Design; Installation; Commissioning,,DISCOVERY_SEED_REQUIRES_MODULE_VERIFICATION,2026-09-21,CBE-JTM-0228,cbe-job-tool-capability-register.csv
MMTR-0555,CBE_PROFESSIONAL_DOMAIN,D02,Engineering & Technical Design,F05;F13;F19;F23;F26;F27,D02,CBE-JP-033,Engineering construction technician,Engineering analysis / design / technical information,Autodesk,Autodesk Revit,Technical support; installation records; commissioning/decommissioning support; drawings,Drawings; technical records; test sheets; schedules,Design; Installation; Commissioning,https://www.autodesk.com/products/revit/overview,WEB_ANCHOR_VERIFIED,2026-09-21,CBE-JTM-0229,cbe-job-tool-capability-register.csv
MMTR-0556,CBE_PROFESSIONAL_DOMAIN,D02,Engineering & Technical Design,F05;F13;F19;F23;F26;F27,D02,CBE-JP-033,Engineering construction technician,Engineering analysis / design / technical information,Autodesk,Autodesk Navisworks,Technical support; installation records; commissioning/decommissioning support; drawings,Drawings; technical records; test sheets; schedules,Design; Installation; Commissioning,,DISCOVERY_SEED_REQUIRES_MODULE_VERIFICATION,2026-09-21,CBE-JTM-0230,cbe-job-tool-capability-register.csv
MMTR-0557,CBE_PROFESSIONAL_DOMAIN,D02,Engineering & Technical Design,F05;F13;F19;F23;F26;F27,D02,CBE-JP-033,Engineering construction technician,Engineering analysis / design / technical information,Bluebeam,Bluebeam Revu,Technical support; installation records; commissioning/decommissioning support; drawings,Drawings; technical records; test sheets; schedules,Design; Installation; Commissioning,https://www.bluebeam.com/revu/,WEB_ANCHOR_VERIFIED,2026-09-21,CBE-JTM-0231,cbe-job-tool-capability-register.csv
MMTR-0558,CBE_PROFESSIONAL_DOMAIN,D02,Engineering & Technical Design,F05;F13;F19;F23;F26;F27,D02,CBE-JP-033,Engineering construction technician,Engineering analysis / design / technical information,Autodesk,Autodesk Docs,Technical support; installation records; commissioning/decommissioning support; drawings,Drawings; technical records; test sheets; schedules,Design; Installation; Commissioning,,DISCOVERY_SEED_REQUIRES_MODULE_VERIFICATION,2026-09-21,CBE-JTM-0232,cbe-job-tool-capability-register.csv
MMTR-0559,CBE_PROFESSIONAL_DOMAIN,D02,Engineering & Technical Design,F05;F13;F19;F23;F26;F27,D02,CBE-JP-033,Engineering construction technician,Engineering analysis / design / technical information,Trimble,Trimble Connect,Technical support; installation records; commissioning/decommissioning support; drawings,Drawings; technical records; test sheets; schedules,Design; Installation; Commissioning,,DISCOVERY_SEED_REQUIRES_MODULE_VERIFICATION,2026-09-21,CBE-JTM-0233,cbe-job-tool-capability-register.csv
MMTR-0560,CBE_PROFESSIONAL_DOMAIN,D04,"Commercial, Contracts & Cost",F07;F09;F14;F19;F20;F26;F27,D04,CBE-JP-034,Estimator,Estimating / commercial / contract administration,RIB Software,RIB CostX,Take-off; resource build-ups; supplier enquiries; estimates; tender submissions; revisions,Estimates; take-offs; RFQs; tender returns; bid documents,Pre-contract,,DISCOVERY_SEED_REQUIRES_MODULE_VERIFICATION,2026-09-21,CBE-JTM-0234,cbe-job-tool-capability-register.csv
MMTR-0561,CBE_PROFESSIONAL_DOMAIN,D04,"Commercial, Contracts & Cost",F07;F09;F14;F19;F20;F26;F27,D04,CBE-JP-034,Estimator,Estimating / commercial / contract administration,RIB Software,RIB Candy,Take-off; resource build-ups; supplier enquiries; estimates; tender submissions; revisions,Estimates; take-offs; RFQs; tender returns; bid documents,Pre-contract,,DISCOVERY_SEED_REQUIRES_MODULE_VERIFICATION,2026-09-21,CBE-JTM-0235,cbe-job-tool-capability-register.csv
MMTR-0562,CBE_PROFESSIONAL_DOMAIN,D04,"Commercial, Contracts & Cost",F07;F09;F14;F19;F20;F26;F27,D04,CBE-JP-034,Estimator,Estimating / commercial / contract administration,Causeway Technologies,Causeway Estimating,Take-off; resource build-ups; supplier enquiries; estimates; tender submissions; revisions,Estimates; take-offs; RFQs; tender returns; bid documents,Pre-contract,,DISCOVERY_SEED_REQUIRES_MODULE_VERIFICATION,2026-09-21,CBE-JTM-0236,cbe-job-tool-capability-register.csv
MMTR-0563,CBE_PROFESSIONAL_DOMAIN,D04,"Commercial, Contracts & Cost",F07;F09;F14;F19;F20;F26;F27,D04,CBE-JP-034,Estimator,Estimating / commercial / contract administration,ConQuest,ConQuest Estimating,Take-off; resource build-ups; supplier enquiries; estimates; tender submissions; revisions,Estimates; take-offs; RFQs; tender returns; bid documents,Pre-contract,,DISCOVERY_SEED_REQUIRES_MODULE_VERIFICATION,2026-09-21,CBE-JTM-0237,cbe-job-tool-capability-register.csv
MMTR-0564,CBE_PROFESSIONAL_DOMAIN,D04,"Commercial, Contracts & Cost",F07;F09;F14;F19;F20;F26;F27,D04,CBE-JP-034,Estimator,Estimating / commercial / contract administration,Autodesk,Autodesk Takeoff,Take-off; resource build-ups; supplier enquiries; estimates; tender submissions; revisions,Estimates; take-offs; RFQs; tender returns; bid documents,Pre-contract,,DISCOVERY_SEED_REQUIRES_MODULE_VERIFICATION,2026-09-21,CBE-JTM-0238,cbe-job-tool-capability-register.csv
MMTR-0565,CBE_PROFESSIONAL_DOMAIN,D04,"Commercial, Contracts & Cost",F07;F09;F14;F19;F20;F26;F27,D04,CBE-JP-034,Estimator,Estimating / commercial / contract administration,Bluebeam,Bluebeam Revu,Take-off; resource build-ups; supplier enquiries; estimates; tender submissions; revisions,Estimates; take-offs; RFQs; tender returns; bid documents,Pre-contract,https://www.bluebeam.com/revu/,WEB_ANCHOR_VERIFIED,2026-09-21,CBE-JTM-0239,cbe-job-tool-capability-register.csv
MMTR-0566,CBE_PROFESSIONAL_DOMAIN,D04,"Commercial, Contracts & Cost",F07;F09;F14;F19;F20;F26;F27,D04,CBE-JP-034,Estimator,Estimating / commercial / contract administration,Trimble,Trimble WinEst,Take-off; resource build-ups; supplier enquiries; estimates; tender submissions; revisions,Estimates; take-offs; RFQs; tender returns; bid documents,Pre-contract,,DISCOVERY_SEED_REQUIRES_MODULE_VERIFICATION,2026-09-21,CBE-JTM-0240,cbe-job-tool-capability-register.csv
MMTR-0567,CBE_PROFESSIONAL_DOMAIN,D04,"Commercial, Contracts & Cost",F07;F09;F14;F19;F20;F26;F27,D04,CBE-JP-034,Estimator,Estimating / commercial / contract administration,Sage,Sage Estimating,Take-off; resource build-ups; supplier enquiries; estimates; tender submissions; revisions,Estimates; take-offs; RFQs; tender returns; bid documents,Pre-contract,,DISCOVERY_SEED_REQUIRES_MODULE_VERIFICATION,2026-09-21,CBE-JTM-0241,cbe-job-tool-capability-register.csv
MMTR-0568,CBE_PROFESSIONAL_DOMAIN,D10,"Facilities, Property & Asset Operations",F08;F09;F12;F13;F14;F22;F23;F26;F27,D10,CBE-JP-035,Facilities manager,Facilities / asset / maintenance operations,IBM,IBM Maximo Application Suite,Property/asset register; PPM; reactive maintenance; compliance; contractors; SLAs; budgets,Assets; work orders; service records; inspections; compliance evidence,Operations,,DISCOVERY_SEED_REQUIRES_MODULE_VERIFICATION,2026-09-21,CBE-JTM-0242,cbe-job-tool-capability-register.csv
MMTR-0569,CBE_PROFESSIONAL_DOMAIN,D10,"Facilities, Property & Asset Operations",F08;F09;F12;F13;F14;F22;F23;F26;F27,D10,CBE-JP-035,Facilities manager,Facilities / asset / maintenance operations,Planon,Planon IWMS,Property/asset register; PPM; reactive maintenance; compliance; contractors; SLAs; budgets,Assets; work orders; service records; inspections; compliance evidence,Operations,,DISCOVERY_SEED_REQUIRES_MODULE_VERIFICATION,2026-09-21,CBE-JTM-0243,cbe-job-tool-capability-register.csv
MMTR-0570,CBE_PROFESSIONAL_DOMAIN,D10,"Facilities, Property & Asset Operations",F08;F09;F12;F13;F14;F22;F23;F26;F27,D10,CBE-JP-035,Facilities manager,Facilities / asset / maintenance operations,MRI Software,MRI Software,Property/asset register; PPM; reactive maintenance; compliance; contractors; SLAs; budgets,Assets; work orders; service records; inspections; compliance evidence,Operations,,DISCOVERY_SEED_REQUIRES_MODULE_VERIFICATION,2026-09-21,CBE-JTM-0244,cbe-job-tool-capability-register.csv
MMTR-0571,CBE_PROFESSIONAL_DOMAIN,D10,"Facilities, Property & Asset Operations",F08;F09;F12;F13;F14;F22;F23;F26;F27,D10,CBE-JP-035,Facilities manager,Facilities / asset / maintenance operations,Eptura,Eptura / Archibus,Property/asset register; PPM; reactive maintenance; compliance; contractors; SLAs; budgets,Assets; work orders; service records; inspections; compliance evidence,Operations,,DISCOVERY_SEED_REQUIRES_MODULE_VERIFICATION,2026-09-21,CBE-JTM-0245,cbe-job-tool-capability-register.csv
MMTR-0572,CBE_PROFESSIONAL_DOMAIN,D10,"Facilities, Property & Asset Operations",F08;F09;F12;F13;F14;F22;F23;F26;F27,D10,CBE-JP-035,Facilities manager,Facilities / asset / maintenance operations,Spacewell,Spacewell,Property/asset register; PPM; reactive maintenance; compliance; contractors; SLAs; budgets,Assets; work orders; service records; inspections; compliance evidence,Operations,,DISCOVERY_SEED_REQUIRES_MODULE_VERIFICATION,2026-09-21,CBE-JTM-0246,cbe-job-tool-capability-register.csv
MMTR-0573,CBE_PROFESSIONAL_DOMAIN,D10,"Facilities, Property & Asset Operations",F08;F09;F12;F13;F14;F22;F23;F26;F27,D10,CBE-JP-035,Facilities manager,Facilities / asset / maintenance operations,IFS,IFS Cloud EAM,Property/asset register; PPM; reactive maintenance; compliance; contractors; SLAs; budgets,Assets; work orders; service records; inspections; compliance evidence,Operations,,DISCOVERY_SEED_REQUIRES_MODULE_VERIFICATION,2026-09-21,CBE-JTM-0247,cbe-job-tool-capability-register.csv
MMTR-0574,CBE_PROFESSIONAL_DOMAIN,D10,"Facilities, Property & Asset Operations",F08;F09;F12;F13;F14;F22;F23;F26;F27,D10,CBE-JP-035,Facilities manager,Facilities / asset / maintenance operations,Hexagon,HxGN EAM,Property/asset register; PPM; reactive maintenance; compliance; contractors; SLAs; budgets,Assets; work orders; service records; inspections; compliance evidence,Operations,,DISCOVERY_SEED_REQUIRES_MODULE_VERIFICATION,2026-09-21,CBE-JTM-0248,cbe-job-tool-capability-register.csv
MMTR-0575,CBE_PROFESSIONAL_DOMAIN,D10,"Facilities, Property & Asset Operations",F08;F09;F12;F13;F14;F22;F23;F26;F27,D10,CBE-JP-035,Facilities manager,Facilities / asset / maintenance operations,SAP,SAP Asset Management,Property/asset register; PPM; reactive maintenance; compliance; contractors; SLAs; budgets,Assets; work orders; service records; inspections; compliance evidence,Operations,,DISCOVERY_SEED_REQUIRES_MODULE_VERIFICATION,2026-09-21,CBE-JTM-0249,cbe-job-tool-capability-register.csv
MMTR-0576,CBE_PROFESSIONAL_DOMAIN,D07,Building Trades,F09;F10;F12;F13;F23;F26;F27,D07,CBE-JP-036,Fence installer,Trade field execution / estimating / evidence,Tradify,Tradify,Survey; estimate; set-out; installation; materials; completion,Quotes; work orders; material usage; photos,Construction / External works,,DISCOVERY_SEED_REQUIRES_MODULE_VERIFICATION,2026-09-21,CBE-JTM-0250,cbe-job-tool-capability-register.csv
MMTR-0577,CBE_PROFESSIONAL_DOMAIN,D07,Building Trades,F09;F10;F12;F13;F23;F26;F27,D07,CBE-JP-036,Fence installer,Trade field execution / estimating / evidence,Fergus,Fergus,Survey; estimate; set-out; installation; materials; completion,Quotes; work orders; material usage; photos,Construction / External works,,DISCOVERY_SEED_REQUIRES_MODULE_VERIFICATION,2026-09-21,CBE-JTM-0251,cbe-job-tool-capability-register.csv
MMTR-0578,CBE_PROFESSIONAL_DOMAIN,D07,Building Trades,F09;F10;F12;F13;F23;F26;F27,D07,CBE-JP-036,Fence installer,Trade field execution / estimating / evidence,ServiceM8,ServiceM8,Survey; estimate; set-out; installation; materials; completion,Quotes; work orders; material usage; photos,Construction / External works,,DISCOVERY_SEED_REQUIRES_MODULE_VERIFICATION,2026-09-21,CBE-JTM-0252,cbe-job-tool-capability-register.csv
MMTR-0579,CBE_PROFESSIONAL_DOMAIN,D07,Building Trades,F09;F10;F12;F13;F23;F26;F27,D07,CBE-JP-036,Fence installer,Trade field execution / estimating / evidence,BigChange,BigChange,Survey; estimate; set-out; installation; materials; completion,Quotes; work orders; material usage; photos,Construction / External works,,DISCOVERY_SEED_REQUIRES_MODULE_VERIFICATION,2026-09-21,CBE-JTM-0253,cbe-job-tool-capability-register.csv
MMTR-0580,CBE_PROFESSIONAL_DOMAIN,D07,Building Trades,F09;F10;F12;F13;F23;F26;F27,D07,CBE-JP-036,Fence installer,Trade field execution / estimating / evidence,Jobber,Jobber,Survey; estimate; set-out; installation; materials; completion,Quotes; work orders; material usage; photos,Construction / External works,,DISCOVERY_SEED_REQUIRES_MODULE_VERIFICATION,2026-09-21,CBE-JTM-0254,cbe-job-tool-capability-register.csv
MMTR-0581,CBE_PROFESSIONAL_DOMAIN,D07,Building Trades,F09;F10;F12;F13;F23;F26;F27,D07,CBE-JP-036,Fence installer,Trade field execution / estimating / evidence,SafetyCulture,SafetyCulture,Survey; estimate; set-out; installation; materials; completion,Quotes; work orders; material usage; photos,Construction / External works,,DISCOVERY_SEED_REQUIRES_MODULE_VERIFICATION,2026-09-21,CBE-JTM-0255,cbe-job-tool-capability-register.csv
MMTR-0582,CBE_PROFESSIONAL_DOMAIN,D02,Engineering & Technical Design,F05;F13;F19;F23;F26;F27,D02,CBE-JP-037,Fire safety engineer,Engineering analysis / design / technical information,Thunderhead Engineering,Thunderhead Engineering PyroSim,Fire strategy; modelling; design review; compliance evidence; inspections,Fire strategies; calculations; reports; design comments,Design; Construction; Operations,,DISCOVERY_SEED_REQUIRES_MODULE_VERIFICATION,2026-09-21,CBE-JTM-0256,cbe-job-tool-capability-register.csv
MMTR-0583,CBE_PROFESSIONAL_DOMAIN,D02,Engineering & Technical Design,F05;F13;F19;F23;F26;F27,D02,CBE-JP-037,Fire safety engineer,Engineering analysis / design / technical information,NIST,NIST Fire Dynamics Simulator (FDS),Fire strategy; modelling; design review; compliance evidence; inspections,Fire strategies; calculations; reports; design comments,Design; Construction; Operations,,DISCOVERY_SEED_REQUIRES_MODULE_VERIFICATION,2026-09-21,CBE-JTM-0257,cbe-job-tool-capability-register.csv
MMTR-0584,CBE_PROFESSIONAL_DOMAIN,D02,Engineering & Technical Design,F05;F13;F19;F23;F26;F27,D02,CBE-JP-037,Fire safety engineer,Engineering analysis / design / technical information,Thunderhead Engineering,Thunderhead Engineering Pathfinder,Fire strategy; modelling; design review; compliance evidence; inspections,Fire strategies; calculations; reports; design comments,Design; Construction; Operations,,DISCOVERY_SEED_REQUIRES_MODULE_VERIFICATION,2026-09-21,CBE-JTM-0258,cbe-job-tool-capability-register.csv
MMTR-0585,CBE_PROFESSIONAL_DOMAIN,D02,Engineering & Technical Design,F05;F13;F19;F23;F26;F27,D02,CBE-JP-037,Fire safety engineer,Engineering analysis / design / technical information,NIST,NIST CFAST,Fire strategy; modelling; design review; compliance evidence; inspections,Fire strategies; calculations; reports; design comments,Design; Construction; Operations,,DISCOVERY_SEED_REQUIRES_MODULE_VERIFICATION,2026-09-21,CBE-JTM-0259,cbe-job-tool-capability-register.csv
MMTR-0586,CBE_PROFESSIONAL_DOMAIN,D02,Engineering & Technical Design,F05;F13;F19;F23;F26;F27,D02,CBE-JP-037,Fire safety engineer,Engineering analysis / design / technical information,Oasys / Arup,Oasys MassMotion,Fire strategy; modelling; design review; compliance evidence; inspections,Fire strategies; calculations; reports; design comments,Design; Construction; Operations,,DISCOVERY_SEED_REQUIRES_MODULE_VERIFICATION,2026-09-21,CBE-JTM-0260,cbe-job-tool-capability-register.csv
MMTR-0587,CBE_PROFESSIONAL_DOMAIN,D02,Engineering & Technical Design,F05;F13;F19;F23;F26;F27,D02,CBE-JP-037,Fire safety engineer,Engineering analysis / design / technical information,Autodesk,Autodesk Revit,Fire strategy; modelling; design review; compliance evidence; inspections,Fire strategies; calculations; reports; design comments,Design; Construction; Operations,https://www.autodesk.com/products/revit/overview,WEB_ANCHOR_VERIFIED,2026-09-21,CBE-JTM-0261,cbe-job-tool-capability-register.csv
MMTR-0588,CBE_PROFESSIONAL_DOMAIN,D02,Engineering & Technical Design,F05;F13;F19;F23;F26;F27,D02,CBE-JP-037,Fire safety engineer,Engineering analysis / design / technical information,Bluebeam,Bluebeam Revu,Fire strategy; modelling; design review; compliance evidence; inspections,Fire strategies; calculations; reports; design comments,Design; Construction; Operations,https://www.bluebeam.com/revu/,WEB_ANCHOR_VERIFIED,2026-09-21,CBE-JTM-0262,cbe-job-tool-capability-register.csv
MMTR-0589,CBE_PROFESSIONAL_DOMAIN,D07,Building Trades,F09;F10;F12;F13;F23;F26;F27,D07,CBE-JP-038,Formworker,Trade field execution / estimating / evidence,Trimble,Tekla Structures,Formwork planning; drawings; material/plant requirements; installation; striking; checks,Work orders; checklists; material records; photos,Structural construction,https://www.tekla.com/products/tekla-structures,WEB_ANCHOR_VERIFIED,2026-09-21,CBE-JTM-0263,cbe-job-tool-capability-register.csv
MMTR-0590,CBE_PROFESSIONAL_DOMAIN,D07,Building Trades,F09;F10;F12;F13;F23;F26;F27,D07,CBE-JP-038,Formworker,Trade field execution / estimating / evidence,PERI,PERI CAD / planning tools,Formwork planning; drawings; material/plant requirements; installation; striking; checks,Work orders; checklists; material records; photos,Structural construction,,DISCOVERY_SEED_REQUIRES_MODULE_VERIFICATION,2026-09-21,CBE-JTM-0264,cbe-job-tool-capability-register.csv
MMTR-0591,CBE_PROFESSIONAL_DOMAIN,D07,Building Trades,F09;F10;F12;F13;F23;F26;F27,D07,CBE-JP-038,Formworker,Trade field execution / estimating / evidence,Doka,Doka Tipos / planning tools,Formwork planning; drawings; material/plant requirements; installation; striking; checks,Work orders; checklists; material records; photos,Structural construction,,DISCOVERY_SEED_REQUIRES_MODULE_VERIFICATION,2026-09-21,CBE-JTM-0265,cbe-job-tool-capability-register.csv
MMTR-0592,CBE_PROFESSIONAL_DOMAIN,D07,Building Trades,F09;F10;F12;F13;F23;F26;F27,D07,CBE-JP-038,Formworker,Trade field execution / estimating / evidence,Autodesk,Autodesk Revit,Formwork planning; drawings; material/plant requirements; installation; striking; checks,Work orders; checklists; material records; photos,Structural construction,https://www.autodesk.com/products/revit/overview,WEB_ANCHOR_VERIFIED,2026-09-21,CBE-JTM-0266,cbe-job-tool-capability-register.csv
MMTR-0593,CBE_PROFESSIONAL_DOMAIN,D07,Building Trades,F09;F10;F12;F13;F23;F26;F27,D07,CBE-JP-038,Formworker,Trade field execution / estimating / evidence,Procore,Procore,Formwork planning; drawings; material/plant requirements; installation; striking; checks,Work orders; checklists; material records; photos,Structural construction,https://www.procore.com/,WEB_ANCHOR_VERIFIED,2026-09-21,CBE-JTM-0267,cbe-job-tool-capability-register.csv
MMTR-0594,CBE_PROFESSIONAL_DOMAIN,D07,Building Trades,F09;F10;F12;F13;F23;F26;F27,D07,CBE-JP-038,Formworker,Trade field execution / estimating / evidence,Autodesk,Autodesk Build,Formwork planning; drawings; material/plant requirements; installation; striking; checks,Work orders; checklists; material records; photos,Structural construction,https://construction.autodesk.com/products/autodesk-build/,WEB_ANCHOR_VERIFIED,2026-09-21,CBE-JTM-0268,cbe-job-tool-capability-register.csv
MMTR-0595,CBE_PROFESSIONAL_DOMAIN,D07,Building Trades,F09;F10;F12;F13;F23;F26;F27,D07,CBE-JP-038,Formworker,Trade field execution / estimating / evidence,SafetyCulture,SafetyCulture,Formwork planning; drawings; material/plant requirements; installation; striking; checks,Work orders; checklists; material records; photos,Structural construction,,DISCOVERY_SEED_REQUIRES_MODULE_VERIFICATION,2026-09-21,CBE-JTM-0269,cbe-job-tool-capability-register.csv
MMTR-0596,CBE_PROFESSIONAL_DOMAIN,D14,Supply Chain & Manufacturing,F07;F09;F10;F11;F13;F14;F26;F27,D14,CBE-JP-039,Furniture maker,Supply / fabrication / manufacturing,Hexagon,Hexagon Cabinet Vision,Design; BOM; production; stock; quality; orders; delivery,Drawings; BOMs; work orders; QC records; sales orders,Manufacture; Supply,,DISCOVERY_SEED_REQUIRES_MODULE_VERIFICATION,2026-09-21,CBE-JTM-0270,cbe-job-tool-capability-register.csv
MMTR-0597,CBE_PROFESSIONAL_DOMAIN,D14,Supply Chain & Manufacturing,F07;F09;F10;F11;F13;F14;F26;F27,D14,CBE-JP-039,Furniture maker,Supply / fabrication / manufacturing,Microvellum,Microvellum,Design; BOM; production; stock; quality; orders; delivery,Drawings; BOMs; work orders; QC records; sales orders,Manufacture; Supply,,DISCOVERY_SEED_REQUIRES_MODULE_VERIFICATION,2026-09-21,CBE-JTM-0271,cbe-job-tool-capability-register.csv
MMTR-0598,CBE_PROFESSIONAL_DOMAIN,D14,Supply Chain & Manufacturing,F07;F09;F10;F11;F13;F14;F26;F27,D14,CBE-JP-039,Furniture maker,Supply / fabrication / manufacturing,Autodesk,Autodesk Fusion,Design; BOM; production; stock; quality; orders; delivery,Drawings; BOMs; work orders; QC records; sales orders,Manufacture; Supply,,DISCOVERY_SEED_REQUIRES_MODULE_VERIFICATION,2026-09-21,CBE-JTM-0272,cbe-job-tool-capability-register.csv
MMTR-0599,CBE_PROFESSIONAL_DOMAIN,D14,Supply Chain & Manufacturing,F07;F09;F10;F11;F13;F14;F26;F27,D14,CBE-JP-039,Furniture maker,Supply / fabrication / manufacturing,Dassault Systèmes,SOLIDWORKS,Design; BOM; production; stock; quality; orders; delivery,Drawings; BOMs; work orders; QC records; sales orders,Manufacture; Supply,,DISCOVERY_SEED_REQUIRES_MODULE_VERIFICATION,2026-09-21,CBE-JTM-0273,cbe-job-tool-capability-register.csv
MMTR-0600,CBE_PROFESSIONAL_DOMAIN,D14,Supply Chain & Manufacturing,F07;F09;F10;F11;F13;F14;F26;F27,D14,CBE-JP-039,Furniture maker,Supply / fabrication / manufacturing,Cyncly,Cyncly 3CAD,Design; BOM; production; stock; quality; orders; delivery,Drawings; BOMs; work orders; QC records; sales orders,Manufacture; Supply,,DISCOVERY_SEED_REQUIRES_MODULE_VERIFICATION,2026-09-21,CBE-JTM-0274,cbe-job-tool-capability-register.csv
MMTR-0601,CBE_PROFESSIONAL_DOMAIN,D14,Supply Chain & Manufacturing,F07;F09;F10;F11;F13;F14;F26;F27,D14,CBE-JP-039,Furniture maker,Supply / fabrication / manufacturing,HOMAG,HOMAG productionManager,Design; BOM; production; stock; quality; orders; delivery,Drawings; BOMs; work orders; QC records; sales orders,Manufacture; Supply,,DISCOVERY_SEED_REQUIRES_MODULE_VERIFICATION,2026-09-21,CBE-JTM-0275,cbe-job-tool-capability-register.csv
MMTR-0602,CBE_PROFESSIONAL_DOMAIN,D12,Utilities & Networks,F09;F10;F12;F13;F22;F23;F26;F27,D12,CBE-JP-040,Gas mains layer,Utilities / network / field operations,Esri,Esri ArcGIS Utility Network,Work orders; excavation/laying records; materials; pressure/test records; reinstatement; asset location,Job packs; network records; test results; as-builts,Infrastructure construction; Maintenance,,DISCOVERY_SEED_REQUIRES_MODULE_VERIFICATION,2026-09-21,CBE-JTM-0276,cbe-job-tool-capability-register.csv
MMTR-0603,CBE_PROFESSIONAL_DOMAIN,D12,Utilities & Networks,F09;F10;F12;F13;F22;F23;F26;F27,D12,CBE-JP-040,Gas mains layer,Utilities / network / field operations,Bentley Systems,Bentley OpenUtilities,Work orders; excavation/laying records; materials; pressure/test records; reinstatement; asset location,Job packs; network records; test results; as-builts,Infrastructure construction; Maintenance,,DISCOVERY_SEED_REQUIRES_MODULE_VERIFICATION,2026-09-21,CBE-JTM-0277,cbe-job-tool-capability-register.csv
MMTR-0604,CBE_PROFESSIONAL_DOMAIN,D12,Utilities & Networks,F09;F10;F12;F13;F22;F23;F26;F27,D12,CBE-JP-040,Gas mains layer,Utilities / network / field operations,Trimble,Trimble Siteworks,Work orders; excavation/laying records; materials; pressure/test records; reinstatement; asset location,Job packs; network records; test results; as-builts,Infrastructure construction; Maintenance,,DISCOVERY_SEED_REQUIRES_MODULE_VERIFICATION,2026-09-21,CBE-JTM-0278,cbe-job-tool-capability-register.csv
MMTR-0605,CBE_PROFESSIONAL_DOMAIN,D12,Utilities & Networks,F09;F10;F12;F13;F22;F23;F26;F27,D12,CBE-JP-040,Gas mains layer,Utilities / network / field operations,IBM,IBM Maximo Application Suite,Work orders; excavation/laying records; materials; pressure/test records; reinstatement; asset location,Job packs; network records; test results; as-builts,Infrastructure construction; Maintenance,,DISCOVERY_SEED_REQUIRES_MODULE_VERIFICATION,2026-09-21,CBE-JTM-0279,cbe-job-tool-capability-register.csv
MMTR-0606,CBE_PROFESSIONAL_DOMAIN,D12,Utilities & Networks,F09;F10;F12;F13;F22;F23;F26;F27,D12,CBE-JP-040,Gas mains layer,Utilities / network / field operations,SAP,SAP Field Service Management,Work orders; excavation/laying records; materials; pressure/test records; reinstatement; asset location,Job packs; network records; test results; as-builts,Infrastructure construction; Maintenance,,DISCOVERY_SEED_REQUIRES_MODULE_VERIFICATION,2026-09-21,CBE-JTM-0280,cbe-job-tool-capability-register.csv
MMTR-0607,CBE_PROFESSIONAL_DOMAIN,D12,Utilities & Networks,F09;F10;F12;F13;F22;F23;F26;F27,D12,CBE-JP-040,Gas mains layer,Utilities / network / field operations,SafetyCulture,SafetyCulture,Work orders; excavation/laying records; materials; pressure/test records; reinstatement; asset location,Job packs; network records; test results; as-builts,Infrastructure construction; Maintenance,,DISCOVERY_SEED_REQUIRES_MODULE_VERIFICATION,2026-09-21,CBE-JTM-0281,cbe-job-tool-capability-register.csv
MMTR-0608,CBE_PROFESSIONAL_DOMAIN,D08,Building Services Trades,F09;F10;F12;F13;F22;F23;F26;F27,D08,CBE-JP-041,Gas service technician,Building-services design / field service / certification,Joblogic,Joblogic,Jobs; appliances; service schedules; tests; defects; parts; certification,Job sheets; appliance records; test results; service records,Installation; Maintenance,,DISCOVERY_SEED_REQUIRES_MODULE_VERIFICATION,2026-09-21,CBE-JTM-0282,cbe-job-tool-capability-register.csv
MMTR-0609,CBE_PROFESSIONAL_DOMAIN,D08,Building Services Trades,F09;F10;F12;F13;F22;F23;F26;F27,D08,CBE-JP-041,Gas service technician,Building-services design / field service / certification,simPRO,simPRO,Jobs; appliances; service schedules; tests; defects; parts; certification,Job sheets; appliance records; test results; service records,Installation; Maintenance,,DISCOVERY_SEED_REQUIRES_MODULE_VERIFICATION,2026-09-21,CBE-JTM-0283,cbe-job-tool-capability-register.csv
MMTR-0610,CBE_PROFESSIONAL_DOMAIN,D08,Building Services Trades,F09;F10;F12;F13;F22;F23;F26;F27,D08,CBE-JP-041,Gas service technician,Building-services design / field service / certification,Commusoft,Commusoft,Jobs; appliances; service schedules; tests; defects; parts; certification,Job sheets; appliance records; test results; service records,Installation; Maintenance,,DISCOVERY_SEED_REQUIRES_MODULE_VERIFICATION,2026-09-21,CBE-JTM-0284,cbe-job-tool-capability-register.csv
MMTR-0611,CBE_PROFESSIONAL_DOMAIN,D08,Building Services Trades,F09;F10;F12;F13;F22;F23;F26;F27,D08,CBE-JP-041,Gas service technician,Building-services design / field service / certification,BigChange,BigChange,Jobs; appliances; service schedules; tests; defects; parts; certification,Job sheets; appliance records; test results; service records,Installation; Maintenance,,DISCOVERY_SEED_REQUIRES_MODULE_VERIFICATION,2026-09-21,CBE-JTM-0285,cbe-job-tool-capability-register.csv
MMTR-0612,CBE_PROFESSIONAL_DOMAIN,D08,Building Services Trades,F09;F10;F12;F13;F22;F23;F26;F27,D08,CBE-JP-041,Gas service technician,Building-services design / field service / certification,ServiceM8,ServiceM8,Jobs; appliances; service schedules; tests; defects; parts; certification,Job sheets; appliance records; test results; service records,Installation; Maintenance,,DISCOVERY_SEED_REQUIRES_MODULE_VERIFICATION,2026-09-21,CBE-JTM-0286,cbe-job-tool-capability-register.csv
MMTR-0613,CBE_PROFESSIONAL_DOMAIN,D08,Building Services Trades,F09;F10;F12;F13;F22;F23;F26;F27,D08,CBE-JP-041,Gas service technician,Building-services design / field service / certification,Tradify,Tradify,Jobs; appliances; service schedules; tests; defects; parts; certification,Job sheets; appliance records; test results; service records,Installation; Maintenance,,DISCOVERY_SEED_REQUIRES_MODULE_VERIFICATION,2026-09-21,CBE-JTM-0287,cbe-job-tool-capability-register.csv
MMTR-0614,CBE_PROFESSIONAL_DOMAIN,D03,"Surveying, Property & Land",F05;F07;F14;F19;F22;F26;F27,D03,CBE-JP-042,General practice surveyor,Survey / property / valuation / evidence,Altus Group,ARGUS Enterprise,Property records; valuations; transactions; leases; development appraisal; client advice,Valuations; property records; instructions; reports,Acquisition; Development; Operations,,DISCOVERY_SEED_REQUIRES_MODULE_VERIFICATION,2026-09-21,CBE-JTM-0288,cbe-job-tool-capability-register.csv
MMTR-0615,CBE_PROFESSIONAL_DOMAIN,D03,"Surveying, Property & Land",F05;F07;F14;F19;F22;F26;F27,D03,CBE-JP-042,General practice surveyor,Survey / property / valuation / evidence,MRI Software,MRI Horizon,Property records; valuations; transactions; leases; development appraisal; client advice,Valuations; property records; instructions; reports,Acquisition; Development; Operations,,DISCOVERY_SEED_REQUIRES_MODULE_VERIFICATION,2026-09-21,CBE-JTM-0289,cbe-job-tool-capability-register.csv
MMTR-0616,CBE_PROFESSIONAL_DOMAIN,D03,"Surveying, Property & Land",F05;F07;F14;F19;F22;F26;F27,D03,CBE-JP-042,General practice surveyor,Survey / property / valuation / evidence,Yardi,Yardi Voyager,Property records; valuations; transactions; leases; development appraisal; client advice,Valuations; property records; instructions; reports,Acquisition; Development; Operations,,DISCOVERY_SEED_REQUIRES_MODULE_VERIFICATION,2026-09-21,CBE-JTM-0290,cbe-job-tool-capability-register.csv
MMTR-0617,CBE_PROFESSIONAL_DOMAIN,D03,"Surveying, Property & Land",F05;F07;F14;F19;F22;F26;F27,D03,CBE-JP-042,General practice surveyor,Survey / property / valuation / evidence,Re-Leased,Re-Leased,Property records; valuations; transactions; leases; development appraisal; client advice,Valuations; property records; instructions; reports,Acquisition; Development; Operations,,DISCOVERY_SEED_REQUIRES_MODULE_VERIFICATION,2026-09-21,CBE-JTM-0291,cbe-job-tool-capability-register.csv
MMTR-0618,CBE_PROFESSIONAL_DOMAIN,D03,"Surveying, Property & Land",F05;F07;F14;F19;F22;F26;F27,D03,CBE-JP-042,General practice surveyor,Survey / property / valuation / evidence,Esri,Esri ArcGIS Pro,Property records; valuations; transactions; leases; development appraisal; client advice,Valuations; property records; instructions; reports,Acquisition; Development; Operations,,DISCOVERY_SEED_REQUIRES_MODULE_VERIFICATION,2026-09-21,CBE-JTM-0292,cbe-job-tool-capability-register.csv
MMTR-0619,CBE_PROFESSIONAL_DOMAIN,D03,"Surveying, Property & Land",F05;F07;F14;F19;F22;F26;F27,D03,CBE-JP-042,General practice surveyor,Survey / property / valuation / evidence,Microsoft,Microsoft Power BI,Property records; valuations; transactions; leases; development appraisal; client advice,Valuations; property records; instructions; reports,Acquisition; Development; Operations,,DISCOVERY_SEED_REQUIRES_MODULE_VERIFICATION,2026-09-21,CBE-JTM-0293,cbe-job-tool-capability-register.csv
MMTR-0620,CBE_PROFESSIONAL_DOMAIN,D05,"Geospatial, Planning & Transport",F05;F17;F19;F22;F26;F27,D05,CBE-JP-043,Geospatial technician,GIS / planning / modelling / case management,Trimble,Trimble Business Center,Data capture; GIS layers; coordinate/reference management; mapping; exports,Spatial datasets; maps; metadata,Survey; Planning; Construction,https://geospatial.trimble.com/en/products/software/trimble-business-center,WEB_ANCHOR_VERIFIED,2026-09-21,CBE-JTM-0294,cbe-job-tool-capability-register.csv
MMTR-0621,CBE_PROFESSIONAL_DOMAIN,D05,"Geospatial, Planning & Transport",F05;F17;F19;F22;F26;F27,D05,CBE-JP-043,Geospatial technician,GIS / planning / modelling / case management,Leica Geosystems,Leica Cyclone,Data capture; GIS layers; coordinate/reference management; mapping; exports,Spatial datasets; maps; metadata,Survey; Planning; Construction,,DISCOVERY_SEED_REQUIRES_MODULE_VERIFICATION,2026-09-21,CBE-JTM-0295,cbe-job-tool-capability-register.csv
MMTR-0622,CBE_PROFESSIONAL_DOMAIN,D05,"Geospatial, Planning & Transport",F05;F17;F19;F22;F26;F27,D05,CBE-JP-043,Geospatial technician,GIS / planning / modelling / case management,Leica Geosystems,Leica Infinity,Data capture; GIS layers; coordinate/reference management; mapping; exports,Spatial datasets; maps; metadata,Survey; Planning; Construction,,DISCOVERY_SEED_REQUIRES_MODULE_VERIFICATION,2026-09-21,CBE-JTM-0296,cbe-job-tool-capability-register.csv
MMTR-0623,CBE_PROFESSIONAL_DOMAIN,D05,"Geospatial, Planning & Transport",F05;F17;F19;F22;F26;F27,D05,CBE-JP-043,Geospatial technician,GIS / planning / modelling / case management,Esri,Esri ArcGIS Pro,Data capture; GIS layers; coordinate/reference management; mapping; exports,Spatial datasets; maps; metadata,Survey; Planning; Construction,,DISCOVERY_SEED_REQUIRES_MODULE_VERIFICATION,2026-09-21,CBE-JTM-0297,cbe-job-tool-capability-register.csv
MMTR-0624,CBE_PROFESSIONAL_DOMAIN,D05,"Geospatial, Planning & Transport",F05;F17;F19;F22;F26;F27,D05,CBE-JP-043,Geospatial technician,GIS / planning / modelling / case management,QGIS Project,QGIS,Data capture; GIS layers; coordinate/reference management; mapping; exports,Spatial datasets; maps; metadata,Survey; Planning; Construction,,DISCOVERY_SEED_REQUIRES_MODULE_VERIFICATION,2026-09-21,CBE-JTM-0298,cbe-job-tool-capability-register.csv
MMTR-0625,CBE_PROFESSIONAL_DOMAIN,D05,"Geospatial, Planning & Transport",F05;F17;F19;F22;F26;F27,D05,CBE-JP-043,Geospatial technician,GIS / planning / modelling / case management,Autodesk,Autodesk Civil 3D,Data capture; GIS layers; coordinate/reference management; mapping; exports,Spatial datasets; maps; metadata,Survey; Planning; Construction,https://www.autodesk.com/products/civil-3d/overview,WEB_ANCHOR_VERIFIED,2026-09-21,CBE-JTM-0299,cbe-job-tool-capability-register.csv
MMTR-0626,CBE_PROFESSIONAL_DOMAIN,D05,"Geospatial, Planning & Transport",F05;F17;F19;F22;F26;F27,D05,CBE-JP-043,Geospatial technician,GIS / planning / modelling / case management,Safe Software,Safe Software FME,Data capture; GIS layers; coordinate/reference management; mapping; exports,Spatial datasets; maps; metadata,Survey; Planning; Construction,,DISCOVERY_SEED_REQUIRES_MODULE_VERIFICATION,2026-09-21,CBE-JTM-0300,cbe-job-tool-capability-register.csv
MMTR-0627,CBE_PROFESSIONAL_DOMAIN,D07,Building Trades,F09;F10;F12;F13;F23;F26;F27,D07,CBE-JP-044,Glazier,Trade field execution / estimating / evidence,Cyncly,Cyncly Soft Tech,Measure; quote; product/order; installation; repair; completion,Measurements; quotes; work orders; product records; photos,Fit-out; Maintenance,,DISCOVERY_SEED_REQUIRES_MODULE_VERIFICATION,2026-09-21,CBE-JTM-0301,cbe-job-tool-capability-register.csv
MMTR-0628,CBE_PROFESSIONAL_DOMAIN,D07,Building Trades,F09;F10;F12;F13;F23;F26;F27,D07,CBE-JP-044,Glazier,Trade field execution / estimating / evidence,Orgadata,Orgadata Logikal,Measure; quote; product/order; installation; repair; completion,Measurements; quotes; work orders; product records; photos,Fit-out; Maintenance,,DISCOVERY_SEED_REQUIRES_MODULE_VERIFICATION,2026-09-21,CBE-JTM-0302,cbe-job-tool-capability-register.csv
MMTR-0629,CBE_PROFESSIONAL_DOMAIN,D07,Building Trades,F09;F10;F12;F13;F23;F26;F27,D07,CBE-JP-044,Glazier,Trade field execution / estimating / evidence,Tradify,Tradify,Measure; quote; product/order; installation; repair; completion,Measurements; quotes; work orders; product records; photos,Fit-out; Maintenance,,DISCOVERY_SEED_REQUIRES_MODULE_VERIFICATION,2026-09-21,CBE-JTM-0303,cbe-job-tool-capability-register.csv
MMTR-0630,CBE_PROFESSIONAL_DOMAIN,D07,Building Trades,F09;F10;F12;F13;F23;F26;F27,D07,CBE-JP-044,Glazier,Trade field execution / estimating / evidence,simPRO,simPRO,Measure; quote; product/order; installation; repair; completion,Measurements; quotes; work orders; product records; photos,Fit-out; Maintenance,,DISCOVERY_SEED_REQUIRES_MODULE_VERIFICATION,2026-09-21,CBE-JTM-0304,cbe-job-tool-capability-register.csv
MMTR-0631,CBE_PROFESSIONAL_DOMAIN,D07,Building Trades,F09;F10;F12;F13;F23;F26;F27,D07,CBE-JP-044,Glazier,Trade field execution / estimating / evidence,BigChange,BigChange,Measure; quote; product/order; installation; repair; completion,Measurements; quotes; work orders; product records; photos,Fit-out; Maintenance,,DISCOVERY_SEED_REQUIRES_MODULE_VERIFICATION,2026-09-21,CBE-JTM-0305,cbe-job-tool-capability-register.csv
MMTR-0632,CBE_PROFESSIONAL_DOMAIN,D07,Building Trades,F09;F10;F12;F13;F23;F26;F27,D07,CBE-JP-044,Glazier,Trade field execution / estimating / evidence,ServiceM8,ServiceM8,Measure; quote; product/order; installation; repair; completion,Measurements; quotes; work orders; product records; photos,Fit-out; Maintenance,,DISCOVERY_SEED_REQUIRES_MODULE_VERIFICATION,2026-09-21,CBE-JTM-0306,cbe-job-tool-capability-register.csv
MMTR-0633,CBE_PROFESSIONAL_DOMAIN,D08,Building Services Trades,F09;F10;F12;F13;F22;F23;F26;F27,D08,CBE-JP-045,Heat pump engineer,Building-services design / field service / certification,Heat Engineer Software,Heat Engineer Software,Survey; sizing; estimate; installation; commissioning; servicing; evidence,Survey; calculations; job sheets; commissioning/test records,Retrofit/Installation; Maintenance,,DISCOVERY_SEED_REQUIRES_MODULE_VERIFICATION,2026-09-21,CBE-JTM-0307,cbe-job-tool-capability-register.csv
MMTR-0634,CBE_PROFESSIONAL_DOMAIN,D08,Building Services Trades,F09;F10;F12;F13;F22;F23;F26;F27,D08,CBE-JP-045,Heat pump engineer,Building-services design / field service / certification,IES,IES VE 2026,Survey; sizing; estimate; installation; commissioning; servicing; evidence,Survey; calculations; job sheets; commissioning/test records,Retrofit/Installation; Maintenance,https://www.iesve.com/ve2026,WEB_ANCHOR_VERIFIED,2026-09-21,CBE-JTM-0308,cbe-job-tool-capability-register.csv
MMTR-0635,CBE_PROFESSIONAL_DOMAIN,D08,Building Services Trades,F09;F10;F12;F13;F22;F23;F26;F27,D08,CBE-JP-045,Heat pump engineer,Building-services design / field service / certification,DesignBuilder Software,DesignBuilder,Survey; sizing; estimate; installation; commissioning; servicing; evidence,Survey; calculations; job sheets; commissioning/test records,Retrofit/Installation; Maintenance,,DISCOVERY_SEED_REQUIRES_MODULE_VERIFICATION,2026-09-21,CBE-JTM-0309,cbe-job-tool-capability-register.csv
MMTR-0636,CBE_PROFESSIONAL_DOMAIN,D08,Building Services Trades,F09;F10;F12;F13;F22;F23;F26;F27,D08,CBE-JP-045,Heat pump engineer,Building-services design / field service / certification,Joblogic,Joblogic,Survey; sizing; estimate; installation; commissioning; servicing; evidence,Survey; calculations; job sheets; commissioning/test records,Retrofit/Installation; Maintenance,,DISCOVERY_SEED_REQUIRES_MODULE_VERIFICATION,2026-09-21,CBE-JTM-0310,cbe-job-tool-capability-register.csv
MMTR-0637,CBE_PROFESSIONAL_DOMAIN,D08,Building Services Trades,F09;F10;F12;F13;F22;F23;F26;F27,D08,CBE-JP-045,Heat pump engineer,Building-services design / field service / certification,simPRO,simPRO,Survey; sizing; estimate; installation; commissioning; servicing; evidence,Survey; calculations; job sheets; commissioning/test records,Retrofit/Installation; Maintenance,,DISCOVERY_SEED_REQUIRES_MODULE_VERIFICATION,2026-09-21,CBE-JTM-0311,cbe-job-tool-capability-register.csv
MMTR-0638,CBE_PROFESSIONAL_DOMAIN,D08,Building Services Trades,F09;F10;F12;F13;F22;F23;F26;F27,D08,CBE-JP-045,Heat pump engineer,Building-services design / field service / certification,Commusoft,Commusoft,Survey; sizing; estimate; installation; commissioning; servicing; evidence,Survey; calculations; job sheets; commissioning/test records,Retrofit/Installation; Maintenance,,DISCOVERY_SEED_REQUIRES_MODULE_VERIFICATION,2026-09-21,CBE-JTM-0312,cbe-job-tool-capability-register.csv
MMTR-0639,CBE_PROFESSIONAL_DOMAIN,D08,Building Services Trades,F09;F10;F12;F13;F22;F23;F26;F27,D08,CBE-JP-045,Heat pump engineer,Building-services design / field service / certification,Elmhurst Energy,Elmhurst Design SAP 10,Survey; sizing; estimate; installation; commissioning; servicing; evidence,Survey; calculations; job sheets; commissioning/test records,Retrofit/Installation; Maintenance,https://www.elmhurstenergy.co.uk/design-sap-software/,WEB_ANCHOR_VERIFIED,2026-09-21,CBE-JTM-0313,cbe-job-tool-capability-register.csv
MMTR-0640,CBE_PROFESSIONAL_DOMAIN,D08,Building Services Trades,F09;F10;F12;F13;F22;F23;F26;F27,D08,CBE-JP-046,Heating and ventilation engineer,Building-services design / field service / certification,MagiCAD Group,MagiCAD,Survey; design support; installation; commissioning; service; defects,Job sheets; equipment records; test/commissioning sheets,Installation; Commissioning; Maintenance,,DISCOVERY_SEED_REQUIRES_MODULE_VERIFICATION,2026-09-21,CBE-JTM-0314,cbe-job-tool-capability-register.csv
MMTR-0641,CBE_PROFESSIONAL_DOMAIN,D08,Building Services Trades,F09;F10;F12;F13;F22;F23;F26;F27,D08,CBE-JP-046,Heating and ventilation engineer,Building-services design / field service / certification,Autodesk,Autodesk Revit,Survey; design support; installation; commissioning; service; defects,Job sheets; equipment records; test/commissioning sheets,Installation; Commissioning; Maintenance,https://www.autodesk.com/products/revit/overview,WEB_ANCHOR_VERIFIED,2026-09-21,CBE-JTM-0315,cbe-job-tool-capability-register.csv
MMTR-0642,CBE_PROFESSIONAL_DOMAIN,D08,Building Services Trades,F09;F10;F12;F13;F22;F23;F26;F27,D08,CBE-JP-046,Heating and ventilation engineer,Building-services design / field service / certification,IES,IES VE 2026,Survey; design support; installation; commissioning; service; defects,Job sheets; equipment records; test/commissioning sheets,Installation; Commissioning; Maintenance,https://www.iesve.com/ve2026,WEB_ANCHOR_VERIFIED,2026-09-21,CBE-JTM-0316,cbe-job-tool-capability-register.csv
MMTR-0643,CBE_PROFESSIONAL_DOMAIN,D08,Building Services Trades,F09;F10;F12;F13;F22;F23;F26;F27,D08,CBE-JP-046,Heating and ventilation engineer,Building-services design / field service / certification,DesignBuilder Software,DesignBuilder,Survey; design support; installation; commissioning; service; defects,Job sheets; equipment records; test/commissioning sheets,Installation; Commissioning; Maintenance,,DISCOVERY_SEED_REQUIRES_MODULE_VERIFICATION,2026-09-21,CBE-JTM-0317,cbe-job-tool-capability-register.csv
MMTR-0644,CBE_PROFESSIONAL_DOMAIN,D08,Building Services Trades,F09;F10;F12;F13;F22;F23;F26;F27,D08,CBE-JP-046,Heating and ventilation engineer,Building-services design / field service / certification,Danfoss,Danfoss Coolselector2,Survey; design support; installation; commissioning; service; defects,Job sheets; equipment records; test/commissioning sheets,Installation; Commissioning; Maintenance,,DISCOVERY_SEED_REQUIRES_MODULE_VERIFICATION,2026-09-21,CBE-JTM-0318,cbe-job-tool-capability-register.csv
MMTR-0645,CBE_PROFESSIONAL_DOMAIN,D08,Building Services Trades,F09;F10;F12;F13;F22;F23;F26;F27,D08,CBE-JP-046,Heating and ventilation engineer,Building-services design / field service / certification,Joblogic,Joblogic,Survey; design support; installation; commissioning; service; defects,Job sheets; equipment records; test/commissioning sheets,Installation; Commissioning; Maintenance,,DISCOVERY_SEED_REQUIRES_MODULE_VERIFICATION,2026-09-21,CBE-JTM-0319,cbe-job-tool-capability-register.csv
MMTR-0646,CBE_PROFESSIONAL_DOMAIN,D08,Building Services Trades,F09;F10;F12;F13;F22;F23;F26;F27,D08,CBE-JP-046,Heating and ventilation engineer,Building-services design / field service / certification,simPRO,simPRO,Survey; design support; installation; commissioning; service; defects,Job sheets; equipment records; test/commissioning sheets,Installation; Commissioning; Maintenance,,DISCOVERY_SEED_REQUIRES_MODULE_VERIFICATION,2026-09-21,CBE-JTM-0320,cbe-job-tool-capability-register.csv
MMTR-0647,CBE_PROFESSIONAL_DOMAIN,D08,Building Services Trades,F09;F10;F12;F13;F22;F23;F26;F27,D08,CBE-JP-046,Heating and ventilation engineer,Building-services design / field service / certification,Commusoft,Commusoft,Survey; design support; installation; commissioning; service; defects,Job sheets; equipment records; test/commissioning sheets,Installation; Commissioning; Maintenance,,DISCOVERY_SEED_REQUIRES_MODULE_VERIFICATION,2026-09-21,CBE-JTM-0321,cbe-job-tool-capability-register.csv
MMTR-0648,CBE_PROFESSIONAL_DOMAIN,D13,"Heritage, Conservation & Landscape",F05;F12;F13;F19;F22;F23;F26;F27,D13,CBE-JP-047,Heritage officer,Heritage / landscape / conservation information,Arches Project,Arches,Heritage asset records; significance assessment; consultations; case management; condition monitoring,Case files; assessments; consultation records; reports,Planning; Conservation; Operations,,DISCOVERY_SEED_REQUIRES_MODULE_VERIFICATION,2026-09-21,CBE-JTM-0322,cbe-job-tool-capability-register.csv
MMTR-0649,CBE_PROFESSIONAL_DOMAIN,D13,"Heritage, Conservation & Landscape",F05;F12;F13;F19;F22;F23;F26;F27,D13,CBE-JP-047,Heritage officer,Heritage / landscape / conservation information,Idox,Idox Uniform,Heritage asset records; significance assessment; consultations; case management; condition monitoring,Case files; assessments; consultation records; reports,Planning; Conservation; Operations,https://www.idoxgroup.com/solutions/regulatory-services/,WEB_ANCHOR_VERIFIED,2026-09-21,CBE-JTM-0323,cbe-job-tool-capability-register.csv
MMTR-0650,CBE_PROFESSIONAL_DOMAIN,D13,"Heritage, Conservation & Landscape",F05;F12;F13;F19;F22;F23;F26;F27,D13,CBE-JP-047,Heritage officer,Heritage / landscape / conservation information,Esri,Esri ArcGIS Pro,Heritage asset records; significance assessment; consultations; case management; condition monitoring,Case files; assessments; consultation records; reports,Planning; Conservation; Operations,,DISCOVERY_SEED_REQUIRES_MODULE_VERIFICATION,2026-09-21,CBE-JTM-0324,cbe-job-tool-capability-register.csv
MMTR-0651,CBE_PROFESSIONAL_DOMAIN,D13,"Heritage, Conservation & Landscape",F05;F12;F13;F19;F22;F23;F26;F27,D13,CBE-JP-047,Heritage officer,Heritage / landscape / conservation information,QGIS Project,QGIS,Heritage asset records; significance assessment; consultations; case management; condition monitoring,Case files; assessments; consultation records; reports,Planning; Conservation; Operations,,DISCOVERY_SEED_REQUIRES_MODULE_VERIFICATION,2026-09-21,CBE-JTM-0325,cbe-job-tool-capability-register.csv
MMTR-0652,CBE_PROFESSIONAL_DOMAIN,D13,"Heritage, Conservation & Landscape",F05;F12;F13;F19;F22;F23;F26;F27,D13,CBE-JP-047,Heritage officer,Heritage / landscape / conservation information,Axiell,Axiell Collections,Heritage asset records; significance assessment; consultations; case management; condition monitoring,Case files; assessments; consultation records; reports,Planning; Conservation; Operations,,DISCOVERY_SEED_REQUIRES_MODULE_VERIFICATION,2026-09-21,CBE-JTM-0326,cbe-job-tool-capability-register.csv
MMTR-0653,CBE_PROFESSIONAL_DOMAIN,D13,"Heritage, Conservation & Landscape",F05;F12;F13;F19;F22;F23;F26;F27,D13,CBE-JP-047,Heritage officer,Heritage / landscape / conservation information,Microsoft,Microsoft Power BI,Heritage asset records; significance assessment; consultations; case management; condition monitoring,Case files; assessments; consultation records; reports,Planning; Conservation; Operations,,DISCOVERY_SEED_REQUIRES_MODULE_VERIFICATION,2026-09-21,CBE-JTM-0327,cbe-job-tool-capability-register.csv
MMTR-0654,CBE_PROFESSIONAL_DOMAIN,D01,Architecture & Design,F05;F13;F19;F23;F26;F27,D01,CBE-JP-048,Kitchen and bathroom designer,Design authoring / BIM / technical information,Cyncly,Cyncly Winner Flex,Customer brief; survey; layouts; products; quotation; revisions; approvals,Layouts; product schedules; quotes; approvals,Sales; Design; Fit-out,https://www.cyncly.com/,WEB_ANCHOR_VERIFIED,2026-09-21,CBE-JTM-0328,cbe-job-tool-capability-register.csv
MMTR-0655,CBE_PROFESSIONAL_DOMAIN,D01,Architecture & Design,F05;F13;F19;F23;F26;F27,D01,CBE-JP-048,Kitchen and bathroom designer,Design authoring / BIM / technical information,Cyncly,Cyncly Innoplus,Customer brief; survey; layouts; products; quotation; revisions; approvals,Layouts; product schedules; quotes; approvals,Sales; Design; Fit-out,https://www.cyncly.com/,WEB_ANCHOR_VERIFIED,2026-09-21,CBE-JTM-0329,cbe-job-tool-capability-register.csv
MMTR-0656,CBE_PROFESSIONAL_DOMAIN,D01,Architecture & Design,F05;F13;F19;F23;F26;F27,D01,CBE-JP-048,Kitchen and bathroom designer,Design authoring / BIM / technical information,Logicom / Cyncly ecosystem,Virtual Worlds,Customer brief; survey; layouts; products; quotation; revisions; approvals,Layouts; product schedules; quotes; approvals,Sales; Design; Fit-out,https://www.virtualworlds.co.uk/,WEB_ANCHOR_VERIFIED,2026-09-21,CBE-JTM-0330,cbe-job-tool-capability-register.csv
MMTR-0657,CBE_PROFESSIONAL_DOMAIN,D01,Architecture & Design,F05;F13;F19;F23;F26;F27,D01,CBE-JP-048,Kitchen and bathroom designer,Design authoring / BIM / technical information,ArtiCAD,ArtiCAD,Customer brief; survey; layouts; products; quotation; revisions; approvals,Layouts; product schedules; quotes; approvals,Sales; Design; Fit-out,,DISCOVERY_SEED_REQUIRES_MODULE_VERIFICATION,2026-09-21,CBE-JTM-0331,cbe-job-tool-capability-register.csv
MMTR-0658,CBE_PROFESSIONAL_DOMAIN,D01,Architecture & Design,F05;F13;F19;F23;F26;F27,D01,CBE-JP-048,Kitchen and bathroom designer,Design authoring / BIM / technical information,Cyncly,2020 Design Live,Customer brief; survey; layouts; products; quotation; revisions; approvals,Layouts; product schedules; quotes; approvals,Sales; Design; Fit-out,,DISCOVERY_SEED_REQUIRES_MODULE_VERIFICATION,2026-09-21,CBE-JTM-0332,cbe-job-tool-capability-register.csv
MMTR-0659,CBE_PROFESSIONAL_DOMAIN,D01,Architecture & Design,F05;F13;F19;F23;F26;F27,D01,CBE-JP-048,Kitchen and bathroom designer,Design authoring / BIM / technical information,Cyncly,Cyncly EQ Flex,Customer brief; survey; layouts; products; quotation; revisions; approvals,Layouts; product schedules; quotes; approvals,Sales; Design; Fit-out,,DISCOVERY_SEED_REQUIRES_MODULE_VERIFICATION,2026-09-21,CBE-JTM-0333,cbe-job-tool-capability-register.csv
MMTR-0660,CBE_PROFESSIONAL_DOMAIN,D07,Building Trades,F09;F10;F12;F13;F23;F26;F27,D07,CBE-JP-049,Kitchen and bathroom fitter,Trade field execution / estimating / evidence,Tradify,Tradify,Survey; schedule; installation tasks; materials; coordination; snagging,Work orders; material lists; photos; completion records,Fit-out,,DISCOVERY_SEED_REQUIRES_MODULE_VERIFICATION,2026-09-21,CBE-JTM-0334,cbe-job-tool-capability-register.csv
MMTR-0661,CBE_PROFESSIONAL_DOMAIN,D07,Building Trades,F09;F10;F12;F13;F23;F26;F27,D07,CBE-JP-049,Kitchen and bathroom fitter,Trade field execution / estimating / evidence,Fergus,Fergus,Survey; schedule; installation tasks; materials; coordination; snagging,Work orders; material lists; photos; completion records,Fit-out,,DISCOVERY_SEED_REQUIRES_MODULE_VERIFICATION,2026-09-21,CBE-JTM-0335,cbe-job-tool-capability-register.csv
MMTR-0662,CBE_PROFESSIONAL_DOMAIN,D07,Building Trades,F09;F10;F12;F13;F23;F26;F27,D07,CBE-JP-049,Kitchen and bathroom fitter,Trade field execution / estimating / evidence,ServiceM8,ServiceM8,Survey; schedule; installation tasks; materials; coordination; snagging,Work orders; material lists; photos; completion records,Fit-out,,DISCOVERY_SEED_REQUIRES_MODULE_VERIFICATION,2026-09-21,CBE-JTM-0336,cbe-job-tool-capability-register.csv
MMTR-0663,CBE_PROFESSIONAL_DOMAIN,D07,Building Trades,F09;F10;F12;F13;F23;F26;F27,D07,CBE-JP-049,Kitchen and bathroom fitter,Trade field execution / estimating / evidence,BigChange,BigChange,Survey; schedule; installation tasks; materials; coordination; snagging,Work orders; material lists; photos; completion records,Fit-out,,DISCOVERY_SEED_REQUIRES_MODULE_VERIFICATION,2026-09-21,CBE-JTM-0337,cbe-job-tool-capability-register.csv
MMTR-0664,CBE_PROFESSIONAL_DOMAIN,D07,Building Trades,F09;F10;F12;F13;F23;F26;F27,D07,CBE-JP-049,Kitchen and bathroom fitter,Trade field execution / estimating / evidence,Procore,Procore,Survey; schedule; installation tasks; materials; coordination; snagging,Work orders; material lists; photos; completion records,Fit-out,https://www.procore.com/,WEB_ANCHOR_VERIFIED,2026-09-21,CBE-JTM-0338,cbe-job-tool-capability-register.csv
MMTR-0665,CBE_PROFESSIONAL_DOMAIN,D07,Building Trades,F09;F10;F12;F13;F23;F26;F27,D07,CBE-JP-049,Kitchen and bathroom fitter,Trade field execution / estimating / evidence,Autodesk,Autodesk Build,Survey; schedule; installation tasks; materials; coordination; snagging,Work orders; material lists; photos; completion records,Fit-out,https://construction.autodesk.com/products/autodesk-build/,WEB_ANCHOR_VERIFIED,2026-09-21,CBE-JTM-0339,cbe-job-tool-capability-register.csv
MMTR-0666,CBE_PROFESSIONAL_DOMAIN,D03,"Surveying, Property & Land",F05;F07;F14;F19;F22;F26;F27,D03,CBE-JP-050,Land surveyor,Survey / property / valuation / evidence,Trimble,Trimble Access,Survey planning; observations; control; coordinates; topographical outputs; setting out,Survey files; point data; drawings; reports,Survey; Design; Construction,,DISCOVERY_SEED_REQUIRES_MODULE_VERIFICATION,2026-09-21,CBE-JTM-0340,cbe-job-tool-capability-register.csv
MMTR-0667,CBE_PROFESSIONAL_DOMAIN,D03,"Surveying, Property & Land",F05;F07;F14;F19;F22;F26;F27,D03,CBE-JP-050,Land surveyor,Survey / property / valuation / evidence,Trimble,Trimble Business Center,Survey planning; observations; control; coordinates; topographical outputs; setting out,Survey files; point data; drawings; reports,Survey; Design; Construction,https://geospatial.trimble.com/en/products/software/trimble-business-center,WEB_ANCHOR_VERIFIED,2026-09-21,CBE-JTM-0341,cbe-job-tool-capability-register.csv
MMTR-0668,CBE_PROFESSIONAL_DOMAIN,D03,"Surveying, Property & Land",F05;F07;F14;F19;F22;F26;F27,D03,CBE-JP-050,Land surveyor,Survey / property / valuation / evidence,Leica Geosystems,Leica Captivate,Survey planning; observations; control; coordinates; topographical outputs; setting out,Survey files; point data; drawings; reports,Survey; Design; Construction,,DISCOVERY_SEED_REQUIRES_MODULE_VERIFICATION,2026-09-21,CBE-JTM-0342,cbe-job-tool-capability-register.csv
MMTR-0669,CBE_PROFESSIONAL_DOMAIN,D03,"Surveying, Property & Land",F05;F07;F14;F19;F22;F26;F27,D03,CBE-JP-050,Land surveyor,Survey / property / valuation / evidence,Leica Geosystems,Leica Infinity,Survey planning; observations; control; coordinates; topographical outputs; setting out,Survey files; point data; drawings; reports,Survey; Design; Construction,,DISCOVERY_SEED_REQUIRES_MODULE_VERIFICATION,2026-09-21,CBE-JTM-0343,cbe-job-tool-capability-register.csv
MMTR-0670,CBE_PROFESSIONAL_DOMAIN,D03,"Surveying, Property & Land",F05;F07;F14;F19;F22;F26;F27,D03,CBE-JP-050,Land surveyor,Survey / property / valuation / evidence,Leica Geosystems,Leica Cyclone,Survey planning; observations; control; coordinates; topographical outputs; setting out,Survey files; point data; drawings; reports,Survey; Design; Construction,,DISCOVERY_SEED_REQUIRES_MODULE_VERIFICATION,2026-09-21,CBE-JTM-0344,cbe-job-tool-capability-register.csv
MMTR-0671,CBE_PROFESSIONAL_DOMAIN,D03,"Surveying, Property & Land",F05;F07;F14;F19;F22;F26;F27,D03,CBE-JP-050,Land surveyor,Survey / property / valuation / evidence,Topcon,Topcon MAGNET,Survey planning; observations; control; coordinates; topographical outputs; setting out,Survey files; point data; drawings; reports,Survey; Design; Construction,,DISCOVERY_SEED_REQUIRES_MODULE_VERIFICATION,2026-09-21,CBE-JTM-0345,cbe-job-tool-capability-register.csv
MMTR-0672,CBE_PROFESSIONAL_DOMAIN,D03,"Surveying, Property & Land",F05;F07;F14;F19;F22;F26;F27,D03,CBE-JP-050,Land surveyor,Survey / property / valuation / evidence,Autodesk,Autodesk Civil 3D,Survey planning; observations; control; coordinates; topographical outputs; setting out,Survey files; point data; drawings; reports,Survey; Design; Construction,https://www.autodesk.com/products/civil-3d/overview,WEB_ANCHOR_VERIFIED,2026-09-21,CBE-JTM-0346,cbe-job-tool-capability-register.csv
MMTR-0673,CBE_PROFESSIONAL_DOMAIN,D13,"Heritage, Conservation & Landscape",F05;F12;F13;F19;F22;F23;F26;F27,D13,CBE-JP-051,Landscape architect,Heritage / landscape / conservation information,Vectorworks,Vectorworks Landmark,Brief; site analysis; landscape design; specifications; planting; coordination; inspections,Plans; schedules; specifications; inspection records,Planning; Design; Construction,https://www.vectorworks.net/en-GB/landmark,WEB_ANCHOR_VERIFIED,2026-09-21,CBE-JTM-0347,cbe-job-tool-capability-register.csv
MMTR-0674,CBE_PROFESSIONAL_DOMAIN,D13,"Heritage, Conservation & Landscape",F05;F12;F13;F19;F22;F23;F26;F27,D13,CBE-JP-051,Landscape architect,Heritage / landscape / conservation information,Land F/X,Land F/X,Brief; site analysis; landscape design; specifications; planting; coordination; inspections,Plans; schedules; specifications; inspection records,Planning; Design; Construction,,DISCOVERY_SEED_REQUIRES_MODULE_VERIFICATION,2026-09-21,CBE-JTM-0348,cbe-job-tool-capability-register.csv
MMTR-0675,CBE_PROFESSIONAL_DOMAIN,D13,"Heritage, Conservation & Landscape",F05;F12;F13;F19;F22;F23;F26;F27,D13,CBE-JP-051,Landscape architect,Heritage / landscape / conservation information,Keysoft Solutions,KeySCAPE,Brief; site analysis; landscape design; specifications; planting; coordination; inspections,Plans; schedules; specifications; inspection records,Planning; Design; Construction,,DISCOVERY_SEED_REQUIRES_MODULE_VERIFICATION,2026-09-21,CBE-JTM-0349,cbe-job-tool-capability-register.csv
MMTR-0676,CBE_PROFESSIONAL_DOMAIN,D13,"Heritage, Conservation & Landscape",F05;F12;F13;F19;F22;F23;F26;F27,D13,CBE-JP-051,Landscape architect,Heritage / landscape / conservation information,Autodesk,AutoCAD,Brief; site analysis; landscape design; specifications; planting; coordination; inspections,Plans; schedules; specifications; inspection records,Planning; Design; Construction,,DISCOVERY_SEED_REQUIRES_MODULE_VERIFICATION,2026-09-21,CBE-JTM-0350,cbe-job-tool-capability-register.csv
MMTR-0677,CBE_PROFESSIONAL_DOMAIN,D13,"Heritage, Conservation & Landscape",F05;F12;F13;F19;F22;F23;F26;F27,D13,CBE-JP-051,Landscape architect,Heritage / landscape / conservation information,Trimble,SketchUp,Brief; site analysis; landscape design; specifications; planting; coordination; inspections,Plans; schedules; specifications; inspection records,Planning; Design; Construction,,DISCOVERY_SEED_REQUIRES_MODULE_VERIFICATION,2026-09-21,CBE-JTM-0351,cbe-job-tool-capability-register.csv
MMTR-0678,CBE_PROFESSIONAL_DOMAIN,D13,"Heritage, Conservation & Landscape",F05;F12;F13;F19;F22;F23;F26;F27,D13,CBE-JP-051,Landscape architect,Heritage / landscape / conservation information,Esri,Esri ArcGIS Pro,Brief; site analysis; landscape design; specifications; planting; coordination; inspections,Plans; schedules; specifications; inspection records,Planning; Design; Construction,,DISCOVERY_SEED_REQUIRES_MODULE_VERIFICATION,2026-09-21,CBE-JTM-0352,cbe-job-tool-capability-register.csv
MMTR-0679,CBE_PROFESSIONAL_DOMAIN,D13,"Heritage, Conservation & Landscape",F05;F12;F13;F19;F22;F23;F26;F27,D13,CBE-JP-051,Landscape architect,Heritage / landscape / conservation information,QGIS Project,QGIS,Brief; site analysis; landscape design; specifications; planting; coordination; inspections,Plans; schedules; specifications; inspection records,Planning; Design; Construction,,DISCOVERY_SEED_REQUIRES_MODULE_VERIFICATION,2026-09-21,CBE-JTM-0353,cbe-job-tool-capability-register.csv
MMTR-0680,CBE_PROFESSIONAL_DOMAIN,D13,"Heritage, Conservation & Landscape",F05;F12;F13;F19;F22;F23;F26;F27,D13,CBE-JP-052,Landscaper,Heritage / landscape / conservation information,Tradify,Tradify,Quotes; site works; planting/materials; labour; maintenance schedule,Work orders; material schedules; photos; maintenance records,External works; Maintenance,,DISCOVERY_SEED_REQUIRES_MODULE_VERIFICATION,2026-09-21,CBE-JTM-0354,cbe-job-tool-capability-register.csv
MMTR-0681,CBE_PROFESSIONAL_DOMAIN,D13,"Heritage, Conservation & Landscape",F05;F12;F13;F19;F22;F23;F26;F27,D13,CBE-JP-052,Landscaper,Heritage / landscape / conservation information,Fergus,Fergus,Quotes; site works; planting/materials; labour; maintenance schedule,Work orders; material schedules; photos; maintenance records,External works; Maintenance,,DISCOVERY_SEED_REQUIRES_MODULE_VERIFICATION,2026-09-21,CBE-JTM-0355,cbe-job-tool-capability-register.csv
MMTR-0682,CBE_PROFESSIONAL_DOMAIN,D13,"Heritage, Conservation & Landscape",F05;F12;F13;F19;F22;F23;F26;F27,D13,CBE-JP-052,Landscaper,Heritage / landscape / conservation information,Jobber,Jobber,Quotes; site works; planting/materials; labour; maintenance schedule,Work orders; material schedules; photos; maintenance records,External works; Maintenance,,DISCOVERY_SEED_REQUIRES_MODULE_VERIFICATION,2026-09-21,CBE-JTM-0356,cbe-job-tool-capability-register.csv
MMTR-0683,CBE_PROFESSIONAL_DOMAIN,D13,"Heritage, Conservation & Landscape",F05;F12;F13;F19;F22;F23;F26;F27,D13,CBE-JP-052,Landscaper,Heritage / landscape / conservation information,ServiceM8,ServiceM8,Quotes; site works; planting/materials; labour; maintenance schedule,Work orders; material schedules; photos; maintenance records,External works; Maintenance,,DISCOVERY_SEED_REQUIRES_MODULE_VERIFICATION,2026-09-21,CBE-JTM-0357,cbe-job-tool-capability-register.csv
MMTR-0684,CBE_PROFESSIONAL_DOMAIN,D13,"Heritage, Conservation & Landscape",F05;F12;F13;F19;F22;F23;F26;F27,D13,CBE-JP-052,Landscaper,Heritage / landscape / conservation information,BigChange,BigChange,Quotes; site works; planting/materials; labour; maintenance schedule,Work orders; material schedules; photos; maintenance records,External works; Maintenance,,DISCOVERY_SEED_REQUIRES_MODULE_VERIFICATION,2026-09-21,CBE-JTM-0358,cbe-job-tool-capability-register.csv
MMTR-0685,CBE_PROFESSIONAL_DOMAIN,D13,"Heritage, Conservation & Landscape",F05;F12;F13;F19;F22;F23;F26;F27,D13,CBE-JP-052,Landscaper,Heritage / landscape / conservation information,Trimble,SketchUp,Quotes; site works; planting/materials; labour; maintenance schedule,Work orders; material schedules; photos; maintenance records,External works; Maintenance,,DISCOVERY_SEED_REQUIRES_MODULE_VERIFICATION,2026-09-21,CBE-JTM-0359,cbe-job-tool-capability-register.csv
MMTR-0686,CBE_PROFESSIONAL_DOMAIN,D13,"Heritage, Conservation & Landscape",F05;F12;F13;F19;F22;F23;F26;F27,D13,CBE-JP-052,Landscaper,Heritage / landscape / conservation information,Vectorworks,Vectorworks Landmark,Quotes; site works; planting/materials; labour; maintenance schedule,Work orders; material schedules; photos; maintenance records,External works; Maintenance,https://www.vectorworks.net/en-GB/landmark,WEB_ANCHOR_VERIFIED,2026-09-21,CBE-JTM-0360,cbe-job-tool-capability-register.csv
MMTR-0687,CBE_PROFESSIONAL_DOMAIN,D11,"Plant, Equipment & Specialist Operations",F09;F10;F11;F12;F13;F22;F23;F26;F27,D11,CBE-JP-053,Lighting technician,Plant / specialist operations / production,Vectorworks,Vectorworks Spotlight,Equipment planning; inventory; setup; inspections; operation; maintenance,Equipment lists; checklists; allocation records; faults,Installation/Event delivery; Maintenance,,DISCOVERY_SEED_REQUIRES_MODULE_VERIFICATION,2026-09-21,CBE-JTM-0361,cbe-job-tool-capability-register.csv
MMTR-0688,CBE_PROFESSIONAL_DOMAIN,D11,"Plant, Equipment & Specialist Operations",F09;F10;F11;F12;F13;F22;F23;F26;F27,D11,CBE-JP-053,Lighting technician,Plant / specialist operations / production,Capture Sweden,Capture,Equipment planning; inventory; setup; inspections; operation; maintenance,Equipment lists; checklists; allocation records; faults,Installation/Event delivery; Maintenance,,DISCOVERY_SEED_REQUIRES_MODULE_VERIFICATION,2026-09-21,CBE-JTM-0362,cbe-job-tool-capability-register.csv
MMTR-0689,CBE_PROFESSIONAL_DOMAIN,D11,"Plant, Equipment & Specialist Operations",F09;F10;F11;F12;F13;F22;F23;F26;F27,D11,CBE-JP-053,Lighting technician,Plant / specialist operations / production,CAST Group,CAST WYSIWYG,Equipment planning; inventory; setup; inspections; operation; maintenance,Equipment lists; checklists; allocation records; faults,Installation/Event delivery; Maintenance,,DISCOVERY_SEED_REQUIRES_MODULE_VERIFICATION,2026-09-21,CBE-JTM-0363,cbe-job-tool-capability-register.csv
MMTR-0690,CBE_PROFESSIONAL_DOMAIN,D11,"Plant, Equipment & Specialist Operations",F09;F10;F11;F12;F13;F22;F23;F26;F27,D11,CBE-JP-053,Lighting technician,Plant / specialist operations / production,John McKernon Software,Lightwright,Equipment planning; inventory; setup; inspections; operation; maintenance,Equipment lists; checklists; allocation records; faults,Installation/Event delivery; Maintenance,,DISCOVERY_SEED_REQUIRES_MODULE_VERIFICATION,2026-09-21,CBE-JTM-0364,cbe-job-tool-capability-register.csv
MMTR-0691,CBE_PROFESSIONAL_DOMAIN,D11,"Plant, Equipment & Specialist Operations",F09;F10;F11;F12;F13;F22;F23;F26;F27,D11,CBE-JP-053,Lighting technician,Plant / specialist operations / production,MA Lighting,grandMA3 onPC,Equipment planning; inventory; setup; inspections; operation; maintenance,Equipment lists; checklists; allocation records; faults,Installation/Event delivery; Maintenance,,DISCOVERY_SEED_REQUIRES_MODULE_VERIFICATION,2026-09-21,CBE-JTM-0365,cbe-job-tool-capability-register.csv
MMTR-0692,CBE_PROFESSIONAL_DOMAIN,D08,Building Services Trades,F09;F10;F12;F13;F22;F23;F26;F27,D08,CBE-JP-054,Locksmith,Building-services design / field service / certification,Joblogic,Joblogic,Callouts; asset/lock register; access hardware; installation; repair; key/control records,Jobs; asset records; key/access records; invoices,Installation; Maintenance,,DISCOVERY_SEED_REQUIRES_MODULE_VERIFICATION,2026-09-21,CBE-JTM-0366,cbe-job-tool-capability-register.csv
MMTR-0693,CBE_PROFESSIONAL_DOMAIN,D08,Building Services Trades,F09;F10;F12;F13;F22;F23;F26;F27,D08,CBE-JP-054,Locksmith,Building-services design / field service / certification,simPRO,simPRO,Callouts; asset/lock register; access hardware; installation; repair; key/control records,Jobs; asset records; key/access records; invoices,Installation; Maintenance,,DISCOVERY_SEED_REQUIRES_MODULE_VERIFICATION,2026-09-21,CBE-JTM-0367,cbe-job-tool-capability-register.csv
MMTR-0694,CBE_PROFESSIONAL_DOMAIN,D08,Building Services Trades,F09;F10;F12;F13;F22;F23;F26;F27,D08,CBE-JP-054,Locksmith,Building-services design / field service / certification,ServiceM8,ServiceM8,Callouts; asset/lock register; access hardware; installation; repair; key/control records,Jobs; asset records; key/access records; invoices,Installation; Maintenance,,DISCOVERY_SEED_REQUIRES_MODULE_VERIFICATION,2026-09-21,CBE-JTM-0368,cbe-job-tool-capability-register.csv
MMTR-0695,CBE_PROFESSIONAL_DOMAIN,D08,Building Services Trades,F09;F10;F12;F13;F22;F23;F26;F27,D08,CBE-JP-054,Locksmith,Building-services design / field service / certification,BigChange,BigChange,Callouts; asset/lock register; access hardware; installation; repair; key/control records,Jobs; asset records; key/access records; invoices,Installation; Maintenance,,DISCOVERY_SEED_REQUIRES_MODULE_VERIFICATION,2026-09-21,CBE-JTM-0369,cbe-job-tool-capability-register.csv
MMTR-0696,CBE_PROFESSIONAL_DOMAIN,D08,Building Services Trades,F09;F10;F12;F13;F22;F23;F26;F27,D08,CBE-JP-054,Locksmith,Building-services design / field service / certification,Tradify,Tradify,Callouts; asset/lock register; access hardware; installation; repair; key/control records,Jobs; asset records; key/access records; invoices,Installation; Maintenance,,DISCOVERY_SEED_REQUIRES_MODULE_VERIFICATION,2026-09-21,CBE-JTM-0370,cbe-job-tool-capability-register.csv
MMTR-0697,CBE_PROFESSIONAL_DOMAIN,D08,Building Services Trades,F09;F10;F12;F13;F22;F23;F26;F27,D08,CBE-JP-054,Locksmith,Building-services design / field service / certification,Genetec,Genetec Security Center,Callouts; asset/lock register; access hardware; installation; repair; key/control records,Jobs; asset records; key/access records; invoices,Installation; Maintenance,,DISCOVERY_SEED_REQUIRES_MODULE_VERIFICATION,2026-09-21,CBE-JTM-0371,cbe-job-tool-capability-register.csv
MMTR-0698,CBE_PROFESSIONAL_DOMAIN,D08,Building Services Trades,F09;F10;F12;F13;F22;F23;F26;F27,D08,CBE-JP-054,Locksmith,Building-services design / field service / certification,LenelS2,LenelS2 OnGuard,Callouts; asset/lock register; access hardware; installation; repair; key/control records,Jobs; asset records; key/access records; invoices,Installation; Maintenance,,DISCOVERY_SEED_REQUIRES_MODULE_VERIFICATION,2026-09-21,CBE-JTM-0372,cbe-job-tool-capability-register.csv
MMTR-0699,CBE_PROFESSIONAL_DOMAIN,D07,Building Trades,F09;F10;F12;F13;F23;F26;F27,D07,CBE-JP-055,Painter and decorator,Trade field execution / estimating / evidence,Tradify,Tradify,Estimate; area/take-off; materials; schedule; application; completion,Quotes; work orders; material usage; photos,Finishes,,DISCOVERY_SEED_REQUIRES_MODULE_VERIFICATION,2026-09-21,CBE-JTM-0373,cbe-job-tool-capability-register.csv
MMTR-0700,CBE_PROFESSIONAL_DOMAIN,D07,Building Trades,F09;F10;F12;F13;F23;F26;F27,D07,CBE-JP-055,Painter and decorator,Trade field execution / estimating / evidence,Fergus,Fergus,Estimate; area/take-off; materials; schedule; application; completion,Quotes; work orders; material usage; photos,Finishes,,DISCOVERY_SEED_REQUIRES_MODULE_VERIFICATION,2026-09-21,CBE-JTM-0374,cbe-job-tool-capability-register.csv
MMTR-0701,CBE_PROFESSIONAL_DOMAIN,D07,Building Trades,F09;F10;F12;F13;F23;F26;F27,D07,CBE-JP-055,Painter and decorator,Trade field execution / estimating / evidence,ServiceM8,ServiceM8,Estimate; area/take-off; materials; schedule; application; completion,Quotes; work orders; material usage; photos,Finishes,,DISCOVERY_SEED_REQUIRES_MODULE_VERIFICATION,2026-09-21,CBE-JTM-0375,cbe-job-tool-capability-register.csv
MMTR-0702,CBE_PROFESSIONAL_DOMAIN,D07,Building Trades,F09;F10;F12;F13;F23;F26;F27,D07,CBE-JP-055,Painter and decorator,Trade field execution / estimating / evidence,Jobber,Jobber,Estimate; area/take-off; materials; schedule; application; completion,Quotes; work orders; material usage; photos,Finishes,,DISCOVERY_SEED_REQUIRES_MODULE_VERIFICATION,2026-09-21,CBE-JTM-0376,cbe-job-tool-capability-register.csv
MMTR-0703,CBE_PROFESSIONAL_DOMAIN,D07,Building Trades,F09;F10;F12;F13;F23;F26;F27,D07,CBE-JP-055,Painter and decorator,Trade field execution / estimating / evidence,BigChange,BigChange,Estimate; area/take-off; materials; schedule; application; completion,Quotes; work orders; material usage; photos,Finishes,,DISCOVERY_SEED_REQUIRES_MODULE_VERIFICATION,2026-09-21,CBE-JTM-0377,cbe-job-tool-capability-register.csv
MMTR-0704,CBE_PROFESSIONAL_DOMAIN,D07,Building Trades,F09;F10;F12;F13;F23;F26;F27,D07,CBE-JP-055,Painter and decorator,Trade field execution / estimating / evidence,Procore,Procore,Estimate; area/take-off; materials; schedule; application; completion,Quotes; work orders; material usage; photos,Finishes,https://www.procore.com/,WEB_ANCHOR_VERIFIED,2026-09-21,CBE-JTM-0378,cbe-job-tool-capability-register.csv
MMTR-0705,CBE_PROFESSIONAL_DOMAIN,D08,Building Services Trades,F09;F10;F12;F13;F22;F23;F26;F27,D08,CBE-JP-056,Pipe fitter,Building-services design / field service / certification,Autodesk,AutoCAD Plant 3D,Isometrics/work packs; fabrication/installation; weld/test references; materials; QA,Work packs; spool/line records; test records; material traceability,Installation; Testing,,DISCOVERY_SEED_REQUIRES_MODULE_VERIFICATION,2026-09-21,CBE-JTM-0379,cbe-job-tool-capability-register.csv
MMTR-0706,CBE_PROFESSIONAL_DOMAIN,D08,Building Services Trades,F09;F10;F12;F13;F22;F23;F26;F27,D08,CBE-JP-056,Pipe fitter,Building-services design / field service / certification,AVEVA,AVEVA E3D Design,Isometrics/work packs; fabrication/installation; weld/test references; materials; QA,Work packs; spool/line records; test records; material traceability,Installation; Testing,,DISCOVERY_SEED_REQUIRES_MODULE_VERIFICATION,2026-09-21,CBE-JTM-0380,cbe-job-tool-capability-register.csv
MMTR-0707,CBE_PROFESSIONAL_DOMAIN,D08,Building Services Trades,F09;F10;F12;F13;F22;F23;F26;F27,D08,CBE-JP-056,Pipe fitter,Building-services design / field service / certification,Hexagon,Hexagon Smart 3D,Isometrics/work packs; fabrication/installation; weld/test references; materials; QA,Work packs; spool/line records; test records; material traceability,Installation; Testing,,DISCOVERY_SEED_REQUIRES_MODULE_VERIFICATION,2026-09-21,CBE-JTM-0381,cbe-job-tool-capability-register.csv
MMTR-0708,CBE_PROFESSIONAL_DOMAIN,D08,Building Services Trades,F09;F10;F12;F13;F22;F23;F26;F27,D08,CBE-JP-056,Pipe fitter,Building-services design / field service / certification,Hexagon,Hexagon Isogen,Isometrics/work packs; fabrication/installation; weld/test references; materials; QA,Work packs; spool/line records; test records; material traceability,Installation; Testing,,DISCOVERY_SEED_REQUIRES_MODULE_VERIFICATION,2026-09-21,CBE-JTM-0382,cbe-job-tool-capability-register.csv
MMTR-0709,CBE_PROFESSIONAL_DOMAIN,D08,Building Services Trades,F09;F10;F12;F13;F22;F23;F26;F27,D08,CBE-JP-056,Pipe fitter,Building-services design / field service / certification,Autodesk,Autodesk Navisworks,Isometrics/work packs; fabrication/installation; weld/test references; materials; QA,Work packs; spool/line records; test records; material traceability,Installation; Testing,,DISCOVERY_SEED_REQUIRES_MODULE_VERIFICATION,2026-09-21,CBE-JTM-0383,cbe-job-tool-capability-register.csv
MMTR-0710,CBE_PROFESSIONAL_DOMAIN,D08,Building Services Trades,F09;F10;F12;F13;F22;F23;F26;F27,D08,CBE-JP-056,Pipe fitter,Building-services design / field service / certification,Kemppi,WeldEye,Isometrics/work packs; fabrication/installation; weld/test references; materials; QA,Work packs; spool/line records; test records; material traceability,Installation; Testing,,DISCOVERY_SEED_REQUIRES_MODULE_VERIFICATION,2026-09-21,CBE-JTM-0384,cbe-job-tool-capability-register.csv
MMTR-0711,CBE_PROFESSIONAL_DOMAIN,D03,"Surveying, Property & Land",F05;F07;F14;F19;F22;F26;F27,D03,CBE-JP-057,Planning and development surveyor,Survey / property / valuation / evidence,Altus Group,ARGUS Enterprise,Site appraisal; development appraisal; planning constraints; valuations; viability; client reports,Appraisals; reports; valuations; planning records,Feasibility; Planning,,DISCOVERY_SEED_REQUIRES_MODULE_VERIFICATION,2026-09-21,CBE-JTM-0385,cbe-job-tool-capability-register.csv
MMTR-0712,CBE_PROFESSIONAL_DOMAIN,D03,"Surveying, Property & Land",F05;F07;F14;F19;F22;F26;F27,D03,CBE-JP-057,Planning and development surveyor,Survey / property / valuation / evidence,LandTech,LandTech,Site appraisal; development appraisal; planning constraints; valuations; viability; client reports,Appraisals; reports; valuations; planning records,Feasibility; Planning,,DISCOVERY_SEED_REQUIRES_MODULE_VERIFICATION,2026-09-21,CBE-JTM-0386,cbe-job-tool-capability-register.csv
MMTR-0713,CBE_PROFESSIONAL_DOMAIN,D03,"Surveying, Property & Land",F05;F07;F14;F19;F22;F26;F27,D03,CBE-JP-057,Planning and development surveyor,Survey / property / valuation / evidence,Esri,Esri ArcGIS Pro,Site appraisal; development appraisal; planning constraints; valuations; viability; client reports,Appraisals; reports; valuations; planning records,Feasibility; Planning,,DISCOVERY_SEED_REQUIRES_MODULE_VERIFICATION,2026-09-21,CBE-JTM-0387,cbe-job-tool-capability-register.csv
MMTR-0714,CBE_PROFESSIONAL_DOMAIN,D03,"Surveying, Property & Land",F05;F07;F14;F19;F22;F26;F27,D03,CBE-JP-057,Planning and development surveyor,Survey / property / valuation / evidence,Esri,ArcGIS Urban,Site appraisal; development appraisal; planning constraints; valuations; viability; client reports,Appraisals; reports; valuations; planning records,Feasibility; Planning,,DISCOVERY_SEED_REQUIRES_MODULE_VERIFICATION,2026-09-21,CBE-JTM-0388,cbe-job-tool-capability-register.csv
MMTR-0715,CBE_PROFESSIONAL_DOMAIN,D03,"Surveying, Property & Land",F05;F07;F14;F19;F22;F26;F27,D03,CBE-JP-057,Planning and development surveyor,Survey / property / valuation / evidence,Idox,Idox Uniform,Site appraisal; development appraisal; planning constraints; valuations; viability; client reports,Appraisals; reports; valuations; planning records,Feasibility; Planning,https://www.idoxgroup.com/solutions/regulatory-services/,WEB_ANCHOR_VERIFIED,2026-09-21,CBE-JTM-0389,cbe-job-tool-capability-register.csv
MMTR-0716,CBE_PROFESSIONAL_DOMAIN,D03,"Surveying, Property & Land",F05;F07;F14;F19;F22;F26;F27,D03,CBE-JP-057,Planning and development surveyor,Survey / property / valuation / evidence,Microsoft,Microsoft Power BI,Site appraisal; development appraisal; planning constraints; valuations; viability; client reports,Appraisals; reports; valuations; planning records,Feasibility; Planning,,DISCOVERY_SEED_REQUIRES_MODULE_VERIFICATION,2026-09-21,CBE-JTM-0390,cbe-job-tool-capability-register.csv
MMTR-0717,CBE_PROFESSIONAL_DOMAIN,D07,Building Trades,F09;F10;F12;F13;F23;F26;F27,D07,CBE-JP-058,Plasterer,Trade field execution / estimating / evidence,Tradify,Tradify,Estimate; areas; materials; schedule; application; snagging,Quotes; work orders; material usage; photos,Finishes,,DISCOVERY_SEED_REQUIRES_MODULE_VERIFICATION,2026-09-21,CBE-JTM-0391,cbe-job-tool-capability-register.csv
MMTR-0718,CBE_PROFESSIONAL_DOMAIN,D07,Building Trades,F09;F10;F12;F13;F23;F26;F27,D07,CBE-JP-058,Plasterer,Trade field execution / estimating / evidence,Fergus,Fergus,Estimate; areas; materials; schedule; application; snagging,Quotes; work orders; material usage; photos,Finishes,,DISCOVERY_SEED_REQUIRES_MODULE_VERIFICATION,2026-09-21,CBE-JTM-0392,cbe-job-tool-capability-register.csv
MMTR-0719,CBE_PROFESSIONAL_DOMAIN,D07,Building Trades,F09;F10;F12;F13;F23;F26;F27,D07,CBE-JP-058,Plasterer,Trade field execution / estimating / evidence,ServiceM8,ServiceM8,Estimate; areas; materials; schedule; application; snagging,Quotes; work orders; material usage; photos,Finishes,,DISCOVERY_SEED_REQUIRES_MODULE_VERIFICATION,2026-09-21,CBE-JTM-0393,cbe-job-tool-capability-register.csv
MMTR-0720,CBE_PROFESSIONAL_DOMAIN,D07,Building Trades,F09;F10;F12;F13;F23;F26;F27,D07,CBE-JP-058,Plasterer,Trade field execution / estimating / evidence,Jobber,Jobber,Estimate; areas; materials; schedule; application; snagging,Quotes; work orders; material usage; photos,Finishes,,DISCOVERY_SEED_REQUIRES_MODULE_VERIFICATION,2026-09-21,CBE-JTM-0394,cbe-job-tool-capability-register.csv
MMTR-0721,CBE_PROFESSIONAL_DOMAIN,D07,Building Trades,F09;F10;F12;F13;F23;F26;F27,D07,CBE-JP-058,Plasterer,Trade field execution / estimating / evidence,BigChange,BigChange,Estimate; areas; materials; schedule; application; snagging,Quotes; work orders; material usage; photos,Finishes,,DISCOVERY_SEED_REQUIRES_MODULE_VERIFICATION,2026-09-21,CBE-JTM-0395,cbe-job-tool-capability-register.csv
MMTR-0722,CBE_PROFESSIONAL_DOMAIN,D07,Building Trades,F09;F10;F12;F13;F23;F26;F27,D07,CBE-JP-058,Plasterer,Trade field execution / estimating / evidence,Procore,Procore,Estimate; areas; materials; schedule; application; snagging,Quotes; work orders; material usage; photos,Finishes,https://www.procore.com/,WEB_ANCHOR_VERIFIED,2026-09-21,CBE-JTM-0396,cbe-job-tool-capability-register.csv
MMTR-0723,CBE_PROFESSIONAL_DOMAIN,D08,Building Services Trades,F09;F10;F12;F13;F22;F23;F26;F27,D08,CBE-JP-059,Plumber,Building-services design / field service / certification,simPRO,simPRO,Survey; quote; schedule; installation; fixtures; testing; callouts; maintenance,Quotes; job sheets; test records; asset/service records; invoices,Installation; Testing; Maintenance,,DISCOVERY_SEED_REQUIRES_MODULE_VERIFICATION,2026-09-21,CBE-JTM-0397,cbe-job-tool-capability-register.csv
MMTR-0724,CBE_PROFESSIONAL_DOMAIN,D08,Building Services Trades,F09;F10;F12;F13;F22;F23;F26;F27,D08,CBE-JP-059,Plumber,Building-services design / field service / certification,Joblogic,Joblogic,Survey; quote; schedule; installation; fixtures; testing; callouts; maintenance,Quotes; job sheets; test records; asset/service records; invoices,Installation; Testing; Maintenance,,DISCOVERY_SEED_REQUIRES_MODULE_VERIFICATION,2026-09-21,CBE-JTM-0398,cbe-job-tool-capability-register.csv
MMTR-0725,CBE_PROFESSIONAL_DOMAIN,D08,Building Services Trades,F09;F10;F12;F13;F22;F23;F26;F27,D08,CBE-JP-059,Plumber,Building-services design / field service / certification,Commusoft,Commusoft,Survey; quote; schedule; installation; fixtures; testing; callouts; maintenance,Quotes; job sheets; test records; asset/service records; invoices,Installation; Testing; Maintenance,,DISCOVERY_SEED_REQUIRES_MODULE_VERIFICATION,2026-09-21,CBE-JTM-0399,cbe-job-tool-capability-register.csv
MMTR-0726,CBE_PROFESSIONAL_DOMAIN,D08,Building Services Trades,F09;F10;F12;F13;F22;F23;F26;F27,D08,CBE-JP-059,Plumber,Building-services design / field service / certification,ServiceM8,ServiceM8,Survey; quote; schedule; installation; fixtures; testing; callouts; maintenance,Quotes; job sheets; test records; asset/service records; invoices,Installation; Testing; Maintenance,,DISCOVERY_SEED_REQUIRES_MODULE_VERIFICATION,2026-09-21,CBE-JTM-0400,cbe-job-tool-capability-register.csv
MMTR-0727,CBE_PROFESSIONAL_DOMAIN,D08,Building Services Trades,F09;F10;F12;F13;F22;F23;F26;F27,D08,CBE-JP-059,Plumber,Building-services design / field service / certification,Tradify,Tradify,Survey; quote; schedule; installation; fixtures; testing; callouts; maintenance,Quotes; job sheets; test records; asset/service records; invoices,Installation; Testing; Maintenance,,DISCOVERY_SEED_REQUIRES_MODULE_VERIFICATION,2026-09-21,CBE-JTM-0401,cbe-job-tool-capability-register.csv
MMTR-0728,CBE_PROFESSIONAL_DOMAIN,D08,Building Services Trades,F09;F10;F12;F13;F22;F23;F26;F27,D08,CBE-JP-059,Plumber,Building-services design / field service / certification,Fergus,Fergus,Survey; quote; schedule; installation; fixtures; testing; callouts; maintenance,Quotes; job sheets; test records; asset/service records; invoices,Installation; Testing; Maintenance,,DISCOVERY_SEED_REQUIRES_MODULE_VERIFICATION,2026-09-21,CBE-JTM-0402,cbe-job-tool-capability-register.csv
MMTR-0729,CBE_PROFESSIONAL_DOMAIN,D08,Building Services Trades,F09;F10;F12;F13;F22;F23;F26;F27,D08,CBE-JP-059,Plumber,Building-services design / field service / certification,BigChange,BigChange,Survey; quote; schedule; installation; fixtures; testing; callouts; maintenance,Quotes; job sheets; test records; asset/service records; invoices,Installation; Testing; Maintenance,,DISCOVERY_SEED_REQUIRES_MODULE_VERIFICATION,2026-09-21,CBE-JTM-0403,cbe-job-tool-capability-register.csv
MMTR-0730,CBE_PROFESSIONAL_DOMAIN,D04,"Commercial, Contracts & Cost",F07;F09;F14;F19;F20;F26;F27,D04,CBE-JP-060,Quantity surveyor,Estimating / commercial / contract administration,RIB Software,RIB CostX,Measurement; cost plans; procurement; tender analysis; valuations; variations; forecasts; final accounts,Cost plans; BoQs; tender analyses; valuations; variations; cost reports,Feasibility; Design; Construction; Final account,,DISCOVERY_SEED_REQUIRES_MODULE_VERIFICATION,2026-09-21,CBE-JTM-0404,cbe-job-tool-capability-register.csv
MMTR-0731,CBE_PROFESSIONAL_DOMAIN,D04,"Commercial, Contracts & Cost",F07;F09;F14;F19;F20;F26;F27,D04,CBE-JP-060,Quantity surveyor,Estimating / commercial / contract administration,RIB Software,RIB Candy,Measurement; cost plans; procurement; tender analysis; valuations; variations; forecasts; final accounts,Cost plans; BoQs; tender analyses; valuations; variations; cost reports,Feasibility; Design; Construction; Final account,,DISCOVERY_SEED_REQUIRES_MODULE_VERIFICATION,2026-09-21,CBE-JTM-0405,cbe-job-tool-capability-register.csv
MMTR-0732,CBE_PROFESSIONAL_DOMAIN,D04,"Commercial, Contracts & Cost",F07;F09;F14;F19;F20;F26;F27,D04,CBE-JP-060,Quantity surveyor,Estimating / commercial / contract administration,Causeway Technologies,Causeway Estimating,Measurement; cost plans; procurement; tender analysis; valuations; variations; forecasts; final accounts,Cost plans; BoQs; tender analyses; valuations; variations; cost reports,Feasibility; Design; Construction; Final account,,DISCOVERY_SEED_REQUIRES_MODULE_VERIFICATION,2026-09-21,CBE-JTM-0406,cbe-job-tool-capability-register.csv
MMTR-0733,CBE_PROFESSIONAL_DOMAIN,D04,"Commercial, Contracts & Cost",F07;F09;F14;F19;F20;F26;F27,D04,CBE-JP-060,Quantity surveyor,Estimating / commercial / contract administration,ConQuest,ConQuest Estimating,Measurement; cost plans; procurement; tender analysis; valuations; variations; forecasts; final accounts,Cost plans; BoQs; tender analyses; valuations; variations; cost reports,Feasibility; Design; Construction; Final account,,DISCOVERY_SEED_REQUIRES_MODULE_VERIFICATION,2026-09-21,CBE-JTM-0407,cbe-job-tool-capability-register.csv
MMTR-0734,CBE_PROFESSIONAL_DOMAIN,D04,"Commercial, Contracts & Cost",F07;F09;F14;F19;F20;F26;F27,D04,CBE-JP-060,Quantity surveyor,Estimating / commercial / contract administration,Bluebeam,Bluebeam Revu,Measurement; cost plans; procurement; tender analysis; valuations; variations; forecasts; final accounts,Cost plans; BoQs; tender analyses; valuations; variations; cost reports,Feasibility; Design; Construction; Final account,https://www.bluebeam.com/revu/,WEB_ANCHOR_VERIFIED,2026-09-21,CBE-JTM-0408,cbe-job-tool-capability-register.csv
MMTR-0735,CBE_PROFESSIONAL_DOMAIN,D04,"Commercial, Contracts & Cost",F07;F09;F14;F19;F20;F26;F27,D04,CBE-JP-060,Quantity surveyor,Estimating / commercial / contract administration,Autodesk,Autodesk Takeoff,Measurement; cost plans; procurement; tender analysis; valuations; variations; forecasts; final accounts,Cost plans; BoQs; tender analyses; valuations; variations; cost reports,Feasibility; Design; Construction; Final account,,DISCOVERY_SEED_REQUIRES_MODULE_VERIFICATION,2026-09-21,CBE-JTM-0409,cbe-job-tool-capability-register.csv
MMTR-0736,CBE_PROFESSIONAL_DOMAIN,D04,"Commercial, Contracts & Cost",F07;F09;F14;F19;F20;F26;F27,D04,CBE-JP-060,Quantity surveyor,Estimating / commercial / contract administration,Thinkproject,Thinkproject CEMAR,Measurement; cost plans; procurement; tender analysis; valuations; variations; forecasts; final accounts,Cost plans; BoQs; tender analyses; valuations; variations; cost reports,Feasibility; Design; Construction; Final account,,DISCOVERY_SEED_REQUIRES_MODULE_VERIFICATION,2026-09-21,CBE-JTM-0410,cbe-job-tool-capability-register.csv
MMTR-0737,CBE_PROFESSIONAL_DOMAIN,D04,"Commercial, Contracts & Cost",F07;F09;F14;F19;F20;F26;F27,D04,CBE-JP-060,Quantity surveyor,Estimating / commercial / contract administration,Oracle,Oracle Primavera Unifier,Measurement; cost plans; procurement; tender analysis; valuations; variations; forecasts; final accounts,Cost plans; BoQs; tender analyses; valuations; variations; cost reports,Feasibility; Design; Construction; Final account,https://www.oracle.com/construction-engineering/primavera-unifier/,WEB_ANCHOR_VERIFIED,2026-09-21,CBE-JTM-0411,cbe-job-tool-capability-register.csv
MMTR-0738,CBE_PROFESSIONAL_DOMAIN,D04,"Commercial, Contracts & Cost",F07;F09;F14;F19;F20;F26;F27,D04,CBE-JP-060,Quantity surveyor,Estimating / commercial / contract administration,Procore,Procore,Measurement; cost plans; procurement; tender analysis; valuations; variations; forecasts; final accounts,Cost plans; BoQs; tender analyses; valuations; variations; cost reports,Feasibility; Design; Construction; Final account,https://www.procore.com/,WEB_ANCHOR_VERIFIED,2026-09-21,CBE-JTM-0412,cbe-job-tool-capability-register.csv
MMTR-0739,CBE_PROFESSIONAL_DOMAIN,D11,"Plant, Equipment & Specialist Operations",F09;F10;F11;F12;F13;F22;F23;F26;F27,D11,CBE-JP-061,Quarry engineer,Plant / specialist operations / production,BedRock Software,AggFlow DM,Site/production planning; extraction records; plant; safety; environmental/restoration records,Plans; production records; inspections; environmental records,Extraction; Restoration,,DISCOVERY_SEED_REQUIRES_MODULE_VERIFICATION,2026-09-21,CBE-JTM-0413,cbe-job-tool-capability-register.csv
MMTR-0740,CBE_PROFESSIONAL_DOMAIN,D11,"Plant, Equipment & Specialist Operations",F09;F10;F11;F12;F13;F22;F23;F26;F27,D11,CBE-JP-061,Quarry engineer,Plant / specialist operations / production,Command Alkon,Command Alkon,Site/production planning; extraction records; plant; safety; environmental/restoration records,Plans; production records; inspections; environmental records,Extraction; Restoration,,DISCOVERY_SEED_REQUIRES_MODULE_VERIFICATION,2026-09-21,CBE-JTM-0414,cbe-job-tool-capability-register.csv
MMTR-0741,CBE_PROFESSIONAL_DOMAIN,D11,"Plant, Equipment & Specialist Operations",F09;F10;F11;F12;F13;F22;F23;F26;F27,D11,CBE-JP-061,Quarry engineer,Plant / specialist operations / production,Wenco,Wenco,Site/production planning; extraction records; plant; safety; environmental/restoration records,Plans; production records; inspections; environmental records,Extraction; Restoration,,DISCOVERY_SEED_REQUIRES_MODULE_VERIFICATION,2026-09-21,CBE-JTM-0415,cbe-job-tool-capability-register.csv
MMTR-0742,CBE_PROFESSIONAL_DOMAIN,D11,"Plant, Equipment & Specialist Operations",F09;F10;F11;F12;F13;F22;F23;F26;F27,D11,CBE-JP-061,Quarry engineer,Plant / specialist operations / production,Hexagon,Hexagon MinePlan,Site/production planning; extraction records; plant; safety; environmental/restoration records,Plans; production records; inspections; environmental records,Extraction; Restoration,,DISCOVERY_SEED_REQUIRES_MODULE_VERIFICATION,2026-09-21,CBE-JTM-0416,cbe-job-tool-capability-register.csv
MMTR-0743,CBE_PROFESSIONAL_DOMAIN,D11,"Plant, Equipment & Specialist Operations",F09;F10;F11;F12;F13;F22;F23;F26;F27,D11,CBE-JP-061,Quarry engineer,Plant / specialist operations / production,IBM,IBM Maximo Application Suite,Site/production planning; extraction records; plant; safety; environmental/restoration records,Plans; production records; inspections; environmental records,Extraction; Restoration,,DISCOVERY_SEED_REQUIRES_MODULE_VERIFICATION,2026-09-21,CBE-JTM-0417,cbe-job-tool-capability-register.csv
MMTR-0744,CBE_PROFESSIONAL_DOMAIN,D11,"Plant, Equipment & Specialist Operations",F09;F10;F11;F12;F13;F22;F23;F26;F27,D11,CBE-JP-061,Quarry engineer,Plant / specialist operations / production,SafetyCulture,SafetyCulture,Site/production planning; extraction records; plant; safety; environmental/restoration records,Plans; production records; inspections; environmental records,Extraction; Restoration,,DISCOVERY_SEED_REQUIRES_MODULE_VERIFICATION,2026-09-21,CBE-JTM-0418,cbe-job-tool-capability-register.csv
MMTR-0745,CBE_PROFESSIONAL_DOMAIN,D11,"Plant, Equipment & Specialist Operations",F09;F10;F11;F12;F13;F22;F23;F26;F27,D11,CBE-JP-062,Quarry worker,Plant / specialist operations / production,Command Alkon,Command Alkon,Tasks; plant checks; production logs; materials; safety; maintenance defects,Shift logs; plant checks; production records,Extraction,,DISCOVERY_SEED_REQUIRES_MODULE_VERIFICATION,2026-09-21,CBE-JTM-0419,cbe-job-tool-capability-register.csv
MMTR-0746,CBE_PROFESSIONAL_DOMAIN,D11,"Plant, Equipment & Specialist Operations",F09;F10;F11;F12;F13;F22;F23;F26;F27,D11,CBE-JP-062,Quarry worker,Plant / specialist operations / production,Wenco,Wenco,Tasks; plant checks; production logs; materials; safety; maintenance defects,Shift logs; plant checks; production records,Extraction,,DISCOVERY_SEED_REQUIRES_MODULE_VERIFICATION,2026-09-21,CBE-JTM-0420,cbe-job-tool-capability-register.csv
MMTR-0747,CBE_PROFESSIONAL_DOMAIN,D11,"Plant, Equipment & Specialist Operations",F09;F10;F11;F12;F13;F22;F23;F26;F27,D11,CBE-JP-062,Quarry worker,Plant / specialist operations / production,Hexagon,Hexagon MinePlan,Tasks; plant checks; production logs; materials; safety; maintenance defects,Shift logs; plant checks; production records,Extraction,,DISCOVERY_SEED_REQUIRES_MODULE_VERIFICATION,2026-09-21,CBE-JTM-0421,cbe-job-tool-capability-register.csv
MMTR-0748,CBE_PROFESSIONAL_DOMAIN,D11,"Plant, Equipment & Specialist Operations",F09;F10;F11;F12;F13;F22;F23;F26;F27,D11,CBE-JP-062,Quarry worker,Plant / specialist operations / production,Tenna,Tenna,Tasks; plant checks; production logs; materials; safety; maintenance defects,Shift logs; plant checks; production records,Extraction,,DISCOVERY_SEED_REQUIRES_MODULE_VERIFICATION,2026-09-21,CBE-JTM-0422,cbe-job-tool-capability-register.csv
MMTR-0749,CBE_PROFESSIONAL_DOMAIN,D11,"Plant, Equipment & Specialist Operations",F09;F10;F11;F12;F13;F22;F23;F26;F27,D11,CBE-JP-062,Quarry worker,Plant / specialist operations / production,Samsara,Samsara,Tasks; plant checks; production logs; materials; safety; maintenance defects,Shift logs; plant checks; production records,Extraction,,DISCOVERY_SEED_REQUIRES_MODULE_VERIFICATION,2026-09-21,CBE-JTM-0423,cbe-job-tool-capability-register.csv
MMTR-0750,CBE_PROFESSIONAL_DOMAIN,D11,"Plant, Equipment & Specialist Operations",F09;F10;F11;F12;F13;F22;F23;F26;F27,D11,CBE-JP-062,Quarry worker,Plant / specialist operations / production,SafetyCulture,SafetyCulture,Tasks; plant checks; production logs; materials; safety; maintenance defects,Shift logs; plant checks; production records,Extraction,,DISCOVERY_SEED_REQUIRES_MODULE_VERIFICATION,2026-09-21,CBE-JTM-0424,cbe-job-tool-capability-register.csv
MMTR-0751,CBE_PROFESSIONAL_DOMAIN,D08,Building Services Trades,F09;F10;F12;F13;F22;F23;F26;F27,D08,CBE-JP-063,Refrigeration and air-conditioning installer,Building-services design / field service / certification,Danfoss,Danfoss Coolselector2,Survey; equipment selection; installation; commissioning; refrigerant/service records; maintenance,Job sheets; equipment records; commissioning/test records; service logs,Installation; Commissioning; Maintenance,,DISCOVERY_SEED_REQUIRES_MODULE_VERIFICATION,2026-09-21,CBE-JTM-0425,cbe-job-tool-capability-register.csv
MMTR-0752,CBE_PROFESSIONAL_DOMAIN,D08,Building Services Trades,F09;F10;F12;F13;F22;F23;F26;F27,D08,CBE-JP-063,Refrigeration and air-conditioning installer,Building-services design / field service / certification,MagiCAD Group,MagiCAD,Survey; equipment selection; installation; commissioning; refrigerant/service records; maintenance,Job sheets; equipment records; commissioning/test records; service logs,Installation; Commissioning; Maintenance,,DISCOVERY_SEED_REQUIRES_MODULE_VERIFICATION,2026-09-21,CBE-JTM-0426,cbe-job-tool-capability-register.csv
MMTR-0753,CBE_PROFESSIONAL_DOMAIN,D08,Building Services Trades,F09;F10;F12;F13;F22;F23;F26;F27,D08,CBE-JP-063,Refrigeration and air-conditioning installer,Building-services design / field service / certification,Autodesk,Autodesk Revit,Survey; equipment selection; installation; commissioning; refrigerant/service records; maintenance,Job sheets; equipment records; commissioning/test records; service logs,Installation; Commissioning; Maintenance,https://www.autodesk.com/products/revit/overview,WEB_ANCHOR_VERIFIED,2026-09-21,CBE-JTM-0427,cbe-job-tool-capability-register.csv
MMTR-0754,CBE_PROFESSIONAL_DOMAIN,D08,Building Services Trades,F09;F10;F12;F13;F22;F23;F26;F27,D08,CBE-JP-063,Refrigeration and air-conditioning installer,Building-services design / field service / certification,Joblogic,Joblogic,Survey; equipment selection; installation; commissioning; refrigerant/service records; maintenance,Job sheets; equipment records; commissioning/test records; service logs,Installation; Commissioning; Maintenance,,DISCOVERY_SEED_REQUIRES_MODULE_VERIFICATION,2026-09-21,CBE-JTM-0428,cbe-job-tool-capability-register.csv
MMTR-0755,CBE_PROFESSIONAL_DOMAIN,D08,Building Services Trades,F09;F10;F12;F13;F22;F23;F26;F27,D08,CBE-JP-063,Refrigeration and air-conditioning installer,Building-services design / field service / certification,simPRO,simPRO,Survey; equipment selection; installation; commissioning; refrigerant/service records; maintenance,Job sheets; equipment records; commissioning/test records; service logs,Installation; Commissioning; Maintenance,,DISCOVERY_SEED_REQUIRES_MODULE_VERIFICATION,2026-09-21,CBE-JTM-0429,cbe-job-tool-capability-register.csv
MMTR-0756,CBE_PROFESSIONAL_DOMAIN,D08,Building Services Trades,F09;F10;F12;F13;F22;F23;F26;F27,D08,CBE-JP-063,Refrigeration and air-conditioning installer,Building-services design / field service / certification,Commusoft,Commusoft,Survey; equipment selection; installation; commissioning; refrigerant/service records; maintenance,Job sheets; equipment records; commissioning/test records; service logs,Installation; Commissioning; Maintenance,,DISCOVERY_SEED_REQUIRES_MODULE_VERIFICATION,2026-09-21,CBE-JTM-0430,cbe-job-tool-capability-register.csv
MMTR-0757,CBE_PROFESSIONAL_DOMAIN,D08,Building Services Trades,F09;F10;F12;F13;F22;F23;F26;F27,D08,CBE-JP-063,Refrigeration and air-conditioning installer,Building-services design / field service / certification,ServiceM8,ServiceM8,Survey; equipment selection; installation; commissioning; refrigerant/service records; maintenance,Job sheets; equipment records; commissioning/test records; service logs,Installation; Commissioning; Maintenance,,DISCOVERY_SEED_REQUIRES_MODULE_VERIFICATION,2026-09-21,CBE-JTM-0431,cbe-job-tool-capability-register.csv
MMTR-0758,CBE_PROFESSIONAL_DOMAIN,D12,Utilities & Networks,F09;F10;F12;F13;F22;F23;F26;F27,D12,CBE-JP-064,Road worker,Utilities / network / field operations,Bentley Systems,Bentley OpenRoads Designer,Work packs; traffic-management references; plant; materials; daily progress; inspections,Work orders; daily records; material usage; inspection records,Infrastructure construction; Maintenance,,DISCOVERY_SEED_REQUIRES_MODULE_VERIFICATION,2026-09-21,CBE-JTM-0432,cbe-job-tool-capability-register.csv
MMTR-0759,CBE_PROFESSIONAL_DOMAIN,D12,Utilities & Networks,F09;F10;F12;F13;F22;F23;F26;F27,D12,CBE-JP-064,Road worker,Utilities / network / field operations,Autodesk,Autodesk Civil 3D,Work packs; traffic-management references; plant; materials; daily progress; inspections,Work orders; daily records; material usage; inspection records,Infrastructure construction; Maintenance,https://www.autodesk.com/products/civil-3d/overview,WEB_ANCHOR_VERIFIED,2026-09-21,CBE-JTM-0433,cbe-job-tool-capability-register.csv
MMTR-0760,CBE_PROFESSIONAL_DOMAIN,D12,Utilities & Networks,F09;F10;F12;F13;F22;F23;F26;F27,D12,CBE-JP-064,Road worker,Utilities / network / field operations,Trimble,Trimble Siteworks,Work packs; traffic-management references; plant; materials; daily progress; inspections,Work orders; daily records; material usage; inspection records,Infrastructure construction; Maintenance,,DISCOVERY_SEED_REQUIRES_MODULE_VERIFICATION,2026-09-21,CBE-JTM-0434,cbe-job-tool-capability-register.csv
MMTR-0761,CBE_PROFESSIONAL_DOMAIN,D12,Utilities & Networks,F09;F10;F12;F13;F22;F23;F26;F27,D12,CBE-JP-064,Road worker,Utilities / network / field operations,Esri,ArcGIS Field Maps,Work packs; traffic-management references; plant; materials; daily progress; inspections,Work orders; daily records; material usage; inspection records,Infrastructure construction; Maintenance,,DISCOVERY_SEED_REQUIRES_MODULE_VERIFICATION,2026-09-21,CBE-JTM-0435,cbe-job-tool-capability-register.csv
MMTR-0762,CBE_PROFESSIONAL_DOMAIN,D12,Utilities & Networks,F09;F10;F12;F13;F22;F23;F26;F27,D12,CBE-JP-064,Road worker,Utilities / network / field operations,Procore,Procore,Work packs; traffic-management references; plant; materials; daily progress; inspections,Work orders; daily records; material usage; inspection records,Infrastructure construction; Maintenance,https://www.procore.com/,WEB_ANCHOR_VERIFIED,2026-09-21,CBE-JTM-0436,cbe-job-tool-capability-register.csv
MMTR-0763,CBE_PROFESSIONAL_DOMAIN,D12,Utilities & Networks,F09;F10;F12;F13;F22;F23;F26;F27,D12,CBE-JP-064,Road worker,Utilities / network / field operations,SafetyCulture,SafetyCulture,Work packs; traffic-management references; plant; materials; daily progress; inspections,Work orders; daily records; material usage; inspection records,Infrastructure construction; Maintenance,,DISCOVERY_SEED_REQUIRES_MODULE_VERIFICATION,2026-09-21,CBE-JTM-0437,cbe-job-tool-capability-register.csv
MMTR-0764,CBE_PROFESSIONAL_DOMAIN,D07,Building Trades,F09;F10;F12;F13;F23;F26;F27,D07,CBE-JP-065,Roofer,Trade field execution / estimating / evidence,Tradify,Tradify,Survey; estimate; materials; access; installation/repair; inspections; photos,Quotes; work orders; material schedules; photos,Envelope construction; Maintenance,,DISCOVERY_SEED_REQUIRES_MODULE_VERIFICATION,2026-09-21,CBE-JTM-0438,cbe-job-tool-capability-register.csv
MMTR-0765,CBE_PROFESSIONAL_DOMAIN,D07,Building Trades,F09;F10;F12;F13;F23;F26;F27,D07,CBE-JP-065,Roofer,Trade field execution / estimating / evidence,Fergus,Fergus,Survey; estimate; materials; access; installation/repair; inspections; photos,Quotes; work orders; material schedules; photos,Envelope construction; Maintenance,,DISCOVERY_SEED_REQUIRES_MODULE_VERIFICATION,2026-09-21,CBE-JTM-0439,cbe-job-tool-capability-register.csv
MMTR-0766,CBE_PROFESSIONAL_DOMAIN,D07,Building Trades,F09;F10;F12;F13;F23;F26;F27,D07,CBE-JP-065,Roofer,Trade field execution / estimating / evidence,Jobber,Jobber,Survey; estimate; materials; access; installation/repair; inspections; photos,Quotes; work orders; material schedules; photos,Envelope construction; Maintenance,,DISCOVERY_SEED_REQUIRES_MODULE_VERIFICATION,2026-09-21,CBE-JTM-0440,cbe-job-tool-capability-register.csv
MMTR-0767,CBE_PROFESSIONAL_DOMAIN,D07,Building Trades,F09;F10;F12;F13;F23;F26;F27,D07,CBE-JP-065,Roofer,Trade field execution / estimating / evidence,ServiceM8,ServiceM8,Survey; estimate; materials; access; installation/repair; inspections; photos,Quotes; work orders; material schedules; photos,Envelope construction; Maintenance,,DISCOVERY_SEED_REQUIRES_MODULE_VERIFICATION,2026-09-21,CBE-JTM-0441,cbe-job-tool-capability-register.csv
MMTR-0768,CBE_PROFESSIONAL_DOMAIN,D07,Building Trades,F09;F10;F12;F13;F23;F26;F27,D07,CBE-JP-065,Roofer,Trade field execution / estimating / evidence,BigChange,BigChange,Survey; estimate; materials; access; installation/repair; inspections; photos,Quotes; work orders; material schedules; photos,Envelope construction; Maintenance,,DISCOVERY_SEED_REQUIRES_MODULE_VERIFICATION,2026-09-21,CBE-JTM-0442,cbe-job-tool-capability-register.csv
MMTR-0769,CBE_PROFESSIONAL_DOMAIN,D07,Building Trades,F09;F10;F12;F13;F23;F26;F27,D07,CBE-JP-065,Roofer,Trade field execution / estimating / evidence,PlanRadar,PlanRadar,Survey; estimate; materials; access; installation/repair; inspections; photos,Quotes; work orders; material schedules; photos,Envelope construction; Maintenance,,DISCOVERY_SEED_REQUIRES_MODULE_VERIFICATION,2026-09-21,CBE-JTM-0443,cbe-job-tool-capability-register.csv
MMTR-0770,CBE_PROFESSIONAL_DOMAIN,D07,Building Trades,F09;F10;F12;F13;F23;F26;F27,D07,CBE-JP-065,Roofer,Trade field execution / estimating / evidence,SafetyCulture,SafetyCulture,Survey; estimate; materials; access; installation/repair; inspections; photos,Quotes; work orders; material schedules; photos,Envelope construction; Maintenance,,DISCOVERY_SEED_REQUIRES_MODULE_VERIFICATION,2026-09-21,CBE-JTM-0444,cbe-job-tool-capability-register.csv
MMTR-0771,CBE_PROFESSIONAL_DOMAIN,D03,"Surveying, Property & Land",F05;F07;F14;F19;F22;F26;F27,D03,CBE-JP-066,Rural surveyor,Survey / property / valuation / evidence,Esri,Esri ArcGIS Pro,Land/property records; valuations; tenancy/estate work; land management; inspections,Valuations; plans; property records; reports,Acquisition; Management,,DISCOVERY_SEED_REQUIRES_MODULE_VERIFICATION,2026-09-21,CBE-JTM-0445,cbe-job-tool-capability-register.csv
MMTR-0772,CBE_PROFESSIONAL_DOMAIN,D03,"Surveying, Property & Land",F05;F07;F14;F19;F22;F26;F27,D03,CBE-JP-066,Rural surveyor,Survey / property / valuation / evidence,QGIS Project,QGIS,Land/property records; valuations; tenancy/estate work; land management; inspections,Valuations; plans; property records; reports,Acquisition; Management,,DISCOVERY_SEED_REQUIRES_MODULE_VERIFICATION,2026-09-21,CBE-JTM-0446,cbe-job-tool-capability-register.csv
MMTR-0773,CBE_PROFESSIONAL_DOMAIN,D03,"Surveying, Property & Land",F05;F07;F14;F19;F22;F26;F27,D03,CBE-JP-066,Rural surveyor,Survey / property / valuation / evidence,MRI Software,MRI Horizon,Land/property records; valuations; tenancy/estate work; land management; inspections,Valuations; plans; property records; reports,Acquisition; Management,,DISCOVERY_SEED_REQUIRES_MODULE_VERIFICATION,2026-09-21,CBE-JTM-0447,cbe-job-tool-capability-register.csv
MMTR-0774,CBE_PROFESSIONAL_DOMAIN,D03,"Surveying, Property & Land",F05;F07;F14;F19;F22;F26;F27,D03,CBE-JP-066,Rural surveyor,Survey / property / valuation / evidence,Re-Leased,Re-Leased,Land/property records; valuations; tenancy/estate work; land management; inspections,Valuations; plans; property records; reports,Acquisition; Management,,DISCOVERY_SEED_REQUIRES_MODULE_VERIFICATION,2026-09-21,CBE-JTM-0448,cbe-job-tool-capability-register.csv
MMTR-0775,CBE_PROFESSIONAL_DOMAIN,D03,"Surveying, Property & Land",F05;F07;F14;F19;F22;F26;F27,D03,CBE-JP-066,Rural surveyor,Survey / property / valuation / evidence,LandTech,LandTech,Land/property records; valuations; tenancy/estate work; land management; inspections,Valuations; plans; property records; reports,Acquisition; Management,,DISCOVERY_SEED_REQUIRES_MODULE_VERIFICATION,2026-09-21,CBE-JTM-0449,cbe-job-tool-capability-register.csv
MMTR-0776,CBE_PROFESSIONAL_DOMAIN,D03,"Surveying, Property & Land",F05;F07;F14;F19;F22;F26;F27,D03,CBE-JP-066,Rural surveyor,Survey / property / valuation / evidence,Microsoft,Microsoft Power BI,Land/property records; valuations; tenancy/estate work; land management; inspections,Valuations; plans; property records; reports,Acquisition; Management,,DISCOVERY_SEED_REQUIRES_MODULE_VERIFICATION,2026-09-21,CBE-JTM-0450,cbe-job-tool-capability-register.csv
MMTR-0777,CBE_PROFESSIONAL_DOMAIN,D11,"Plant, Equipment & Specialist Operations",F09;F10;F11;F12;F13;F22;F23;F26;F27,D11,CBE-JP-067,Scaffolder,Plant / specialist operations / production,CADS / SMART Scaffolder,SMART Scaffolder,Scaffold design/reference; erection; inspection; handover; tagging; alterations; dismantle,Scaffold register; inspection records; handover certificates,Construction enabling works,https://smartscaffolder.com/,WEB_ANCHOR_VERIFIED,2026-09-21,CBE-JTM-0451,cbe-job-tool-capability-register.csv
MMTR-0778,CBE_PROFESSIONAL_DOMAIN,D11,"Plant, Equipment & Specialist Operations",F09;F10;F11;F12;F13;F22;F23;F26;F27,D11,CBE-JP-067,Scaffolder,Plant / specialist operations / production,Avontus,Avontus Scaffold Designer,Scaffold design/reference; erection; inspection; handover; tagging; alterations; dismantle,Scaffold register; inspection records; handover certificates,Construction enabling works,,DISCOVERY_SEED_REQUIRES_MODULE_VERIFICATION,2026-09-21,CBE-JTM-0452,cbe-job-tool-capability-register.csv
MMTR-0779,CBE_PROFESSIONAL_DOMAIN,D11,"Plant, Equipment & Specialist Operations",F09;F10;F11;F12;F13;F22;F23;F26;F27,D11,CBE-JP-067,Scaffolder,Plant / specialist operations / production,Avontus,Avontus Quantify,Scaffold design/reference; erection; inspection; handover; tagging; alterations; dismantle,Scaffold register; inspection records; handover certificates,Construction enabling works,,DISCOVERY_SEED_REQUIRES_MODULE_VERIFICATION,2026-09-21,CBE-JTM-0453,cbe-job-tool-capability-register.csv
MMTR-0780,CBE_PROFESSIONAL_DOMAIN,D11,"Plant, Equipment & Specialist Operations",F09;F10;F11;F12;F13;F22;F23;F26;F27,D11,CBE-JP-067,Scaffolder,Plant / specialist operations / production,Procore,Procore,Scaffold design/reference; erection; inspection; handover; tagging; alterations; dismantle,Scaffold register; inspection records; handover certificates,Construction enabling works,https://www.procore.com/,WEB_ANCHOR_VERIFIED,2026-09-21,CBE-JTM-0454,cbe-job-tool-capability-register.csv
MMTR-0781,CBE_PROFESSIONAL_DOMAIN,D11,"Plant, Equipment & Specialist Operations",F09;F10;F11;F12;F13;F22;F23;F26;F27,D11,CBE-JP-067,Scaffolder,Plant / specialist operations / production,SafetyCulture,SafetyCulture,Scaffold design/reference; erection; inspection; handover; tagging; alterations; dismantle,Scaffold register; inspection records; handover certificates,Construction enabling works,,DISCOVERY_SEED_REQUIRES_MODULE_VERIFICATION,2026-09-21,CBE-JTM-0455,cbe-job-tool-capability-register.csv
MMTR-0782,CBE_PROFESSIONAL_DOMAIN,D11,"Plant, Equipment & Specialist Operations",F09;F10;F11;F12;F13;F22;F23;F26;F27,D11,CBE-JP-067,Scaffolder,Plant / specialist operations / production,PlanRadar,PlanRadar,Scaffold design/reference; erection; inspection; handover; tagging; alterations; dismantle,Scaffold register; inspection records; handover certificates,Construction enabling works,,DISCOVERY_SEED_REQUIRES_MODULE_VERIFICATION,2026-09-21,CBE-JTM-0456,cbe-job-tool-capability-register.csv
MMTR-0783,CBE_PROFESSIONAL_DOMAIN,D08,Building Services Trades,F09;F10;F12;F13;F22;F23;F26;F27,D08,CBE-JP-068,Security systems installer,Building-services design / field service / certification,JVSG,JVSG IP Video System Design Tool,Survey; quote; device/system design; installation; testing; commissioning; maintenance,Quotes; device registers; test results; commissioning/service records,Installation; Commissioning; Maintenance,https://www.jvsg.com/,WEB_ANCHOR_VERIFIED,2026-09-21,CBE-JTM-0457,cbe-job-tool-capability-register.csv
MMTR-0784,CBE_PROFESSIONAL_DOMAIN,D08,Building Services Trades,F09;F10;F12;F13;F22;F23;F26;F27,D08,CBE-JP-068,Security systems installer,Building-services design / field service / certification,System Surveyor,System Surveyor,Survey; quote; device/system design; installation; testing; commissioning; maintenance,Quotes; device registers; test results; commissioning/service records,Installation; Commissioning; Maintenance,,DISCOVERY_SEED_REQUIRES_MODULE_VERIFICATION,2026-09-21,CBE-JTM-0458,cbe-job-tool-capability-register.csv
MMTR-0785,CBE_PROFESSIONAL_DOMAIN,D08,Building Services Trades,F09;F10;F12;F13;F22;F23;F26;F27,D08,CBE-JP-068,Security systems installer,Building-services design / field service / certification,Autodesk,AutoCAD,Survey; quote; device/system design; installation; testing; commissioning; maintenance,Quotes; device registers; test results; commissioning/service records,Installation; Commissioning; Maintenance,,DISCOVERY_SEED_REQUIRES_MODULE_VERIFICATION,2026-09-21,CBE-JTM-0459,cbe-job-tool-capability-register.csv
MMTR-0786,CBE_PROFESSIONAL_DOMAIN,D08,Building Services Trades,F09;F10;F12;F13;F22;F23;F26;F27,D08,CBE-JP-068,Security systems installer,Building-services design / field service / certification,Genetec,Genetec Security Center,Survey; quote; device/system design; installation; testing; commissioning; maintenance,Quotes; device registers; test results; commissioning/service records,Installation; Commissioning; Maintenance,,DISCOVERY_SEED_REQUIRES_MODULE_VERIFICATION,2026-09-21,CBE-JTM-0460,cbe-job-tool-capability-register.csv
MMTR-0787,CBE_PROFESSIONAL_DOMAIN,D08,Building Services Trades,F09;F10;F12;F13;F22;F23;F26;F27,D08,CBE-JP-068,Security systems installer,Building-services design / field service / certification,LenelS2,LenelS2 OnGuard,Survey; quote; device/system design; installation; testing; commissioning; maintenance,Quotes; device registers; test results; commissioning/service records,Installation; Commissioning; Maintenance,,DISCOVERY_SEED_REQUIRES_MODULE_VERIFICATION,2026-09-21,CBE-JTM-0461,cbe-job-tool-capability-register.csv
MMTR-0788,CBE_PROFESSIONAL_DOMAIN,D08,Building Services Trades,F09;F10;F12;F13;F22;F23;F26;F27,D08,CBE-JP-068,Security systems installer,Building-services design / field service / certification,simPRO,simPRO,Survey; quote; device/system design; installation; testing; commissioning; maintenance,Quotes; device registers; test results; commissioning/service records,Installation; Commissioning; Maintenance,,DISCOVERY_SEED_REQUIRES_MODULE_VERIFICATION,2026-09-21,CBE-JTM-0462,cbe-job-tool-capability-register.csv
MMTR-0789,CBE_PROFESSIONAL_DOMAIN,D08,Building Services Trades,F09;F10;F12;F13;F22;F23;F26;F27,D08,CBE-JP-068,Security systems installer,Building-services design / field service / certification,Joblogic,Joblogic,Survey; quote; device/system design; installation; testing; commissioning; maintenance,Quotes; device registers; test results; commissioning/service records,Installation; Commissioning; Maintenance,,DISCOVERY_SEED_REQUIRES_MODULE_VERIFICATION,2026-09-21,CBE-JTM-0463,cbe-job-tool-capability-register.csv
MMTR-0790,CBE_PROFESSIONAL_DOMAIN,D07,Building Trades,F09;F10;F12;F13;F23;F26;F27,D07,CBE-JP-069,Shopfitter,Trade field execution / estimating / evidence,Autodesk,AutoCAD,Survey; programme; fabrication/install coordination; materials; snagging; handover,Work orders; drawings; material schedules; snagging records,Fit-out,,DISCOVERY_SEED_REQUIRES_MODULE_VERIFICATION,2026-09-21,CBE-JTM-0464,cbe-job-tool-capability-register.csv
MMTR-0791,CBE_PROFESSIONAL_DOMAIN,D07,Building Trades,F09;F10;F12;F13;F23;F26;F27,D07,CBE-JP-069,Shopfitter,Trade field execution / estimating / evidence,Autodesk,Autodesk Revit,Survey; programme; fabrication/install coordination; materials; snagging; handover,Work orders; drawings; material schedules; snagging records,Fit-out,https://www.autodesk.com/products/revit/overview,WEB_ANCHOR_VERIFIED,2026-09-21,CBE-JTM-0465,cbe-job-tool-capability-register.csv
MMTR-0792,CBE_PROFESSIONAL_DOMAIN,D07,Building Trades,F09;F10;F12;F13;F23;F26;F27,D07,CBE-JP-069,Shopfitter,Trade field execution / estimating / evidence,Trimble,SketchUp,Survey; programme; fabrication/install coordination; materials; snagging; handover,Work orders; drawings; material schedules; snagging records,Fit-out,,DISCOVERY_SEED_REQUIRES_MODULE_VERIFICATION,2026-09-21,CBE-JTM-0466,cbe-job-tool-capability-register.csv
MMTR-0793,CBE_PROFESSIONAL_DOMAIN,D07,Building Trades,F09;F10;F12;F13;F23;F26;F27,D07,CBE-JP-069,Shopfitter,Trade field execution / estimating / evidence,Procore,Procore,Survey; programme; fabrication/install coordination; materials; snagging; handover,Work orders; drawings; material schedules; snagging records,Fit-out,https://www.procore.com/,WEB_ANCHOR_VERIFIED,2026-09-21,CBE-JTM-0467,cbe-job-tool-capability-register.csv
MMTR-0794,CBE_PROFESSIONAL_DOMAIN,D07,Building Trades,F09;F10;F12;F13;F23;F26;F27,D07,CBE-JP-069,Shopfitter,Trade field execution / estimating / evidence,Autodesk,Autodesk Build,Survey; programme; fabrication/install coordination; materials; snagging; handover,Work orders; drawings; material schedules; snagging records,Fit-out,https://construction.autodesk.com/products/autodesk-build/,WEB_ANCHOR_VERIFIED,2026-09-21,CBE-JTM-0468,cbe-job-tool-capability-register.csv
MMTR-0795,CBE_PROFESSIONAL_DOMAIN,D07,Building Trades,F09;F10;F12;F13;F23;F26;F27,D07,CBE-JP-069,Shopfitter,Trade field execution / estimating / evidence,Bluebeam,Bluebeam Revu,Survey; programme; fabrication/install coordination; materials; snagging; handover,Work orders; drawings; material schedules; snagging records,Fit-out,https://www.bluebeam.com/revu/,WEB_ANCHOR_VERIFIED,2026-09-21,CBE-JTM-0469,cbe-job-tool-capability-register.csv
MMTR-0796,CBE_PROFESSIONAL_DOMAIN,D07,Building Trades,F09;F10;F12;F13;F23;F26;F27,D07,CBE-JP-069,Shopfitter,Trade field execution / estimating / evidence,Tradify,Tradify,Survey; programme; fabrication/install coordination; materials; snagging; handover,Work orders; drawings; material schedules; snagging records,Fit-out,,DISCOVERY_SEED_REQUIRES_MODULE_VERIFICATION,2026-09-21,CBE-JTM-0470,cbe-job-tool-capability-register.csv
MMTR-0797,CBE_PROFESSIONAL_DOMAIN,D09,Energy & Building Performance,F05;F12;F13;F22;F23;F26;F27,D09,CBE-JP-070,Solar panel installer,Energy assessment / retrofit / field execution,OpenSolar,OpenSolar,Survey; system sizing/design inputs; quote; installation; testing; commissioning; maintenance,Survey; quotes; equipment records; commissioning/test records,Retrofit/Installation; Maintenance,https://www.opensolar.com/,WEB_ANCHOR_VERIFIED,2026-09-21,CBE-JTM-0471,cbe-job-tool-capability-register.csv
MMTR-0798,CBE_PROFESSIONAL_DOMAIN,D09,Energy & Building Performance,F05;F12;F13;F22;F23;F26;F27,D09,CBE-JP-070,Solar panel installer,Energy assessment / retrofit / field execution,Valentin Software,Valentin PV*SOL premium,Survey; system sizing/design inputs; quote; installation; testing; commissioning; maintenance,Survey; quotes; equipment records; commissioning/test records,Retrofit/Installation; Maintenance,,DISCOVERY_SEED_REQUIRES_MODULE_VERIFICATION,2026-09-21,CBE-JTM-0472,cbe-job-tool-capability-register.csv
MMTR-0799,CBE_PROFESSIONAL_DOMAIN,D09,Energy & Building Performance,F05;F12;F13;F22;F23;F26;F27,D09,CBE-JP-070,Solar panel installer,Energy assessment / retrofit / field execution,SolarEdge,SolarEdge Designer,Survey; system sizing/design inputs; quote; installation; testing; commissioning; maintenance,Survey; quotes; equipment records; commissioning/test records,Retrofit/Installation; Maintenance,,DISCOVERY_SEED_REQUIRES_MODULE_VERIFICATION,2026-09-21,CBE-JTM-0473,cbe-job-tool-capability-register.csv
MMTR-0800,CBE_PROFESSIONAL_DOMAIN,D09,Energy & Building Performance,F05;F12;F13;F22;F23;F26;F27,D09,CBE-JP-070,Solar panel installer,Energy assessment / retrofit / field execution,PVcase,PVcase,Survey; system sizing/design inputs; quote; installation; testing; commissioning; maintenance,Survey; quotes; equipment records; commissioning/test records,Retrofit/Installation; Maintenance,,DISCOVERY_SEED_REQUIRES_MODULE_VERIFICATION,2026-09-21,CBE-JTM-0474,cbe-job-tool-capability-register.csv
MMTR-0801,CBE_PROFESSIONAL_DOMAIN,D09,Energy & Building Performance,F05;F12;F13;F22;F23;F26;F27,D09,CBE-JP-070,Solar panel installer,Energy assessment / retrofit / field execution,simPRO,simPRO,Survey; system sizing/design inputs; quote; installation; testing; commissioning; maintenance,Survey; quotes; equipment records; commissioning/test records,Retrofit/Installation; Maintenance,,DISCOVERY_SEED_REQUIRES_MODULE_VERIFICATION,2026-09-21,CBE-JTM-0475,cbe-job-tool-capability-register.csv
MMTR-0802,CBE_PROFESSIONAL_DOMAIN,D09,Energy & Building Performance,F05;F12;F13;F22;F23;F26;F27,D09,CBE-JP-070,Solar panel installer,Energy assessment / retrofit / field execution,Joblogic,Joblogic,Survey; system sizing/design inputs; quote; installation; testing; commissioning; maintenance,Survey; quotes; equipment records; commissioning/test records,Retrofit/Installation; Maintenance,,DISCOVERY_SEED_REQUIRES_MODULE_VERIFICATION,2026-09-21,CBE-JTM-0476,cbe-job-tool-capability-register.csv
MMTR-0803,CBE_PROFESSIONAL_DOMAIN,D09,Energy & Building Performance,F05;F12;F13;F22;F23;F26;F27,D09,CBE-JP-070,Solar panel installer,Energy assessment / retrofit / field execution,ServiceM8,ServiceM8,Survey; system sizing/design inputs; quote; installation; testing; commissioning; maintenance,Survey; quotes; equipment records; commissioning/test records,Retrofit/Installation; Maintenance,,DISCOVERY_SEED_REQUIRES_MODULE_VERIFICATION,2026-09-21,CBE-JTM-0477,cbe-job-tool-capability-register.csv
MMTR-0804,CBE_PROFESSIONAL_DOMAIN,D07,Building Trades,F09;F10;F12;F13;F23;F26;F27,D07,CBE-JP-071,Steel erector,Trade field execution / estimating / evidence,Trimble,Tekla Structures,Work packs; lifts; sequence; members; bolts/connections; inspections; progress,Work packs; member records; inspection records; photos,Structural construction,https://www.tekla.com/products/tekla-structures,WEB_ANCHOR_VERIFIED,2026-09-21,CBE-JTM-0478,cbe-job-tool-capability-register.csv
MMTR-0805,CBE_PROFESSIONAL_DOMAIN,D07,Building Trades,F09;F10;F12;F13;F23;F26;F27,D07,CBE-JP-071,Steel erector,Trade field execution / estimating / evidence,Trimble,Trimble Connect,Work packs; lifts; sequence; members; bolts/connections; inspections; progress,Work packs; member records; inspection records; photos,Structural construction,,DISCOVERY_SEED_REQUIRES_MODULE_VERIFICATION,2026-09-21,CBE-JTM-0479,cbe-job-tool-capability-register.csv
MMTR-0806,CBE_PROFESSIONAL_DOMAIN,D07,Building Trades,F09;F10;F12;F13;F23;F26;F27,D07,CBE-JP-071,Steel erector,Trade field execution / estimating / evidence,Procore,Procore,Work packs; lifts; sequence; members; bolts/connections; inspections; progress,Work packs; member records; inspection records; photos,Structural construction,https://www.procore.com/,WEB_ANCHOR_VERIFIED,2026-09-21,CBE-JTM-0480,cbe-job-tool-capability-register.csv
MMTR-0807,CBE_PROFESSIONAL_DOMAIN,D07,Building Trades,F09;F10;F12;F13;F23;F26;F27,D07,CBE-JP-071,Steel erector,Trade field execution / estimating / evidence,Autodesk,Autodesk Build,Work packs; lifts; sequence; members; bolts/connections; inspections; progress,Work packs; member records; inspection records; photos,Structural construction,https://construction.autodesk.com/products/autodesk-build/,WEB_ANCHOR_VERIFIED,2026-09-21,CBE-JTM-0481,cbe-job-tool-capability-register.csv
MMTR-0808,CBE_PROFESSIONAL_DOMAIN,D07,Building Trades,F09;F10;F12;F13;F23;F26;F27,D07,CBE-JP-071,Steel erector,Trade field execution / estimating / evidence,Bluebeam,Bluebeam Revu,Work packs; lifts; sequence; members; bolts/connections; inspections; progress,Work packs; member records; inspection records; photos,Structural construction,https://www.bluebeam.com/revu/,WEB_ANCHOR_VERIFIED,2026-09-21,CBE-JTM-0482,cbe-job-tool-capability-register.csv
MMTR-0809,CBE_PROFESSIONAL_DOMAIN,D07,Building Trades,F09;F10;F12;F13;F23;F26;F27,D07,CBE-JP-071,Steel erector,Trade field execution / estimating / evidence,SafetyCulture,SafetyCulture,Work packs; lifts; sequence; members; bolts/connections; inspections; progress,Work packs; member records; inspection records; photos,Structural construction,,DISCOVERY_SEED_REQUIRES_MODULE_VERIFICATION,2026-09-21,CBE-JTM-0483,cbe-job-tool-capability-register.csv
MMTR-0810,CBE_PROFESSIONAL_DOMAIN,D07,Building Trades,F09;F10;F12;F13;F23;F26;F27,D07,CBE-JP-072,Steel fixer,Trade field execution / estimating / evidence,Trimble,Tekla Structures,Bar schedules/reference; work areas; installation; checks; progress,Work orders; reinforcement records; inspections; photos,Structural construction,https://www.tekla.com/products/tekla-structures,WEB_ANCHOR_VERIFIED,2026-09-21,CBE-JTM-0484,cbe-job-tool-capability-register.csv
MMTR-0811,CBE_PROFESSIONAL_DOMAIN,D07,Building Trades,F09;F10;F12;F13;F23;F26;F27,D07,CBE-JP-072,Steel fixer,Trade field execution / estimating / evidence,ALLPLAN,ALLPLAN,Bar schedules/reference; work areas; installation; checks; progress,Work orders; reinforcement records; inspections; photos,Structural construction,https://www.allplan.com/products/allplan/,WEB_ANCHOR_VERIFIED,2026-09-21,CBE-JTM-0485,cbe-job-tool-capability-register.csv
MMTR-0812,CBE_PROFESSIONAL_DOMAIN,D07,Building Trades,F09;F10;F12;F13;F23;F26;F27,D07,CBE-JP-072,Steel fixer,Trade field execution / estimating / evidence,CADS,RebarCAD,Bar schedules/reference; work areas; installation; checks; progress,Work orders; reinforcement records; inspections; photos,Structural construction,,DISCOVERY_SEED_REQUIRES_MODULE_VERIFICATION,2026-09-21,CBE-JTM-0486,cbe-job-tool-capability-register.csv
MMTR-0813,CBE_PROFESSIONAL_DOMAIN,D07,Building Trades,F09;F10;F12;F13;F23;F26;F27,D07,CBE-JP-072,Steel fixer,Trade field execution / estimating / evidence,Autodesk,AutoCAD,Bar schedules/reference; work areas; installation; checks; progress,Work orders; reinforcement records; inspections; photos,Structural construction,,DISCOVERY_SEED_REQUIRES_MODULE_VERIFICATION,2026-09-21,CBE-JTM-0487,cbe-job-tool-capability-register.csv
MMTR-0814,CBE_PROFESSIONAL_DOMAIN,D07,Building Trades,F09;F10;F12;F13;F23;F26;F27,D07,CBE-JP-072,Steel fixer,Trade field execution / estimating / evidence,Trimble,Trimble Connect,Bar schedules/reference; work areas; installation; checks; progress,Work orders; reinforcement records; inspections; photos,Structural construction,,DISCOVERY_SEED_REQUIRES_MODULE_VERIFICATION,2026-09-21,CBE-JTM-0488,cbe-job-tool-capability-register.csv
MMTR-0815,CBE_PROFESSIONAL_DOMAIN,D07,Building Trades,F09;F10;F12;F13;F23;F26;F27,D07,CBE-JP-072,Steel fixer,Trade field execution / estimating / evidence,Procore,Procore,Bar schedules/reference; work areas; installation; checks; progress,Work orders; reinforcement records; inspections; photos,Structural construction,https://www.procore.com/,WEB_ANCHOR_VERIFIED,2026-09-21,CBE-JTM-0489,cbe-job-tool-capability-register.csv
MMTR-0816,CBE_PROFESSIONAL_DOMAIN,D07,Building Trades,F09;F10;F12;F13;F23;F26;F27,D07,CBE-JP-072,Steel fixer,Trade field execution / estimating / evidence,SafetyCulture,SafetyCulture,Bar schedules/reference; work areas; installation; checks; progress,Work orders; reinforcement records; inspections; photos,Structural construction,,DISCOVERY_SEED_REQUIRES_MODULE_VERIFICATION,2026-09-21,CBE-JTM-0490,cbe-job-tool-capability-register.csv
MMTR-0817,CBE_PROFESSIONAL_DOMAIN,D11,"Plant, Equipment & Specialist Operations",F09;F10;F11;F12;F13;F22;F23;F26;F27,D11,CBE-JP-073,Steeplejack,Plant / specialist operations / production,SafetyCulture,SafetyCulture,Access planning; inspection; repair; maintenance; lightning protection records; photos,Inspection reports; work orders; test records; photos,Maintenance / Specialist works,,DISCOVERY_SEED_REQUIRES_MODULE_VERIFICATION,2026-09-21,CBE-JTM-0491,cbe-job-tool-capability-register.csv
MMTR-0818,CBE_PROFESSIONAL_DOMAIN,D11,"Plant, Equipment & Specialist Operations",F09;F10;F11;F12;F13;F22;F23;F26;F27,D11,CBE-JP-073,Steeplejack,Plant / specialist operations / production,PlanRadar,PlanRadar,Access planning; inspection; repair; maintenance; lightning protection records; photos,Inspection reports; work orders; test records; photos,Maintenance / Specialist works,,DISCOVERY_SEED_REQUIRES_MODULE_VERIFICATION,2026-09-21,CBE-JTM-0492,cbe-job-tool-capability-register.csv
MMTR-0819,CBE_PROFESSIONAL_DOMAIN,D11,"Plant, Equipment & Specialist Operations",F09;F10;F11;F12;F13;F22;F23;F26;F27,D11,CBE-JP-073,Steeplejack,Plant / specialist operations / production,Esri,ArcGIS Field Maps,Access planning; inspection; repair; maintenance; lightning protection records; photos,Inspection reports; work orders; test records; photos,Maintenance / Specialist works,,DISCOVERY_SEED_REQUIRES_MODULE_VERIFICATION,2026-09-21,CBE-JTM-0493,cbe-job-tool-capability-register.csv
MMTR-0820,CBE_PROFESSIONAL_DOMAIN,D11,"Plant, Equipment & Specialist Operations",F09;F10;F11;F12;F13;F22;F23;F26;F27,D11,CBE-JP-073,Steeplejack,Plant / specialist operations / production,Matterport,Matterport,Access planning; inspection; repair; maintenance; lightning protection records; photos,Inspection reports; work orders; test records; photos,Maintenance / Specialist works,,DISCOVERY_SEED_REQUIRES_MODULE_VERIFICATION,2026-09-21,CBE-JTM-0494,cbe-job-tool-capability-register.csv
MMTR-0821,CBE_PROFESSIONAL_DOMAIN,D11,"Plant, Equipment & Specialist Operations",F09;F10;F11;F12;F13;F22;F23;F26;F27,D11,CBE-JP-073,Steeplejack,Plant / specialist operations / production,Autodesk,Autodesk ReCap Pro,Access planning; inspection; repair; maintenance; lightning protection records; photos,Inspection reports; work orders; test records; photos,Maintenance / Specialist works,,DISCOVERY_SEED_REQUIRES_MODULE_VERIFICATION,2026-09-21,CBE-JTM-0495,cbe-job-tool-capability-register.csv
MMTR-0822,CBE_PROFESSIONAL_DOMAIN,D11,"Plant, Equipment & Specialist Operations",F09;F10;F11;F12;F13;F22;F23;F26;F27,D11,CBE-JP-073,Steeplejack,Plant / specialist operations / production,BigChange,BigChange,Access planning; inspection; repair; maintenance; lightning protection records; photos,Inspection reports; work orders; test records; photos,Maintenance / Specialist works,,DISCOVERY_SEED_REQUIRES_MODULE_VERIFICATION,2026-09-21,CBE-JTM-0496,cbe-job-tool-capability-register.csv
MMTR-0823,CBE_PROFESSIONAL_DOMAIN,D13,"Heritage, Conservation & Landscape",F05;F12;F13;F19;F22;F23;F26;F27,D13,CBE-JP-074,Stonemason,Heritage / landscape / conservation information,Autodesk,AutoCAD,Survey/template; fabrication; installation; conservation repair; material traceability,Templates; work orders; material records; photos,Construction; Conservation,,DISCOVERY_SEED_REQUIRES_MODULE_VERIFICATION,2026-09-21,CBE-JTM-0497,cbe-job-tool-capability-register.csv
MMTR-0824,CBE_PROFESSIONAL_DOMAIN,D13,"Heritage, Conservation & Landscape",F05;F12;F13;F19;F22;F23;F26;F27,D13,CBE-JP-074,Stonemason,Heritage / landscape / conservation information,Robert McNeel & Associates,Rhino,Survey/template; fabrication; installation; conservation repair; material traceability,Templates; work orders; material records; photos,Construction; Conservation,,DISCOVERY_SEED_REQUIRES_MODULE_VERIFICATION,2026-09-21,CBE-JTM-0498,cbe-job-tool-capability-register.csv
MMTR-0825,CBE_PROFESSIONAL_DOMAIN,D13,"Heritage, Conservation & Landscape",F05;F12;F13;F19;F22;F23;F26;F27,D13,CBE-JP-074,Stonemason,Heritage / landscape / conservation information,Trimble,SketchUp,Survey/template; fabrication; installation; conservation repair; material traceability,Templates; work orders; material records; photos,Construction; Conservation,,DISCOVERY_SEED_REQUIRES_MODULE_VERIFICATION,2026-09-21,CBE-JTM-0499,cbe-job-tool-capability-register.csv
MMTR-0826,CBE_PROFESSIONAL_DOMAIN,D13,"Heritage, Conservation & Landscape",F05;F12;F13;F19;F22;F23;F26;F27,D13,CBE-JP-074,Stonemason,Heritage / landscape / conservation information,Agisoft,Agisoft Metashape,Survey/template; fabrication; installation; conservation repair; material traceability,Templates; work orders; material records; photos,Construction; Conservation,,DISCOVERY_SEED_REQUIRES_MODULE_VERIFICATION,2026-09-21,CBE-JTM-0500,cbe-job-tool-capability-register.csv
MMTR-0827,CBE_PROFESSIONAL_DOMAIN,D13,"Heritage, Conservation & Landscape",F05;F12;F13;F19;F22;F23;F26;F27,D13,CBE-JP-074,Stonemason,Heritage / landscape / conservation information,Autodesk,Autodesk ReCap Pro,Survey/template; fabrication; installation; conservation repair; material traceability,Templates; work orders; material records; photos,Construction; Conservation,,DISCOVERY_SEED_REQUIRES_MODULE_VERIFICATION,2026-09-21,CBE-JTM-0501,cbe-job-tool-capability-register.csv
MMTR-0828,CBE_PROFESSIONAL_DOMAIN,D13,"Heritage, Conservation & Landscape",F05;F12;F13;F19;F22;F23;F26;F27,D13,CBE-JP-074,Stonemason,Heritage / landscape / conservation information,Tradify,Tradify,Survey/template; fabrication; installation; conservation repair; material traceability,Templates; work orders; material records; photos,Construction; Conservation,,DISCOVERY_SEED_REQUIRES_MODULE_VERIFICATION,2026-09-21,CBE-JTM-0502,cbe-job-tool-capability-register.csv
MMTR-0829,CBE_PROFESSIONAL_DOMAIN,D13,"Heritage, Conservation & Landscape",F05;F12;F13;F19;F22;F23;F26;F27,D13,CBE-JP-074,Stonemason,Heritage / landscape / conservation information,Procore,Procore,Survey/template; fabrication; installation; conservation repair; material traceability,Templates; work orders; material records; photos,Construction; Conservation,https://www.procore.com/,WEB_ANCHOR_VERIFIED,2026-09-21,CBE-JTM-0503,cbe-job-tool-capability-register.csv
MMTR-0830,CBE_PROFESSIONAL_DOMAIN,D02,Engineering & Technical Design,F05;F13;F19;F23;F26;F27,D02,CBE-JP-075,Structural engineer,Engineering analysis / design / technical information,Trimble,Tekla Structural Designer 2026,Structural analysis; calculations; drawings; specifications; design changes; inspections,Calculations; models; drawings; specifications; inspection records,Design; Construction,https://www.tekla.com/products/tekla-structural-designer,WEB_ANCHOR_VERIFIED,2026-09-21,CBE-JTM-0504,cbe-job-tool-capability-register.csv
MMTR-0831,CBE_PROFESSIONAL_DOMAIN,D02,Engineering & Technical Design,F05;F13;F19;F23;F26;F27,D02,CBE-JP-075,Structural engineer,Engineering analysis / design / technical information,Trimble,Tekla Tedds 2026,Structural analysis; calculations; drawings; specifications; design changes; inspections,Calculations; models; drawings; specifications; inspection records,Design; Construction,https://www.tekla.com/products/tekla-tedds,WEB_ANCHOR_VERIFIED,2026-09-21,CBE-JTM-0505,cbe-job-tool-capability-register.csv
MMTR-0832,CBE_PROFESSIONAL_DOMAIN,D02,Engineering & Technical Design,F05;F13;F19;F23;F26;F27,D02,CBE-JP-075,Structural engineer,Engineering analysis / design / technical information,,ETABS,Structural analysis; calculations; drawings; specifications; design changes; inspections,Calculations; models; drawings; specifications; inspection records,Design; Construction,,DISCOVERY_SEED_REQUIRES_MODULE_VERIFICATION,2026-09-21,CBE-JTM-0506,cbe-job-tool-capability-register.csv
MMTR-0833,CBE_PROFESSIONAL_DOMAIN,D02,Engineering & Technical Design,F05;F13;F19;F23;F26;F27,D02,CBE-JP-075,Structural engineer,Engineering analysis / design / technical information,SAP,SAP2000,Structural analysis; calculations; drawings; specifications; design changes; inspections,Calculations; models; drawings; specifications; inspection records,Design; Construction,,DISCOVERY_SEED_REQUIRES_MODULE_VERIFICATION,2026-09-21,CBE-JTM-0507,cbe-job-tool-capability-register.csv
MMTR-0834,CBE_PROFESSIONAL_DOMAIN,D02,Engineering & Technical Design,F05;F13;F19;F23;F26;F27,D02,CBE-JP-075,Structural engineer,Engineering analysis / design / technical information,,STAAD.Pro,Structural analysis; calculations; drawings; specifications; design changes; inspections,Calculations; models; drawings; specifications; inspection records,Design; Construction,,DISCOVERY_SEED_REQUIRES_MODULE_VERIFICATION,2026-09-21,CBE-JTM-0508,cbe-job-tool-capability-register.csv
MMTR-0835,CBE_PROFESSIONAL_DOMAIN,D02,Engineering & Technical Design,F05;F13;F19;F23;F26;F27,D02,CBE-JP-075,Structural engineer,Engineering analysis / design / technical information,Autodesk,Autodesk Robot Structural Analysis,Structural analysis; calculations; drawings; specifications; design changes; inspections,Calculations; models; drawings; specifications; inspection records,Design; Construction,,DISCOVERY_SEED_REQUIRES_MODULE_VERIFICATION,2026-09-21,CBE-JTM-0509,cbe-job-tool-capability-register.csv
MMTR-0836,CBE_PROFESSIONAL_DOMAIN,D02,Engineering & Technical Design,F05;F13;F19;F23;F26;F27,D02,CBE-JP-075,Structural engineer,Engineering analysis / design / technical information,,SCIA Engineer,Structural analysis; calculations; drawings; specifications; design changes; inspections,Calculations; models; drawings; specifications; inspection records,Design; Construction,,DISCOVERY_SEED_REQUIRES_MODULE_VERIFICATION,2026-09-21,CBE-JTM-0510,cbe-job-tool-capability-register.csv
MMTR-0837,CBE_PROFESSIONAL_DOMAIN,D02,Engineering & Technical Design,F05;F13;F19;F23;F26;F27,D02,CBE-JP-075,Structural engineer,Engineering analysis / design / technical information,,Dlubal RFEM,Structural analysis; calculations; drawings; specifications; design changes; inspections,Calculations; models; drawings; specifications; inspection records,Design; Construction,,DISCOVERY_SEED_REQUIRES_MODULE_VERIFICATION,2026-09-21,CBE-JTM-0511,cbe-job-tool-capability-register.csv
MMTR-0838,CBE_PROFESSIONAL_DOMAIN,D02,Engineering & Technical Design,F05;F13;F19;F23;F26;F27,D02,CBE-JP-075,Structural engineer,Engineering analysis / design / technical information,Autodesk,Autodesk Revit,Structural analysis; calculations; drawings; specifications; design changes; inspections,Calculations; models; drawings; specifications; inspection records,Design; Construction,https://www.autodesk.com/products/revit/overview,WEB_ANCHOR_VERIFIED,2026-09-21,CBE-JTM-0512,cbe-job-tool-capability-register.csv
MMTR-0839,CBE_PROFESSIONAL_DOMAIN,D02,Engineering & Technical Design,F05;F13;F19;F23;F26;F27,D02,CBE-JP-075,Structural engineer,Engineering analysis / design / technical information,Trimble,Tekla Structures,Structural analysis; calculations; drawings; specifications; design changes; inspections,Calculations; models; drawings; specifications; inspection records,Design; Construction,https://www.tekla.com/products/tekla-structures,WEB_ANCHOR_VERIFIED,2026-09-21,CBE-JTM-0513,cbe-job-tool-capability-register.csv
MMTR-0840,CBE_PROFESSIONAL_DOMAIN,D03,"Surveying, Property & Land",F05;F07;F14;F19;F22;F26;F27,D03,CBE-JP-076,Surveying technician,Survey / property / valuation / evidence,Trimble,Trimble Business Center,Survey support; site data; measurements; drawings; records; inspections,Survey data; drawings; schedules; reports,Survey; Design; Construction,https://geospatial.trimble.com/en/products/software/trimble-business-center,WEB_ANCHOR_VERIFIED,2026-09-21,CBE-JTM-0514,cbe-job-tool-capability-register.csv
MMTR-0841,CBE_PROFESSIONAL_DOMAIN,D03,"Surveying, Property & Land",F05;F07;F14;F19;F22;F26;F27,D03,CBE-JP-076,Surveying technician,Survey / property / valuation / evidence,Trimble,Trimble Access,Survey support; site data; measurements; drawings; records; inspections,Survey data; drawings; schedules; reports,Survey; Design; Construction,,DISCOVERY_SEED_REQUIRES_MODULE_VERIFICATION,2026-09-21,CBE-JTM-0515,cbe-job-tool-capability-register.csv
MMTR-0842,CBE_PROFESSIONAL_DOMAIN,D03,"Surveying, Property & Land",F05;F07;F14;F19;F22;F26;F27,D03,CBE-JP-076,Surveying technician,Survey / property / valuation / evidence,Leica Geosystems,Leica Infinity,Survey support; site data; measurements; drawings; records; inspections,Survey data; drawings; schedules; reports,Survey; Design; Construction,,DISCOVERY_SEED_REQUIRES_MODULE_VERIFICATION,2026-09-21,CBE-JTM-0516,cbe-job-tool-capability-register.csv
MMTR-0843,CBE_PROFESSIONAL_DOMAIN,D03,"Surveying, Property & Land",F05;F07;F14;F19;F22;F26;F27,D03,CBE-JP-076,Surveying technician,Survey / property / valuation / evidence,Leica Geosystems,Leica Cyclone,Survey support; site data; measurements; drawings; records; inspections,Survey data; drawings; schedules; reports,Survey; Design; Construction,,DISCOVERY_SEED_REQUIRES_MODULE_VERIFICATION,2026-09-21,CBE-JTM-0517,cbe-job-tool-capability-register.csv
MMTR-0844,CBE_PROFESSIONAL_DOMAIN,D03,"Surveying, Property & Land",F05;F07;F14;F19;F22;F26;F27,D03,CBE-JP-076,Surveying technician,Survey / property / valuation / evidence,Topcon,Topcon MAGNET,Survey support; site data; measurements; drawings; records; inspections,Survey data; drawings; schedules; reports,Survey; Design; Construction,,DISCOVERY_SEED_REQUIRES_MODULE_VERIFICATION,2026-09-21,CBE-JTM-0518,cbe-job-tool-capability-register.csv
MMTR-0845,CBE_PROFESSIONAL_DOMAIN,D03,"Surveying, Property & Land",F05;F07;F14;F19;F22;F26;F27,D03,CBE-JP-076,Surveying technician,Survey / property / valuation / evidence,Autodesk,AutoCAD,Survey support; site data; measurements; drawings; records; inspections,Survey data; drawings; schedules; reports,Survey; Design; Construction,,DISCOVERY_SEED_REQUIRES_MODULE_VERIFICATION,2026-09-21,CBE-JTM-0519,cbe-job-tool-capability-register.csv
MMTR-0846,CBE_PROFESSIONAL_DOMAIN,D03,"Surveying, Property & Land",F05;F07;F14;F19;F22;F26;F27,D03,CBE-JP-076,Surveying technician,Survey / property / valuation / evidence,Esri,ArcGIS Field Maps,Survey support; site data; measurements; drawings; records; inspections,Survey data; drawings; schedules; reports,Survey; Design; Construction,,DISCOVERY_SEED_REQUIRES_MODULE_VERIFICATION,2026-09-21,CBE-JTM-0520,cbe-job-tool-capability-register.csv
MMTR-0847,CBE_PROFESSIONAL_DOMAIN,D09,Energy & Building Performance,F05;F12;F13;F22;F23;F26;F27,D09,CBE-JP-077,Thermal insulation engineer,Energy assessment / retrofit / field execution,RIB Software,RIB CostX,Take-off; materials; installation; quality checks; completion evidence,Work orders; material usage; inspection records; photos,Installation; Completion,,DISCOVERY_SEED_REQUIRES_MODULE_VERIFICATION,2026-09-21,CBE-JTM-0521,cbe-job-tool-capability-register.csv
MMTR-0848,CBE_PROFESSIONAL_DOMAIN,D09,Energy & Building Performance,F05;F12;F13;F22;F23;F26;F27,D09,CBE-JP-077,Thermal insulation engineer,Energy assessment / retrofit / field execution,Bluebeam,Bluebeam Revu,Take-off; materials; installation; quality checks; completion evidence,Work orders; material usage; inspection records; photos,Installation; Completion,https://www.bluebeam.com/revu/,WEB_ANCHOR_VERIFIED,2026-09-21,CBE-JTM-0522,cbe-job-tool-capability-register.csv
MMTR-0849,CBE_PROFESSIONAL_DOMAIN,D09,Energy & Building Performance,F05;F12;F13;F22;F23;F26;F27,D09,CBE-JP-077,Thermal insulation engineer,Energy assessment / retrofit / field execution,Procore,Procore,Take-off; materials; installation; quality checks; completion evidence,Work orders; material usage; inspection records; photos,Installation; Completion,https://www.procore.com/,WEB_ANCHOR_VERIFIED,2026-09-21,CBE-JTM-0523,cbe-job-tool-capability-register.csv
MMTR-0850,CBE_PROFESSIONAL_DOMAIN,D09,Energy & Building Performance,F05;F12;F13;F22;F23;F26;F27,D09,CBE-JP-077,Thermal insulation engineer,Energy assessment / retrofit / field execution,Autodesk,Autodesk Build,Take-off; materials; installation; quality checks; completion evidence,Work orders; material usage; inspection records; photos,Installation; Completion,https://construction.autodesk.com/products/autodesk-build/,WEB_ANCHOR_VERIFIED,2026-09-21,CBE-JTM-0524,cbe-job-tool-capability-register.csv
MMTR-0851,CBE_PROFESSIONAL_DOMAIN,D09,Energy & Building Performance,F05;F12;F13;F22;F23;F26;F27,D09,CBE-JP-077,Thermal insulation engineer,Energy assessment / retrofit / field execution,SafetyCulture,SafetyCulture,Take-off; materials; installation; quality checks; completion evidence,Work orders; material usage; inspection records; photos,Installation; Completion,,DISCOVERY_SEED_REQUIRES_MODULE_VERIFICATION,2026-09-21,CBE-JTM-0525,cbe-job-tool-capability-register.csv
MMTR-0852,CBE_PROFESSIONAL_DOMAIN,D09,Energy & Building Performance,F05;F12;F13;F22;F23;F26;F27,D09,CBE-JP-077,Thermal insulation engineer,Energy assessment / retrofit / field execution,Joblogic,Joblogic,Take-off; materials; installation; quality checks; completion evidence,Work orders; material usage; inspection records; photos,Installation; Completion,,DISCOVERY_SEED_REQUIRES_MODULE_VERIFICATION,2026-09-21,CBE-JTM-0526,cbe-job-tool-capability-register.csv
MMTR-0853,CBE_PROFESSIONAL_DOMAIN,D07,Building Trades,F09;F10;F12;F13;F23;F26;F27,D07,CBE-JP-078,Tiler,Trade field execution / estimating / evidence,Tradify,Tradify,Measure; estimate; layout; materials; installation; snagging,Quotes; work orders; material usage; photos,Finishes,,DISCOVERY_SEED_REQUIRES_MODULE_VERIFICATION,2026-09-21,CBE-JTM-0527,cbe-job-tool-capability-register.csv
MMTR-0854,CBE_PROFESSIONAL_DOMAIN,D07,Building Trades,F09;F10;F12;F13;F23;F26;F27,D07,CBE-JP-078,Tiler,Trade field execution / estimating / evidence,Fergus,Fergus,Measure; estimate; layout; materials; installation; snagging,Quotes; work orders; material usage; photos,Finishes,,DISCOVERY_SEED_REQUIRES_MODULE_VERIFICATION,2026-09-21,CBE-JTM-0528,cbe-job-tool-capability-register.csv
MMTR-0855,CBE_PROFESSIONAL_DOMAIN,D07,Building Trades,F09;F10;F12;F13;F23;F26;F27,D07,CBE-JP-078,Tiler,Trade field execution / estimating / evidence,ServiceM8,ServiceM8,Measure; estimate; layout; materials; installation; snagging,Quotes; work orders; material usage; photos,Finishes,,DISCOVERY_SEED_REQUIRES_MODULE_VERIFICATION,2026-09-21,CBE-JTM-0529,cbe-job-tool-capability-register.csv
MMTR-0856,CBE_PROFESSIONAL_DOMAIN,D07,Building Trades,F09;F10;F12;F13;F23;F26;F27,D07,CBE-JP-078,Tiler,Trade field execution / estimating / evidence,Jobber,Jobber,Measure; estimate; layout; materials; installation; snagging,Quotes; work orders; material usage; photos,Finishes,,DISCOVERY_SEED_REQUIRES_MODULE_VERIFICATION,2026-09-21,CBE-JTM-0530,cbe-job-tool-capability-register.csv
MMTR-0857,CBE_PROFESSIONAL_DOMAIN,D07,Building Trades,F09;F10;F12;F13;F23;F26;F27,D07,CBE-JP-078,Tiler,Trade field execution / estimating / evidence,BigChange,BigChange,Measure; estimate; layout; materials; installation; snagging,Quotes; work orders; material usage; photos,Finishes,,DISCOVERY_SEED_REQUIRES_MODULE_VERIFICATION,2026-09-21,CBE-JTM-0531,cbe-job-tool-capability-register.csv
MMTR-0858,CBE_PROFESSIONAL_DOMAIN,D07,Building Trades,F09;F10;F12;F13;F23;F26;F27,D07,CBE-JP-078,Tiler,Trade field execution / estimating / evidence,Measure Square,MeasureSquare,Measure; estimate; layout; materials; installation; snagging,Quotes; work orders; material usage; photos,Finishes,,DISCOVERY_SEED_REQUIRES_MODULE_VERIFICATION,2026-09-21,CBE-JTM-0532,cbe-job-tool-capability-register.csv
MMTR-0859,CBE_PROFESSIONAL_DOMAIN,D05,"Geospatial, Planning & Transport",F05;F17;F19;F22;F26;F27,D05,CBE-JP-079,Town planner,GIS / planning / modelling / case management,Idox,Idox Cloud,Planning cases; policy/constraints; consultations; site appraisal; reports; decisions tracking,Applications/cases; consultation records; reports; spatial data,Feasibility; Planning,https://www.idoxgroup.com/solutions/regulatory-services/idox-cloud/,WEB_ANCHOR_VERIFIED,2026-09-21,CBE-JTM-0533,cbe-job-tool-capability-register.csv
MMTR-0860,CBE_PROFESSIONAL_DOMAIN,D05,"Geospatial, Planning & Transport",F05;F17;F19;F22;F26;F27,D05,CBE-JP-079,Town planner,GIS / planning / modelling / case management,Idox,Idox Uniform,Planning cases; policy/constraints; consultations; site appraisal; reports; decisions tracking,Applications/cases; consultation records; reports; spatial data,Feasibility; Planning,https://www.idoxgroup.com/solutions/regulatory-services/,WEB_ANCHOR_VERIFIED,2026-09-21,CBE-JTM-0534,cbe-job-tool-capability-register.csv
MMTR-0861,CBE_PROFESSIONAL_DOMAIN,D05,"Geospatial, Planning & Transport",F05;F17;F19;F22;F26;F27,D05,CBE-JP-079,Town planner,GIS / planning / modelling / case management,Esri,ArcGIS Urban,Planning cases; policy/constraints; consultations; site appraisal; reports; decisions tracking,Applications/cases; consultation records; reports; spatial data,Feasibility; Planning,,DISCOVERY_SEED_REQUIRES_MODULE_VERIFICATION,2026-09-21,CBE-JTM-0535,cbe-job-tool-capability-register.csv
MMTR-0862,CBE_PROFESSIONAL_DOMAIN,D05,"Geospatial, Planning & Transport",F05;F17;F19;F22;F26;F27,D05,CBE-JP-079,Town planner,GIS / planning / modelling / case management,Esri,Esri ArcGIS Pro,Planning cases; policy/constraints; consultations; site appraisal; reports; decisions tracking,Applications/cases; consultation records; reports; spatial data,Feasibility; Planning,,DISCOVERY_SEED_REQUIRES_MODULE_VERIFICATION,2026-09-21,CBE-JTM-0536,cbe-job-tool-capability-register.csv
MMTR-0863,CBE_PROFESSIONAL_DOMAIN,D05,"Geospatial, Planning & Transport",F05;F17;F19;F22;F26;F27,D05,CBE-JP-079,Town planner,GIS / planning / modelling / case management,LandTech,LandTech,Planning cases; policy/constraints; consultations; site appraisal; reports; decisions tracking,Applications/cases; consultation records; reports; spatial data,Feasibility; Planning,,DISCOVERY_SEED_REQUIRES_MODULE_VERIFICATION,2026-09-21,CBE-JTM-0537,cbe-job-tool-capability-register.csv
MMTR-0864,CBE_PROFESSIONAL_DOMAIN,D05,"Geospatial, Planning & Transport",F05;F17;F19;F22;F26;F27,D05,CBE-JP-079,Town planner,GIS / planning / modelling / case management,,PlanX,Planning cases; policy/constraints; consultations; site appraisal; reports; decisions tracking,Applications/cases; consultation records; reports; spatial data,Feasibility; Planning,,DISCOVERY_SEED_REQUIRES_MODULE_VERIFICATION,2026-09-21,CBE-JTM-0538,cbe-job-tool-capability-register.csv
MMTR-0865,CBE_PROFESSIONAL_DOMAIN,D05,"Geospatial, Planning & Transport",F05;F17;F19;F22;F26;F27,D05,CBE-JP-079,Town planner,GIS / planning / modelling / case management,Microsoft,Microsoft Power BI,Planning cases; policy/constraints; consultations; site appraisal; reports; decisions tracking,Applications/cases; consultation records; reports; spatial data,Feasibility; Planning,,DISCOVERY_SEED_REQUIRES_MODULE_VERIFICATION,2026-09-21,CBE-JTM-0539,cbe-job-tool-capability-register.csv
MMTR-0866,CBE_PROFESSIONAL_DOMAIN,D05,"Geospatial, Planning & Transport",F05;F17;F19;F22;F26;F27,D05,CBE-JP-080,Town planning assistant,GIS / planning / modelling / case management,Idox,Idox Cloud,Application processing; data gathering; plans; consultations; case administration,Case records; plans; consultation records,Planning,https://www.idoxgroup.com/solutions/regulatory-services/idox-cloud/,WEB_ANCHOR_VERIFIED,2026-09-21,CBE-JTM-0540,cbe-job-tool-capability-register.csv
MMTR-0867,CBE_PROFESSIONAL_DOMAIN,D05,"Geospatial, Planning & Transport",F05;F17;F19;F22;F26;F27,D05,CBE-JP-080,Town planning assistant,GIS / planning / modelling / case management,Idox,Idox Uniform,Application processing; data gathering; plans; consultations; case administration,Case records; plans; consultation records,Planning,https://www.idoxgroup.com/solutions/regulatory-services/,WEB_ANCHOR_VERIFIED,2026-09-21,CBE-JTM-0541,cbe-job-tool-capability-register.csv
MMTR-0868,CBE_PROFESSIONAL_DOMAIN,D05,"Geospatial, Planning & Transport",F05;F17;F19;F22;F26;F27,D05,CBE-JP-080,Town planning assistant,GIS / planning / modelling / case management,Esri,Esri ArcGIS Pro,Application processing; data gathering; plans; consultations; case administration,Case records; plans; consultation records,Planning,,DISCOVERY_SEED_REQUIRES_MODULE_VERIFICATION,2026-09-21,CBE-JTM-0542,cbe-job-tool-capability-register.csv
MMTR-0869,CBE_PROFESSIONAL_DOMAIN,D05,"Geospatial, Planning & Transport",F05;F17;F19;F22;F26;F27,D05,CBE-JP-080,Town planning assistant,GIS / planning / modelling / case management,Esri,ArcGIS Online,Application processing; data gathering; plans; consultations; case administration,Case records; plans; consultation records,Planning,,DISCOVERY_SEED_REQUIRES_MODULE_VERIFICATION,2026-09-21,CBE-JTM-0543,cbe-job-tool-capability-register.csv
MMTR-0870,CBE_PROFESSIONAL_DOMAIN,D05,"Geospatial, Planning & Transport",F05;F17;F19;F22;F26;F27,D05,CBE-JP-080,Town planning assistant,GIS / planning / modelling / case management,LandTech,LandTech,Application processing; data gathering; plans; consultations; case administration,Case records; plans; consultation records,Planning,,DISCOVERY_SEED_REQUIRES_MODULE_VERIFICATION,2026-09-21,CBE-JTM-0544,cbe-job-tool-capability-register.csv
MMTR-0871,CBE_PROFESSIONAL_DOMAIN,D05,"Geospatial, Planning & Transport",F05;F17;F19;F22;F26;F27,D05,CBE-JP-080,Town planning assistant,GIS / planning / modelling / case management,Microsoft,Microsoft Power BI,Application processing; data gathering; plans; consultations; case administration,Case records; plans; consultation records,Planning,,DISCOVERY_SEED_REQUIRES_MODULE_VERIFICATION,2026-09-21,CBE-JTM-0545,cbe-job-tool-capability-register.csv
MMTR-0872,CBE_PROFESSIONAL_DOMAIN,D05,"Geospatial, Planning & Transport",F05;F17;F19;F22;F26;F27,D05,CBE-JP-081,Transport planner,GIS / planning / modelling / case management,PTV Group,PTV Visum,Demand/network analysis; options; modelling; consultation; reports; programme interfaces,Models; datasets; option reports; plans,Feasibility; Planning; Design,https://www.ptvgroup.com/en/products/ptv-visum,WEB_ANCHOR_VERIFIED,2026-09-21,CBE-JTM-0546,cbe-job-tool-capability-register.csv
MMTR-0873,CBE_PROFESSIONAL_DOMAIN,D05,"Geospatial, Planning & Transport",F05;F17;F19;F22;F26;F27,D05,CBE-JP-081,Transport planner,GIS / planning / modelling / case management,Aimsun,Aimsun Next 26,Demand/network analysis; options; modelling; consultation; reports; programme interfaces,Models; datasets; option reports; plans,Feasibility; Planning; Design,https://www.aimsun.com/aimsun-next-transport-modelling-software/,WEB_ANCHOR_VERIFIED,2026-09-21,CBE-JTM-0547,cbe-job-tool-capability-register.csv
MMTR-0874,CBE_PROFESSIONAL_DOMAIN,D05,"Geospatial, Planning & Transport",F05;F17;F19;F22;F26;F27,D05,CBE-JP-081,Transport planner,GIS / planning / modelling / case management,Bentley Systems,Bentley CUBE,Demand/network analysis; options; modelling; consultation; reports; programme interfaces,Models; datasets; option reports; plans,Feasibility; Planning; Design,,DISCOVERY_SEED_REQUIRES_MODULE_VERIFICATION,2026-09-21,CBE-JTM-0548,cbe-job-tool-capability-register.csv
MMTR-0875,CBE_PROFESSIONAL_DOMAIN,D05,"Geospatial, Planning & Transport",F05;F17;F19;F22;F26;F27,D05,CBE-JP-081,Transport planner,GIS / planning / modelling / case management,PTV Group,PTV Vissim,Demand/network analysis; options; modelling; consultation; reports; programme interfaces,Models; datasets; option reports; plans,Feasibility; Planning; Design,,DISCOVERY_SEED_REQUIRES_MODULE_VERIFICATION,2026-09-21,CBE-JTM-0549,cbe-job-tool-capability-register.csv
MMTR-0876,CBE_PROFESSIONAL_DOMAIN,D05,"Geospatial, Planning & Transport",F05;F17;F19;F22;F26;F27,D05,CBE-JP-081,Transport planner,GIS / planning / modelling / case management,Atkins / SATURN,SATURN,Demand/network analysis; options; modelling; consultation; reports; programme interfaces,Models; datasets; option reports; plans,Feasibility; Planning; Design,,DISCOVERY_SEED_REQUIRES_MODULE_VERIFICATION,2026-09-21,CBE-JTM-0550,cbe-job-tool-capability-register.csv
MMTR-0877,CBE_PROFESSIONAL_DOMAIN,D05,"Geospatial, Planning & Transport",F05;F17;F19;F22;F26;F27,D05,CBE-JP-081,Transport planner,GIS / planning / modelling / case management,Esri,Esri ArcGIS Pro,Demand/network analysis; options; modelling; consultation; reports; programme interfaces,Models; datasets; option reports; plans,Feasibility; Planning; Design,,DISCOVERY_SEED_REQUIRES_MODULE_VERIFICATION,2026-09-21,CBE-JTM-0551,cbe-job-tool-capability-register.csv
MMTR-0878,CBE_PROFESSIONAL_DOMAIN,D12,Utilities & Networks,F09;F10;F12;F13;F22;F23;F26;F27,D12,CBE-JP-082,Water network operative,Utilities / network / field operations,Esri,Esri ArcGIS Utility Network,Work orders; network asset location; repairs; leakage; tests; reinstatement; as-builts,Job packs; network records; test results; as-builts,Infrastructure construction; Maintenance,,DISCOVERY_SEED_REQUIRES_MODULE_VERIFICATION,2026-09-21,CBE-JTM-0552,cbe-job-tool-capability-register.csv
MMTR-0879,CBE_PROFESSIONAL_DOMAIN,D12,Utilities & Networks,F09;F10;F12;F13;F22;F23;F26;F27,D12,CBE-JP-082,Water network operative,Utilities / network / field operations,Bentley Systems,Bentley OpenUtilities,Work orders; network asset location; repairs; leakage; tests; reinstatement; as-builts,Job packs; network records; test results; as-builts,Infrastructure construction; Maintenance,,DISCOVERY_SEED_REQUIRES_MODULE_VERIFICATION,2026-09-21,CBE-JTM-0553,cbe-job-tool-capability-register.csv
MMTR-0880,CBE_PROFESSIONAL_DOMAIN,D12,Utilities & Networks,F09;F10;F12;F13;F22;F23;F26;F27,D12,CBE-JP-082,Water network operative,Utilities / network / field operations,Trimble,Cityworks,Work orders; network asset location; repairs; leakage; tests; reinstatement; as-builts,Job packs; network records; test results; as-builts,Infrastructure construction; Maintenance,,DISCOVERY_SEED_REQUIRES_MODULE_VERIFICATION,2026-09-21,CBE-JTM-0554,cbe-job-tool-capability-register.csv
MMTR-0881,CBE_PROFESSIONAL_DOMAIN,D12,Utilities & Networks,F09;F10;F12;F13;F22;F23;F26;F27,D12,CBE-JP-082,Water network operative,Utilities / network / field operations,IBM,IBM Maximo Application Suite,Work orders; network asset location; repairs; leakage; tests; reinstatement; as-builts,Job packs; network records; test results; as-builts,Infrastructure construction; Maintenance,,DISCOVERY_SEED_REQUIRES_MODULE_VERIFICATION,2026-09-21,CBE-JTM-0555,cbe-job-tool-capability-register.csv
MMTR-0882,CBE_PROFESSIONAL_DOMAIN,D12,Utilities & Networks,F09;F10;F12;F13;F22;F23;F26;F27,D12,CBE-JP-082,Water network operative,Utilities / network / field operations,Esri,ArcGIS Field Maps,Work orders; network asset location; repairs; leakage; tests; reinstatement; as-builts,Job packs; network records; test results; as-builts,Infrastructure construction; Maintenance,,DISCOVERY_SEED_REQUIRES_MODULE_VERIFICATION,2026-09-21,CBE-JTM-0556,cbe-job-tool-capability-register.csv
MMTR-0883,CBE_PROFESSIONAL_DOMAIN,D12,Utilities & Networks,F09;F10;F12;F13;F22;F23;F26;F27,D12,CBE-JP-082,Water network operative,Utilities / network / field operations,Trimble,Trimble Siteworks,Work orders; network asset location; repairs; leakage; tests; reinstatement; as-builts,Job packs; network records; test results; as-builts,Infrastructure construction; Maintenance,,DISCOVERY_SEED_REQUIRES_MODULE_VERIFICATION,2026-09-21,CBE-JTM-0557,cbe-job-tool-capability-register.csv
MMTR-0884,CBE_PROFESSIONAL_DOMAIN,D12,Utilities & Networks,F09;F10;F12;F13;F22;F23;F26;F27,D12,CBE-JP-082,Water network operative,Utilities / network / field operations,SafetyCulture,SafetyCulture,Work orders; network asset location; repairs; leakage; tests; reinstatement; as-builts,Job packs; network records; test results; as-builts,Infrastructure construction; Maintenance,,DISCOVERY_SEED_REQUIRES_MODULE_VERIFICATION,2026-09-21,CBE-JTM-0558,cbe-job-tool-capability-register.csv
MMTR-0885,CBE_PROFESSIONAL_DOMAIN,D14,Supply Chain & Manufacturing,F07;F09;F10;F11;F13;F14;F26;F27,D14,CBE-JP-083,Welder,Supply / fabrication / manufacturing,Kemppi,WeldEye,Work packs; weld procedures/references; material traceability; weld logs; inspections; repairs,Weld logs; material records; inspection/NDT references; work orders,Fabrication; Construction,,DISCOVERY_SEED_REQUIRES_MODULE_VERIFICATION,2026-09-21,CBE-JTM-0559,cbe-job-tool-capability-register.csv
MMTR-0886,CBE_PROFESSIONAL_DOMAIN,D14,Supply Chain & Manufacturing,F07;F09;F10;F11;F13;F14;F26;F27,D14,CBE-JP-083,Welder,Supply / fabrication / manufacturing,WeldTrace,WeldTrace,Work packs; weld procedures/references; material traceability; weld logs; inspections; repairs,Weld logs; material records; inspection/NDT references; work orders,Fabrication; Construction,,DISCOVERY_SEED_REQUIRES_MODULE_VERIFICATION,2026-09-21,CBE-JTM-0560,cbe-job-tool-capability-register.csv
MMTR-0887,CBE_PROFESSIONAL_DOMAIN,D14,Supply Chain & Manufacturing,F07;F09;F10;F11;F13;F14;F26;F27,D14,CBE-JP-083,Welder,Supply / fabrication / manufacturing,Fronius,Fronius WeldCube,Work packs; weld procedures/references; material traceability; weld logs; inspections; repairs,Weld logs; material records; inspection/NDT references; work orders,Fabrication; Construction,,DISCOVERY_SEED_REQUIRES_MODULE_VERIFICATION,2026-09-21,CBE-JTM-0561,cbe-job-tool-capability-register.csv
MMTR-0888,CBE_PROFESSIONAL_DOMAIN,D14,Supply Chain & Manufacturing,F07;F09;F10;F11;F13;F14;F26;F27,D14,CBE-JP-083,Welder,Supply / fabrication / manufacturing,Trimble,Tekla PowerFab,Work packs; weld procedures/references; material traceability; weld logs; inspections; repairs,Weld logs; material records; inspection/NDT references; work orders,Fabrication; Construction,https://www.tekla.com/products/tekla-powerfab,WEB_ANCHOR_VERIFIED,2026-09-21,CBE-JTM-0562,cbe-job-tool-capability-register.csv
MMTR-0889,CBE_PROFESSIONAL_DOMAIN,D14,Supply Chain & Manufacturing,F07;F09;F10;F11;F13;F14;F26;F27,D14,CBE-JP-083,Welder,Supply / fabrication / manufacturing,EWM,EWM Xnet,Work packs; weld procedures/references; material traceability; weld logs; inspections; repairs,Weld logs; material records; inspection/NDT references; work orders,Fabrication; Construction,,DISCOVERY_SEED_REQUIRES_MODULE_VERIFICATION,2026-09-21,CBE-JTM-0563,cbe-job-tool-capability-register.csv
MMTR-0890,CBE_PROFESSIONAL_DOMAIN,D14,Supply Chain & Manufacturing,F07;F09;F10;F11;F13;F14;F26;F27,D14,CBE-JP-083,Welder,Supply / fabrication / manufacturing,SafetyCulture,SafetyCulture,Work packs; weld procedures/references; material traceability; weld logs; inspections; repairs,Weld logs; material records; inspection/NDT references; work orders,Fabrication; Construction,,DISCOVERY_SEED_REQUIRES_MODULE_VERIFICATION,2026-09-21,CBE-JTM-0564,cbe-job-tool-capability-register.csv
MMTR-0891,CBE_PROFESSIONAL_DOMAIN,D14,Supply Chain & Manufacturing,F07;F09;F10;F11;F13;F14;F26;F27,D14,CBE-JP-084,Wood machinist,Supply / fabrication / manufacturing,Hexagon,Hexagon Cabinet Vision,Cut lists; machine jobs; BOM/material stock; quality; production output,Cut lists; work orders; material records; QC records,Manufacture,,DISCOVERY_SEED_REQUIRES_MODULE_VERIFICATION,2026-09-21,CBE-JTM-0565,cbe-job-tool-capability-register.csv
MMTR-0892,CBE_PROFESSIONAL_DOMAIN,D14,Supply Chain & Manufacturing,F07;F09;F10;F11;F13;F14;F26;F27,D14,CBE-JP-084,Wood machinist,Supply / fabrication / manufacturing,Microvellum,Microvellum,Cut lists; machine jobs; BOM/material stock; quality; production output,Cut lists; work orders; material records; QC records,Manufacture,,DISCOVERY_SEED_REQUIRES_MODULE_VERIFICATION,2026-09-21,CBE-JTM-0566,cbe-job-tool-capability-register.csv
MMTR-0893,CBE_PROFESSIONAL_DOMAIN,D14,Supply Chain & Manufacturing,F07;F09;F10;F11;F13;F14;F26;F27,D14,CBE-JP-084,Wood machinist,Supply / fabrication / manufacturing,HOMAG,HOMAG woodWOP,Cut lists; machine jobs; BOM/material stock; quality; production output,Cut lists; work orders; material records; QC records,Manufacture,,DISCOVERY_SEED_REQUIRES_MODULE_VERIFICATION,2026-09-21,CBE-JTM-0567,cbe-job-tool-capability-register.csv
MMTR-0894,CBE_PROFESSIONAL_DOMAIN,D14,Supply Chain & Manufacturing,F07;F09;F10;F11;F13;F14;F26;F27,D14,CBE-JP-084,Wood machinist,Supply / fabrication / manufacturing,Hexagon,ALPHACAM,Cut lists; machine jobs; BOM/material stock; quality; production output,Cut lists; work orders; material records; QC records,Manufacture,,DISCOVERY_SEED_REQUIRES_MODULE_VERIFICATION,2026-09-21,CBE-JTM-0568,cbe-job-tool-capability-register.csv
MMTR-0895,CBE_PROFESSIONAL_DOMAIN,D14,Supply Chain & Manufacturing,F07;F09;F10;F11;F13;F14;F26;F27,D14,CBE-JP-084,Wood machinist,Supply / fabrication / manufacturing,Autodesk,Autodesk Fusion,Cut lists; machine jobs; BOM/material stock; quality; production output,Cut lists; work orders; material records; QC records,Manufacture,,DISCOVERY_SEED_REQUIRES_MODULE_VERIFICATION,2026-09-21,CBE-JTM-0569,cbe-job-tool-capability-register.csv
MMTR-0896,CBE_PROFESSIONAL_DOMAIN,D14,Supply Chain & Manufacturing,F07;F09;F10;F11;F13;F14;F26;F27,D14,CBE-JP-084,Wood machinist,Supply / fabrication / manufacturing,Cyncly,Cyncly 3CAD,Cut lists; machine jobs; BOM/material stock; quality; production output,Cut lists; work orders; material records; QC records,Manufacture,,DISCOVERY_SEED_REQUIRES_MODULE_VERIFICATION,2026-09-21,CBE-JTM-0570,cbe-job-tool-capability-register.csv
